InicioUtcMs,FinUtcMsExclusivo,Open,High,Low,Close,Volume,MinutosEsperados,MinutosRecibidos,EsParcial
1640995200000,1641002400000,46216.93000000,46949.99000000,46208.37000000,46778.14000000,2447.14634000,120,120,False
1641002400000,1641009600000,46778.14000000,46928.94000000,46721.96000000,46813.20000000,1048.05831000,120,120,False
1641009600000,1641016800000,46813.21000000,47555.55000000,46591.23000000,47192.55000000,2262.62031000,120,120,False
1641016800000,1641024000000,47192.56000000,47324.42000000,46864.84000000,47194.73000000,1260.17857000,120,120,False
1641024000000,1641031200000,47194.73000000,47344.69000000,46933.58000000,47143.98000000,1073.77258000,120,120,False
1641031200000,1641038400000,47143.98000000,47298.75000000,46715.39000000,46758.87000000,1655.90553000,120,120,False
1641038400000,1641045600000,46758.87000000,47199.67000000,46756.30000000,47023.24000000,1036.29421000,120,120,False
1641045600000,1641052800000,47023.24000000,47491.14000000,46850.18000000,47219.04000000,2019.61525000,120,120,False
1641052800000,1641060000000,47219.04000000,47954.63000000,47186.07000000,47754.48000000,2370.24496000,120,120,False
1641060000000,1641067200000,47754.47000000,47844.97000000,47292.72000000,47329.78000000,1691.43185000,120,120,False
1641067200000,1641074400000,47329.79000000,47573.05000000,47250.18000000,47319.67000000,1526.42719000,120,120,False
1641074400000,1641081600000,47319.66000000,47814.00000000,47222.22000000,47722.65000000,1212.76815000,120,120,False
1641081600000,1641088800000,47722.66000000,47750.00000000,47315.38000000,47377.97000000,1548.26177000,120,120,False
1641088800000,1641096000000,47377.97000000,47467.11000000,47269.47000000,47329.47000000,839.64547000,120,120,False
1641096000000,1641103200000,47329.47000000,47415.73000000,46770.23000000,47081.28000000,1945.89197000,120,120,False
1641103200000,1641110400000,47081.28000000,47300.00000000,47011.24000000,47173.45000000,1072.57630000,120,120,False
1641110400000,1641117600000,47173.44000000,47499.45000000,46970.05000000,47273.24000000,1370.72971000,120,120,False
1641117600000,1641124800000,47273.23000000,47400.00000000,47140.30000000,47235.50000000,749.11894000,120,120,False
1641124800000,1641132000000,47238.89000000,47447.00000000,47013.50000000,47137.35000000,1378.49894000,120,120,False
1641132000000,1641139200000,47137.35000000,47390.00000000,47020.00000000,47340.47000000,1401.82980000,120,120,False
1641139200000,1641146400000,47340.47000000,47990.00000000,47273.64000000,47401.14000000,2808.16187000,120,120,False
1641146400000,1641153600000,47401.14000000,47401.14000000,46654.00000000,46907.68000000,2789.72406000,120,120,False
1641153600000,1641160800000,46907.67000000,47187.98000000,46815.17000000,47018.03000000,1002.81825000,120,120,False
1641160800000,1641168000000,47017.98000000,47469.34000000,47014.84000000,47286.18000000,1433.20332000,120,120,False
1641168000000,1641175200000,47286.18000000,47289.11000000,46950.00000000,47116.71000000,1362.17374000,120,120,False
1641175200000,1641182400000,47116.22000000,47116.71000000,46722.39000000,46793.26000000,1632.14568000,120,120,False
1641182400000,1641189600000,46793.27000000,47211.09000000,46750.00000000,47078.64000000,1607.12048000,120,120,False
1641189600000,1641196800000,47078.64000000,47100.00000000,46852.38000000,47051.37000000,1231.85655000,120,120,False
1641196800000,1641204000000,47051.36000000,47135.97000000,46778.00000000,46984.55000000,1671.71231000,120,120,False
1641204000000,1641211200000,46984.56000000,47431.67000000,46981.84000000,47378.00000000,2590.67842000,120,120,False
1641211200000,1641218400000,47378.00000000,47570.00000000,47127.51000000,47153.50000000,1997.47328000,120,120,False
1641218400000,1641225600000,47153.50000000,47285.39000000,46575.25000000,46693.45000000,3466.24723000,120,120,False
1641225600000,1641232800000,46693.44000000,46790.00000000,46263.29000000,46577.15000000,4537.50529000,120,120,False
1641232800000,1641240000000,46577.16000000,46740.96000000,46360.00000000,46360.01000000,1323.95660000,120,120,False
1641240000000,1641247200000,46360.01000000,46413.47000000,45696.00000000,45979.01000000,4183.17128000,120,120,False
1641247200000,1641254400000,45979.01000000,46576.94000000,45961.59000000,46446.10000000,2058.03624000,120,120,False
1641254400000,1641261600000,46446.10000000,46549.19000000,46040.79000000,46054.99000000,1827.40763000,120,120,False
1641261600000,1641268800000,46054.99000000,46383.77000000,45934.50000000,46313.97000000,1777.35504000,120,120,False
1641268800000,1641276000000,46313.96000000,46411.12000000,45996.26000000,46151.66000000,2940.26059000,120,120,False
1641276000000,1641283200000,46148.23000000,46600.21000000,46058.51000000,46550.00000000,2794.09113000,120,120,False
1641283200000,1641290400000,46549.99000000,46682.06000000,46300.00000000,46356.21000000,2172.49865000,120,120,False
1641290400000,1641297600000,46356.21000000,46772.41000000,46300.00000000,46733.77000000,2514.03355000,120,120,False
1641297600000,1641304800000,46733.78000000,47069.01000000,46410.00000000,46955.22000000,2409.20070000,120,120,False
1641304800000,1641312000000,46955.22000000,47557.54000000,46805.54000000,46925.35000000,5656.70264000,120,120,False
1641312000000,1641319200000,46925.34000000,46984.99000000,46522.91000000,46555.01000000,2557.25000000,120,120,False
1641319200000,1641326400000,46555.00000000,46719.78000000,45500.00000000,46052.36000000,7298.20649000,120,120,False
1641326400000,1641333600000,46052.35000000,46428.27000000,45957.52000000,46221.89000000,1824.83913000,120,120,False
1641333600000,1641340800000,46221.89000000,46262.39000000,45760.05000000,45832.01000000,1719.56805000,120,120,False
1641340800000,1641348000000,45832.01000000,46333.22000000,45722.21000000,46111.50000000,1733.00546000,120,120,False
1641348000000,1641355200000,46111.50000000,46549.00000000,46111.50000000,46422.55000000,1301.63523000,120,120,False
1641355200000,1641362400000,46422.56000000,46527.39000000,46246.01000000,46302.80000000,1003.36334000,120,120,False
1641362400000,1641369600000,46302.79000000,46490.20000000,46251.10000000,46407.51000000,1181.67098000,120,120,False
1641369600000,1641376800000,46407.50000000,46949.00000000,46250.49000000,46858.94000000,2498.09281000,120,120,False
1641376800000,1641384000000,46858.93000000,47070.00000000,46110.00000000,46270.99000000,3125.71246000,120,120,False
1641384000000,1641391200000,46271.00000000,46466.66000000,45803.67000000,46440.01000000,2903.88120000,120,120,False
1641391200000,1641398400000,46440.00000000,46822.17000000,46150.35000000,46622.53000000,3152.38137000,120,120,False
1641398400000,1641405600000,46622.53000000,46674.37000000,46001.00000000,46010.72000000,2206.59304000,120,120,False
1641405600000,1641412800000,46010.72000000,46365.68000000,44500.00000000,44685.93000000,11052.16630000,120,120,False
1641412800000,1641420000000,44685.93000000,44847.99000000,43422.54000000,43606.37000000,11899.01071000,120,120,False
1641420000000,1641427200000,43602.49000000,43815.20000000,42500.00000000,43451.13000000,9726.60567000,120,120,False
1641427200000,1641434400000,43451.14000000,43816.00000000,43261.62000000,43542.69000000,4129.41355000,120,120,False
1641434400000,1641441600000,43542.69000000,43618.34000000,42803.37000000,42835.00000000,3777.88268000,120,120,False
1641441600000,1641448800000,42835.00000000,43246.37000000,42600.05000000,43050.01000000,4706.43033000,120,120,False
1641448800000,1641456000000,43050.00000000,43275.80000000,42902.65000000,43245.25000000,2441.96058000,120,120,False
1641456000000,1641463200000,43245.26000000,43273.87000000,42430.58000000,42597.87000000,4435.20027000,120,120,False
1641463200000,1641470400000,42597.87000000,42974.21000000,42568.22000000,42878.34000000,3316.59393000,120,120,False
1641470400000,1641477600000,42878.33000000,43200.00000000,42632.44000000,43150.01000000,3528.47733000,120,120,False
1641477600000,1641484800000,43150.00000000,43267.09000000,42666.00000000,42950.01000000,3885.75862000,120,120,False
1641484800000,1641492000000,42950.02000000,43175.66000000,42725.09000000,43005.29000000,2902.56303000,120,120,False
1641492000000,1641499200000,43005.30000000,43508.78000000,42982.05000000,43438.10000000,2597.96865000,120,120,False
1641499200000,1641506400000,43438.11000000,43581.30000000,43066.04000000,43120.64000000,2072.23369000,120,120,False
1641506400000,1641513600000,43120.63000000,43241.41000000,43007.81000000,43082.31000000,1085.89039000,120,120,False
1641513600000,1641520800000,43082.30000000,43145.83000000,42738.00000000,43008.90000000,2088.61499000,120,120,False
1641520800000,1641528000000,43008.90000000,43030.00000000,41577.77000000,41803.11000000,7021.74784000,120,120,False
1641528000000,1641535200000,41803.11000000,41950.00000000,41000.00000000,41851.33000000,8622.33278000,120,120,False
1641535200000,1641542400000,41851.33000000,41853.19000000,41206.90000000,41706.71000000,4200.17162000,120,120,False
1641542400000,1641549600000,41706.71000000,42883.47000000,41607.50000000,42422.56000000,5311.91926000,120,120,False
1641549600000,1641556800000,42422.57000000,42533.43000000,42161.00000000,42258.62000000,2315.29058000,120,120,False
1641556800000,1641564000000,42258.62000000,42766.17000000,41200.00000000,41489.22000000,6112.20872000,120,120,False
1641564000000,1641571200000,41489.19000000,42132.98000000,40610.00000000,41319.11000000,7833.83765000,120,120,False
1641571200000,1641578400000,41310.85000000,42315.85000000,40917.66000000,41993.48000000,6096.59660000,120,120,False
1641578400000,1641585600000,41993.68000000,42000.00000000,41516.00000000,41775.38000000,1774.14611000,120,120,False
1641585600000,1641592800000,41775.38000000,42054.00000000,41597.15000000,41875.01000000,1705.88525000,120,120,False
1641592800000,1641600000000,41875.00000000,41879.42000000,41336.82000000,41566.48000000,1753.75678000,120,120,False
1641600000000,1641607200000,41566.48000000,42246.37000000,41558.00000000,41883.41000000,2412.81142000,120,120,False
1641607200000,1641614400000,41883.42000000,41944.44000000,41641.27000000,41810.91000000,1133.43376000,120,120,False
1641614400000,1641621600000,41810.92000000,41999.99000000,41760.00000000,41971.70000000,988.71071000,120,120,False
1641621600000,1641628800000,41971.70000000,41994.66000000,41739.00000000,41913.58000000,1146.77942000,120,120,False
1641628800000,1641636000000,41913.59000000,42187.20000000,41882.19000000,42163.71000000,1807.50937000,120,120,False
1641636000000,1641643200000,42163.71000000,42200.00000000,41767.16000000,41940.22000000,1513.79255000,120,120,False
1641643200000,1641650400000,41940.22000000,42063.23000000,41610.00000000,41905.00000000,1748.95492000,120,120,False
1641650400000,1641657600000,41904.99000000,41997.71000000,41400.00000000,41613.33000000,2422.22393000,120,120,False
1641657600000,1641664800000,41609.60000000,41740.53000000,40801.00000000,40842.12000000,5131.31689000,120,120,False
1641664800000,1641672000000,40842.11000000,41314.11000000,40501.00000000,40831.07000000,7418.42915000,120,120,False
1641672000000,1641679200000,40831.06000000,42061.32000000,40720.00000000,41769.03000000,4227.09648000,120,120,False
1641679200000,1641686400000,41769.03000000,42300.00000000,41656.02000000,41679.74000000,3001.67251000,120,120,False
1641686400000,1641693600000,41679.74000000,41924.57000000,41388.13000000,41809.67000000,2369.47902000,120,120,False
1641693600000,1641700800000,41809.66000000,42170.11000000,41775.90000000,41833.89000000,1886.25056000,120,120,False
1641700800000,1641708000000,41833.90000000,42103.31000000,41715.44000000,41765.90000000,1478.69489000,120,120,False
1641708000000,1641715200000,41765.89000000,41948.40000000,41681.17000000,41791.51000000,982.07631000,120,120,False
1641715200000,1641722400000,41791.50000000,41949.99000000,41470.34000000,41510.01000000,1648.14065000,120,120,False
1641722400000,1641729600000,41510.00000000,41990.00000000,41410.00000000,41857.62000000,1489.34060000,120,120,False
1641729600000,1641736800000,41857.62000000,41923.39000000,41469.48000000,41470.00000000,1476.89053000,120,120,False
1641736800000,1641744000000,41470.00000000,41743.26000000,41200.02000000,41621.11000000,1890.93770000,120,120,False
1641744000000,1641751200000,41621.11000000,42200.00000000,41556.49000000,42094.59000000,2523.42044000,120,120,False
1641751200000,1641758400000,42094.48000000,42740.00000000,41861.94000000,42695.26000000,3279.23043000,120,120,False
1641758400000,1641765600000,42695.27000000,42786.70000000,42286.67000000,42300.00000000,1725.69026000,120,120,False
1641765600000,1641772800000,42300.01000000,42497.26000000,41766.43000000,41864.62000000,1974.24287000,120,120,False
1641772800000,1641780000000,41864.62000000,42037.05000000,41601.00000000,41815.32000000,1740.12877000,120,120,False
1641780000000,1641787200000,41815.32000000,41997.90000000,41711.95000000,41967.59000000,1349.94755000,120,120,False
1641787200000,1641794400000,41967.59000000,42248.50000000,41925.61000000,42031.29000000,1668.62444000,120,120,False
1641794400000,1641801600000,42031.30000000,42149.31000000,41811.70000000,42042.38000000,1547.46076000,120,120,False
1641801600000,1641808800000,42042.38000000,42116.61000000,41710.96000000,41796.01000000,1707.42485000,120,120,False
1641808800000,1641816000000,41796.01000000,41986.00000000,41455.00000000,41565.34000000,2384.76926000,120,120,False
1641816000000,1641823200000,41565.33000000,41616.72000000,40716.00000000,40774.00000000,5902.02569000,120,120,False
1641823200000,1641830400000,40774.01000000,41275.92000000,39650.00000000,40984.33000000,16758.36796000,120,120,False
1641830400000,1641837600000,40984.34000000,42121.63000000,40564.89000000,41184.45000000,10482.83215000,120,120,False
1641837600000,1641844800000,41184.44000000,41723.87000000,41118.36000000,41297.15000000,3174.59573000,120,120,False
1641844800000,1641852000000,41297.15000000,41985.00000000,41158.99000000,41714.13000000,2610.82314000,120,120,False
1641852000000,1641859200000,41714.14000000,41892.87000000,41500.00000000,41822.49000000,1402.16989000,120,120,False
1641859200000,1641866400000,41822.49000000,42062.91000000,41544.64000000,41928.82000000,2110.69873000,120,120,False
1641866400000,1641873600000,41928.82000000,42400.01000000,41818.18000000,42277.98000000,2823.44846000,120,120,False
1641873600000,1641880800000,42277.99000000,42387.78000000,42021.71000000,42110.00000000,2068.15004000,120,120,False
1641880800000,1641888000000,42110.00000000,42280.00000000,41971.37000000,42211.05000000,1814.98064000,120,120,False
1641888000000,1641895200000,42212.21000000,42627.66000000,41843.13000000,41984.80000000,3256.63012000,120,120,False
1641895200000,1641902400000,41984.79000000,42066.61000000,41575.00000000,41809.99000000,2816.00194000,120,120,False
1641902400000,1641909600000,41809.99000000,41956.45000000,41586.03000000,41701.52000000,2110.80933000,120,120,False
1641909600000,1641916800000,41700.74000000,42200.00000000,41268.93000000,41733.93000000,5234.32206000,120,120,False
1641916800000,1641924000000,41733.92000000,43100.00000000,41680.44000000,42549.01000000,9039.59030000,120,120,False
1641924000000,1641931200000,42549.01000000,43086.70000000,42353.07000000,42972.05000000,2857.09815000,120,120,False
1641931200000,1641938400000,42972.04000000,43095.26000000,42643.74000000,42659.20000000,1921.70558000,120,120,False
1641938400000,1641945600000,42664.71000000,42886.28000000,42597.41000000,42729.29000000,1243.00194000,120,120,False
1641945600000,1641952800000,42729.29000000,42965.00000000,42562.20000000,42626.05000000,1729.84323000,120,120,False
1641952800000,1641960000000,42626.04000000,42712.29000000,42450.00000000,42605.02000000,1356.79698000,120,120,False
1641960000000,1641967200000,42605.01000000,42773.64000000,42518.97000000,42705.51000000,1436.28789000,120,120,False
1641967200000,1641974400000,42705.51000000,42867.55000000,42463.13000000,42561.67000000,1900.48649000,120,120,False
1641974400000,1641981600000,42561.66000000,42909.92000000,42508.69000000,42796.83000000,2150.60300000,120,120,False
1641981600000,1641988800000,42796.84000000,43443.60000000,42683.21000000,42935.92000000,4097.95805000,120,120,False
1641988800000,1641996000000,42935.92000000,44078.40000000,42874.01000000,43920.97000000,7636.47184000,120,120,False
1641996000000,1642003200000,43920.96000000,43957.00000000,43401.01000000,43560.29000000,4636.99870000,120,120,False
1642003200000,1642010400000,43560.29000000,43867.19000000,43317.00000000,43841.57000000,2775.00233000,120,120,False
1642010400000,1642017600000,43841.56000000,43886.26000000,43526.30000000,43743.11000000,1826.65068000,120,120,False
1642017600000,1642024800000,43743.10000000,44322.00000000,43629.39000000,43773.09000000,3044.37214000,120,120,False
1642024800000,1642032000000,43776.60000000,44032.19000000,43742.97000000,43902.66000000,1351.82147000,120,120,False
1642032000000,1642039200000,43902.65000000,44075.42000000,43516.92000000,43548.57000000,2226.69624000,120,120,False
1642039200000,1642046400000,43548.58000000,43684.28000000,43422.72000000,43509.93000000,1752.94099000,120,120,False
1642046400000,1642053600000,43505.99000000,43763.57000000,43483.20000000,43662.68000000,1421.53172000,120,120,False
1642053600000,1642060800000,43662.68000000,43795.44000000,43537.42000000,43699.99000000,1910.27247000,120,120,False
1642060800000,1642068000000,43699.99000000,43991.78000000,43668.87000000,43883.00000000,2082.89291000,120,120,False
1642068000000,1642075200000,43883.00000000,44014.51000000,43500.00000000,43602.31000000,2524.76094000,120,120,False
1642075200000,1642082400000,43603.58000000,43939.00000000,43575.05000000,43924.62000000,1792.44900000,120,120,False
1642082400000,1642089600000,43924.61000000,44500.00000000,42871.01000000,43200.00000000,9759.43385000,120,120,False
1642089600000,1642096800000,43200.01000000,43500.00000000,42565.01000000,42822.12000000,4590.08881000,120,120,False
1642096800000,1642104000000,42822.12000000,42962.96000000,42535.00000000,42700.67000000,2355.57600000,120,120,False
1642104000000,1642111200000,42700.67000000,42879.76000000,42311.22000000,42810.99000000,2790.45018000,120,120,False
1642111200000,1642118400000,42810.99000000,42888.18000000,42466.64000000,42560.11000000,1703.78451000,120,120,False
1642118400000,1642125600000,42558.35000000,42784.00000000,42362.91000000,42581.12000000,2298.51932000,120,120,False
1642125600000,1642132800000,42581.12000000,42738.47000000,42425.03000000,42623.87000000,2236.40247000,120,120,False
1642132800000,1642140000000,42623.87000000,42905.15000000,42610.02000000,42894.92000000,1808.69143000,120,120,False
1642140000000,1642147200000,42895.00000000,42978.10000000,42599.99000000,42660.01000000,2207.13730000,120,120,False
1642147200000,1642154400000,42660.00000000,42688.84000000,42244.37000000,42548.53000000,2858.98820000,120,120,False
1642154400000,1642161600000,42548.52000000,42611.63000000,41826.82000000,42012.94000000,4769.34468000,120,120,False
1642161600000,1642168800000,42012.94000000,42321.23000000,41725.95000000,42165.00000000,3366.44059000,120,120,False
1642168800000,1642176000000,42165.01000000,43347.42000000,42117.81000000,43109.00000000,5630.96138000,120,120,False
1642176000000,1642183200000,43109.00000000,43270.96000000,42863.00000000,42913.26000000,2641.71408000,120,120,False
1642183200000,1642190400000,42913.26000000,43408.00000000,42777.00000000,43077.93000000,1989.90351000,120,120,False
1642190400000,1642197600000,43077.93000000,43448.78000000,43000.00000000,43293.89000000,1456.18744000,120,120,False
1642197600000,1642204800000,43296.29000000,43393.75000000,43003.00000000,43059.96000000,1376.59252000,120,120,False
1642204800000,1642212000000,43059.96000000,43174.00000000,42864.49000000,42967.80000000,1488.36730000,120,120,False
1642212000000,1642219200000,42967.80000000,43121.05000000,42905.07000000,42927.96000000,1484.82716000,120,120,False
1642219200000,1642226400000,42927.95000000,43050.00000000,42712.94000000,42985.96000000,1613.65117000,120,120,False
1642226400000,1642233600000,42985.97000000,43099.81000000,42873.53000000,43088.12000000,1247.12671000,120,120,False
1642233600000,1642240800000,43088.12000000,43117.18000000,42884.01000000,43061.70000000,1291.54763000,120,120,False
1642240800000,1642248000000,43061.70000000,43283.83000000,42958.67000000,43017.59000000,1308.16699000,120,120,False
1642248000000,1642255200000,43017.59000000,43039.72000000,42555.00000000,42906.51000000,2287.90962000,120,120,False
1642255200000,1642262400000,42906.51000000,43406.96000000,42735.16000000,43401.21000000,2692.63179000,120,120,False
1642262400000,1642269600000,43401.21000000,43564.15000000,43233.33000000,43383.26000000,2864.88582000,120,120,False
1642269600000,1642276800000,43383.26000000,43554.79000000,43243.39000000,43528.34000000,1705.29914000,120,120,False
1642276800000,1642284000000,43528.33000000,43800.00000000,43160.23000000,43296.72000000,2592.76927000,120,120,False
1642284000000,1642291200000,43296.72000000,43398.40000000,43071.11000000,43084.29000000,1358.87356000,120,120,False
1642291200000,1642298400000,43084.29000000,43153.63000000,42985.81000000,42996.99000000,1178.28842000,120,120,False
1642298400000,1642305600000,42996.99000000,43087.18000000,42838.00000000,42977.22000000,1605.00886000,120,120,False
1642305600000,1642312800000,42977.22000000,43123.43000000,42850.16000000,42958.69000000,1084.89785000,120,120,False
1642312800000,1642320000000,42953.17000000,43253.68000000,42925.88000000,43202.21000000,1179.21133000,120,120,False
1642320000000,1642327200000,43202.21000000,43305.00000000,43028.02000000,43074.99000000,2331.90908000,120,120,False
1642327200000,1642334400000,43074.99000000,43185.71000000,42759.00000000,42968.29000000,2376.62926000,120,120,False
1642334400000,1642341600000,42968.30000000,43187.87000000,42581.79000000,43129.54000000,2905.53556000,120,120,False
1642341600000,1642348800000,43129.54000000,43416.05000000,43026.70000000,43219.53000000,2419.67247000,120,120,False
1642348800000,1642356000000,43219.54000000,43475.00000000,43051.08000000,43071.88000000,1709.94025000,120,120,False
1642356000000,1642363200000,43071.88000000,43126.04000000,42790.02000000,42824.79000000,1580.47525000,120,120,False
1642363200000,1642370400000,42824.79000000,43117.05000000,42750.25000000,42951.01000000,1181.05252000,120,120,False
1642370400000,1642377600000,42951.02000000,43263.15000000,42940.00000000,43071.66000000,1049.73186000,120,120,False
1642377600000,1642384800000,43071.66000000,43176.18000000,42810.00000000,42894.05000000,1520.70692000,120,120,False
1642384800000,1642392000000,42894.05000000,43000.00000000,42624.11000000,42647.40000000,1546.45249000,120,120,False
1642392000000,1642399200000,42647.40000000,42807.95000000,42300.00000000,42664.68000000,2743.02338000,120,120,False
1642399200000,1642406400000,42664.68000000,42967.99000000,42643.00000000,42656.03000000,1573.05543000,120,120,False
1642406400000,1642413600000,42656.03000000,42900.00000000,42567.93000000,42838.94000000,2008.04061000,120,120,False
1642413600000,1642420800000,42838.94000000,42894.99000000,42629.56000000,42671.31000000,1513.21275000,120,120,False
1642420800000,1642428000000,42671.30000000,42793.16000000,42429.02000000,42646.38000000,2123.34609000,120,120,False
1642428000000,1642435200000,42646.37000000,42741.97000000,42385.00000000,42477.66000000,2055.04208000,120,120,False
1642435200000,1642442400000,42477.67000000,42538.47000000,41950.00000000,42110.83000000,4946.76548000,120,120,False
1642442400000,1642449600000,42110.84000000,42318.61000000,41822.74000000,42238.31000000,3166.04279000,120,120,False
1642449600000,1642456800000,42238.31000000,42306.96000000,41609.78000000,41724.20000000,2161.81754000,120,120,False
1642456800000,1642464000000,41724.19000000,42392.66000000,41540.42000000,42201.62000000,2204.58057000,120,120,False
1642464000000,1642471200000,42201.63000000,42436.66000000,42129.97000000,42260.90000000,2219.97735000,120,120,False
1642471200000,1642478400000,42260.90000000,42302.19000000,41972.71000000,42040.54000000,2330.38280000,120,120,False
1642478400000,1642485600000,42040.53000000,42191.02000000,41886.25000000,42097.25000000,2427.13671000,120,120,False
1642485600000,1642492800000,42097.25000000,42337.30000000,41951.14000000,42061.94000000,1707.97932000,120,120,False
1642492800000,1642500000000,42065.42000000,42065.42000000,41453.00000000,41903.48000000,4146.93549000,120,120,False
1642500000000,1642507200000,41903.48000000,42050.00000000,41694.54000000,41854.14000000,1876.34088000,120,120,False
1642507200000,1642514400000,41854.13000000,41950.00000000,41400.00000000,41654.09000000,2356.89196000,120,120,False
1642514400000,1642521600000,41654.10000000,41842.96000000,41250.00000000,41587.27000000,3923.72211000,120,120,False
1642521600000,1642528800000,41587.26000000,41799.08000000,41381.66000000,41489.04000000,2154.68915000,120,120,False
1642528800000,1642536000000,41489.04000000,41770.80000000,41385.79000000,41699.61000000,1612.75505000,120,120,False
1642536000000,1642543200000,41695.59000000,42484.08000000,41500.99000000,42369.92000000,2736.84121000,120,120,False
1642543200000,1642550400000,42369.92000000,42691.00000000,42229.35000000,42352.12000000,1830.43054000,120,120,False
1642550400000,1642557600000,42352.12000000,42482.51000000,42163.02000000,42420.18000000,1783.35117000,120,120,False
1642557600000,1642564800000,42420.17000000,42500.00000000,41582.99000000,41706.41000000,2755.04486000,120,120,False
1642564800000,1642572000000,41706.41000000,41809.72000000,41587.53000000,41762.55000000,2128.18859000,120,120,False
1642572000000,1642579200000,41765.99000000,41849.94000000,41161.20000000,41287.10000000,2709.30163000,120,120,False
1642579200000,1642586400000,41287.10000000,41672.39000000,41138.56000000,41573.59000000,2853.53821000,120,120,False
1642586400000,1642593600000,41573.59000000,42178.48000000,41290.00000000,42033.00000000,3632.02552000,120,120,False
1642593600000,1642600800000,42033.00000000,42332.07000000,41893.62000000,42191.85000000,2911.45875000,120,120,False
1642600800000,1642608000000,42191.85000000,42559.13000000,41832.13000000,41981.27000000,4307.24432000,120,120,False
1642608000000,1642615200000,41981.27000000,42355.90000000,41697.46000000,42151.01000000,3697.64640000,120,120,False
1642615200000,1642622400000,42151.00000000,42235.04000000,41746.23000000,41873.79000000,1759.69511000,120,120,False
1642622400000,1642629600000,41872.45000000,41961.51000000,41548.00000000,41712.22000000,1858.68165000,120,120,False
1642629600000,1642636800000,41712.22000000,41993.98000000,41635.24000000,41660.01000000,1289.54538000,120,120,False
1642636800000,1642644000000,41660.00000000,41877.55000000,41639.88000000,41769.99000000,1608.84642000,120,120,False
1642644000000,1642651200000,41770.00000000,42082.26000000,41766.69000000,41924.97000000,1632.09660000,120,120,False
1642651200000,1642658400000,41924.97000000,41989.30000000,41768.48000000,41879.20000000,1727.22351000,120,120,False
1642658400000,1642665600000,41879.19000000,42148.00000000,41871.10000000,42058.31000000,1875.33860000,120,120,False
1642665600000,1642672800000,42058.31000000,42085.00000000,41807.94000000,42053.53000000,1423.63701000,120,120,False
1642672800000,1642680000000,42053.54000000,42232.76000000,42004.39000000,42129.44000000,1725.19880000,120,120,False
1642680000000,1642687200000,42129.45000000,42466.88000000,41900.05000000,42375.14000000,3121.96250000,120,120,False
1642687200000,1642694400000,42374.09000000,43456.00000000,42368.77000000,43308.69000000,7750.73964000,120,120,False
1642694400000,1642701600000,43308.70000000,43505.00000000,42985.54000000,43025.85000000,3870.71453000,120,120,False
1642701600000,1642708800000,43025.85000000,43241.38000000,42805.00000000,42917.32000000,2624.86056000,120,120,False
1642708800000,1642716000000,42917.31000000,42996.64000000,41309.00000000,41326.04000000,6238.97315000,120,120,False
1642716000000,1642723200000,41326.04000000,41543.47000000,40553.31000000,40680.91000000,8730.74821000,120,120,False
1642723200000,1642730400000,40680.92000000,41100.00000000,39730.00000000,39762.99000000,7419.69813000,120,120,False
1642730400000,1642737600000,39763.00000000,40280.00000000,38220.00000000,38465.65000000,13863.28162200,120,120,False
1642737600000,1642744800000,38465.65000000,39070.00000000,38437.15000000,38909.01000000,5750.08024000,120,120,False
1642744800000,1642752000000,38909.01000000,39177.20000000,38465.67000000,39134.55000000,4193.96277000,120,120,False
1642752000000,1642759200000,39136.31000000,39297.55000000,38915.25000000,38959.77000000,3477.77156000,120,120,False
1642759200000,1642766400000,38959.77000000,39320.00000000,38668.19000000,38898.18000000,3221.36144000,120,120,False
1642766400000,1642773600000,38898.19000000,38933.04000000,37710.00000000,38491.01000000,9613.63397300,120,120,False
1642773600000,1642780800000,38491.01000000,39042.40000000,38103.13000000,38857.26000000,6763.59741000,120,120,False
1642780800000,1642788000000,38857.24000000,39071.13000000,38284.84000000,38382.50000000,4128.83901000,120,120,False
1642788000000,1642795200000,38383.49000000,38644.02000000,37850.00000000,37984.12000000,4073.87089000,120,120,False
1642795200000,1642802400000,37984.11000000,38470.00000000,36158.00000000,36682.23000000,14006.22993000,120,120,False
1642802400000,1642809600000,36682.23000000,37201.16000000,35440.45000000,36445.31000000,12348.56502400,120,120,False
1642809600000,1642816800000,36445.31000000,36835.22000000,36032.02000000,36483.15000000,6180.98554000,120,120,False
1642816800000,1642824000000,36483.15000000,36690.00000000,36009.98000000,36341.64000000,6789.58421000,120,120,False
1642824000000,1642831200000,36340.43000000,36423.82000000,35600.01000000,35738.77000000,6002.17992000,120,120,False
1642831200000,1642838400000,35738.77000000,35984.68000000,35112.84000000,35400.02000000,9697.96724800,120,120,False
1642838400000,1642845600000,35400.01000000,35819.73000000,34664.00000000,34814.49000000,9646.62616200,120,120,False
1642845600000,1642852800000,34812.32000000,35948.01000000,34008.00000000,35406.76000000,18223.00887100,120,120,False
1642852800000,1642860000000,35406.76000000,36192.76000000,35336.23000000,35576.30000000,7825.71232000,120,120,False
1642860000000,1642867200000,35576.29000000,35656.93000000,34805.32000000,34838.68000000,5938.47303000,120,120,False
1642867200000,1642874400000,34838.69000000,35501.96000000,34500.00000000,34610.01000000,7160.43157000,120,120,False
1642874400000,1642881600000,34610.00000000,34854.84000000,34243.38000000,34528.62000000,4749.12644000,120,120,False
1642881600000,1642888800000,34528.61000000,35729.03000000,34415.95000000,35387.01000000,6209.72050000,120,120,False
1642888800000,1642896000000,35383.95000000,35395.26000000,34728.12000000,35071.42000000,2047.52315000,120,120,False
1642896000000,1642903200000,35071.42000000,35526.28000000,34944.00000000,35315.04000000,2948.32860000,120,120,False
1642903200000,1642910400000,35316.99000000,35346.21000000,34811.00000000,35051.00000000,2366.05273000,120,120,False
1642910400000,1642917600000,35051.01000000,35565.09000000,34940.09000000,35456.40000000,3335.31056000,120,120,False
1642917600000,1642924800000,35456.40000000,35758.64000000,35165.22000000,35571.19000000,4618.81402000,120,120,False
1642924800000,1642932000000,35571.19000000,36150.76000000,35325.03000000,35882.35000000,6419.50233000,120,120,False
1642932000000,1642939200000,35877.41000000,35948.74000000,35577.00000000,35686.29000000,3193.16155000,120,120,False
1642939200000,1642946400000,35686.29000000,36055.00000000,35557.92000000,35969.27000000,2545.32115000,120,120,False
1642946400000,1642953600000,35969.28000000,36080.50000000,35050.40000000,35287.58000000,4036.01217000,120,120,False
1642953600000,1642960800000,35282.66000000,35450.00000000,35156.00000000,35332.60000000,1772.00458000,120,120,False
1642960800000,1642968000000,35332.59000000,35398.38000000,34601.01000000,34775.45000000,4108.31723000,120,120,False
1642968000000,1642975200000,34775.45000000,35566.66000000,34707.58000000,35346.15000000,2643.89039000,120,120,False
1642975200000,1642982400000,35346.15000000,36499.00000000,35273.15000000,36244.55000000,6292.80823000,120,120,False
1642982400000,1642989600000,36244.55000000,36251.50000000,35600.00000000,35652.22000000,4609.49812000,120,120,False
1642989600000,1642996800000,35650.01000000,35715.01000000,35160.51000000,35338.26000000,2555.92240000,120,120,False
1642996800000,1643004000000,35338.25000000,35473.45000000,34936.37000000,35184.06000000,2572.68197000,120,120,False
1643004000000,1643011200000,35184.06000000,35356.65000000,34811.87000000,34888.81000000,2405.12615000,120,120,False
1643011200000,1643018400000,34887.90000000,35562.15000000,34401.50000000,34512.20000000,6846.72933000,120,120,False
1643018400000,1643025600000,34510.04000000,34600.00000000,33029.54000000,33697.11000000,16955.38716500,120,120,False
1643025600000,1643032800000,33697.12000000,33890.00000000,32917.17000000,33335.23000000,10669.10805600,120,120,False
1643032800000,1643040000000,33335.23000000,34388.38000000,33100.00000000,34233.95000000,11829.38986000,120,120,False
1643040000000,1643047200000,34237.31000000,35535.69000000,33803.13000000,35363.10000000,11574.78173000,120,120,False
1643047200000,1643054400000,35363.11000000,36436.00000000,35190.13000000,36066.40000000,10242.75031000,120,120,False
1643054400000,1643061600000,36066.40000000,37550.00000000,35951.13000000,36805.22000000,8464.26388000,120,120,False
1643061600000,1643068800000,36807.92000000,36842.95000000,36187.99000000,36660.35000000,3179.11424000,120,120,False
1643068800000,1643076000000,36660.35000000,36691.87000000,35955.43000000,36125.31000000,3792.73146000,120,120,False
1643076000000,1643083200000,36125.31000000,36460.03000000,36084.85000000,36424.49000000,2462.79073000,120,120,False
1643083200000,1643090400000,36424.50000000,36496.62000000,35828.56000000,36054.81000000,2460.00777000,120,120,False
1643090400000,1643097600000,36054.81000000,36150.92000000,35701.00000000,36044.01000000,3483.09085000,120,120,False
1643097600000,1643104800000,36044.01000000,36564.07000000,36003.30000000,36409.42000000,4319.65664000,120,120,False
1643104800000,1643112000000,36409.42000000,36800.00000000,36227.52000000,36406.00000000,3790.91154000,120,120,False
1643112000000,1643119200000,36406.00000000,36777.77000000,36201.68000000,36498.00000000,4247.70162000,120,120,False
1643119200000,1643126400000,36497.39000000,37149.42000000,35967.33000000,36530.00000000,9436.46818000,120,120,False
1643126400000,1643133600000,36530.00000000,37481.75000000,36492.48000000,37273.33000000,5912.15669000,120,120,False
1643133600000,1643140800000,37273.32000000,37545.14000000,36920.01000000,37067.13000000,4043.38267000,120,120,False
1643140800000,1643148000000,37067.13000000,37103.15000000,36421.56000000,36556.04000000,3667.47734000,120,120,False
1643148000000,1643155200000,36556.04000000,37042.53000000,36432.73000000,36958.32000000,1616.02634000,120,120,False
1643155200000,1643162400000,36958.32000000,37000.00000000,36550.20000000,36851.85000000,2757.40569000,120,120,False
1643162400000,1643169600000,36851.85000000,37522.24000000,36784.70000000,37389.76000000,4084.63199000,120,120,False
1643169600000,1643176800000,37389.77000000,37974.43000000,37248.87000000,37600.00000000,4526.21706000,120,120,False
1643176800000,1643184000000,37600.01000000,37798.46000000,37109.37000000,37338.59000000,3848.38116000,120,120,False
1643184000000,1643191200000,37338.60000000,37975.57000000,37324.58000000,37650.00000000,4236.79431000,120,120,False
1643191200000,1643198400000,37650.01000000,38248.92000000,37550.00000000,38072.77000000,5071.14461000,120,120,False
1643198400000,1643205600000,38072.77000000,38275.00000000,37475.01000000,38193.48000000,5481.62008000,120,120,False
1643205600000,1643212800000,38193.48000000,38499.00000000,37819.97000000,37985.00000000,7311.42933000,120,120,False
1643212800000,1643220000000,37985.01000000,38380.01000000,37911.66000000,38040.90000000,3600.27793000,120,120,False
1643220000000,1643227200000,38040.90000000,38919.98000000,37311.58000000,37579.90000000,15788.71346000,120,120,False
1643227200000,1643234400000,37576.67000000,37580.03000000,36322.54000000,36323.08000000,9387.24827000,120,120,False
1643234400000,1643241600000,36327.35000000,36886.68000000,36234.63000000,36809.34000000,3736.29647000,120,120,False
1643241600000,1643248800000,36807.24000000,37080.00000000,35833.56000000,35882.21000000,5450.31865000,120,120,False
1643248800000,1643256000000,35882.21000000,36243.32000000,35507.01000000,35745.70000000,5326.26834000,120,120,False
1643256000000,1643263200000,35745.70000000,36091.00000000,35692.61000000,35973.39000000,5108.72430000,120,120,False
1643263200000,1643270400000,35977.88000000,36303.80000000,35818.77000000,36173.87000000,3732.48585000,120,120,False
1643270400000,1643277600000,36177.17000000,36611.21000000,35815.80000000,36525.85000000,4407.07968000,120,120,False
1643277600000,1643284800000,36525.84000000,36781.79000000,36290.01000000,36679.98000000,3092.71753000,120,120,False
1643284800000,1643292000000,36679.98000000,36849.37000000,36423.46000000,36830.89000000,3698.91579000,120,120,False
1643292000000,1643299200000,36830.88000000,37199.00000000,36510.00000000,36639.43000000,4966.14545000,120,120,False
1643299200000,1643306400000,36639.43000000,36787.77000000,36161.41000000,36282.03000000,3337.51156000,120,120,False
1643306400000,1643313600000,36282.02000000,36345.76000000,35883.82000000,36209.20000000,3577.55145000,120,120,False
1643313600000,1643320800000,36209.19000000,36435.70000000,35538.75000000,36187.01000000,4765.74566000,120,120,False
1643320800000,1643328000000,36187.01000000,37234.47000000,35890.02000000,37160.10000000,5557.41508000,120,120,False
1643328000000,1643335200000,37160.11000000,37467.98000000,36720.01000000,36880.80000000,4033.23517000,120,120,False
1643335200000,1643342400000,36880.79000000,37450.00000000,36500.00000000,37351.83000000,4084.40345000,120,120,False
1643342400000,1643349600000,37351.83000000,37449.98000000,36986.43000000,37205.60000000,2819.48315000,120,120,False
1643349600000,1643356800000,37206.17000000,37500.00000000,36777.77000000,36799.82000000,3755.46264000,120,120,False
1643356800000,1643364000000,36799.82000000,36882.22000000,36401.44000000,36486.09000000,3491.47527000,120,120,False
1643364000000,1643371200000,36486.10000000,36678.19000000,36287.03000000,36448.28000000,3136.97999000,120,120,False
1643371200000,1643378400000,36447.67000000,36989.92000000,36155.01000000,36910.46000000,4357.61128000,120,120,False
1643378400000,1643385600000,36906.58000000,37300.00000000,36600.00000000,37188.98000000,5467.46828000,120,120,False
1643385600000,1643392800000,37188.99000000,37376.70000000,36774.43000000,36843.60000000,2988.95295000,120,120,False
1643392800000,1643400000000,36843.59000000,37238.11000000,36765.05000000,37222.86000000,2350.30981000,120,120,False
1643400000000,1643407200000,37222.85000000,38000.00000000,37134.65000000,37788.87000000,4052.11536000,120,120,False
1643407200000,1643414400000,37788.87000000,37943.55000000,37642.05000000,37716.56000000,1616.77221000,120,120,False
1643414400000,1643421600000,37716.57000000,37983.41000000,37473.07000000,37535.77000000,2373.34947000,120,120,False
1643421600000,1643428800000,37535.76000000,37750.00000000,37448.58000000,37737.73000000,1741.80936000,120,120,False
1643428800000,1643436000000,37737.72000000,37916.08000000,37613.01000000,37653.72000000,1447.55239000,120,120,False
1643436000000,1643443200000,37653.71000000,37925.00000000,37589.44000000,37836.99000000,1980.43562000,120,120,False
1643443200000,1643450400000,37836.98000000,37923.00000000,37544.94000000,37703.24000000,1713.99443000,120,120,False
1643450400000,1643457600000,37703.25000000,37809.83000000,37597.11000000,37736.07000000,1105.87772000,120,120,False
1643457600000,1643464800000,37736.06000000,38186.11000000,37623.01000000,38161.69000000,2537.65569000,120,120,False
1643464800000,1643472000000,38161.69000000,38198.82000000,37268.44000000,37566.82000000,3867.26751000,120,120,False
1643472000000,1643479200000,37567.98000000,37720.77000000,37317.37000000,37646.31000000,1887.21402000,120,120,False
1643479200000,1643486400000,37646.31000000,37950.00000000,37556.56000000,37853.00000000,1443.61667000,120,120,False
1643486400000,1643493600000,37853.00000000,38720.74000000,37816.21000000,38358.32000000,4226.69187000,120,120,False
1643493600000,1643500800000,38358.32000000,38411.72000000,37906.26000000,38166.84000000,1804.03207000,120,120,False
1643500800000,1643508000000,38166.83000000,38281.24000000,37737.49000000,37931.75000000,1901.00327000,120,120,False
1643508000000,1643515200000,37931.75000000,38054.18000000,37873.59000000,37917.13000000,1476.96594000,120,120,False
1643515200000,1643522400000,37917.13000000,38300.00000000,37901.17000000,38139.39000000,1278.42855000,120,120,False
1643522400000,1643529600000,38139.38000000,38290.00000000,38038.95000000,38244.98000000,1400.56187000,120,120,False
1643529600000,1643536800000,38244.98000000,38359.26000000,37795.00000000,37889.48000000,2674.78010000,120,120,False
1643536800000,1643544000000,37889.49000000,38259.14000000,37829.00000000,38110.02000000,2038.09364000,120,120,False
1643544000000,1643551200000,38110.03000000,38153.82000000,37823.08000000,37963.22000000,1268.80250000,120,120,False
1643551200000,1643558400000,37963.21000000,38041.32000000,37712.05000000,37980.09000000,1665.32730000,120,120,False
1643558400000,1643565600000,37977.47000000,38074.76000000,37751.72000000,37991.00000000,1141.09208000,120,120,False
1643565600000,1643572800000,37991.00000000,38020.39000000,37442.52000000,37512.37000000,2210.15659000,120,120,False
1643572800000,1643580000000,37512.37000000,37762.60000000,37351.63000000,37729.00000000,1911.98308000,120,120,False
1643580000000,1643587200000,37729.00000000,38230.00000000,37625.41000000,37881.76000000,2463.47035000,120,120,False
1643587200000,1643594400000,37881.75000000,37951.07000000,36760.87000000,36821.05000000,4330.97840000,120,120,False
1643594400000,1643601600000,36823.19000000,37058.82000000,36632.61000000,37025.68000000,2807.39067000,120,120,False
1643601600000,1643608800000,37025.68000000,37026.29000000,36811.48000000,37001.65000000,1489.61631000,120,120,False
1643608800000,1643616000000,37001.66000000,37196.91000000,36880.60000000,37121.83000000,1658.74287000,120,120,False
1643616000000,1643623200000,37121.84000000,37256.14000000,37085.23000000,37212.53000000,1747.49197000,120,120,False
1643623200000,1643630400000,37212.53000000,37399.93000000,36880.00000000,37265.16000000,2273.20850000,120,120,False
1643630400000,1643637600000,37265.15000000,37421.30000000,36724.00000000,37251.08000000,3371.88083000,120,120,False
1643637600000,1643644800000,37251.07000000,37900.00000000,37193.77000000,37722.91000000,5618.93211000,120,120,False
1643644800000,1643652000000,37722.91000000,38600.00000000,37671.46000000,38473.03000000,6226.55266000,120,120,False
1643652000000,1643659200000,38473.03000000,38744.00000000,38342.89000000,38415.79000000,3264.55195000,120,120,False
1643659200000,1643666400000,38415.79000000,38563.37000000,38236.69000000,38410.09000000,2563.44865000,120,120,False
1643666400000,1643673600000,38410.09000000,38737.99000000,38336.04000000,38466.90000000,1502.45088000,120,120,False
1643673600000,1643680800000,38466.90000000,38627.35000000,38175.86000000,38238.19000000,1836.28909000,120,120,False
1643680800000,1643688000000,38238.18000000,38649.90000000,38196.61000000,38596.82000000,1713.29496000,120,120,False
1643688000000,1643695200000,38596.82000000,38644.57000000,38444.26000000,38452.90000000,1461.94238000,120,120,False
1643695200000,1643702400000,38452.89000000,38482.91000000,38240.00000000,38440.77000000,1954.96567000,120,120,False
1643702400000,1643709600000,38440.76000000,39100.00000000,38224.41000000,38256.12000000,5063.82931000,120,120,False
1643709600000,1643716800000,38256.12000000,38471.43000000,38000.00000000,38425.06000000,3137.17934000,120,120,False
1643716800000,1643724000000,38425.05000000,38965.99000000,38372.00000000,38872.21000000,3407.69520000,120,120,False
1643724000000,1643731200000,38872.20000000,39034.47000000,38190.42000000,38630.33000000,5413.11721000,120,120,False
1643731200000,1643738400000,38630.32000000,39265.20000000,38587.96000000,38867.24000000,4966.85044000,120,120,False
1643738400000,1643745600000,38868.01000000,38900.00000000,38341.06000000,38378.09000000,2342.72462000,120,120,False
1643745600000,1643752800000,38378.10000000,38819.00000000,38369.00000000,38785.53000000,2041.50717000,120,120,False
1643752800000,1643760000000,38785.52000000,38889.00000000,38532.45000000,38694.59000000,1235.05124000,120,120,False
1643760000000,1643767200000,38694.59000000,38855.92000000,38374.78000000,38439.76000000,2240.11293000,120,120,False
1643767200000,1643774400000,38439.76000000,38749.99000000,38385.19000000,38552.87000000,1060.77874000,120,120,False
1643774400000,1643781600000,38552.87000000,38555.33000000,38300.00000000,38416.38000000,2073.81953000,120,120,False
1643781600000,1643788800000,38416.38000000,38541.27000000,38196.42000000,38284.69000000,1669.76760000,120,120,False
1643788800000,1643796000000,38282.14000000,38564.87000000,38225.00000000,38530.85000000,1916.36491000,120,120,False
1643796000000,1643803200000,38530.10000000,38597.95000000,38359.08000000,38490.00000000,1524.47289000,120,120,False
1643803200000,1643810400000,38490.00000000,38773.41000000,38335.83000000,38361.61000000,2679.20760000,120,120,False
1643810400000,1643817600000,38361.61000000,38437.02000000,37361.49000000,37429.78000000,7782.48749000,120,120,False
1643817600000,1643824800000,37429.78000000,37550.00000000,37066.66000000,37469.99000000,4805.95668000,120,120,False
1643824800000,1643832000000,37469.99000000,37674.34000000,37380.01000000,37566.56000000,2047.14645000,120,120,False
1643832000000,1643839200000,37566.56000000,37662.14000000,36586.95000000,36922.51000000,4931.58922000,120,120,False
1643839200000,1643846400000,36922.51000000,37211.00000000,36797.18000000,36896.36000000,3062.97726000,120,120,False
1643846400000,1643853600000,36896.37000000,37049.65000000,36753.00000000,36845.52000000,2919.00779000,120,120,False
1643853600000,1643860800000,36845.52000000,36960.00000000,36720.01000000,36820.83000000,1698.33828000,120,120,False
1643860800000,1643868000000,36822.50000000,37081.55000000,36780.04000000,36991.62000000,2550.01437000,120,120,False
1643868000000,1643875200000,36991.63000000,37093.03000000,36835.14000000,37024.16000000,2053.38411000,120,120,False
1643875200000,1643882400000,37024.16000000,37106.91000000,36593.40000000,36614.91000000,2190.77023000,120,120,False
1643882400000,1643889600000,36614.90000000,36796.44000000,36250.73000000,36785.00000000,4184.66975000,120,120,False
1643889600000,1643896800000,36785.00000000,36791.98000000,36250.00000000,36585.08000000,3259.83177000,120,120,False
1643896800000,1643904000000,36585.08000000,36976.89000000,36474.92000000,36910.05000000,3612.07559000,120,120,False
1643904000000,1643911200000,36910.06000000,37104.60000000,36518.13000000,36831.51000000,2411.75176000,120,120,False
1643911200000,1643918400000,36831.52000000,36853.03000000,36449.43000000,36551.70000000,1998.60351000,120,120,False
1643918400000,1643925600000,36551.71000000,37050.00000000,36270.00000000,36948.99000000,3111.15469000,120,120,False
1643925600000,1643932800000,36949.00000000,37387.00000000,36800.01000000,37311.61000000,2091.50814000,120,120,False
1643932800000,1643940000000,37311.98000000,37343.77000000,37026.73000000,37168.60000000,2533.10051000,120,120,False
1643940000000,1643947200000,37168.59000000,37445.50000000,37140.19000000,37297.62000000,2521.94755000,120,120,False
1643947200000,1643954400000,37297.61000000,37689.00000000,37245.00000000,37547.01000000,3693.82899000,120,120,False
1643954400000,1643961600000,37547.01000000,38222.00000000,37547.00000000,37869.31000000,4333.72697000,120,120,False
1643961600000,1643968800000,37869.31000000,38140.39000000,37850.01000000,38014.01000000,2783.49128000,120,120,False
1643968800000,1643976000000,38014.00000000,38236.08000000,37763.74000000,37810.00000000,3032.63437000,120,120,False
1643976000000,1643983200000,37810.00000000,38200.00000000,37362.72000000,37421.40000000,4512.55218000,120,120,False
1643983200000,1643990400000,37421.41000000,39819.91000000,37290.20000000,39490.87000000,15761.53795000,120,120,False
1643990400000,1643997600000,39490.88000000,40600.00000000,39442.89000000,40520.46000000,12638.25926000,120,120,False
1643997600000,1644004800000,40520.45000000,40877.00000000,40278.79000000,40727.91000000,4439.37026000,120,120,False
1644004800000,1644012000000,40727.92000000,40884.96000000,40426.23000000,40624.15000000,4067.89518000,120,120,False
1644012000000,1644019200000,40624.16000000,41772.33000000,40382.84000000,41574.25000000,4385.61424000,120,120,False
1644019200000,1644026400000,41571.70000000,41913.69000000,41193.44000000,41274.08000000,6371.14977000,120,120,False
1644026400000,1644033600000,41274.08000000,41471.00000000,41173.36000000,41447.85000000,1837.63875000,120,120,False
1644033600000,1644040800000,41447.85000000,41693.90000000,41369.69000000,41525.27000000,2453.82024000,120,120,False
1644040800000,1644048000000,41525.26000000,41748.18000000,41373.27000000,41379.99000000,2157.42894000,120,120,False
1644048000000,1644055200000,41379.99000000,41600.10000000,41099.92000000,41547.36000000,2955.38311000,120,120,False
1644055200000,1644062400000,41547.36000000,41669.00000000,41382.00000000,41430.00000000,2265.03720000,120,120,False
1644062400000,1644069600000,41430.00000000,41545.82000000,41334.70000000,41510.69000000,2636.74233000,120,120,False
1644069600000,1644076800000,41510.70000000,41899.54000000,41326.17000000,41761.85000000,3380.18438000,120,120,False
1644076800000,1644084000000,41761.87000000,41854.81000000,40843.01000000,41583.93000000,4477.73902000,120,120,False
1644084000000,1644091200000,41583.94000000,41742.45000000,41487.04000000,41544.90000000,1437.72164000,120,120,False
1644091200000,1644098400000,41544.90000000,41771.85000000,41380.11000000,41627.47000000,1393.49716000,120,120,False
1644098400000,1644105600000,41627.48000000,41757.35000000,41349.81000000,41382.59000000,1166.00118000,120,120,False
1644105600000,1644112800000,41382.60000000,41640.00000000,41340.35000000,41606.03000000,1062.13566000,120,120,False
1644112800000,1644120000000,41606.04000000,41628.19000000,41431.13000000,41444.04000000,1002.12139000,120,120,False
1644120000000,1644127200000,41444.03000000,41587.44000000,41305.29000000,41572.96000000,1070.15254000,120,120,False
1644127200000,1644134400000,41572.97000000,41714.18000000,41401.58000000,41612.33000000,1197.77917000,120,120,False
1644134400000,1644141600000,41612.32000000,41672.99000000,41489.95000000,41648.99000000,1109.21041000,120,120,False
1644141600000,1644148800000,41649.00000000,41700.01000000,41444.00000000,41522.00000000,921.10075000,120,120,False
1644148800000,1644156000000,41522.00000000,41834.99000000,41479.28000000,41692.35000000,1972.46505000,120,120,False
1644156000000,1644163200000,41692.35000000,42168.00000000,41116.56000000,41519.49000000,5392.11058000,120,120,False
1644163200000,1644170400000,41519.48000000,41747.40000000,41417.23000000,41644.84000000,1625.33224000,120,120,False
1644170400000,1644177600000,41644.84000000,41732.00000000,41426.60000000,41717.94000000,1110.65727000,120,120,False
1644177600000,1644184800000,41717.93000000,41748.03000000,41500.23000000,41649.98000000,1104.49363000,120,120,False
1644184800000,1644192000000,41649.98000000,42656.00000000,41478.86000000,42380.87000000,4837.60835000,120,120,False
1644192000000,1644199200000,42380.87000000,42500.00000000,41645.85000000,42098.41000000,4752.60028000,120,120,False
1644199200000,1644206400000,42102.42000000,42944.20000000,42095.13000000,42818.99000000,5168.86704000,120,120,False
1644206400000,1644213600000,42819.00000000,43000.00000000,42685.34000000,42798.10000000,3747.02187000,120,120,False
1644213600000,1644220800000,42798.09000000,42823.00000000,42551.96000000,42723.92000000,2161.73360000,120,120,False
1644220800000,1644228000000,42723.91000000,42767.69000000,42234.09000000,42410.63000000,2900.16683000,120,120,False
1644228000000,1644235200000,42410.62000000,42754.56000000,42350.00000000,42720.03000000,2875.83038000,120,120,False
1644235200000,1644242400000,42720.03000000,42900.00000000,42490.02000000,42799.47000000,2529.41747000,120,120,False
1644242400000,1644249600000,42799.47000000,43895.02000000,42766.06000000,43835.59000000,8825.96191000,120,120,False
1644249600000,1644256800000,43835.59000000,44313.19000000,43484.91000000,44204.42000000,6408.17194000,120,120,False
1644256800000,1644264000000,44204.41000000,44500.50000000,43708.00000000,44252.80000000,5651.12773000,120,120,False
1644264000000,1644271200000,44252.31000000,44438.93000000,43769.64000000,44085.24000000,3801.04378000,120,120,False
1644271200000,1644278400000,44085.23000000,44190.58000000,43742.90000000,43839.99000000,2238.67723000,120,120,False
1644278400000,1644285600000,43839.99000000,44077.77000000,43555.72000000,44042.35000000,3298.97885000,120,120,False
1644285600000,1644292800000,44042.34000000,44185.00000000,43835.41000000,44178.57000000,2790.43980000,120,120,False
1644292800000,1644300000000,44178.57000000,45000.00000000,44073.73000000,44883.08000000,4392.62491000,120,120,False
1644300000000,1644307200000,44883.08000000,45492.00000000,44237.74000000,44855.00000000,8089.48965000,120,120,False
1644307200000,1644314400000,44855.00000000,44919.77000000,43520.96000000,43859.02000000,11991.59946000,120,120,False
1644314400000,1644321600000,43859.01000000,44066.02000000,43569.76000000,43988.30000000,4713.58633000,120,120,False
1644321600000,1644328800000,43988.30000000,43988.31000000,43105.30000000,43624.95000000,6982.14675000,120,120,False
1644328800000,1644336000000,43624.95000000,43856.28000000,42854.81000000,43429.31000000,5450.32143000,120,120,False
1644336000000,1644343200000,43429.32000000,43685.20000000,42666.00000000,42953.86000000,5944.45444000,120,120,False
1644343200000,1644350400000,42953.87000000,43259.80000000,42700.00000000,42998.65000000,3150.71874000,120,120,False
1644350400000,1644357600000,43000.53000000,44393.36000000,42938.36000000,44180.36000000,6159.54019000,120,120,False
1644357600000,1644364800000,44180.00000000,44299.98000000,43865.22000000,44042.99000000,1916.39332000,120,120,False
1644364800000,1644372000000,44043.00000000,44341.88000000,43800.39000000,43861.21000000,3111.67531000,120,120,False
1644372000000,1644379200000,43861.22000000,43926.83000000,43117.92000000,43343.28000000,3210.67542000,120,120,False
1644379200000,1644386400000,43343.28000000,43749.00000000,43125.00000000,43584.93000000,1976.60398000,120,120,False
1644386400000,1644393600000,43584.93000000,43918.52000000,43416.21000000,43807.75000000,2655.09953000,120,120,False
1644393600000,1644400800000,43807.75000000,43939.00000000,43181.91000000,43386.75000000,2699.62392000,120,120,False
1644400800000,1644408000000,43386.75000000,43824.35000000,43365.44000000,43715.45000000,2558.47183000,120,120,False
1644408000000,1644415200000,43715.46000000,44471.40000000,43617.61000000,43938.87000000,4744.39627000,120,120,False
1644415200000,1644422400000,43938.87000000,44265.41000000,43780.73000000,43867.63000000,3067.19789000,120,120,False
1644422400000,1644429600000,43867.63000000,44318.77000000,43579.66000000,44066.00000000,2993.30927000,120,120,False
1644429600000,1644436800000,44066.01000000,44700.00000000,43922.14000000,44463.43000000,3196.14616000,120,120,False
1644436800000,1644444000000,44466.23000000,44799.00000000,44342.03000000,44452.14000000,2374.70338000,120,120,False
1644444000000,1644451200000,44452.14000000,44591.00000000,44189.00000000,44372.72000000,1840.26433000,120,120,False
1644451200000,1644458400000,44372.71000000,44400.00000000,44028.57000000,44253.22000000,2666.13400000,120,120,False
1644458400000,1644465600000,44253.23000000,44360.00000000,43542.14000000,43775.42000000,2691.29565000,120,120,False
1644465600000,1644472800000,43775.42000000,43911.57000000,43575.22000000,43879.78000000,1527.86335000,120,120,False
1644472800000,1644480000000,43879.78000000,44131.60000000,43757.57000000,44092.42000000,1818.86708000,120,120,False
1644480000000,1644487200000,44092.43000000,44499.00000000,44055.86000000,44400.01000000,2394.17424000,120,120,False
1644487200000,1644494400000,44400.00000000,45177.96000000,44361.36000000,44834.09000000,4860.66893000,120,120,False
1644494400000,1644501600000,44834.09000000,45060.00000000,43630.01000000,43642.98000000,10236.97398000,120,120,False
1644501600000,1644508800000,43642.98000000,45669.71000000,43174.01000000,44947.10000000,14732.62208000,120,120,False
1644508800000,1644516000000,44947.12000000,45821.00000000,44846.59000000,45330.43000000,8357.25032000,120,120,False
1644516000000,1644523200000,45330.43000000,45400.00000000,44341.07000000,44373.97000000,5023.85645000,120,120,False
1644523200000,1644530400000,44373.95000000,44601.14000000,43700.00000000,43749.99000000,5041.00195000,120,120,False
1644530400000,1644537600000,43749.30000000,44079.45000000,43333.42000000,43495.44000000,3006.58288000,120,120,False
1644537600000,1644544800000,43495.44000000,43749.86000000,42600.00000000,43169.78000000,7488.24420000,120,120,False
1644544800000,1644552000000,43169.78000000,43408.63000000,42817.93000000,43343.71000000,2622.68310000,120,120,False
1644552000000,1644559200000,43342.92000000,43370.79000000,42836.00000000,42848.10000000,1996.96398000,120,120,False
1644559200000,1644566400000,42848.09000000,43416.22000000,42814.23000000,43359.25000000,1944.77408000,120,120,False
1644566400000,1644573600000,43359.24000000,43600.00000000,42851.00000000,43492.64000000,3425.32259000,120,120,False
1644573600000,1644580800000,43492.63000000,43569.67000000,43233.67000000,43357.53000000,2050.15110000,120,120,False
1644580800000,1644588000000,43357.53000000,43826.00000000,43253.31000000,43765.14000000,2881.79874000,120,120,False
1644588000000,1644595200000,43765.15000000,43920.00000000,43284.40000000,43669.01000000,4699.30296000,120,120,False
1644595200000,1644602400000,43669.02000000,43767.16000000,43374.02000000,43417.18000000,2862.74100000,120,120,False
1644602400000,1644609600000,43417.18000000,43500.00000000,42050.00000000,42742.63000000,7748.13565000,120,120,False
1644609600000,1644616800000,42742.63000000,42865.58000000,42217.55000000,42543.60000000,4364.18922000,120,120,False
1644616800000,1644624000000,42542.02000000,42604.19000000,41938.51000000,42373.73000000,2890.86208000,120,120,False
1644624000000,1644631200000,42373.73000000,42485.66000000,42221.38000000,42447.82000000,1853.22204000,120,120,False
1644631200000,1644638400000,42447.83000000,42480.55000000,42156.99000000,42288.46000000,1435.07261000,120,120,False
1644638400000,1644645600000,42288.45000000,42428.30000000,42200.00000000,42272.01000000,1320.14829000,120,120,False
1644645600000,1644652800000,42272.01000000,42315.88000000,41688.88000000,42103.94000000,3047.55016000,120,120,False
1644652800000,1644660000000,42103.94000000,42459.06000000,42101.11000000,42393.81000000,1933.98603000,120,120,False
1644660000000,1644667200000,42393.80000000,42430.54000000,41888.82000000,42406.48000000,1878.66069000,120,120,False
1644667200000,1644674400000,42406.48000000,42445.85000000,42078.79000000,42099.17000000,1520.33760000,120,120,False
1644674400000,1644681600000,42099.17000000,42218.92000000,41800.13000000,42123.93000000,3102.35328000,120,120,False
1644681600000,1644688800000,42123.92000000,42806.65000000,41995.20000000,42723.95000000,3799.17899000,120,120,False
1644688800000,1644696000000,42723.94000000,43079.49000000,42608.56000000,42662.47000000,2278.89311000,120,120,False
1644696000000,1644703200000,42662.47000000,42752.99000000,41700.00000000,41877.82000000,2948.55032000,120,120,False
1644703200000,1644710400000,41877.82000000,42250.87000000,41830.01000000,42217.87000000,1438.90369000,120,120,False
1644710400000,1644717600000,42217.87000000,42508.47000000,42057.26000000,42233.77000000,1488.22482000,120,120,False
1644717600000,1644724800000,42233.77000000,42298.29000000,42102.22000000,42230.00000000,842.16661000,120,120,False
1644724800000,1644732000000,42229.99000000,42333.24000000,42119.35000000,42268.49000000,633.37279000,120,120,False
1644732000000,1644739200000,42268.50000000,42490.01000000,42215.00000000,42412.40000000,1144.47125000,120,120,False
1644739200000,1644746400000,42412.39000000,42500.00000000,42269.64000000,42310.59000000,1008.68605000,120,120,False
1644746400000,1644753600000,42310.59000000,42654.64000000,42243.48000000,42470.73000000,1625.84446000,120,120,False
1644753600000,1644760800000,42470.72000000,42631.89000000,42400.60000000,42506.34000000,996.74063000,120,120,False
1644760800000,1644768000000,42506.34000000,42760.00000000,42138.17000000,42559.97000000,2622.08703000,120,120,False
1644768000000,1644775200000,42559.97000000,42580.00000000,42082.16000000,42267.40000000,2278.76605000,120,120,False
1644775200000,1644782400000,42267.39000000,42398.75000000,41870.00000000,42031.16000000,2191.30100000,120,120,False
1644782400000,1644789600000,42031.17000000,42497.85000000,41929.42000000,42200.20000000,1518.27544000,120,120,False
1644789600000,1644796800000,42200.21000000,42423.53000000,42018.00000000,42053.66000000,1382.14500000,120,120,False
1644796800000,1644804000000,42053.65000000,42180.04000000,41550.56000000,41670.43000000,3096.28862000,120,120,False
1644804000000,1644811200000,41670.16000000,41971.76000000,41600.00000000,41916.43000000,2071.79332000,120,120,False
1644811200000,1644818400000,41916.42000000,42018.51000000,41767.27000000,41778.62000000,1408.26113000,120,120,False
1644818400000,1644825600000,41778.62000000,42368.21000000,41734.70000000,42314.42000000,2314.04298000,120,120,False
1644825600000,1644832800000,42314.42000000,42415.00000000,41956.76000000,42077.44000000,3141.34976000,120,120,False
1644832800000,1644840000000,42077.44000000,42279.00000000,41922.48000000,42117.87000000,1778.14978000,120,120,False
1644840000000,1644847200000,42112.71000000,42687.37000000,41961.13000000,42491.00000000,4395.29602000,120,120,False
1644847200000,1644854400000,42490.99000000,42842.40000000,42350.00000000,42584.97000000,4070.44575000,120,120,False
1644854400000,1644861600000,42584.97000000,42818.35000000,42515.16000000,42570.00000000,2914.04013000,120,120,False
1644861600000,1644868800000,42570.01000000,42653.10000000,41803.17000000,42119.31000000,4813.30205000,120,120,False
1644868800000,1644876000000,42119.31000000,42308.72000000,41933.95000000,42234.50000000,2053.91932000,120,120,False
1644876000000,1644883200000,42234.51000000,42800.00000000,42220.40000000,42535.94000000,1953.24174000,120,120,False
1644883200000,1644890400000,42535.94000000,43700.00000000,42427.03000000,43465.96000000,4299.95004000,120,120,False
1644890400000,1644897600000,43465.97000000,43685.70000000,43389.75000000,43567.76000000,3069.42667000,120,120,False
1644897600000,1644904800000,43567.75000000,43781.97000000,43397.10000000,43573.44000000,2281.59341000,120,120,False
1644904800000,1644912000000,43573.45000000,43777.00000000,43521.75000000,43691.57000000,2047.98176000,120,120,False
1644912000000,1644919200000,43691.57000000,44198.99000000,43608.67000000,44056.02000000,5750.22142000,120,120,False
1644919200000,1644926400000,44056.01000000,44425.85000000,43966.81000000,44233.60000000,3628.10150000,120,120,False
1644926400000,1644933600000,44233.60000000,44349.67000000,44024.03000000,44240.69000000,2958.66447000,120,120,False
1644933600000,1644940800000,44240.69000000,44500.00000000,44109.02000000,44198.96000000,4135.91663000,120,120,False
1644940800000,1644948000000,44198.97000000,44259.37000000,43846.07000000,43925.00000000,3206.54141000,120,120,False
1644948000000,1644955200000,43924.99000000,44199.79000000,43870.13000000,43993.95000000,1708.64917000,120,120,False
1644955200000,1644962400000,43993.94000000,44169.63000000,43941.28000000,43969.02000000,1724.63268000,120,120,False
1644962400000,1644969600000,43969.03000000,44751.40000000,43966.50000000,44544.86000000,3283.51660000,120,120,False
1644969600000,1644976800000,44544.85000000,44549.97000000,43945.32000000,43988.69000000,2527.94348000,120,120,False
1644976800000,1644984000000,43988.68000000,44150.10000000,43877.18000000,43971.26000000,2264.61245000,120,120,False
1644984000000,1644991200000,43971.27000000,44132.96000000,43673.92000000,44056.97000000,2483.78999000,120,120,False
1644991200000,1644998400000,44056.97000000,44191.77000000,43925.23000000,44184.20000000,1327.70505000,120,120,False
1644998400000,1645005600000,44184.19000000,44327.55000000,43992.99000000,44005.23000000,1935.05851000,120,120,False
1645005600000,1645012800000,44005.23000000,44260.00000000,43876.00000000,44173.15000000,1783.79331000,120,120,False
1645012800000,1645020000000,44173.15000000,44214.11000000,43521.00000000,43637.97000000,3159.60427000,120,120,False
1645020000000,1645027200000,43637.96000000,43735.99000000,43307.00000000,43598.63000000,3940.56683000,120,120,False
1645027200000,1645034400000,43598.62000000,43740.60000000,43350.00000000,43573.76000000,2030.43243000,120,120,False
1645034400000,1645041600000,43573.76000000,44344.64000000,43506.64000000,44220.00000000,4101.35435000,120,120,False
1645041600000,1645048800000,44219.99000000,44376.58000000,43877.68000000,44068.34000000,1740.36090000,120,120,False
1645048800000,1645056000000,44068.34000000,44168.64000000,43823.09000000,43873.56000000,1176.65113000,120,120,False
1645056000000,1645063200000,43873.56000000,44164.71000000,43822.28000000,44006.09000000,1639.45668000,120,120,False
1645063200000,1645070400000,44006.09000000,44095.73000000,43575.04000000,43583.05000000,1905.85746000,120,120,False
1645070400000,1645077600000,43580.00000000,43710.42000000,43350.00000000,43617.40000000,2633.34874000,120,120,False
1645077600000,1645084800000,43617.41000000,43950.00000000,43573.50000000,43919.46000000,1425.03881000,120,120,False
1645084800000,1645092000000,43919.46000000,44022.36000000,42900.00000000,43216.34000000,4444.21596000,120,120,False
1645092000000,1645099200000,43216.33000000,43342.00000000,42925.06000000,43164.05000000,2644.88333000,120,120,False
1645099200000,1645106400000,43164.05000000,43340.65000000,42142.27000000,42239.99000000,5675.64674000,120,120,False
1645106400000,1645113600000,42239.99000000,42392.00000000,41700.00000000,41925.44000000,7141.71496000,120,120,False
1645113600000,1645120800000,41925.44000000,42111.00000000,41600.00000000,41746.21000000,4283.51200000,120,120,False
1645120800000,1645128000000,41746.21000000,41868.83000000,40750.02000000,41201.62000000,6741.91420000,120,120,False
1645128000000,1645135200000,41204.22000000,41204.22000000,40073.21000000,40666.82000000,6378.42732000,120,120,False
1645135200000,1645142400000,40666.82000000,40761.06000000,40422.94000000,40515.70000000,2331.97874000,120,120,False
1645142400000,1645149600000,40515.71000000,40950.00000000,40300.00000000,40784.37000000,3637.58970000,120,120,False
1645149600000,1645156800000,40784.36000000,40886.26000000,40574.02000000,40691.98000000,1662.82829000,120,120,False
1645156800000,1645164000000,40691.97000000,40777.77000000,40493.31000000,40625.63000000,1691.41780000,120,120,False
1645164000000,1645171200000,40625.62000000,40780.64000000,40560.01000000,40665.81000000,1772.70246000,120,120,False
1645171200000,1645178400000,40665.81000000,40959.88000000,40654.11000000,40873.00000000,2198.24341000,120,120,False
1645178400000,1645185600000,40872.99000000,40877.21000000,40101.01000000,40178.94000000,3764.51353000,120,120,False
1645185600000,1645192800000,40178.95000000,40558.00000000,40082.09000000,40387.81000000,4559.29269000,120,120,False
1645192800000,1645200000000,40387.80000000,40799.00000000,39616.72000000,39832.03000000,11171.19531000,120,120,False
1645200000000,1645207200000,39832.02000000,40438.27000000,39450.00000000,40022.97000000,7115.48387000,120,120,False
1645207200000,1645214400000,40022.97000000,40340.00000000,39790.00000000,40216.80000000,2622.60686000,120,120,False
1645214400000,1645221600000,40216.79000000,40286.09000000,39900.00000000,39971.04000000,2014.10579000,120,120,False
1645221600000,1645228800000,39971.05000000,40082.39000000,39711.31000000,39974.44000000,1635.94270000,120,120,False
1645228800000,1645236000000,39974.45000000,40307.22000000,39915.89000000,40151.39000000,1710.12395000,120,120,False
1645236000000,1645243200000,40151.38000000,40227.14000000,40061.07000000,40125.12000000,874.40535000,120,120,False
1645243200000,1645250400000,40125.13000000,40285.79000000,40060.88000000,40237.75000000,1062.72520000,120,120,False
1645250400000,1645257600000,40237.76000000,40444.32000000,40208.67000000,40263.71000000,1216.94892000,120,120,False
1645257600000,1645264800000,40263.70000000,40301.11000000,39869.39000000,39926.26000000,1586.68780000,120,120,False
1645264800000,1645272000000,39926.26000000,40032.70000000,39648.60000000,39842.54000000,2677.63865000,120,120,False
1645272000000,1645279200000,39842.53000000,40076.94000000,39639.03000000,40017.88000000,2386.12772000,120,120,False
1645279200000,1645286400000,40017.88000000,40017.88000000,39771.31000000,39969.93000000,1537.06812000,120,120,False
1645286400000,1645293600000,39969.92000000,40345.62000000,39850.00000000,40142.43000000,2202.84281000,120,120,False
1645293600000,1645300800000,40142.43000000,40203.88000000,39904.44000000,39974.66000000,1038.15300000,120,120,False
1645300800000,1645308000000,39974.66000000,40107.17000000,39800.00000000,39921.63000000,1005.12355000,120,120,False
1645308000000,1645315200000,39921.63000000,40140.00000000,39874.06000000,40079.17000000,744.21003000,120,120,False
1645315200000,1645322400000,40079.17000000,40125.44000000,39824.54000000,39997.17000000,1079.59317000,120,120,False
1645322400000,1645329600000,39997.17000000,40019.74000000,39700.00000000,39794.59000000,1251.26213000,120,120,False
1645329600000,1645336800000,39794.59000000,39843.59000000,39285.30000000,39349.91000000,3241.31819000,120,120,False
1645336800000,1645344000000,39349.91000000,39443.27000000,38581.10000000,38796.64000000,6197.18457000,120,120,False
1645344000000,1645351200000,38796.63000000,38836.18000000,38000.00000000,38185.42000000,6763.38412000,120,120,False
1645351200000,1645358400000,38185.43000000,38378.27000000,38122.93000000,38343.99000000,2552.11727000,120,120,False
1645358400000,1645365600000,38343.99000000,38616.00000000,38180.00000000,38204.92000000,2528.96425000,120,120,False
1645365600000,1645372800000,38204.92000000,38415.49000000,38022.00000000,38335.04000000,2096.00504000,120,120,False
1645372800000,1645380000000,38337.20000000,38507.31000000,38205.00000000,38279.31000000,1691.94866000,120,120,False
1645380000000,1645387200000,38279.31000000,38456.00000000,38180.10000000,38397.22000000,1091.71626000,120,120,False
1645387200000,1645394400000,38397.22000000,38400.98000000,38048.49000000,38240.07000000,1700.83957000,120,120,False
1645394400000,1645401600000,38240.08000000,38979.12000000,38235.53000000,38386.89000000,3244.95688000,120,120,False
1645401600000,1645408800000,38386.89000000,39388.00000000,38182.98000000,39135.57000000,4396.32508000,120,120,False
1645408800000,1645416000000,39135.57000000,39250.00000000,38800.57000000,38919.25000000,2085.05443000,120,120,False
1645416000000,1645423200000,38919.25000000,39494.35000000,38909.26000000,39228.67000000,2265.54300000,120,120,False
1645423200000,1645430400000,39228.66000000,39320.69000000,39073.48000000,39294.07000000,1914.25133000,120,120,False
1645430400000,1645437600000,39294.06000000,39362.15000000,38873.72000000,38923.52000000,2614.18621000,120,120,False
1645437600000,1645444800000,38923.51000000,38981.50000000,37348.49000000,37577.33000000,7744.38247000,120,120,False
1645444800000,1645452000000,37576.10000000,37786.22000000,37213.63000000,37562.74000000,6983.14490000,120,120,False
1645452000000,1645459200000,37562.74000000,39283.07000000,37481.27000000,38827.94000000,10020.71467000,120,120,False
1645459200000,1645466400000,38827.93000000,39141.41000000,38478.30000000,38527.65000000,3578.38444000,120,120,False
1645466400000,1645473600000,38527.66000000,38655.73000000,37500.00000000,38135.21000000,8694.42102000,120,120,False
1645473600000,1645480800000,38135.20000000,38448.27000000,36912.08000000,37058.51000000,4760.09008000,120,120,False
1645480800000,1645488000000,37058.51000000,37779.54000000,36800.00000000,37008.16000000,7291.18733000,120,120,False
1645488000000,1645495200000,37008.16000000,37468.35000000,36810.00000000,37243.25000000,5135.25295000,120,120,False
1645495200000,1645502400000,37243.26000000,37243.26000000,36350.00000000,36591.06000000,6045.53114000,120,120,False
1645502400000,1645509600000,36591.06000000,37250.23000000,36550.47000000,36740.76000000,4395.11605000,120,120,False
1645509600000,1645516800000,36740.75000000,37010.00000000,36515.87000000,36771.66000000,4127.94532000,120,120,False
1645516800000,1645524000000,36771.65000000,37319.17000000,36756.53000000,37135.03000000,3550.08714000,120,120,False
1645524000000,1645531200000,37135.03000000,37865.00000000,37085.05000000,37519.48000000,5017.32581000,120,120,False
1645531200000,1645538400000,37519.47000000,37981.27000000,37274.38000000,37836.84000000,3810.06515000,120,120,False
1645538400000,1645545600000,37836.84000000,38298.48000000,37414.52000000,37759.90000000,7354.04598000,120,120,False
1645545600000,1645552800000,37759.90000000,37878.93000000,37380.00000000,37640.97000000,4731.48576000,120,120,False
1645552800000,1645560000000,37640.96000000,38169.08000000,37551.74000000,38065.32000000,4605.94462000,120,120,False
1645560000000,1645567200000,38065.32000000,38280.00000000,37775.36000000,37875.20000000,2901.23286000,120,120,False
1645567200000,1645574400000,37875.20000000,38429.00000000,37755.01000000,38230.33000000,2111.91311000,120,120,False
1645574400000,1645581600000,38230.33000000,38354.56000000,37938.07000000,38062.50000000,2313.71790000,120,120,False
1645581600000,1645588800000,38062.50000000,38206.97000000,37528.33000000,37750.67000000,2727.36477000,120,120,False
1645588800000,1645596000000,37750.66000000,38123.81000000,37712.93000000,37976.11000000,2203.56755000,120,120,False
1645596000000,1645603200000,37976.10000000,38213.11000000,37912.64000000,38151.17000000,2488.90663000,120,120,False
1645603200000,1645610400000,38151.16000000,38990.00000000,38081.12000000,38876.90000000,5715.26706000,120,120,False
1645610400000,1645617600000,38876.89000000,39125.47000000,38734.64000000,38782.91000000,3226.68568000,120,120,False
1645617600000,1645624800000,38782.91000000,39249.93000000,38749.36000000,38960.24000000,3321.13994000,120,120,False
1645624800000,1645632000000,38960.25000000,38990.99000000,38450.00000000,38512.51000000,4941.23867000,120,120,False
1645632000000,1645639200000,38512.51000000,38780.00000000,38005.24000000,38084.48000000,4779.83885000,120,120,False
1645639200000,1645646400000,38084.48000000,38109.88000000,37536.00000000,37615.81000000,4741.24799000,120,120,False
1645646400000,1645653600000,37615.81000000,37796.36000000,37381.92000000,37513.07000000,3146.93652000,120,120,False
1645653600000,1645660800000,37513.07000000,37720.03000000,37036.79000000,37250.01000000,3954.82044000,120,120,False
1645660800000,1645668000000,37250.02000000,37427.81000000,36638.00000000,36949.63000000,4583.51400000,120,120,False
1645668000000,1645675200000,36949.63000000,37019.63000000,34720.53000000,34936.89000000,17082.56203000,120,120,False
1645675200000,1645682400000,34936.90000000,35277.54000000,34322.28000000,34680.85000000,14939.12561000,120,120,False
1645682400000,1645689600000,34683.58000000,35515.83000000,34379.04000000,35312.05000000,11126.51224000,120,120,False
1645689600000,1645696800000,35312.04000000,35885.00000000,35180.98000000,35345.54000000,9847.18756000,120,120,False
1645696800000,1645704000000,35345.53000000,35598.00000000,34818.09000000,35442.22000000,9616.42715000,120,120,False
1645704000000,1645711200000,35442.23000000,35699.53000000,35035.00000000,35475.70000000,6343.34628000,120,120,False
1645711200000,1645718400000,35475.70000000,36100.00000000,35177.96000000,35919.96000000,11741.58172000,120,120,False
1645718400000,1645725600000,35919.96000000,36310.52000000,35721.96000000,35831.85000000,6898.96367000,120,120,False
1645725600000,1645732800000,35831.86000000,37366.36000000,35800.00000000,37300.00000000,9914.32686000,120,120,False
1645732800000,1645740000000,37300.00000000,39843.00000000,37286.02000000,38395.64000000,14699.31535000,120,120,False
1645740000000,1645747200000,38395.63000000,38481.80000000,37748.94000000,38327.21000000,3683.43211000,120,120,False
1645747200000,1645754400000,38328.68000000,38932.97000000,38138.54000000,38562.39000000,4359.00593000,120,120,False
1645754400000,1645761600000,38562.38000000,39030.01000000,38473.78000000,38923.36000000,4070.24355000,120,120,False
1645761600000,1645768800000,38923.37000000,38942.46000000,38291.61000000,38453.38000000,2688.05817000,120,120,False
1645768800000,1645776000000,38453.38000000,38817.83000000,38368.97000000,38466.24000000,5062.71860000,120,120,False
1645776000000,1645783200000,38466.25000000,38758.00000000,38014.37000000,38674.22000000,5735.78232000,120,120,False
1645783200000,1645790400000,38674.22000000,38876.91000000,38341.57000000,38745.01000000,4468.43645000,120,120,False
1645790400000,1645797600000,38745.00000000,39683.53000000,38739.07000000,39359.98000000,7905.94258000,120,120,False
1645797600000,1645804800000,39359.99000000,39568.46000000,38700.00000000,39410.92000000,8009.98983000,120,120,False
1645804800000,1645812000000,39415.46000000,39588.82000000,38872.70000000,38974.42000000,4315.96323000,120,120,False
1645812000000,1645819200000,38974.41000000,39041.21000000,38537.91000000,38676.14000000,4131.08499000,120,120,False
1645819200000,1645826400000,38676.13000000,39242.42000000,38601.00000000,38962.27000000,2571.11634000,120,120,False
1645826400000,1645833600000,38962.28000000,39600.00000000,38853.62000000,39219.17000000,3256.22926000,120,120,False
1645833600000,1645840800000,39219.16000000,40348.45000000,39076.14000000,39704.81000000,5264.18022000,120,120,False
1645840800000,1645848000000,39704.82000000,39725.00000000,39252.00000000,39390.33000000,1969.74430000,120,120,False
1645848000000,1645855200000,39390.33000000,39468.73000000,38955.82000000,39021.48000000,1934.36871000,120,120,False
1645855200000,1645862400000,39021.49000000,39218.13000000,38910.11000000,39200.00000000,1961.90420000,120,120,False
1645862400000,1645869600000,39200.00000000,39546.00000000,38573.18000000,38790.93000000,3759.38364000,120,120,False
1645869600000,1645876800000,38790.93000000,39173.99000000,38759.77000000,38928.21000000,2028.26610000,120,120,False
1645876800000,1645884000000,38928.22000000,39241.51000000,38772.15000000,39088.20000000,2108.54742000,120,120,False
1645884000000,1645891200000,39088.20000000,39378.60000000,38943.18000000,39215.66000000,2495.32764000,120,120,False
1645891200000,1645898400000,39215.66000000,39320.36000000,39036.73000000,39248.58000000,1655.96939000,120,120,False
1645898400000,1645905600000,39248.58000000,39440.00000000,38823.08000000,39254.12000000,2202.93863000,120,120,False
1645905600000,1645912800000,39254.12000000,39700.00000000,39213.20000000,39433.79000000,1974.26742000,120,120,False
1645912800000,1645920000000,39433.79000000,39467.04000000,38911.00000000,39116.72000000,2006.35913000,120,120,False
1645920000000,1645927200000,39116.73000000,39256.58000000,38217.01000000,38240.04000000,3877.60641000,120,120,False
1645927200000,1645934400000,38240.04000000,38685.08000000,38189.19000000,38606.81000000,1840.97291000,120,120,False
1645934400000,1645941600000,38606.80000000,38755.00000000,38458.80000000,38584.32000000,1429.92287000,120,120,False
1645941600000,1645948800000,38584.31000000,38875.99000000,38576.60000000,38790.93000000,1374.78524000,120,120,False
1645948800000,1645956000000,38790.92000000,39134.11000000,38621.57000000,39082.01000000,2397.98222000,120,120,False
1645956000000,1645963200000,39082.01000000,39548.17000000,38974.21000000,39479.80000000,3317.79662000,120,120,False
1645963200000,1645970400000,39479.80000000,39855.70000000,38565.14000000,39058.97000000,6413.54782000,120,120,False
1645970400000,1645977600000,39058.98000000,39430.00000000,38660.00000000,39357.03000000,4461.34596000,120,120,False
1645977600000,1645984800000,39357.03000000,39450.94000000,38930.32000000,38969.71000000,1910.33357000,120,120,False
1645984800000,1645992000000,38969.70000000,39157.14000000,37500.00000000,37606.49000000,6019.07742000,120,120,False
1645992000000,1645999200000,37604.40000000,38299.39000000,37000.00000000,37417.76000000,8640.72624000,120,120,False
1645999200000,1646006400000,37417.75000000,37957.87000000,37330.23000000,37699.07000000,4545.34991000,120,120,False
1646006400000,1646013600000,37699.08000000,38483.53000000,37450.17000000,37970.85000000,4235.15079000,120,120,False
1646013600000,1646020800000,37970.86000000,38102.58000000,37559.38000000,37793.80000000,2575.82956000,120,120,False
1646020800000,1646028000000,37793.80000000,38044.91000000,37731.41000000,37829.44000000,2089.99333000,120,120,False
1646028000000,1646035200000,37829.44000000,38478.28000000,37451.56000000,38347.58000000,4353.47160000,120,120,False
1646035200000,1646042400000,38347.58000000,38672.96000000,38100.53000000,38105.83000000,3489.09627000,120,120,False
1646042400000,1646049600000,38105.83000000,38484.84000000,38088.71000000,38333.65000000,2466.66652000,120,120,False
1646049600000,1646056800000,38333.65000000,38646.21000000,37934.89000000,38002.50000000,4311.15821000,120,120,False
1646056800000,1646064000000,38002.49000000,40898.00000000,38001.05000000,40824.96000000,17533.69820000,120,120,False
1646064000000,1646071200000,40824.96000000,41426.12000000,40693.18000000,41425.80000000,10157.51070000,120,120,False
1646071200000,1646078400000,41425.80000000,41463.41000000,41009.28000000,41329.44000000,4656.64183000,120,120,False
1646078400000,1646085600000,41329.44000000,41950.00000000,41248.41000000,41644.99000000,5168.49524000,120,120,False
1646085600000,1646092800000,41645.00000000,44225.84000000,41628.99000000,43160.00000000,12907.92633000,120,120,False
1646092800000,1646100000000,43160.00000000,43750.00000000,43155.68000000,43259.90000000,5785.99598000,120,120,False
1646100000000,1646107200000,43259.89000000,43292.60000000,42855.20000000,43147.71000000,4119.06970000,120,120,False
1646107200000,1646114400000,43147.71000000,43400.00000000,43073.67000000,43210.25000000,2572.90616000,120,120,False
1646114400000,1646121600000,43210.26000000,43562.35000000,43040.15000000,43492.96000000,3100.21768000,120,120,False
1646121600000,1646128800000,43492.96000000,43716.69000000,43138.16000000,43258.34000000,4319.87108000,120,120,False
1646128800000,1646136000000,43258.33000000,43887.00000000,42809.98000000,43609.96000000,5639.53553000,120,120,False
1646136000000,1646143200000,43609.96000000,44949.00000000,43574.90000000,44416.04000000,12111.41670000,120,120,False
1646143200000,1646150400000,44416.05000000,44664.19000000,43350.00000000,43643.69000000,8947.47554000,120,120,False
1646150400000,1646157600000,43643.69000000,44078.65000000,43111.46000000,43643.84000000,5729.60030000,120,120,False
1646157600000,1646164800000,43643.85000000,44063.22000000,43420.77000000,43719.49000000,3055.94470000,120,120,False
1646164800000,1646172000000,43719.49000000,44400.10000000,43684.16000000,43882.75000000,3776.68340000,120,120,False
1646172000000,1646179200000,43882.76000000,44506.65000000,43758.33000000,44421.20000000,2584.38196000,120,120,False
1646179200000,1646186400000,44421.20000000,44750.00000000,43819.97000000,44027.69000000,5240.33647000,120,120,False
1646186400000,1646193600000,44027.69000000,44554.21000000,43847.35000000,44324.65000000,3875.38206000,120,120,False
1646193600000,1646200800000,44324.64000000,44534.79000000,44075.36000000,44269.18000000,3572.07664000,120,120,False
1646200800000,1646208000000,44269.18000000,44375.61000000,43653.63000000,43973.09000000,3612.33361000,120,120,False
1646208000000,1646215200000,43973.09000000,44295.39000000,43738.27000000,43907.50000000,4335.06299000,120,120,False
1646215200000,1646222400000,43907.50000000,44341.25000000,43854.55000000,44103.28000000,2817.81694000,120,120,False
1646222400000,1646229600000,44103.29000000,44350.00000000,43334.09000000,43525.30000000,5443.65879000,120,120,False
1646229600000,1646236800000,43525.29000000,45400.00000000,43496.53000000,44126.52000000,15915.94343000,120,120,False
1646236800000,1646244000000,44126.51000000,44498.02000000,43715.99000000,43750.18000000,4879.62062000,120,120,False
1646244000000,1646251200000,43750.19000000,43934.40000000,43433.00000000,43704.42000000,3597.50219000,120,120,False
1646251200000,1646258400000,43704.41000000,44099.82000000,43681.30000000,44068.55000000,2159.98725000,120,120,False
1646258400000,1646265600000,44068.55000000,44380.00000000,43851.72000000,43892.98000000,2332.92982000,120,120,False
1646265600000,1646272800000,43892.99000000,44063.15000000,43663.50000000,43825.88000000,2468.27160000,120,120,False
1646272800000,1646280000000,43825.87000000,43843.25000000,43193.52000000,43305.77000000,4880.31177000,120,120,False
1646280000000,1646287200000,43305.76000000,43505.61000000,43249.83000000,43316.87000000,2027.87246000,120,120,False
1646287200000,1646294400000,43316.87000000,43696.83000000,42915.06000000,43477.05000000,3632.88020000,120,120,False
1646294400000,1646301600000,43477.04000000,43621.22000000,43095.93000000,43151.97000000,2680.71565000,120,120,False
1646301600000,1646308800000,43151.98000000,43599.00000000,43064.46000000,43382.23000000,3136.69493000,120,120,False
1646308800000,1646316000000,43382.23000000,44014.22000000,43307.47000000,43987.36000000,4511.00500000,120,120,False
1646316000000,1646323200000,43987.36000000,44101.12000000,42348.56000000,42547.34000000,10964.09440000,120,120,False
1646323200000,1646330400000,42547.34000000,42750.00000000,42055.64000000,42398.35000000,7126.73010000,120,120,False
1646330400000,1646337600000,42398.34000000,42524.30000000,42100.00000000,42226.74000000,2889.58441000,120,120,False
1646337600000,1646344800000,42226.74000000,42271.80000000,41832.28000000,42092.25000000,4057.43929000,120,120,False
1646344800000,1646352000000,42093.50000000,42703.65000000,42077.74000000,42454.00000000,2565.01040000,120,120,False
1646352000000,1646359200000,42454.00000000,42527.30000000,41069.91000000,41510.57000000,8012.41716000,120,120,False
1646359200000,1646366400000,41510.58000000,41548.20000000,41215.32000000,41449.94000000,2445.64786000,120,120,False
1646366400000,1646373600000,41449.93000000,41449.94000000,41100.00000000,41374.45000000,2804.12543000,120,120,False
1646373600000,1646380800000,41374.45000000,41499.48000000,41264.10000000,41436.98000000,2615.96466000,120,120,False
1646380800000,1646388000000,41436.98000000,41846.61000000,40863.01000000,41522.29000000,6700.02685000,120,120,False
1646388000000,1646395200000,41522.29000000,41904.88000000,41467.86000000,41662.07000000,2826.54671000,120,120,False
1646395200000,1646402400000,41662.06000000,41833.00000000,41244.37000000,41315.76000000,4141.57128000,120,120,False
1646402400000,1646409600000,41315.75000000,41536.70000000,40550.04000000,40694.32000000,9547.45010000,120,120,False
1646409600000,1646416800000,40694.32000000,40958.66000000,40414.24000000,40840.53000000,5153.96764000,120,120,False
1646416800000,1646424000000,40840.53000000,40926.39000000,39665.72000000,39782.13000000,5359.65129000,120,120,False
1646424000000,1646431200000,39782.13000000,39879.48000000,39061.53000000,39394.46000000,6450.87858000,120,120,False
1646431200000,1646438400000,39392.83000000,39473.07000000,38550.00000000,39148.66000000,5906.43742000,120,120,False
1646438400000,1646445600000,39148.65000000,39197.94000000,38564.04000000,38987.24000000,5093.57087000,120,120,False
1646445600000,1646452800000,38987.25000000,39119.12000000,38827.77000000,39050.62000000,2082.16248000,120,120,False
1646452800000,1646460000000,39050.61000000,39100.81000000,38407.59000000,39007.05000000,2886.06382000,120,120,False
1646460000000,1646467200000,39007.06000000,39140.51000000,38936.61000000,39016.73000000,2132.74154000,120,120,False
1646467200000,1646474400000,39016.74000000,39200.00000000,38948.91000000,39036.75000000,2192.91567000,120,120,False
1646474400000,1646481600000,39036.75000000,39294.47000000,38784.69000000,39129.59000000,2960.25681000,120,120,False
1646481600000,1646488800000,39129.58000000,39371.15000000,38889.75000000,39008.04000000,2758.46099000,120,120,False
1646488800000,1646496000000,39008.04000000,39189.77000000,38924.83000000,39160.01000000,1628.62817000,120,120,False
1646496000000,1646503200000,39160.00000000,39613.24000000,39122.33000000,39430.00000000,3954.55744000,120,120,False
1646503200000,1646510400000,39430.00000000,39459.24000000,39256.84000000,39433.71000000,1413.62718000,120,120,False
1646510400000,1646517600000,39433.71000000,39583.66000000,39345.12000000,39371.89000000,1809.35675000,120,120,False
1646517600000,1646524800000,39371.90000000,39479.01000000,39281.23000000,39397.96000000,1450.79169000,120,120,False
1646524800000,1646532000000,39397.97000000,39693.87000000,39345.82000000,39446.94000000,1696.46980000,120,120,False
1646532000000,1646539200000,39446.94000000,39550.00000000,39275.00000000,39300.54000000,1454.29751000,120,120,False
1646539200000,1646546400000,39300.53000000,39656.89000000,38814.73000000,39486.44000000,3860.42661000,120,120,False
1646546400000,1646553600000,39486.44000000,39606.96000000,39264.13000000,39387.57000000,1674.66556000,120,120,False
1646553600000,1646560800000,39387.56000000,39387.57000000,38623.93000000,38678.30000000,3751.69271000,120,120,False
1646560800000,1646568000000,38678.30000000,38728.60000000,38088.57000000,38352.48000000,6177.10417000,120,120,False
1646568000000,1646575200000,38352.48000000,39056.16000000,38296.12000000,38878.04000000,4444.01972000,120,120,False
1646575200000,1646582400000,38878.05000000,38961.51000000,38618.92000000,38862.61000000,2627.57668000,120,120,False
1646582400000,1646589600000,38862.62000000,39368.40000000,38733.37000000,39004.28000000,3463.55288000,120,120,False
1646589600000,1646596800000,39004.28000000,39135.30000000,38518.56000000,38670.66000000,2402.11021000,120,120,False
1646596800000,1646604000000,38670.65000000,39273.79000000,38628.78000000,39020.11000000,3392.76040000,120,120,False
1646604000000,1646611200000,39020.12000000,39200.00000000,38127.00000000,38420.81000000,4732.58533000,120,120,False
1646611200000,1646618400000,38420.80000000,38555.85000000,38005.00000000,38324.69000000,4624.00624000,120,120,False
1646618400000,1646625600000,38324.68000000,38372.21000000,37578.03000000,37869.45000000,6346.35500000,120,120,False
1646625600000,1646632800000,37869.46000000,38247.48000000,37760.08000000,38024.18000000,2724.07017000,120,120,False
1646632800000,1646640000000,38024.19000000,38214.16000000,37787.42000000,37895.24000000,2813.20571000,120,120,False
1646640000000,1646647200000,37895.24000000,38394.21000000,37649.46000000,38152.18000000,4041.96104000,120,120,False
1646647200000,1646654400000,38152.19000000,38399.54000000,37970.73000000,38337.05000000,3166.85635000,120,120,False
1646654400000,1646661600000,38337.05000000,39183.49000000,38337.05000000,39025.77000000,6008.56495000,120,120,False
1646661600000,1646668800000,39025.78000000,39285.00000000,38631.00000000,39071.48000000,6933.05711000,120,120,False
1646668800000,1646676000000,39071.49000000,39547.57000000,38526.60000000,38601.70000000,6944.97619000,120,120,False
1646676000000,1646683200000,38601.70000000,38601.71000000,37192.78000000,37308.94000000,9190.37537000,120,120,False
1646683200000,1646690400000,37308.94000000,38267.56000000,37155.00000000,37836.35000000,6439.79830000,120,120,False
1646690400000,1646697600000,37836.35000000,38517.82000000,37788.58000000,37988.00000000,4760.88916000,120,120,False
1646697600000,1646704800000,37988.01000000,38492.90000000,37867.65000000,38268.96000000,4560.92346000,120,120,False
1646704800000,1646712000000,38268.97000000,38972.08000000,38141.55000000,38695.87000000,3697.37201000,120,120,False
1646712000000,1646719200000,38696.56000000,38831.70000000,38230.00000000,38351.80000000,2634.51495000,120,120,False
1646719200000,1646726400000,38351.81000000,38758.88000000,38001.00000000,38547.79000000,4968.30179000,120,120,False
1646726400000,1646733600000,38547.79000000,39120.00000000,38460.28000000,38985.67000000,4918.06008000,120,120,False
1646733600000,1646740800000,38985.67000000,39186.58000000,38710.08000000,38983.05000000,3654.38329000,120,120,False
1646740800000,1646748000000,38983.05000000,39226.99000000,38614.56000000,38877.00000000,5051.86194000,120,120,False
1646748000000,1646755200000,38876.99000000,39176.51000000,38307.07000000,38658.34000000,8063.98684000,120,120,False
1646755200000,1646762400000,38658.34000000,39159.00000000,38139.84000000,39071.93000000,7539.99437000,120,120,False
1646762400000,1646769600000,39071.94000000,39362.08000000,38465.44000000,38764.88000000,6396.82839000,120,120,False
1646769600000,1646776800000,38764.87000000,38897.68000000,38388.73000000,38494.34000000,2814.10440000,120,120,False
1646776800000,1646784000000,38494.34000000,38780.49000000,38472.61000000,38730.63000000,1282.73486000,120,120,False
1646784000000,1646791200000,38730.63000000,39308.75000000,38656.45000000,39215.42000000,3523.45183000,120,120,False
1646791200000,1646798400000,39215.42000000,41448.84000000,39132.36000000,41217.73000000,11523.34552000,120,120,False
1646798400000,1646805600000,41217.73000000,41884.00000000,41217.72000000,41515.86000000,8594.50481000,120,120,False
1646805600000,1646812800000,41515.86000000,41812.33000000,41422.47000000,41791.10000000,3934.63843000,120,120,False
1646812800000,1646820000000,41791.10000000,42438.81000000,41626.28000000,42009.91000000,7415.18021000,120,120,False
1646820000000,1646827200000,42007.62000000,42400.00000000,41955.41000000,42151.66000000,4808.17172000,120,120,False
1646827200000,1646834400000,42151.65000000,42545.45000000,41626.86000000,41869.16000000,6789.59918000,120,120,False
1646834400000,1646841600000,41869.16000000,42594.06000000,41850.00000000,42520.99000000,6954.53427000,120,120,False
1646841600000,1646848800000,42520.99000000,42558.96000000,42103.08000000,42320.15000000,3762.34958000,120,120,False
1646848800000,1646856000000,42320.15000000,42327.82000000,41773.19000000,42204.65000000,4769.08267000,120,120,False
1646856000000,1646863200000,42204.65000000,42320.00000000,41683.06000000,41876.77000000,3217.68716000,120,120,False
1646863200000,1646870400000,41876.77000000,42141.24000000,41738.86000000,41941.71000000,2100.04261000,120,120,False
1646870400000,1646877600000,41941.70000000,42039.63000000,40815.76000000,40930.71000000,6885.75670000,120,120,False
1646877600000,1646884800000,40930.70000000,41066.13000000,40545.08000000,40768.51000000,6355.87989000,120,120,False
1646884800000,1646892000000,40768.50000000,40834.93000000,38848.48000000,39209.53000000,12919.51788000,120,120,False
1646892000000,1646899200000,39212.19000000,39424.00000000,39047.85000000,39238.90000000,4369.32744000,120,120,False
1646899200000,1646906400000,39238.90000000,39317.32000000,38782.14000000,39151.03000000,5585.70405000,120,120,False
1646906400000,1646913600000,39151.03000000,39245.92000000,38942.55000000,39076.38000000,3086.44295000,120,120,False
1646913600000,1646920800000,39076.39000000,40292.44000000,38539.73000000,38864.68000000,12299.65959000,120,120,False
1646920800000,1646928000000,38864.68000000,39750.00000000,38792.57000000,39179.54000000,8231.28178000,120,120,False
1646928000000,1646935200000,39179.55000000,39294.99000000,38904.63000000,39164.28000000,3975.92860000,120,120,False
1646935200000,1646942400000,39164.27000000,39567.05000000,39010.85000000,39430.56000000,3279.48073000,120,120,False
1646942400000,1646949600000,39431.80000000,39680.00000000,39259.51000000,39316.99000000,2774.44156000,120,120,False
1646949600000,1646956800000,39316.99000000,39595.68000000,39050.00000000,39422.00000000,2199.51037000,120,120,False
1646956800000,1646964000000,39422.01000000,39439.65000000,38566.00000000,38679.24000000,4361.47306000,120,120,False
1646964000000,1646971200000,38679.23000000,38858.42000000,38223.60000000,38714.97000000,5517.79384000,120,120,False
1646971200000,1646978400000,38714.97000000,38794.31000000,38337.03000000,38771.50000000,3301.39331000,120,120,False
1646978400000,1646985600000,38771.50000000,39348.87000000,38676.69000000,39132.09000000,4886.80890000,120,120,False
1646985600000,1646992800000,39132.10000000,39189.87000000,38856.83000000,39020.47000000,2857.91049000,120,120,False
1646992800000,1647000000000,39020.47000000,40219.34000000,38806.86000000,39893.68000000,8839.32930000,120,120,False
1647000000000,1647007200000,39894.08000000,40236.26000000,39182.61000000,39258.60000000,8698.32738000,120,120,False
1647007200000,1647014400000,39259.07000000,39601.14000000,38908.00000000,39080.26000000,6506.24180000,120,120,False
1647014400000,1647021600000,39080.26000000,39094.84000000,38577.00000000,38815.80000000,5119.81948000,120,120,False
1647021600000,1647028800000,38815.79000000,38879.22000000,38500.00000000,38792.59000000,2749.43858000,120,120,False
1647028800000,1647036000000,38792.58000000,38999.73000000,38308.83000000,38852.13000000,4438.33811000,120,120,False
1647036000000,1647043200000,38852.14000000,39177.48000000,38729.00000000,38729.57000000,1741.88995000,120,120,False
1647043200000,1647050400000,38729.57000000,39327.99000000,38660.52000000,39185.00000000,2465.60206000,120,120,False
1647050400000,1647057600000,39184.99000000,39268.37000000,39044.28000000,39088.94000000,1732.47701000,120,120,False
1647057600000,1647064800000,39088.93000000,39200.00000000,38931.80000000,39170.82000000,1450.71980000,120,120,False
1647064800000,1647072000000,39170.82000000,39261.46000000,39000.37000000,39104.99000000,1500.12678000,120,120,False
1647072000000,1647079200000,39104.99000000,39230.00000000,38957.47000000,39171.68000000,1708.85932000,120,120,False
1647079200000,1647086400000,39171.67000000,39284.46000000,39012.00000000,39079.16000000,1720.27037000,120,120,False
1647086400000,1647093600000,39079.17000000,39262.95000000,39012.00000000,39074.74000000,1741.28344000,120,120,False
1647093600000,1647100800000,39074.73000000,39172.46000000,38678.22000000,39042.04000000,3854.24060000,120,120,False
1647100800000,1647108000000,39042.05000000,39486.71000000,38976.57000000,39099.58000000,3710.04056000,120,120,False
1647108000000,1647115200000,39099.59000000,39152.51000000,38930.71000000,39030.08000000,1585.89491000,120,120,False
1647115200000,1647122400000,39030.08000000,39210.00000000,38987.05000000,39091.99000000,1160.37225000,120,120,False
1647122400000,1647129600000,39092.00000000,39169.69000000,38730.67000000,38807.36000000,1404.47722000,120,120,False
1647129600000,1647136800000,38807.35000000,39276.28000000,38703.73000000,38993.01000000,2396.87172000,120,120,False
1647136800000,1647144000000,38993.00000000,39229.99000000,38981.00000000,39194.08000000,1253.86999000,120,120,False
1647144000000,1647151200000,39194.07000000,39310.00000000,39100.82000000,39122.07000000,865.92189000,120,120,False
1647151200000,1647158400000,39122.06000000,39200.00000000,39069.00000000,39089.77000000,1094.24359000,120,120,False
1647158400000,1647165600000,39089.76000000,39129.22000000,38848.25000000,38970.67000000,2443.76749000,120,120,False
1647165600000,1647172800000,38970.67000000,39021.71000000,38601.81000000,38741.12000000,3519.12218000,120,120,False
1647172800000,1647180000000,38741.13000000,38938.63000000,38370.00000000,38749.98000000,5020.54158000,120,120,False
1647180000000,1647187200000,38749.99000000,39074.93000000,38725.43000000,38936.00000000,2455.77901000,120,120,False
1647187200000,1647194400000,38936.00000000,39059.00000000,38851.00000000,38944.98000000,2679.75993000,120,120,False
1647194400000,1647201600000,38944.97000000,39067.00000000,38856.00000000,38869.02000000,1374.44530000,120,120,False
1647201600000,1647208800000,38869.02000000,38869.03000000,38555.00000000,38741.00000000,1839.76761000,120,120,False
1647208800000,1647216000000,38740.99000000,38838.18000000,37578.51000000,37777.34000000,7847.73330000,120,120,False
1647216000000,1647223200000,37777.35000000,38357.75000000,37555.00000000,38062.99000000,4753.36226000,120,120,False
1647223200000,1647230400000,38064.35000000,38188.00000000,37975.40000000,38144.05000000,2247.56240000,120,120,False
1647230400000,1647237600000,38144.06000000,38921.00000000,38126.29000000,38468.03000000,4208.46240000,120,120,False
1647237600000,1647244800000,38468.02000000,39184.66000000,38458.96000000,39078.92000000,4972.80792000,120,120,False
1647244800000,1647252000000,39078.91000000,39299.98000000,38853.74000000,39155.00000000,4073.99570000,120,120,False
1647252000000,1647259200000,39154.99000000,39181.46000000,38842.89000000,38897.64000000,2217.25087000,120,120,False
1647259200000,1647266400000,38897.64000000,38987.40000000,38612.01000000,38873.90000000,4263.26051000,120,120,False
1647266400000,1647273600000,38873.91000000,39174.79000000,38745.00000000,38964.25000000,4851.32389000,120,120,False
1647273600000,1647280800000,38964.26000000,39055.00000000,38552.23000000,38736.43000000,3424.90168000,120,120,False
1647280800000,1647288000000,38736.42000000,38864.84000000,38415.40000000,38813.00000000,3232.84722000,120,120,False
1647288000000,1647295200000,38814.18000000,38940.00000000,38606.41000000,38729.97000000,1713.73608000,120,120,False
1647295200000,1647302400000,38729.97000000,39947.12000000,38677.68000000,39671.37000000,6985.94282000,120,120,False
1647302400000,1647309600000,39671.37000000,39804.68000000,38774.65000000,38825.81000000,5016.12896000,120,120,False
1647309600000,1647316800000,38826.87000000,39118.91000000,38636.70000000,38768.41000000,2475.11057000,120,120,False
1647316800000,1647324000000,38768.41000000,38865.18000000,38689.60000000,38755.98000000,1401.09220000,120,120,False
1647324000000,1647331200000,38755.99000000,38990.61000000,38098.33000000,38439.50000000,4583.50156000,120,120,False
1647331200000,1647338400000,38439.50000000,38690.00000000,38254.35000000,38581.61000000,3282.83797000,120,120,False
1647338400000,1647345600000,38579.98000000,38786.74000000,38555.83000000,38645.01000000,2633.69537000,120,120,False
1647345600000,1647352800000,38645.01000000,38940.00000000,38465.70000000,38717.01000000,3804.18526000,120,120,False
1647352800000,1647360000000,38717.01000000,39270.24000000,38660.00000000,39017.11000000,6375.33768000,120,120,False
1647360000000,1647367200000,39017.11000000,39400.00000000,38926.15000000,39296.21000000,4583.25564000,120,120,False
1647367200000,1647374400000,39296.20000000,39805.43000000,39182.99000000,39735.71000000,4850.38682000,120,120,False
1647374400000,1647381600000,39735.71000000,39863.42000000,39280.92000000,39653.00000000,3947.86570000,120,120,False
1647381600000,1647388800000,39652.99000000,39887.61000000,39232.61000000,39280.33000000,3062.15153000,120,120,False
1647388800000,1647396000000,39280.33000000,39625.00000000,39088.00000000,39512.48000000,3393.51235000,120,120,False
1647396000000,1647403200000,39512.49000000,41718.00000000,38828.48000000,39160.00000000,21356.04742000,120,120,False
1647403200000,1647410400000,39160.00000000,39494.08000000,38911.00000000,39321.24000000,3588.80622000,120,120,False
1647410400000,1647417600000,39321.24000000,39676.65000000,39257.89000000,39581.00000000,3709.56154000,120,120,False
1647417600000,1647424800000,39581.01000000,40731.30000000,39563.63000000,40507.25000000,7421.35528000,120,120,False
1647424800000,1647432000000,40507.24000000,40680.64000000,40163.26000000,40521.60000000,4659.06111000,120,120,False
1647432000000,1647439200000,40521.60000000,40695.80000000,40252.06000000,40633.84000000,4262.07966000,120,120,False
1647439200000,1647446400000,40633.83000000,41194.60000000,40375.92000000,40611.67000000,7421.57280000,120,120,False
1647446400000,1647453600000,40611.67000000,40761.55000000,40041.40000000,40426.71000000,6757.36010000,120,120,False
1647453600000,1647460800000,40426.70000000,40950.00000000,39311.53000000,40880.17000000,16967.43732000,120,120,False
1647460800000,1647468000000,40880.17000000,41471.36000000,40766.19000000,41102.42000000,5996.33582000,120,120,False
1647468000000,1647475200000,41102.41000000,41214.36000000,40780.00000000,41114.00000000,2587.63205000,120,120,False
1647475200000,1647482400000,41114.01000000,41310.00000000,40820.00000000,41213.81000000,2635.02205000,120,120,False
1647482400000,1647489600000,41213.80000000,41393.01000000,40902.42000000,41014.71000000,2931.34348000,120,120,False
1647489600000,1647496800000,41014.71000000,41478.82000000,40903.28000000,41062.31000000,3195.13264000,120,120,False
1647496800000,1647504000000,41062.30000000,41102.98000000,40543.52000000,40726.05000000,4615.80586000,120,120,False
1647504000000,1647511200000,40726.06000000,40899.92000000,40679.71000000,40821.00000000,2414.25535000,120,120,False
1647511200000,1647518400000,40821.00000000,40841.78000000,40500.00000000,40748.51000000,3244.36672000,120,120,False
1647518400000,1647525600000,40748.50000000,41233.27000000,40704.89000000,41114.00000000,5280.56017000,120,120,False
1647525600000,1647532800000,41114.01000000,41162.46000000,40750.00000000,40798.56000000,3722.67020000,120,120,False
1647532800000,1647540000000,40798.56000000,40890.11000000,40565.39000000,40776.38000000,3068.78456000,120,120,False
1647540000000,1647547200000,40776.38000000,40878.96000000,40741.40000000,40871.85000000,1939.19391000,120,120,False
1647547200000,1647554400000,40871.86000000,41000.13000000,40639.77000000,41000.01000000,2119.43893000,120,120,False
1647554400000,1647561600000,41000.01000000,41068.90000000,40865.71000000,40917.90000000,2022.80700000,120,120,False
1647561600000,1647568800000,40917.89000000,40933.11000000,40215.59000000,40541.74000000,3880.05327000,120,120,False
1647568800000,1647576000000,40541.73000000,40624.99000000,40428.06000000,40522.19000000,1858.77964000,120,120,False
1647576000000,1647583200000,40522.18000000,40897.00000000,40432.35000000,40757.01000000,2551.52286000,120,120,False
1647583200000,1647590400000,40757.01000000,40838.00000000,40552.74000000,40570.67000000,1729.61237000,120,120,False
1647590400000,1647597600000,40570.67000000,40750.00000000,40452.08000000,40505.61000000,2771.67114000,120,120,False
1647597600000,1647604800000,40505.62000000,40637.54000000,40135.04000000,40390.41000000,3880.12170000,120,120,False
1647604800000,1647612000000,40390.40000000,40615.79000000,40300.00000000,40591.90000000,3276.96052000,120,120,False
1647612000000,1647619200000,40591.91000000,41072.96000000,40442.00000000,40931.08000000,6923.57637000,120,120,False
1647619200000,1647626400000,40931.08000000,41698.47000000,40904.98000000,41661.86000000,7428.87626000,120,120,False
1647626400000,1647633600000,41661.87000000,42063.97000000,41594.45000000,42042.72000000,4986.62453000,120,120,False
1647633600000,1647640800000,42042.71000000,42325.02000000,41625.36000000,41804.08000000,3967.78049000,120,120,False
1647640800000,1647648000000,41804.09000000,41879.67000000,41633.00000000,41757.51000000,2152.43054000,120,120,False
1647648000000,1647655200000,41757.51000000,42000.00000000,41682.05000000,41719.11000000,2868.44568000,120,120,False
1647655200000,1647662400000,41719.12000000,41830.00000000,41499.29000000,41793.66000000,2349.69901000,120,120,False
1647662400000,1647669600000,41793.65000000,41944.64000000,41672.56000000,41737.21000000,1882.61852000,120,120,False
1647669600000,1647676800000,41737.20000000,41790.78000000,41535.22000000,41610.00000000,2353.28103000,120,120,False
1647676800000,1647684000000,41609.99000000,41756.63000000,41575.06000000,41667.16000000,1432.17116000,120,120,False
1647684000000,1647691200000,41667.16000000,41791.52000000,41591.83000000,41721.78000000,1805.48610000,120,120,False
1647691200000,1647698400000,41721.78000000,41932.00000000,41667.05000000,41730.94000000,2258.55274000,120,120,False
1647698400000,1647705600000,41730.95000000,42085.62000000,41652.90000000,41937.68000000,3491.97051000,120,120,False
1647705600000,1647712800000,41937.68000000,42163.50000000,41802.02000000,41889.42000000,3179.40738000,120,120,False
1647712800000,1647720000000,41889.41000000,42092.49000000,41824.59000000,42034.88000000,2203.95220000,120,120,False
1647720000000,1647727200000,42034.87000000,42400.00000000,41895.98000000,42115.73000000,2453.97462000,120,120,False
1647727200000,1647734400000,42115.73000000,42296.38000000,41715.43000000,42201.13000000,2787.62213000,120,120,False
1647734400000,1647741600000,42201.13000000,42296.26000000,41794.59000000,41965.16000000,3581.15813000,120,120,False
1647741600000,1647748800000,41965.15000000,42046.99000000,41770.38000000,41942.34000000,1434.78669000,120,120,False
1647748800000,1647756000000,41941.99000000,41972.14000000,41751.99000000,41897.05000000,1478.73978000,120,120,False
1647756000000,1647763200000,41897.05000000,42007.99000000,41783.00000000,41863.99000000,1407.87322000,120,120,False
1647763200000,1647770400000,41863.99000000,41937.99000000,41575.00000000,41765.22000000,2152.95211000,120,120,False
1647770400000,1647777600000,41765.22000000,41833.25000000,41586.85000000,41586.86000000,2600.45084000,120,120,False
1647777600000,1647784800000,41586.85000000,41699.00000000,41319.13000000,41485.48000000,3401.73118000,120,120,False
1647784800000,1647792000000,41485.47000000,41672.64000000,41252.67000000,41340.30000000,3212.68624000,120,120,False
1647792000000,1647799200000,41340.30000000,41502.83000000,40911.00000000,41033.01000000,3918.03333000,120,120,False
1647799200000,1647806400000,41033.00000000,41412.32000000,40938.67000000,41379.03000000,2563.63526000,120,120,False
1647806400000,1647813600000,41379.03000000,41677.65000000,41092.02000000,41358.83000000,2524.01234000,120,120,False
1647813600000,1647820800000,41358.83000000,41440.00000000,41124.54000000,41262.11000000,2377.27556000,120,120,False
1647820800000,1647828000000,41262.11000000,41451.51000000,41171.99000000,41226.00000000,2088.16165000,120,120,False
1647828000000,1647835200000,41226.00000000,41281.30000000,40467.94000000,40832.93000000,5172.83911000,120,120,False
1647835200000,1647842400000,40832.93000000,40965.69000000,40714.81000000,40945.18000000,1986.85493000,120,120,False
1647842400000,1647849600000,40945.19000000,41136.17000000,40764.77000000,41102.01000000,2877.38220000,120,120,False
1647849600000,1647856800000,41102.00000000,41358.03000000,41084.01000000,41330.38000000,2738.01010000,120,120,False
1647856800000,1647864000000,41330.38000000,41492.14000000,41178.25000000,41244.28000000,2312.94837000,120,120,False
1647864000000,1647871200000,41244.27000000,41544.22000000,40915.00000000,41104.03000000,4676.78106000,120,120,False
1647871200000,1647878400000,41104.03000000,41249.81000000,40738.48000000,41224.48000000,5647.01502000,120,120,False
1647878400000,1647885600000,41224.48000000,41240.31000000,40759.18000000,41056.40000000,4097.83208000,120,120,False
1647885600000,1647892800000,41056.40000000,41197.50000000,40863.54000000,41180.55000000,3078.90622000,120,120,False
1647892800000,1647900000000,41180.54000000,41315.77000000,41060.61000000,41305.52000000,2311.27462000,120,120,False
1647900000000,1647907200000,41305.53000000,41370.00000000,40950.00000000,41002.25000000,2438.24341000,120,120,False
1647907200000,1647914400000,41002.26000000,41189.32000000,40875.51000000,41180.69000000,2266.02513000,120,120,False
1647914400000,1647921600000,41180.69000000,42497.00000000,41154.28000000,42236.46000000,9388.96230000,120,120,False
1647921600000,1647928800000,42236.46000000,43361.00000000,42236.46000000,42850.00000000,10004.25451000,120,120,False
1647928800000,1647936000000,42850.00000000,42871.66000000,41995.01000000,42215.94000000,8139.90571000,120,120,False
1647936000000,1647943200000,42215.95000000,42700.61000000,42085.74000000,42460.99000000,4857.73498000,120,120,False
1647943200000,1647950400000,42461.00000000,43030.20000000,42445.92000000,42983.00000000,4627.56211000,120,120,False
1647950400000,1647957600000,42983.00000000,43085.00000000,42681.29000000,42826.15000000,4245.87266000,120,120,False
1647957600000,1647964800000,42826.32000000,43199.00000000,42561.28000000,42573.81000000,5658.30774000,120,120,False
1647964800000,1647972000000,42573.80000000,42700.00000000,42453.70000000,42616.99000000,2675.91244000,120,120,False
1647972000000,1647979200000,42616.98000000,42711.37000000,42263.01000000,42284.41000000,2771.59082000,120,120,False
1647979200000,1647986400000,42284.40000000,42872.17000000,42263.01000000,42833.03000000,2458.14884000,120,120,False
1647986400000,1647993600000,42833.04000000,42833.04000000,42258.68000000,42364.13000000,2360.66570000,120,120,False
1647993600000,1648000800000,42364.13000000,42492.15000000,41884.00000000,42322.66000000,4287.95681000,120,120,False
1648000800000,1648008000000,42322.66000000,42529.99000000,42049.96000000,42073.94000000,2558.39951000,120,120,False
1648008000000,1648015200000,42073.93000000,42196.71000000,41751.47000000,42021.36000000,3122.80000000,120,120,False
1648015200000,1648022400000,42021.35000000,42259.38000000,41954.34000000,42107.74000000,2267.58343000,120,120,False
1648022400000,1648029600000,42107.73000000,42345.32000000,41980.87000000,42166.63000000,3289.30400000,120,120,False
1648029600000,1648036800000,42166.63000000,42273.57000000,41878.82000000,42039.78000000,2361.26843000,120,120,False
1648036800000,1648044000000,42039.77000000,42450.00000000,41881.00000000,42020.98000000,4971.81392000,120,120,False
1648044000000,1648051200000,42020.99000000,42737.39000000,41969.00000000,42618.18000000,5551.54332000,120,120,False
1648051200000,1648058400000,42618.18000000,42775.10000000,42059.00000000,42160.33000000,4697.95537000,120,120,False
1648058400000,1648065600000,42160.33000000,42353.50000000,42050.37000000,42216.79000000,2642.07526000,120,120,False
1648065600000,1648072800000,42216.79000000,42410.00000000,42189.73000000,42385.37000000,1518.31243000,120,120,False
1648072800000,1648080000000,42385.37000000,43025.96000000,42335.12000000,42882.76000000,3559.85791000,120,120,False
1648080000000,1648087200000,42882.76000000,43276.12000000,42700.00000000,42827.45000000,6482.31897000,120,120,False
1648087200000,1648094400000,42827.45000000,42967.45000000,42650.00000000,42712.87000000,2423.62586000,120,120,False
1648094400000,1648101600000,42712.87000000,43045.00000000,42712.87000000,43012.49000000,2505.55789000,120,120,False
1648101600000,1648108800000,43012.50000000,43478.00000000,42900.00000000,43077.74000000,4718.88503000,120,120,False
1648108800000,1648116000000,43077.75000000,43220.00000000,42840.92000000,43021.01000000,5467.33655000,120,120,False
1648116000000,1648123200000,43021.01000000,43101.76000000,42867.33000000,42968.42000000,2738.97965000,120,120,False
1648123200000,1648130400000,42968.42000000,43072.59000000,42560.46000000,42984.86000000,5739.45824000,120,120,False
1648130400000,1648137600000,42984.85000000,44036.93000000,42889.08000000,44000.01000000,12206.53987000,120,120,False
1648137600000,1648144800000,44000.00000000,44220.89000000,43803.00000000,43815.11000000,6462.05967000,120,120,False
1648144800000,1648152000000,43815.10000000,44077.55000000,43757.10000000,43908.30000000,3346.14489000,120,120,False
1648152000000,1648159200000,43908.31000000,44083.85000000,43807.27000000,44031.77000000,2108.20362000,120,120,False
1648159200000,1648166400000,44031.76000000,44100.00000000,43870.50000000,43991.46000000,1996.01350000,120,120,False
1648166400000,1648173600000,43991.46000000,44398.53000000,43854.38000000,44130.75000000,4928.20522000,120,120,False
1648173600000,1648180800000,44130.76000000,44158.99000000,43870.00000000,43968.16000000,3433.06459000,120,120,False
1648180800000,1648188000000,43968.17000000,44104.92000000,43904.94000000,44074.21000000,2117.48919000,120,120,False
1648188000000,1648195200000,44074.22000000,44200.00000000,43901.10000000,43904.97000000,3601.64680000,120,120,False
1648195200000,1648202400000,43904.97000000,44164.78000000,43579.00000000,44120.00000000,5086.24872000,120,120,False
1648202400000,1648209600000,44119.99000000,44664.20000000,44065.57000000,44585.28000000,5247.49826000,120,120,False
1648209600000,1648216800000,44585.28000000,45050.00000000,44450.84000000,44980.18000000,7517.30362000,120,120,False
1648216800000,1648224000000,44980.18000000,45094.14000000,44187.69000000,44318.21000000,8618.02769000,120,120,False
1648224000000,1648231200000,44318.21000000,44596.29000000,44013.11000000,44328.42000000,7033.21151000,120,120,False
1648231200000,1648238400000,44328.43000000,44517.27000000,44164.97000000,44444.95000000,3185.77249000,120,120,False
1648238400000,1648245600000,44444.94000000,44646.06000000,44358.21000000,44525.36000000,2100.99658000,120,120,False
1648245600000,1648252800000,44525.35000000,44525.36000000,44230.59000000,44313.16000000,1744.97181000,120,120,False
1648252800000,1648260000000,44313.16000000,44453.48000000,44071.97000000,44295.04000000,2058.02022000,120,120,False
1648260000000,1648267200000,44295.04000000,44430.00000000,44195.32000000,44394.03000000,1916.27425000,120,120,False
1648267200000,1648274400000,44394.04000000,44517.23000000,44355.98000000,44498.45000000,1549.92774000,120,120,False
1648274400000,1648281600000,44498.45000000,44548.24000000,44364.20000000,44510.07000000,1697.70884000,120,120,False
1648281600000,1648288800000,44510.07000000,44578.00000000,44419.24000000,44472.19000000,1458.04580000,120,120,False
1648288800000,1648296000000,44472.20000000,44494.46000000,44318.94000000,44334.49000000,1227.40813000,120,120,False
1648296000000,1648303200000,44334.50000000,44397.78000000,44167.52000000,44251.67000000,2532.20260000,120,120,False
1648303200000,1648310400000,44251.68000000,44330.00000000,44153.94000000,44205.31000000,1763.08341000,120,120,False
1648310400000,1648317600000,44205.30000000,44431.75000000,44140.76000000,44372.81000000,1844.40682000,120,120,False
1648317600000,1648324800000,44372.82000000,44464.92000000,44303.91000000,44367.49000000,1771.28639000,120,120,False
1648324800000,1648332000000,44367.49000000,44792.99000000,44255.00000000,44444.99000000,3877.94375000,120,120,False
1648332000000,1648339200000,44444.98000000,44570.60000000,44363.54000000,44511.27000000,1345.30946000,120,120,False
1648339200000,1648346400000,44511.27000000,44770.17000000,44484.11000000,44724.97000000,2431.48210000,120,120,False
1648346400000,1648353600000,44724.96000000,44950.00000000,44619.70000000,44713.01000000,2038.12115000,120,120,False
1648353600000,1648360800000,44713.01000000,44759.17000000,44542.01000000,44639.00000000,1152.80696000,120,120,False
1648360800000,1648368000000,44639.01000000,44750.00000000,44618.01000000,44734.06000000,1168.03575000,120,120,False
1648368000000,1648375200000,44734.06000000,44747.94000000,44539.86000000,44539.86000000,1325.59824000,120,120,False
1648375200000,1648382400000,44539.95000000,44636.34000000,44469.38000000,44569.50000000,1448.17783000,120,120,False
1648382400000,1648389600000,44569.50000000,44647.24000000,44421.46000000,44616.24000000,2136.48319000,120,120,False
1648389600000,1648396800000,44616.23000000,44933.45000000,44523.23000000,44857.52000000,3111.73669000,120,120,False
1648396800000,1648404000000,44857.53000000,45036.04000000,44740.00000000,44919.53000000,3455.86409000,120,120,False
1648404000000,1648411200000,44919.53000000,44980.70000000,44810.25000000,44830.66000000,1131.52571000,120,120,False
1648411200000,1648418400000,44830.66000000,46800.00000000,44678.12000000,46552.08000000,14330.56560000,120,120,False
1648418400000,1648425600000,46552.07000000,46999.00000000,46357.98000000,46827.76000000,8144.51340000,120,120,False
1648425600000,1648432800000,46827.76000000,47650.00000000,46663.56000000,46810.50000000,7871.54212000,120,120,False
1648432800000,1648440000000,46810.50000000,47049.41000000,46766.42000000,47049.40000000,2677.48481000,120,120,False
1648440000000,1648447200000,47049.40000000,47371.99000000,46864.40000000,47056.19000000,6129.36986000,120,120,False
1648447200000,1648454400000,47056.19000000,47200.00000000,46716.83000000,46989.24000000,5884.10911000,120,120,False
1648454400000,1648461600000,46989.24000000,47188.48000000,46845.98000000,47140.89000000,3187.32850000,120,120,False
1648461600000,1648468800000,47140.89000000,47383.05000000,47064.05000000,47252.54000000,3746.15042000,120,120,False
1648468800000,1648476000000,47252.54000000,47756.43000000,47123.54000000,47724.13000000,4889.62143000,120,120,False
1648476000000,1648483200000,47724.12000000,47908.05000000,47349.52000000,47422.51000000,6959.15062000,120,120,False
1648483200000,1648490400000,47422.51000000,47673.95000000,47300.65000000,47599.06000000,3345.34497000,120,120,False
1648490400000,1648497600000,47599.06000000,48189.84000000,47556.37000000,47956.28000000,6412.47994000,120,120,False
1648497600000,1648504800000,47956.28000000,48094.11000000,47444.08000000,47629.22000000,3621.78167000,120,120,False
1648504800000,1648512000000,47629.21000000,47753.24000000,46885.44000000,47122.21000000,4224.89795000,120,120,False
1648512000000,1648519200000,47122.21000000,47606.01000000,47050.00000000,47537.04000000,3326.68151000,120,120,False
1648519200000,1648526400000,47537.05000000,47596.50000000,47315.00000000,47335.06000000,1915.63752000,120,120,False
1648526400000,1648533600000,47335.06000000,47671.24000000,47320.65000000,47641.03000000,2104.46092000,120,120,False
1648533600000,1648540800000,47641.03000000,47753.75000000,47344.44000000,47344.44000000,2043.44503000,120,120,False
1648540800000,1648548000000,47344.45000000,47737.53000000,47334.69000000,47591.82000000,2255.81595000,120,120,False
1648548000000,1648555200000,47591.82000000,47963.24000000,47438.38000000,47896.10000000,2742.80438000,120,120,False
1648555200000,1648562400000,47896.09000000,48096.47000000,47544.99000000,47695.81000000,5094.87572000,120,120,False
1648562400000,1648569600000,47695.81000000,48020.00000000,47345.00000000,47440.00000000,4401.97607000,120,120,False
1648569600000,1648576800000,47440.00000000,47547.00000000,47105.50000000,47456.48000000,4748.39992000,120,120,False
1648576800000,1648584000000,47456.48000000,47871.02000000,47368.40000000,47701.49000000,3025.20840000,120,120,False
1648584000000,1648591200000,47701.49000000,47726.00000000,47180.00000000,47270.18000000,2010.82339000,120,120,False
1648591200000,1648598400000,47270.19000000,47515.95000000,46950.85000000,47434.80000000,3102.15576000,120,120,False
1648598400000,1648605600000,47434.79000000,47439.55000000,46445.42000000,46865.28000000,4745.74789000,120,120,False
1648605600000,1648612800000,46865.28000000,47457.16000000,46800.00000000,47435.46000000,4197.00508000,120,120,False
1648612800000,1648620000000,47435.46000000,47550.64000000,47140.46000000,47484.99000000,2479.46821000,120,120,False
1648620000000,1648627200000,47484.99000000,47580.00000000,47335.63000000,47384.44000000,2242.86061000,120,120,False
1648627200000,1648634400000,47384.44000000,47500.00000000,47190.86000000,47257.91000000,2817.20708000,120,120,False
1648634400000,1648641600000,47257.91000000,47465.65000000,47064.81000000,47319.91000000,2622.02786000,120,120,False
1648641600000,1648648800000,47319.92000000,47344.50000000,46897.00000000,46984.00000000,3969.81312000,120,120,False
1648648800000,1648656000000,46984.01000000,47232.00000000,46869.00000000,47160.81000000,3295.72449000,120,120,False
1648656000000,1648663200000,47160.82000000,47700.22000000,47024.46000000,47659.50000000,4522.74014000,120,120,False
1648663200000,1648670400000,47659.50000000,47690.18000000,46831.81000000,47073.89000000,4279.95801000,120,120,False
1648670400000,1648677600000,47073.89000000,47292.68000000,46908.04000000,46987.49000000,2291.05137000,120,120,False
1648677600000,1648684800000,46987.49000000,47239.06000000,46850.00000000,47067.99000000,3483.60464000,120,120,False
1648684800000,1648692000000,47067.99000000,47425.21000000,46973.91000000,47400.00000000,2480.77936000,120,120,False
1648692000000,1648699200000,47400.00000000,47418.13000000,47070.01000000,47095.56000000,1799.63227000,120,120,False
1648699200000,1648706400000,47095.55000000,47150.00000000,46898.12000000,47095.23000000,2870.71301000,120,120,False
1648706400000,1648713600000,47095.23000000,47170.71000000,47027.27000000,47160.76000000,1552.18587000,120,120,False
1648713600000,1648720800000,47160.75000000,47343.75000000,47000.00000000,47301.02000000,3180.83802000,120,120,False
1648720800000,1648728000000,47301.03000000,47386.70000000,47080.00000000,47152.01000000,2326.52197000,120,120,False
1648728000000,1648735200000,47152.00000000,47600.00000000,46913.12000000,46913.13000000,6045.29343000,120,120,False
1648735200000,1648742400000,46913.13000000,46913.51000000,46230.00000000,46453.81000000,9336.16001000,120,120,False
1648742400000,1648749600000,46453.81000000,46492.65000000,45651.35000000,45820.00000000,8679.76478000,120,120,False
1648749600000,1648756800000,45819.99000000,45987.94000000,45500.00000000,45581.97000000,3987.81789000,120,120,False
1648756800000,1648764000000,45581.98000000,45849.99000000,45519.03000000,45757.19000000,2438.01247000,120,120,False
1648764000000,1648771200000,45757.19000000,45820.34000000,45200.00000000,45510.34000000,3947.40759000,120,120,False
1648771200000,1648778400000,45510.35000000,45644.86000000,44868.00000000,44923.77000000,5966.19746000,120,120,False
1648778400000,1648785600000,44923.77000000,45049.03000000,44200.00000000,44599.98000000,8444.75076000,120,120,False
1648785600000,1648792800000,44599.98000000,44789.99000000,44547.11000000,44646.16000000,3179.57082000,120,120,False
1648792800000,1648800000000,44646.15000000,45110.81000000,44567.94000000,45015.69000000,4001.87055000,120,120,False
1648800000000,1648807200000,45015.68000000,45323.91000000,44990.48000000,45076.00000000,4609.62339000,120,120,False
1648807200000,1648814400000,45076.01000000,45283.17000000,45019.80000000,45064.26000000,2980.98677000,120,120,False
1648814400000,1648821600000,45064.25000000,45603.85000000,44701.01000000,45430.12000000,6735.07384000,120,120,False
1648821600000,1648828800000,45430.12000000,46720.09000000,45420.00000000,46532.00000000,9033.34159000,120,120,False
1648828800000,1648836000000,46531.99000000,46587.81000000,45893.98000000,46465.50000000,4878.39191000,120,120,False
1648836000000,1648843200000,46465.48000000,46602.00000000,46140.00000000,46361.68000000,3074.14590000,120,120,False
1648843200000,1648850400000,46361.68000000,46439.56000000,46075.85000000,46305.07000000,1593.98419000,120,120,False
1648850400000,1648857600000,46305.07000000,46398.00000000,46120.20000000,46283.49000000,1773.12756000,120,120,False
1648857600000,1648864800000,46283.49000000,47213.00000000,46081.93000000,46745.50000000,6868.43880000,120,120,False
1648864800000,1648872000000,46745.49000000,46844.59000000,46233.83000000,46599.93000000,2696.00650000,120,120,False
1648872000000,1648879200000,46599.93000000,46684.40000000,46410.63000000,46541.38000000,1449.75941000,120,120,False
1648879200000,1648886400000,46541.38000000,46648.73000000,46419.38000000,46584.49000000,1862.52515000,120,120,False
1648886400000,1648893600000,46584.49000000,46734.76000000,46490.00000000,46682.50000000,2109.67410000,120,120,False
1648893600000,1648900800000,46682.50000000,46753.15000000,46542.84000000,46542.84000000,1701.57841000,120,120,False
1648900800000,1648908000000,46542.84000000,46941.11000000,46225.75000000,46735.11000000,5082.32940000,120,120,False
1648908000000,1648915200000,46735.10000000,46801.50000000,46130.03000000,46295.06000000,3393.23813000,120,120,False
1648915200000,1648922400000,46295.06000000,46487.01000000,46155.00000000,46359.10000000,2445.02766000,120,120,False
1648922400000,1648929600000,46359.10000000,46394.77000000,45620.00000000,46120.24000000,5308.16922000,120,120,False
1648929600000,1648936800000,46120.25000000,46350.00000000,45909.04000000,46231.00000000,2258.44568000,120,120,False
1648936800000,1648944000000,46231.00000000,46333.26000000,45756.94000000,45811.00000000,1898.34336000,120,120,False
1648944000000,1648951200000,45810.99000000,46065.83000000,45530.92000000,45846.00000000,3466.81339000,120,120,False
1648951200000,1648958400000,45845.99000000,45970.00000000,45718.23000000,45943.25000000,1487.26639000,120,120,False
1648958400000,1648965600000,45943.26000000,46380.96000000,45927.83000000,46355.93000000,1632.60051000,120,120,False
1648965600000,1648972800000,46355.93000000,46570.00000000,46291.56000000,46363.82000000,2509.12933000,120,120,False
1648972800000,1648980000000,46363.83000000,46446.80000000,46168.92000000,46362.66000000,1621.52873000,120,120,False
1648980000000,1648987200000,46362.66000000,46400.00000000,46076.92000000,46252.59000000,1530.64727000,120,120,False
1648987200000,1648994400000,46252.59000000,46670.04000000,46188.00000000,46441.27000000,3396.05113000,120,120,False
1648994400000,1649001600000,46441.27000000,46723.00000000,46301.67000000,46412.49000000,2380.61355000,120,120,False
1649001600000,1649008800000,46412.49000000,46519.35000000,46220.16000000,46394.95000000,2213.30183000,120,120,False
1649008800000,1649016000000,46394.96000000,46770.65000000,46352.04000000,46405.50000000,2953.60117000,120,120,False
1649016000000,1649023200000,46405.49000000,46980.00000000,46332.25000000,46980.00000000,2117.54149000,120,120,False
1649023200000,1649030400000,46980.00000000,47444.11000000,46248.84000000,46407.35000000,8085.58315000,120,120,False
1649030400000,1649037600000,46407.36000000,46461.14000000,45744.77000000,45863.28000000,5605.64038000,120,120,False
1649037600000,1649044800000,45863.28000000,46174.46000000,45756.94000000,46005.44000000,1770.18655000,120,120,False
1649044800000,1649052000000,46005.43000000,46244.01000000,45834.39000000,46231.67000000,2260.77440000,120,120,False
1649052000000,1649059200000,46231.67000000,46293.38000000,46083.62000000,46173.99000000,1735.97938000,120,120,False
1649059200000,1649066400000,46174.00000000,46287.97000000,45863.91000000,45904.99000000,2825.79728000,120,120,False
1649066400000,1649073600000,45905.00000000,46199.11000000,45787.00000000,46160.09000000,2987.88989000,120,120,False
1649073600000,1649080800000,46160.08000000,46249.00000000,45869.00000000,46168.57000000,2893.45276000,120,120,False
1649080800000,1649088000000,46168.56000000,46359.00000000,45555.00000000,45633.88000000,5666.65410000,120,120,False
1649088000000,1649095200000,45633.88000000,45815.82000000,45176.90000000,45375.27000000,4726.34557000,120,120,False
1649095200000,1649102400000,45375.28000000,45940.35000000,45118.00000000,45925.76000000,4006.75812000,120,120,False
1649102400000,1649109600000,45925.77000000,46588.85000000,45626.02000000,46449.06000000,6426.03292000,120,120,False
1649109600000,1649116800000,46449.07000000,46890.71000000,46372.05000000,46580.51000000,3736.36379000,120,120,False
1649116800000,1649124000000,46580.50000000,46694.66000000,46412.62000000,46632.24000000,2402.00281000,120,120,False
1649124000000,1649131200000,46632.23000000,46777.77000000,46555.55000000,46645.82000000,1920.48374000,120,120,False
1649131200000,1649138400000,46645.83000000,46884.49000000,46617.77000000,46699.99000000,2078.74566000,120,120,False
1649138400000,1649145600000,46700.00000000,46754.76000000,46549.82000000,46709.99000000,1627.26769000,120,120,False
1649145600000,1649152800000,46710.00000000,46737.89000000,46558.80000000,46571.41000000,2390.22135000,120,120,False
1649152800000,1649160000000,46571.42000000,46740.00000000,46522.52000000,46683.37000000,2456.23822000,120,120,False
1649160000000,1649167200000,46683.37000000,47200.00000000,46333.00000000,46423.92000000,7307.41163000,120,120,False
1649167200000,1649174400000,46423.91000000,46466.13000000,45667.40000000,45763.72000000,7988.72560000,120,120,False
1649174400000,1649181600000,45763.73000000,46191.00000000,45600.00000000,45969.01000000,4548.75940000,120,120,False
1649181600000,1649188800000,45969.01000000,46050.00000000,45457.89000000,46032.50000000,4323.25309000,120,120,False
1649188800000,1649196000000,46032.49000000,46107.58000000,45627.42000000,45953.55000000,2537.31406000,120,120,False
1649196000000,1649203200000,45953.56000000,46050.22000000,45353.81000000,45497.55000000,2612.32527000,120,120,False
1649203200000,1649210400000,45497.54000000,45506.67000000,44412.00000000,45188.86000000,8122.81256000,120,120,False
1649210400000,1649217600000,45188.87000000,45368.29000000,45139.93000000,45215.88000000,1584.35516000,120,120,False
1649217600000,1649224800000,45215.88000000,45444.83000000,45119.00000000,45375.00000000,1611.58736000,120,120,False
1649224800000,1649232000000,45374.99000000,45507.14000000,45233.59000000,45276.04000000,2589.68777000,120,120,False
1649232000000,1649239200000,45276.04000000,45399.28000000,45177.48000000,45330.20000000,2057.31143000,120,120,False
1649239200000,1649246400000,45330.19000000,45453.94000000,44665.91000000,44819.19000000,5698.38706000,120,120,False
1649246400000,1649253600000,44819.19000000,44999.99000000,44130.12000000,44165.90000000,7153.59530000,120,120,False
1649253600000,1649260800000,44165.90000000,44496.97000000,43705.64000000,44168.35000000,9985.35595000,120,120,False
1649260800000,1649268000000,44168.36000000,44274.80000000,43393.74000000,43815.28000000,7191.64602000,120,120,False
1649268000000,1649275200000,43815.28000000,44298.61000000,43177.11000000,43754.57000000,9249.77615000,120,120,False
1649275200000,1649282400000,43754.56000000,44041.10000000,43725.34000000,43845.82000000,2331.90282000,120,120,False
1649282400000,1649289600000,43845.81000000,43865.27000000,43121.00000000,43170.47000000,3272.91178000,120,120,False
1649289600000,1649296800000,43170.47000000,43559.09000000,42727.35000000,43374.97000000,5963.41745000,120,120,False
1649296800000,1649304000000,43374.97000000,43430.00000000,43120.14000000,43294.04000000,2482.26332000,120,120,False
1649304000000,1649311200000,43294.04000000,43494.48000000,43210.47000000,43399.99000000,2387.14615000,120,120,False
1649311200000,1649318400000,43399.99000000,43545.74000000,43300.00000000,43445.33000000,2175.53897000,120,120,False
1649318400000,1649325600000,43445.34000000,43553.14000000,43269.50000000,43457.98000000,2156.09865000,120,120,False
1649325600000,1649332800000,43457.98000000,43834.52000000,43302.01000000,43766.74000000,3764.37187000,120,120,False
1649332800000,1649340000000,43766.75000000,43900.99000000,43330.09000000,43659.98000000,3899.81353000,120,120,False
1649340000000,1649347200000,43659.98000000,43781.97000000,43024.86000000,43331.81000000,4913.75104000,120,120,False
1649347200000,1649354400000,43331.82000000,43695.12000000,43266.68000000,43657.68000000,3202.65550000,120,120,False
1649354400000,1649361600000,43657.68000000,43819.99000000,43375.36000000,43388.92000000,2897.63488000,120,120,False
1649361600000,1649368800000,43388.93000000,43600.06000000,43208.00000000,43520.07000000,1668.99033000,120,120,False
1649368800000,1649376000000,43520.07000000,43750.00000000,43425.22000000,43444.19000000,1884.85987000,120,120,False
1649376000000,1649383200000,43444.20000000,43647.92000000,43305.57000000,43607.61000000,2025.40059000,120,120,False
1649383200000,1649390400000,43607.61000000,43694.15000000,43550.00000000,43605.96000000,1319.93668000,120,120,False
1649390400000,1649397600000,43605.95000000,43678.20000000,43476.97000000,43654.30000000,1169.12228000,120,120,False
1649397600000,1649404800000,43654.30000000,43780.32000000,43416.74000000,43763.52000000,2743.84174000,120,120,False
1649404800000,1649412000000,43763.53000000,43970.62000000,43499.83000000,43588.73000000,3568.22065000,120,120,False
1649412000000,1649419200000,43588.72000000,43621.85000000,43260.76000000,43298.79000000,2768.13156000,120,120,False
1649419200000,1649426400000,43298.79000000,43417.96000000,42751.01000000,42906.67000000,5349.64732000,120,120,False
1649426400000,1649433600000,42906.66000000,43961.99000000,42888.80000000,43648.01000000,6355.56810000,120,120,False
1649433600000,1649440800000,43648.01000000,43714.97000000,42801.26000000,43004.38000000,4530.99545000,120,120,False
1649440800000,1649448000000,43004.37000000,43320.76000000,42414.00000000,42730.84000000,6954.61810000,120,120,False
1649448000000,1649455200000,42730.84000000,42870.70000000,42450.88000000,42563.36000000,2267.10889000,120,120,False
1649455200000,1649462400000,42563.36000000,42660.03000000,42107.14000000,42252.01000000,3322.45067000,120,120,False
1649462400000,1649469600000,42252.02000000,42466.87000000,42160.00000000,42433.40000000,2151.50993000,120,120,False
1649469600000,1649476800000,42433.40000000,42448.16000000,42125.48000000,42380.00000000,1895.29727000,120,120,False
1649476800000,1649484000000,42380.00000000,42640.00000000,42341.79000000,42586.04000000,1570.41694000,120,120,False
1649484000000,1649491200000,42586.04000000,42601.84000000,42364.25000000,42481.09000000,1203.55094000,120,120,False
1649491200000,1649498400000,42481.08000000,42509.04000000,42372.54000000,42443.11000000,1070.21852000,120,120,False
1649498400000,1649505600000,42443.11000000,42540.00000000,42322.72000000,42445.10000000,1164.51492000,120,120,False
1649505600000,1649512800000,42445.09000000,42522.44000000,42397.39000000,42456.86000000,1284.09887000,120,120,False
1649512800000,1649520000000,42456.86000000,42500.20000000,42158.67000000,42260.77000000,2224.35887000,120,120,False
1649520000000,1649527200000,42253.02000000,42613.80000000,42183.60000000,42575.67000000,1922.99880000,120,120,False
1649527200000,1649534400000,42575.67000000,42631.69000000,42448.11000000,42511.94000000,1045.70626000,120,120,False
1649534400000,1649541600000,42511.95000000,42638.00000000,42390.00000000,42558.06000000,844.59105000,120,120,False
1649541600000,1649548800000,42558.06000000,42800.00000000,42488.23000000,42753.97000000,1514.39810000,120,120,False
1649548800000,1649556000000,42753.96000000,42786.02000000,42591.00000000,42767.23000000,1099.29461000,120,120,False
1649556000000,1649563200000,42767.22000000,42896.64000000,42731.10000000,42785.72000000,1014.79245000,120,120,False
1649563200000,1649570400000,42785.72000000,42799.00000000,42650.00000000,42656.70000000,816.36682000,120,120,False
1649570400000,1649577600000,42656.70000000,42796.01000000,42575.40000000,42633.59000000,1008.68481000,120,120,False
1649577600000,1649584800000,42633.59000000,42716.75000000,42489.01000000,42523.95000000,1144.13548000,120,120,False
1649584800000,1649592000000,42523.94000000,42715.84000000,42433.49000000,42680.36000000,1207.08875000,120,120,False
1649592000000,1649599200000,42680.35000000,42850.00000000,42525.00000000,42575.53000000,1751.69171000,120,120,False
1649599200000,1649606400000,42575.54000000,42776.77000000,42541.50000000,42747.47000000,1299.02134000,120,120,False
1649606400000,1649613600000,42747.48000000,43310.15000000,42659.64000000,43103.62000000,3194.11607000,120,120,False
1649613600000,1649620800000,43103.61000000,43290.00000000,43075.00000000,43235.77000000,1509.37090000,120,120,False
1649620800000,1649628000000,43235.77000000,43410.30000000,42654.93000000,42706.00000000,2028.37053000,120,120,False
1649628000000,1649635200000,42706.71000000,42740.88000000,41868.00000000,42158.85000000,6698.16056000,120,120,False
1649635200000,1649642400000,42158.85000000,42414.71000000,41755.00000000,42159.32000000,3754.41948000,120,120,False
1649642400000,1649649600000,42159.32000000,42225.77000000,41800.00000000,42111.22000000,5078.28094000,120,120,False
1649649600000,1649656800000,42111.21000000,42312.75000000,42084.56000000,42287.60000000,1820.25593000,120,120,False
1649656800000,1649664000000,42287.61000000,42350.29000000,42153.80000000,42305.75000000,1787.85473000,120,120,False
1649664000000,1649671200000,42305.74000000,42350.00000000,41392.80000000,41416.22000000,5260.42109000,120,120,False
1649671200000,1649678400000,41416.22000000,41646.55000000,40968.11000000,41067.63000000,8594.26361000,120,120,False
1649678400000,1649685600000,41067.64000000,41246.61000000,40684.80000000,41141.13000000,6799.21964000,120,120,False
1649685600000,1649692800000,41141.13000000,41220.90000000,40560.00000000,40581.51000000,4767.82558000,120,120,False
1649692800000,1649700000000,40581.52000000,40896.83000000,40250.00000000,40459.07000000,6385.23478000,120,120,False
1649700000000,1649707200000,40459.07000000,40598.43000000,39770.35000000,39985.33000000,6671.81962000,120,120,False
1649707200000,1649714400000,39985.34000000,40269.60000000,39275.68000000,39395.29000000,7099.66751000,120,120,False
1649714400000,1649721600000,39395.29000000,39978.62000000,39200.00000000,39530.45000000,5541.18430000,120,120,False
1649721600000,1649728800000,39530.45000000,39852.95000000,39357.64000000,39504.54000000,5103.20372000,120,120,False
1649728800000,1649736000000,39504.54000000,39750.01000000,39290.00000000,39747.13000000,3491.04512000,120,120,False
1649736000000,1649743200000,39747.14000000,40145.00000000,39624.71000000,40105.78000000,4616.82798000,120,120,False
1649743200000,1649750400000,40105.78000000,40196.39000000,39834.98000000,40183.97000000,4763.60340000,120,120,False
1649750400000,1649757600000,40183.97000000,40344.60000000,40016.09000000,40212.26000000,3548.54237000,120,120,False
1649757600000,1649764800000,40212.25000000,40464.00000000,40094.66000000,40378.00000000,3373.96403000,120,120,False
1649764800000,1649772000000,40378.00000000,40699.00000000,40154.99000000,40401.03000000,10165.63623000,120,120,False
1649772000000,1649779200000,40401.03000000,40436.31000000,39800.00000000,40179.13000000,6278.92127000,120,120,False
1649779200000,1649786400000,40179.12000000,40376.80000000,39922.98000000,40014.72000000,4392.00487000,120,120,False
1649786400000,1649793600000,40014.71000000,40056.52000000,39261.39000000,39303.10000000,5640.65319000,120,120,False
1649793600000,1649800800000,39303.10000000,39750.15000000,39254.63000000,39693.79000000,2968.93018000,120,120,False
1649800800000,1649808000000,39693.80000000,40289.02000000,39555.51000000,40074.94000000,3407.68542000,120,120,False
1649808000000,1649815200000,40074.95000000,40189.00000000,39588.54000000,39882.90000000,2683.21755000,120,120,False
1649815200000,1649822400000,39882.90000000,40275.00000000,39706.19000000,40076.05000000,2250.18515000,120,120,False
1649822400000,1649829600000,40076.05000000,40211.90000000,39931.51000000,40187.90000000,1436.28118000,120,120,False
1649829600000,1649836800000,40187.89000000,40228.41000000,39858.34000000,40130.00000000,2278.15338000,120,120,False
1649836800000,1649844000000,40129.99000000,40212.75000000,40005.00000000,40079.99000000,2011.14904000,120,120,False
1649844000000,1649851200000,40080.00000000,40142.11000000,39656.10000000,39722.64000000,2858.61178000,120,120,False
1649851200000,1649858400000,39722.63000000,40569.99000000,39622.87000000,40521.75000000,5846.64509000,120,120,False
1649858400000,1649865600000,40521.75000000,41411.00000000,40365.00000000,41158.18000000,9277.66361000,120,120,False
1649865600000,1649872800000,41158.18000000,41347.69000000,40829.00000000,41043.91000000,5037.70342000,120,120,False
1649872800000,1649880000000,41043.91000000,41561.31000000,40990.62000000,41059.30000000,3508.69034000,120,120,False
1649880000000,1649887200000,41059.31000000,41337.00000000,41000.00000000,41219.72000000,1780.39090000,120,120,False
1649887200000,1649894400000,41219.73000000,41404.58000000,41075.04000000,41147.79000000,2373.58110000,120,120,False
1649894400000,1649901600000,41147.78000000,41500.00000000,41064.35000000,41470.01000000,2764.33773000,120,120,False
1649901600000,1649908800000,41470.00000000,41473.24000000,41271.08000000,41320.00000000,2053.08584000,120,120,False
1649908800000,1649916000000,41320.00000000,41413.11000000,41230.56000000,41308.44000000,1527.13553000,120,120,False
1649916000000,1649923200000,41308.45000000,41360.00000000,41156.90000000,41271.66000000,1881.63700000,120,120,False
1649923200000,1649930400000,41271.66000000,41324.93000000,40973.51000000,41186.69000000,2681.56797000,120,120,False
1649930400000,1649937600000,41186.70000000,41225.00000000,40851.50000000,40919.99000000,2824.29538000,120,120,False
1649937600000,1649944800000,40919.99000000,41300.00000000,40516.48000000,40605.62000000,5514.65954000,120,120,False
1649944800000,1649952000000,40605.63000000,40659.82000000,39925.21000000,39964.02000000,6781.64850000,120,120,False
1649952000000,1649959200000,39964.01000000,40069.00000000,39772.58000000,39986.83000000,4489.68693000,120,120,False
1649959200000,1649966400000,39986.84000000,40028.94000000,39551.94000000,39775.82000000,3182.96777000,120,120,False
1649966400000,1649973600000,39775.81000000,40000.00000000,39662.46000000,39970.00000000,1820.95078000,120,120,False
1649973600000,1649980800000,39969.99000000,40017.26000000,39806.25000000,39942.38000000,1285.04104000,120,120,False
1649980800000,1649988000000,39942.37000000,40180.00000000,39766.40000000,39941.00000000,2298.15348000,120,120,False
1649988000000,1649995200000,39941.01000000,40207.25000000,39909.06000000,40200.94000000,1471.65946000,120,120,False
1649995200000,1650002400000,40200.95000000,40266.47000000,40062.61000000,40132.73000000,1504.20352000,120,120,False
1650002400000,1650009600000,40132.74000000,40449.96000000,39953.20000000,40239.43000000,2625.05644000,120,120,False
1650009600000,1650016800000,40239.43000000,40396.59000000,40036.06000000,40112.16000000,2408.66541000,120,120,False
1650016800000,1650024000000,40112.17000000,40399.00000000,40087.47000000,40220.00000000,1902.89271000,120,120,False
1650024000000,1650031200000,40220.00000000,40258.26000000,40010.20000000,40039.87000000,1920.71751000,120,120,False
1650031200000,1650038400000,40039.87000000,40870.36000000,39900.00000000,40412.20000000,4326.08557000,120,120,False
1650038400000,1650045600000,40412.21000000,40650.01000000,40203.68000000,40436.01000000,2529.98002000,120,120,False
1650045600000,1650052800000,40436.01000000,40472.25000000,40276.00000000,40313.35000000,1180.23957000,120,120,False
1650052800000,1650060000000,40313.35000000,40465.00000000,40281.35000000,40426.00000000,799.97134000,120,120,False
1650060000000,1650067200000,40425.99000000,40602.00000000,40341.12000000,40551.90000000,1058.73236000,120,120,False
1650067200000,1650074400000,40551.90000000,40709.35000000,40468.25000000,40579.99000000,1205.06273000,120,120,False
1650074400000,1650081600000,40579.99000000,40595.02000000,40410.75000000,40434.12000000,1065.88789000,120,120,False
1650081600000,1650088800000,40434.11000000,40563.46000000,40373.91000000,40456.82000000,1050.25899000,120,120,False
1650088800000,1650096000000,40456.82000000,40456.82000000,40353.54000000,40393.77000000,870.51696000,120,120,False
1650096000000,1650103200000,40393.77000000,40447.71000000,40277.00000000,40328.79000000,1269.35730000,120,120,False
1650103200000,1650110400000,40328.80000000,40492.91000000,40310.05000000,40416.95000000,1398.66076000,120,120,False
1650110400000,1650117600000,40416.94000000,40472.01000000,40341.83000000,40438.15000000,1335.64628000,120,120,False
1650117600000,1650124800000,40438.16000000,40577.57000000,39991.55000000,40062.68000000,2826.24531000,120,120,False
1650124800000,1650132000000,40062.67000000,40236.01000000,40005.78000000,40153.00000000,1210.59112000,120,120,False
1650132000000,1650139200000,40152.99000000,40250.00000000,40106.98000000,40210.00000000,747.98117000,120,120,False
1650139200000,1650146400000,40210.01000000,40600.00000000,40185.45000000,40485.28000000,1118.32448000,120,120,False
1650146400000,1650153600000,40485.28000000,40699.55000000,40360.11000000,40378.71000000,1706.91419000,120,120,False
1650153600000,1650160800000,40378.70000000,40423.00000000,40300.84000000,40387.43000000,745.58571000,120,120,False
1650160800000,1650168000000,40387.44000000,40387.44000000,40122.05000000,40230.86000000,1128.66305000,120,120,False
1650168000000,1650175200000,40230.87000000,40430.00000000,40226.55000000,40364.48000000,617.20329000,120,120,False
1650175200000,1650182400000,40364.47000000,40391.71000000,40234.79000000,40285.15000000,695.72773000,120,120,False
1650182400000,1650189600000,40285.15000000,40529.79000000,40280.00000000,40419.82000000,1261.99751000,120,120,False
1650189600000,1650196800000,40419.82000000,40485.00000000,40363.60000000,40464.77000000,898.59960000,120,120,False
1650196800000,1650204000000,40464.77000000,40595.67000000,40250.02000000,40306.56000000,2085.90672000,120,120,False
1650204000000,1650211200000,40306.53000000,40485.82000000,40200.00000000,40445.30000000,1450.02519000,120,120,False
1650211200000,1650218400000,40445.30000000,40476.07000000,40050.00000000,40101.72000000,1923.41278000,120,120,False
1650218400000,1650225600000,40101.72000000,40450.00000000,39833.31000000,40370.46000000,2689.47448000,120,120,False
1650225600000,1650232800000,40370.46000000,40459.52000000,40127.00000000,40208.14000000,1321.39061000,120,120,False
1650232800000,1650240000000,40208.15000000,40340.22000000,39546.17000000,39678.12000000,5170.50592000,120,120,False
1650240000000,1650247200000,39678.11000000,39828.62000000,39580.05000000,39752.13000000,2533.97002000,120,120,False
1650247200000,1650254400000,39752.13000000,39896.98000000,39721.24000000,39813.17000000,1531.12866000,120,120,False
1650254400000,1650261600000,39813.17000000,39847.24000000,38536.51000000,38922.21000000,8575.28150000,120,120,False
1650261600000,1650268800000,38922.21000000,39070.05000000,38791.73000000,38919.85000000,3053.78330000,120,120,False
1650268800000,1650276000000,38919.85000000,39064.97000000,38799.00000000,38976.39000000,2502.37575000,120,120,False
1650276000000,1650283200000,38976.39000000,39138.49000000,38920.62000000,38998.54000000,2427.77000000,120,120,False
1650283200000,1650290400000,38998.54000000,39620.80000000,38998.54000000,39326.13000000,6123.67034000,120,120,False
1650290400000,1650297600000,39326.13000000,39569.92000000,39122.78000000,39254.50000000,4504.35901000,120,120,False
1650297600000,1650304800000,39254.50000000,40370.80000000,39000.00000000,40211.03000000,8667.42568000,120,120,False
1650304800000,1650312000000,40211.03000000,41116.73000000,40211.03000000,40680.68000000,8775.32784000,120,120,False
1650312000000,1650319200000,40680.68000000,41099.00000000,40632.51000000,40801.30000000,3368.65757000,120,120,False
1650319200000,1650326400000,40801.29000000,40972.77000000,40710.00000000,40801.13000000,2179.74608000,120,120,False
1650326400000,1650333600000,40801.13000000,41263.43000000,40699.09000000,40750.05000000,3589.97666000,120,120,False
1650333600000,1650340800000,40750.05000000,40790.85000000,40601.00000000,40693.79000000,1988.21406000,120,120,False
1650340800000,1650348000000,40693.79000000,40883.99000000,40649.15000000,40660.96000000,1539.01521000,120,120,False
1650348000000,1650355200000,40660.96000000,40805.69000000,40571.00000000,40683.14000000,1719.66120000,120,120,False
1650355200000,1650362400000,40683.13000000,40854.82000000,40580.00000000,40665.40000000,1971.97814000,120,120,False
1650362400000,1650369600000,40665.40000000,41026.89000000,40636.74000000,40687.30000000,2463.31189000,120,120,False
1650369600000,1650376800000,40687.30000000,41472.34000000,40662.26000000,41451.52000000,6627.72857000,120,120,False
1650376800000,1650384000000,41451.52000000,41760.00000000,41371.81000000,41445.87000000,6572.93489000,120,120,False
1650384000000,1650391200000,41445.88000000,41546.63000000,41167.92000000,41345.63000000,3523.12892000,120,120,False
1650391200000,1650398400000,41345.63000000,41547.65000000,41312.31000000,41417.24000000,2473.19776000,120,120,False
1650398400000,1650405600000,41417.23000000,41417.25000000,41212.94000000,41313.07000000,1767.10518000,120,120,False
1650405600000,1650412800000,41313.08000000,41539.90000000,41265.86000000,41493.18000000,1552.60595000,120,120,False
1650412800000,1650420000000,41493.19000000,41541.23000000,41229.96000000,41351.39000000,1873.44006000,120,120,False
1650420000000,1650427200000,41351.39000000,41399.00000000,41296.01000000,41386.14000000,1767.87796000,120,120,False
1650427200000,1650434400000,41386.14000000,41446.28000000,41261.58000000,41443.99000000,2039.32873000,120,120,False
1650434400000,1650441600000,41443.99000000,41631.47000000,41291.88000000,41340.05000000,2702.97275000,120,120,False
1650441600000,1650448800000,41340.04000000,41720.00000000,41302.02000000,41540.01000000,2580.11033000,120,120,False
1650448800000,1650456000000,41540.01000000,42199.00000000,41448.35000000,42090.00000000,6539.51004000,120,120,False
1650456000000,1650463200000,42090.01000000,42173.38000000,41388.11000000,41591.55000000,6115.00036000,120,120,False
1650463200000,1650470400000,41591.54000000,41756.49000000,41054.10000000,41261.73000000,6062.96203000,120,120,False
1650470400000,1650477600000,41261.72000000,41452.46000000,41037.11000000,41370.25000000,3423.50521000,120,120,False
1650477600000,1650484800000,41370.26000000,41370.26000000,40820.00000000,41193.89000000,3711.52829000,120,120,False
1650484800000,1650492000000,41193.89000000,41645.09000000,41140.00000000,41496.45000000,2310.66854000,120,120,False
1650492000000,1650499200000,41496.45000000,41616.89000000,41286.53000000,41358.19000000,1750.44611000,120,120,False
1650499200000,1650506400000,41358.19000000,41785.48000000,41320.47000000,41674.49000000,2464.49005000,120,120,False
1650506400000,1650513600000,41674.48000000,41723.84000000,41551.68000000,41693.58000000,1764.58928000,120,120,False
1650513600000,1650520800000,41693.58000000,41750.00000000,41434.44000000,41462.76000000,2367.90273000,120,120,False
1650520800000,1650528000000,41462.75000000,41940.00000000,41419.20000000,41855.69000000,2978.19335000,120,120,False
1650528000000,1650535200000,41855.69000000,42050.30000000,41741.10000000,41803.70000000,4173.81083000,120,120,False
1650535200000,1650542400000,41803.70000000,42690.00000000,41782.71000000,42440.00000000,8286.97636000,120,120,False
1650542400000,1650549600000,42440.01000000,42976.00000000,42343.97000000,42693.00000000,7781.49673000,120,120,False
1650549600000,1650556800000,42693.00000000,42708.27000000,42085.65000000,42135.33000000,6216.27578000,120,120,False
1650556800000,1650564000000,42135.34000000,42184.04000000,41487.58000000,41554.00000000,6089.48099000,120,120,False
1650564000000,1650571200000,41554.00000000,41670.21000000,41207.22000000,41218.81000000,4308.56084000,120,120,False
1650571200000,1650578400000,41218.82000000,41309.67000000,40541.56000000,40726.46000000,5565.39805000,120,120,False
1650578400000,1650585600000,40726.46000000,40815.60000000,39751.00000000,40480.01000000,7319.10158000,120,120,False
1650585600000,1650592800000,40480.01000000,40658.19000000,40232.63000000,40501.22000000,4677.82572000,120,120,False
1650592800000,1650600000000,40501.23000000,40638.98000000,40425.31000000,40502.11000000,2675.12247000,120,120,False
1650600000000,1650607200000,40502.10000000,40730.15000000,40458.12000000,40669.26000000,2258.13274000,120,120,False
1650607200000,1650614400000,40669.26000000,40795.06000000,40293.00000000,40709.59000000,3701.06669000,120,120,False
1650614400000,1650621600000,40709.60000000,40783.54000000,40200.00000000,40298.26000000,3911.37096000,120,120,False
1650621600000,1650628800000,40298.26000000,40600.00000000,40138.03000000,40585.54000000,2807.12480000,120,120,False
1650628800000,1650636000000,40585.54000000,40640.00000000,40050.00000000,40244.96000000,4850.36893000,120,120,False
1650636000000,1650643200000,40244.96000000,40448.31000000,39320.02000000,39433.60000000,8876.89278000,120,120,False
1650643200000,1650650400000,39433.60000000,39536.51000000,39177.00000000,39340.61000000,4993.76670000,120,120,False
1650650400000,1650657600000,39340.61000000,39786.62000000,39203.52000000,39502.92000000,4195.83686000,120,120,False
1650657600000,1650664800000,39502.92000000,39710.00000000,39401.00000000,39615.22000000,1827.31930000,120,120,False
1650664800000,1650672000000,39615.22000000,39835.23000000,39433.73000000,39709.18000000,1889.19165000,120,120,False
1650672000000,1650679200000,39709.19000000,39872.64000000,39557.21000000,39608.78000000,1904.86522000,120,120,False
1650679200000,1650686400000,39608.78000000,39611.31000000,39406.25000000,39463.02000000,1519.55652000,120,120,False
1650686400000,1650693600000,39463.01000000,39627.18000000,39285.00000000,39570.00000000,2165.08284000,120,120,False
1650693600000,1650700800000,39570.00000000,39687.77000000,39549.21000000,39600.98000000,1462.24609000,120,120,False
1650700800000,1650708000000,39600.98000000,39686.64000000,39501.41000000,39520.82000000,1422.48527000,120,120,False
1650708000000,1650715200000,39520.82000000,39684.00000000,39520.81000000,39602.93000000,1724.33733000,120,120,False
1650715200000,1650722400000,39602.93000000,39797.37000000,39535.22000000,39703.86000000,2254.95163000,120,120,False
1650722400000,1650729600000,39703.86000000,39820.62000000,39645.00000000,39792.65000000,1384.17189000,120,120,False
1650729600000,1650736800000,39792.65000000,39980.00000000,39710.02000000,39815.89000000,2448.15968000,120,120,False
1650736800000,1650744000000,39815.88000000,39839.99000000,39658.09000000,39755.32000000,968.89086000,120,120,False
1650744000000,1650751200000,39755.31000000,39948.27000000,39748.74000000,39895.00000000,890.06185000,120,120,False
1650751200000,1650758400000,39895.01000000,39928.04000000,39327.58000000,39441.60000000,2146.61457000,120,120,False
1650758400000,1650765600000,39441.61000000,39654.56000000,39414.18000000,39476.23000000,1904.29770000,120,120,False
1650765600000,1650772800000,39476.22000000,39828.00000000,39420.11000000,39776.57000000,1832.90237000,120,120,False
1650772800000,1650780000000,39776.56000000,39815.42000000,39629.99000000,39667.21000000,1073.10546000,120,120,False
1650780000000,1650787200000,39667.21000000,39810.02000000,39649.00000000,39751.38000000,1340.40584000,120,120,False
1650787200000,1650794400000,39751.38000000,39803.74000000,39662.48000000,39750.11000000,968.97731000,120,120,False
1650794400000,1650801600000,39750.11000000,39784.66000000,39544.91000000,39609.11000000,1248.02759000,120,120,False
1650801600000,1650808800000,39609.11000000,39660.00000000,39351.58000000,39579.70000000,2706.33325000,120,120,False
1650808800000,1650816000000,39579.70000000,39940.00000000,39371.46000000,39656.49000000,3332.30390000,120,120,False
1650816000000,1650823200000,39656.49000000,39782.34000000,38929.62000000,39421.19000000,6792.62045000,120,120,False
1650823200000,1650830400000,39421.18000000,39807.94000000,39408.61000000,39703.74000000,2213.25512000,120,120,False
1650830400000,1650837600000,39703.74000000,39728.55000000,39454.62000000,39633.37000000,1566.48755000,120,120,False
1650837600000,1650844800000,39633.37000000,39771.60000000,39426.01000000,39450.13000000,1724.89532000,120,120,False
1650844800000,1650852000000,39450.12000000,39500.84000000,38674.00000000,39095.81000000,6565.24405000,120,120,False
1650852000000,1650859200000,39095.81000000,39294.76000000,38961.64000000,39253.71000000,2648.84761000,120,120,False
1650859200000,1650866400000,39253.70000000,39256.28000000,38947.42000000,38975.22000000,1954.34538000,120,120,False
1650866400000,1650873600000,38975.21000000,39057.97000000,38200.00000000,38453.92000000,7553.61051000,120,120,False
1650873600000,1650880800000,38453.92000000,38636.86000000,38209.36000000,38588.20000000,3980.81107000,120,120,False
1650880800000,1650888000000,38588.20000000,38947.89000000,38335.95000000,38832.29000000,4671.28758000,120,120,False
1650888000000,1650895200000,38832.29000000,39299.00000000,38629.06000000,38735.61000000,6933.91384000,120,120,False
1650895200000,1650902400000,38735.61000000,39420.00000000,38578.60000000,38976.76000000,8450.22847000,120,120,False
1650902400000,1650909600000,38976.76000000,39665.35000000,38911.57000000,39394.92000000,6669.59349000,120,120,False
1650909600000,1650916800000,39394.93000000,40384.61000000,39297.61000000,40225.97000000,8460.17512000,120,120,False
1650916800000,1650924000000,40225.98000000,40324.50000000,40046.34000000,40227.58000000,2288.68186000,120,120,False
1650924000000,1650931200000,40227.57000000,40616.00000000,40141.92000000,40426.08000000,2860.38886000,120,120,False
1650931200000,1650938400000,40426.08000000,40773.65000000,40387.55000000,40474.99000000,3453.17004000,120,120,False
1650938400000,1650945600000,40474.98000000,40640.78000000,40374.23000000,40535.29000000,2293.63921000,120,120,False
1650945600000,1650952800000,40535.29000000,40690.47000000,40488.80000000,40589.58000000,2037.72560000,120,120,False
1650952800000,1650960000000,40589.58000000,40656.93000000,40375.01000000,40584.50000000,3396.00325000,120,120,False
1650960000000,1650967200000,40584.50000000,40797.31000000,40328.90000000,40382.28000000,3391.41502000,120,120,False
1650967200000,1650974400000,40382.29000000,40579.32000000,40229.41000000,40467.03000000,2623.39280000,120,120,False
1650974400000,1650981600000,40467.03000000,40625.00000000,39792.43000000,39823.53000000,6840.43654000,120,120,False
1650981600000,1650988800000,39823.52000000,39823.78000000,38550.00000000,38563.94000000,11822.76437000,120,120,False
1650988800000,1650996000000,38563.94000000,38886.51000000,38000.18000000,38399.09000000,12215.38430000,120,120,False
1650996000000,1651003200000,38399.09000000,38577.77000000,37842.49000000,38270.03000000,7957.54246000,120,120,False
1651003200000,1651010400000,38270.03000000,38444.12000000,37713.31000000,38330.02000000,6035.35213000,120,120,False
1651010400000,1651017600000,38330.03000000,38463.40000000,37702.26000000,38112.65000000,4583.43228000,120,120,False
1651017600000,1651024800000,38112.64000000,38323.01000000,37881.31000000,38310.79000000,3901.28410000,120,120,False
1651024800000,1651032000000,38310.79000000,38486.87000000,38269.40000000,38343.18000000,2282.47432000,120,120,False
1651032000000,1651039200000,38343.17000000,38570.01000000,38311.30000000,38410.13000000,2051.95096000,120,120,False
1651039200000,1651046400000,38410.13000000,39113.72000000,38401.17000000,39112.74000000,4485.02252000,120,120,False
1651046400000,1651053600000,39113.06000000,39221.65000000,38694.60000000,39053.68000000,6511.45278000,120,120,False
1651053600000,1651060800000,39053.69000000,39146.08000000,38645.42000000,39017.19000000,3837.31831000,120,120,False
1651060800000,1651068000000,39017.19000000,39474.72000000,38774.93000000,39344.70000000,7948.89071000,120,120,False
1651068000000,1651075200000,39344.69000000,39409.99000000,38435.95000000,39005.76000000,11150.98518000,120,120,False
1651075200000,1651082400000,39005.77000000,39309.00000000,38918.43000000,39109.99000000,6067.51567000,120,120,False
1651082400000,1651089600000,39109.99000000,39189.47000000,38668.20000000,38858.26000000,4405.76255000,120,120,False
1651089600000,1651096800000,38858.27000000,39399.99000000,38831.73000000,39221.97000000,2926.05198000,120,120,False
1651096800000,1651104000000,39221.97000000,39290.81000000,38991.40000000,39235.72000000,1514.41364000,120,120,False
1651104000000,1651111200000,39235.72000000,39689.49000000,39152.96000000,39230.01000000,3512.74076000,120,120,False
1651111200000,1651118400000,39230.01000000,39522.20000000,39161.08000000,39342.07000000,2983.52514000,120,120,False
1651118400000,1651125600000,39342.06000000,39436.73000000,39226.49000000,39321.03000000,1598.96501000,120,120,False
1651125600000,1651132800000,39321.02000000,39660.00000000,39280.66000000,39385.01000000,2641.98052000,120,120,False
1651132800000,1651140000000,39385.01000000,39882.38000000,39359.63000000,39773.98000000,4676.89773000,120,120,False
1651140000000,1651147200000,39773.99000000,39829.99000000,39599.96000000,39679.31000000,2241.14146000,120,120,False
1651147200000,1651154400000,39679.31000000,39865.10000000,39052.63000000,39094.46000000,6628.85803000,120,120,False
1651154400000,1651161600000,39094.46000000,40300.00000000,38881.43000000,39438.01000000,12807.37092000,120,120,False
1651161600000,1651168800000,39438.12000000,40288.49000000,39314.05000000,40283.72000000,8071.79720000,120,120,False
1651168800000,1651176000000,40283.71000000,40372.63000000,39918.00000000,39983.77000000,4520.43679000,120,120,False
1651176000000,1651183200000,39983.77000000,40216.27000000,39734.53000000,39853.02000000,4009.84513000,120,120,False
1651183200000,1651190400000,39853.02000000,39875.01000000,39606.92000000,39742.07000000,2393.11281000,120,120,False
1651190400000,1651197600000,39742.06000000,39925.25000000,39675.46000000,39820.48000000,2220.41545000,120,120,False
1651197600000,1651204800000,39820.47000000,39831.85000000,39286.01000000,39533.01000000,3554.54185000,120,120,False
1651204800000,1651212000000,39533.02000000,39641.30000000,39368.97000000,39501.26000000,2590.20062000,120,120,False
1651212000000,1651219200000,39501.26000000,39624.64000000,39374.12000000,39610.14000000,2436.45650000,120,120,False
1651219200000,1651226400000,39610.14000000,39634.12000000,39070.38000000,39147.85000000,3759.29297000,120,120,False
1651226400000,1651233600000,39147.86000000,39243.54000000,38616.46000000,38749.54000000,5423.01891000,120,120,False
1651233600000,1651240800000,38749.54000000,39406.37000000,38634.52000000,39277.05000000,7177.93004000,120,120,False
1651240800000,1651248000000,39277.06000000,39323.86000000,38801.84000000,39004.86000000,6598.53593000,120,120,False
1651248000000,1651255200000,39004.87000000,39078.30000000,38435.42000000,38642.24000000,7241.52232000,120,120,False
1651255200000,1651262400000,38642.25000000,38673.27000000,38175.00000000,38331.54000000,6336.35813000,120,120,False
1651262400000,1651269600000,38331.55000000,38649.99000000,38310.90000000,38560.15000000,2788.74763000,120,120,False
1651269600000,1651276800000,38560.14000000,38665.36000000,38430.03000000,38596.11000000,1326.63680000,120,120,False
1651276800000,1651284000000,38596.11000000,38795.38000000,38551.12000000,38701.96000000,1873.93013000,120,120,False
1651284000000,1651291200000,38701.96000000,38772.56000000,38586.65000000,38656.37000000,1411.23219000,120,120,False
1651291200000,1651298400000,38656.37000000,38778.79000000,38493.52000000,38703.01000000,1708.59057000,120,120,False
1651298400000,1651305600000,38703.01000000,38746.15000000,38634.24000000,38650.34000000,1506.56160000,120,120,False
1651305600000,1651312800000,38650.35000000,38688.72000000,38536.66000000,38622.50000000,2424.10377000,120,120,False
1651312800000,1651320000000,38622.51000000,38658.72000000,38563.40000000,38580.01000000,1532.51945000,120,120,False
1651320000000,1651327200000,38580.00000000,38638.24000000,38501.00000000,38506.33000000,2043.31597000,120,120,False
1651327200000,1651334400000,38506.32000000,38638.38000000,38156.04000000,38466.56000000,6877.98908000,120,120,False
1651334400000,1651341600000,38466.56000000,38610.15000000,38201.78000000,38286.36000000,4473.93191000,120,120,False
1651341600000,1651348800000,38286.35000000,38499.00000000,38203.32000000,38466.83000000,2095.05502000,120,120,False
1651348800000,1651356000000,38466.82000000,38466.83000000,38248.66000000,38301.14000000,1267.79259000,120,120,False
1651356000000,1651363200000,38301.13000000,38370.00000000,37578.20000000,37630.80000000,8106.16761000,120,120,False
1651363200000,1651370400000,37630.80000000,38077.10000000,37386.38000000,37937.07000000,4936.48729000,120,120,False
1651370400000,1651377600000,37937.07000000,38064.39000000,37771.81000000,38041.44000000,2047.78411000,120,120,False
1651377600000,1651384800000,38041.44000000,38165.12000000,37885.30000000,38060.05000000,3592.18194000,120,120,False
1651384800000,1651392000000,38060.06000000,38149.92000000,37897.20000000,37970.27000000,2412.99672000,120,120,False
1651392000000,1651399200000,37970.27000000,38058.46000000,37866.62000000,37974.54000000,1570.25484000,120,120,False
1651399200000,1651406400000,37974.55000000,38094.16000000,37903.70000000,37942.78000000,1666.94744000,120,120,False
1651406400000,1651413600000,37942.78000000,38030.00000000,37841.90000000,37922.85000000,1669.53754000,120,120,False
1651413600000,1651420800000,37922.84000000,38641.46000000,37891.90000000,38490.00000000,4739.80931000,120,120,False
1651420800000,1651428000000,38490.01000000,38675.00000000,38370.00000000,38382.47000000,3474.28092000,120,120,False
1651428000000,1651435200000,38382.47000000,38417.48000000,37750.00000000,37807.87000000,4552.97200000,120,120,False
1651435200000,1651442400000,37807.87000000,38439.76000000,37686.26000000,38342.63000000,3276.11291000,120,120,False
1651442400000,1651449600000,38342.63000000,38630.00000000,38089.84000000,38468.35000000,4872.87602000,120,120,False
1651449600000,1651456800000,38468.35000000,38810.73000000,38448.84000000,38493.58000000,3609.88471000,120,120,False
1651456800000,1651464000000,38493.57000000,38723.06000000,38376.38000000,38674.10000000,2422.54109000,120,120,False
1651464000000,1651471200000,38674.11000000,39122.77000000,38600.03000000,39008.71000000,3706.83510000,120,120,False
1651471200000,1651478400000,39008.71000000,39167.34000000,38826.70000000,38881.47000000,2821.01244000,120,120,False
1651478400000,1651485600000,38881.46000000,39075.00000000,38772.81000000,38780.01000000,3009.29126000,120,120,False
1651485600000,1651492800000,38780.00000000,38866.04000000,38482.41000000,38528.77000000,3189.83820000,120,120,False
1651492800000,1651500000000,38528.78000000,39155.47000000,38242.51000000,38910.00000000,9062.75955000,120,120,False
1651500000000,1651507200000,38916.27000000,39104.02000000,38605.71000000,38696.05000000,9055.59972000,120,120,False
1651507200000,1651514400000,38696.05000000,38868.88000000,38193.66000000,38370.56000000,4995.55890000,120,120,False
1651514400000,1651521600000,38370.56000000,38584.63000000,38052.00000000,38563.38000000,6179.19751000,120,120,False
1651521600000,1651528800000,38563.39000000,38770.00000000,38280.76000000,38639.67000000,2412.49036000,120,120,False
1651528800000,1651536000000,38639.67000000,38908.56000000,38458.90000000,38525.16000000,2735.91744000,120,120,False
1651536000000,1651543200000,38525.16000000,38573.82000000,38358.00000000,38518.03000000,2495.17358000,120,120,False
1651543200000,1651550400000,38518.04000000,38625.00000000,38317.06000000,38521.64000000,2547.17462000,120,120,False
1651550400000,1651557600000,38521.63000000,38561.10000000,38385.67000000,38526.52000000,1836.86420000,120,120,False
1651557600000,1651564800000,38526.53000000,38579.77000000,38420.53000000,38559.99000000,2172.18769000,120,120,False
1651564800000,1651572000000,38559.99000000,38651.51000000,38440.42000000,38454.54000000,2103.07300000,120,120,False
1651572000000,1651579200000,38454.55000000,38570.01000000,38261.16000000,38570.01000000,3183.23406000,120,120,False
1651579200000,1651586400000,38570.01000000,38607.09000000,38152.00000000,38364.82000000,4569.20573000,120,120,False
1651586400000,1651593600000,38364.82000000,38480.02000000,38173.16000000,38326.36000000,4263.74600000,120,120,False
1651593600000,1651600800000,38326.37000000,38396.05000000,38050.00000000,38052.01000000,4094.76510000,120,120,False
1651600800000,1651608000000,38052.00000000,38052.01000000,37517.80000000,37717.49000000,8295.28969000,120,120,False
1651608000000,1651615200000,37717.50000000,38036.46000000,37530.01000000,37795.58000000,2867.64283000,120,120,False
1651615200000,1651622400000,37795.59000000,37880.00000000,37632.54000000,37728.95000000,1888.09708000,120,120,False
1651622400000,1651629600000,37728.95000000,37995.06000000,37670.00000000,37888.01000000,2103.67018000,120,120,False
1651629600000,1651636800000,37888.02000000,38100.00000000,37882.37000000,38013.62000000,1929.93886000,120,120,False
1651636800000,1651644000000,38013.62000000,38136.00000000,37944.25000000,38091.40000000,1806.00397000,120,120,False
1651644000000,1651651200000,38091.40000000,38757.27000000,38082.85000000,38701.32000000,7668.43179000,120,120,False
1651651200000,1651658400000,38701.32000000,39100.00000000,38670.00000000,38884.13000000,6978.35317000,120,120,False
1651658400000,1651665600000,38884.13000000,39066.44000000,38850.37000000,39002.30000000,3307.26370000,120,120,False
1651665600000,1651672800000,39002.31000000,39182.00000000,38691.50000000,38712.06000000,5017.74416000,120,120,False
1651672800000,1651680000000,38712.05000000,39091.13000000,38658.96000000,38973.20000000,4708.92461000,120,120,False
1651680000000,1651687200000,38973.20000000,39475.00000000,38811.28000000,38985.30000000,6670.46812000,120,120,False
1651687200000,1651694400000,38985.31000000,40023.77000000,38590.97000000,39859.22000000,17125.35507000,120,120,False
1651694400000,1651701600000,39859.23000000,39942.35000000,39714.10000000,39741.08000000,2544.37368000,120,120,False
1651701600000,1651708800000,39741.08000000,39774.60000000,39614.54000000,39690.00000000,2714.09005000,120,120,False
1651708800000,1651716000000,39690.00000000,39743.47000000,39536.66000000,39629.70000000,2953.36292000,120,120,False
1651716000000,1651723200000,39629.71000000,39798.09000000,39554.46000000,39729.41000000,2480.55590000,120,120,False
1651723200000,1651730400000,39729.40000000,39845.51000000,39568.43000000,39602.65000000,1928.02575000,120,120,False
1651730400000,1651737600000,39602.65000000,39689.93000000,39516.92000000,39588.84000000,2046.89654000,120,120,False
1651737600000,1651744800000,39588.85000000,39629.85000000,39407.17000000,39485.25000000,2168.06814000,120,120,False
1651744800000,1651752000000,39485.25000000,39619.37000000,39451.42000000,39492.83000000,2338.48780000,120,120,False
1651752000000,1651759200000,39492.84000000,39545.66000000,38960.53000000,38992.54000000,5396.52686000,120,120,False
1651759200000,1651766400000,38992.53000000,39053.69000000,36514.29000000,36909.67000000,30237.37827000,120,120,False
1651766400000,1651773600000,36909.67000000,37322.00000000,36770.05000000,36816.56000000,12086.85217000,120,120,False
1651773600000,1651780800000,36816.55000000,36852.65000000,35571.90000000,36316.00000000,18874.06052000,120,120,False
1651780800000,1651788000000,36316.01000000,36600.00000000,36132.85000000,36458.58000000,4927.84764000,120,120,False
1651788000000,1651795200000,36458.58000000,36600.00000000,36211.89000000,36552.97000000,3284.37104000,120,120,False
1651795200000,1651802400000,36552.97000000,36675.63000000,36163.44000000,36311.56000000,3474.34195000,120,120,False
1651802400000,1651809600000,36311.57000000,36553.33000000,36311.56000000,36461.82000000,2929.87686000,120,120,False
1651809600000,1651816800000,36461.81000000,36509.69000000,36287.46000000,36501.45000000,2336.64597000,120,120,False
1651816800000,1651824000000,36501.46000000,36550.00000000,35833.01000000,36371.94000000,7188.34267000,120,120,False
1651824000000,1651831200000,36371.94000000,36514.63000000,36163.92000000,36406.54000000,3747.14468000,120,120,False
1651831200000,1651838400000,36406.54000000,36426.52000000,35587.10000000,35780.84000000,6464.43260000,120,120,False
1651838400000,1651845600000,35780.83000000,36339.26000000,35258.00000000,35747.51000000,14879.10794000,120,120,False
1651845600000,1651852800000,35747.51000000,36436.20000000,35637.21000000,36004.34000000,13382.16467000,120,120,False
1651852800000,1651860000000,36004.33000000,36239.40000000,35848.13000000,35896.43000000,6183.74368000,120,120,False
1651860000000,1651867200000,35896.42000000,36151.79000000,35834.03000000,36001.35000000,4709.74263000,120,120,False
1651867200000,1651874400000,36001.34000000,36113.89000000,35863.59000000,35959.47000000,1518.38633000,120,120,False
1651874400000,1651881600000,35959.47000000,36116.81000000,35881.55000000,36013.77000000,1623.87189000,120,120,False
1651881600000,1651888800000,36013.77000000,36077.98000000,35918.67000000,36017.05000000,1611.61332000,120,120,False
1651888800000,1651896000000,36017.06000000,36030.00000000,35760.00000000,35812.21000000,1641.65892000,120,120,False
1651896000000,1651903200000,35812.22000000,35900.00000000,35722.24000000,35898.95000000,1935.59057000,120,120,False
1651903200000,1651910400000,35898.96000000,35961.05000000,35790.02000000,35921.60000000,2376.64130000,120,120,False
1651910400000,1651917600000,35921.60000000,36069.01000000,35879.96000000,35986.05000000,2207.41814000,120,120,False
1651917600000,1651924800000,35986.04000000,36146.30000000,35955.17000000,36055.86000000,2181.69432000,120,120,False
1651924800000,1651932000000,36055.86000000,36055.86000000,35866.00000000,35900.74000000,2470.27590000,120,120,False
1651932000000,1651939200000,35900.73000000,36085.50000000,35882.10000000,35962.47000000,1439.81670000,120,120,False
1651939200000,1651946400000,35962.47000000,35979.42000000,35865.89000000,35886.31000000,1181.88970000,120,120,False
1651946400000,1651953600000,35886.31000000,35997.14000000,35852.06000000,35876.36000000,1205.78834000,120,120,False
1651953600000,1651960800000,35876.37000000,35876.37000000,35000.00000000,35026.37000000,6609.19012000,120,120,False
1651960800000,1651968000000,35026.37000000,35769.69000000,34785.00000000,35472.39000000,9420.12949000,120,120,False
1651968000000,1651975200000,35472.40000000,35514.22000000,34690.50000000,34824.17000000,6805.65508000,120,120,False
1651975200000,1651982400000,34824.18000000,34925.50000000,34210.00000000,34480.24000000,14352.52549000,120,120,False
1651982400000,1651989600000,34480.23000000,34678.97000000,34318.46000000,34449.15000000,4825.17040000,120,120,False
1651989600000,1651996800000,34449.14000000,34952.50000000,34449.14000000,34596.55000000,4374.76077000,120,120,False
1651996800000,1652004000000,34596.55000000,34729.79000000,34501.57000000,34571.29000000,3289.01509000,120,120,False
1652004000000,1652011200000,34571.29000000,34870.88000000,34515.45000000,34786.24000000,3711.07615000,120,120,False
1652011200000,1652018400000,34786.25000000,34843.01000000,34361.00000000,34371.16000000,5157.62420000,120,120,False
1652018400000,1652025600000,34371.16000000,34594.07000000,34301.01000000,34357.92000000,4091.70818000,120,120,False
1652025600000,1652032800000,34357.91000000,34550.00000000,33713.95000000,34068.70000000,12438.35759000,120,120,False
1652032800000,1652040000000,34068.70000000,34763.34000000,33821.50000000,34587.64000000,5208.60622000,120,120,False
1652040000000,1652047200000,34587.64000000,34640.00000000,34216.54000000,34460.70000000,3761.98220000,120,120,False
1652047200000,1652054400000,34460.70000000,34479.28000000,33930.00000000,34038.40000000,4429.16207000,120,120,False
1652054400000,1652061600000,34038.39000000,34243.15000000,33986.57000000,34053.61000000,5140.83617000,120,120,False
1652061600000,1652068800000,34053.60000000,34068.44000000,33267.26000000,33563.15000000,17637.06773000,120,120,False
1652068800000,1652076000000,33563.15000000,33838.42000000,33462.06000000,33510.60000000,3524.17978000,120,120,False
1652076000000,1652083200000,33510.60000000,33749.45000000,33340.29000000,33523.27000000,4881.97748000,120,120,False
1652083200000,1652090400000,33523.27000000,33777.00000000,33150.00000000,33501.69000000,7155.00351000,120,120,False
1652090400000,1652097600000,33501.68000000,33547.00000000,32650.39000000,33122.31000000,17623.22038900,120,120,False
1652097600000,1652104800000,33122.31000000,33424.21000000,32733.46000000,33036.38000000,16354.05953000,120,120,False
1652104800000,1652112000000,33037.29000000,33068.28000000,32061.29000000,32341.53000000,18400.01757600,120,120,False
1652112000000,1652119200000,32341.53000000,32588.20000000,31000.00000000,31268.10000000,32437.56324100,120,120,False
1652119200000,1652126400000,31268.10000000,31454.13000000,30334.07000000,30944.82000000,33419.45397400,120,120,False
1652126400000,1652133600000,30940.62000000,31899.99000000,30635.89000000,30835.14000000,20488.39337000,120,120,False
1652133600000,1652140800000,30835.15000000,31340.66000000,30033.33000000,30076.31000000,14815.15367800,120,120,False
1652140800000,1652148000000,30074.23000000,31463.42000000,29730.40000000,30888.81000000,29140.44877000,120,120,False
1652148000000,1652155200000,30888.80000000,31402.04000000,30625.00000000,30642.55000000,14043.85489000,120,120,False
1652155200000,1652162400000,30642.55000000,31983.86000000,30600.00000000,31827.87000000,14814.71575000,120,120,False
1652162400000,1652169600000,31827.87000000,32658.99000000,31605.69000000,31609.78000000,17425.94492000,120,120,False
1652169600000,1652176800000,31609.79000000,32016.66000000,31313.13000000,31397.69000000,14455.72951000,120,120,False
1652176800000,1652184000000,31397.68000000,31828.24000000,31240.00000000,31622.24000000,11546.69025000,120,120,False
1652184000000,1652191200000,31622.24000000,32383.80000000,31518.17000000,31815.77000000,14972.39482000,120,120,False
1652191200000,1652198400000,31815.76000000,32194.66000000,30819.98000000,31320.00000000,16871.32783000,120,120,False
1652198400000,1652205600000,31320.00000000,31805.15000000,30962.90000000,31682.51000000,9086.31054000,120,120,False
1652205600000,1652212800000,31683.41000000,31787.59000000,31205.39000000,31330.03000000,5989.39773000,120,120,False
1652212800000,1652220000000,31330.00000000,31353.43000000,30239.04000000,30239.04000000,6831.60780000,120,120,False
1652220000000,1652227200000,30239.04000000,31260.97000000,30147.78000000,31017.10000000,10353.58030000,120,120,False
1652227200000,1652234400000,31017.11000000,31348.91000000,30695.09000000,30768.31000000,6604.13712000,120,120,False
1652234400000,1652241600000,30768.31000000,31691.89000000,30626.22000000,31205.96000000,7702.71822000,120,120,False
1652241600000,1652248800000,31205.95000000,31888.85000000,31049.25000000,31438.77000000,10464.05839000,120,120,False
1652248800000,1652256000000,31438.77000000,31522.44000000,30200.00000000,30614.99000000,19052.33298000,120,120,False
1652256000000,1652263200000,30614.99000000,31789.47000000,30376.61000000,31755.24000000,16616.83384000,120,120,False
1652263200000,1652270400000,31755.25000000,32162.59000000,31467.35000000,31533.15000000,11484.82188000,120,120,False
1652270400000,1652277600000,31533.14000000,31888.77000000,29039.54000000,31231.96000000,56860.60356700,120,120,False
1652277600000,1652284800000,31228.05000000,32000.00000000,30700.00000000,30977.61000000,23807.67958000,120,120,False
1652284800000,1652292000000,30977.61000000,31131.58000000,29402.00000000,29924.38000000,14094.07499000,120,120,False
1652292000000,1652299200000,29924.38000000,30266.10000000,29190.00000000,29372.22000000,9989.56872000,120,120,False
1652299200000,1652306400000,29372.21000000,29652.63000000,27785.00000000,29117.98000000,19976.74964100,120,120,False
1652306400000,1652313600000,29117.98000000,29358.58000000,28537.73000000,29103.94000000,10410.16035000,120,120,False
1652313600000,1652320800000,29103.94000000,30243.00000000,28963.61000000,29227.17000000,13784.06174000,120,120,False
1652320800000,1652328000000,29227.18000000,29474.29000000,28367.07000000,28406.15000000,14963.63761000,120,120,False
1652328000000,1652335200000,28406.15000000,28478.70000000,26700.00000000,27128.94000000,38365.70904800,120,120,False
1652335200000,1652342400000,27128.93000000,28643.93000000,26750.00000000,28193.40000000,36160.36279000,120,120,False
1652342400000,1652349600000,28193.40000000,28535.07000000,27477.70000000,28061.73000000,17490.87010000,120,120,False
1652349600000,1652356800000,28061.74000000,29294.00000000,27750.00000000,28472.98000000,14528.90434000,120,120,False
1652356800000,1652364000000,28472.98000000,28891.00000000,27902.95000000,28208.31000000,14618.96723000,120,120,False
1652364000000,1652371200000,28208.32000000,29813.00000000,27970.82000000,29021.27000000,19050.67009000,120,120,False
1652371200000,1652378400000,29021.26000000,29967.03000000,28536.41000000,28648.87000000,14661.24769000,120,120,False
1652378400000,1652385600000,28648.86000000,28897.19000000,28186.74000000,28641.15000000,8095.66303000,120,120,False
1652385600000,1652392800000,28640.00000000,28982.48000000,28001.00000000,28445.20000000,5505.63740000,120,120,False
1652392800000,1652400000000,28445.20000000,29300.00000000,28344.98000000,29029.75000000,7281.53207000,120,120,False
1652400000000,1652407200000,29029.74000000,29747.70000000,28751.67000000,29522.93000000,8765.60935000,120,120,False
1652407200000,1652414400000,29522.94000000,30800.00000000,29420.01000000,30582.54000000,13708.95323000,120,120,False
1652414400000,1652421600000,30582.54000000,31083.37000000,30266.92000000,30532.64000000,10189.51613000,120,120,False
1652421600000,1652428800000,30531.19000000,30690.00000000,30154.24000000,30171.13000000,7426.61417000,120,120,False
1652428800000,1652436000000,30171.13000000,30767.38000000,30171.13000000,30442.54000000,6908.66908000,120,120,False
1652436000000,1652443200000,30442.54000000,30762.71000000,30180.00000000,30668.08000000,6321.63446000,120,120,False
1652443200000,1652450400000,30668.07000000,30870.00000000,30346.51000000,30749.99000000,9815.24726000,120,120,False
1652450400000,1652457600000,30750.00000000,31033.00000000,30227.62000000,30339.99000000,8411.75787000,120,120,False
1652457600000,1652464800000,30340.00000000,30537.78000000,29561.00000000,29599.65000000,10878.49218000,120,120,False
1652464800000,1652472000000,29599.65000000,30250.00000000,29382.66000000,30084.11000000,8293.73584000,120,120,False
1652472000000,1652479200000,30084.10000000,30125.02000000,29704.13000000,30046.65000000,2429.26950000,120,120,False
1652479200000,1652486400000,30046.65000000,30139.16000000,29200.00000000,29287.05000000,4722.87050000,120,120,False
1652486400000,1652493600000,29287.05000000,29824.69000000,29219.37000000,29706.36000000,4285.33263000,120,120,False
1652493600000,1652500800000,29706.35000000,29769.27000000,29466.84000000,29569.89000000,3149.05296000,120,120,False
1652500800000,1652508000000,29569.89000000,29591.71000000,29200.00000000,29451.96000000,3243.73717000,120,120,False
1652508000000,1652515200000,29451.95000000,29611.70000000,29390.20000000,29431.59000000,2103.44920000,120,120,False
1652515200000,1652522400000,29431.58000000,29599.51000000,29361.01000000,29495.68000000,3045.85201000,120,120,False
1652522400000,1652529600000,29495.69000000,29590.99000000,28830.00000000,29074.24000000,7290.09808000,120,120,False
1652529600000,1652536800000,29074.24000000,29260.29000000,28786.76000000,28835.22000000,4843.45702000,120,120,False
1652536800000,1652544000000,28835.23000000,29098.08000000,28660.76000000,28818.06000000,4088.60881000,120,120,False
1652544000000,1652551200000,28818.05000000,29694.15000000,28630.00000000,29613.10000000,6210.96047000,120,120,False
1652551200000,1652558400000,29613.09000000,29942.82000000,29285.19000000,29338.78000000,5404.42650000,120,120,False
1652558400000,1652565600000,29338.79000000,29886.68000000,29300.00000000,29701.15000000,2640.95805000,120,120,False
1652565600000,1652572800000,29701.15000000,30343.27000000,29578.28000000,30086.74000000,4789.94573000,120,120,False
1652572800000,1652580000000,30086.74000000,30273.21000000,29818.85000000,29936.69000000,3439.01397000,120,120,False
1652580000000,1652587200000,29936.70000000,30076.08000000,29553.47000000,29721.65000000,2530.16832000,120,120,False
1652587200000,1652594400000,29721.66000000,29839.56000000,29480.00000000,29802.34000000,2313.42862000,120,120,False
1652594400000,1652601600000,29802.33000000,30061.54000000,29716.46000000,29825.99000000,2942.09776000,120,120,False
1652601600000,1652608800000,29826.00000000,29859.55000000,29547.48000000,29757.22000000,2441.56118000,120,120,False
1652608800000,1652616000000,29757.23000000,30327.68000000,29564.47000000,30241.46000000,4505.46422000,120,120,False
1652616000000,1652623200000,30241.46000000,30561.37000000,30100.00000000,30181.92000000,4900.60865000,120,120,False
1652623200000,1652630400000,30181.92000000,30223.34000000,29782.01000000,30013.47000000,4007.33620000,120,120,False
1652630400000,1652637600000,30013.46000000,30296.36000000,29950.01000000,29990.00000000,3180.35488000,120,120,False
1652637600000,1652644800000,29990.01000000,30500.00000000,29936.49000000,30457.88000000,3346.51291000,120,120,False
1652644800000,1652652000000,30457.88000000,31220.00000000,30355.22000000,31075.87000000,7956.05836000,120,120,False
1652652000000,1652659200000,31075.87000000,31460.00000000,31047.61000000,31328.89000000,4713.06405000,120,120,False
1652659200000,1652666400000,31328.89000000,31328.90000000,30686.55000000,30776.06000000,5530.96318000,120,120,False
1652666400000,1652673600000,30776.05000000,30780.00000000,30211.32000000,30323.23000000,4283.82718000,120,120,False
1652673600000,1652680800000,30323.23000000,30473.31000000,30132.86000000,30291.11000000,3180.07364000,120,120,False
1652680800000,1652688000000,30291.12000000,30291.12000000,29258.00000000,29593.89000000,10081.30710000,120,120,False
1652688000000,1652695200000,29593.89000000,29900.00000000,29470.00000000,29611.29000000,5317.28901000,120,120,False
1652695200000,1652702400000,29611.29000000,30205.00000000,29433.90000000,29950.95000000,6475.45994000,120,120,False
1652702400000,1652709600000,29950.95000000,30252.77000000,29450.00000000,29519.14000000,11176.00376000,120,120,False
1652709600000,1652716800000,29519.14000000,29842.88000000,29313.48000000,29676.56000000,7280.63278000,120,120,False
1652716800000,1652724000000,29676.56000000,29819.72000000,29087.04000000,29727.47000000,7402.04311000,120,120,False
1652724000000,1652731200000,29727.47000000,29985.30000000,29543.27000000,29576.70000000,5043.57679000,120,120,False
1652731200000,1652738400000,29576.70000000,30259.78000000,29543.46000000,30170.00000000,3609.23908000,120,120,False
1652738400000,1652745600000,30170.01000000,30225.94000000,29827.92000000,29874.01000000,3701.78101000,120,120,False
1652745600000,1652752800000,29874.01000000,30227.79000000,29780.97000000,29998.27000000,3610.56054000,120,120,False
1652752800000,1652760000000,29998.26000000,30508.00000000,29894.72000000,30363.59000000,3617.83728000,120,120,False
1652760000000,1652767200000,30363.59000000,30530.00000000,30244.52000000,30466.17000000,2860.94977000,120,120,False
1652767200000,1652774400000,30466.17000000,30578.14000000,30351.14000000,30412.06000000,2482.37829000,120,120,False
1652774400000,1652781600000,30412.05000000,30788.37000000,30395.00000000,30643.05000000,3485.60421000,120,120,False
1652781600000,1652788800000,30643.05000000,30650.30000000,30271.21000000,30319.47000000,3601.48273000,120,120,False
1652788800000,1652796000000,30319.48000000,30748.00000000,30290.00000000,30516.67000000,6036.98402000,120,120,False
1652796000000,1652803200000,30516.66000000,30557.48000000,29944.48000000,30153.74000000,8127.19166000,120,120,False
1652803200000,1652810400000,30153.74000000,30272.38000000,29883.91000000,30090.76000000,5186.99332000,120,120,False
1652810400000,1652817600000,30090.75000000,30320.00000000,29450.38000000,30097.09000000,10573.64300000,120,120,False
1652817600000,1652824800000,30097.10000000,30669.00000000,30045.85000000,30551.79000000,3374.06198000,120,120,False
1652824800000,1652832000000,30551.80000000,30609.25000000,30237.18000000,30444.93000000,3766.44627000,120,120,False
1652832000000,1652839200000,30444.93000000,30709.99000000,30063.18000000,30125.40000000,3176.21251000,120,120,False
1652839200000,1652846400000,30125.41000000,30237.27000000,29732.49000000,29831.40000000,4183.73535000,120,120,False
1652846400000,1652853600000,29831.40000000,30051.02000000,29754.60000000,30032.20000000,4246.92830000,120,120,False
1652853600000,1652860800000,30032.19000000,30090.51000000,29682.97000000,29910.25000000,3608.24393000,120,120,False
1652860800000,1652868000000,29910.25000000,30023.85000000,29742.99000000,29957.35000000,3935.15216000,120,120,False
1652868000000,1652875200000,29957.34000000,30046.79000000,29753.66000000,29833.58000000,3848.80341000,120,120,False
1652875200000,1652882400000,29833.59000000,29909.66000000,29289.23000000,29348.78000000,7807.51504000,120,120,False
1652882400000,1652889600000,29348.79000000,29500.00000000,28875.00000000,28984.99000000,7887.84219000,120,120,False
1652889600000,1652896800000,28984.98000000,29290.00000000,28750.00000000,28986.62000000,6608.93469000,120,120,False
1652896800000,1652904000000,28986.63000000,29538.19000000,28881.35000000,29276.55000000,6108.61003000,120,120,False
1652904000000,1652911200000,29276.55000000,29349.21000000,28960.87000000,29208.32000000,3354.50229000,120,120,False
1652911200000,1652918400000,29208.31000000,29411.07000000,28654.47000000,28715.32000000,4982.67809000,120,120,False
1652918400000,1652925600000,28715.33000000,29056.56000000,28700.01000000,28766.72000000,3415.09283000,120,120,False
1652925600000,1652932800000,28766.73000000,29337.52000000,28691.38000000,29196.78000000,5435.87229000,120,120,False
1652932800000,1652940000000,29196.77000000,29286.32000000,29029.88000000,29059.99000000,2902.11386000,120,120,False
1652940000000,1652947200000,29059.99000000,29432.80000000,29059.99000000,29192.13000000,4423.93260000,120,120,False
1652947200000,1652954400000,29192.13000000,29259.46000000,28855.42000000,29010.00000000,4406.94331000,120,120,False
1652954400000,1652961600000,29009.99000000,29540.00000000,28932.63000000,29500.20000000,5444.68006000,120,120,False
1652961600000,1652968800000,29499.81000000,29777.00000000,29353.82000000,29517.33000000,8702.77878000,120,120,False
1652968800000,1652976000000,29517.32000000,30545.18000000,29504.68000000,30389.45000000,12554.79564000,120,120,False
1652976000000,1652983200000,30389.45000000,30456.56000000,29961.70000000,30191.17000000,7688.71287000,120,120,False
1652983200000,1652990400000,30191.17000000,30357.81000000,29967.20000000,29967.40000000,5257.09583000,120,120,False
1652990400000,1652997600000,29967.40000000,30486.57000000,29950.45000000,30276.23000000,3795.31014000,120,120,False
1652997600000,1653004800000,30276.24000000,30450.11000000,30110.00000000,30319.23000000,3850.03594000,120,120,False
1653004800000,1653012000000,30319.22000000,30777.33000000,30130.48000000,30475.57000000,5542.83923000,120,120,False
1653012000000,1653019200000,30475.58000000,30512.80000000,30136.08000000,30175.03000000,3292.13887000,120,120,False
1653019200000,1653026400000,30175.04000000,30249.10000000,30012.00000000,30185.39000000,2880.35825000,120,120,False
1653026400000,1653033600000,30185.39000000,30362.16000000,29850.51000000,30256.74000000,4821.32655000,120,120,False
1653033600000,1653040800000,30256.74000000,30409.89000000,30110.04000000,30301.81000000,3898.61975000,120,120,False
1653040800000,1653048000000,30301.81000000,30535.40000000,30239.08000000,30414.07000000,4009.38900000,120,120,False
1653048000000,1653055200000,30414.06000000,30449.98000000,30080.74000000,30362.53000000,5860.37444000,120,120,False
1653055200000,1653062400000,30362.55000000,30367.29000000,29071.39000000,29152.90000000,11021.15053000,120,120,False
1653062400000,1653069600000,29152.90000000,29152.91000000,28730.00000000,28959.22000000,9048.74056000,120,120,False
1653069600000,1653076800000,28959.22000000,29359.23000000,28813.45000000,29291.55000000,5410.55995000,120,120,False
1653076800000,1653084000000,29291.55000000,29357.72000000,29123.77000000,29183.60000000,2495.29062000,120,120,False
1653084000000,1653091200000,29183.59000000,29391.40000000,29140.00000000,29201.01000000,2236.46550000,120,120,False
1653091200000,1653098400000,29201.01000000,29347.52000000,28947.28000000,29150.00000000,2294.19488000,120,120,False
1653098400000,1653105600000,29150.00000000,29288.01000000,29076.14000000,29258.18000000,1441.51410000,120,120,False
1653105600000,1653112800000,29258.17000000,29325.00000000,29205.23000000,29286.28000000,1161.72162000,120,120,False
1653112800000,1653120000000,29286.28000000,29566.00000000,29230.03000000,29423.18000000,2178.04485000,120,120,False
1653120000000,1653127200000,29423.18000000,29481.10000000,29246.74000000,29342.89000000,1456.25178000,120,120,False
1653127200000,1653134400000,29342.88000000,29432.29000000,29168.68000000,29288.00000000,1734.97687000,120,120,False
1653134400000,1653141600000,29288.00000000,29371.28000000,29190.00000000,29308.93000000,1362.64326000,120,120,False
1653141600000,1653148800000,29308.94000000,29645.70000000,29258.99000000,29552.47000000,2981.29450000,120,120,False
1653148800000,1653156000000,29552.47000000,29656.18000000,29390.62000000,29408.74000000,2311.62449000,120,120,False
1653156000000,1653163200000,29408.74000000,29580.02000000,29404.25000000,29464.31000000,1821.79550000,120,120,False
1653163200000,1653170400000,29464.32000000,29523.98000000,29340.00000000,29352.56000000,1140.43269000,120,120,False
1653170400000,1653177600000,29352.55000000,29538.66000000,29311.07000000,29445.06000000,1102.63670000,120,120,False
1653177600000,1653184800000,29445.07000000,29545.75000000,29396.20000000,29505.70000000,1071.30740000,120,120,False
1653184800000,1653192000000,29505.70000000,29516.23000000,29331.26000000,29363.50000000,1708.64281000,120,120,False
1653192000000,1653199200000,29363.50000000,29418.23000000,29255.11000000,29369.68000000,1298.49413000,120,120,False
1653199200000,1653206400000,29369.69000000,29457.89000000,29358.83000000,29441.78000000,1007.94418000,120,120,False
1653206400000,1653213600000,29441.78000000,30201.00000000,29421.53000000,30140.78000000,5609.44085000,120,120,False
1653213600000,1653220800000,30140.79000000,30311.31000000,29800.00000000,29897.52000000,6844.59898000,120,120,False
1653220800000,1653228000000,29897.52000000,30236.63000000,29892.18000000,30080.00000000,3351.41215000,120,120,False
1653228000000,1653235200000,30080.00000000,30148.90000000,29668.51000000,29844.01000000,3879.45073000,120,120,False
1653235200000,1653242400000,29844.01000000,30177.93000000,29738.57000000,29931.68000000,3302.04128000,120,120,False
1653242400000,1653249600000,29931.67000000,30088.16000000,29844.95000000,29936.01000000,1801.75613000,120,120,False
1653249600000,1653256800000,29936.02000000,30099.21000000,29910.14000000,30017.71000000,1732.35912000,120,120,False
1653256800000,1653264000000,30017.70000000,30487.99000000,30017.70000000,30293.94000000,4551.53972000,120,120,False
1653264000000,1653271200000,30293.93000000,30459.56000000,30167.18000000,30220.00000000,2353.60670000,120,120,False
1653271200000,1653278400000,30220.00000000,30220.00000000,30048.77000000,30171.32000000,2303.56425000,120,120,False
1653278400000,1653285600000,30171.32000000,30330.01000000,30101.07000000,30301.46000000,2331.35246000,120,120,False
1653285600000,1653292800000,30301.46000000,30670.51000000,30284.91000000,30457.01000000,5236.87399000,120,120,False
1653292800000,1653300000000,30457.01000000,30523.51000000,30281.89000000,30441.94000000,4166.94081000,120,120,False
1653300000000,1653307200000,30441.94000000,30616.18000000,30336.42000000,30397.11000000,3438.72191000,120,120,False
1653307200000,1653314400000,30397.12000000,30625.98000000,30160.00000000,30323.07000000,6654.64110000,120,120,False
1653314400000,1653321600000,30323.06000000,30480.00000000,29967.07000000,30373.53000000,7763.16025000,120,120,False
1653321600000,1653328800000,30373.53000000,30529.90000000,30042.09000000,30099.22000000,5183.79139000,120,120,False
1653328800000,1653336000000,30099.22000000,30160.00000000,29078.30000000,29089.90000000,10589.12924000,120,120,False
1653336000000,1653343200000,29089.91000000,29499.03000000,29041.54000000,29346.34000000,5794.12305000,120,120,False
1653343200000,1653350400000,29346.33000000,29346.34000000,28866.35000000,29109.15000000,8085.59417000,120,120,False
1653350400000,1653357600000,29109.14000000,29257.39000000,29056.70000000,29224.82000000,3313.05920000,120,120,False
1653357600000,1653364800000,29224.83000000,29326.74000000,29190.01000000,29299.92000000,2460.57290000,120,120,False
1653364800000,1653372000000,29299.91000000,29439.26000000,29251.41000000,29347.86000000,2813.05044000,120,120,False
1653372000000,1653379200000,29347.86000000,29432.52000000,29241.61000000,29404.55000000,2951.17241000,120,120,False
1653379200000,1653386400000,29404.54000000,29404.55000000,29123.89000000,29340.00000000,3570.54491000,120,120,False
1653386400000,1653393600000,29339.99000000,29430.83000000,29240.98000000,29295.74000000,3061.16136000,120,120,False
1653393600000,1653400800000,29295.75000000,29345.49000000,28910.00000000,28960.87000000,6855.99545000,120,120,False
1653400800000,1653408000000,28960.87000000,29650.00000000,28669.00000000,29382.31000000,13509.04689000,120,120,False
1653408000000,1653415200000,29382.32000000,29593.77000000,29150.81000000,29341.02000000,6964.75546000,120,120,False
1653415200000,1653422400000,29341.02000000,29487.67000000,29101.00000000,29391.62000000,6762.82338000,120,120,False
1653422400000,1653429600000,29391.62000000,29650.00000000,29250.22000000,29586.76000000,2745.10406000,120,120,False
1653429600000,1653436800000,29586.76000000,29845.86000000,29531.84000000,29654.58000000,4435.67390000,120,120,False
1653436800000,1653444000000,29654.58000000,29803.22000000,29557.36000000,29789.69000000,2359.12287000,120,120,False
1653444000000,1653451200000,29789.69000000,30222.87000000,29734.07000000,30198.09000000,5800.27910000,120,120,False
1653451200000,1653458400000,30198.09000000,30223.74000000,29844.36000000,29869.25000000,3956.09397000,120,120,False
1653458400000,1653465600000,29869.25000000,29913.81000000,29666.67000000,29701.46000000,3948.94549000,120,120,False
1653465600000,1653472800000,29701.47000000,29941.41000000,29560.67000000,29813.00000000,4543.35314000,120,120,False
1653472800000,1653480000000,29813.00000000,29857.60000000,29294.21000000,29409.01000000,6254.88010000,120,120,False
1653480000000,1653487200000,29409.01000000,29862.06000000,29339.57000000,29713.00000000,6909.53810000,120,120,False
1653487200000,1653494400000,29713.01000000,29909.00000000,29600.00000000,29629.36000000,6764.93908000,120,120,False
1653494400000,1653501600000,29629.35000000,29783.24000000,29430.54000000,29711.63000000,4328.84863000,120,120,False
1653501600000,1653508800000,29711.64000000,30034.37000000,29535.02000000,29599.10000000,9665.10558000,120,120,False
1653508800000,1653516000000,29599.10000000,29849.52000000,29560.71000000,29824.98000000,2357.80675000,120,120,False
1653516000000,1653523200000,29824.99000000,29880.00000000,29537.31000000,29542.15000000,2648.47378000,120,120,False
1653523200000,1653530400000,29542.14000000,29877.42000000,29503.72000000,29677.27000000,2786.13041000,120,120,False
1653530400000,1653537600000,29677.28000000,29886.64000000,29675.00000000,29837.16000000,2445.05065000,120,120,False
1653537600000,1653544800000,29837.16000000,29876.72000000,29664.52000000,29720.54000000,2460.11902000,120,120,False
1653544800000,1653552000000,29720.55000000,29750.37000000,29337.77000000,29733.70000000,4677.90121000,120,120,False
1653552000000,1653559200000,29733.71000000,29744.25000000,28877.00000000,29193.66000000,14087.77638000,120,120,False
1653559200000,1653566400000,29193.66000000,29256.68000000,28925.33000000,28998.40000000,7272.89250000,120,120,False
1653566400000,1653573600000,28998.40000000,29144.38000000,28019.56000000,28811.00000000,25427.75585000,120,120,False
1653573600000,1653580800000,28811.00000000,29495.00000000,28792.46000000,29393.10000000,15939.47755000,120,120,False
1653580800000,1653588000000,29393.10000000,29787.69000000,29370.00000000,29638.62000000,7196.07374000,120,120,False
1653588000000,1653595200000,29638.61000000,29645.79000000,29373.35000000,29379.76000000,4697.09060000,120,120,False
1653595200000,1653602400000,29379.76000000,29682.84000000,29285.13000000,29578.92000000,3309.78418000,120,120,False
1653602400000,1653609600000,29578.92000000,29669.63000000,29174.00000000,29201.35000000,4281.60254000,120,120,False
1653609600000,1653616800000,29201.35000000,29390.34000000,28880.00000000,28959.82000000,7878.57489000,120,120,False
1653616800000,1653624000000,28959.82000000,29155.26000000,28840.39000000,29020.01000000,5287.05986000,120,120,False
1653624000000,1653631200000,29020.01000000,29113.89000000,28643.89000000,28799.99000000,10175.71430000,120,120,False
1653631200000,1653638400000,28799.99000000,29214.00000000,28650.00000000,28992.99000000,11490.82407000,120,120,False
1653638400000,1653645600000,28993.00000000,29142.75000000,28785.56000000,29033.24000000,6109.32918000,120,120,False
1653645600000,1653652800000,29033.25000000,29054.48000000,28779.40000000,28912.96000000,4836.77146000,120,120,False
1653652800000,1653660000000,28912.95000000,29397.66000000,28861.77000000,29324.71000000,8753.52521000,120,120,False
1653660000000,1653667200000,29324.72000000,29341.41000000,28639.26000000,28850.45000000,8462.01120000,120,120,False
1653667200000,1653674400000,28850.46000000,28936.44000000,28340.00000000,28388.14000000,12040.81882000,120,120,False
1653674400000,1653681600000,28388.13000000,29056.00000000,28282.90000000,28880.00000000,7619.54852000,120,120,False
1653681600000,1653688800000,28880.00000000,29025.00000000,28699.99000000,28718.71000000,4371.89908000,120,120,False
1653688800000,1653696000000,28718.71000000,28907.13000000,28504.64000000,28629.80000000,3972.44351000,120,120,False
1653696000000,1653703200000,28629.81000000,28842.93000000,28450.00000000,28615.82000000,7650.93886000,120,120,False
1653703200000,1653710400000,28615.83000000,28854.05000000,28598.43000000,28819.20000000,3075.36025000,120,120,False
1653710400000,1653717600000,28819.20000000,28949.39000000,28754.40000000,28876.96000000,3175.24184000,120,120,False
1653717600000,1653724800000,28876.96000000,28917.98000000,28770.78000000,28885.72000000,2250.26781000,120,120,False
1653724800000,1653732000000,28885.71000000,28925.00000000,28766.68000000,28804.82000000,2359.63995000,120,120,False
1653732000000,1653739200000,28804.81000000,28930.81000000,28771.38000000,28828.02000000,2291.03651000,120,120,False
1653739200000,1653746400000,28828.02000000,29266.00000000,28795.78000000,29071.81000000,4169.47543000,120,120,False
1653746400000,1653753600000,29071.81000000,29101.64000000,28890.00000000,28988.21000000,2471.35992000,120,120,False
1653753600000,1653760800000,28988.20000000,29050.00000000,28784.48000000,28886.61000000,3323.01387000,120,120,False
1653760800000,1653768000000,28886.61000000,29067.01000000,28886.60000000,29019.82000000,1265.35712000,120,120,False
1653768000000,1653775200000,29019.81000000,29060.00000000,28985.43000000,29017.47000000,975.48501000,120,120,False
1653775200000,1653782400000,29017.46000000,29154.61000000,28960.00000000,29031.33000000,1472.17470000,120,120,False
1653782400000,1653789600000,29031.33000000,29045.34000000,28900.00000000,28925.85000000,1727.11817000,120,120,False
1653789600000,1653796800000,28925.85000000,28997.21000000,28839.21000000,28984.32000000,1946.20076000,120,120,False
1653796800000,1653804000000,28984.31000000,29049.39000000,28914.96000000,29043.09000000,998.90986000,120,120,False
1653804000000,1653811200000,29043.10000000,29060.32000000,28987.52000000,29008.35000000,1074.92717000,120,120,False
1653811200000,1653818400000,29008.35000000,29190.00000000,28952.70000000,28990.46000000,2727.28777000,120,120,False
1653818400000,1653825600000,28990.46000000,29235.76000000,28990.45000000,29213.85000000,3326.06254000,120,120,False
1653825600000,1653832800000,29213.85000000,29489.00000000,29198.01000000,29332.97000000,4292.57103000,120,120,False
1653832800000,1653840000000,29332.96000000,29382.94000000,29166.51000000,29215.98000000,2526.40865000,120,120,False
1653840000000,1653847200000,29215.97000000,29355.50000000,29179.81000000,29222.97000000,1769.82955000,120,120,False
1653847200000,1653854400000,29222.96000000,29253.28000000,29077.98000000,29126.41000000,1776.68460000,120,120,False
1653854400000,1653861600000,29126.40000000,29242.93000000,29091.67000000,29235.64000000,1337.76133000,120,120,False
1653861600000,1653868800000,29235.64000000,29587.78000000,29175.29000000,29468.10000000,4063.58621000,120,120,False
1653868800000,1653876000000,29468.10000000,29775.99000000,29299.62000000,29770.01000000,4471.03921000,120,120,False
1653876000000,1653883200000,29770.00000000,30400.00000000,29761.48000000,30353.07000000,10393.32563000,120,120,False
1653883200000,1653890400000,30353.07000000,30479.87000000,30236.55000000,30462.09000000,5234.74579000,120,120,False
1653890400000,1653897600000,30462.08000000,30928.71000000,30421.19000000,30636.12000000,10033.17101000,120,120,False
1653897600000,1653904800000,30636.12000000,30765.09000000,30571.04000000,30716.03000000,4706.76897000,120,120,False
1653904800000,1653912000000,30716.02000000,30758.49000000,30556.63000000,30665.37000000,4644.90572000,120,120,False
1653912000000,1653919200000,30665.38000000,30931.00000000,30269.22000000,30519.30000000,8224.60653000,120,120,False
1653919200000,1653926400000,30519.30000000,30748.64000000,30440.20000000,30634.08000000,5308.07156000,120,120,False
1653926400000,1653933600000,30634.08000000,30786.49000000,30566.54000000,30706.84000000,3697.21026000,120,120,False
1653933600000,1653940800000,30706.85000000,30878.10000000,30586.27000000,30643.11000000,4749.61330000,120,120,False
1653940800000,1653948000000,30643.10000000,32222.00000000,30500.00000000,31807.98000000,26158.87373000,120,120,False
1653948000000,1653955200000,31807.99000000,31912.79000000,31400.00000000,31734.22000000,9163.61589000,120,120,False
1653955200000,1653962400000,31734.23000000,31861.55000000,31440.52000000,31558.69000000,4869.96194000,120,120,False
1653962400000,1653969600000,31558.69000000,31835.73000000,31520.87000000,31772.82000000,5846.92197000,120,120,False
1653969600000,1653976800000,31772.81000000,31800.67000000,31621.02000000,31641.63000000,2708.38996000,120,120,False
1653976800000,1653984000000,31641.64000000,31662.22000000,31434.66000000,31573.77000000,4201.97732000,120,120,False
1653984000000,1653991200000,31573.76000000,31726.18000000,31496.09000000,31546.01000000,3582.31436000,120,120,False
1653991200000,1653998400000,31546.01000000,31842.69000000,31518.39000000,31767.00000000,3628.67510000,120,120,False
1653998400000,1654005600000,31766.99000000,31927.58000000,31200.01000000,31392.79000000,7863.46341000,120,120,False
1654005600000,1654012800000,31392.79000000,32181.37000000,31226.01000000,32058.53000000,8868.19934000,120,120,False
1654012800000,1654020000000,32058.52000000,32399.00000000,31839.67000000,32122.09000000,9130.06207000,120,120,False
1654020000000,1654027200000,32122.09000000,32161.99000000,31570.53000000,31625.71000000,6839.51720000,120,120,False
1654027200000,1654034400000,31625.71000000,31831.94000000,31584.29000000,31720.01000000,2246.20910000,120,120,False
1654034400000,1654041600000,31720.00000000,31936.50000000,31683.90000000,31801.04000000,2647.42455000,120,120,False
1654041600000,1654048800000,31801.05000000,31982.97000000,31688.01000000,31926.12000000,3518.27682000,120,120,False
1654048800000,1654056000000,31926.13000000,31926.13000000,31614.01000000,31627.30000000,3584.12310000,120,120,False
1654056000000,1654063200000,31627.29000000,31670.00000000,31371.45000000,31622.28000000,3822.48032000,120,120,False
1654063200000,1654070400000,31622.28000000,31669.01000000,31474.40000000,31482.43000000,2752.05872000,120,120,False
1654070400000,1654077600000,31482.42000000,31708.39000000,31450.00000000,31695.99000000,3192.69022000,120,120,False
1654077600000,1654084800000,31696.00000000,31709.99000000,31444.00000000,31609.16000000,3804.32588000,120,120,False
1654084800000,1654092000000,31609.15000000,31901.34000000,31533.66000000,31739.45000000,6127.83411000,120,120,False
1654092000000,1654099200000,31739.44000000,31819.02000000,30600.00000000,30742.59000000,17481.19775000,120,120,False
1654099200000,1654106400000,30742.59000000,30744.19000000,29901.29000000,30179.67000000,25645.85713000,120,120,False
1654106400000,1654113600000,30179.68000000,30445.00000000,30002.92000000,30126.72000000,12289.43952000,120,120,False
1654113600000,1654120800000,30126.71000000,30162.44000000,29301.00000000,29592.93000000,15435.35696000,120,120,False
1654120800000,1654128000000,29592.92000000,30074.95000000,29519.58000000,29805.83000000,5741.99329000,120,120,False
1654128000000,1654135200000,29805.84000000,29888.02000000,29594.55000000,29811.89000000,4569.07051000,120,120,False
1654135200000,1654142400000,29811.90000000,29903.74000000,29703.05000000,29730.12000000,2982.92993000,120,120,False
1654142400000,1654149600000,29730.12000000,29885.29000000,29650.93000000,29875.72000000,2768.90000000,120,120,False
1654149600000,1654156800000,29875.72000000,30123.35000000,29806.79000000,29968.26000000,4025.82045000,120,120,False
1654156800000,1654164000000,29968.27000000,30020.84000000,29871.00000000,29934.50000000,2976.82192000,120,120,False
1654164000000,1654171200000,29934.50000000,30210.18000000,29865.00000000,30173.67000000,4375.09618000,120,120,False
1654171200000,1654178400000,30173.66000000,30251.96000000,29597.01000000,29895.28000000,10118.69290000,120,120,False
1654178400000,1654185600000,29895.29000000,30387.84000000,29768.27000000,30212.73000000,9461.02523000,120,120,False
1654185600000,1654192800000,30212.73000000,30408.54000000,30166.42000000,30193.95000000,4856.86951000,120,120,False
1654192800000,1654200000000,30193.95000000,30330.00000000,29977.45000000,30293.01000000,3726.38915000,120,120,False
1654200000000,1654207200000,30293.00000000,30389.56000000,30235.70000000,30367.37000000,1986.57695000,120,120,False
1654207200000,1654214400000,30367.37000000,30689.00000000,30324.10000000,30452.62000000,5113.23655000,120,120,False
1654214400000,1654221600000,30452.63000000,30699.00000000,30359.54000000,30628.38000000,3822.71018000,120,120,False
1654221600000,1654228800000,30628.39000000,30667.33000000,30468.17000000,30529.96000000,2221.45282000,120,120,False
1654228800000,1654236000000,30529.96000000,30561.32000000,30413.08000000,30540.64000000,2242.21555000,120,120,False
1654236000000,1654243200000,30540.64000000,30543.95000000,30282.29000000,30443.74000000,2843.15442000,120,120,False
1654243200000,1654250400000,30443.70000000,30529.07000000,30156.41000000,30250.00000000,4336.27164000,120,120,False
1654250400000,1654257600000,30249.99000000,30268.05000000,29680.00000000,29758.19000000,7745.48424000,120,120,False
1654257600000,1654264800000,29758.20000000,29889.49000000,29439.71000000,29722.17000000,12074.38504000,120,120,False
1654264800000,1654272000000,29722.18000000,29767.62000000,29282.36000000,29506.24000000,7706.53030000,120,120,False
1654272000000,1654279200000,29506.25000000,29677.14000000,29401.00000000,29507.86000000,4126.90054000,120,120,False
1654279200000,1654286400000,29507.85000000,29620.00000000,29465.40000000,29572.52000000,2637.47687000,120,120,False
1654286400000,1654293600000,29572.52000000,29863.25000000,29558.30000000,29807.10000000,2176.42348000,120,120,False
1654293600000,1654300800000,29807.10000000,29887.56000000,29648.20000000,29700.21000000,2134.44219000,120,120,False
1654300800000,1654308000000,29700.21000000,29763.35000000,29546.86000000,29584.26000000,2014.91419000,120,120,False
1654308000000,1654315200000,29584.26000000,29643.55000000,29500.00000000,29560.12000000,3438.69581000,120,120,False
1654315200000,1654322400000,29560.12000000,29734.49000000,29546.78000000,29682.10000000,1952.65829000,120,120,False
1654322400000,1654329600000,29682.11000000,29714.00000000,29646.27000000,29700.96000000,1090.37646000,120,120,False
1654329600000,1654336800000,29700.96000000,29800.00000000,29673.64000000,29724.96000000,1709.83282000,120,120,False
1654336800000,1654344000000,29724.96000000,29791.04000000,29594.91000000,29681.69000000,1728.22638000,120,120,False
1654344000000,1654351200000,29681.68000000,29703.64000000,29516.01000000,29596.11000000,2095.30807000,120,120,False
1654351200000,1654358400000,29596.11000000,29988.88000000,29485.00000000,29858.80000000,4287.47089000,120,120,False
1654358400000,1654365600000,29858.79000000,29858.80000000,29613.26000000,29712.52000000,2156.28370000,120,120,False
1654365600000,1654372800000,29712.52000000,29799.82000000,29634.05000000,29655.41000000,1503.84010000,120,120,False
1654372800000,1654380000000,29655.41000000,29862.57000000,29632.05000000,29846.33000000,1233.02367000,120,120,False
1654380000000,1654387200000,29846.33000000,29977.99000000,29771.22000000,29864.04000000,2407.27075000,120,120,False
1654387200000,1654394400000,29864.03000000,29897.18000000,29681.85000000,29691.74000000,1645.08168000,120,120,False
1654394400000,1654401600000,29691.73000000,29819.95000000,29678.50000000,29766.95000000,1066.94340000,120,120,False
1654401600000,1654408800000,29766.95000000,29819.85000000,29686.00000000,29793.95000000,1086.45723000,120,120,False
1654408800000,1654416000000,29793.94000000,29810.20000000,29645.67000000,29645.67000000,1043.03581000,120,120,False
1654416000000,1654423200000,29645.68000000,29738.73000000,29531.42000000,29639.46000000,1775.90883000,120,120,False
1654423200000,1654430400000,29639.46000000,29742.13000000,29588.95000000,29718.69000000,1212.15125000,120,120,False
1654430400000,1654437600000,29718.69000000,29780.65000000,29640.73000000,29656.46000000,1073.79633000,120,120,False
1654437600000,1654444800000,29656.45000000,29981.00000000,29626.65000000,29972.22000000,2606.84667000,120,120,False
1654444800000,1654452000000,29972.23000000,30189.00000000,29761.00000000,30021.99000000,5017.66668000,120,120,False
1654452000000,1654459200000,30022.00000000,30100.00000000,29956.07000000,30049.86000000,1649.59768000,120,120,False
1654459200000,1654466400000,30049.85000000,30127.47000000,29815.75000000,29965.23000000,1800.20913000,120,120,False
1654466400000,1654473600000,29965.23000000,30070.83000000,29875.01000000,29919.21000000,3162.23341000,120,120,False
1654473600000,1654480800000,29919.20000000,30924.56000000,29890.23000000,30844.07000000,7869.73595000,120,120,False
1654480800000,1654488000000,30844.06000000,31276.87000000,30844.06000000,31251.00000000,10330.17918000,120,120,False
1654488000000,1654495200000,31250.99000000,31357.00000000,31148.43000000,31169.05000000,4313.82827000,120,120,False
1654495200000,1654502400000,31169.05000000,31434.75000000,31160.42000000,31292.77000000,4859.40802000,120,120,False
1654502400000,1654509600000,31292.76000000,31550.00000000,31281.00000000,31475.14000000,4928.61085000,120,120,False
1654509600000,1654516800000,31475.13000000,31599.37000000,31338.37000000,31396.71000000,4304.71680000,120,120,False
1654516800000,1654524000000,31396.72000000,31527.90000000,31256.00000000,31442.96000000,6246.40848000,120,120,False
1654524000000,1654531200000,31442.96000000,31765.64000000,31162.55000000,31541.42000000,10421.25807000,120,120,False
1654531200000,1654538400000,31541.41000000,31555.75000000,31000.01000000,31346.12000000,6684.66758000,120,120,False
1654538400000,1654545600000,31346.12000000,31483.96000000,31230.24000000,31470.72000000,3784.89718000,120,120,False
1654545600000,1654552800000,31470.72000000,31599.85000000,31272.39000000,31488.86000000,3116.27127000,120,120,False
1654552800000,1654560000000,31488.86000000,31543.40000000,31317.61000000,31373.10000000,1976.94291000,120,120,False
1654560000000,1654567200000,31373.10000000,31381.03000000,29295.18000000,29568.47000000,21645.22892000,120,120,False
1654567200000,1654574400000,29568.47000000,29668.10000000,29218.96000000,29563.62000000,12480.42631000,120,120,False
1654574400000,1654581600000,29563.61000000,29632.49000000,29401.00000000,29478.41000000,7167.73883000,120,120,False
1654581600000,1654588800000,29478.40000000,29598.75000000,29441.92000000,29585.12000000,3117.62397000,120,120,False
1654588800000,1654596000000,29585.12000000,29733.63000000,29550.00000000,29561.54000000,3517.27696000,120,120,False
1654596000000,1654603200000,29561.53000000,29655.96000000,29345.00000000,29521.50000000,4155.12527000,120,120,False
1654603200000,1654610400000,29521.51000000,29715.57000000,29401.44000000,29564.48000000,5910.06872000,120,120,False
1654610400000,1654617600000,29564.47000000,30041.25000000,29506.33000000,29891.17000000,9170.85388000,120,120,False
1654617600000,1654624800000,29891.17000000,29989.30000000,29747.62000000,29943.75000000,2972.85380000,120,120,False
1654624800000,1654632000000,29943.76000000,31429.85000000,29925.19000000,31059.71000000,11739.90180000,120,120,False
1654632000000,1654639200000,31059.71000000,31589.60000000,31048.99000000,31401.21000000,12097.94517000,120,120,False
1654639200000,1654646400000,31401.21000000,31568.00000000,30300.00000000,31125.33000000,16699.47295000,120,120,False
1654646400000,1654653600000,31125.32000000,31327.22000000,30738.51000000,31118.19000000,7396.85097000,120,120,False
1654653600000,1654660800000,31118.19000000,31244.16000000,29843.88000000,30026.72000000,12260.37673000,120,120,False
1654660800000,1654668000000,30026.71000000,30650.02000000,29872.55000000,30548.89000000,8910.35285000,120,120,False
1654668000000,1654675200000,30548.89000000,30686.63000000,30314.45000000,30561.77000000,4400.48357000,120,120,False
1654675200000,1654682400000,30561.77000000,30616.85000000,30373.17000000,30530.60000000,3523.69205000,120,120,False
1654682400000,1654689600000,30530.60000000,30535.31000000,30336.81000000,30410.85000000,2804.41151000,120,120,False
1654689600000,1654696800000,30410.85000000,30901.67000000,30051.16000000,30766.49000000,9209.93065000,120,120,False
1654696800000,1654704000000,30766.50000000,30797.00000000,30338.75000000,30476.77000000,6334.62495000,120,120,False
1654704000000,1654711200000,30476.77000000,30552.64000000,30213.92000000,30382.62000000,3726.82060000,120,120,False
1654711200000,1654718400000,30382.61000000,30421.05000000,29916.45000000,30140.14000000,5659.80484000,120,120,False
1654718400000,1654725600000,30140.14000000,30499.00000000,30102.86000000,30424.25000000,2132.63482000,120,120,False
1654725600000,1654732800000,30424.24000000,30457.23000000,30189.22000000,30204.77000000,2182.62922000,120,120,False
1654732800000,1654740000000,30204.77000000,30323.51000000,30070.24000000,30090.50000000,2972.09845000,120,120,False
1654740000000,1654747200000,30090.51000000,30303.51000000,30075.42000000,30293.49000000,1636.81947000,120,120,False
1654747200000,1654754400000,30293.50000000,30465.59000000,30235.85000000,30315.29000000,2498.81484000,120,120,False
1654754400000,1654761600000,30315.29000000,30487.54000000,30283.57000000,30487.54000000,2606.59769000,120,120,False
1654761600000,1654768800000,30487.53000000,30700.00000000,30360.27000000,30549.46000000,4413.05060000,120,120,False
1654768800000,1654776000000,30549.45000000,30600.04000000,30251.89000000,30299.47000000,3515.19650000,120,120,False
1654776000000,1654783200000,30299.46000000,30366.68000000,29944.10000000,30167.30000000,10075.92023000,120,120,False
1654783200000,1654790400000,30167.30000000,30389.05000000,30036.19000000,30302.24000000,5382.51229000,120,120,False
1654790400000,1654797600000,30302.23000000,30450.00000000,30180.20000000,30323.53000000,4442.87070000,120,120,False
1654797600000,1654804800000,30323.54000000,30347.00000000,29976.00000000,30017.12000000,3545.67920000,120,120,False
1654804800000,1654812000000,30017.12000000,30250.00000000,29970.51000000,30139.31000000,2488.80840000,120,120,False
1654812000000,1654819200000,30139.30000000,30155.66000000,30000.00000000,30109.93000000,2712.81813000,120,120,False
1654819200000,1654826400000,30109.93000000,30145.38000000,29578.96000000,29885.72000000,9371.58304000,120,120,False
1654826400000,1654833600000,29885.73000000,30382.80000000,29874.06000000,30114.38000000,6138.25515000,120,120,False
1654833600000,1654840800000,30114.38000000,30185.00000000,30042.13000000,30104.12000000,1865.68179000,120,120,False
1654840800000,1654848000000,30104.11000000,30226.79000000,30052.43000000,30052.43000000,3051.04819000,120,120,False
1654848000000,1654855200000,30052.44000000,30114.25000000,29868.00000000,29897.09000000,6818.83784000,120,120,False
1654855200000,1654862400000,29897.09000000,30089.51000000,29875.09000000,30020.56000000,2447.20624000,120,120,False
1654862400000,1654869600000,30020.56000000,30184.40000000,29258.00000000,29396.04000000,17169.05217000,120,120,False
1654869600000,1654876800000,29396.04000000,29694.47000000,29222.67000000,29454.53000000,8104.60796000,120,120,False
1654876800000,1654884000000,29454.52000000,29484.45000000,28850.00000000,29115.01000000,11133.84236000,120,120,False
1654884000000,1654891200000,29115.01000000,29160.00000000,28945.63000000,28980.02000000,4316.76589000,120,120,False
1654891200000,1654898400000,28980.03000000,29400.00000000,28970.00000000,29200.01000000,2719.28954000,120,120,False
1654898400000,1654905600000,29200.01000000,29304.21000000,29031.52000000,29091.88000000,3068.07963000,120,120,False
1654905600000,1654912800000,29091.87000000,29266.75000000,29047.93000000,29209.05000000,2510.55103000,120,120,False
1654912800000,1654920000000,29209.05000000,29315.21000000,29185.69000000,29272.43000000,1825.69014000,120,120,False
1654920000000,1654927200000,29272.43000000,29440.41000000,29251.17000000,29283.45000000,2041.28234000,120,120,False
1654927200000,1654934400000,29283.45000000,29358.65000000,29265.26000000,29326.83000000,1677.49215000,120,120,False
1654934400000,1654941600000,29326.83000000,29345.11000000,28742.38000000,29073.02000000,9119.17177000,120,120,False
1654941600000,1654948800000,29073.02000000,29122.39000000,28590.00000000,28734.01000000,7448.57711000,120,120,False
1654948800000,1654956000000,28734.01000000,28870.00000000,28348.78000000,28780.11000000,10652.02312000,120,120,False
1654956000000,1654963200000,28780.11000000,28781.98000000,28251.00000000,28405.54000000,10007.78267000,120,120,False
1654963200000,1654970400000,28405.55000000,28582.06000000,28099.99000000,28499.25000000,8962.36667000,120,120,False
1654970400000,1654977600000,28499.24000000,28794.46000000,28454.69000000,28595.28000000,3909.26774000,120,120,False
1654977600000,1654984800000,28595.27000000,28623.63000000,28378.37000000,28561.05000000,2900.45752000,120,120,False
1654984800000,1654992000000,28561.04000000,28683.54000000,28250.04000000,28424.70000000,4846.73669000,120,120,False
1654992000000,1654999200000,28424.71000000,28544.96000000,28171.00000000,28244.71000000,3861.47486000,120,120,False
1654999200000,1655006400000,28244.70000000,28346.72000000,27249.00000000,27553.23000000,17440.65338000,120,120,False
1655006400000,1655013600000,27553.22000000,27656.05000000,27190.00000000,27270.79000000,6845.48894000,120,120,False
1655013600000,1655020800000,27270.79000000,27677.18000000,27245.70000000,27645.89000000,4999.90274000,120,120,False
1655020800000,1655028000000,27645.88000000,27726.15000000,27455.17000000,27469.84000000,4161.52686000,120,120,False
1655028000000,1655035200000,27469.97000000,27580.00000000,27342.82000000,27457.39000000,4531.21721000,120,120,False
1655035200000,1655042400000,27457.39000000,27583.10000000,27234.55000000,27313.36000000,4018.65132000,120,120,False
1655042400000,1655049600000,27313.35000000,28347.89000000,26890.00000000,28094.42000000,18613.41545000,120,120,False
1655049600000,1655056800000,28094.42000000,28238.58000000,27812.00000000,28124.01000000,5910.20730000,120,120,False
1655056800000,1655064000000,28124.01000000,28141.34000000,27423.73000000,27424.71000000,5729.28169000,120,120,False
1655064000000,1655071200000,27424.71000000,27557.05000000,27333.33000000,27369.34000000,3475.41515000,120,120,False
1655071200000,1655078400000,27369.35000000,27454.38000000,26560.00000000,26574.53000000,12887.36390900,120,120,False
1655078400000,1655085600000,26574.53000000,26895.84000000,25602.17000000,25771.59000000,25911.27911500,120,120,False
1655085600000,1655092800000,25771.60000000,25862.98000000,24900.00000000,25520.05000000,27540.94936800,120,120,False
1655092800000,1655100000000,25520.05000000,26257.31000000,25190.27000000,25234.44000000,17086.94235000,120,120,False
1655100000000,1655107200000,25234.44000000,25607.00000000,24555.00000000,24811.59000000,21241.67334300,120,120,False
1655107200000,1655114400000,24811.59000000,24941.17000000,23788.00000000,24052.83000000,34113.37359200,120,120,False
1655114400000,1655121600000,24052.82000000,24324.19000000,23500.00000000,23729.43000000,20727.73656500,120,120,False
1655121600000,1655128800000,23729.43000000,24376.09000000,23338.73000000,23651.94000000,24944.25731500,120,120,False
1655128800000,1655136000000,23651.94000000,23740.00000000,22600.00000000,23271.54000000,32457.57811000,120,120,False
1655136000000,1655143200000,23271.53000000,24204.55000000,23106.20000000,23538.33000000,17639.32244000,120,120,False
1655143200000,1655150400000,23538.32000000,23810.87000000,23101.01000000,23218.22000000,8354.11741000,120,120,False
1655150400000,1655157600000,23215.97000000,23787.30000000,22862.09000000,23061.45000000,6618.74058000,120,120,False
1655157600000,1655164800000,23061.44000000,23131.51000000,21925.77000000,22487.41000000,17975.06477800,120,120,False
1655164800000,1655172000000,22485.27000000,22796.71000000,20855.00000000,20855.00000000,34239.93817000,120,120,False
1655172000000,1655179200000,20855.00000000,22300.00000000,20846.00000000,22127.91000000,29900.04358000,120,120,False
1655179200000,1655186400000,22127.92000000,23362.88000000,21763.71000000,22747.24000000,25872.46890000,120,120,False
1655186400000,1655193600000,22747.25000000,23041.27000000,22171.00000000,22877.52000000,18020.06671000,120,120,False
1655193600000,1655200800000,22877.52000000,22979.96000000,22289.36000000,22298.92000000,10540.26560000,120,120,False
1655200800000,1655208000000,22298.92000000,22648.13000000,21725.22000000,21994.56000000,11953.75847000,120,120,False
1655208000000,1655215200000,21994.56000000,22591.78000000,21811.01000000,22411.33000000,15018.46076000,120,120,False
1655215200000,1655222400000,22416.91000000,22800.00000000,22019.06000000,22680.38000000,14146.79650000,120,120,False
1655222400000,1655229600000,22680.38000000,22777.07000000,22325.00000000,22361.56000000,6405.99026000,120,120,False
1655229600000,1655236800000,22361.94000000,22590.72000000,22126.40000000,22196.28000000,5059.18306000,120,120,False
1655236800000,1655244000000,22190.93000000,22244.44000000,21358.00000000,21484.73000000,7182.21135000,120,120,False
1655244000000,1655251200000,21484.74000000,22344.00000000,21475.87000000,22136.41000000,8862.46335000,120,120,False
1655251200000,1655258400000,22136.42000000,22297.37000000,21741.59000000,22163.99000000,8145.09734000,120,120,False
1655258400000,1655265600000,22164.00000000,22174.98000000,21406.68000000,21455.80000000,7395.32006000,120,120,False
1655265600000,1655272800000,21455.80000000,21490.67000000,20750.00000000,21226.31000000,20304.21138300,120,120,False
1655272800000,1655280000000,21226.31000000,21445.71000000,20652.18000000,20722.92000000,16607.50354000,120,120,False
1655280000000,1655287200000,20722.92000000,20755.80000000,20111.62000000,20238.04000000,29168.35706400,120,120,False
1655287200000,1655294400000,20238.03000000,21290.00000000,20200.58000000,21177.03000000,24025.20884000,120,120,False
1655294400000,1655301600000,21177.04000000,21798.95000000,21045.13000000,21561.50000000,16158.21642000,120,120,False
1655301600000,1655308800000,21561.49000000,21773.34000000,21080.26000000,21419.10000000,9941.39637000,120,120,False
1655308800000,1655316000000,21419.09000000,21545.60000000,20500.00000000,21117.26000000,15257.85917000,120,120,False
1655316000000,1655323200000,21117.26000000,22496.52000000,20250.00000000,21632.04000000,35020.21902000,120,120,False
1655323200000,1655330400000,21632.03000000,22445.53000000,21450.00000000,22214.02000000,7680.41728000,120,120,False
1655330400000,1655337600000,22214.03000000,22800.00000000,22207.10000000,22583.72000000,11070.68698000,120,120,False
1655337600000,1655344800000,22583.72000000,22995.73000000,22352.56000000,22368.42000000,9400.12276000,120,120,False
1655344800000,1655352000000,22368.42000000,22543.93000000,22167.08000000,22211.62000000,6001.05332000,120,120,False
1655352000000,1655359200000,22211.62000000,22361.98000000,21915.24000000,21941.97000000,5116.27371000,120,120,False
1655359200000,1655366400000,21941.98000000,22006.32000000,21646.64000000,21764.17000000,6674.13762000,120,120,False
1655366400000,1655373600000,21764.18000000,21888.00000000,21125.03000000,21273.85000000,9741.22407000,120,120,False
1655373600000,1655380800000,21273.86000000,21361.26000000,20852.35000000,21044.55000000,11204.35106000,120,120,False
1655380800000,1655388000000,21044.56000000,21510.20000000,20901.01000000,21022.04000000,10640.34224000,120,120,False
1655388000000,1655395200000,21022.04000000,21278.77000000,20745.00000000,21074.77000000,9597.41463000,120,120,False
1655395200000,1655402400000,21074.77000000,21500.00000000,20818.00000000,21068.65000000,8817.86196000,120,120,False
1655402400000,1655409600000,21068.64000000,21130.84000000,20860.01000000,20875.48000000,5974.78845000,120,120,False
1655409600000,1655416800000,20875.48000000,21048.38000000,20502.00000000,20685.50000000,6060.87487000,120,120,False
1655416800000,1655424000000,20685.50000000,20707.78000000,20232.00000000,20401.31000000,10445.14960000,120,120,False
1655424000000,1655431200000,20400.60000000,20949.20000000,20246.66000000,20880.80000000,10830.01200000,120,120,False
1655431200000,1655438400000,20880.81000000,21059.68000000,20352.67000000,20383.38000000,6593.80408000,120,120,False
1655438400000,1655445600000,20383.37000000,20974.71000000,20326.00000000,20807.76000000,5962.19790000,120,120,False
1655445600000,1655452800000,20807.77000000,21286.01000000,20616.20000000,21100.64000000,9722.33495000,120,120,False
1655452800000,1655460000000,21100.65000000,21365.43000000,20877.17000000,20972.66000000,7160.56104000,120,120,False
1655460000000,1655467200000,20972.66000000,21218.00000000,20847.49000000,20972.04000000,6080.08901000,120,120,False
1655467200000,1655474400000,20972.04000000,21047.41000000,20569.63000000,20801.35000000,9690.02447000,120,120,False
1655474400000,1655481600000,20801.34000000,20810.76000000,20386.93000000,20663.70000000,9794.71114000,120,120,False
1655481600000,1655488800000,20661.95000000,20791.96000000,20510.06000000,20592.60000000,6673.89356000,120,120,False
1655488800000,1655496000000,20592.59000000,20653.13000000,20440.92000000,20515.59000000,4678.60670000,120,120,False
1655496000000,1655503200000,20515.59000000,20723.00000000,20513.03000000,20554.16000000,4645.83536000,120,120,False
1655503200000,1655510400000,20554.16000000,20605.58000000,20368.20000000,20468.81000000,4862.26642000,120,120,False
1655510400000,1655517600000,20468.81000000,20792.06000000,20375.16000000,20390.01000000,6473.15698000,120,120,False
1655517600000,1655524800000,20390.02000000,20523.25000000,20322.08000000,20459.65000000,6570.18189000,120,120,False
1655524800000,1655532000000,20459.65000000,20537.34000000,20394.46000000,20424.05000000,3263.57726000,120,120,False
1655532000000,1655539200000,20424.04000000,20446.52000000,19066.80000000,19258.58000000,32670.57878900,120,120,False
1655539200000,1655546400000,19258.58000000,19393.00000000,18742.50000000,19173.92000000,24322.81846900,120,120,False
1655546400000,1655553600000,19173.91000000,19540.00000000,19149.27000000,19243.98000000,12396.11402000,120,120,False
1655553600000,1655560800000,19243.99000000,19291.99000000,19090.92000000,19200.11000000,8312.17091000,120,120,False
1655560800000,1655568000000,19200.12000000,19261.75000000,18942.75000000,18953.76000000,7797.89372000,120,120,False
1655568000000,1655575200000,18953.76000000,19101.28000000,18511.00000000,18621.13000000,18581.14247800,120,120,False
1655575200000,1655582400000,18621.12000000,18653.57000000,18031.13000000,18067.60000000,23989.69749700,120,120,False
1655582400000,1655589600000,18067.61000000,18919.78000000,17622.00000000,18517.72000000,37118.95728100,120,120,False
1655589600000,1655596800000,18517.71000000,19493.23000000,18425.56000000,18970.79000000,14945.36623000,120,120,False
1655596800000,1655604000000,18970.79000000,19198.00000000,18410.79000000,18480.10000000,10640.80104000,120,120,False
1655604000000,1655611200000,18480.10000000,18750.00000000,18224.98000000,18311.09000000,8915.73110000,120,120,False
1655611200000,1655618400000,18311.10000000,18621.57000000,17960.41000000,18126.08000000,8726.62094000,120,120,False
1655618400000,1655625600000,18126.08000000,18546.00000000,18053.13000000,18306.93000000,7944.33821000,120,120,False
1655625600000,1655632800000,18307.39000000,19314.91000000,18264.67000000,19006.11000000,12449.57419000,120,120,False
1655632800000,1655640000000,19006.11000000,20150.00000000,18898.74000000,19692.50000000,21578.52052000,120,120,False
1655640000000,1655647200000,19692.49000000,19944.52000000,19130.84000000,19185.87000000,11252.98543000,120,120,False
1655647200000,1655654400000,19185.86000000,19945.88000000,19156.22000000,19824.97000000,9791.64487000,120,120,False
1655654400000,1655661600000,19824.96000000,19872.18000000,19350.08000000,19445.99000000,5803.43017000,120,120,False
1655661600000,1655668800000,19445.60000000,20344.91000000,19413.44000000,20124.08000000,12579.00376000,120,120,False
1655668800000,1655676000000,20124.07000000,20716.25000000,20050.47000000,20395.64000000,10792.54252000,120,120,False
1655676000000,1655683200000,20395.63000000,20815.95000000,20313.00000000,20574.00000000,7845.68320000,120,120,False
1655683200000,1655690400000,20574.00000000,20687.99000000,19637.03000000,19795.52000000,13079.69364000,120,120,False
1655690400000,1655697600000,19795.53000000,20197.28000000,19670.74000000,19980.49000000,7997.19540000,120,120,False
1655697600000,1655704800000,19980.49000000,20182.02000000,19776.58000000,20107.81000000,5707.08546000,120,120,False
1655704800000,1655712000000,20107.81000000,20258.29000000,19876.01000000,20086.63000000,6116.81088000,120,120,False
1655712000000,1655719200000,20086.62000000,21022.00000000,20023.14000000,20652.36000000,15922.95721000,120,120,False
1655719200000,1655726400000,20652.36000000,20990.00000000,20468.10000000,20801.79000000,10939.66467000,120,120,False
1655726400000,1655733600000,20801.79000000,20820.00000000,20364.33000000,20525.56000000,10759.11085000,120,120,False
1655733600000,1655740800000,20525.55000000,21090.00000000,20509.99000000,20824.74000000,9781.81085000,120,120,False
1655740800000,1655748000000,20824.74000000,20832.82000000,19967.01000000,19977.60000000,9061.94520000,120,120,False
1655748000000,1655755200000,19977.59000000,20200.00000000,19832.95000000,20072.81000000,7491.17741000,120,120,False
1655755200000,1655762400000,20072.80000000,20633.88000000,20001.53000000,20418.45000000,6015.81730000,120,120,False
1655762400000,1655769600000,20418.44000000,20784.77000000,20251.59000000,20573.89000000,6155.67267000,120,120,False
1655769600000,1655776800000,20573.90000000,20783.99000000,20396.77000000,20670.88000000,8128.68804000,120,120,False
1655776800000,1655784000000,20670.87000000,20699.93000000,20348.40000000,20614.04000000,6183.65946000,120,120,False
1655784000000,1655791200000,20614.04000000,21029.93000000,20474.41000000,20890.77000000,9441.99153000,120,120,False
1655791200000,1655798400000,20890.77000000,21333.00000000,20890.77000000,21120.28000000,11547.91924000,120,120,False
1655798400000,1655805600000,21120.28000000,21500.01000000,21051.25000000,21200.00000000,11202.94297000,120,120,False
1655805600000,1655812800000,21200.01000000,21361.03000000,20911.13000000,20962.42000000,8667.90102000,120,120,False
1655812800000,1655820000000,20962.42000000,21650.00000000,20853.36000000,21619.31000000,14263.85383000,120,120,False
1655820000000,1655827200000,21619.31000000,21723.00000000,21339.07000000,21392.19000000,10104.57051000,120,120,False
1655827200000,1655834400000,21392.18000000,21550.39000000,21195.70000000,21242.94000000,6177.97704000,120,120,False
1655834400000,1655841600000,21242.93000000,21306.51000000,20870.01000000,20888.64000000,6835.74203000,120,120,False
1655841600000,1655848800000,20888.63000000,21054.99000000,20666.00000000,20972.91000000,6256.43832000,120,120,False
1655848800000,1655856000000,20972.91000000,21003.70000000,20551.00000000,20723.52000000,5559.39091000,120,120,False
1655856000000,1655863200000,20723.51000000,20736.68000000,20388.01000000,20411.24000000,7467.76989000,120,120,False
1655863200000,1655870400000,20411.23000000,20567.60000000,20253.96000000,20317.88000000,6511.54923000,120,120,False
1655870400000,1655877600000,20317.89000000,20595.42000000,20275.34000000,20368.76000000,5116.16159000,120,120,False
1655877600000,1655884800000,20368.77000000,20450.99000000,19950.34000000,20099.62000000,9016.20974000,120,120,False
1655884800000,1655892000000,20099.62000000,20499.90000000,20038.85000000,20428.56000000,6270.07450000,120,120,False
1655892000000,1655899200000,20428.57000000,20676.70000000,20357.14000000,20506.30000000,5945.07096000,120,120,False
1655899200000,1655906400000,20506.30000000,20772.61000000,20106.06000000,20723.95000000,10563.56329000,120,120,False
1655906400000,1655913600000,20723.95000000,20900.00000000,20035.54000000,20080.10000000,13205.26927000,120,120,False
1655913600000,1655920800000,20080.85000000,20380.00000000,19840.86000000,20267.42000000,10802.18819000,120,120,False
1655920800000,1655928000000,20267.43000000,20378.47000000,19913.00000000,20117.34000000,5554.18554000,120,120,False
1655928000000,1655935200000,20117.34000000,20239.87000000,19770.51000000,20005.30000000,6964.01260000,120,120,False
1655935200000,1655942400000,20005.30000000,20169.09000000,19918.31000000,19987.99000000,4717.92458000,120,120,False
1655942400000,1655949600000,19988.00000000,20612.22000000,19890.07000000,20375.49000000,10223.83090000,120,120,False
1655949600000,1655956800000,20375.48000000,20492.01000000,20211.43000000,20213.79000000,4139.82877000,120,120,False
1655956800000,1655964000000,20213.78000000,20474.36000000,20168.26000000,20349.16000000,4464.87672000,120,120,False
1655964000000,1655971200000,20349.16000000,20657.14000000,20303.76000000,20461.83000000,6561.81816000,120,120,False
1655971200000,1655978400000,20461.83000000,20785.52000000,20454.32000000,20746.40000000,7699.86593000,120,120,False
1655978400000,1655985600000,20746.40000000,20812.12000000,20591.53000000,20638.79000000,6502.17473000,120,120,False
1655985600000,1655992800000,20638.89000000,20829.21000000,20365.13000000,20459.94000000,8348.17874000,120,120,False
1655992800000,1656000000000,20459.94000000,20615.94000000,20287.41000000,20351.91000000,6423.22801000,120,120,False
1656000000000,1656007200000,20351.91000000,20395.08000000,20170.00000000,20319.32000000,4768.67116000,120,120,False
1656007200000,1656014400000,20319.32000000,20945.55000000,20288.91000000,20910.06000000,8299.31150000,120,120,False
1656014400000,1656021600000,20910.06000000,21123.00000000,20672.72000000,20687.76000000,6738.40710000,120,120,False
1656021600000,1656028800000,20687.75000000,21233.00000000,20683.20000000,21110.13000000,8956.89544000,120,120,False
1656028800000,1656036000000,21110.12000000,21199.88000000,20973.68000000,21047.60000000,5486.64225000,120,120,False
1656036000000,1656043200000,21047.59000000,21369.85000000,21015.14000000,21073.73000000,6073.72072000,120,120,False
1656043200000,1656050400000,21073.73000000,21168.13000000,20864.84000000,20910.89000000,4918.78118000,120,120,False
1656050400000,1656057600000,20910.89000000,21000.59000000,20736.72000000,20913.72000000,6326.61986000,120,120,False
1656057600000,1656064800000,20913.73000000,21094.00000000,20745.01000000,20824.99000000,4958.38923000,120,120,False
1656064800000,1656072000000,20824.99000000,21326.52000000,20792.59000000,21169.53000000,8225.12739000,120,120,False
1656072000000,1656079200000,21169.53000000,21457.00000000,21086.01000000,21199.99000000,9861.71666000,120,120,False
1656079200000,1656086400000,21199.98000000,21374.99000000,20822.90000000,20884.17000000,8508.88901000,120,120,False
1656086400000,1656093600000,20884.17000000,21228.92000000,20784.76000000,20972.40000000,8212.13572000,120,120,False
1656093600000,1656100800000,20972.41000000,21267.36000000,20904.02000000,21253.61000000,4125.12866000,120,120,False
1656100800000,1656108000000,21253.79000000,21365.00000000,21146.00000000,21317.48000000,4487.32697000,120,120,False
1656108000000,1656115200000,21317.47000000,21558.41000000,21194.01000000,21237.69000000,6245.88857000,120,120,False
1656115200000,1656122400000,21237.68000000,21342.86000000,21121.72000000,21331.33000000,4725.39419000,120,120,False
1656122400000,1656129600000,21331.33000000,21379.65000000,21151.38000000,21300.62000000,4108.73430000,120,120,False
1656129600000,1656136800000,21300.62000000,21323.48000000,21206.68000000,21216.88000000,3035.31378000,120,120,False
1656136800000,1656144000000,21216.87000000,21614.50000000,21180.40000000,21508.13000000,5939.46906000,120,120,False
1656144000000,1656151200000,21508.09000000,21555.71000000,21353.97000000,21432.69000000,3436.30322000,120,120,False
1656151200000,1656158400000,21432.69000000,21484.47000000,21318.63000000,21340.22000000,2787.65392000,120,120,False
1656158400000,1656165600000,21340.22000000,21372.89000000,21031.92000000,21165.45000000,7506.05815000,120,120,False
1656165600000,1656172800000,21165.45000000,21223.21000000,20906.62000000,20961.89000000,5355.29874000,120,120,False
1656172800000,1656180000000,20961.89000000,21164.21000000,20915.00000000,21096.77000000,3464.63916000,120,120,False
1656180000000,1656187200000,21096.76000000,21271.62000000,21043.75000000,21206.20000000,2965.54388000,120,120,False
1656187200000,1656194400000,21206.21000000,21523.14000000,21146.04000000,21512.07000000,3938.67283000,120,120,False
1656194400000,1656201600000,21512.07000000,21588.43000000,21390.68000000,21491.19000000,4168.59671000,120,120,False
1656201600000,1656208800000,21491.18000000,21544.49000000,21328.39000000,21395.07000000,3387.57707000,120,120,False
1656208800000,1656216000000,21395.08000000,21456.12000000,21282.13000000,21426.23000000,2377.40672000,120,120,False
1656216000000,1656223200000,21426.23000000,21484.98000000,21359.57000000,21442.01000000,2055.65423000,120,120,False
1656223200000,1656230400000,21442.01000000,21526.00000000,21336.96000000,21396.52000000,3191.72231000,120,120,False
1656230400000,1656237600000,21396.52000000,21480.82000000,21365.15000000,21414.83000000,2853.62046000,120,120,False
1656237600000,1656244800000,21414.84000000,21777.00000000,21378.69000000,21708.60000000,5005.01593000,120,120,False
1656244800000,1656252000000,21708.60000000,21888.00000000,21307.09000000,21408.93000000,11588.23749000,120,120,False
1656252000000,1656259200000,21408.94000000,21493.67000000,21197.12000000,21326.11000000,5141.89562000,120,120,False
1656259200000,1656266400000,21325.98000000,21445.88000000,21128.41000000,21260.66000000,4030.21839000,120,120,False
1656266400000,1656273600000,21260.66000000,21309.09000000,21115.30000000,21283.60000000,3327.88787000,120,120,False
1656273600000,1656280800000,21283.60000000,21425.00000000,21236.86000000,21381.85000000,2544.86178000,120,120,False
1656280800000,1656288000000,21381.86000000,21403.05000000,20964.73000000,21038.07000000,7774.00677000,120,120,False
1656288000000,1656295200000,21038.08000000,21137.86000000,20926.01000000,21090.55000000,5850.32159000,120,120,False
1656295200000,1656302400000,21090.55000000,21190.10000000,21046.67000000,21171.32000000,3264.98937000,120,120,False
1656302400000,1656309600000,21171.33000000,21318.66000000,21142.86000000,21182.60000000,3810.75801000,120,120,False
1656309600000,1656316800000,21182.60000000,21404.52000000,21166.42000000,21363.22000000,3476.34842000,120,120,False
1656316800000,1656324000000,21363.23000000,21539.85000000,21338.50000000,21454.57000000,5405.23111000,120,120,False
1656324000000,1656331200000,21454.58000000,21492.42000000,21285.48000000,21304.55000000,3626.20945000,120,120,False
1656331200000,1656338400000,21304.56000000,21343.83000000,20722.04000000,20737.81000000,10330.85451000,120,120,False
1656338400000,1656345600000,20737.82000000,20851.51000000,20590.00000000,20754.73000000,10415.31619000,120,120,False
1656345600000,1656352800000,20754.74000000,20811.68000000,20660.01000000,20726.78000000,3659.13419000,120,120,False
1656352800000,1656360000000,20726.77000000,20945.00000000,20510.00000000,20855.37000000,7460.33611000,120,120,False
1656360000000,1656367200000,20855.38000000,20966.73000000,20783.15000000,20803.24000000,2707.55636000,120,120,False
1656367200000,1656374400000,20803.25000000,20950.00000000,20680.00000000,20742.56000000,4467.94599000,120,120,False
1656374400000,1656381600000,20742.57000000,20873.82000000,20553.04000000,20619.45000000,5495.16460000,120,120,False
1656381600000,1656388800000,20619.44000000,20758.16000000,20510.00000000,20735.03000000,4767.57619000,120,120,False
1656388800000,1656396000000,20735.03000000,20829.10000000,20703.30000000,20741.30000000,2852.53439000,120,120,False
1656396000000,1656403200000,20741.29000000,20933.00000000,20741.29000000,20879.39000000,3780.04546000,120,120,False
1656403200000,1656410400000,20879.39000000,21212.10000000,20870.01000000,21060.10000000,7359.47370000,120,120,False
1656410400000,1656417600000,21060.10000000,21090.70000000,20904.74000000,20998.13000000,3789.18689000,120,120,False
1656417600000,1656424800000,20998.14000000,21129.19000000,20869.20000000,21058.34000000,6278.26862000,120,120,False
1656424800000,1656432000000,21058.34000000,21088.95000000,20588.00000000,20606.40000000,7899.13642000,120,120,False
1656432000000,1656439200000,20606.40000000,20771.80000000,20552.00000000,20630.01000000,5371.31812000,120,120,False
1656439200000,1656446400000,20630.02000000,20638.70000000,20218.00000000,20255.01000000,8480.38220000,120,120,False
1656446400000,1656453600000,20255.01000000,20397.47000000,20202.01000000,20393.44000000,3180.45959000,120,120,False
1656453600000,1656460800000,20393.43000000,20463.20000000,20210.00000000,20281.29000000,4547.53702000,120,120,False
1656460800000,1656468000000,20281.28000000,20388.79000000,20152.00000000,20357.67000000,4579.47680000,120,120,False
1656468000000,1656475200000,20357.66000000,20398.00000000,20231.23000000,20282.96000000,4824.02911000,120,120,False
1656475200000,1656482400000,20282.96000000,20381.10000000,20071.64000000,20182.80000000,6228.01476000,120,120,False
1656482400000,1656489600000,20182.81000000,20211.89000000,19889.00000000,20093.75000000,8954.28892000,120,120,False
1656489600000,1656496800000,20093.74000000,20233.98000000,19961.81000000,20063.27000000,6008.67714000,120,120,False
1656496800000,1656504000000,20063.26000000,20147.12000000,19854.92000000,20104.80000000,7694.69634000,120,120,False
1656504000000,1656511200000,20104.81000000,20189.13000000,19892.97000000,20083.99000000,9258.60288000,120,120,False
1656511200000,1656518400000,20083.99000000,20254.20000000,20000.00000000,20084.48000000,7393.30137000,120,120,False
1656518400000,1656525600000,20084.48000000,20100.00000000,19921.85000000,20081.37000000,5447.30948000,120,120,False
1656525600000,1656532800000,20081.38000000,20268.00000000,20036.30000000,20223.63000000,3981.48918000,120,120,False
1656532800000,1656540000000,20223.63000000,20432.31000000,20128.00000000,20295.35000000,5009.45110000,120,120,False
1656540000000,1656547200000,20295.35000000,20326.12000000,20052.74000000,20123.01000000,7929.70671000,120,120,False
1656547200000,1656554400000,20123.00000000,20179.08000000,19951.08000000,20018.44000000,5091.20992000,120,120,False
1656554400000,1656561600000,20018.45000000,20121.74000000,20001.50000000,20077.01000000,2394.83789000,120,120,False
1656561600000,1656568800000,20077.01000000,20091.15000000,19964.55000000,20001.75000000,3569.10487000,120,120,False
1656568800000,1656576000000,20001.75000000,20028.47000000,19310.00000000,19435.90000000,11494.33029000,120,120,False
1656576000000,1656583200000,19435.89000000,19440.73000000,18921.59000000,19154.16000000,12304.87821000,120,120,False
1656583200000,1656590400000,19154.16000000,19188.97000000,18987.88000000,19101.36000000,7153.71533000,120,120,False
1656590400000,1656597600000,19101.35000000,19341.26000000,18756.71000000,18868.29000000,11743.64078000,120,120,False
1656597600000,1656604800000,18868.30000000,19258.43000000,18860.00000000,19143.98000000,8610.25434000,120,120,False
1656604800000,1656612000000,19143.97000000,19295.89000000,19068.64000000,19105.67000000,5437.61613000,120,120,False
1656612000000,1656619200000,19105.67000000,19126.26000000,18850.21000000,18927.34000000,6285.09813000,120,120,False
1656619200000,1656626400000,18927.33000000,19075.49000000,18626.00000000,18819.80000000,7082.57039000,120,120,False
1656626400000,1656633600000,18819.79000000,19980.00000000,18740.83000000,19942.21000000,12679.39178000,120,120,False
1656633600000,1656640800000,19942.21000000,20918.35000000,19658.97000000,20416.46000000,20344.43170000,120,120,False
1656640800000,1656648000000,20416.45000000,20552.29000000,19688.00000000,19730.76000000,10239.80992000,120,120,False
1656648000000,1656655200000,19730.77000000,19773.71000000,19315.91000000,19465.37000000,11787.18394000,120,120,False
1656655200000,1656662400000,19465.37000000,19669.42000000,19337.00000000,19579.11000000,7942.84398000,120,120,False
1656662400000,1656669600000,19579.11000000,19821.28000000,19371.55000000,19424.45000000,8279.51925000,120,120,False
1656669600000,1656676800000,19424.45000000,19496.80000000,18975.00000000,19191.03000000,10154.24326000,120,120,False
1656676800000,1656684000000,19191.02000000,19669.22000000,19130.21000000,19450.24000000,10873.39766000,120,120,False
1656684000000,1656691200000,19450.24000000,19535.71000000,19212.62000000,19290.94000000,10509.08527000,120,120,False
1656691200000,1656698400000,19290.95000000,19530.00000000,19253.01000000,19487.94000000,6382.06601000,120,120,False
1656698400000,1656705600000,19487.93000000,19544.52000000,19279.03000000,19390.17000000,4998.16491000,120,120,False
1656705600000,1656712800000,19390.17000000,19686.71000000,19336.63000000,19397.02000000,5188.31108000,120,120,False
1656712800000,1656720000000,19397.03000000,19461.53000000,19221.03000000,19279.80000000,5145.53796000,120,120,False
1656720000000,1656727200000,19279.80000000,19387.44000000,19144.29000000,19229.98000000,5993.74877000,120,120,False
1656727200000,1656734400000,19229.97000000,19283.39000000,19063.52000000,19130.90000000,5061.64070000,120,120,False
1656734400000,1656741600000,19130.90000000,19299.00000000,19113.00000000,19238.26000000,3379.93232000,120,120,False
1656741600000,1656748800000,19238.26000000,19283.16000000,19112.51000000,19126.81000000,2728.70701000,120,120,False
1656748800000,1656756000000,19126.81000000,19195.60000000,18977.01000000,19170.15000000,4838.55771000,120,120,False
1656756000000,1656763200000,19170.14000000,19285.01000000,19134.10000000,19195.21000000,3915.99232000,120,120,False
1656763200000,1656770400000,19195.21000000,19467.39000000,19152.13000000,19266.64000000,5174.44875000,120,120,False
1656770400000,1656777600000,19266.63000000,19359.74000000,19171.77000000,19229.39000000,3390.34392000,120,120,False
1656777600000,1656784800000,19229.39000000,19346.93000000,19191.91000000,19299.36000000,3189.41949000,120,120,False
1656784800000,1656792000000,19299.37000000,19408.01000000,19196.00000000,19273.27000000,3909.06877000,120,120,False
1656792000000,1656799200000,19273.27000000,19383.01000000,19201.99000000,19355.24000000,2405.55556000,120,120,False
1656799200000,1656806400000,19355.24000000,19371.69000000,19200.00000000,19252.81000000,2192.88678000,120,120,False
1656806400000,1656813600000,19252.82000000,19292.04000000,19173.46000000,19189.31000000,2484.79072000,120,120,False
1656813600000,1656820800000,19189.31000000,19307.42000000,19183.68000000,19264.29000000,1809.44407000,120,120,False
1656820800000,1656828000000,19264.29000000,19400.00000000,18781.00000000,19043.60000000,12388.58513000,120,120,False
1656828000000,1656835200000,19043.59000000,19245.58000000,19033.73000000,19139.74000000,3420.55115000,120,120,False
1656835200000,1656842400000,19139.75000000,19155.44000000,18930.19000000,19042.27000000,4005.35352000,120,120,False
1656842400000,1656849600000,19042.26000000,19144.78000000,19028.19000000,19089.80000000,2137.35577000,120,120,False
1656849600000,1656856800000,19089.79000000,19121.05000000,18967.13000000,18977.22000000,3448.07493000,120,120,False
1656856800000,1656864000000,18977.21000000,19136.43000000,18964.00000000,19046.78000000,2707.17378000,120,120,False
1656864000000,1656871200000,19046.78000000,19247.38000000,19011.66000000,19221.77000000,3703.52993000,120,120,False
1656871200000,1656878400000,19221.76000000,19565.05000000,19182.64000000,19492.16000000,5278.52610000,120,120,False
1656878400000,1656885600000,19492.15000000,19647.63000000,19265.00000000,19300.92000000,6242.21408000,120,120,False
1656885600000,1656892800000,19300.92000000,19379.84000000,19213.58000000,19315.83000000,3461.86713000,120,120,False
1656892800000,1656900000000,19315.83000000,19343.43000000,19140.01000000,19226.60000000,4298.02051000,120,120,False
1656900000000,1656907200000,19226.59000000,19235.14000000,19055.31000000,19103.54000000,3472.11772000,120,120,False
1656907200000,1656914400000,19103.54000000,19150.00000000,19082.92000000,19137.19000000,1791.66633000,120,120,False
1656914400000,1656921600000,19137.19000000,19189.00000000,19084.19000000,19120.60000000,2758.05919000,120,120,False
1656921600000,1656928800000,19120.60000000,19445.48000000,19110.04000000,19367.05000000,5770.98022000,120,120,False
1656928800000,1656936000000,19367.06000000,19855.70000000,19367.05000000,19806.49000000,11328.26462000,120,120,False
1656936000000,1656943200000,19806.48000000,19888.00000000,19526.30000000,19530.55000000,9484.20088000,120,120,False
1656943200000,1656950400000,19530.54000000,20143.02000000,19496.84000000,19801.47000000,10500.80687000,120,120,False
1656950400000,1656957600000,19801.48000000,20050.00000000,19676.90000000,19899.41000000,7455.19116000,120,120,False
1656957600000,1656964800000,19899.41000000,19993.46000000,19758.21000000,19829.99000000,4636.67070000,120,120,False
1656964800000,1656972000000,19829.98000000,20031.58000000,19733.95000000,19958.75000000,3604.87545000,120,120,False
1656972000000,1656979200000,19958.76000000,20354.01000000,19871.88000000,20236.71000000,9713.19236000,120,120,False
1656979200000,1656986400000,20236.71000000,20478.40000000,20179.74000000,20299.14000000,7538.71716000,120,120,False
1656986400000,1656993600000,20299.14000000,20318.00000000,20159.59000000,20312.98000000,3185.14327000,120,120,False
1656993600000,1657000800000,20312.99000000,20470.78000000,20183.80000000,20296.30000000,6328.67325000,120,120,False
1657000800000,1657008000000,20296.30000000,20437.86000000,20177.00000000,20215.69000000,4454.47613000,120,120,False
1657008000000,1657015200000,20215.68000000,20215.69000000,19636.86000000,19770.30000000,9705.68562000,120,120,False
1657015200000,1657022400000,19770.30000000,19821.95000000,19478.00000000,19520.39000000,6396.22335000,120,120,False
1657022400000,1657029600000,19520.40000000,19545.45000000,19304.40000000,19403.35000000,10925.55817000,120,120,False
1657029600000,1657036800000,19403.34000000,19594.52000000,19322.04000000,19519.98000000,8647.05041000,120,120,False
1657036800000,1657044000000,19519.98000000,19788.00000000,19479.53000000,19703.85000000,8426.67316000,120,120,False
1657044000000,1657051200000,19703.85000000,20500.00000000,19673.12000000,20398.21000000,12779.08576000,120,120,False
1657051200000,1657058400000,20398.21000000,20750.00000000,20175.00000000,20373.12000000,12990.06335000,120,120,False
1657058400000,1657065600000,20373.12000000,20439.99000000,20103.05000000,20175.83000000,4663.78793000,120,120,False
1657065600000,1657072800000,20175.84000000,20414.01000000,19828.71000000,19877.48000000,8642.84821000,120,120,False
1657072800000,1657080000000,19877.48000000,19985.68000000,19761.25000000,19951.47000000,4862.74578000,120,120,False
1657080000000,1657087200000,19951.47000000,20337.84000000,19895.72000000,20048.08000000,8734.03197000,120,120,False
1657087200000,1657094400000,20048.08000000,20243.83000000,19864.45000000,20162.22000000,6034.29366000,120,120,False
1657094400000,1657101600000,20162.21000000,20303.65000000,20085.93000000,20202.75000000,6101.14672000,120,120,False
1657101600000,1657108800000,20202.76000000,20220.00000000,20033.37000000,20103.43000000,4886.41079000,120,120,False
1657108800000,1657116000000,20103.44000000,20366.20000000,19961.02000000,20228.36000000,10079.32300000,120,120,False
1657116000000,1657123200000,20228.35000000,20297.25000000,20059.01000000,20148.86000000,6883.57606000,120,120,False
1657123200000,1657130400000,20148.85000000,20396.72000000,20133.55000000,20266.09000000,5349.46785000,120,120,False
1657130400000,1657137600000,20266.09000000,20478.08000000,20185.85000000,20328.55000000,8522.95439000,120,120,False
1657137600000,1657144800000,20328.55000000,20444.71000000,20277.04000000,20354.91000000,3964.13918000,120,120,False
1657144800000,1657152000000,20354.90000000,20675.22000000,20343.85000000,20564.51000000,8378.64319000,120,120,False
1657152000000,1657159200000,20564.51000000,20594.77000000,20467.26000000,20515.63000000,4496.04499000,120,120,False
1657159200000,1657166400000,20515.64000000,20545.00000000,20385.87000000,20480.61000000,3534.88729000,120,120,False
1657166400000,1657173600000,20480.60000000,20493.72000000,20251.68000000,20302.18000000,3650.91385000,120,120,False
1657173600000,1657180800000,20302.18000000,20468.16000000,20280.40000000,20440.01000000,3638.83310000,120,120,False
1657180800000,1657188000000,20440.01000000,20619.50000000,20391.16000000,20559.15000000,5530.79155000,120,120,False
1657188000000,1657195200000,20559.16000000,20585.77000000,20429.99000000,20507.83000000,3495.66571000,120,120,False
1657195200000,1657202400000,20507.83000000,20559.93000000,20378.16000000,20539.87000000,5057.19557000,120,120,False
1657202400000,1657209600000,20539.87000000,21035.00000000,20504.72000000,20888.44000000,14638.36414000,120,120,False
1657209600000,1657216800000,20888.44000000,21200.00000000,20837.67000000,20910.65000000,8936.40067000,120,120,False
1657216800000,1657224000000,20910.65000000,21837.74000000,20880.58000000,21812.47000000,17393.69653000,120,120,False
1657224000000,1657231200000,21812.46000000,21838.10000000,21526.40000000,21667.99000000,9197.28663000,120,120,False
1657231200000,1657238400000,21667.99000000,21760.38000000,21567.56000000,21624.98000000,5444.50258000,120,120,False
1657238400000,1657245600000,21624.99000000,22527.37000000,21578.14000000,22137.21000000,10471.19300000,120,120,False
1657245600000,1657252800000,22137.21000000,22156.97000000,21878.46000000,22130.56000000,5191.25762000,120,120,False
1657252800000,1657260000000,22130.57000000,22242.29000000,21750.00000000,21843.33000000,6411.63413000,120,120,False
1657260000000,1657267200000,21843.34000000,21873.63000000,21710.56000000,21797.64000000,5110.93420000,120,120,False
1657267200000,1657274400000,21797.65000000,21822.10000000,21317.00000000,21568.85000000,8623.55511000,120,120,False
1657274400000,1657281600000,21568.84000000,21732.77000000,21465.04000000,21583.98000000,5390.92251000,120,120,False
1657281600000,1657288800000,21583.99000000,21714.99000000,21189.26000000,21272.60000000,11689.17102000,120,120,False
1657288800000,1657296000000,21272.61000000,22130.00000000,21196.45000000,21962.52000000,205830.29803000,120,120,False
1657296000000,1657303200000,21964.30000000,21979.51000000,21550.00000000,21767.47000000,84824.39373000,120,120,False
1657303200000,1657310400000,21758.71000000,21886.40000000,21661.22000000,21811.90000000,33234.93223000,120,120,False
1657310400000,1657317600000,21811.90000000,22045.91000000,21692.85000000,21700.37000000,14884.69356000,120,120,False
1657317600000,1657324800000,21700.37000000,21962.48000000,21580.71000000,21594.75000000,11418.58835000,120,120,False
1657324800000,1657332000000,21594.75000000,21696.39000000,21403.24000000,21505.55000000,21191.97697000,120,120,False
1657332000000,1657339200000,21506.82000000,21656.00000000,21465.19000000,21612.62000000,16568.77932000,120,120,False
1657339200000,1657346400000,21612.62000000,21636.23000000,21485.82000000,21517.76000000,14195.33503000,120,120,False
1657346400000,1657353600000,21517.13000000,21728.63000000,21488.92000000,21654.72000000,14629.91134000,120,120,False
1657353600000,1657360800000,21654.72000000,21735.00000000,21600.20000000,21654.79000000,11280.44714000,120,120,False
1657360800000,1657368000000,21654.03000000,21778.73000000,21322.12000000,21447.29000000,16309.50931000,120,120,False
1657368000000,1657375200000,21447.29000000,21625.92000000,21379.64000000,21563.50000000,19197.56675000,120,120,False
1657375200000,1657382400000,21562.00000000,21717.62000000,21535.21000000,21546.90000000,16294.53069000,120,120,False
1657382400000,1657389600000,21545.89000000,21980.00000000,21530.32000000,21880.69000000,16685.66863000,120,120,False
1657389600000,1657396800000,21880.69000000,21916.61000000,21517.87000000,21621.40000000,13379.41813000,120,120,False
1657396800000,1657404000000,21621.49000000,21750.00000000,21582.74000000,21708.05000000,9606.98247000,120,120,False
1657404000000,1657411200000,21709.07000000,21754.00000000,21546.06000000,21591.83000000,9077.71890000,120,120,False
1657411200000,1657418400000,21592.15000000,21607.65000000,21336.48000000,21414.18000000,18141.79428000,120,120,False
1657418400000,1657425600000,21413.10000000,21493.11000000,21091.81000000,21294.98000000,20126.24856000,120,120,False
1657425600000,1657432800000,21295.76000000,21373.48000000,21161.36000000,21358.75000000,15930.00438000,120,120,False
1657432800000,1657440000000,21360.14000000,21363.19000000,21225.73000000,21338.12000000,13158.17603000,120,120,False
1657440000000,1657447200000,21339.46000000,21424.67000000,21255.25000000,21325.00000000,14023.72396000,120,120,False
1657447200000,1657454400000,21326.13000000,21355.85000000,21161.67000000,21301.84000000,15966.65621000,120,120,False
1657454400000,1657461600000,21301.84000000,21345.14000000,20951.01000000,21080.00000000,17125.21240000,120,120,False
1657461600000,1657468800000,21078.97000000,21080.00000000,20835.73000000,20899.76000000,21211.58863000,120,120,False
1657468800000,1657476000000,20898.44000000,21052.47000000,20655.00000000,20902.05000000,19263.01863000,120,120,False
1657476000000,1657483200000,20902.05000000,20929.34000000,20731.86000000,20920.54000000,12441.36379000,120,120,False
1657483200000,1657490400000,20921.40000000,21180.92000000,20827.71000000,21038.24000000,11708.77611000,120,120,False
1657490400000,1657497600000,21035.22000000,21038.92000000,20698.90000000,20862.47000000,13091.65258000,120,120,False
1657497600000,1657504800000,20861.11000000,20868.48000000,20518.43000000,20555.18000000,11642.11978000,120,120,False
1657504800000,1657512000000,20552.75000000,20668.14000000,20453.36000000,20540.69000000,11435.76578000,120,120,False
1657512000000,1657519200000,20540.68000000,20606.11000000,20425.00000000,20506.53000000,8825.44429000,120,120,False
1657519200000,1657526400000,20504.40000000,20525.25000000,20353.72000000,20439.91000000,10057.09273000,120,120,False
1657526400000,1657533600000,20439.17000000,20626.78000000,20411.56000000,20552.02000000,9624.96465000,120,120,False
1657533600000,1657540800000,20549.18000000,20632.59000000,20426.39000000,20473.06000000,9684.23742000,120,120,False
1657540800000,1657548000000,20474.55000000,20762.02000000,20271.10000000,20373.40000000,17026.63979000,120,120,False
1657548000000,1657555200000,20377.32000000,20488.99000000,20285.54000000,20437.44000000,12145.84144000,120,120,False
1657555200000,1657562400000,20440.00000000,20653.27000000,20400.00000000,20616.23000000,10580.78521000,120,120,False
1657562400000,1657569600000,20616.23000000,20716.29000000,20420.00000000,20509.47000000,10802.67519000,120,120,False
1657569600000,1657576800000,20509.47000000,20565.05000000,20154.01000000,20239.38000000,8557.86309000,120,120,False
1657576800000,1657584000000,20239.42000000,20242.58000000,19875.23000000,19963.61000000,17151.97787000,120,120,False
1657584000000,1657591200000,19963.61000000,20006.54000000,19786.46000000,19890.34000000,12010.10450000,120,120,False
1657591200000,1657598400000,19890.47000000,19986.84000000,19877.06000000,19942.33000000,7163.01125000,120,120,False
1657598400000,1657605600000,19942.33000000,20059.42000000,19927.76000000,19956.82000000,7114.54848000,120,120,False
1657605600000,1657612800000,19954.48000000,19956.82000000,19620.00000000,19730.99000000,17994.71888000,120,120,False
1657612800000,1657620000000,19731.00000000,19819.34000000,19558.12000000,19603.42000000,13440.68161000,120,120,False
1657620000000,1657627200000,19601.29000000,19836.60000000,19594.09000000,19773.90000000,11322.16054000,120,120,False
1657627200000,1657634400000,19775.56000000,20010.00000000,19765.01000000,19784.54000000,14238.41680000,120,120,False
1657634400000,1657641600000,19784.54000000,19999.00000000,19695.30000000,19886.33000000,11760.72975000,120,120,False
1657641600000,1657648800000,19886.33000000,20007.23000000,19823.10000000,19878.25000000,8091.77319000,120,120,False
1657648800000,1657656000000,19879.21000000,19890.65000000,19278.00000000,19398.74000000,16117.26320000,120,120,False
1657656000000,1657663200000,19398.74000000,19555.00000000,19345.00000000,19349.50000000,8120.61218000,120,120,False
1657663200000,1657670400000,19348.59000000,19479.99000000,19240.00000000,19328.75000000,12132.43824000,120,120,False
1657670400000,1657677600000,19331.28000000,19478.00000000,19265.40000000,19427.28000000,10332.62575000,120,120,False
1657677600000,1657684800000,19429.20000000,19582.51000000,19427.03000000,19473.68000000,9001.39376000,120,120,False
1657684800000,1657692000000,19473.68000000,19581.45000000,19420.00000000,19520.00000000,6839.67500000,120,120,False
1657692000000,1657699200000,19518.92000000,19875.00000000,19469.84000000,19705.25000000,12058.80392000,120,120,False
1657699200000,1657706400000,19707.06000000,19930.00000000,19670.02000000,19810.00000000,14051.72544000,120,120,False
1657706400000,1657713600000,19807.77000000,19888.44000000,19702.00000000,19843.89000000,10050.39426000,120,120,False
1657713600000,1657720800000,19845.33000000,20128.39000000,18910.94000000,19293.33000000,50080.83585000,120,120,False
1657720800000,1657728000000,19294.00000000,19699.00000000,19194.66000000,19456.20000000,29976.12382000,120,120,False
1657728000000,1657735200000,19454.99000000,20046.15000000,19230.00000000,19884.07000000,26657.05602000,120,120,False
1657735200000,1657742400000,19882.94000000,19893.43000000,19633.34000000,19652.15000000,13979.89930000,120,120,False
1657742400000,1657749600000,19652.15000000,19958.00000000,19584.37000000,19923.51000000,9036.28654000,120,120,False
1657749600000,1657756800000,19925.05000000,20366.61000000,19828.71000000,20234.87000000,17185.42922000,120,120,False
1657756800000,1657764000000,20234.87000000,20435.72000000,20164.06000000,20277.84000000,15358.77324000,120,120,False
1657764000000,1657771200000,20277.84000000,20376.73000000,20180.21000000,20224.24000000,10322.01497000,120,120,False
1657771200000,1657778400000,20224.24000000,20276.90000000,20048.99000000,20114.33000000,12154.80348000,120,120,False
1657778400000,1657785600000,20116.44000000,20149.83000000,19894.76000000,19990.72000000,12082.51976000,120,120,False
1657785600000,1657792800000,19990.72000000,20057.03000000,19678.26000000,19823.11000000,15724.19252000,120,120,False
1657792800000,1657800000000,19822.54000000,19852.41000000,19635.22000000,19738.13000000,13316.60814000,120,120,False
1657800000000,1657807200000,19738.13000000,19878.92000000,19616.07000000,19762.87000000,16772.84535000,120,120,False
1657807200000,1657814400000,19765.35000000,20466.00000000,19671.91000000,20390.50000000,24774.07466000,120,120,False
1657814400000,1657821600000,20390.00000000,20786.12000000,20143.96000000,20738.17000000,24552.38138000,120,120,False
1657821600000,1657828800000,20738.17000000,20900.00000000,20587.43000000,20605.75000000,14089.45135000,120,120,False
1657828800000,1657836000000,20608.36000000,20720.00000000,20438.12000000,20478.23000000,7879.67361000,120,120,False
1657836000000,1657843200000,20475.90000000,20606.31000000,20446.68000000,20588.84000000,7781.87850000,120,120,False
1657843200000,1657850400000,20588.84000000,20658.46000000,20382.29000000,20628.23000000,9368.04814000,120,120,False
1657850400000,1657857600000,20629.27000000,20833.00000000,20436.01000000,20611.83000000,13161.56709000,120,120,False
1657857600000,1657864800000,20613.21000000,20705.62000000,20494.29000000,20666.10000000,9136.27569000,120,120,False
1657864800000,1657872000000,20667.43000000,20936.00000000,20562.53000000,20835.38000000,12616.80574000,120,120,False
1657872000000,1657879200000,20835.38000000,21059.32000000,20720.16000000,20896.45000000,16542.91260000,120,120,False
1657879200000,1657886400000,20896.45000000,20950.62000000,20759.94000000,20769.74000000,10927.81234000,120,120,False
1657886400000,1657893600000,20769.74000000,21090.00000000,20759.39000000,20861.02000000,17927.34533000,120,120,False
1657893600000,1657900800000,20859.94000000,21003.69000000,20777.00000000,20792.19000000,13669.82187000,120,120,False
1657900800000,1657908000000,20792.19000000,20928.00000000,20636.70000000,20786.11000000,11383.23226000,120,120,False
1657908000000,1657915200000,20786.09000000,21189.00000000,20772.79000000,21165.85000000,10524.26884000,120,120,False
1657915200000,1657922400000,21165.85000000,21200.00000000,20830.02000000,20967.40000000,10497.72322000,120,120,False
1657922400000,1657929600000,20967.40000000,20989.56000000,20760.00000000,20830.04000000,7587.49178000,120,120,False
1657929600000,1657936800000,20830.04000000,20865.38000000,20630.00000000,20716.00000000,8433.80357000,120,120,False
1657936800000,1657944000000,20717.24000000,20769.01000000,20600.00000000,20738.00000000,6207.04623000,120,120,False
1657944000000,1657951200000,20738.00000000,20764.83000000,20557.77000000,20595.04000000,6419.71425000,120,120,False
1657951200000,1657958400000,20595.04000000,20620.00000000,20478.61000000,20546.18000000,8179.56220000,120,120,False
1657958400000,1657965600000,20546.18000000,20661.99000000,20539.85000000,20612.11000000,5171.23602000,120,120,False
1657965600000,1657972800000,20612.11000000,20685.90000000,20591.80000000,20616.69000000,5135.42564000,120,120,False
1657972800000,1657980000000,20616.69000000,20862.72000000,20588.72000000,20839.60000000,9494.04963000,120,120,False
1657980000000,1657987200000,20839.60000000,20957.46000000,20732.65000000,20943.02000000,10469.79982000,120,120,False
1657987200000,1657994400000,20943.02000000,21588.94000000,20921.07000000,21246.65000000,32038.67165000,120,120,False
1657994400000,1658001600000,21246.65000000,21394.04000000,21150.00000000,21192.04000000,11383.06907000,120,120,False
1658001600000,1658008800000,21190.00000000,21345.99000000,20911.64000000,21196.69000000,10802.47079000,120,120,False
1658008800000,1658016000000,21196.69000000,21316.27000000,21137.45000000,21195.60000000,7276.82506000,120,120,False
1658016000000,1658023200000,21195.60000000,21348.86000000,21082.80000000,21155.33000000,9597.22126000,120,120,False
1658023200000,1658030400000,21155.33000000,21460.85000000,21128.22000000,21324.18000000,8950.36782000,120,120,False
1658030400000,1658037600000,21322.27000000,21475.64000000,21231.01000000,21357.66000000,7728.44878000,120,120,False
1658037600000,1658044800000,21356.25000000,21684.54000000,21344.58000000,21467.61000000,11590.08742000,120,120,False
1658044800000,1658052000000,21467.61000000,21549.00000000,21275.12000000,21367.06000000,12174.16304000,120,120,False
1658052000000,1658059200000,21364.94000000,21483.03000000,21209.71000000,21456.79000000,10890.64900000,120,120,False
1658059200000,1658066400000,21459.35000000,21500.00000000,21113.73000000,21117.48000000,12864.01622000,120,120,False
1658066400000,1658073600000,21117.48000000,21278.00000000,21075.07000000,21170.09000000,8499.98878000,120,120,False
1658073600000,1658080800000,21170.09000000,21355.00000000,20824.00000000,20921.42000000,13546.41091000,120,120,False
1658080800000,1658088000000,20921.43000000,21082.11000000,20853.47000000,21026.85000000,8181.53999000,120,120,False
1658088000000,1658095200000,21029.12000000,21055.00000000,20883.01000000,21018.99000000,6468.62362000,120,120,False
1658095200000,1658102400000,21018.99000000,21080.00000000,20750.01000000,20798.16000000,7737.93566000,120,120,False
1658102400000,1658109600000,20799.58000000,21013.35000000,20762.45000000,20977.91000000,10473.76065000,120,120,False
1658109600000,1658116800000,20978.87000000,21379.99000000,20960.00000000,21280.02000000,16705.72997000,120,120,False
1658116800000,1658124000000,21282.60000000,21880.04000000,21170.01000000,21862.01000000,20959.62037000,120,120,False
1658124000000,1658131200000,21862.00000000,22400.00000000,21771.53000000,22245.93000000,27436.54944000,120,120,False
1658131200000,1658138400000,22245.93000000,22515.00000000,22152.01000000,22242.04000000,22384.92949000,120,120,False
1658138400000,1658145600000,22241.00000000,22367.92000000,21960.71000000,22133.31000000,19798.68930000,120,120,False
1658145600000,1658152800000,22132.08000000,22320.00000000,21898.00000000,22139.16000000,22585.95714000,120,120,False
1658152800000,1658160000000,22136.28000000,22777.63000000,21988.05000000,22675.83000000,22304.58244000,120,120,False
1658160000000,1658167200000,22675.83000000,22713.28000000,21821.05000000,21878.06000000,23853.37924000,120,120,False
1658167200000,1658174400000,21876.30000000,22010.70000000,21388.00000000,21617.92000000,20842.36526000,120,120,False
1658174400000,1658181600000,21617.92000000,21756.30000000,21434.35000000,21659.73000000,11690.09837000,120,120,False
1658181600000,1658188800000,21660.90000000,22650.00000000,21556.00000000,22432.58000000,20907.06965000,120,120,False
1658188800000,1658196000000,22432.58000000,22961.72000000,22000.01000000,22054.99000000,38044.57647000,120,120,False
1658196000000,1658203200000,22054.99000000,22280.00000000,21807.46000000,21903.55000000,17572.94994000,120,120,False
1658203200000,1658210400000,21903.55000000,22119.60000000,21701.32000000,21997.23000000,15360.79307000,120,120,False
1658210400000,1658217600000,21997.23000000,22133.89000000,21579.54000000,21764.88000000,20476.82720000,120,120,False
1658217600000,1658224800000,21764.88000000,21969.80000000,21696.60000000,21905.75000000,12551.75085000,120,120,False
1658224800000,1658232000000,21903.36000000,22230.00000000,21810.00000000,21974.49000000,16344.48142000,120,120,False
1658232000000,1658239200000,21977.19000000,22440.67000000,21971.84000000,22320.63000000,22366.60662000,120,120,False
1658239200000,1658246400000,22317.63000000,23199.90000000,22101.40000000,23136.08000000,40781.73732000,120,120,False
1658246400000,1658253600000,23128.31000000,23529.00000000,22950.21000000,23460.08000000,34127.49756000,120,120,False
1658253600000,1658260800000,23460.08000000,23706.26000000,23221.48000000,23401.99000000,19887.26039000,120,120,False
1658260800000,1658268000000,23399.88000000,23800.00000000,23147.14000000,23650.26000000,14514.27141000,120,120,False
1658268000000,1658275200000,23650.26000000,23659.15000000,23227.85000000,23396.62000000,11742.01349000,120,120,False
1658275200000,1658282400000,23398.48000000,23439.38000000,22922.00000000,23259.48000000,22133.65978000,120,120,False
1658282400000,1658289600000,23256.89000000,23522.40000000,23205.77000000,23436.85000000,14720.59440000,120,120,False
1658289600000,1658296800000,23438.01000000,23562.00000000,23303.43000000,23498.44000000,11586.88141000,120,120,False
1658296800000,1658304000000,23498.44000000,23864.15000000,23371.68000000,23381.18000000,19316.10546000,120,120,False
1658304000000,1658311200000,23381.18000000,23578.87000000,23313.90000000,23524.84000000,16250.21701000,120,120,False
1658311200000,1658318400000,23524.66000000,23888.04000000,23502.99000000,23728.55000000,21277.64387000,120,120,False
1658318400000,1658325600000,23728.55000000,24075.99000000,23567.91000000,23781.35000000,26842.44078000,120,120,False
1658325600000,1658332800000,23781.35000000,24276.74000000,23687.00000000,24172.63000000,24816.71209000,120,120,False
1658332800000,1658340000000,24172.64000000,24201.94000000,23400.00000000,23515.48000000,26033.84339000,120,120,False
1658340000000,1658347200000,23515.48000000,23950.00000000,23509.05000000,23660.38000000,16011.08132000,120,120,False
1658347200000,1658354400000,23663.24000000,23799.62000000,22906.19000000,23608.15000000,27508.04556000,120,120,False
1658354400000,1658361600000,23607.06000000,23641.78000000,23111.00000000,23223.30000000,12264.94587000,120,120,False
1658361600000,1658368800000,23223.30000000,23442.77000000,23122.34000000,23235.64000000,13083.30635000,120,120,False
1658368800000,1658376000000,23233.61000000,23338.51000000,22666.00000000,22777.20000000,18262.05169000,120,120,False
1658376000000,1658383200000,22779.12000000,22993.71000000,22638.53000000,22942.00000000,13673.44212000,120,120,False
1658383200000,1658390400000,22943.15000000,23099.51000000,22750.14000000,22931.56000000,12837.72563000,120,120,False
1658390400000,1658397600000,22929.28000000,23022.54000000,22797.03000000,23003.58000000,11451.54328000,120,120,False
1658397600000,1658404800000,23003.58000000,23074.12000000,22466.34000000,22606.04000000,17753.10398000,120,120,False
1658404800000,1658412000000,22607.92000000,22850.00000000,22542.14000000,22704.96000000,20382.49780000,120,120,False
1658412000000,1658419200000,22702.30000000,22761.77000000,22341.46000000,22642.34000000,18601.02303000,120,120,False
1658419200000,1658426400000,22639.37000000,23207.94000000,22632.72000000,22852.28000000,22836.13839000,120,120,False
1658426400000,1658433600000,22852.28000000,23200.00000000,22818.01000000,23194.40000000,12657.97178000,120,120,False
1658433600000,1658440800000,23194.40000000,23308.80000000,23077.30000000,23207.99000000,12544.85317000,120,120,False
1658440800000,1658448000000,23207.99000000,23233.09000000,22931.35000000,23152.19000000,10734.02469000,120,120,False
1658448000000,1658455200000,23152.19000000,23352.53000000,23066.04000000,23103.05000000,10099.43242000,120,120,False
1658455200000,1658462400000,23103.05000000,23134.49000000,22861.43000000,22909.90000000,8076.02065000,120,120,False
1658462400000,1658469600000,22907.25000000,23173.41000000,22805.89000000,23146.46000000,9385.20758000,120,120,False
1658469600000,1658476800000,23148.46000000,23320.00000000,23015.00000000,23118.79000000,13849.12481000,120,120,False
1658476800000,1658484000000,23121.63000000,23524.52000000,23068.00000000,23448.78000000,21464.44498000,120,120,False
1658484000000,1658491200000,23450.64000000,23634.40000000,23404.01000000,23610.58000000,12825.82862000,120,120,False
1658491200000,1658498400000,23612.15000000,23756.49000000,23430.00000000,23456.28000000,19981.68141000,120,120,False
1658498400000,1658505600000,23456.27000000,23675.36000000,23227.81000000,23290.68000000,23335.59113000,120,120,False
1658505600000,1658512800000,23290.71000000,23344.62000000,22887.00000000,23017.79000000,19293.07214000,120,120,False
1658512800000,1658520000000,23017.79000000,23138.45000000,22543.64000000,22586.26000000,17584.11514000,120,120,False
1658520000000,1658527200000,22582.88000000,22785.95000000,22500.00000000,22737.99000000,10222.03390000,120,120,False
1658527200000,1658534400000,22737.99000000,22780.18000000,22637.31000000,22684.83000000,5481.88688000,120,120,False
1658534400000,1658541600000,22684.83000000,22860.36000000,22550.14000000,22787.77000000,7386.05081000,120,120,False
1658541600000,1658548800000,22787.77000000,22904.39000000,22774.18000000,22808.55000000,6441.72276000,120,120,False
1658548800000,1658556000000,22808.55000000,23000.77000000,22727.54000000,22902.46000000,10108.83536000,120,120,False
1658556000000,1658563200000,22902.46000000,22935.97000000,22675.12000000,22770.52000000,8825.57892000,120,120,False
1658563200000,1658570400000,22771.94000000,22877.26000000,22524.36000000,22666.17000000,13064.24696000,120,120,False
1658570400000,1658577600000,22666.17000000,22717.31000000,22210.67000000,22227.53000000,15844.49229000,120,120,False
1658577600000,1658584800000,22230.28000000,22389.53000000,22087.04000000,22341.04000000,12058.60417000,120,120,False
1658584800000,1658592000000,22339.97000000,22363.60000000,22039.89000000,22215.61000000,10138.42111000,120,120,False
1658592000000,1658599200000,22216.90000000,22290.57000000,21947.22000000,22033.92000000,10641.10029000,120,120,False
1658599200000,1658606400000,22031.84000000,22332.00000000,21934.57000000,22272.50000000,11167.96434000,120,120,False
1658606400000,1658613600000,22272.50000000,22380.69000000,22221.54000000,22243.32000000,5635.18555000,120,120,False
1658613600000,1658620800000,22244.84000000,22559.00000000,22231.89000000,22451.07000000,10825.57119000,120,120,False
1658620800000,1658628000000,22448.58000000,22677.37000000,22372.54000000,22423.58000000,8952.21084000,120,120,False
1658628000000,1658635200000,22426.04000000,22483.28000000,22288.00000000,22331.86000000,6008.85983000,120,120,False
1658635200000,1658642400000,22331.86000000,22787.21000000,22257.15000000,22749.98000000,10795.73679000,120,120,False
1658642400000,1658649600000,22748.92000000,22839.99000000,22631.14000000,22701.60000000,10086.79086000,120,120,False
1658649600000,1658656800000,22704.09000000,22763.36000000,22566.00000000,22617.09000000,8481.38472000,120,120,False
1658656800000,1658664000000,22618.27000000,22822.81000000,22480.00000000,22657.63000000,10853.82920000,120,120,False
1658664000000,1658671200000,22657.63000000,22774.56000000,22444.00000000,22569.34000000,10374.68394000,120,120,False
1658671200000,1658678400000,22567.75000000,22911.31000000,22533.73000000,22847.08000000,12884.55387000,120,120,False
1658678400000,1658685600000,22847.08000000,22880.87000000,22630.00000000,22772.14000000,9981.23251000,120,120,False
1658685600000,1658692800000,22772.14000000,22803.84000000,22663.44000000,22700.40000000,5953.95050000,120,120,False
1658692800000,1658700000000,22699.12000000,22828.02000000,22670.21000000,22808.44000000,5684.28788000,120,120,False
1658700000000,1658707200000,22806.47000000,23014.64000000,22513.70000000,22579.68000000,15132.15183000,120,120,False
1658707200000,1658714400000,22577.13000000,22666.00000000,22117.48000000,22205.42000000,16094.06356000,120,120,False
1658714400000,1658721600000,22205.55000000,22211.42000000,21753.57000000,21867.75000000,17024.97184000,120,120,False
1658721600000,1658728800000,21867.75000000,21943.43000000,21737.82000000,21913.69000000,12167.94885000,120,120,False
1658728800000,1658736000000,21915.22000000,22002.62000000,21820.15000000,21962.33000000,10420.84566000,120,120,False
1658736000000,1658743200000,21962.33000000,22110.98000000,21868.36000000,21999.44000000,12367.43017000,120,120,False
1658743200000,1658750400000,21999.44000000,22103.62000000,21913.46000000,21941.25000000,9680.75121000,120,120,False
1658750400000,1658757600000,21942.18000000,22003.12000000,21767.30000000,21899.76000000,15757.44538000,120,120,False
1658757600000,1658764800000,21899.68000000,21932.95000000,21683.40000000,21895.79000000,16401.65759000,120,120,False
1658764800000,1658772000000,21893.94000000,22021.47000000,21837.77000000,21863.12000000,10842.24236000,120,120,False
1658772000000,1658779200000,21863.12000000,21942.62000000,21552.53000000,21890.17000000,16358.22514000,120,120,False
1658779200000,1658786400000,21892.66000000,22259.98000000,21886.27000000,22025.20000000,18309.20734000,120,120,False
1658786400000,1658793600000,22022.79000000,22028.14000000,21250.00000000,21310.90000000,24919.97733000,120,120,False
1658793600000,1658800800000,21310.90000000,21347.82000000,20970.05000000,21076.70000000,24330.31948000,120,120,False
1658800800000,1658808000000,21076.70000000,21234.56000000,20856.48000000,21141.53000000,16210.15259000,120,120,False
1658808000000,1658815200000,21141.53000000,21272.21000000,21062.96000000,21145.03000000,10746.75677000,120,120,False
1658815200000,1658822400000,21146.64000000,21167.05000000,21017.21000000,21066.86000000,11250.59466000,120,120,False
1658822400000,1658829600000,21066.86000000,21161.37000000,20986.35000000,21120.36000000,10369.73303000,120,120,False
1658829600000,1658836800000,21119.09000000,21155.15000000,20932.70000000,21090.22000000,9973.11926000,120,120,False
1658836800000,1658844000000,21090.22000000,21196.58000000,20774.74000000,20947.22000000,20378.91442000,120,120,False
1658844000000,1658851200000,20947.22000000,21038.52000000,20706.50000000,20746.81000000,17690.96497000,120,120,False
1658851200000,1658858400000,20746.81000000,21083.49000000,20734.79000000,20919.36000000,15504.71473000,120,120,False
1658858400000,1658865600000,20919.36000000,20999.30000000,20805.00000000,20915.57000000,12414.02678000,120,120,False
1658865600000,1658872800000,20911.55000000,21119.99000000,20809.53000000,20942.82000000,14017.08658000,120,120,False
1658872800000,1658880000000,20942.82000000,21300.00000000,20919.46000000,21254.67000000,14930.85999000,120,120,False
1658880000000,1658887200000,21254.67000000,21284.00000000,21133.42000000,21157.37000000,11702.17084000,120,120,False
1658887200000,1658894400000,21157.37000000,21204.11000000,21042.53000000,21076.86000000,10179.53752000,120,120,False
1658894400000,1658901600000,21076.86000000,21280.00000000,21059.00000000,21247.25000000,9568.40207000,120,120,False
1658901600000,1658908800000,21248.63000000,21451.33000000,21162.02000000,21347.36000000,13274.32945000,120,120,False
1658908800000,1658916000000,21346.11000000,21439.29000000,21250.54000000,21292.31000000,10966.28134000,120,120,False
1658916000000,1658923200000,21291.54000000,21366.40000000,21129.65000000,21200.23000000,10141.80988000,120,120,False
1658923200000,1658930400000,21200.60000000,21484.28000000,21157.07000000,21463.90000000,16622.44022000,120,120,False
1658930400000,1658937600000,21463.90000000,21547.53000000,21392.49000000,21530.86000000,14837.26692000,120,120,False
1658937600000,1658944800000,21530.86000000,21740.00000000,21455.25000000,21620.55000000,22714.91272000,120,120,False
1658944800000,1658952000000,21618.72000000,23112.63000000,21617.24000000,22773.62000000,59625.82613000,120,120,False
1658952000000,1658959200000,22773.62000000,22913.83000000,22576.00000000,22677.84000000,14207.98077000,120,120,False
1658959200000,1658966400000,22675.53000000,22997.17000000,22647.72000000,22952.45000000,17130.24010000,120,120,False
1658966400000,1658973600000,22954.31000000,23062.90000000,22717.27000000,22775.69000000,13432.84802000,120,120,False
1658973600000,1658980800000,22775.69000000,23460.58000000,22701.44000000,23133.45000000,21844.54567000,120,120,False
1658980800000,1658988000000,23133.45000000,23257.11000000,23032.00000000,23242.79000000,11826.50207000,120,120,False
1658988000000,1658995200000,23242.79000000,23273.81000000,22887.00000000,22925.10000000,13453.45300000,120,120,False
1658995200000,1659002400000,22925.10000000,23028.68000000,22816.26000000,22978.45000000,12283.10442000,120,120,False
1659002400000,1659009600000,22978.45000000,23138.28000000,22911.00000000,23114.52000000,12657.62569000,120,120,False
1659009600000,1659016800000,23116.19000000,23268.29000000,22582.13000000,22852.26000000,36879.73818000,120,120,False
1659016800000,1659024000000,22854.38000000,23992.00000000,22736.79000000,23745.57000000,37122.86292000,120,120,False
1659024000000,1659031200000,23747.85000000,24106.96000000,23662.52000000,23999.83000000,26790.36821000,120,120,False
1659031200000,1659038400000,23999.83000000,24007.49000000,23675.34000000,23794.26000000,17666.94712000,120,120,False
1659038400000,1659045600000,23792.10000000,24199.72000000,23784.26000000,23927.69000000,20046.45474000,120,120,False
1659045600000,1659052800000,23927.69000000,23988.32000000,23711.00000000,23842.93000000,12024.62406000,120,120,False
1659052800000,1659060000000,23845.25000000,23947.73000000,23701.00000000,23848.14000000,14293.14795000,120,120,False
1659060000000,1659067200000,23848.14000000,23934.47000000,23730.76000000,23912.85000000,11386.60407000,120,120,False
1659067200000,1659074400000,23912.70000000,24112.00000000,23864.18000000,23987.26000000,12855.20896000,120,120,False
1659074400000,1659081600000,23987.47000000,24442.66000000,23820.27000000,23943.26000000,17662.64204000,120,120,False
1659081600000,1659088800000,23941.63000000,24094.93000000,23778.42000000,24062.55000000,14679.99598000,120,120,False
1659088800000,1659096000000,24064.41000000,24131.54000000,23530.96000000,23720.56000000,18417.56201000,120,120,False
1659096000000,1659103200000,23718.71000000,23761.22000000,23414.03000000,23695.41000000,25908.08987000,120,120,False
1659103200000,1659110400000,23695.41000000,24222.00000000,23661.51000000,24010.74000000,28371.72036000,120,120,False
1659110400000,1659117600000,24012.76000000,24024.80000000,23606.18000000,23777.89000000,18890.80423000,120,120,False
1659117600000,1659124800000,23775.26000000,24051.22000000,23736.27000000,23895.13000000,15255.44250000,120,120,False
1659124800000,1659132000000,23895.14000000,23994.44000000,23702.52000000,23819.41000000,9470.23919000,120,120,False
1659132000000,1659139200000,23819.41000000,24138.69000000,23700.00000000,23773.75000000,11107.04907000,120,120,False
1659139200000,1659146400000,23777.28000000,23968.90000000,23674.14000000,23917.35000000,12422.72653000,120,120,False
1659146400000,1659153600000,23917.35000000,23927.59000000,23742.81000000,23801.35000000,8943.17745000,120,120,False
1659153600000,1659160800000,23802.80000000,23823.87000000,23650.00000000,23793.25000000,8444.85552000,120,120,False
1659160800000,1659168000000,23793.25000000,23914.00000000,23753.24000000,23880.76000000,7780.80900000,120,120,False
1659168000000,1659175200000,23878.58000000,23958.90000000,23828.00000000,23916.88000000,10477.64080000,120,120,False
1659175200000,1659182400000,23915.10000000,24073.05000000,23732.56000000,23956.38000000,13271.63591000,120,120,False
1659182400000,1659189600000,23956.38000000,24668.00000000,23916.97000000,24490.53000000,24310.61474000,120,120,False
1659189600000,1659196800000,24491.73000000,24608.68000000,24335.00000000,24529.10000000,14608.30713000,120,120,False
1659196800000,1659204000000,24526.57000000,24593.02000000,24450.16000000,24492.24000000,10599.93810000,120,120,False
1659204000000,1659211200000,24494.36000000,24567.89000000,23862.00000000,23920.65000000,13501.07168000,120,120,False
1659211200000,1659218400000,23923.74000000,24078.94000000,23808.76000000,23860.51000000,12087.80275000,120,120,False
1659218400000,1659225600000,23860.51000000,23863.12000000,23502.25000000,23643.51000000,14611.55250000,120,120,False
1659225600000,1659232800000,23644.64000000,23839.99000000,23520.00000000,23727.73000000,10703.19321000,120,120,False
1659232800000,1659240000000,23725.36000000,23886.92000000,23682.26000000,23737.40000000,7744.22555000,120,120,False
1659240000000,1659247200000,23739.41000000,23842.20000000,23701.23000000,23710.66000000,6790.48577000,120,120,False
1659247200000,1659254400000,23710.67000000,23815.00000000,23670.00000000,23713.10000000,7997.18682000,120,120,False
1659254400000,1659261600000,23713.10000000,23755.28000000,23558.21000000,23752.27000000,9153.88497000,120,120,False
1659261600000,1659268800000,23752.26000000,23860.00000000,23705.52000000,23801.07000000,9655.68000000,120,120,False
1659268800000,1659276000000,23802.56000000,23861.83000000,23666.83000000,23711.24000000,8975.16986000,120,120,False
1659276000000,1659283200000,23712.12000000,23833.45000000,23605.21000000,23774.97000000,10259.44383000,120,120,False
1659283200000,1659290400000,23774.97000000,23820.67000000,23700.00000000,23736.21000000,8761.33856000,120,120,False
1659290400000,1659297600000,23738.00000000,24194.82000000,23400.00000000,23845.88000000,24579.39337000,120,120,False
1659297600000,1659304800000,23843.69000000,23892.43000000,23531.61000000,23589.58000000,7814.39973000,120,120,False
1659304800000,1659312000000,23591.06000000,23593.45000000,23227.31000000,23293.32000000,15308.92316000,120,120,False
1659312000000,1659319200000,23296.36000000,23443.38000000,23257.37000000,23418.80000000,8946.30176000,120,120,False
1659319200000,1659326400000,23418.80000000,23466.55000000,23313.38000000,23375.62000000,6561.81386000,120,120,False
1659326400000,1659333600000,23376.59000000,23425.00000000,23273.06000000,23327.47000000,7329.06815000,120,120,False
1659333600000,1659340800000,23329.99000000,23347.96000000,23112.00000000,23322.05000000,11552.74399000,120,120,False
1659340800000,1659348000000,23323.26000000,23379.00000000,23260.50000000,23311.76000000,9145.18057000,120,120,False
1659348000000,1659355200000,23311.76000000,23319.84000000,22939.57000000,23227.79000000,16437.88963000,120,120,False
1659355200000,1659362400000,23227.79000000,23325.22000000,22961.60000000,23244.83000000,16814.08452000,120,120,False
1659362400000,1659369600000,23242.59000000,23509.68000000,23209.60000000,23326.73000000,18856.72109000,120,120,False
1659369600000,1659376800000,23325.19000000,23355.00000000,22876.74000000,22963.69000000,16819.08222000,120,120,False
1659376800000,1659384000000,22963.75000000,23040.94000000,22850.00000000,22953.59000000,11512.84152000,120,120,False
1659384000000,1659391200000,22955.37000000,23132.37000000,22915.84000000,23019.09000000,7442.83192000,120,120,False
1659391200000,1659398400000,23019.09000000,23417.11000000,22908.45000000,23268.01000000,12791.60296000,120,120,False
1659398400000,1659405600000,23266.90000000,23447.62000000,22944.00000000,22997.14000000,11549.59648000,120,120,False
1659405600000,1659412800000,22997.14000000,23080.37000000,22780.00000000,22853.11000000,12312.20412000,120,120,False
1659412800000,1659420000000,22851.34000000,22909.00000000,22750.00000000,22852.71000000,8946.95456000,120,120,False
1659420000000,1659427200000,22852.71000000,22937.50000000,22715.61000000,22887.80000000,10609.95431000,120,120,False
1659427200000,1659434400000,22889.62000000,22910.34000000,22654.37000000,22711.08000000,10943.12000000,120,120,False
1659434400000,1659441600000,22711.68000000,22973.08000000,22673.84000000,22882.61000000,11631.71437000,120,120,False
1659441600000,1659448800000,22882.61000000,22910.35000000,22666.05000000,22799.96000000,15516.13654000,120,120,False
1659448800000,1659456000000,22799.96000000,23151.24000000,22670.00000000,22979.50000000,25886.21720000,120,120,False
1659456000000,1659463200000,22977.78000000,23459.89000000,22946.73000000,23186.84000000,20749.71774000,120,120,False
1659463200000,1659470400000,23186.84000000,23282.33000000,22870.10000000,22951.21000000,13754.97385000,120,120,False
1659470400000,1659477600000,22951.21000000,23146.67000000,22910.00000000,23093.38000000,7687.15742000,120,120,False
1659477600000,1659484800000,23093.02000000,23148.60000000,22927.61000000,22987.79000000,8485.53566000,120,120,False
1659484800000,1659492000000,22985.93000000,23079.39000000,22681.22000000,22801.57000000,12641.62649000,120,120,False
1659492000000,1659499200000,22803.27000000,22882.40000000,22725.50000000,22862.72000000,9153.04955000,120,120,False
1659499200000,1659506400000,22863.65000000,22962.72000000,22802.00000000,22916.75000000,7734.24812000,120,120,False
1659506400000,1659513600000,22915.59000000,23074.86000000,22913.66000000,22989.96000000,8594.45437000,120,120,False
1659513600000,1659520800000,22989.16000000,23400.00000000,22987.46000000,23383.55000000,14413.58497000,120,120,False
1659520800000,1659528000000,23385.48000000,23471.50000000,23291.07000000,23402.83000000,13146.73358000,120,120,False
1659528000000,1659535200000,23405.14000000,23647.68000000,23229.28000000,23341.12000000,19895.29418000,120,120,False
1659535200000,1659542400000,23341.12000000,23430.19000000,23207.29000000,23352.76000000,14165.99390000,120,120,False
1659542400000,1659549600000,23352.76000000,23574.98000000,23256.87000000,23448.59000000,13783.94670000,120,120,False
1659549600000,1659556800000,23448.59000000,23541.85000000,23352.08000000,23462.00000000,10383.24359000,120,120,False
1659556800000,1659564000000,23460.51000000,23486.48000000,23245.00000000,23267.83000000,6986.97968000,120,120,False
1659564000000,1659571200000,23267.83000000,23282.00000000,22720.00000000,22818.37000000,15049.65482000,120,120,False
1659571200000,1659578400000,22816.91000000,23223.32000000,22791.46000000,23141.21000000,13884.38498000,120,120,False
1659578400000,1659585600000,23141.21000000,23192.44000000,23028.09000000,23095.74000000,9303.32130000,120,120,False
1659585600000,1659592800000,23095.74000000,23174.45000000,23051.43000000,23123.82000000,7562.21952000,120,120,False
1659592800000,1659600000000,23122.44000000,23185.35000000,22815.35000000,22947.92000000,13775.50312000,120,120,False
1659600000000,1659607200000,22947.92000000,22950.00000000,22767.86000000,22870.10000000,11768.06852000,120,120,False
1659607200000,1659614400000,22868.67000000,22956.41000000,22800.00000000,22885.01000000,9807.59923000,120,120,False
1659614400000,1659621600000,22885.01000000,23148.99000000,22750.00000000,23029.09000000,20216.37807000,120,120,False
1659621600000,1659628800000,23027.60000000,23141.00000000,22765.73000000,22931.68000000,18516.80363000,120,120,False
1659628800000,1659636000000,22931.68000000,22980.00000000,22527.00000000,22633.95000000,16788.63682000,120,120,False
1659636000000,1659643200000,22632.97000000,22719.99000000,22400.00000000,22451.24000000,15185.04539000,120,120,False
1659643200000,1659650400000,22451.28000000,22570.47000000,22449.09000000,22495.34000000,7014.25257000,120,120,False
1659650400000,1659657600000,22495.34000000,22670.00000000,22450.00000000,22622.98000000,11032.45701000,120,120,False
1659657600000,1659664800000,22622.41000000,22920.61000000,22586.95000000,22893.44000000,11822.64334000,120,120,False
1659664800000,1659672000000,22893.44000000,23200.00000000,22858.59000000,23175.32000000,17253.12835000,120,120,False
1659672000000,1659679200000,23173.90000000,23247.84000000,23065.82000000,23189.78000000,11158.46889000,120,120,False
1659679200000,1659686400000,23189.77000000,23432.51000000,23157.49000000,23186.08000000,12940.83936000,120,120,False
1659686400000,1659693600000,23185.08000000,23254.92000000,23095.17000000,23132.21000000,9585.56797000,120,120,False
1659693600000,1659700800000,23132.21000000,23441.10000000,23105.47000000,23405.13000000,15811.62765000,120,120,False
1659700800000,1659708000000,23403.67000000,23472.86000000,22879.42000000,23054.81000000,27774.83364000,120,120,False
1659708000000,1659715200000,23053.25000000,23360.00000000,22957.98000000,22988.25000000,21105.51093000,120,120,False
1659715200000,1659722400000,22988.26000000,23104.00000000,22800.00000000,22828.26000000,15807.64118000,120,120,False
1659722400000,1659729600000,22828.26000000,22957.51000000,22754.13000000,22932.83000000,11194.77242000,120,120,False
1659729600000,1659736800000,22931.23000000,23223.53000000,22839.27000000,23106.58000000,9910.31682000,120,120,False
1659736800000,1659744000000,23106.58000000,23329.00000000,23106.58000000,23312.42000000,10886.34694000,120,120,False
1659744000000,1659751200000,23313.56000000,23354.36000000,23187.62000000,23224.39000000,9230.13437000,120,120,False
1659751200000,1659758400000,23223.24000000,23288.52000000,23152.42000000,23173.65000000,7357.60538000,120,120,False
1659758400000,1659765600000,23173.65000000,23236.93000000,23141.22000000,23195.99000000,6024.10379000,120,120,False
1659765600000,1659772800000,23194.70000000,23236.55000000,23140.02000000,23205.87000000,5918.23281000,120,120,False
1659772800000,1659780000000,23204.77000000,23258.61000000,23100.00000000,23170.28000000,7233.11382000,120,120,False
1659780000000,1659787200000,23170.28000000,23213.00000000,23150.95000000,23157.42000000,5408.24565000,120,120,False
1659787200000,1659794400000,23157.42000000,23236.49000000,23153.59000000,23188.74000000,5614.27742000,120,120,False
1659794400000,1659801600000,23189.90000000,23234.58000000,23172.16000000,23202.21000000,5291.92021000,120,120,False
1659801600000,1659808800000,23201.18000000,23256.37000000,22982.49000000,23128.83000000,10714.99181000,120,120,False
1659808800000,1659816000000,23130.69000000,23211.27000000,23083.69000000,23185.12000000,6388.94046000,120,120,False
1659816000000,1659823200000,23186.32000000,23207.65000000,23103.03000000,23178.84000000,4521.39448000,120,120,False
1659823200000,1659830400000,23178.84000000,23220.00000000,22909.52000000,22954.21000000,10208.84287000,120,120,False
1659830400000,1659837600000,22954.21000000,23051.92000000,22844.62000000,22911.34000000,9461.13133000,120,120,False
1659837600000,1659844800000,22910.32000000,23042.31000000,22903.60000000,22990.10000000,6509.01587000,120,120,False
1659844800000,1659852000000,22990.10000000,23025.00000000,22938.47000000,22969.39000000,5658.06782000,120,120,False
1659852000000,1659859200000,22969.39000000,23029.62000000,22965.45000000,23015.95000000,4624.97469000,120,120,False
1659859200000,1659866400000,23014.60000000,23025.95000000,22890.52000000,22977.27000000,7319.18597000,120,120,False
1659866400000,1659873600000,22978.05000000,23055.00000000,22957.47000000,23038.48000000,5784.95310000,120,120,False
1659873600000,1659880800000,23038.48000000,23184.21000000,23035.00000000,23152.76000000,10252.22560000,120,120,False
1659880800000,1659888000000,23153.02000000,23172.84000000,23010.84000000,23023.14000000,7715.44042000,120,120,False
1659888000000,1659895200000,23021.97000000,23300.00000000,22994.00000000,23240.40000000,9537.12865000,120,120,False
1659895200000,1659902400000,23238.33000000,23287.26000000,23141.48000000,23161.02000000,6113.15582000,120,120,False
1659902400000,1659909600000,23162.46000000,23402.00000000,23151.63000000,23311.34000000,7172.20385000,120,120,False
1659909600000,1659916800000,23311.34000000,23323.00000000,23051.71000000,23174.39000000,8742.52565000,120,120,False
1659916800000,1659924000000,23174.39000000,23350.00000000,23154.25000000,23220.08000000,8885.90987000,120,120,False
1659924000000,1659931200000,23218.93000000,23344.00000000,23203.82000000,23306.63000000,9170.22162000,120,120,False
1659931200000,1659938400000,23306.62000000,23467.00000000,23278.14000000,23430.31000000,8893.70234000,120,120,False
1659938400000,1659945600000,23430.31000000,23852.43000000,23430.31000000,23807.68000000,21219.15139000,120,120,False
1659945600000,1659952800000,23807.53000000,24189.43000000,23771.01000000,24090.38000000,21937.16274000,120,120,False
1659952800000,1659960000000,24092.18000000,24182.30000000,24000.00000000,24166.12000000,12651.23243000,120,120,False
1659960000000,1659967200000,24166.12000000,24245.00000000,24007.55000000,24160.36000000,19874.11003000,120,120,False
1659967200000,1659974400000,24160.27000000,24222.61000000,23892.57000000,23991.38000000,18540.33406000,120,120,False
1659974400000,1659981600000,23991.38000000,24011.93000000,23841.60000000,23964.99000000,13399.06328000,120,120,False
1659981600000,1659988800000,23963.73000000,23982.23000000,23793.33000000,23926.83000000,10932.45404000,120,120,False
1659988800000,1659996000000,23926.84000000,24104.55000000,23762.38000000,23850.33000000,10893.22952000,120,120,False
1659996000000,1660003200000,23850.33000000,23922.70000000,23670.88000000,23810.00000000,14561.87020000,120,120,False
1660003200000,1660010400000,23810.98000000,23869.96000000,23708.31000000,23733.96000000,7965.66225000,120,120,False
1660010400000,1660017600000,23732.97000000,23849.00000000,23626.87000000,23828.96000000,7408.77344000,120,120,False
1660017600000,1660024800000,23828.98000000,23933.25000000,23792.11000000,23873.74000000,6868.42616000,120,120,False
1660024800000,1660032000000,23873.74000000,23906.78000000,23754.51000000,23878.12000000,9756.35313000,120,120,False
1660032000000,1660039200000,23878.12000000,23890.47000000,23470.00000000,23472.62000000,14847.54340000,120,120,False
1660039200000,1660046400000,23472.62000000,23531.87000000,23182.55000000,23263.92000000,21558.60958000,120,120,False
1660046400000,1660053600000,23263.34000000,23327.07000000,23012.85000000,23068.42000000,17380.76250000,120,120,False
1660053600000,1660060800000,23068.42000000,23157.89000000,22865.00000000,23075.00000000,17803.38121000,120,120,False
1660060800000,1660068000000,23075.00000000,23132.11000000,22970.00000000,23053.98000000,12810.95891000,120,120,False
1660068000000,1660075200000,23053.98000000,23098.00000000,22986.00000000,23053.82000000,9617.51873000,120,120,False
1660075200000,1660082400000,23053.82000000,23217.57000000,23050.00000000,23191.60000000,7645.45287000,120,120,False
1660082400000,1660089600000,23191.60000000,23265.00000000,23117.92000000,23149.95000000,9519.06640000,120,120,False
1660089600000,1660096800000,23151.32000000,23151.32000000,22664.69000000,22886.25000000,16806.54553000,120,120,False
1660096800000,1660104000000,22885.90000000,22939.52000000,22760.00000000,22863.75000000,10515.84085000,120,120,False
1660104000000,1660111200000,22863.75000000,23004.52000000,22849.46000000,22900.86000000,9598.01985000,120,120,False
1660111200000,1660118400000,22899.26000000,23011.50000000,22829.17000000,22963.67000000,9126.45007000,120,120,False
1660118400000,1660125600000,22963.67000000,23139.00000000,22961.96000000,23082.32000000,11709.55095000,120,120,False
1660125600000,1660132800000,23083.81000000,23204.00000000,22983.08000000,23123.95000000,11709.33826000,120,120,False
1660132800000,1660140000000,23122.36000000,24178.00000000,23004.58000000,24018.75000000,52411.60270000,120,120,False
1660140000000,1660147200000,24016.31000000,24082.20000000,23830.05000000,23997.10000000,22075.85433000,120,120,False
1660147200000,1660154400000,23997.10000000,24092.52000000,23826.50000000,23915.64000000,14347.27899000,120,120,False
1660154400000,1660161600000,23915.50000000,23931.25000000,23475.40000000,23638.95000000,19903.46229000,120,120,False
1660161600000,1660168800000,23638.95000000,24226.00000000,23622.96000000,23958.64000000,18373.81987000,120,120,False
1660168800000,1660176000000,23957.96000000,24026.37000000,23803.35000000,23954.05000000,12338.78584000,120,120,False
1660176000000,1660183200000,23954.05000000,24491.22000000,23912.39000000,24436.84000000,24393.53658000,120,120,False
1660183200000,1660190400000,24438.33000000,24463.64000000,24195.23000000,24324.38000000,19297.21153000,120,120,False
1660190400000,1660197600000,24324.37000000,24660.00000000,24287.47000000,24559.66000000,20010.85132000,120,120,False
1660197600000,1660204800000,24558.36000000,24745.00000000,24355.78000000,24431.88000000,22300.59179000,120,120,False
1660204800000,1660212000000,24431.88000000,24555.52000000,24345.08000000,24441.13000000,16495.26758000,120,120,False
1660212000000,1660219200000,24441.13000000,24685.20000000,24381.23000000,24559.37000000,15090.99059000,120,120,False
1660219200000,1660226400000,24559.37000000,24918.54000000,24528.29000000,24731.75000000,38543.62190000,120,120,False
1660226400000,1660233600000,24731.75000000,24869.50000000,24280.18000000,24343.68000000,29373.11638000,120,120,False
1660233600000,1660240800000,24343.68000000,24418.50000000,24245.00000000,24342.78000000,19366.54588000,120,120,False
1660240800000,1660248000000,24342.78000000,24344.57000000,24081.22000000,24221.81000000,19674.27840000,120,120,False
1660248000000,1660255200000,24222.73000000,24334.46000000,24037.58000000,24183.29000000,11888.12191000,120,120,False
1660255200000,1660262400000,24183.30000000,24210.00000000,23852.13000000,23934.39000000,13325.66171000,120,120,False
1660262400000,1660269600000,23933.09000000,24009.67000000,23761.84000000,23906.32000000,14738.64213000,120,120,False
1660269600000,1660276800000,23906.32000000,24097.97000000,23795.41000000,24010.11000000,14372.26398000,120,120,False
1660276800000,1660284000000,24011.25000000,24060.00000000,23911.12000000,23949.96000000,10163.18471000,120,120,False
1660284000000,1660291200000,23949.96000000,23990.00000000,23880.00000000,23960.99000000,10559.00049000,120,120,False
1660291200000,1660298400000,23960.99000000,24143.00000000,23900.00000000,23983.42000000,13671.06382000,120,120,False
1660298400000,1660305600000,23983.42000000,24001.17000000,23583.00000000,23672.99000000,20223.41039000,120,120,False
1660305600000,1660312800000,23672.98000000,23900.00000000,23653.66000000,23829.49000000,19263.56287000,120,120,False
1660312800000,1660320000000,23828.98000000,24012.21000000,23704.78000000,23980.66000000,18327.54770000,120,120,False
1660320000000,1660327200000,23979.58000000,24085.17000000,23952.03000000,24009.06000000,11408.02822000,120,120,False
1660327200000,1660334400000,24009.06000000,24271.58000000,23980.30000000,24177.57000000,14988.20128000,120,120,False
1660334400000,1660341600000,24177.57000000,24286.61000000,24048.29000000,24114.68000000,10207.59583000,120,120,False
1660341600000,1660348800000,24115.61000000,24456.50000000,24073.97000000,24403.68000000,16285.06898000,120,120,False
1660348800000,1660356000000,24401.70000000,24600.02000000,24334.37000000,24554.47000000,15810.62778000,120,120,False
1660356000000,1660363200000,24555.04000000,24811.24000000,24513.26000000,24796.53000000,17683.27588000,120,120,False
1660363200000,1660370400000,24796.53000000,24839.95000000,24653.51000000,24710.86000000,13388.14934000,120,120,False
1660370400000,1660377600000,24711.58000000,24888.00000000,24552.13000000,24572.12000000,15699.34192000,120,120,False
1660377600000,1660384800000,24574.03000000,24653.48000000,24356.11000000,24584.04000000,16387.77585000,120,120,False
1660384800000,1660392000000,24584.04000000,24602.88000000,24291.22000000,24435.91000000,14664.95029000,120,120,False
1660392000000,1660399200000,24435.91000000,24528.25000000,24300.00000000,24461.56000000,9515.61104000,120,120,False
1660399200000,1660406400000,24461.56000000,24600.88000000,24422.34000000,24512.66000000,11821.05475000,120,120,False
1660406400000,1660413600000,24512.66000000,24578.20000000,24451.22000000,24572.21000000,10113.77403000,120,120,False
1660413600000,1660420800000,24570.63000000,24593.37000000,24336.16000000,24398.56000000,11038.02230000,120,120,False
1660420800000,1660428000000,24398.56000000,24545.00000000,24319.09000000,24498.46000000,8117.26495000,120,120,False
1660428000000,1660435200000,24498.46000000,24525.70000000,24360.00000000,24441.38000000,8612.40622000,120,120,False
1660435200000,1660442400000,24443.06000000,24640.00000000,24343.30000000,24586.30000000,13969.54317000,120,120,False
1660442400000,1660449600000,24584.79000000,24625.00000000,24500.16000000,24570.02000000,8029.72668000,120,120,False
1660449600000,1660456800000,24570.33000000,24641.97000000,24500.00000000,24588.64000000,9396.43708000,120,120,False
1660456800000,1660464000000,24588.64000000,25047.56000000,24582.43000000,24873.32000000,20102.72604000,120,120,False
1660464000000,1660471200000,24873.32000000,24883.24000000,24594.83000000,24751.31000000,18275.40989000,120,120,False
1660471200000,1660478400000,24751.31000000,24752.17000000,24524.32000000,24564.49000000,10347.51678000,120,120,False
1660478400000,1660485600000,24564.50000000,24593.43000000,24400.00000000,24477.07000000,13045.44702000,120,120,False
1660485600000,1660492800000,24475.67000000,24540.00000000,24460.12000000,24524.54000000,8552.40470000,120,120,False
1660492800000,1660500000000,24525.51000000,24568.74000000,24174.03000000,24226.46000000,19163.45612000,120,120,False
1660500000000,1660507200000,24229.10000000,24326.57000000,24144.00000000,24284.07000000,10208.38891000,120,120,False
1660507200000,1660514400000,24284.07000000,24435.00000000,24251.22000000,24343.67000000,8478.92652000,120,120,False
1660514400000,1660521600000,24344.88000000,24364.40000000,24172.40000000,24305.24000000,11636.16182000,120,120,False
1660521600000,1660528800000,24305.25000000,24656.75000000,24164.10000000,24645.14000000,17061.16446000,120,120,False
1660528800000,1660536000000,24645.14000000,25211.32000000,24638.80000000,24867.39000000,30959.44842000,120,120,False
1660536000000,1660543200000,24866.12000000,24982.70000000,24690.08000000,24817.62000000,18680.89317000,120,120,False
1660543200000,1660550400000,24817.62000000,24826.00000000,23944.62000000,24027.05000000,35958.06112000,120,120,False
1660550400000,1660557600000,24027.05000000,24205.77000000,23869.46000000,24172.18000000,21472.31847000,120,120,False
1660557600000,1660564800000,24170.69000000,24314.28000000,23996.58000000,24049.48000000,18618.76185000,120,120,False
1660564800000,1660572000000,24048.91000000,24198.51000000,23900.00000000,24155.97000000,22958.29239000,120,120,False
1660572000000,1660579200000,24155.97000000,24265.74000000,24046.01000000,24226.00000000,19050.47841000,120,120,False
1660579200000,1660586400000,24226.00000000,24281.10000000,24077.61000000,24116.79000000,15556.02593000,120,120,False
1660586400000,1660593600000,24116.79000000,24158.00000000,23965.00000000,23982.54000000,14881.91648000,120,120,False
1660593600000,1660600800000,23983.54000000,24145.43000000,23973.38000000,24026.63000000,9232.94588000,120,120,False
1660600800000,1660608000000,24027.43000000,24192.83000000,23773.22000000,24094.82000000,18109.24100000,120,120,False
1660608000000,1660615200000,24093.04000000,24247.49000000,23958.54000000,24108.33000000,16150.14820000,120,120,False
1660615200000,1660622400000,24109.10000000,24199.99000000,23853.00000000,24083.42000000,15669.24668000,120,120,False
1660622400000,1660629600000,24083.25000000,24144.77000000,23795.67000000,23948.01000000,15553.62114000,120,120,False
1660629600000,1660636800000,23948.01000000,24067.98000000,23911.53000000,24066.93000000,11086.03888000,120,120,False
1660636800000,1660644000000,24067.77000000,24125.29000000,23968.78000000,24082.75000000,12778.77183000,120,120,False
1660644000000,1660651200000,24083.34000000,24150.00000000,23993.55000000,24038.03000000,12229.59593000,120,120,False
1660651200000,1660658400000,24036.86000000,24094.13000000,23856.80000000,23896.55000000,16635.62862000,120,120,False
1660658400000,1660665600000,23896.55000000,23929.71000000,23671.22000000,23901.27000000,24648.57035000,120,120,False
1660665600000,1660672800000,23901.00000000,23925.41000000,23691.06000000,23867.04000000,15329.06636000,120,120,False
1660672800000,1660680000000,23867.04000000,24058.00000000,23710.19000000,23930.24000000,21638.23371000,120,120,False
1660680000000,1660687200000,23930.24000000,23994.00000000,23874.23000000,23949.06000000,8124.49675000,120,120,False
1660687200000,1660694400000,23947.92000000,23949.72000000,23809.00000000,23854.74000000,9481.52976000,120,120,False
1660694400000,1660701600000,23856.15000000,24067.00000000,23824.99000000,23942.92000000,15839.65747000,120,120,False
1660701600000,1660708800000,23942.92000000,24085.00000000,23900.40000000,24006.66000000,11657.78479000,120,120,False
1660708800000,1660716000000,24006.66000000,24171.48000000,24002.64000000,24165.26000000,11519.26908000,120,120,False
1660716000000,1660723200000,24165.26000000,24446.71000000,23759.30000000,23786.42000000,30620.46825000,120,120,False
1660723200000,1660730400000,23788.32000000,23924.97000000,23735.00000000,23833.71000000,15745.79748000,120,120,False
1660730400000,1660737600000,23832.90000000,23839.03000000,23690.79000000,23746.65000000,13756.58468000,120,120,False
1660737600000,1660744800000,23746.65000000,23760.68000000,23321.60000000,23424.41000000,32455.16467000,120,120,False
1660744800000,1660752000000,23424.41000000,23483.68000000,23322.90000000,23391.90000000,18186.64974000,120,120,False
1660752000000,1660759200000,23391.90000000,23484.03000000,23333.00000000,23472.13000000,13631.08858000,120,120,False
1660759200000,1660766400000,23472.13000000,23638.84000000,23236.00000000,23275.04000000,26651.43908000,120,120,False
1660766400000,1660773600000,23276.89000000,23417.44000000,23180.40000000,23331.93000000,11531.58562000,120,120,False
1660773600000,1660780800000,23331.73000000,23386.77000000,23253.00000000,23342.66000000,9073.19822000,120,120,False
1660780800000,1660788000000,23342.66000000,23499.19000000,23285.23000000,23470.73000000,12088.49120000,120,120,False
1660788000000,1660795200000,23469.40000000,23516.44000000,23415.70000000,23433.31000000,8196.67395000,120,120,False
1660795200000,1660802400000,23434.25000000,23466.67000000,23337.38000000,23391.82000000,8177.56707000,120,120,False
1660802400000,1660809600000,23392.72000000,23465.62000000,23325.01000000,23414.21000000,10358.32737000,120,120,False
1660809600000,1660816800000,23414.21000000,23544.45000000,23344.20000000,23533.67000000,10910.78597000,120,120,False
1660816800000,1660824000000,23532.46000000,23582.35000000,23460.00000000,23534.43000000,10838.89206000,120,120,False
1660824000000,1660831200000,23534.43000000,23600.00000000,23434.02000000,23450.25000000,16699.98615000,120,120,False
1660831200000,1660838400000,23449.46000000,23510.00000000,23355.73000000,23452.28000000,16343.95587000,120,120,False
1660838400000,1660845600000,23451.45000000,23469.27000000,23249.66000000,23272.80000000,15122.73539000,120,120,False
1660845600000,1660852800000,23271.57000000,23434.41000000,23235.28000000,23344.88000000,12574.66195000,120,120,False
1660852800000,1660860000000,23344.88000000,23448.00000000,23320.00000000,23362.78000000,7105.13692000,120,120,False
1660860000000,1660867200000,23362.78000000,23402.20000000,23111.04000000,23191.20000000,15768.75621000,120,120,False
1660867200000,1660874400000,23191.45000000,23208.67000000,22713.42000000,22761.81000000,29355.99151000,120,120,False
1660874400000,1660881600000,22760.42000000,22829.61000000,22711.11000000,22769.05000000,11870.77279000,120,120,False
1660881600000,1660888800000,22768.97000000,22837.34000000,22746.52000000,22808.73000000,9555.69286000,120,120,False
1660888800000,1660896000000,22808.73000000,22819.27000000,21447.76000000,21905.88000000,42946.80431000,120,120,False
1660896000000,1660903200000,21907.37000000,21915.88000000,21660.00000000,21751.97000000,26291.30687000,120,120,False
1660903200000,1660910400000,21751.95000000,21777.00000000,21261.96000000,21467.91000000,29397.89258000,120,120,False
1660910400000,1660917600000,21467.91000000,21605.71000000,21265.77000000,21402.27000000,27412.02483000,120,120,False
1660917600000,1660924800000,21402.27000000,21494.21000000,21280.00000000,21443.36000000,20160.51836000,120,120,False
1660924800000,1660932000000,21443.36000000,21660.73000000,21401.01000000,21463.41000000,18720.76811000,120,120,False
1660932000000,1660939200000,21463.41000000,21466.10000000,21149.95000000,21329.66000000,19990.76080000,120,120,False
1660939200000,1660946400000,21329.65000000,21382.50000000,20910.09000000,21078.77000000,18120.84733000,120,120,False
1660946400000,1660953600000,21081.62000000,21324.40000000,20783.57000000,20834.39000000,30172.49712000,120,120,False
1660953600000,1660960800000,20834.39000000,21212.67000000,20792.92000000,20996.12000000,19897.60334000,120,120,False
1660960800000,1660968000000,20995.02000000,21177.83000000,20990.01000000,21140.34000000,13382.96144000,120,120,False
1660968000000,1660975200000,21139.97000000,21284.71000000,21077.56000000,21128.68000000,15884.66478000,120,120,False
1660975200000,1660982400000,21127.77000000,21370.00000000,21122.01000000,21307.25000000,14425.14013000,120,120,False
1660982400000,1660989600000,21307.99000000,21315.00000000,21134.42000000,21208.80000000,12670.70771000,120,120,False
1660989600000,1660996800000,21210.02000000,21281.22000000,21118.50000000,21233.66000000,12151.83442000,120,120,False
1660996800000,1661004000000,21233.66000000,21382.85000000,21200.00000000,21321.53000000,13445.73604000,120,120,False
1661004000000,1661011200000,21321.53000000,21347.22000000,21202.74000000,21299.44000000,10334.03106000,120,120,False
1661011200000,1661018400000,21300.50000000,21360.00000000,21164.18000000,21257.33000000,14001.91224000,120,120,False
1661018400000,1661025600000,21255.86000000,21325.00000000,20941.63000000,20988.36000000,21286.04329000,120,120,False
1661025600000,1661032800000,20988.52000000,21153.99000000,20761.90000000,21120.19000000,21416.58847000,120,120,False
1661032800000,1661040000000,21121.70000000,21250.51000000,21054.72000000,21140.07000000,14144.46071000,120,120,False
1661040000000,1661047200000,21140.07000000,21290.00000000,21118.71000000,21259.10000000,11868.22208000,120,120,False
1661047200000,1661054400000,21259.96000000,21330.55000000,21161.62000000,21208.72000000,10027.07340000,120,120,False
1661054400000,1661061600000,21210.06000000,21285.08000000,21165.21000000,21229.52000000,8907.27067000,120,120,False
1661061600000,1661068800000,21229.52000000,21254.19000000,21069.11000000,21251.38000000,12823.02715000,120,120,False
1661068800000,1661076000000,21250.21000000,21500.00000000,21224.48000000,21433.44000000,20722.29354000,120,120,False
1661076000000,1661083200000,21433.44000000,21570.00000000,21366.18000000,21524.39000000,13968.30873000,120,120,False
1661083200000,1661090400000,21525.57000000,21587.74000000,21383.51000000,21397.04000000,13498.33558000,120,120,False
1661090400000,1661097600000,21397.04000000,21441.83000000,21314.88000000,21420.20000000,11345.36389000,120,120,False
1661097600000,1661104800000,21419.00000000,21502.00000000,21330.75000000,21459.14000000,11300.30556000,120,120,False
1661104800000,1661112000000,21460.34000000,21557.26000000,21381.34000000,21512.01000000,9733.73245000,120,120,False
1661112000000,1661119200000,21512.01000000,21800.00000000,21462.89000000,21533.83000000,15955.51180000,120,120,False
1661119200000,1661126400000,21535.40000000,21671.84000000,21277.73000000,21515.61000000,19051.23925000,120,120,False
1661126400000,1661133600000,21516.70000000,21530.03000000,21360.41000000,21443.79000000,14865.20238000,120,120,False
1661133600000,1661140800000,21443.79000000,21510.80000000,21375.01000000,21414.86000000,10309.62801000,120,120,False
1661140800000,1661148000000,21413.67000000,21494.44000000,21341.91000000,21428.66000000,12332.47581000,120,120,False
1661148000000,1661155200000,21428.66000000,21445.98000000,21058.62000000,21097.72000000,21783.33691000,120,120,False
1661155200000,1661162400000,21098.01000000,21259.64000000,20890.18000000,21175.06000000,30057.16946000,120,120,False
1661162400000,1661169600000,21174.09000000,21338.75000000,21107.14000000,21248.71000000,19433.63994000,120,120,False
1661169600000,1661176800000,21249.78000000,21380.36000000,21086.54000000,21304.14000000,26817.69717000,120,120,False
1661176800000,1661184000000,21304.14000000,21444.72000000,21180.00000000,21400.47000000,24979.37976000,120,120,False
1661184000000,1661191200000,21400.47000000,21548.71000000,21196.77000000,21233.01000000,17116.05908000,120,120,False
1661191200000,1661198400000,21233.01000000,21241.47000000,20963.00000000,21057.25000000,18563.61558000,120,120,False
1661198400000,1661205600000,21055.48000000,21192.70000000,21045.00000000,21101.67000000,12083.82510000,120,120,False
1661205600000,1661212800000,21101.67000000,21423.74000000,21085.99000000,21399.83000000,13880.01606000,120,120,False
1661212800000,1661220000000,21400.75000000,21468.51000000,21285.02000000,21306.86000000,15162.76217000,120,120,False
1661220000000,1661227200000,21306.86000000,21376.99000000,21218.28000000,21239.18000000,10397.33405000,120,120,False
1661227200000,1661234400000,21239.18000000,21318.84000000,20932.37000000,20965.89000000,15335.43233000,120,120,False
1661234400000,1661241600000,20964.10000000,21309.98000000,20890.14000000,21305.34000000,19080.62807000,120,120,False
1661241600000,1661248800000,21305.34000000,21550.00000000,21286.00000000,21442.58000000,24890.29906000,120,120,False
1661248800000,1661256000000,21442.58000000,21495.00000000,21314.49000000,21456.34000000,16027.62403000,120,120,False
1661256000000,1661263200000,21455.97000000,21598.00000000,21327.95000000,21520.58000000,21923.46693000,120,120,False
1661263200000,1661270400000,21518.52000000,21684.87000000,21383.55000000,21474.67000000,26951.53497000,120,120,False
1661270400000,1661277600000,21473.01000000,21519.90000000,21358.38000000,21414.72000000,15371.16207000,120,120,False
1661277600000,1661284800000,21414.72000000,21602.49000000,21394.19000000,21522.01000000,14495.77042000,120,120,False
1661284800000,1661292000000,21522.01000000,21654.91000000,21428.00000000,21489.36000000,9409.24165000,120,120,False
1661292000000,1661299200000,21489.36000000,21605.44000000,21455.11000000,21529.12000000,11922.51589000,120,120,False
1661299200000,1661306400000,21529.11000000,21555.84000000,21172.48000000,21264.71000000,16121.46069000,120,120,False
1661306400000,1661313600000,21264.71000000,21368.08000000,21145.00000000,21264.01000000,13664.47182000,120,120,False
1661313600000,1661320800000,21264.01000000,21504.97000000,21237.57000000,21421.18000000,13353.53950000,120,120,False
1661320800000,1661328000000,21421.18000000,21469.86000000,21243.29000000,21317.85000000,16320.02198000,120,120,False
1661328000000,1661335200000,21319.27000000,21440.07000000,21293.39000000,21314.67000000,12832.48317000,120,120,False
1661335200000,1661342400000,21314.67000000,21476.23000000,21261.00000000,21438.92000000,12769.57672000,120,120,False
1661342400000,1661349600000,21439.84000000,21512.00000000,21373.43000000,21439.86000000,17728.54065000,120,120,False
1661349600000,1661356800000,21438.62000000,21645.65000000,21400.01000000,21618.45000000,18805.85734000,120,120,False
1661356800000,1661364000000,21618.46000000,21900.00000000,21605.00000000,21633.24000000,20746.83677000,120,120,False
1661364000000,1661371200000,21633.24000000,21809.00000000,21624.02000000,21707.58000000,11361.20043000,120,120,False
1661371200000,1661378400000,21709.32000000,21761.92000000,21554.00000000,21592.07000000,7649.76606000,120,120,False
1661378400000,1661385600000,21590.77000000,21655.50000000,21361.60000000,21368.08000000,13029.46533000,120,120,False
1661385600000,1661392800000,21368.05000000,21637.89000000,21310.15000000,21553.87000000,14839.45631000,120,120,False
1661392800000,1661400000000,21552.83000000,21600.03000000,21427.00000000,21468.93000000,10821.79832000,120,120,False
1661400000000,1661407200000,21468.12000000,21591.60000000,21461.53000000,21559.17000000,8090.31031000,120,120,False
1661407200000,1661414400000,21559.17000000,21762.00000000,21550.00000000,21743.29000000,19630.60073000,120,120,False
1661414400000,1661421600000,21744.22000000,21819.88000000,21632.71000000,21705.62000000,17370.51515000,120,120,False
1661421600000,1661428800000,21706.99000000,21740.47000000,21611.22000000,21720.31000000,13743.64527000,120,120,False
1661428800000,1661436000000,21720.31000000,21779.00000000,21571.55000000,21706.70000000,21182.40278000,120,120,False
1661436000000,1661443200000,21706.70000000,21762.20000000,21483.38000000,21565.12000000,19455.86577000,120,120,False
1661443200000,1661450400000,21563.92000000,21599.90000000,21422.43000000,21571.16000000,16922.65471000,120,120,False
1661450400000,1661457600000,21572.44000000,21646.27000000,21496.67000000,21605.20000000,10871.16480000,120,120,False
1661457600000,1661464800000,21607.25000000,21685.00000000,21551.72000000,21583.00000000,8256.83894000,120,120,False
1661464800000,1661472000000,21583.01000000,21626.19000000,21514.89000000,21559.04000000,8730.52992000,120,120,False
1661472000000,1661479200000,21559.04000000,21569.00000000,21431.22000000,21558.13000000,13394.47047000,120,120,False
1661479200000,1661486400000,21558.70000000,21614.89000000,21543.35000000,21552.17000000,8416.06557000,120,120,False
1661486400000,1661493600000,21552.17000000,21564.82000000,21343.01000000,21404.25000000,13736.61370000,120,120,False
1661493600000,1661500800000,21403.11000000,21464.56000000,21326.66000000,21452.90000000,13140.17477000,120,120,False
1661500800000,1661508000000,21452.90000000,21468.76000000,21392.00000000,21438.22000000,10407.75716000,120,120,False
1661508000000,1661515200000,21436.69000000,21447.28000000,21106.31000000,21189.77000000,19536.76066000,120,120,False
1661515200000,1661522400000,21191.27000000,21886.77000000,21156.58000000,21753.46000000,40887.68445000,120,120,False
1661522400000,1661529600000,21754.84000000,21809.64000000,20635.12000000,20781.08000000,72895.76580000,120,120,False
1661529600000,1661536800000,20780.86000000,20832.23000000,20529.74000000,20651.75000000,26552.24534000,120,120,False
1661536800000,1661544000000,20651.75000000,20738.86000000,20534.25000000,20644.47000000,18144.75307000,120,120,False
1661544000000,1661551200000,20643.01000000,20749.98000000,20568.38000000,20639.32000000,10601.62030000,120,120,False
1661551200000,1661558400000,20639.32000000,20690.00000000,20107.90000000,20241.05000000,26097.70826000,120,120,False
1661558400000,1661565600000,20239.14000000,20402.93000000,20141.32000000,20276.58000000,16847.36109000,120,120,False
1661565600000,1661572800000,20277.99000000,20295.07000000,20135.04000000,20203.18000000,12471.05951000,120,120,False
1661572800000,1661580000000,20204.23000000,20231.18000000,19920.00000000,20128.38000000,16803.72011000,120,120,False
1661580000000,1661587200000,20128.38000000,20277.38000000,20092.22000000,20272.25000000,14606.78344000,120,120,False
1661587200000,1661594400000,20269.90000000,20279.61000000,20135.89000000,20148.25000000,10494.50721000,120,120,False
1661594400000,1661601600000,20149.91000000,20255.46000000,20145.00000000,20211.21000000,11204.71994000,120,120,False
1661601600000,1661608800000,20211.21000000,20242.02000000,20097.22000000,20171.93000000,12432.35636000,120,120,False
1661608800000,1661616000000,20173.16000000,20213.88000000,19800.00000000,19977.36000000,20489.36786000,120,120,False
1661616000000,1661623200000,19976.08000000,20100.00000000,19838.80000000,19985.67000000,17231.27496000,120,120,False
1661623200000,1661630400000,19985.67000000,20048.00000000,19931.36000000,20018.00000000,9320.46220000,120,120,False
1661630400000,1661637600000,20018.00000000,20040.40000000,19870.01000000,19873.06000000,7153.37346000,120,120,False
1661637600000,1661644800000,19874.25000000,20103.57000000,19858.43000000,20037.60000000,13527.47418000,120,120,False
1661644800000,1661652000000,20037.60000000,20083.07000000,19926.78000000,20019.75000000,9898.92925000,120,120,False
1661652000000,1661659200000,20019.39000000,20171.18000000,19970.59000000,19990.58000000,9163.32415000,120,120,False
1661659200000,1661666400000,19991.39000000,20055.00000000,19937.90000000,20054.75000000,7674.83518000,120,120,False
1661666400000,1661673600000,20054.75000000,20085.00000000,20005.29000000,20056.62000000,8231.16165000,120,120,False
1661673600000,1661680800000,20055.85000000,20107.52000000,19995.57000000,20020.00000000,8675.33590000,120,120,False
1661680800000,1661688000000,20019.14000000,20041.22000000,19943.00000000,20034.97000000,10070.48130000,120,120,False
1661688000000,1661695200000,20033.87000000,20059.99000000,19890.00000000,19938.04000000,11749.29373000,120,120,False
1661695200000,1661702400000,19939.67000000,20050.03000000,19811.00000000,20022.03000000,16622.16352000,120,120,False
1661702400000,1661709600000,20022.03000000,20155.62000000,19960.00000000,19982.09000000,15693.36769000,120,120,False
1661709600000,1661716800000,19983.19000000,20065.99000000,19955.10000000,19973.76000000,7906.83619000,120,120,False
1661716800000,1661724000000,19972.31000000,20049.96000000,19940.32000000,19964.01000000,6792.98752000,120,120,False
1661724000000,1661731200000,19964.82000000,20032.15000000,19520.00000000,19555.61000000,26829.24368000,120,120,False
1661731200000,1661738400000,19555.61000000,19757.67000000,19550.79000000,19660.75000000,19352.40033000,120,120,False
1661738400000,1661745600000,19662.02000000,19966.56000000,19645.05000000,19868.14000000,16394.64090000,120,120,False
1661745600000,1661752800000,19866.29000000,19941.22000000,19739.74000000,19753.84000000,12859.71381000,120,120,False
1661752800000,1661760000000,19753.84000000,19911.03000000,19752.66000000,19897.01000000,14034.01011000,120,120,False
1661760000000,1661767200000,19897.01000000,19923.63000000,19788.04000000,19842.90000000,13383.50665000,120,120,False
1661767200000,1661774400000,19842.90000000,19865.00000000,19762.30000000,19825.09000000,12255.61411000,120,120,False
1661774400000,1661781600000,19824.20000000,20148.99000000,19805.00000000,20081.61000000,30325.51309000,120,120,False
1661781600000,1661788800000,20080.43000000,20384.25000000,20073.28000000,20262.28000000,30404.92471000,120,120,False
1661788800000,1661796000000,20263.62000000,20433.62000000,20190.99000000,20276.30000000,21050.91913000,120,120,False
1661796000000,1661803200000,20276.30000000,20290.00000000,20078.92000000,20098.65000000,14882.94185000,120,120,False
1661803200000,1661810400000,20098.65000000,20227.59000000,20075.00000000,20203.57000000,9495.84094000,120,120,False
1661810400000,1661817600000,20203.57000000,20351.53000000,20122.43000000,20285.73000000,16069.46982000,120,120,False
1661817600000,1661824800000,20287.20000000,20298.75000000,20110.00000000,20163.16000000,17478.86567000,120,120,False
1661824800000,1661832000000,20163.16000000,20280.81000000,20125.67000000,20273.36000000,11278.30324000,120,120,False
1661832000000,1661839200000,20273.36000000,20548.00000000,20257.32000000,20417.59000000,20785.13592000,120,120,False
1661839200000,1661846400000,20416.36000000,20576.25000000,20374.31000000,20434.16000000,19079.44499000,120,120,False
1661846400000,1661853600000,20433.65000000,20503.82000000,20381.30000000,20423.09000000,14739.40560000,120,120,False
1661853600000,1661860800000,20423.09000000,20511.30000000,20331.99000000,20403.80000000,17156.16863000,120,120,False
1661860800000,1661868000000,20403.80000000,20450.00000000,20249.12000000,20271.25000000,24504.74849000,120,120,False
1661868000000,1661875200000,20271.42000000,20303.02000000,19650.00000000,19756.24000000,38543.06545000,120,120,False
1661875200000,1661882400000,19756.24000000,19942.27000000,19540.00000000,19685.99000000,29050.86390000,120,120,False
1661882400000,1661889600000,19684.69000000,20099.81000000,19673.41000000,19947.20000000,30187.31888000,120,120,False
1661889600000,1661896800000,19947.20000000,20059.66000000,19815.00000000,19884.30000000,16151.64001000,120,120,False
1661896800000,1661904000000,19882.89000000,19928.46000000,19745.43000000,19811.66000000,17679.39451000,120,120,False
1661904000000,1661911200000,19813.03000000,20256.45000000,19797.94000000,20236.27000000,21102.12465000,120,120,False
1661911200000,1661918400000,20236.27000000,20459.32000000,20233.98000000,20402.87000000,22332.86932000,120,120,False
1661918400000,1661925600000,20401.46000000,20446.37000000,20308.77000000,20353.21000000,16102.52152000,120,120,False
1661925600000,1661932800000,20353.66000000,20490.00000000,20188.00000000,20258.09000000,24456.25508000,120,120,False
1661932800000,1661940000000,20258.09000000,20331.80000000,20123.09000000,20178.14000000,24280.66034000,120,120,False
1661940000000,1661947200000,20178.14000000,20410.21000000,20155.23000000,20314.78000000,21992.36469000,120,120,False
1661947200000,1661954400000,20314.78000000,20423.38000000,20185.12000000,20306.55000000,32635.67124000,120,120,False
1661954400000,1661961600000,20306.55000000,20347.64000000,19870.00000000,20140.63000000,36752.02427000,120,120,False
1661961600000,1661968800000,20142.26000000,20218.98000000,19881.22000000,19982.31000000,24438.37278000,120,120,False
1661968800000,1661976000000,19982.31000000,20328.46000000,19939.53000000,20228.57000000,24689.96612000,120,120,False
1661976000000,1661983200000,20228.57000000,20299.97000000,20160.00000000,20280.54000000,9696.59694000,120,120,False
1661983200000,1661990400000,20280.54000000,20292.75000000,19966.00000000,20050.02000000,18467.18070000,120,120,False
1661990400000,1661997600000,20048.44000000,20185.09000000,19917.01000000,20127.45000000,19051.36095000,120,120,False
1661997600000,1662004800000,20127.45000000,20208.37000000,19931.00000000,20022.97000000,16453.77791000,120,120,False
1662004800000,1662012000000,20023.82000000,20139.00000000,19991.45000000,20038.97000000,14137.18016000,120,120,False
1662012000000,1662019200000,20038.97000000,20057.09000000,19801.38000000,19895.66000000,21836.19828000,120,120,False
1662019200000,1662026400000,19894.97000000,19984.12000000,19820.60000000,19934.57000000,19449.67645000,120,120,False
1662026400000,1662033600000,19934.57000000,20126.23000000,19914.63000000,20074.01000000,21533.14027000,120,120,False
1662033600000,1662040800000,20074.91000000,20096.39000000,19887.48000000,19972.45000000,27618.26834000,120,120,False
1662040800000,1662048000000,19972.45000000,19990.82000000,19652.79000000,19782.59000000,30554.25634000,120,120,False
1662048000000,1662055200000,19783.03000000,19938.00000000,19565.66000000,19724.43000000,24464.75071000,120,120,False
1662055200000,1662062400000,19724.43000000,19936.00000000,19703.70000000,19871.68000000,19608.81838000,120,120,False
1662062400000,1662069600000,19871.68000000,20169.41000000,19841.45000000,20084.23000000,16587.36835000,120,120,False
1662069600000,1662076800000,20085.27000000,20180.00000000,20053.81000000,20131.46000000,13995.17649000,120,120,False
1662076800000,1662084000000,20132.64000000,20137.13000000,20008.65000000,20050.84000000,12619.77999000,120,120,False
1662084000000,1662091200000,20049.83000000,20245.89000000,19957.78000000,20157.01000000,17723.77360000,120,120,False
1662091200000,1662098400000,20157.01000000,20298.00000000,20080.40000000,20125.29000000,15612.01751000,120,120,False
1662098400000,1662105600000,20125.29000000,20134.95000000,20037.14000000,20111.24000000,14017.81286000,120,120,False
1662105600000,1662112800000,20111.24000000,20167.46000000,20066.42000000,20134.05000000,13554.36040000,120,120,False
1662112800000,1662120000000,20134.05000000,20179.19000000,19991.00000000,20090.81000000,15864.53725000,120,120,False
1662120000000,1662127200000,20090.81000000,20402.24000000,20020.06000000,20266.12000000,43941.30483000,120,120,False
1662127200000,1662134400000,20266.11000000,20441.26000000,20200.00000000,20355.85000000,25019.62484000,120,120,False
1662134400000,1662141600000,20355.85000000,20387.30000000,19761.03000000,19802.27000000,33795.59949000,120,120,False
1662141600000,1662148800000,19802.19000000,20078.90000000,19755.29000000,19910.43000000,30560.96363000,120,120,False
1662148800000,1662156000000,19909.23000000,20026.66000000,19858.40000000,19977.31000000,10037.87323000,120,120,False
1662156000000,1662163200000,19976.09000000,20019.93000000,19876.87000000,19951.86000000,13238.95567000,120,120,False
1662163200000,1662170400000,19950.98000000,20055.93000000,19917.00000000,19954.41000000,13267.34904000,120,120,False
1662170400000,1662177600000,19953.95000000,19966.87000000,19866.77000000,19899.69000000,12720.55091000,120,120,False
1662177600000,1662184800000,19899.69000000,19968.11000000,19884.37000000,19944.32000000,9863.06165000,120,120,False
1662184800000,1662192000000,19943.93000000,19949.99000000,19754.77000000,19815.63000000,13538.64517000,120,120,False
1662192000000,1662199200000,19815.63000000,19854.12000000,19726.10000000,19796.83000000,15194.03228000,120,120,False
1662199200000,1662206400000,19795.94000000,19868.86000000,19768.23000000,19798.76000000,11974.84272000,120,120,False
1662206400000,1662213600000,19798.73000000,19904.68000000,19787.56000000,19863.84000000,11835.87103000,120,120,False
1662213600000,1662220800000,19863.16000000,19867.13000000,19748.88000000,19772.95000000,12757.12946000,120,120,False
1662220800000,1662228000000,19772.95000000,19835.00000000,19753.24000000,19816.00000000,12040.70735000,120,120,False
1662228000000,1662235200000,19816.00000000,19829.95000000,19652.72000000,19710.00000000,15398.35342000,120,120,False
1662235200000,1662242400000,19710.00000000,19777.00000000,19677.29000000,19750.76000000,8910.50524000,120,120,False
1662242400000,1662249600000,19750.06000000,19850.00000000,19749.79000000,19831.90000000,9137.98377000,120,120,False
1662249600000,1662256800000,19832.45000000,19861.94000000,19773.16000000,19778.92000000,8630.93397000,120,120,False
1662256800000,1662264000000,19779.74000000,19814.62000000,19740.07000000,19772.79000000,7674.85407000,120,120,False
1662264000000,1662271200000,19772.81000000,19812.19000000,19755.00000000,19768.97000000,7116.50020000,120,120,False
1662271200000,1662278400000,19768.94000000,19787.25000000,19615.00000000,19632.40000000,12334.77493000,120,120,False
1662278400000,1662285600000,19630.95000000,19832.48000000,19583.10000000,19777.12000000,16662.48909000,120,120,False
1662285600000,1662292800000,19777.13000000,19852.92000000,19707.15000000,19850.79000000,11270.80914000,120,120,False
1662292800000,1662300000000,19849.89000000,19940.00000000,19685.15000000,19712.64000000,17719.31293000,120,120,False
1662300000000,1662307200000,19713.60000000,19793.32000000,19650.00000000,19789.90000000,12844.27282000,120,120,False
1662307200000,1662314400000,19790.84000000,19956.54000000,19722.00000000,19838.47000000,15775.98018000,120,120,False
1662314400000,1662321600000,19838.47000000,19922.01000000,19800.00000000,19882.69000000,10055.58155000,120,120,False
1662321600000,1662328800000,19883.18000000,19933.34000000,19830.00000000,19860.66000000,7600.85387000,120,120,False
1662328800000,1662336000000,19860.66000000,20029.23000000,19815.00000000,20000.30000000,17902.41618000,120,120,False
1662336000000,1662343200000,20000.30000000,20057.27000000,19815.00000000,19839.57000000,20069.28525000,120,120,False
1662343200000,1662350400000,19839.57000000,19906.38000000,19809.56000000,19884.91000000,15532.96902000,120,120,False
1662350400000,1662357600000,19884.88000000,19913.09000000,19681.22000000,19726.04000000,20677.85914000,120,120,False
1662357600000,1662364800000,19726.04000000,19802.00000000,19703.98000000,19750.00000000,17386.28093000,120,120,False
1662364800000,1662372000000,19750.51000000,19805.47000000,19721.78000000,19768.59000000,14902.62469000,120,120,False
1662372000000,1662379200000,19768.59000000,19787.68000000,19633.83000000,19701.95000000,20385.30250000,120,120,False
1662379200000,1662386400000,19701.95000000,19795.88000000,19667.02000000,19744.01000000,19401.70426000,120,120,False
1662386400000,1662393600000,19743.22000000,19950.70000000,19725.65000000,19854.59000000,25805.19115000,120,120,False
1662393600000,1662400800000,19854.59000000,19912.40000000,19790.78000000,19826.49000000,18179.55661000,120,120,False
1662400800000,1662408000000,19826.49000000,19846.65000000,19670.14000000,19708.64000000,19597.67365000,120,120,False
1662408000000,1662415200000,19708.64000000,19800.00000000,19697.10000000,19750.01000000,12441.39749000,120,120,False
1662415200000,1662422400000,19750.01000000,19870.80000000,19723.70000000,19796.84000000,18163.16588000,120,120,False
1662422400000,1662429600000,19795.34000000,20180.00000000,19755.05000000,19771.81000000,38541.24135000,120,120,False
1662429600000,1662436800000,19771.81000000,19828.78000000,19673.44000000,19790.01000000,30205.59211000,120,120,False
1662436800000,1662444000000,19790.01000000,19855.49000000,19730.74000000,19780.90000000,21264.89537000,120,120,False
1662444000000,1662451200000,19782.10000000,19948.14000000,19763.54000000,19905.79000000,23348.24833000,120,120,False
1662451200000,1662458400000,19906.88000000,20030.82000000,19861.40000000,19915.05000000,24287.60784000,120,120,False
1662458400000,1662465600000,19915.05000000,20003.64000000,19860.66000000,19918.33000000,20199.98921000,120,120,False
1662465600000,1662472800000,19918.33000000,19993.67000000,19710.00000000,19781.57000000,31261.69413000,120,120,False
1662472800000,1662480000000,19780.65000000,19888.26000000,19663.70000000,19818.37000000,36330.16860000,120,120,False
1662480000000,1662487200000,19818.37000000,19855.00000000,18900.00000000,19102.32000000,50658.92893000,120,120,False
1662487200000,1662494400000,19102.30000000,19135.48000000,18733.97000000,18824.41000000,37188.29652000,120,120,False
1662494400000,1662501600000,18823.48000000,19120.00000000,18649.51000000,18978.60000000,24710.39883000,120,120,False
1662501600000,1662508800000,18978.60000000,19000.00000000,18782.13000000,18790.61000000,18317.99596000,120,120,False
1662508800000,1662516000000,18790.61000000,18873.17000000,18656.19000000,18787.65000000,26583.84411000,120,120,False
1662516000000,1662523200000,18787.65000000,18828.53000000,18510.77000000,18745.85000000,26628.59011000,120,120,False
1662523200000,1662530400000,18745.01000000,18799.68000000,18671.22000000,18759.07000000,18566.69385000,120,120,False
1662530400000,1662537600000,18759.31000000,18843.68000000,18722.98000000,18800.43000000,19291.32893000,120,120,False
1662537600000,1662544800000,18799.61000000,18859.98000000,18764.04000000,18788.19000000,16547.24117000,120,120,False
1662544800000,1662552000000,18788.19000000,18804.35000000,18691.22000000,18739.59000000,18075.05990000,120,120,False
1662552000000,1662559200000,18739.78000000,18931.80000000,18674.33000000,18840.36000000,29598.50667000,120,120,False
1662559200000,1662566400000,18840.93000000,18968.58000000,18814.22000000,18871.35000000,26074.55972000,120,120,False
1662566400000,1662573600000,18870.60000000,19031.88000000,18850.42000000,18998.95000000,25289.46498000,120,120,False
1662573600000,1662580800000,18998.95000000,19200.00000000,18960.00000000,18992.38000000,30615.34096000,120,120,False
1662580800000,1662588000000,18992.37000000,19464.06000000,18987.89000000,19364.28000000,32455.68854000,120,120,False
1662588000000,1662595200000,19364.28000000,19427.00000000,19246.24000000,19292.84000000,17668.45986000,120,120,False
1662595200000,1662602400000,19292.85000000,19384.81000000,19151.48000000,19183.59000000,18059.47695000,120,120,False
1662602400000,1662609600000,19183.18000000,19260.00000000,19182.35000000,19218.40000000,13839.62086000,120,120,False
1662609600000,1662616800000,19218.40000000,19391.22000000,19211.16000000,19302.79000000,17188.27643000,120,120,False
1662616800000,1662624000000,19302.60000000,19351.64000000,19056.00000000,19171.66000000,26418.48488000,120,120,False
1662624000000,1662631200000,19171.60000000,19240.38000000,19142.29000000,19185.04000000,18090.51531000,120,120,False
1662631200000,1662638400000,19185.77000000,19397.71000000,19172.63000000,19311.15000000,20354.87368000,120,120,False
1662638400000,1662645600000,19311.60000000,19378.19000000,19012.00000000,19227.67000000,40907.99339000,120,120,False
1662645600000,1662652800000,19227.67000000,19349.46000000,19093.60000000,19250.81000000,32471.53421000,120,120,False
1662652800000,1662660000000,19250.81000000,19263.16000000,19093.13000000,19199.28000000,26982.93916000,120,120,False
1662660000000,1662667200000,19198.57000000,19354.04000000,19168.00000000,19352.38000000,19685.07531000,120,120,False
1662667200000,1662674400000,19352.38000000,19458.25000000,19283.57000000,19331.89000000,14972.29610000,120,120,False
1662674400000,1662681600000,19331.89000000,19342.29000000,19251.90000000,19319.77000000,13842.19645000,120,120,False
1662681600000,1662688800000,19320.54000000,19399.81000000,19291.75000000,19334.01000000,15652.99551000,120,120,False
1662688800000,1662696000000,19334.86000000,19956.12000000,19331.53000000,19950.73000000,29794.37804000,120,120,False
1662696000000,1662703200000,19949.59000000,20688.00000000,19928.47000000,20534.00000000,50309.53789000,120,120,False
1662703200000,1662710400000,20533.97000000,20800.00000000,20470.78000000,20631.76000000,34374.62492000,120,120,False
1662710400000,1662717600000,20631.76000000,20976.20000000,20625.26000000,20747.46000000,33742.10255000,120,120,False
1662717600000,1662724800000,20747.46000000,21200.00000000,20715.00000000,20937.72000000,44224.34296000,120,120,False
1662724800000,1662732000000,20937.72000000,21261.22000000,20912.37000000,21004.97000000,44870.24469000,120,120,False
1662732000000,1662739200000,21003.75000000,21337.72000000,20964.42000000,21266.79000000,45006.30491000,120,120,False
1662739200000,1662746400000,21266.76000000,21437.90000000,21143.53000000,21246.72000000,47930.92702000,120,120,False
1662746400000,1662753600000,21245.55000000,21314.02000000,21129.00000000,21291.62000000,31676.82831000,120,120,False
1662753600000,1662760800000,21291.62000000,21340.00000000,21186.07000000,21250.38000000,16047.09539000,120,120,False
1662760800000,1662768000000,21250.38000000,21597.22000000,21225.20000000,21360.11000000,35290.36433000,120,120,False
1662768000000,1662775200000,21361.62000000,21391.65000000,21163.25000000,21289.63000000,28447.52351000,120,120,False
1662775200000,1662782400000,21289.63000000,21376.49000000,21195.08000000,21303.07000000,17798.22717000,120,120,False
1662782400000,1662789600000,21301.88000000,21672.24000000,21292.30000000,21543.98000000,32083.07349000,120,120,False
1662789600000,1662796800000,21544.66000000,21585.00000000,21251.59000000,21283.87000000,27319.32647000,120,120,False
1662796800000,1662804000000,21283.89000000,21393.99000000,21278.54000000,21321.97000000,21681.53262000,120,120,False
1662804000000,1662811200000,21322.50000000,21386.94000000,21253.50000000,21285.11000000,20929.73184000,120,120,False
1662811200000,1662818400000,21285.11000000,21363.01000000,21132.00000000,21174.38000000,28737.29907000,120,120,False
1662818400000,1662825600000,21172.82000000,21296.10000000,21111.13000000,21219.36000000,23882.28870000,120,120,False
1662825600000,1662832800000,21220.18000000,21446.97000000,21171.44000000,21287.12000000,27226.89068000,120,120,False
1662832800000,1662840000000,21287.84000000,21646.00000000,21281.10000000,21579.10000000,26912.61280000,120,120,False
1662840000000,1662847200000,21579.10000000,21796.18000000,21361.64000000,21606.07000000,23562.27459000,120,120,False
1662847200000,1662854400000,21606.07000000,21810.80000000,21580.00000000,21648.34000000,29416.55410000,120,120,False
1662854400000,1662861600000,21647.21000000,21682.60000000,21530.11000000,21610.85000000,20498.79458000,120,120,False
1662861600000,1662868800000,21610.15000000,21625.64000000,21450.01000000,21542.42000000,17356.99023000,120,120,False
1662868800000,1662876000000,21542.42000000,21643.61000000,21524.20000000,21590.30000000,17225.40031000,120,120,False
1662876000000,1662883200000,21590.30000000,21634.40000000,21350.00000000,21611.49000000,25995.53688000,120,120,False
1662883200000,1662890400000,21610.82000000,21726.60000000,21557.38000000,21604.00000000,22563.53571000,120,120,False
1662890400000,1662897600000,21604.14000000,21698.36000000,21571.43000000,21613.03000000,20153.53055000,120,120,False
1662897600000,1662904800000,21613.03000000,21653.15000000,21500.00000000,21542.93000000,25089.87781000,120,120,False
1662904800000,1662912000000,21542.93000000,21753.75000000,21455.00000000,21643.16000000,28379.64002000,120,120,False
1662912000000,1662919200000,21642.07000000,21860.00000000,21591.79000000,21628.35000000,28385.28917000,120,120,False
1662919200000,1662926400000,21628.35000000,21682.52000000,21530.00000000,21617.99000000,21410.00267000,120,120,False
1662926400000,1662933600000,21617.99000000,21736.49000000,21456.67000000,21511.51000000,26680.85099000,120,120,False
1662933600000,1662940800000,21511.51000000,21850.00000000,21509.97000000,21826.87000000,26963.10257000,120,120,False
1662940800000,1662948000000,21826.87000000,22374.00000000,21569.10000000,22044.29000000,40798.76502000,120,120,False
1662948000000,1662955200000,22044.75000000,22101.47000000,21538.51000000,21656.87000000,44889.61926000,120,120,False
1662955200000,1662962400000,21656.43000000,21793.13000000,21627.34000000,21785.59000000,24584.95288000,120,120,False
1662962400000,1662969600000,21785.59000000,22232.09000000,21699.20000000,22193.64000000,39321.01462000,120,120,False
1662969600000,1662976800000,22195.78000000,22328.90000000,22111.52000000,22167.34000000,38918.15256000,120,120,False
1662976800000,1662984000000,22167.34000000,22472.68000000,21970.43000000,22312.75000000,38613.20174000,120,120,False
1662984000000,1662991200000,22313.57000000,22467.35000000,22202.21000000,22394.96000000,35910.49579000,120,120,False
1662991200000,1662998400000,22394.96000000,22488.00000000,22000.00000000,22114.50000000,34864.68508000,120,120,False
1662998400000,1663005600000,22112.59000000,22385.70000000,22010.96000000,22355.80000000,30787.11030000,120,120,False
1663005600000,1663012800000,22355.80000000,22454.00000000,22270.00000000,22426.08000000,26565.79272000,120,120,False
1663012800000,1663020000000,22428.25000000,22480.71000000,22252.37000000,22337.28000000,19493.02982000,120,120,False
1663020000000,1663027200000,22337.28000000,22405.29000000,22259.44000000,22395.74000000,20648.79849000,120,120,False
1663027200000,1663034400000,22395.44000000,22445.86000000,22106.66000000,22237.35000000,29156.63759000,120,120,False
1663034400000,1663041600000,22236.79000000,22284.80000000,22054.07000000,22231.58000000,25311.02703000,120,120,False
1663041600000,1663048800000,22232.72000000,22434.77000000,22178.57000000,22385.33000000,23933.20073000,120,120,False
1663048800000,1663056000000,22384.52000000,22627.00000000,22247.51000000,22273.09000000,38790.17100000,120,120,False
1663056000000,1663063200000,22271.59000000,22433.92000000,22182.09000000,22381.47000000,30046.22757000,120,120,False
1663063200000,1663070400000,22382.38000000,22713.92000000,22347.82000000,22522.74000000,35336.67840000,120,120,False
1663070400000,1663077600000,22522.74000000,22799.00000000,21171.22000000,21193.61000000,75199.69249000,120,120,False
1663077600000,1663084800000,21196.25000000,21263.27000000,20751.00000000,20829.77000000,52053.81440000,120,120,False
1663084800000,1663092000000,20829.77000000,20927.73000000,20678.07000000,20764.12000000,36119.08951000,120,120,False
1663092000000,1663099200000,20763.31000000,20790.41000000,20030.00000000,20283.58000000,40680.81709000,120,120,False
1663099200000,1663106400000,20284.89000000,20421.15000000,19860.00000000,20131.58000000,24217.91501000,120,120,False
1663106400000,1663113600000,20131.58000000,20265.00000000,20068.85000000,20173.57000000,21069.76251000,120,120,False
1663113600000,1663120800000,20173.62000000,20318.51000000,20042.15000000,20301.29000000,26013.00433000,120,120,False
1663120800000,1663128000000,20301.29000000,20541.48000000,20287.65000000,20323.04000000,26352.02152000,120,120,False
1663128000000,1663135200000,20323.04000000,20405.77000000,20282.09000000,20315.56000000,18094.45767000,120,120,False
1663135200000,1663142400000,20314.81000000,20329.68000000,20130.98000000,20243.89000000,24666.97565000,120,120,False
1663142400000,1663149600000,20243.22000000,20419.83000000,20190.24000000,20347.79000000,26782.90822000,120,120,False
1663149600000,1663156800000,20347.79000000,20388.15000000,20091.19000000,20225.35000000,24762.74931000,120,120,False
1663156800000,1663164000000,20224.74000000,20389.99000000,20070.00000000,20310.64000000,44752.24414000,120,120,False
1663164000000,1663171200000,20310.64000000,20332.09000000,20104.02000000,20178.79000000,37418.20733000,120,120,False
1663171200000,1663178400000,20178.16000000,20238.71000000,20093.23000000,20105.17000000,27516.62883000,120,120,False
1663178400000,1663185600000,20104.16000000,20132.93000000,19617.62000000,19952.11000000,43913.27261000,120,120,False
1663185600000,1663192800000,19951.83000000,20229.15000000,19851.21000000,20201.81000000,18615.72414000,120,120,False
1663192800000,1663200000000,20202.83000000,20393.37000000,20133.46000000,20226.71000000,21938.20776000,120,120,False
1663200000000,1663207200000,20227.17000000,20270.61000000,19955.50000000,20194.61000000,24657.20378000,120,120,False
1663207200000,1663214400000,20194.61000000,20197.23000000,19920.00000000,20023.59000000,24437.05614000,120,120,False
1663214400000,1663221600000,20023.59000000,20195.00000000,19955.43000000,20145.89000000,23552.08583000,120,120,False
1663221600000,1663228800000,20145.82000000,20330.24000000,19980.00000000,20204.23000000,44650.01434000,120,120,False
1663228800000,1663236000000,20204.23000000,20225.00000000,20025.00000000,20132.40000000,27166.90101000,120,120,False
1663236000000,1663243200000,20133.01000000,20209.97000000,20085.97000000,20148.35000000,20773.84135000,120,120,False
1663243200000,1663250400000,20149.59000000,20194.12000000,19985.30000000,20119.47000000,29927.37451000,120,120,False
1663250400000,1663257600000,20119.47000000,20175.40000000,19497.00000000,19737.36000000,51525.63387000,120,120,False
1663257600000,1663264800000,19737.36000000,19947.56000000,19644.10000000,19829.86000000,28390.30215000,120,120,False
1663264800000,1663272000000,19829.86000000,19880.00000000,19670.00000000,19782.36000000,22233.60645000,120,120,False
1663272000000,1663279200000,19780.71000000,19894.99000000,19755.80000000,19828.85000000,12473.56299000,120,120,False
1663279200000,1663286400000,19829.55000000,19830.68000000,19578.00000000,19701.88000000,23282.17834000,120,120,False
1663286400000,1663293600000,19701.88000000,19814.99000000,19582.05000000,19729.12000000,23092.96456000,120,120,False
1663293600000,1663300800000,19730.10000000,19779.99000000,19675.79000000,19744.77000000,16601.49357000,120,120,False
1663300800000,1663308000000,19744.77000000,19859.99000000,19740.18000000,19752.75000000,16599.85490000,120,120,False
1663308000000,1663315200000,19752.75000000,19806.89000000,19728.00000000,19739.10000000,16204.18238000,120,120,False
1663315200000,1663322400000,19739.10000000,19790.99000000,19610.13000000,19757.54000000,22980.61922000,120,120,False
1663322400000,1663329600000,19757.54000000,19890.00000000,19740.30000000,19867.82000000,19879.44814000,120,120,False
1663329600000,1663336800000,19868.75000000,19875.61000000,19442.76000000,19526.78000000,31177.07182000,120,120,False
1663336800000,1663344000000,19527.24000000,19800.00000000,19497.64000000,19661.24000000,38445.17262000,120,120,False
1663344000000,1663351200000,19661.24000000,19661.89000000,19320.01000000,19441.99000000,38044.96752000,120,120,False
1663351200000,1663358400000,19441.00000000,19650.00000000,19378.68000000,19618.91000000,31946.79466000,120,120,False
1663358400000,1663365600000,19617.34000000,19819.22000000,19612.42000000,19746.03000000,14266.13530000,120,120,False
1663365600000,1663372800000,19746.03000000,19808.20000000,19693.05000000,19803.30000000,14552.36595000,120,120,False
1663372800000,1663380000000,19803.30000000,20071.09000000,19770.00000000,20000.39000000,21745.03960000,120,120,False
1663380000000,1663387200000,20001.05000000,20016.16000000,19866.29000000,19884.93000000,12439.04745000,120,120,False
1663387200000,1663394400000,19884.50000000,19988.89000000,19819.00000000,19860.26000000,13822.76424000,120,120,False
1663394400000,1663401600000,19860.26000000,19879.00000000,19785.49000000,19842.09000000,12731.08872000,120,120,False
1663401600000,1663408800000,19842.22000000,19916.61000000,19841.64000000,19876.42000000,12576.11752000,120,120,False
1663408800000,1663416000000,19875.59000000,19902.86000000,19806.64000000,19810.22000000,14813.48656000,120,120,False
1663416000000,1663423200000,19810.22000000,19907.99000000,19748.08000000,19899.30000000,15153.12457000,120,120,False
1663423200000,1663430400000,19899.30000000,20037.99000000,19872.33000000,19963.34000000,16294.03485000,120,120,False
1663430400000,1663437600000,19963.34000000,20189.00000000,19935.08000000,20079.74000000,24351.44255000,120,120,False
1663437600000,1663444800000,20080.78000000,20101.94000000,19979.43000000,20009.21000000,12300.60419000,120,120,False
1663444800000,1663452000000,20009.27000000,20092.64000000,19940.00000000,20034.83000000,9904.28118000,120,120,False
1663452000000,1663459200000,20034.83000000,20145.76000000,20022.20000000,20113.62000000,13219.21195000,120,120,False
1663459200000,1663466400000,20112.61000000,20117.26000000,19949.95000000,19996.25000000,16961.57700000,120,120,False
1663466400000,1663473600000,19997.30000000,20047.31000000,19951.00000000,20000.33000000,11682.56345000,120,120,False
1663473600000,1663480800000,20000.33000000,20085.14000000,19953.58000000,20071.80000000,10509.72341000,120,120,False
1663480800000,1663488000000,20071.80000000,20098.00000000,20029.88000000,20053.17000000,12309.67736000,120,120,False
1663488000000,1663495200000,20052.57000000,20102.16000000,19800.00000000,19833.34000000,18803.40146000,120,120,False
1663495200000,1663502400000,19833.95000000,20043.61000000,19765.01000000,19922.92000000,25002.12619000,120,120,False
1663502400000,1663509600000,19922.29000000,20029.81000000,19850.91000000,19963.04000000,19341.74703000,120,120,False
1663509600000,1663516800000,19963.66000000,19967.08000000,19725.00000000,19814.63000000,26544.98162000,120,120,False
1663516800000,1663524000000,19814.63000000,19879.44000000,19607.26000000,19632.42000000,33876.29138000,120,120,False
1663524000000,1663531200000,19632.33000000,19745.43000000,19562.45000000,19725.87000000,24939.86299000,120,120,False
1663531200000,1663538400000,19725.58000000,19753.95000000,19401.09000000,19463.67000000,28254.85975000,120,120,False
1663538400000,1663545600000,19463.67000000,19531.71000000,19335.62000000,19416.18000000,25990.65740000,120,120,False
1663545600000,1663552800000,19417.45000000,19518.17000000,19389.72000000,19447.69000000,17495.10953000,120,120,False
1663552800000,1663560000000,19447.92000000,19479.21000000,18670.00000000,18776.93000000,40278.67224000,120,120,False
1663560000000,1663567200000,18775.89000000,18879.08000000,18386.00000000,18459.71000000,27661.67306000,120,120,False
1663567200000,1663574400000,18459.10000000,18579.63000000,18232.56000000,18468.74000000,40868.06706000,120,120,False
1663574400000,1663581600000,18468.74000000,18524.06000000,18367.88000000,18463.09000000,27541.87511000,120,120,False
1663581600000,1663588800000,18462.12000000,18800.00000000,18438.05000000,18684.87000000,38303.98716000,120,120,False
1663588800000,1663596000000,18685.77000000,19180.00000000,18676.47000000,19107.19000000,36751.72978000,120,120,False
1663596000000,1663603200000,19107.19000000,19433.48000000,19017.56000000,19080.49000000,47377.27646000,120,120,False
1663603200000,1663610400000,19081.24000000,19231.27000000,18926.83000000,18964.59000000,24719.90936000,120,120,False
1663610400000,1663617600000,18963.78000000,19560.35000000,18877.00000000,19514.80000000,35878.27985000,120,120,False
1663617600000,1663624800000,19514.80000000,19686.20000000,19413.53000000,19518.49000000,23567.23389000,120,120,False
1663624800000,1663632000000,19516.67000000,19680.00000000,19459.54000000,19537.02000000,20068.58956000,120,120,False
1663632000000,1663639200000,19537.02000000,19634.62000000,19373.73000000,19465.42000000,24787.98858000,120,120,False
1663639200000,1663646400000,19464.28000000,19487.85000000,19174.74000000,19364.19000000,21045.16373000,120,120,False
1663646400000,1663653600000,19364.19000000,19433.37000000,19265.55000000,19372.87000000,15666.32940000,120,120,False
1663653600000,1663660800000,19372.30000000,19589.00000000,19233.38000000,19357.93000000,24304.50913000,120,120,False
1663660800000,1663668000000,19358.87000000,19424.29000000,19150.00000000,19229.99000000,24934.15436000,120,120,False
1663668000000,1663675200000,19230.75000000,19344.99000000,19174.76000000,19219.49000000,22507.57789000,120,120,False
1663675200000,1663682400000,19219.49000000,19230.38000000,18777.00000000,18921.37000000,38666.99142000,120,120,False
1663682400000,1663689600000,18922.57000000,19269.17000000,18870.07000000,19238.10000000,39740.71082000,120,120,False
1663689600000,1663696800000,19238.09000000,19319.28000000,18711.87000000,18766.83000000,40077.64516000,120,120,False
1663696800000,1663704000000,18767.91000000,19103.00000000,18753.17000000,18993.33000000,35071.83755000,120,120,False
1663704000000,1663711200000,18993.33000000,19093.45000000,18875.80000000,18875.80000000,17644.73092000,120,120,False
1663711200000,1663718400000,18876.47000000,18968.96000000,18785.01000000,18875.00000000,19650.68964000,120,120,False
1663718400000,1663725600000,18874.31000000,18966.94000000,18829.30000000,18886.04000000,18031.19718000,120,120,False
1663725600000,1663732800000,18886.92000000,19060.26000000,18880.42000000,19021.17000000,13735.82551000,120,120,False
1663732800000,1663740000000,19022.24000000,19135.57000000,18901.00000000,18923.10000000,14958.49940000,120,120,False
1663740000000,1663747200000,18923.10000000,18992.92000000,18791.20000000,18947.82000000,24668.94764000,120,120,False
1663747200000,1663754400000,18946.80000000,19029.72000000,18823.53000000,18997.66000000,18781.61847000,120,120,False
1663754400000,1663761600000,18998.34000000,19205.93000000,18944.11000000,19165.93000000,25228.05154000,120,120,False
1663761600000,1663768800000,19165.18000000,19339.41000000,19114.46000000,19271.55000000,31560.33220000,120,120,False
1663768800000,1663776000000,19272.74000000,19477.77000000,19084.17000000,19191.17000000,36720.23531000,120,120,False
1663776000000,1663783200000,19191.81000000,19897.00000000,19169.37000000,19867.93000000,33502.57231000,120,120,False
1663783200000,1663790400000,19867.91000000,19956.00000000,18666.00000000,19001.03000000,96158.21747000,120,120,False
1663790400000,1663797600000,19002.76000000,19072.72000000,18325.00000000,18466.87000000,38087.37145000,120,120,False
1663797600000,1663804800000,18466.87000000,18593.30000000,18125.98000000,18461.36000000,33601.23173000,120,120,False
1663804800000,1663812000000,18461.36000000,18548.55000000,18356.39000000,18513.44000000,29862.93581000,120,120,False
1663812000000,1663819200000,18513.44000000,18789.04000000,18480.42000000,18690.39000000,29441.37152000,120,120,False
1663819200000,1663826400000,18690.39000000,18808.34000000,18617.41000000,18669.21000000,23451.67214000,120,120,False
1663826400000,1663833600000,18669.13000000,18969.87000000,18661.07000000,18934.29000000,31083.39276000,120,120,False
1663833600000,1663840800000,18934.29000000,19285.12000000,18906.10000000,19179.81000000,35046.81554000,120,120,False
1663840800000,1663848000000,19179.81000000,19272.06000000,19030.39000000,19229.81000000,30936.15989000,120,120,False
1663848000000,1663855200000,19229.81000000,19317.66000000,18889.34000000,18903.67000000,39950.58481000,120,120,False
1663855200000,1663862400000,18902.81000000,19073.50000000,18794.06000000,18986.89000000,39924.85283000,120,120,False
1663862400000,1663869600000,18985.96000000,19118.00000000,18780.01000000,19068.84000000,32588.13677000,120,120,False
1663869600000,1663876800000,19069.37000000,19499.00000000,18969.17000000,19311.19000000,40182.22177000,120,120,False
1663876800000,1663884000000,19309.43000000,19360.33000000,19150.00000000,19175.20000000,19855.16907000,120,120,False
1663884000000,1663891200000,19175.20000000,19550.17000000,19170.19000000,19401.63000000,26998.40820000,120,120,False
1663891200000,1663898400000,19401.63000000,19467.00000000,19225.73000000,19355.30000000,24596.75896000,120,120,False
1663898400000,1663905600000,19354.98000000,19449.74000000,19232.00000000,19394.62000000,22369.04526000,120,120,False
1663905600000,1663912800000,19393.14000000,19500.00000000,19314.65000000,19357.39000000,21861.55432000,120,120,False
1663912800000,1663920000000,19357.39000000,19417.99000000,19200.00000000,19223.27000000,23014.06877000,120,120,False
1663920000000,1663927200000,19223.27000000,19273.52000000,18964.66000000,19083.78000000,32798.10274000,120,120,False
1663927200000,1663934400000,19083.78000000,19121.15000000,18835.00000000,18862.72000000,34183.32893000,120,120,False
1663934400000,1663941600000,18862.72000000,19077.02000000,18624.05000000,18641.04000000,36873.41217000,120,120,False
1663941600000,1663948800000,18640.69000000,18855.00000000,18531.42000000,18711.86000000,49461.13237000,120,120,False
1663948800000,1663956000000,18712.08000000,18852.28000000,18572.55000000,18770.00000000,42225.22991000,120,120,False
1663956000000,1663963200000,18770.00000000,18834.42000000,18620.28000000,18807.57000000,42180.21121000,120,120,False
1663963200000,1663970400000,18807.57000000,19044.02000000,18803.00000000,19010.43000000,22545.54773000,120,120,False
1663970400000,1663977600000,19010.43000000,19406.73000000,18995.08000000,19289.91000000,33778.52592000,120,120,False
1663977600000,1663984800000,19288.57000000,19316.14000000,19070.61000000,19118.23000000,26928.43567000,120,120,False
1663984800000,1663992000000,19118.23000000,19195.54000000,19029.80000000,19121.92000000,20835.80712000,120,120,False
1663992000000,1663999200000,19121.92000000,19189.00000000,19083.17000000,19136.04000000,20291.11471000,120,120,False
1663999200000,1664006400000,19136.90000000,19164.25000000,18925.94000000,18997.14000000,20587.65879000,120,120,False
1664006400000,1664013600000,18996.63000000,19119.75000000,18940.23000000,19025.51000000,19703.51402000,120,120,False
1664013600000,1664020800000,19025.51000000,19097.39000000,18976.79000000,19051.63000000,16254.25668000,120,120,False
1664020800000,1664028000000,19052.24000000,19225.92000000,19051.62000000,19119.75000000,21650.46041000,120,120,False
1664028000000,1664035200000,19119.78000000,19140.17000000,19012.49000000,19124.14000000,21421.28230000,120,120,False
1664035200000,1664042400000,19124.14000000,19195.00000000,19054.20000000,19085.65000000,19280.80382000,120,120,False
1664042400000,1664049600000,19085.65000000,19136.87000000,19050.03000000,19103.30000000,14205.81052000,120,120,False
1664049600000,1664056800000,19102.68000000,19150.81000000,18845.92000000,18950.78000000,15012.56601000,120,120,False
1664056800000,1664064000000,18950.30000000,18954.11000000,18805.34000000,18920.50000000,23324.85741000,120,120,False
1664064000000,1664071200000,18921.99000000,18995.76000000,18913.43000000,18976.44000000,16286.90375000,120,120,False
1664071200000,1664078400000,18976.44000000,19062.00000000,18918.76000000,19053.67000000,15244.05446000,120,120,False
1664078400000,1664085600000,19052.83000000,19070.10000000,18937.62000000,18992.75000000,10581.69133000,120,120,False
1664085600000,1664092800000,18992.75000000,19132.21000000,18983.14000000,19098.09000000,12477.04125000,120,120,False
1664092800000,1664100000000,19098.09000000,19123.57000000,19027.80000000,19041.88000000,11530.66133000,120,120,False
1664100000000,1664107200000,19042.73000000,19180.21000000,18982.00000000,19117.94000000,14850.00200000,120,120,False
1664107200000,1664114400000,19117.95000000,19144.23000000,18867.98000000,18934.88000000,19808.01028000,120,120,False
1664114400000,1664121600000,18935.52000000,19010.06000000,18841.91000000,18988.74000000,15979.71113000,120,120,False
1664121600000,1664128800000,18988.74000000,19123.27000000,18867.51000000,19004.01000000,19529.24669000,120,120,False
1664128800000,1664136000000,19004.01000000,19013.34000000,18850.01000000,18915.49000000,12657.72925000,120,120,False
1664136000000,1664143200000,18915.49000000,18953.56000000,18716.97000000,18743.10000000,11724.29385000,120,120,False
1664143200000,1664150400000,18743.10000000,18910.00000000,18629.20000000,18807.38000000,30522.10388000,120,120,False
1664150400000,1664157600000,18809.13000000,18932.35000000,18721.02000000,18879.43000000,31372.76989000,120,120,False
1664157600000,1664164800000,18879.43000000,18948.11000000,18831.02000000,18868.39000000,28934.03010000,120,120,False
1664164800000,1664172000000,18869.07000000,18918.96000000,18735.87000000,18769.81000000,26735.54445000,120,120,False
1664172000000,1664179200000,18769.14000000,18935.00000000,18680.72000000,18911.18000000,40371.79757000,120,120,False
1664179200000,1664186400000,18911.18000000,19318.96000000,18900.01000000,19082.72000000,53418.17675000,120,120,False
1664186400000,1664193600000,19082.72000000,19187.34000000,18803.13000000,18876.62000000,42956.23075000,120,120,False
1664193600000,1664200800000,18876.62000000,19239.78000000,18817.62000000,19191.11000000,52275.08112000,120,120,False
1664200800000,1664208000000,19190.45000000,19280.00000000,18980.01000000,19113.48000000,44998.43698000,120,120,False
1664208000000,1664215200000,19113.48000000,19148.00000000,18967.59000000,19115.53000000,36648.11767000,120,120,False
1664215200000,1664222400000,19114.21000000,19269.69000000,19067.53000000,19202.77000000,38195.52998000,120,120,False
1664222400000,1664229600000,19202.16000000,19212.93000000,19070.05000000,19097.32000000,16156.23997000,120,120,False
1664229600000,1664236800000,19096.63000000,19246.33000000,19071.61000000,19227.82000000,27177.26420000,120,120,False
1664236800000,1664244000000,19226.68000000,19894.98000000,19187.63000000,19766.56000000,50335.76857000,120,120,False
1664244000000,1664251200000,19765.26000000,20300.00000000,19669.85000000,20099.04000000,52093.82496000,120,120,False
1664251200000,1664258400000,20099.04000000,20224.49000000,19958.85000000,20210.99000000,41797.77217000,120,120,False
1664258400000,1664265600000,20210.06000000,20350.00000000,20135.54000000,20183.74000000,45518.16565000,120,120,False
1664265600000,1664272800000,20183.74000000,20229.28000000,20091.30000000,20182.53000000,41717.21279000,120,120,False
1664272800000,1664280000000,20181.62000000,20338.39000000,20175.00000000,20229.26000000,41374.87081000,120,120,False
1664280000000,1664287200000,20230.35000000,20385.86000000,20094.27000000,20194.88000000,55035.70972000,120,120,False
1664287200000,1664294400000,20194.88000000,20252.90000000,19865.00000000,19887.73000000,56964.45836000,120,120,False
1664294400000,1664301600000,19887.78000000,19954.49000000,18863.01000000,18957.20000000,83502.55937000,120,120,False
1664301600000,1664308800000,18957.95000000,19180.00000000,18816.32000000,19077.59000000,60207.46787000,120,120,False
1664308800000,1664316000000,19077.59000000,19104.05000000,18929.15000000,18994.50000000,30463.36620000,120,120,False
1664316000000,1664323200000,18993.43000000,19169.39000000,18926.91000000,19079.13000000,34249.56514000,120,120,False
1664323200000,1664330400000,19078.10000000,19238.28000000,18936.49000000,19003.85000000,42496.10722000,120,120,False
1664330400000,1664337600000,19003.85000000,19016.16000000,18471.28000000,18745.65000000,47392.14470000,120,120,False
1664337600000,1664344800000,18746.20000000,18834.00000000,18655.54000000,18824.26000000,31174.59624000,120,120,False
1664344800000,1664352000000,18822.61000000,18883.04000000,18622.00000000,18781.48000000,39919.84795000,120,120,False
1664352000000,1664359200000,18782.49000000,18795.00000000,18565.00000000,18652.02000000,41121.90693000,120,120,False
1664359200000,1664366400000,18652.02000000,19155.08000000,18576.00000000,18955.43000000,59930.08229000,120,120,False
1664366400000,1664373600000,18954.96000000,19200.00000000,18940.02000000,19122.95000000,48220.26175000,120,120,False
1664373600000,1664380800000,19122.95000000,19500.00000000,19039.47000000,19487.79000000,59532.94599000,120,120,False
1664380800000,1664388000000,19487.79000000,19666.66000000,19256.07000000,19345.55000000,53854.52697000,120,120,False
1664388000000,1664395200000,19345.55000000,19659.20000000,19281.00000000,19546.72000000,46708.20098000,120,120,False
1664395200000,1664402400000,19546.72000000,19790.00000000,19491.87000000,19618.44000000,25034.49522000,120,120,False
1664402400000,1664409600000,19618.79000000,19666.48000000,19386.22000000,19412.82000000,26000.33923000,120,120,False
1664409600000,1664416800000,19412.82000000,19605.00000000,19371.52000000,19496.53000000,30727.71008000,120,120,False
1664416800000,1664424000000,19496.53000000,19539.21000000,19277.01000000,19507.50000000,37353.86245000,120,120,False
1664424000000,1664431200000,19507.50000000,19629.00000000,19412.87000000,19453.94000000,26532.89785000,120,120,False
1664431200000,1664438400000,19454.78000000,19455.18000000,19267.00000000,19359.71000000,32920.77661000,120,120,False
1664438400000,1664445600000,19360.40000000,19506.66000000,19301.27000000,19481.33000000,26993.67246000,120,120,False
1664445600000,1664452800000,19481.33000000,19550.00000000,19376.09000000,19463.04000000,24475.10338000,120,120,False
1664452800000,1664460000000,19463.04000000,19476.16000000,18917.00000000,18992.08000000,52899.39904000,120,120,False
1664460000000,1664467200000,18993.22000000,19336.00000000,18843.01000000,19288.85000000,54496.08888000,120,120,False
1664467200000,1664474400000,19288.78000000,19645.52000000,19146.86000000,19261.58000000,43337.07903000,120,120,False
1664474400000,1664481600000,19263.50000000,19487.96000000,19117.50000000,19405.37000000,36821.64283000,120,120,False
1664481600000,1664488800000,19402.63000000,19540.71000000,19379.74000000,19430.15000000,15038.30415000,120,120,False
1664488800000,1664496000000,19431.42000000,19620.00000000,19417.88000000,19591.51000000,24828.39580000,120,120,False
1664496000000,1664503200000,19590.54000000,19700.00000000,19431.25000000,19508.10000000,36836.92087000,120,120,False
1664503200000,1664510400000,19508.10000000,19510.69000000,19311.99000000,19398.12000000,27715.00912000,120,120,False
1664510400000,1664517600000,19397.72000000,19497.05000000,19387.87000000,19446.01000000,17641.20431000,120,120,False
1664517600000,1664524800000,19446.01000000,19640.00000000,19393.55000000,19571.35000000,29862.42337000,120,120,False
1664524800000,1664532000000,19570.74000000,19635.53000000,19491.11000000,19527.02000000,24926.51516000,120,120,False
1664532000000,1664539200000,19528.02000000,19562.12000000,19400.32000000,19436.29000000,30915.61631000,120,120,False
1664539200000,1664546400000,19435.79000000,19503.90000000,19155.36000000,19472.09000000,59692.47478000,120,120,False
1664546400000,1664553600000,19472.09000000,20185.00000000,19436.49000000,19756.01000000,85165.67139000,120,120,False
1664553600000,1664560800000,19756.02000000,19873.50000000,19565.52000000,19679.33000000,46138.94579000,120,120,False
1664560800000,1664568000000,19679.33000000,19838.36000000,19470.29000000,19473.52000000,34869.88008000,120,120,False
1664568000000,1664575200000,19473.52000000,19542.72000000,19284.85000000,19361.07000000,27139.95162000,120,120,False
1664575200000,1664582400000,19359.77000000,19475.40000000,19240.44000000,19422.61000000,23418.34060000,120,120,False
1664582400000,1664589600000,19422.61000000,19484.00000000,19351.02000000,19423.84000000,14963.73384000,120,120,False
1664589600000,1664596800000,19423.06000000,19438.75000000,19361.05000000,19416.05000000,11635.32744000,120,120,False
1664596800000,1664604000000,19416.05000000,19423.63000000,19270.59000000,19317.92000000,18378.95235000,120,120,False
1664604000000,1664611200000,19316.82000000,19343.03000000,19258.53000000,19309.84000000,14907.19476000,120,120,False
1664611200000,1664618400000,19309.84000000,19367.98000000,19301.11000000,19329.50000000,10942.44250000,120,120,False
1664618400000,1664625600000,19329.50000000,19365.39000000,19159.42000000,19312.04000000,17859.00533000,120,120,False
1664625600000,1664632800000,19312.04000000,19400.02000000,19240.08000000,19332.38000000,17097.29977000,120,120,False
1664632800000,1664640000000,19331.95000000,19363.72000000,19288.00000000,19330.95000000,12268.56009000,120,120,False
1664640000000,1664647200000,19332.42000000,19353.81000000,19244.29000000,19277.70000000,15507.82215000,120,120,False
1664647200000,1664654400000,19276.83000000,19328.00000000,19206.63000000,19266.15000000,13428.70855000,120,120,False
1664654400000,1664661600000,19266.15000000,19319.87000000,19200.00000000,19288.42000000,8711.84843000,120,120,False
1664661600000,1664668800000,19288.42000000,19342.63000000,19270.00000000,19310.95000000,9924.24438000,120,120,False
1664668800000,1664676000000,19312.24000000,19327.28000000,19236.00000000,19308.10000000,12657.24782000,120,120,False
1664676000000,1664683200000,19308.10000000,19345.88000000,19282.05000000,19310.83000000,10849.77088000,120,120,False
1664683200000,1664690400000,19310.36000000,19395.91000000,19293.79000000,19330.58000000,13804.30656000,120,120,False
1664690400000,1664697600000,19330.58000000,19383.61000000,19227.73000000,19285.26000000,16185.04255000,120,120,False
1664697600000,1664704800000,19284.93000000,19300.55000000,19221.61000000,19261.57000000,12613.06690000,120,120,False
1664704800000,1664712000000,19262.28000000,19269.00000000,19036.00000000,19192.43000000,26592.11706000,120,120,False
1664712000000,1664719200000,19193.05000000,19247.00000000,19127.52000000,19162.56000000,15173.07597000,120,120,False
1664719200000,1664726400000,19161.64000000,19182.89000000,19070.00000000,19143.94000000,14815.28222000,120,120,False
1664726400000,1664733600000,19143.97000000,19235.38000000,19129.97000000,19196.21000000,12991.99040000,120,120,False
1664733600000,1664740800000,19197.18000000,19341.58000000,19142.64000000,19260.63000000,15564.87791000,120,120,False
1664740800000,1664748000000,19260.63000000,19277.77000000,19103.09000000,19196.55000000,11023.21102000,120,120,False
1664748000000,1664755200000,19196.55000000,19304.06000000,18920.35000000,19056.80000000,44542.48103000,120,120,False
1664755200000,1664762400000,19057.74000000,19258.96000000,18959.68000000,19223.25000000,30548.10189000,120,120,False
1664762400000,1664769600000,19223.25000000,19241.17000000,19127.17000000,19168.29000000,20834.47371000,120,120,False
1664769600000,1664776800000,19168.35000000,19291.69000000,19059.68000000,19244.02000000,19875.64777000,120,120,False
1664776800000,1664784000000,19244.02000000,19315.00000000,19147.68000000,19197.73000000,23904.98453000,120,120,False
1664784000000,1664791200000,19197.73000000,19225.27000000,19122.67000000,19178.50000000,16236.88334000,120,120,False
1664791200000,1664798400000,19178.50000000,19255.30000000,19131.00000000,19245.41000000,19874.52963000,120,120,False
1664798400000,1664805600000,19246.81000000,19340.00000000,19134.23000000,19176.46000000,30105.47145000,120,120,False
1664805600000,1664812800000,19176.46000000,19498.00000000,19174.77000000,19335.92000000,40000.68950000,120,120,False
1664812800000,1664820000000,19336.75000000,19598.00000000,19310.00000000,19547.00000000,28670.35440000,120,120,False
1664820000000,1664827200000,19547.00000000,19650.00000000,19431.06000000,19541.38000000,30460.05484000,120,120,False
1664827200000,1664834400000,19543.31000000,19606.55000000,19508.83000000,19553.72000000,12975.20144000,120,120,False
1664834400000,1664841600000,19555.17000000,19719.10000000,19512.12000000,19629.08000000,20099.35962000,120,120,False
1664841600000,1664848800000,19629.08000000,19722.60000000,19501.11000000,19505.43000000,18116.78863000,120,120,False
1664848800000,1664856000000,19505.43000000,19632.62000000,19490.60000000,19598.27000000,15080.50993000,120,120,False
1664856000000,1664863200000,19598.27000000,19667.60000000,19554.00000000,19611.12000000,16579.75938000,120,120,False
1664863200000,1664870400000,19610.39000000,19975.43000000,19598.23000000,19968.01000000,34668.00050000,120,120,False
1664870400000,1664877600000,19967.69000000,20152.00000000,19808.00000000,19938.30000000,40751.21019000,120,120,False
1664877600000,1664884800000,19938.29000000,20050.00000000,19867.55000000,19939.00000000,23258.86550000,120,120,False
1664884800000,1664892000000,19939.00000000,20155.00000000,19905.30000000,20099.13000000,31896.37923000,120,120,False
1664892000000,1664899200000,20098.56000000,20270.00000000,20035.29000000,20099.70000000,37291.96773000,120,120,False
1664899200000,1664906400000,20099.71000000,20116.18000000,19872.02000000,20025.79000000,33836.06031000,120,120,False
1664906400000,1664913600000,20025.79000000,20272.98000000,20018.00000000,20220.09000000,28474.43476000,120,120,False
1664913600000,1664920800000,20220.09000000,20475.00000000,20139.51000000,20287.47000000,28208.85733000,120,120,False
1664920800000,1664928000000,20288.70000000,20384.85000000,20234.17000000,20337.82000000,18849.16778000,120,120,False
1664928000000,1664935200000,20337.82000000,20365.60000000,20142.95000000,20213.19000000,23282.04724000,120,120,False
1664935200000,1664942400000,20214.38000000,20250.00000000,20157.58000000,20189.83000000,12766.65095000,120,120,False
1664942400000,1664949600000,20190.66000000,20226.42000000,20074.91000000,20198.72000000,15306.59015000,120,120,False
1664949600000,1664956800000,20198.72000000,20299.99000000,20157.00000000,20226.58000000,20324.52284000,120,120,False
1664956800000,1664964000000,20227.20000000,20245.58000000,20003.38000000,20089.69000000,27025.49545000,120,120,False
1664964000000,1664971200000,20089.69000000,20152.99000000,19952.12000000,20027.43000000,22807.63101000,120,120,False
1664971200000,1664978400000,20028.74000000,20071.44000000,19812.34000000,19920.35000000,38182.02001000,120,120,False
1664978400000,1664985600000,19920.35000000,20023.90000000,19730.00000000,20001.70000000,41375.70505000,120,120,False
1664985600000,1664992800000,20001.70000000,20323.24000000,19950.05000000,20164.57000000,39137.11633000,120,120,False
1664992800000,1665000000000,20165.62000000,20350.00000000,20083.82000000,20119.47000000,33522.53500000,120,120,False
1665000000000,1665007200000,20117.31000000,20173.30000000,19975.42000000,20051.25000000,17864.87697000,120,120,False
1665007200000,1665014400000,20050.44000000,20215.17000000,20016.85000000,20158.26000000,20644.56124000,120,120,False
1665014400000,1665021600000,20158.26000000,20410.69000000,20140.38000000,20369.20000000,35196.49596000,120,120,False
1665021600000,1665028800000,20369.86000000,20445.52000000,20275.86000000,20355.69000000,25516.13527000,120,120,False
1665028800000,1665036000000,20356.08000000,20456.60000000,20250.00000000,20301.01000000,23092.27894000,120,120,False
1665036000000,1665043200000,20301.01000000,20304.90000000,20156.00000000,20218.43000000,26185.24930000,120,120,False
1665043200000,1665050400000,20218.43000000,20254.20000000,20085.53000000,20099.19000000,23577.70116000,120,120,False
1665050400000,1665057600000,20098.50000000,20257.42000000,20080.01000000,20245.22000000,20898.78165000,120,120,False
1665057600000,1665064800000,20244.46000000,20324.94000000,20039.48000000,20111.09000000,40255.68800000,120,120,False
1665064800000,1665072000000,20110.12000000,20120.00000000,19874.81000000,20010.00000000,45042.73965000,120,120,False
1665072000000,1665079200000,20010.00000000,20256.00000000,19946.76000000,20112.90000000,29483.22171000,120,120,False
1665079200000,1665086400000,20112.90000000,20118.38000000,19980.82000000,20010.62000000,22983.38842000,120,120,False
1665086400000,1665093600000,20010.62000000,20072.03000000,19887.43000000,19909.36000000,13208.85157000,120,120,False
1665093600000,1665100800000,19910.44000000,19976.17000000,19853.00000000,19960.67000000,14681.63857000,120,120,False
1665100800000,1665108000000,19960.67000000,20054.41000000,19940.90000000,19992.82000000,12474.55850000,120,120,False
1665108000000,1665115200000,19992.82000000,20054.00000000,19967.74000000,19981.88000000,9856.24582000,120,120,False
1665115200000,1665122400000,19982.86000000,20011.76000000,19905.87000000,19968.38000000,9752.69249000,120,120,False
1665122400000,1665129600000,19969.31000000,19979.28000000,19810.00000000,19928.00000000,16269.09285000,120,120,False
1665129600000,1665136800000,19928.00000000,20024.70000000,19913.63000000,19978.21000000,12455.13070000,120,120,False
1665136800000,1665144000000,19978.21000000,20018.87000000,19925.22000000,19998.90000000,11840.60804000,120,120,False
1665144000000,1665151200000,20000.15000000,20068.82000000,19474.71000000,19604.36000000,57173.52754000,120,120,False
1665151200000,1665158400000,19604.36000000,19705.58000000,19524.21000000,19577.65000000,25994.64866000,120,120,False
1665158400000,1665165600000,19577.34000000,19606.52000000,19320.00000000,19418.05000000,28554.68922000,120,120,False
1665165600000,1665172800000,19418.05000000,19485.91000000,19375.16000000,19459.32000000,17161.64743000,120,120,False
1665172800000,1665180000000,19459.32000000,19645.00000000,19440.73000000,19569.99000000,12112.21856000,120,120,False
1665180000000,1665187200000,19569.99000000,19599.32000000,19507.82000000,19530.09000000,7229.77932000,120,120,False
1665187200000,1665194400000,19530.09000000,19627.38000000,19514.30000000,19593.00000000,8069.75703000,120,120,False
1665194400000,1665201600000,19593.00000000,19602.11000000,19494.00000000,19504.78000000,8517.28244000,120,120,False
1665201600000,1665208800000,19504.78000000,19523.46000000,19415.60000000,19509.48000000,9146.25433000,120,120,False
1665208800000,1665216000000,19509.48000000,19544.00000000,19466.50000000,19499.94000000,7675.17379000,120,120,False
1665216000000,1665223200000,19500.64000000,19516.57000000,19450.00000000,19499.87000000,7086.72485000,120,120,False
1665223200000,1665230400000,19499.87000000,19548.00000000,19486.54000000,19534.21000000,8099.14062000,120,120,False
1665230400000,1665237600000,19534.21000000,19543.23000000,19469.23000000,19482.70000000,8588.63280000,120,120,False
1665237600000,1665244800000,19481.48000000,19510.00000000,19415.00000000,19487.88000000,9233.91625000,120,120,False
1665244800000,1665252000000,19487.88000000,19535.91000000,19467.65000000,19499.84000000,7238.65226000,120,120,False
1665252000000,1665259200000,19498.57000000,19513.30000000,19438.99000000,19468.03000000,6008.19353000,120,120,False
1665259200000,1665266400000,19467.49000000,19480.00000000,19237.14000000,19317.84000000,10608.91512000,120,120,False
1665266400000,1665273600000,19317.84000000,19444.47000000,19265.73000000,19417.96000000,12207.45540000,120,120,False
1665273600000,1665280800000,19416.52000000,19455.00000000,19362.11000000,19401.97000000,8482.79089000,120,120,False
1665280800000,1665288000000,19401.36000000,19414.89000000,19327.77000000,19366.58000000,7139.25989000,120,120,False
1665288000000,1665295200000,19365.35000000,19420.55000000,19316.04000000,19409.07000000,8698.18456000,120,120,False
1665295200000,1665302400000,19409.11000000,19439.87000000,19386.02000000,19407.96000000,7554.66042000,120,120,False
1665302400000,1665309600000,19407.96000000,19432.62000000,19373.49000000,19415.12000000,7706.11565000,120,120,False
1665309600000,1665316800000,19415.00000000,19558.00000000,19403.53000000,19468.35000000,11955.79776000,120,120,False
1665316800000,1665324000000,19468.35000000,19545.00000000,19462.70000000,19465.78000000,9852.89224000,120,120,False
1665324000000,1665331200000,19465.78000000,19550.00000000,19460.80000000,19535.77000000,9933.48770000,120,120,False
1665331200000,1665338400000,19535.77000000,19555.89000000,19470.99000000,19485.68000000,9054.21663000,120,120,False
1665338400000,1665345600000,19484.74000000,19538.23000000,19353.00000000,19468.96000000,13004.25174000,120,120,False
1665345600000,1665352800000,19468.73000000,19500.00000000,19422.98000000,19478.17000000,7667.14121000,120,120,False
1665352800000,1665360000000,19478.17000000,19481.26000000,19368.10000000,19439.02000000,12852.02812000,120,120,False
1665360000000,1665367200000,19439.96000000,19525.00000000,19401.00000000,19501.43000000,13522.10051000,120,120,False
1665367200000,1665374400000,19501.43000000,19502.60000000,19427.16000000,19452.99000000,9349.44985000,120,120,False
1665374400000,1665381600000,19452.97000000,19477.00000000,19384.31000000,19411.46000000,9368.65789000,120,120,False
1665381600000,1665388800000,19410.38000000,19441.39000000,19368.08000000,19412.25000000,13329.99232000,120,120,False
1665388800000,1665396000000,19412.25000000,19419.78000000,19107.00000000,19332.36000000,28620.98980000,120,120,False
1665396000000,1665403200000,19331.22000000,19376.89000000,19272.00000000,19331.62000000,13918.32302000,120,120,False
1665403200000,1665410400000,19333.02000000,19441.99000000,19295.91000000,19315.81000000,22564.38168000,120,120,False
1665410400000,1665417600000,19315.02000000,19396.54000000,19221.41000000,19269.02000000,28828.64531000,120,120,False
1665417600000,1665424800000,19269.02000000,19358.76000000,19098.21000000,19321.78000000,27315.91702000,120,120,False
1665424800000,1665432000000,19321.78000000,19332.73000000,19186.92000000,19211.59000000,20054.81220000,120,120,False
1665432000000,1665439200000,19211.59000000,19282.14000000,19210.02000000,19244.98000000,7059.33326000,120,120,False
1665439200000,1665446400000,19244.98000000,19250.96000000,19020.25000000,19131.87000000,18576.49563000,120,120,False
1665446400000,1665453600000,19131.87000000,19133.52000000,18950.01000000,19034.31000000,26177.49708000,120,120,False
1665453600000,1665460800000,19034.31000000,19094.74000000,18956.17000000,19044.74000000,12436.22854000,120,120,False
1665460800000,1665468000000,19044.19000000,19081.15000000,19014.50000000,19031.94000000,10876.08919000,120,120,False
1665468000000,1665475200000,19031.94000000,19117.89000000,19010.00000000,19084.10000000,15850.82628000,120,120,False
1665475200000,1665482400000,19082.28000000,19143.00000000,19031.23000000,19065.27000000,14035.67274000,120,120,False
1665482400000,1665489600000,19064.92000000,19158.93000000,19041.00000000,19153.68000000,12952.36613000,120,120,False
1665489600000,1665496800000,19153.68000000,19268.09000000,18970.06000000,18991.20000000,29338.51570000,120,120,False
1665496800000,1665504000000,18989.63000000,19198.87000000,18860.00000000,19147.60000000,32064.68422000,120,120,False
1665504000000,1665511200000,19147.60000000,19185.52000000,19085.00000000,19130.08000000,28436.09148000,120,120,False
1665511200000,1665518400000,19130.08000000,19136.58000000,18918.01000000,18999.25000000,34427.40877000,120,120,False
1665518400000,1665525600000,18997.66000000,19061.14000000,18986.62000000,19006.30000000,12659.15466000,120,120,False
1665525600000,1665532800000,19005.61000000,19064.99000000,18995.00000000,19060.00000000,14219.30807000,120,120,False
1665532800000,1665540000000,19060.00000000,19132.93000000,19024.65000000,19063.24000000,16622.18406000,120,120,False
1665540000000,1665547200000,19063.24000000,19090.15000000,19030.91000000,19048.73000000,10451.88683000,120,120,False
1665547200000,1665554400000,19049.09000000,19149.60000000,19041.90000000,19114.43000000,14439.67517000,120,120,False
1665554400000,1665561600000,19114.03000000,19203.14000000,19080.01000000,19112.41000000,18918.69755000,120,120,False
1665561600000,1665568800000,19111.50000000,19201.82000000,19089.51000000,19169.61000000,16040.24471000,120,120,False
1665568800000,1665576000000,19170.51000000,19187.99000000,19105.59000000,19114.62000000,13761.24162000,120,120,False
1665576000000,1665583200000,19114.62000000,19182.18000000,18965.88000000,19115.62000000,37463.11120000,120,120,False
1665583200000,1665590400000,19115.62000000,19151.19000000,19061.00000000,19137.32000000,24502.13833000,120,120,False
1665590400000,1665597600000,19137.36000000,19153.33000000,19062.19000000,19091.68000000,17055.59090000,120,120,False
1665597600000,1665604800000,19091.68000000,19179.26000000,19041.74000000,19137.18000000,26005.87133000,120,120,False
1665604800000,1665612000000,19137.29000000,19195.00000000,19131.55000000,19180.31000000,8733.32831000,120,120,False
1665612000000,1665619200000,19180.31000000,19238.31000000,19140.85000000,19155.53000000,9832.29730000,120,120,False
1665619200000,1665626400000,19155.10000000,19175.13000000,19090.01000000,19106.57000000,11881.85706000,120,120,False
1665626400000,1665633600000,19107.03000000,19116.00000000,19017.80000000,19089.16000000,16052.20924000,120,120,False
1665633600000,1665640800000,19089.16000000,19112.68000000,19037.97000000,19090.96000000,12632.48732000,120,120,False
1665640800000,1665648000000,19090.69000000,19100.48000000,18950.00000000,19005.29000000,24511.33393000,120,120,False
1665648000000,1665655200000,19005.29000000,19038.90000000,18958.87000000,18993.20000000,15448.54363000,120,120,False
1665655200000,1665662400000,18993.20000000,19004.74000000,18566.66000000,18753.20000000,43996.33222000,120,120,False
1665662400000,1665669600000,18754.09000000,19030.00000000,18190.00000000,18432.14000000,76226.97665000,120,120,False
1665669600000,1665676800000,18430.95000000,19049.99000000,18386.97000000,18958.59000000,69703.27673000,120,120,False
1665676800000,1665684000000,18958.59000000,19228.00000000,18895.08000000,19157.90000000,47397.21951000,120,120,False
1665684000000,1665691200000,19157.90000000,19513.79000000,19142.07000000,19369.94000000,45124.41645000,120,120,False
1665691200000,1665698400000,19369.94000000,19494.56000000,19328.72000000,19401.16000000,20051.12298000,120,120,False
1665698400000,1665705600000,19401.16000000,19457.00000000,19353.88000000,19375.13000000,16730.90765000,120,120,False
1665705600000,1665712800000,19375.58000000,19951.87000000,19338.07000000,19860.71000000,38216.03204000,120,120,False
1665712800000,1665720000000,19860.69000000,19899.00000000,19768.00000000,19816.85000000,30320.58680000,120,120,False
1665720000000,1665727200000,19816.85000000,19849.79000000,19720.00000000,19804.01000000,20837.50313000,120,120,False
1665727200000,1665734400000,19804.01000000,19830.00000000,19568.33000000,19642.35000000,30688.35204000,120,120,False
1665734400000,1665741600000,19642.20000000,19674.64000000,19530.00000000,19647.53000000,25864.84612000,120,120,False
1665741600000,1665748800000,19648.83000000,19748.54000000,19588.22000000,19596.25000000,26418.94213000,120,120,False
1665748800000,1665756000000,19596.25000000,19854.48000000,19556.77000000,19664.11000000,44638.89800000,120,120,False
1665756000000,1665763200000,19666.16000000,19669.88000000,19301.00000000,19358.59000000,56940.24915000,120,120,False
1665763200000,1665770400000,19358.59000000,19403.60000000,19220.73000000,19362.83000000,27388.62855000,120,120,False
1665770400000,1665777600000,19362.83000000,19363.27000000,19106.16000000,19168.18000000,27958.83902000,120,120,False
1665777600000,1665784800000,19168.18000000,19217.64000000,19070.37000000,19107.94000000,12132.09779000,120,120,False
1665784800000,1665792000000,19107.94000000,19197.38000000,19086.99000000,19176.93000000,10229.35124000,120,120,False
1665792000000,1665799200000,19176.93000000,19227.68000000,19171.76000000,19173.58000000,9201.50906000,120,120,False
1665799200000,1665806400000,19173.58000000,19217.80000000,19133.24000000,19200.99000000,8695.02865000,120,120,False
1665806400000,1665813600000,19200.99000000,19211.98000000,19153.00000000,19175.92000000,7599.24901000,120,120,False
1665813600000,1665820800000,19175.92000000,19187.20000000,19133.16000000,19169.79000000,8598.47853000,120,120,False
1665820800000,1665828000000,19170.43000000,19176.27000000,19037.39000000,19107.75000000,16472.84953000,120,120,False
1665828000000,1665835200000,19108.28000000,19179.63000000,19093.80000000,19167.33000000,8986.45467000,120,120,False
1665835200000,1665842400000,19167.33000000,19199.00000000,19094.01000000,19168.68000000,11136.45298000,120,120,False
1665842400000,1665849600000,19168.09000000,19184.99000000,19117.08000000,19127.95000000,7674.25561000,120,120,False
1665849600000,1665856800000,19127.95000000,19163.39000000,19095.84000000,19108.47000000,7753.31314000,120,120,False
1665856800000,1665864000000,19108.47000000,19139.22000000,19052.00000000,19102.17000000,7827.31526000,120,120,False
1665864000000,1665871200000,19102.65000000,19110.74000000,19049.00000000,19068.59000000,6078.61354000,120,120,False
1665871200000,1665878400000,19067.90000000,19131.00000000,18975.18000000,19069.39000000,13824.12234000,120,120,False
1665878400000,1665885600000,19068.40000000,19170.82000000,19063.74000000,19142.51000000,9378.93418000,120,120,False
1665885600000,1665892800000,19142.51000000,19167.32000000,19101.82000000,19123.43000000,6260.49853000,120,120,False
1665892800000,1665900000000,19123.43000000,19162.82000000,19110.35000000,19150.56000000,8643.01401000,120,120,False
1665900000000,1665907200000,19150.90000000,19154.94000000,19115.00000000,19134.31000000,6463.92177000,120,120,False
1665907200000,1665914400000,19134.31000000,19195.00000000,19130.26000000,19140.89000000,10389.57424000,120,120,False
1665914400000,1665921600000,19140.59000000,19155.00000000,19087.37000000,19144.69000000,9080.63070000,120,120,False
1665921600000,1665928800000,19144.69000000,19151.30000000,19115.45000000,19127.57000000,7827.36895000,120,120,False
1665928800000,1665936000000,19127.57000000,19172.55000000,19104.16000000,19158.49000000,10783.76182000,120,120,False
1665936000000,1665943200000,19158.49000000,19168.98000000,19125.53000000,19132.13000000,7770.81213000,120,120,False
1665943200000,1665950400000,19131.60000000,19383.44000000,19118.40000000,19375.39000000,15655.05763000,120,120,False
1665950400000,1665957600000,19375.39000000,19425.84000000,19101.00000000,19148.25000000,19023.26524000,120,120,False
1665957600000,1665964800000,19148.25000000,19367.04000000,19116.85000000,19262.98000000,20617.77965000,120,120,False
1665964800000,1665972000000,19262.98000000,19309.06000000,19168.87000000,19177.47000000,13126.05402000,120,120,False
1665972000000,1665979200000,19177.47000000,19212.22000000,19152.03000000,19186.38000000,9192.31477000,120,120,False
1665979200000,1665986400000,19186.38000000,19284.61000000,19161.03000000,19272.20000000,11085.53305000,120,120,False
1665986400000,1665993600000,19272.20000000,19318.28000000,19223.65000000,19295.58000000,16198.94429000,120,120,False
1665993600000,1666000800000,19295.58000000,19366.60000000,19244.03000000,19336.64000000,15277.31145000,120,120,False
1666000800000,1666008000000,19336.64000000,19545.22000000,19336.48000000,19457.58000000,26029.06643000,120,120,False
1666008000000,1666015200000,19457.58000000,19676.96000000,19419.60000000,19586.22000000,35099.95935000,120,120,False
1666015200000,1666022400000,19587.65000000,19650.00000000,19430.00000000,19535.19000000,34068.01800000,120,120,False
1666022400000,1666029600000,19535.19000000,19592.55000000,19456.49000000,19521.21000000,21124.28378000,120,120,False
1666029600000,1666036800000,19521.21000000,19557.05000000,19441.87000000,19526.84000000,16363.61101000,120,120,False
1666036800000,1666044000000,19527.66000000,19557.95000000,19489.62000000,19514.57000000,9288.69491000,120,120,False
1666044000000,1666051200000,19514.57000000,19626.91000000,19471.80000000,19549.86000000,15960.08528000,120,120,False
1666051200000,1666058400000,19548.48000000,19624.03000000,19506.73000000,19536.16000000,14786.09627000,120,120,False
1666058400000,1666065600000,19536.00000000,19575.57000000,19480.00000000,19547.90000000,14480.57495000,120,120,False
1666065600000,1666072800000,19548.68000000,19614.28000000,19536.61000000,19553.50000000,14821.32503000,120,120,False
1666072800000,1666080000000,19553.50000000,19706.66000000,19524.37000000,19664.92000000,23146.19034000,120,120,False
1666080000000,1666087200000,19665.95000000,19673.00000000,19470.00000000,19528.61000000,24875.54990000,120,120,False
1666087200000,1666094400000,19528.61000000,19605.90000000,19502.98000000,19563.59000000,16014.90010000,120,120,False
1666094400000,1666101600000,19563.59000000,19680.49000000,19527.86000000,19542.79000000,25857.40812000,120,120,False
1666101600000,1666108800000,19544.77000000,19575.34000000,19280.11000000,19375.01000000,41653.36679000,120,120,False
1666108800000,1666116000000,19375.71000000,19442.00000000,19345.56000000,19406.73000000,22220.39292000,120,120,False
1666116000000,1666123200000,19407.67000000,19412.94000000,19091.00000000,19216.21000000,30430.16064000,120,120,False
1666123200000,1666130400000,19217.79000000,19433.43000000,19195.44000000,19293.62000000,19926.82670000,120,120,False
1666130400000,1666137600000,19293.62000000,19371.05000000,19255.53000000,19327.44000000,12100.28672000,120,120,False
1666137600000,1666144800000,19327.44000000,19360.16000000,19213.99000000,19312.35000000,14567.76258000,120,120,False
1666144800000,1666152000000,19311.47000000,19320.47000000,19248.06000000,19281.63000000,10270.35283000,120,120,False
1666152000000,1666159200000,19281.01000000,19308.34000000,19235.01000000,19255.11000000,12249.99579000,120,120,False
1666159200000,1666166400000,19254.29000000,19280.00000000,19146.80000000,19218.11000000,18588.31950000,120,120,False
1666166400000,1666173600000,19218.59000000,19281.81000000,19147.31000000,19268.16000000,14514.94236000,120,120,False
1666173600000,1666180800000,19268.16000000,19276.28000000,19140.01000000,19200.84000000,15281.89924000,120,120,False
1666180800000,1666188000000,19201.42000000,19250.00000000,19065.97000000,19123.80000000,23417.95343000,120,120,False
1666188000000,1666195200000,19124.71000000,19301.69000000,19100.01000000,19266.43000000,26002.83455000,120,120,False
1666195200000,1666202400000,19267.94000000,19279.31000000,19095.00000000,19183.19000000,18040.37156000,120,120,False
1666202400000,1666209600000,19183.19000000,19233.72000000,19152.37000000,19232.59000000,12347.20257000,120,120,False
1666209600000,1666216800000,19231.63000000,19249.51000000,19134.39000000,19194.37000000,9207.70460000,120,120,False
1666216800000,1666224000000,19194.37000000,19199.50000000,19084.23000000,19123.97000000,11647.95637000,120,120,False
1666224000000,1666231200000,19123.35000000,19165.34000000,18900.00000000,19047.02000000,20139.72665000,120,120,False
1666231200000,1666238400000,19047.02000000,19082.91000000,19014.03000000,19042.09000000,9684.24114000,120,120,False
1666238400000,1666245600000,19043.20000000,19210.00000000,19037.66000000,19141.23000000,17907.86079000,120,120,False
1666245600000,1666252800000,19140.67000000,19167.95000000,19092.95000000,19145.94000000,13750.06304000,120,120,False
1666252800000,1666260000000,19145.10000000,19195.31000000,19105.99000000,19185.79000000,12160.14835000,120,120,False
1666260000000,1666267200000,19186.29000000,19253.33000000,19131.79000000,19208.09000000,18010.78855000,120,120,False
1666267200000,1666274400000,19208.09000000,19282.68000000,19128.24000000,19173.18000000,27533.67689000,120,120,False
1666274400000,1666281600000,19173.06000000,19347.82000000,19168.63000000,19253.30000000,24564.56512000,120,120,False
1666281600000,1666288800000,19253.88000000,19256.55000000,19063.89000000,19099.11000000,26338.62541000,120,120,False
1666288800000,1666296000000,19099.30000000,19117.87000000,18964.02000000,19063.82000000,26693.57831000,120,120,False
1666296000000,1666303200000,19063.04000000,19098.00000000,18929.38000000,19073.92000000,15143.05395000,120,120,False
1666303200000,1666310400000,19073.92000000,19094.44000000,18979.17000000,19041.92000000,11603.80248000,120,120,False
1666310400000,1666317600000,19041.92000000,19074.40000000,18999.00000000,19065.24000000,13787.01941000,120,120,False
1666317600000,1666324800000,19065.86000000,19131.39000000,19043.52000000,19051.77000000,11417.48884000,120,120,False
1666324800000,1666332000000,19051.19000000,19082.40000000,19025.00000000,19043.53000000,11171.04545000,120,120,False
1666332000000,1666339200000,19043.53000000,19084.17000000,18991.69000000,19027.86000000,13995.70735000,120,120,False
1666339200000,1666346400000,19028.68000000,19041.96000000,18900.00000000,19011.00000000,23685.66371000,120,120,False
1666346400000,1666353600000,19011.00000000,19018.52000000,18940.78000000,18945.65000000,16355.45540000,120,120,False
1666353600000,1666360800000,18944.99000000,19083.14000000,18650.00000000,19065.36000000,57716.97695000,120,120,False
1666360800000,1666368000000,19064.50000000,19174.16000000,18937.50000000,19168.25000000,45983.47591000,120,120,False
1666368000000,1666375200000,19168.44000000,19229.00000000,19089.00000000,19150.98000000,31539.72246000,120,120,False
1666375200000,1666382400000,19150.98000000,19250.00000000,19120.35000000,19189.22000000,23560.22529000,120,120,False
1666382400000,1666389600000,19189.22000000,19249.73000000,19137.68000000,19153.80000000,11944.81428000,120,120,False
1666389600000,1666396800000,19154.12000000,19193.48000000,19153.22000000,19164.37000000,8153.16264000,120,120,False
1666396800000,1666404000000,19164.37000000,19183.39000000,19145.30000000,19155.82000000,8500.61426000,120,120,False
1666404000000,1666411200000,19155.82000000,19164.54000000,19112.72000000,19151.22000000,9104.37578000,120,120,False
1666411200000,1666418400000,19150.36000000,19163.25000000,19137.36000000,19141.13000000,6801.73110000,120,120,False
1666418400000,1666425600000,19140.56000000,19177.01000000,19132.71000000,19163.58000000,7597.45709000,120,120,False
1666425600000,1666432800000,19163.58000000,19176.94000000,19140.00000000,19142.66000000,8591.56808000,120,120,False
1666432800000,1666440000000,19142.66000000,19188.00000000,19140.57000000,19178.66000000,8577.44202000,120,120,False
1666440000000,1666447200000,19178.99000000,19257.00000000,19155.00000000,19196.56000000,14981.11600000,120,120,False
1666447200000,1666454400000,19196.56000000,19257.00000000,19195.83000000,19235.65000000,12001.91409000,120,120,False
1666454400000,1666461600000,19234.80000000,19248.85000000,19140.30000000,19152.02000000,12668.97307000,120,120,False
1666461600000,1666468800000,19152.05000000,19188.92000000,19134.00000000,19183.83000000,8938.15055000,120,120,False
1666468800000,1666476000000,19183.83000000,19224.99000000,19173.79000000,19201.97000000,6659.77279000,120,120,False
1666476000000,1666483200000,19201.97000000,19208.90000000,19183.77000000,19204.35000000,5980.79354000,120,120,False
1666483200000,1666490400000,19204.29000000,19219.76000000,19163.32000000,19179.22000000,6998.86986000,120,120,False
1666490400000,1666497600000,19179.22000000,19208.53000000,19175.00000000,19197.59000000,7761.26908000,120,120,False
1666497600000,1666504800000,19197.55000000,19221.71000000,19170.00000000,19178.98000000,8837.65043000,120,120,False
1666504800000,1666512000000,19178.98000000,19188.50000000,19148.01000000,19162.37000000,7956.56432000,120,120,False
1666512000000,1666519200000,19162.16000000,19188.70000000,19150.00000000,19184.13000000,6236.08103000,120,120,False
1666519200000,1666526400000,19184.13000000,19188.08000000,19125.63000000,19151.78000000,9235.01264000,120,120,False
1666526400000,1666533600000,19151.24000000,19180.31000000,19070.11000000,19176.27000000,11694.71707000,120,120,False
1666533600000,1666540800000,19176.27000000,19213.14000000,19173.61000000,19190.14000000,10429.57969000,120,120,False
1666540800000,1666548000000,19190.14000000,19500.00000000,19169.18000000,19476.02000000,21328.24350000,120,120,False
1666548000000,1666555200000,19474.75000000,19553.96000000,19399.65000000,19499.83000000,26522.90997000,120,120,False
1666555200000,1666562400000,19500.38000000,19599.00000000,19441.96000000,19538.12000000,15790.41135000,120,120,False
1666562400000,1666569600000,19538.12000000,19695.00000000,19517.93000000,19570.40000000,34265.89290000,120,120,False
1666569600000,1666576800000,19570.40000000,19601.15000000,19366.00000000,19412.47000000,27768.80347000,120,120,False
1666576800000,1666584000000,19411.49000000,19477.45000000,19342.33000000,19391.97000000,18457.38160000,120,120,False
1666584000000,1666591200000,19391.97000000,19392.41000000,19260.00000000,19336.43000000,18558.94167000,120,120,False
1666591200000,1666598400000,19335.76000000,19366.00000000,19250.59000000,19322.40000000,26562.57577000,120,120,False
1666598400000,1666605600000,19322.40000000,19405.43000000,19292.30000000,19382.51000000,16818.83802000,120,120,False
1666605600000,1666612800000,19381.48000000,19444.44000000,19362.13000000,19423.63000000,21859.34593000,120,120,False
1666612800000,1666620000000,19422.90000000,19450.90000000,19294.33000000,19352.40000000,33953.80234000,120,120,False
1666620000000,1666627200000,19352.40000000,19356.56000000,19157.00000000,19301.96000000,37189.24380000,120,120,False
1666627200000,1666634400000,19301.96000000,19318.64000000,19223.00000000,19285.52000000,15799.63534000,120,120,False
1666634400000,1666641600000,19284.65000000,19425.05000000,19281.85000000,19343.23000000,17790.37896000,120,120,False
1666641600000,1666648800000,19343.95000000,19419.15000000,19301.11000000,19366.42000000,12139.65145000,120,120,False
1666648800000,1666656000000,19366.42000000,19373.95000000,19303.20000000,19329.72000000,9269.54632000,120,120,False
1666656000000,1666663200000,19330.60000000,19339.60000000,19250.00000000,19297.63000000,13528.35189000,120,120,False
1666663200000,1666670400000,19298.15000000,19365.32000000,19276.38000000,19342.02000000,9361.25425000,120,120,False
1666670400000,1666677600000,19342.41000000,19377.10000000,19290.36000000,19336.61000000,8897.24006000,120,120,False
1666677600000,1666684800000,19336.61000000,19366.31000000,19272.85000000,19306.75000000,12791.35746000,120,120,False
1666684800000,1666692000000,19306.34000000,19322.42000000,19255.04000000,19265.57000000,11757.14998000,120,120,False
1666692000000,1666699200000,19265.57000000,19327.16000000,19237.00000000,19302.13000000,11999.71730000,120,120,False
1666699200000,1666706400000,19301.39000000,19526.17000000,19260.82000000,19478.39000000,35119.37903000,120,120,False
1666706400000,1666713600000,19478.39000000,19811.00000000,19445.00000000,19748.48000000,52838.53710000,120,120,False
1666713600000,1666720800000,19748.48000000,20192.97000000,19718.00000000,20118.55000000,64862.54962000,120,120,False
1666720800000,1666728000000,20118.55000000,20415.87000000,20078.23000000,20273.14000000,54234.56031000,120,120,False
1666728000000,1666735200000,20276.26000000,20296.92000000,20007.00000000,20232.30000000,33360.76339000,120,120,False
1666735200000,1666742400000,20231.00000000,20235.41000000,19981.12000000,20080.07000000,17619.81022000,120,120,False
1666742400000,1666749600000,20079.02000000,20293.78000000,20050.41000000,20230.32000000,25434.90521000,120,120,False
1666749600000,1666756800000,20230.32000000,20308.00000000,20172.59000000,20251.17000000,19755.24879000,120,120,False
1666756800000,1666764000000,20250.55000000,20276.77000000,20129.24000000,20187.92000000,19399.18700000,120,120,False
1666764000000,1666771200000,20187.92000000,20382.56000000,20168.57000000,20344.76000000,29122.64866000,120,120,False
1666771200000,1666778400000,20344.05000000,20783.27000000,20281.79000000,20593.69000000,46909.51661000,120,120,False
1666778400000,1666785600000,20594.85000000,20749.68000000,20537.80000000,20607.81000000,27608.13641000,120,120,False
1666785600000,1666792800000,20606.86000000,20622.00000000,20338.75000000,20552.69000000,40435.19275000,120,120,False
1666792800000,1666800000000,20552.69000000,21020.00000000,20551.74000000,20846.66000000,68202.07189000,120,120,False
1666800000000,1666807200000,20846.66000000,20997.13000000,20669.25000000,20823.72000000,38615.33802000,120,120,False
1666807200000,1666814400000,20822.60000000,20869.18000000,20639.98000000,20763.54000000,26160.76057000,120,120,False
1666814400000,1666821600000,20764.52000000,20852.94000000,20694.28000000,20739.38000000,18028.94139000,120,120,False
1666821600000,1666828800000,20739.38000000,20907.00000000,20700.00000000,20771.59000000,20820.74846000,120,120,False
1666828800000,1666836000000,20771.61000000,20847.90000000,20700.62000000,20725.62000000,18806.00444000,120,120,False
1666836000000,1666843200000,20724.54000000,20796.51000000,20581.49000000,20755.33000000,22288.38598000,120,120,False
1666843200000,1666850400000,20755.90000000,20872.21000000,20735.28000000,20804.00000000,17319.08512000,120,120,False
1666850400000,1666857600000,20803.58000000,20836.00000000,20680.72000000,20710.02000000,22625.87409000,120,120,False
1666857600000,1666864800000,20711.12000000,20750.90000000,20521.00000000,20611.29000000,24129.56460000,120,120,False
1666864800000,1666872000000,20610.50000000,20633.00000000,20451.71000000,20622.84000000,27586.48370000,120,120,False
1666872000000,1666879200000,20622.11000000,20780.00000000,20430.00000000,20524.54000000,51351.25712000,120,120,False
1666879200000,1666886400000,20524.54000000,20730.00000000,20496.60000000,20563.09000000,40172.19466000,120,120,False
1666886400000,1666893600000,20564.08000000,20647.49000000,20497.62000000,20583.69000000,21913.75528000,120,120,False
1666893600000,1666900800000,20583.69000000,20679.51000000,20550.00000000,20629.59000000,17219.62469000,120,120,False
1666900800000,1666908000000,20629.59000000,20637.90000000,20220.00000000,20407.45000000,42530.07124000,120,120,False
1666908000000,1666915200000,20408.33000000,20426.03000000,20200.00000000,20295.11000000,22701.27699000,120,120,False
1666915200000,1666922400000,20295.11000000,20337.80000000,20160.00000000,20321.95000000,23771.16728000,120,120,False
1666922400000,1666929600000,20322.92000000,20323.32000000,20183.00000000,20292.81000000,17827.47453000,120,120,False
1666929600000,1666936800000,20292.77000000,20308.00000000,20218.78000000,20287.01000000,14188.63657000,120,120,False
1666936800000,1666944000000,20287.01000000,20312.32000000,20060.00000000,20080.01000000,24922.90747000,120,120,False
1666944000000,1666951200000,20080.01000000,20233.33000000,20026.00000000,20203.48000000,26403.99876000,120,120,False
1666951200000,1666958400000,20203.48000000,20248.64000000,20116.55000000,20173.74000000,18265.43874000,120,120,False
1666958400000,1666965600000,20174.00000000,20588.88000000,20000.09000000,20470.60000000,47430.62882000,120,120,False
1666965600000,1666972800000,20471.97000000,20565.02000000,20329.71000000,20484.59000000,38269.61363000,120,120,False
1666972800000,1666980000000,20483.96000000,20750.00000000,20450.50000000,20629.63000000,33997.54636000,120,120,False
1666980000000,1666987200000,20629.63000000,20667.00000000,20542.00000000,20609.21000000,18125.01082000,120,120,False
1666987200000,1666994400000,20609.21000000,20735.86000000,20566.00000000,20596.44000000,14853.04306000,120,120,False
1666994400000,1667001600000,20595.67000000,20638.07000000,20575.77000000,20591.84000000,8984.47965000,120,120,False
1667001600000,1667008800000,20591.84000000,20642.24000000,20554.01000000,20628.57000000,10640.82144000,120,120,False
1667008800000,1667016000000,20628.31000000,20823.81000000,20624.54000000,20754.27000000,21226.73387000,120,120,False
1667016000000,1667023200000,20754.27000000,20771.88000000,20620.81000000,20655.56000000,15270.10357000,120,120,False
1667023200000,1667030400000,20655.56000000,20777.00000000,20647.89000000,20772.27000000,14396.43266000,120,120,False
1667030400000,1667037600000,20772.27000000,20985.25000000,20721.31000000,20955.25000000,34846.99080000,120,120,False
1667037600000,1667044800000,20955.25000000,21085.00000000,20650.21000000,20698.89000000,34683.74235000,120,120,False
1667044800000,1667052000000,20698.06000000,20785.93000000,20676.54000000,20779.75000000,19919.60423000,120,120,False
1667052000000,1667059200000,20779.75000000,20947.00000000,20754.28000000,20923.33000000,30463.43523000,120,120,False
1667059200000,1667066400000,20922.25000000,20982.86000000,20777.00000000,20808.78000000,28583.17489000,120,120,False
1667066400000,1667073600000,20809.70000000,20873.57000000,20757.26000000,20836.96000000,18288.61218000,120,120,False
1667073600000,1667080800000,20836.96000000,20899.99000000,20821.32000000,20846.18000000,10706.64864000,120,120,False
1667080800000,1667088000000,20845.62000000,20865.00000000,20704.12000000,20809.67000000,15855.47769000,120,120,False
1667088000000,1667095200000,20809.68000000,20841.11000000,20701.15000000,20778.35000000,13199.34617000,120,120,False
1667095200000,1667102400000,20778.35000000,20804.20000000,20743.25000000,20775.50000000,11697.99613000,120,120,False
1667102400000,1667109600000,20775.50000000,20808.04000000,20741.32000000,20805.06000000,11181.15221000,120,120,False
1667109600000,1667116800000,20803.86000000,20931.21000000,20790.03000000,20850.85000000,20655.99582000,120,120,False
1667116800000,1667124000000,20850.84000000,20887.34000000,20635.00000000,20694.58000000,23708.41771000,120,120,False
1667124000000,1667131200000,20693.32000000,20788.83000000,20632.73000000,20769.84000000,18177.67383000,120,120,False
1667131200000,1667138400000,20770.81000000,20781.50000000,20589.18000000,20646.61000000,18764.41297000,120,120,False
1667138400000,1667145600000,20646.61000000,20745.00000000,20622.61000000,20676.70000000,16185.62526000,120,120,False
1667145600000,1667152800000,20676.72000000,20700.91000000,20550.00000000,20657.96000000,19740.68963000,120,120,False
1667152800000,1667160000000,20657.96000000,20700.00000000,20633.60000000,20647.49000000,10474.24972000,120,120,False
1667160000000,1667167200000,20647.77000000,20739.00000000,20646.60000000,20688.82000000,9541.78296000,120,120,False
1667167200000,1667174400000,20688.83000000,20695.79000000,20515.00000000,20627.48000000,19468.26645000,120,120,False
1667174400000,1667181600000,20627.48000000,20675.00000000,20454.55000000,20522.89000000,21246.10713000,120,120,False
1667181600000,1667188800000,20522.89000000,20542.71000000,20427.23000000,20516.07000000,17591.78290000,120,120,False
1667188800000,1667196000000,20516.07000000,20593.00000000,20508.60000000,20543.51000000,13613.76975000,120,120,False
1667196000000,1667203200000,20542.58000000,20564.27000000,20455.00000000,20546.65000000,15858.06560000,120,120,False
1667203200000,1667210400000,20547.08000000,20736.54000000,20449.86000000,20714.01000000,26047.17978000,120,120,False
1667210400000,1667217600000,20714.89000000,20845.92000000,20686.50000000,20730.54000000,30673.96936000,120,120,False
1667217600000,1667224800000,20731.53000000,20755.73000000,20300.00000000,20336.29000000,41214.11081000,120,120,False
1667224800000,1667232000000,20333.74000000,20465.99000000,20237.95000000,20401.53000000,50548.24316000,120,120,False
1667232000000,1667239200000,20402.60000000,20533.00000000,20328.68000000,20373.64000000,32816.25187000,120,120,False
1667239200000,1667246400000,20373.64000000,20468.89000000,20356.00000000,20371.72000000,23744.30602000,120,120,False
1667246400000,1667253600000,20371.40000000,20441.99000000,20353.77000000,20406.58000000,11631.48480000,120,120,False
1667253600000,1667260800000,20407.46000000,20524.76000000,20375.11000000,20490.74000000,18582.34510000,120,120,False
1667260800000,1667268000000,20490.74000000,20559.27000000,20440.64000000,20514.66000000,21804.17352000,120,120,False
1667268000000,1667275200000,20514.66000000,20589.67000000,20475.77000000,20482.57000000,20726.01390000,120,120,False
1667275200000,1667282400000,20482.57000000,20555.21000000,20466.71000000,20530.41000000,16977.34496000,120,120,False
1667282400000,1667289600000,20530.41000000,20662.80000000,20525.21000000,20599.51000000,24720.02447000,120,120,False
1667289600000,1667296800000,20598.74000000,20700.00000000,20545.45000000,20597.40000000,25162.94871000,120,120,False
1667296800000,1667304000000,20597.40000000,20655.00000000,20489.92000000,20522.79000000,28205.57691000,120,120,False
1667304000000,1667311200000,20522.23000000,20570.07000000,20353.90000000,20422.02000000,34374.04057000,120,120,False
1667311200000,1667318400000,20420.54000000,20483.62000000,20330.74000000,20444.00000000,39351.80312000,120,120,False
1667318400000,1667325600000,20444.00000000,20517.77000000,20372.85000000,20439.83000000,26164.97923000,120,120,False
1667325600000,1667332800000,20439.83000000,20501.48000000,20407.70000000,20451.45000000,18954.35493000,120,120,False
1667332800000,1667340000000,20449.29000000,20495.29000000,20429.35000000,20454.78000000,9954.13050000,120,120,False
1667340000000,1667347200000,20455.92000000,20503.51000000,20431.65000000,20483.62000000,13537.04689000,120,120,False
1667347200000,1667354400000,20482.81000000,20540.70000000,20407.66000000,20504.94000000,19397.91974000,120,120,False
1667354400000,1667361600000,20504.24000000,20558.35000000,20457.62000000,20520.34000000,16338.21105000,120,120,False
1667361600000,1667368800000,20520.34000000,20563.36000000,20477.02000000,20487.39000000,18451.25970000,120,120,False
1667368800000,1667376000000,20487.39000000,20493.37000000,20356.75000000,20421.64000000,21756.06835000,120,120,False
1667376000000,1667383200000,20421.64000000,20539.90000000,20408.14000000,20467.76000000,21257.25552000,120,120,False
1667383200000,1667390400000,20468.06000000,20472.82000000,20339.99000000,20431.33000000,22169.78207000,120,120,False
1667390400000,1667397600000,20432.38000000,20447.99000000,20360.00000000,20398.99000000,27648.30752000,120,120,False
1667397600000,1667404800000,20398.99000000,20457.29000000,20393.42000000,20409.03000000,21440.83365000,120,120,False
1667404800000,1667412000000,20409.03000000,20548.31000000,20355.37000000,20436.67000000,30193.28605000,120,120,False
1667412000000,1667419200000,20438.28000000,20800.00000000,20048.04000000,20250.68000000,122173.91265000,120,120,False
1667419200000,1667426400000,20250.68000000,20282.60000000,20060.08000000,20152.03000000,32397.01583000,120,120,False
1667426400000,1667433600000,20152.03000000,20173.44000000,20059.94000000,20151.84000000,20492.42086000,120,120,False
1667433600000,1667440800000,20151.84000000,20339.41000000,20120.00000000,20306.00000000,25523.50085000,120,120,False
1667440800000,1667448000000,20304.95000000,20339.99000000,20275.28000000,20310.63000000,19762.86243000,120,120,False
1667448000000,1667455200000,20310.63000000,20393.32000000,20309.74000000,20377.49000000,17978.93876000,120,120,False
1667455200000,1667462400000,20377.49000000,20386.37000000,20281.01000000,20303.09000000,21656.80373000,120,120,False
1667462400000,1667469600000,20302.35000000,20335.00000000,20250.90000000,20318.94000000,24741.05007000,120,120,False
1667469600000,1667476800000,20318.96000000,20338.99000000,20052.00000000,20130.64000000,32490.68918000,120,120,False
1667476800000,1667484000000,20129.80000000,20217.39000000,20031.24000000,20108.92000000,42993.90764000,120,120,False
1667484000000,1667491200000,20107.87000000,20339.86000000,20087.23000000,20248.62000000,50120.94163000,120,120,False
1667491200000,1667498400000,20249.18000000,20315.80000000,20221.26000000,20226.18000000,26463.38250000,120,120,False
1667498400000,1667505600000,20226.18000000,20279.00000000,20177.10000000,20262.53000000,21915.86674000,120,120,False
1667505600000,1667512800000,20262.53000000,20269.76000000,20218.02000000,20259.36000000,12403.02261000,120,120,False
1667512800000,1667520000000,20259.57000000,20271.00000000,20157.86000000,20207.82000000,23134.18826000,120,120,False
1667520000000,1667527200000,20207.12000000,20319.33000000,20180.96000000,20287.09000000,23789.04674000,120,120,False
1667527200000,1667534400000,20287.46000000,20330.87000000,20273.52000000,20321.79000000,19283.72318000,120,120,False
1667534400000,1667541600000,20321.79000000,20490.10000000,20306.58000000,20444.00000000,26468.78795000,120,120,False
1667541600000,1667548800000,20444.79000000,20688.00000000,20443.75000000,20611.56000000,42231.71619000,120,120,False
1667548800000,1667556000000,20611.56000000,20658.57000000,20567.33000000,20569.30000000,29660.02219000,120,120,False
1667556000000,1667563200000,20570.02000000,20681.91000000,20546.00000000,20558.46000000,31369.28243000,120,120,False
1667563200000,1667570400000,20558.03000000,20888.93000000,20350.00000000,20760.25000000,79739.34073000,120,120,False
1667570400000,1667577600000,20760.25000000,21302.05000000,20742.52000000,20838.70000000,67792.72313000,120,120,False
1667577600000,1667584800000,20837.54000000,20903.74000000,20669.57000000,20774.22000000,51305.67277000,120,120,False
1667584800000,1667592000000,20773.94000000,21115.48000000,20715.64000000,21108.54000000,43590.58534000,120,120,False
1667592000000,1667599200000,21108.54000000,21200.00000000,21048.63000000,21169.95000000,21564.21677000,120,120,False
1667599200000,1667606400000,21169.95000000,21209.16000000,21128.32000000,21148.52000000,16899.27423000,120,120,False
1667606400000,1667613600000,21148.52000000,21460.01000000,21080.65000000,21364.81000000,35328.34040000,120,120,False
1667613600000,1667620800000,21365.92000000,21480.65000000,21345.00000000,21444.61000000,24690.19795000,120,120,False
1667620800000,1667628000000,21445.19000000,21467.93000000,21364.34000000,21389.90000000,19349.68770000,120,120,False
1667628000000,1667635200000,21389.90000000,21443.80000000,21372.33000000,21384.42000000,17118.50023000,120,120,False
1667635200000,1667642400000,21384.92000000,21391.51000000,21234.90000000,21290.65000000,25260.83419000,120,120,False
1667642400000,1667649600000,21289.82000000,21427.34000000,21280.00000000,21404.63000000,20926.71341000,120,120,False
1667649600000,1667656800000,21404.63000000,21420.84000000,21249.17000000,21271.45000000,19416.79851000,120,120,False
1667656800000,1667664000000,21271.94000000,21354.42000000,21210.98000000,21299.22000000,24393.92672000,120,120,False
1667664000000,1667671200000,21299.22000000,21345.00000000,21269.22000000,21319.29000000,18583.93164000,120,120,False
1667671200000,1667678400000,21319.29000000,21345.08000000,21261.56000000,21331.11000000,15134.05985000,120,120,False
1667678400000,1667685600000,21330.58000000,21380.00000000,21321.87000000,21335.35000000,9006.26327000,120,120,False
1667685600000,1667692800000,21335.18000000,21346.91000000,21233.33000000,21299.37000000,16412.73138000,120,120,False
1667692800000,1667700000000,21299.37000000,21365.27000000,21190.00000000,21197.33000000,21655.23325000,120,120,False
1667700000000,1667707200000,21197.33000000,21280.64000000,21189.44000000,21233.88000000,15444.63431000,120,120,False
1667707200000,1667714400000,21234.44000000,21252.54000000,21143.27000000,21155.41000000,13671.16969000,120,120,False
1667714400000,1667721600000,21154.86000000,21206.00000000,21144.92000000,21194.49000000,14848.65683000,120,120,False
1667721600000,1667728800000,21193.88000000,21310.00000000,21173.03000000,21241.20000000,20375.55764000,120,120,False
1667728800000,1667736000000,21240.37000000,21280.00000000,21178.01000000,21255.08000000,17971.15569000,120,120,False
1667736000000,1667743200000,21254.80000000,21269.99000000,21206.62000000,21220.48000000,15928.56903000,120,120,False
1667743200000,1667750400000,21219.92000000,21289.49000000,21190.81000000,21241.10000000,20554.78132000,120,120,False
1667750400000,1667757600000,21241.85000000,21282.19000000,21152.46000000,21247.11000000,24445.16010000,120,120,False
1667757600000,1667764800000,21247.11000000,21252.74000000,21170.00000000,21194.50000000,17571.11686000,120,120,False
1667764800000,1667772000000,21194.50000000,21211.62000000,21110.56000000,21127.33000000,14419.32382000,120,120,False
1667772000000,1667779200000,21126.89000000,21175.70000000,20886.13000000,20905.58000000,33151.61363000,120,120,False
1667779200000,1667786400000,20905.58000000,21004.23000000,20820.00000000,20985.62000000,36785.94238000,120,120,False
1667786400000,1667793600000,20986.40000000,21069.77000000,20878.00000000,20913.82000000,26635.74344000,120,120,False
1667793600000,1667800800000,20913.82000000,20918.33000000,20818.65000000,20858.95000000,22859.09423000,120,120,False
1667800800000,1667808000000,20858.95000000,20909.72000000,20612.67000000,20635.74000000,41252.08304000,120,120,False
1667808000000,1667815200000,20635.10000000,20757.81000000,20571.52000000,20681.13000000,38875.11946000,120,120,False
1667815200000,1667822400000,20682.15000000,20811.92000000,20674.00000000,20733.46000000,25250.25553000,120,120,False
1667822400000,1667829600000,20733.97000000,20798.74000000,20688.28000000,20721.50000000,31876.57719000,120,120,False
1667829600000,1667836800000,20720.72000000,20776.15000000,20626.25000000,20764.95000000,49629.21309000,120,120,False
1667836800000,1667844000000,20764.95000000,20803.41000000,20652.52000000,20703.00000000,29680.66222000,120,120,False
1667844000000,1667851200000,20702.60000000,20892.04000000,20685.02000000,20847.51000000,28313.21173000,120,120,False
1667851200000,1667858400000,20848.33000000,20890.71000000,20616.34000000,20681.03000000,26654.46918000,120,120,False
1667858400000,1667865600000,20681.97000000,20685.00000000,20384.89000000,20591.13000000,29165.23188000,120,120,False
1667865600000,1667872800000,20590.67000000,20638.15000000,20494.53000000,20628.76000000,25619.31116000,120,120,False
1667872800000,1667880000000,20628.76000000,20673.38000000,20116.13000000,20148.66000000,55586.52057000,120,120,False
1667880000000,1667887200000,20147.62000000,20242.40000000,19344.00000000,19704.38000000,99395.21429000,120,120,False
1667887200000,1667894400000,19704.38000000,19856.08000000,19650.00000000,19796.90000000,44155.05749000,120,120,False
1667894400000,1667901600000,19796.90000000,19801.39000000,19663.03000000,19776.33000000,31999.68656000,120,120,False
1667901600000,1667908800000,19775.80000000,19786.31000000,19580.33000000,19699.04000000,29367.82056000,120,120,False
1667908800000,1667916000000,19699.04000000,19746.78000000,19500.01000000,19554.76000000,28819.20474000,120,120,False
1667916000000,1667923200000,19554.76000000,19650.00000000,19229.00000000,19520.97000000,68308.54005000,120,120,False
1667923200000,1667930400000,19522.00000000,20700.88000000,19324.99000000,19342.67000000,119786.38942000,120,120,False
1667930400000,1667937600000,19342.67000000,19550.00000000,17166.83000000,18256.64000000,164925.30479300,120,120,False
1667937600000,1667944800000,18255.24000000,18719.73000000,17810.49000000,18702.22000000,64094.20663000,120,120,False
1667944800000,1667952000000,18700.79000000,18730.00000000,18370.00000000,18547.23000000,28648.10652000,120,120,False
1667952000000,1667959200000,18545.38000000,18587.76000000,18293.36000000,18322.44000000,42647.41478000,120,120,False
1667959200000,1667966400000,18321.46000000,18428.30000000,18000.00000000,18313.68000000,48786.50921000,120,120,False
1667966400000,1667973600000,18313.68000000,18517.58000000,18173.09000000,18401.15000000,40775.91871000,120,120,False
1667973600000,1667980800000,18401.15000000,18459.79000000,18202.59000000,18240.72000000,33084.29020000,120,120,False
1667980800000,1667988000000,18239.34000000,18256.85000000,17623.04000000,17763.99000000,69602.58201000,120,120,False
1667988000000,1667995200000,17763.68000000,17884.00000000,17250.33000000,17818.08000000,82840.80534000,120,120,False
1667995200000,1668002400000,17817.07000000,18015.00000000,17298.90000000,17582.24000000,68553.84829000,120,120,False
1668002400000,1668009600000,17582.24000000,17834.99000000,16918.83000000,17116.08000000,86473.92522400,120,120,False
1668009600000,1668016800000,17119.61000000,17333.33000000,16800.00000000,16957.66000000,73890.84862500,120,120,False
1668016800000,1668024000000,16954.94000000,17025.18000000,16441.53000000,16784.64000000,63554.36531800,120,120,False
1668024000000,1668031200000,16784.64000000,16900.00000000,15671.00000000,15751.13000000,71808.33750200,120,120,False
1668031200000,1668038400000,15747.69000000,16095.00000000,15588.00000000,15922.81000000,49908.08452000,120,120,False
1668038400000,1668045600000,15922.68000000,16445.46000000,15754.26000000,16140.29000000,65212.90889000,120,120,False
1668045600000,1668052800000,16140.29000000,16574.92000000,16044.67000000,16369.59000000,50204.07916000,120,120,False
1668052800000,1668060000000,16370.64000000,16785.00000000,16204.36000000,16726.59000000,43517.41930000,120,120,False
1668060000000,1668067200000,16726.58000000,16920.00000000,16618.87000000,16752.10000000,42512.70053000,120,120,False
1668067200000,1668074400000,16752.36000000,16959.99000000,16475.02000000,16694.14000000,46449.43246000,120,120,False
1668074400000,1668081600000,16694.14000000,16744.60000000,16258.74000000,16397.57000000,46952.49062000,120,120,False
1668081600000,1668088800000,16399.03000000,17800.00000000,16386.66000000,17650.93000000,89611.64795000,120,120,False
1668088800000,1668096000000,17653.24000000,17960.04000000,17383.62000000,17554.06000000,67215.12220000,120,120,False
1668096000000,1668103200000,17556.12000000,17989.00000000,17120.94000000,17197.23000000,57602.90415000,120,120,False
1668103200000,1668110400000,17197.23000000,17500.00000000,17180.00000000,17455.62000000,33337.32498000,120,120,False
1668110400000,1668117600000,17456.98000000,18199.00000000,17374.81000000,17858.67000000,42588.31176000,120,120,False
1668117600000,1668124800000,17856.17000000,17892.74000000,17478.00000000,17601.15000000,23244.02232000,120,120,False
1668124800000,1668132000000,17602.45000000,17695.00000000,17202.38000000,17269.21000000,33748.40729000,120,120,False
1668132000000,1668139200000,17269.21000000,17362.01000000,16888.76000000,17064.12000000,40970.45066000,120,120,False
1668139200000,1668146400000,17064.12000000,17398.00000000,17002.97000000,17357.62000000,31423.55018000,120,120,False
1668146400000,1668153600000,17359.45000000,17483.90000000,17153.84000000,17404.08000000,29998.56795000,120,120,False
1668153600000,1668160800000,17404.09000000,17537.00000000,17271.21000000,17392.14000000,26723.03809000,120,120,False
1668160800000,1668168000000,17392.14000000,17467.60000000,17209.20000000,17350.70000000,22021.84840000,120,120,False
1668168000000,1668175200000,17349.45000000,17544.90000000,17258.23000000,17303.82000000,26109.83611000,120,120,False
1668175200000,1668182400000,17303.39000000,17328.00000000,16361.60000000,16871.27000000,82916.00038000,120,120,False
1668182400000,1668189600000,16871.27000000,16963.71000000,16543.95000000,16909.31000000,33075.49202000,120,120,False
1668189600000,1668196800000,16909.31000000,17045.09000000,16672.29000000,16849.17000000,24056.00288000,120,120,False
1668196800000,1668204000000,16849.17000000,16900.00000000,16555.77000000,16803.15000000,23288.85492000,120,120,False
1668204000000,1668211200000,16804.07000000,17148.96000000,16790.00000000,17070.31000000,19220.81604000,120,120,False
1668211200000,1668218400000,17069.98000000,17119.10000000,16801.17000000,16894.43000000,18833.21140000,120,120,False
1668218400000,1668225600000,16893.43000000,17001.98000000,16774.00000000,16907.44000000,14986.49200000,120,120,False
1668225600000,1668232800000,16907.58000000,16938.20000000,16631.39000000,16703.62000000,23385.29509000,120,120,False
1668232800000,1668240000000,16701.86000000,16872.86000000,16676.72000000,16822.02000000,17634.16570000,120,120,False
1668240000000,1668247200000,16822.02000000,16905.85000000,16727.13000000,16863.98000000,16020.80976000,120,120,False
1668247200000,1668254400000,16864.46000000,16977.45000000,16790.30000000,16866.92000000,15181.63980000,120,120,False
1668254400000,1668261600000,16866.46000000,16918.29000000,16757.00000000,16840.79000000,12211.00645000,120,120,False
1668261600000,1668268800000,16839.75000000,16996.35000000,16799.28000000,16935.74000000,15623.05470000,120,120,False
1668268800000,1668276000000,16935.74000000,16964.37000000,16857.47000000,16891.69000000,10173.30945000,120,120,False
1668276000000,1668283200000,16891.69000000,16902.03000000,16830.00000000,16891.32000000,8039.85030000,120,120,False
1668283200000,1668290400000,16892.41000000,16897.68000000,16767.73000000,16819.64000000,8324.04703000,120,120,False
1668290400000,1668297600000,16818.73000000,16858.04000000,16760.00000000,16812.08000000,7407.07867000,120,120,False
1668297600000,1668304800000,16813.16000000,16905.90000000,16774.07000000,16879.34000000,9071.03317000,120,120,False
1668304800000,1668312000000,16878.63000000,16954.28000000,16856.99000000,16914.60000000,10660.57788000,120,120,False
1668312000000,1668319200000,16915.02000000,16926.15000000,16837.18000000,16853.68000000,8692.04474000,120,120,False
1668319200000,1668326400000,16853.68000000,16867.88000000,16562.82000000,16774.99000000,22278.21488000,120,120,False
1668326400000,1668333600000,16774.99000000,16795.92000000,16435.23000000,16538.58000000,22286.29797000,120,120,False
1668333600000,1668340800000,16538.58000000,16728.12000000,16508.01000000,16659.23000000,17597.17232000,120,120,False
1668340800000,1668348000000,16659.23000000,16707.08000000,16590.02000000,16669.53000000,14917.46532000,120,120,False
1668348000000,1668355200000,16669.53000000,16714.26000000,16517.85000000,16580.79000000,18169.01544000,120,120,False
1668355200000,1668362400000,16579.49000000,16621.23000000,16463.68000000,16551.89000000,15710.26976000,120,120,False
1668362400000,1668369600000,16551.44000000,16579.58000000,16461.16000000,16554.60000000,12724.17548000,120,120,False
1668369600000,1668376800000,16553.35000000,16583.15000000,16229.00000000,16390.67000000,20163.44424000,120,120,False
1668376800000,1668384000000,16391.66000000,16479.00000000,16276.20000000,16329.85000000,12691.07726000,120,120,False
1668384000000,1668391200000,16331.78000000,16411.99000000,16000.00000000,16090.87000000,28584.18562000,120,120,False
1668391200000,1668398400000,16090.87000000,16223.23000000,15911.61000000,16139.79000000,24437.33772000,120,120,False
1668398400000,1668405600000,16140.66000000,16147.54000000,15815.21000000,15863.31000000,27638.44789000,120,120,False
1668405600000,1668412800000,15863.25000000,16889.97000000,15847.54000000,16824.78000000,60304.02129000,120,120,False
1668412800000,1668420000000,16822.96000000,16935.59000000,16640.01000000,16752.98000000,33401.84992000,120,120,False
1668420000000,1668427200000,16752.99000000,16886.53000000,16709.42000000,16749.80000000,21153.58837000,120,120,False
1668427200000,1668434400000,16748.75000000,17190.00000000,16502.00000000,16729.90000000,49288.55712000,120,120,False
1668434400000,1668441600000,16729.90000000,16806.60000000,16425.67000000,16595.84000000,41113.41182000,120,120,False
1668441600000,1668448800000,16593.77000000,16625.34000000,16356.71000000,16582.52000000,27391.64552000,120,120,False
1668448800000,1668456000000,16582.52000000,16674.97000000,16181.00000000,16258.21000000,23784.45684000,120,120,False
1668456000000,1668463200000,16258.21000000,16419.99000000,16191.58000000,16406.43000000,21869.98984000,120,120,False
1668463200000,1668470400000,16407.87000000,16765.00000000,16355.98000000,16619.46000000,21243.28555000,120,120,False
1668470400000,1668477600000,16617.72000000,16809.00000000,16527.72000000,16716.70000000,22464.83383000,120,120,False
1668477600000,1668484800000,16716.70000000,16894.56000000,16683.00000000,16823.06000000,19282.62019000,120,120,False
1668484800000,1668492000000,16823.06000000,16857.85000000,16638.59000000,16657.75000000,16479.34553000,120,120,False
1668492000000,1668499200000,16657.74000000,16946.32000000,16651.85000000,16844.63000000,21537.65991000,120,120,False
1668499200000,1668506400000,16845.34000000,16989.00000000,16731.58000000,16797.92000000,24998.09835000,120,120,False
1668506400000,1668513600000,16797.92000000,16969.02000000,16708.31000000,16781.62000000,21987.16491000,120,120,False
1668513600000,1668520800000,16783.27000000,17134.69000000,16730.00000000,17012.53000000,30809.61194000,120,120,False
1668520800000,1668528000000,17014.31000000,17088.00000000,16815.08000000,16987.03000000,33859.35082000,120,120,False
1668528000000,1668535200000,16988.07000000,17071.43000000,16918.71000000,16999.24000000,24823.37176000,120,120,False
1668535200000,1668542400000,16999.24000000,17013.08000000,16614.61000000,16858.77000000,35237.42607000,120,120,False
1668542400000,1668549600000,16858.77000000,16939.99000000,16736.47000000,16911.12000000,19797.78656000,120,120,False
1668549600000,1668556800000,16911.10000000,16913.56000000,16835.58000000,16900.57000000,11184.57404000,120,120,False
1668556800000,1668564000000,16900.57000000,16935.39000000,16765.64000000,16859.19000000,18360.62062000,120,120,False
1668564000000,1668571200000,16859.19000000,17015.92000000,16822.43000000,16969.99000000,18449.06970000,120,120,False
1668571200000,1668578400000,16970.87000000,16979.22000000,16877.04000000,16922.11000000,16308.41666000,120,120,False
1668578400000,1668585600000,16922.11000000,16939.88000000,16796.20000000,16824.69000000,22858.64858000,120,120,False
1668585600000,1668592800000,16824.69000000,16850.27000000,16670.43000000,16744.33000000,24721.35148000,120,120,False
1668592800000,1668600000000,16744.33000000,16779.00000000,16650.29000000,16707.90000000,20196.68693000,120,120,False
1668600000000,1668607200000,16706.64000000,16721.23000000,16449.41000000,16513.61000000,39126.07709000,120,120,False
1668607200000,1668614400000,16512.86000000,16580.26000000,16378.61000000,16431.70000000,36948.06057000,120,120,False
1668614400000,1668621600000,16431.70000000,16636.29000000,16401.00000000,16577.01000000,20882.91549000,120,120,False
1668621600000,1668628800000,16577.97000000,16643.23000000,16452.07000000,16556.88000000,14880.76634000,120,120,False
1668628800000,1668636000000,16558.20000000,16616.04000000,16522.24000000,16549.79000000,11826.53909000,120,120,False
1668636000000,1668643200000,16549.79000000,16773.09000000,16499.46000000,16662.76000000,16934.25554000,120,120,False
1668643200000,1668650400000,16661.61000000,16751.00000000,16654.00000000,16694.30000000,15481.59172000,120,120,False
1668650400000,1668657600000,16694.30000000,16704.98000000,16505.00000000,16526.18000000,16985.08220000,120,120,False
1668657600000,1668664800000,16526.18000000,16618.27000000,16410.74000000,16578.36000000,18002.94219000,120,120,False
1668664800000,1668672000000,16579.77000000,16624.12000000,16533.95000000,16611.90000000,20578.66297000,120,120,False
1668672000000,1668679200000,16611.90000000,16635.82000000,16471.36000000,16522.75000000,20212.57021000,120,120,False
1668679200000,1668686400000,16522.19000000,16615.99000000,16500.16000000,16595.08000000,16774.71254000,120,120,False
1668686400000,1668693600000,16594.19000000,16604.71000000,16430.00000000,16492.50000000,22627.34108000,120,120,False
1668693600000,1668700800000,16492.50000000,16717.49000000,16458.09000000,16536.71000000,30833.96742000,120,120,False
1668700800000,1668708000000,16534.61000000,16707.70000000,16517.36000000,16693.40000000,24993.19526000,120,120,False
1668708000000,1668715200000,16693.40000000,16748.94000000,16602.41000000,16620.56000000,16318.11115000,120,120,False
1668715200000,1668722400000,16620.56000000,16749.00000000,16608.98000000,16694.55000000,12945.38012000,120,120,False
1668722400000,1668729600000,16694.55000000,16735.00000000,16650.49000000,16692.56000000,12285.42187000,120,120,False
1668729600000,1668736800000,16692.56000000,17011.00000000,16682.06000000,16889.82000000,30456.57410000,120,120,False
1668736800000,1668744000000,16889.82000000,16980.10000000,16842.68000000,16854.98000000,16761.85496000,120,120,False
1668744000000,1668751200000,16855.75000000,16869.08000000,16773.49000000,16805.13000000,14660.02776000,120,120,False
1668751200000,1668758400000,16805.57000000,16823.19000000,16724.32000000,16745.10000000,15121.50352000,120,120,False
1668758400000,1668765600000,16745.84000000,16766.24000000,16680.00000000,16739.50000000,19122.54403000,120,120,False
1668765600000,1668772800000,16740.00000000,16854.33000000,16712.04000000,16749.88000000,18857.21243000,120,120,False
1668772800000,1668780000000,16750.25000000,16818.00000000,16729.23000000,16752.93000000,17079.86667000,120,120,False
1668780000000,1668787200000,16752.93000000,16785.14000000,16608.80000000,16696.86000000,23989.95421000,120,120,False
1668787200000,1668794400000,16695.06000000,16732.85000000,16550.19000000,16597.08000000,20357.56233000,120,120,False
1668794400000,1668801600000,16596.06000000,16674.31000000,16546.04000000,16656.37000000,15150.18166000,120,120,False
1668801600000,1668808800000,16656.36000000,16683.00000000,16610.00000000,16651.93000000,13054.98776000,120,120,False
1668808800000,1668816000000,16651.93000000,16727.99000000,16626.83000000,16700.45000000,9611.91241000,120,120,False
1668816000000,1668823200000,16699.43000000,16708.77000000,16650.72000000,16664.75000000,7071.67453000,120,120,False
1668823200000,1668830400000,16665.69000000,16665.70000000,16573.94000000,16628.70000000,10037.15927000,120,120,False
1668830400000,1668837600000,16628.70000000,16649.00000000,16553.53000000,16597.92000000,11080.08165000,120,120,False
1668837600000,1668844800000,16598.73000000,16622.62000000,16567.95000000,16599.31000000,8474.74138000,120,120,False
1668844800000,1668852000000,16598.98000000,16663.27000000,16580.00000000,16635.10000000,9406.20572000,120,120,False
1668852000000,1668859200000,16635.10000000,16683.01000000,16622.06000000,16676.26000000,6963.12126000,120,120,False
1668859200000,1668866400000,16676.26000000,16686.86000000,16634.01000000,16649.31000000,7416.62654000,120,120,False
1668866400000,1668873600000,16649.31000000,16677.93000000,16641.59000000,16655.65000000,9736.25034000,120,120,False
1668873600000,1668880800000,16655.65000000,16664.00000000,16608.35000000,16614.65000000,8856.45660000,120,120,False
1668880800000,1668888000000,16614.02000000,16646.84000000,16611.13000000,16627.33000000,5714.99176000,120,120,False
1668888000000,1668895200000,16627.33000000,16687.25000000,16625.98000000,16679.49000000,5747.12263000,120,120,False
1668895200000,1668902400000,16679.49000000,16822.41000000,16678.12000000,16700.68000000,14458.72390000,120,120,False
1668902400000,1668909600000,16700.68000000,16753.33000000,16669.92000000,16684.71000000,9016.02249000,120,120,False
1668909600000,1668916800000,16684.30000000,16710.12000000,16666.47000000,16679.99000000,7126.45622000,120,120,False
1668916800000,1668924000000,16679.99000000,16698.00000000,16671.00000000,16687.76000000,5881.40919000,120,120,False
1668924000000,1668931200000,16687.77000000,16738.76000000,16675.32000000,16722.90000000,7008.77414000,120,120,False
1668931200000,1668938400000,16722.20000000,16736.41000000,16561.00000000,16630.48000000,14557.11133000,120,120,False
1668938400000,1668945600000,16630.12000000,16683.00000000,16462.46000000,16525.38000000,20898.55944000,120,120,False
1668945600000,1668952800000,16526.04000000,16600.00000000,16461.00000000,16584.48000000,18814.82834000,120,120,False
1668952800000,1668960000000,16584.21000000,16628.49000000,16533.78000000,16580.53000000,11022.01140000,120,120,False
1668960000000,1668967200000,16580.53000000,16590.49000000,16530.22000000,16548.21000000,8605.62949000,120,120,False
1668967200000,1668974400000,16547.82000000,16613.35000000,16533.21000000,16587.80000000,8137.42663000,120,120,False
1668974400000,1668981600000,16587.80000000,16595.85000000,16212.59000000,16284.23000000,22626.50078000,120,120,False
1668981600000,1668988800000,16284.23000000,16358.00000000,16180.00000000,16280.23000000,21147.40533000,120,120,False
1668988800000,1668996000000,16279.50000000,16295.00000000,16123.01000000,16214.15000000,22039.83743000,120,120,False
1668996000000,1669003200000,16214.15000000,16219.99000000,15897.15000000,16073.75000000,40176.39327000,120,120,False
1669003200000,1669010400000,16073.15000000,16319.00000000,16064.22000000,16228.09000000,27241.54216000,120,120,False
1669010400000,1669017600000,16228.09000000,16256.16000000,15955.99000000,16039.73000000,23921.04606000,120,120,False
1669017600000,1669024800000,16040.73000000,16169.52000000,15964.00000000,16112.48000000,25815.83327000,120,120,False
1669024800000,1669032000000,16111.77000000,16154.99000000,16055.82000000,16084.42000000,18422.77183000,120,120,False
1669032000000,1669039200000,16084.42000000,16284.00000000,16025.42000000,16175.95000000,23057.81145000,120,120,False
1669039200000,1669046400000,16176.56000000,16250.00000000,16109.74000000,16130.45000000,19501.93842000,120,120,False
1669046400000,1669053600000,16130.45000000,16139.19000000,15906.52000000,16015.22000000,30374.56687000,120,120,False
1669053600000,1669060800000,16015.22000000,16040.53000000,15589.68000000,15722.98000000,35943.21488000,120,120,False
1669060800000,1669068000000,15721.51000000,15894.74000000,15476.00000000,15649.52000000,33701.25482300,120,120,False
1669068000000,1669075200000,15648.23000000,15869.41000000,15614.96000000,15781.29000000,23900.78729000,120,120,False
1669075200000,1669082400000,15781.29000000,15967.76000000,15746.16000000,15812.06000000,20276.25371000,120,120,False
1669082400000,1669089600000,15812.06000000,15927.37000000,15770.01000000,15847.82000000,17010.50556000,120,120,False
1669089600000,1669096800000,15848.53000000,15882.87000000,15773.78000000,15803.90000000,13076.46857000,120,120,False
1669096800000,1669104000000,15804.23000000,15821.71000000,15616.63000000,15760.42000000,21772.86743000,120,120,False
1669104000000,1669111200000,15760.42000000,15775.69000000,15660.00000000,15687.97000000,17929.70604000,120,120,False
1669111200000,1669118400000,15687.97000000,15824.16000000,15661.21000000,15747.88000000,16357.84883000,120,120,False
1669118400000,1669125600000,15747.88000000,16218.00000000,15683.33000000,16171.01000000,39762.96545000,120,120,False
1669125600000,1669132800000,16171.01000000,16315.00000000,16039.88000000,16241.30000000,30256.96701000,120,120,False
1669132800000,1669140000000,16241.30000000,16290.27000000,16060.01000000,16081.97000000,19829.69999000,120,120,False
1669140000000,1669147200000,16080.84000000,16246.34000000,16049.87000000,16168.38000000,18186.04079000,120,120,False
1669147200000,1669154400000,16167.49000000,16193.07000000,16085.54000000,16147.13000000,12086.26955000,120,120,False
1669154400000,1669161600000,16145.77000000,16254.99000000,16100.68000000,16226.94000000,13002.47330000,120,120,False
1669161600000,1669168800000,16227.96000000,16261.58000000,16160.20000000,16220.74000000,14652.31405000,120,120,False
1669168800000,1669176000000,16220.74000000,16593.80000000,16213.04000000,16586.55000000,35641.06360000,120,120,False
1669176000000,1669183200000,16584.66000000,16589.99000000,16444.00000000,16464.07000000,17269.32923000,120,120,False
1669183200000,1669190400000,16463.54000000,16662.10000000,16445.94000000,16583.84000000,23092.20726000,120,120,False
1669190400000,1669197600000,16583.84000000,16637.00000000,16500.00000000,16566.38000000,21449.84038000,120,120,False
1669197600000,1669204800000,16565.77000000,16677.25000000,16531.00000000,16585.77000000,22403.15853000,120,120,False
1669204800000,1669212000000,16585.21000000,16604.10000000,16382.90000000,16394.33000000,23409.87235000,120,120,False
1669212000000,1669219200000,16395.48000000,16511.03000000,16342.98000000,16427.11000000,25130.24312000,120,120,False
1669219200000,1669226400000,16427.09000000,16465.63000000,16320.02000000,16391.62000000,17516.66448000,120,120,False
1669226400000,1669233600000,16390.51000000,16706.00000000,16380.00000000,16473.32000000,32743.71749000,120,120,False
1669233600000,1669240800000,16473.32000000,16625.00000000,16426.42000000,16488.41000000,17016.67997000,120,120,False
1669240800000,1669248000000,16488.41000000,16676.72000000,16459.43000000,16603.11000000,14602.61362000,120,120,False
1669248000000,1669255200000,16603.11000000,16799.99000000,16533.65000000,16747.83000000,21245.21521000,120,120,False
1669255200000,1669262400000,16747.83000000,16812.63000000,16678.67000000,16712.07000000,19801.92691000,120,120,False
1669262400000,1669269600000,16711.41000000,16740.01000000,16645.08000000,16655.80000000,16020.88983000,120,120,False
1669269600000,1669276800000,16655.55000000,16726.00000000,16614.75000000,16623.90000000,21750.39270000,120,120,False
1669276800000,1669284000000,16622.38000000,16642.18000000,16520.26000000,16601.53000000,22140.68022000,120,120,False
1669284000000,1669291200000,16601.53000000,16615.00000000,16493.81000000,16572.11000000,17720.87868000,120,120,False
1669291200000,1669298400000,16572.11000000,16606.52000000,16493.01000000,16586.23000000,17588.74712000,120,120,False
1669298400000,1669305600000,16586.23000000,16592.00000000,16458.05000000,16558.11000000,16622.78169000,120,120,False
1669305600000,1669312800000,16559.01000000,16676.00000000,16517.99000000,16586.73000000,20509.48242000,120,120,False
1669312800000,1669320000000,16587.67000000,16604.48000000,16542.22000000,16577.41000000,10543.43026000,120,120,False
1669320000000,1669327200000,16577.05000000,16595.48000000,16535.01000000,16551.95000000,10096.50051000,120,120,False
1669327200000,1669334400000,16552.74000000,16639.00000000,16542.20000000,16598.95000000,12524.99791000,120,120,False
1669334400000,1669341600000,16599.55000000,16622.64000000,16510.46000000,16526.84000000,15633.38916000,120,120,False
1669341600000,1669348800000,16526.84000000,16532.32000000,16470.00000000,16485.45000000,14798.29995000,120,120,False
1669348800000,1669356000000,16485.45000000,16502.19000000,16354.24000000,16362.80000000,18148.56459000,120,120,False
1669356000000,1669363200000,16363.43000000,16474.88000000,16342.81000000,16461.66000000,14961.01326000,120,120,False
1669363200000,1669370400000,16462.22000000,16495.59000000,16420.30000000,16441.79000000,12409.73853000,120,120,False
1669370400000,1669377600000,16442.28000000,16591.43000000,16407.72000000,16531.64000000,20033.35860000,120,120,False
1669377600000,1669384800000,16531.64000000,16584.48000000,16472.13000000,16491.33000000,17039.36650000,120,120,False
1669384800000,1669392000000,16491.82000000,16570.00000000,16435.11000000,16513.00000000,21100.00258000,120,120,False
1669392000000,1669399200000,16513.00000000,16536.35000000,16458.46000000,16510.38000000,14357.47413000,120,120,False
1669399200000,1669406400000,16509.52000000,16553.88000000,16477.13000000,16523.21000000,10243.79944000,120,120,False
1669406400000,1669413600000,16523.67000000,16666.00000000,16492.57000000,16501.60000000,12855.66104000,120,120,False
1669413600000,1669420800000,16502.19000000,16577.60000000,16482.87000000,16522.14000000,10508.82755000,120,120,False
1669420800000,1669428000000,16521.35000000,16701.99000000,16509.60000000,16633.87000000,22296.88915000,120,120,False
1669428000000,1669435200000,16634.33000000,16670.00000000,16602.78000000,16625.79000000,14556.18230000,120,120,False
1669435200000,1669442400000,16625.79000000,16651.84000000,16602.12000000,16625.48000000,15977.76320000,120,120,False
1669442400000,1669449600000,16625.00000000,16626.35000000,16530.00000000,16583.75000000,17542.39437000,120,120,False
1669449600000,1669456800000,16584.13000000,16600.00000000,16567.00000000,16590.86000000,10940.55240000,120,120,False
1669456800000,1669464000000,16590.86000000,16638.23000000,16556.66000000,16580.31000000,15203.01864000,120,120,False
1669464000000,1669471200000,16580.58000000,16613.21000000,16558.32000000,16596.89000000,13422.23259000,120,120,False
1669471200000,1669478400000,16596.22000000,16680.57000000,16483.25000000,16512.86000000,24801.17798000,120,120,False
1669478400000,1669485600000,16512.35000000,16532.91000000,16490.76000000,16516.05000000,10654.42381000,120,120,False
1669485600000,1669492800000,16516.63000000,16526.39000000,16420.45000000,16488.43000000,11701.55100000,120,120,False
1669492800000,1669500000000,16488.44000000,16549.66000000,16484.91000000,16516.25000000,9722.15264000,120,120,False
1669500000000,1669507200000,16516.25000000,16520.00000000,16385.00000000,16458.57000000,14986.47858000,120,120,False
1669507200000,1669514400000,16457.61000000,16510.37000000,16446.59000000,16485.56000000,15423.36257000,120,120,False
1669514400000,1669521600000,16484.95000000,16575.31000000,16482.01000000,16527.22000000,15066.97040000,120,120,False
1669521600000,1669528800000,16527.22000000,16600.00000000,16522.23000000,16537.01000000,18855.03222000,120,120,False
1669528800000,1669536000000,16537.01000000,16594.97000000,16536.43000000,16562.98000000,11954.92617000,120,120,False
1669536000000,1669543200000,16562.98000000,16583.43000000,16514.01000000,16522.92000000,12633.13442000,120,120,False
1669543200000,1669550400000,16522.97000000,16593.91000000,16513.00000000,16550.91000000,14362.27227000,120,120,False
1669550400000,1669557600000,16550.57000000,16578.66000000,16524.00000000,16539.51000000,11810.16328000,120,120,False
1669557600000,1669564800000,16539.51000000,16586.74000000,16520.00000000,16574.28000000,13175.69573000,120,120,False
1669564800000,1669572000000,16573.76000000,16581.60000000,16520.88000000,16534.20000000,11680.23503000,120,120,False
1669572000000,1669579200000,16534.20000000,16567.63000000,16531.75000000,16555.39000000,7750.85014000,120,120,False
1669579200000,1669586400000,16555.39000000,16595.00000000,16546.83000000,16578.17000000,7834.76163000,120,120,False
1669586400000,1669593600000,16578.17000000,16597.36000000,16401.00000000,16428.78000000,21478.07221000,120,120,False
1669593600000,1669600800000,16428.77000000,16487.04000000,16090.00000000,16144.12000000,37117.04950000,120,120,False
1669600800000,1669608000000,16143.40000000,16206.59000000,16051.90000000,16178.22000000,26945.42231000,120,120,False
1669608000000,1669615200000,16177.49000000,16246.98000000,16146.04000000,16159.31000000,15592.82024000,120,120,False
1669615200000,1669622400000,16158.82000000,16235.20000000,16136.00000000,16222.06000000,14425.99380000,120,120,False
1669622400000,1669629600000,16224.14000000,16270.59000000,16187.01000000,16218.07000000,16379.02636000,120,120,False
1669629600000,1669636800000,16218.07000000,16230.77000000,16178.24000000,16213.29000000,14733.91729000,120,120,False
1669636800000,1669644000000,16213.29000000,16239.31000000,16150.35000000,16179.27000000,18821.50068000,120,120,False
1669644000000,1669651200000,16179.46000000,16310.43000000,16120.38000000,16146.26000000,28390.27325000,120,120,False
1669651200000,1669658400000,16146.26000000,16399.69000000,15995.27000000,16207.12000000,43682.16114000,120,120,False
1669658400000,1669665600000,16207.12000000,16257.85000000,16145.00000000,16224.75000000,15078.31268000,120,120,False
1669665600000,1669672800000,16225.53000000,16271.09000000,16186.00000000,16199.59000000,12861.42279000,120,120,False
1669672800000,1669680000000,16200.56000000,16245.92000000,16195.63000000,16212.91000000,8667.50363000,120,120,False
1669680000000,1669687200000,16212.18000000,16309.03000000,16100.00000000,16250.77000000,20493.01220000,120,120,False
1669687200000,1669694400000,16250.77000000,16306.13000000,16246.86000000,16287.66000000,17031.79772000,120,120,False
1669694400000,1669701600000,16287.53000000,16541.59000000,16278.90000000,16484.85000000,31109.18699000,120,120,False
1669701600000,1669708800000,16484.85000000,16515.37000000,16450.23000000,16463.31000000,18834.95540000,120,120,False
1669708800000,1669716000000,16463.95000000,16548.71000000,16430.00000000,16516.64000000,27281.83121000,120,120,False
1669716000000,1669723200000,16516.64000000,16541.86000000,16484.77000000,16497.64000000,19303.44250000,120,120,False
1669723200000,1669730400000,16496.73000000,16508.04000000,16380.89000000,16412.54000000,23854.77768000,120,120,False
1669730400000,1669737600000,16412.54000000,16463.00000000,16328.84000000,16393.48000000,32288.25815000,120,120,False
1669737600000,1669744800000,16394.34000000,16429.28000000,16342.59000000,16379.72000000,18170.39908000,120,120,False
1669744800000,1669752000000,16379.72000000,16479.84000000,16357.19000000,16426.56000000,14571.17946000,120,120,False
1669752000000,1669759200000,16426.56000000,16512.39000000,16423.19000000,16465.95000000,13582.00964000,120,120,False
1669759200000,1669766400000,16465.36000000,16526.91000000,16426.24000000,16442.53000000,11585.40006000,120,120,False
1669766400000,1669773600000,16442.91000000,16950.82000000,16428.30000000,16880.19000000,43488.34424000,120,120,False
1669773600000,1669780800000,16879.22000000,17162.20000000,16840.02000000,16845.25000000,30058.54479000,120,120,False
1669780800000,1669788000000,16845.25000000,16914.58000000,16794.16000000,16864.10000000,18654.56492000,120,120,False
1669788000000,1669795200000,16863.45000000,16920.16000000,16830.38000000,16884.18000000,17380.68378000,120,120,False
1669795200000,1669802400000,16883.87000000,16930.66000000,16835.75000000,16879.49000000,17336.52025000,120,120,False
1669802400000,1669809600000,16879.83000000,16899.56000000,16863.99000000,16879.32000000,13714.30290000,120,120,False
1669809600000,1669816800000,16879.32000000,16897.00000000,16766.68000000,16810.12000000,27491.75920000,120,120,False
1669816800000,1669824000000,16810.12000000,16888.00000000,16796.89000000,16865.64000000,19726.43979000,120,120,False
1669824000000,1669831200000,16865.64000000,16907.90000000,16720.56000000,16789.66000000,23279.70119000,120,120,False
1669831200000,1669838400000,16789.66000000,17147.16000000,16705.00000000,17062.85000000,44587.29902000,120,120,False
1669838400000,1669845600000,17061.14000000,17111.70000000,17028.37000000,17106.65000000,21707.23456000,120,120,False
1669845600000,1669852800000,17106.64000000,17249.00000000,17069.04000000,17163.64000000,25594.41255000,120,120,False
1669852800000,1669860000000,17165.53000000,17236.29000000,17105.37000000,17117.13000000,23102.29221000,120,120,False
1669860000000,1669867200000,17117.13000000,17169.73000000,17088.01000000,17150.98000000,15323.97986000,120,120,False
1669867200000,1669874400000,17150.98000000,17168.00000000,17059.58000000,17110.11000000,14637.83786000,120,120,False
1669874400000,1669881600000,17110.95000000,17130.00000000,17064.11000000,17070.21000000,14321.68342000,120,120,False
1669881600000,1669888800000,17070.21000000,17137.75000000,17058.51000000,17111.70000000,18180.53358000,120,120,False
1669888800000,1669896000000,17111.40000000,17113.98000000,17042.37000000,17102.47000000,15456.93407000,120,120,False
1669896000000,1669903200000,17102.47000000,17324.00000000,16974.44000000,17088.86000000,33941.42825000,120,120,False
1669903200000,1669910400000,17089.84000000,17145.58000000,16895.02000000,16977.67000000,39039.25020000,120,120,False
1669910400000,1669917600000,16977.60000000,17000.00000000,16919.40000000,16967.67000000,19469.31827000,120,120,False
1669917600000,1669924800000,16967.67000000,16976.33000000,16897.15000000,16951.80000000,13765.60102000,120,120,False
1669924800000,1669932000000,16952.49000000,16967.79000000,16855.01000000,16924.08000000,12664.14955000,120,120,False
1669932000000,1669939200000,16924.08000000,16987.29000000,16917.42000000,16977.37000000,12915.17389000,120,120,False
1669939200000,1669946400000,16978.00000000,17048.99000000,16869.57000000,16925.79000000,22719.30857000,120,120,False
1669946400000,1669953600000,16925.25000000,16942.22000000,16857.89000000,16902.03000000,16533.63746000,120,120,False
1669953600000,1669960800000,16902.03000000,16944.84000000,16879.08000000,16934.84000000,11367.38927000,120,120,False
1669960800000,1669968000000,16935.46000000,16973.72000000,16906.99000000,16955.82000000,12727.43263000,120,120,False
1669968000000,1669975200000,16955.42000000,16989.57000000,16936.15000000,16962.17000000,12332.98630000,120,120,False
1669975200000,1669982400000,16962.17000000,17065.00000000,16946.13000000,16996.92000000,20256.75843000,120,120,False
1669982400000,1669989600000,16996.92000000,17105.73000000,16787.85000000,16889.18000000,35422.89244000,120,120,False
1669989600000,1669996800000,16889.18000000,16989.23000000,16853.52000000,16938.94000000,21254.10059000,120,120,False
1669996800000,1670004000000,16938.94000000,16973.43000000,16902.10000000,16936.33000000,13061.93855000,120,120,False
1670004000000,1670011200000,16935.68000000,16997.19000000,16930.03000000,16987.01000000,10455.66038000,120,120,False
1670011200000,1670018400000,16987.01000000,17057.42000000,16977.49000000,17012.38000000,13159.05193000,120,120,False
1670018400000,1670025600000,17012.38000000,17099.00000000,17010.14000000,17092.74000000,13081.04965000,120,120,False
1670025600000,1670032800000,17092.13000000,17188.98000000,17012.34000000,17051.11000000,16813.84592000,120,120,False
1670032800000,1670040000000,17051.11000000,17058.95000000,17011.00000000,17020.89000000,11319.14763000,120,120,False
1670040000000,1670047200000,17021.16000000,17036.24000000,17008.41000000,17016.31000000,10441.97675000,120,120,False
1670047200000,1670054400000,17016.31000000,17018.49000000,16925.55000000,16964.51000000,15378.44794000,120,120,False
1670054400000,1670061600000,16964.51000000,16987.00000000,16918.00000000,16979.13000000,13918.16747000,120,120,False
1670061600000,1670068800000,16979.13000000,16984.50000000,16880.88000000,16943.43000000,15151.40629000,120,120,False
1670068800000,1670076000000,16943.43000000,16968.99000000,16930.42000000,16952.53000000,13246.26889000,120,120,False
1670076000000,1670083200000,16953.24000000,16983.77000000,16921.07000000,16961.49000000,12845.69533000,120,120,False
1670083200000,1670090400000,16961.04000000,16982.01000000,16938.88000000,16971.08000000,10544.57332000,120,120,False
1670090400000,1670097600000,16971.08000000,16983.65000000,16937.84000000,16953.40000000,7713.13327000,120,120,False
1670097600000,1670104800000,16953.88000000,16959.61000000,16875.00000000,16947.76000000,12586.01007000,120,120,False
1670104800000,1670112000000,16947.76000000,16952.36000000,16858.74000000,16885.20000000,14583.90018000,120,120,False
1670112000000,1670119200000,16885.20000000,17049.45000000,16878.25000000,16967.26000000,17758.15431000,120,120,False
1670119200000,1670126400000,16967.26000000,16986.85000000,16945.61000000,16959.64000000,9924.36022000,120,120,False
1670126400000,1670133600000,16959.64000000,17068.00000000,16958.15000000,17015.09000000,17213.97186000,120,120,False
1670133600000,1670140800000,17015.68000000,17047.00000000,16989.00000000,16996.39000000,12943.25519000,120,120,False
1670140800000,1670148000000,16996.39000000,17050.00000000,16976.05000000,17000.65000000,12338.97197000,120,120,False
1670148000000,1670155200000,17000.17000000,17008.99000000,16905.01000000,16948.64000000,14386.08862000,120,120,False
1670155200000,1670162400000,16948.64000000,16962.89000000,16915.00000000,16946.81000000,12485.76093000,120,120,False
1670162400000,1670169600000,16946.66000000,17067.45000000,16930.89000000,17029.88000000,20975.46247000,120,120,False
1670169600000,1670176800000,17029.88000000,17100.00000000,16972.36000000,17052.24000000,14956.68224000,120,120,False
1670176800000,1670184000000,17052.21000000,17159.00000000,17034.73000000,17085.53000000,22764.58897000,120,120,False
1670184000000,1670191200000,17085.53000000,17127.88000000,17069.01000000,17110.25000000,9056.55679000,120,120,False
1670191200000,1670198400000,17110.25000000,17202.84000000,17075.55000000,17105.70000000,13815.28030000,120,120,False
1670198400000,1670205600000,17106.65000000,17300.00000000,17076.85000000,17268.49000000,25620.39045000,120,120,False
1670205600000,1670212800000,17269.05000000,17349.99000000,17185.78000000,17196.88000000,24134.81680000,120,120,False
1670212800000,1670220000000,17197.22000000,17424.25000000,17191.74000000,17340.42000000,28903.36538000,120,120,False
1670220000000,1670227200000,17340.42000000,17364.68000000,17284.19000000,17313.93000000,15035.62844000,120,120,False
1670227200000,1670234400000,17313.34000000,17386.00000000,17281.42000000,17303.76000000,23518.28147000,120,120,False
1670234400000,1670241600000,17303.76000000,17327.83000000,17282.20000000,17310.51000000,10998.76066000,120,120,False
1670241600000,1670248800000,17310.08000000,17313.48000000,17211.00000000,17232.41000000,12933.12884000,120,120,False
1670248800000,1670256000000,17232.40000000,17238.76000000,17015.32000000,17083.92000000,25634.76964000,120,120,False
1670256000000,1670263200000,17083.92000000,17106.14000000,16980.28000000,17055.01000000,19201.03744000,120,120,False
1670263200000,1670270400000,17055.01000000,17129.72000000,16867.00000000,16926.65000000,22642.03322000,120,120,False
1670270400000,1670277600000,16926.65000000,16979.01000000,16899.09000000,16973.42000000,10928.09041000,120,120,False
1670277600000,1670284800000,16973.93000000,16989.59000000,16917.35000000,16966.35000000,14152.98950000,120,120,False
1670284800000,1670292000000,16966.35000000,17102.97000000,16965.98000000,17031.22000000,19453.31600000,120,120,False
1670292000000,1670299200000,17031.68000000,17083.37000000,16996.51000000,17003.88000000,14426.77961000,120,120,False
1670299200000,1670306400000,17003.84000000,17015.59000000,16962.18000000,16976.06000000,14492.65161000,120,120,False
1670306400000,1670313600000,16976.21000000,17023.41000000,16955.13000000,17001.17000000,12535.56475000,120,120,False
1670313600000,1670320800000,17001.17000000,17041.96000000,16970.03000000,16974.34000000,17256.38981000,120,120,False
1670320800000,1670328000000,16974.41000000,16992.19000000,16906.37000000,16983.90000000,19779.73514000,120,120,False
1670328000000,1670335200000,16983.42000000,17032.95000000,16975.13000000,16984.94000000,16754.25974000,120,120,False
1670335200000,1670342400000,16984.94000000,17024.67000000,16930.00000000,16985.27000000,32472.54534000,120,120,False
1670342400000,1670349600000,16985.27000000,17021.56000000,16944.77000000,16959.77000000,21795.94323000,120,120,False
1670349600000,1670356800000,16959.77000000,16998.42000000,16912.24000000,16970.93000000,18704.81930000,120,120,False
1670356800000,1670364000000,16970.52000000,17010.85000000,16951.75000000,16993.50000000,12849.98948000,120,120,False
1670364000000,1670371200000,16993.69000000,17107.01000000,16958.98000000,17088.96000000,18208.77482000,120,120,False
1670371200000,1670378400000,17088.96000000,17142.21000000,17018.94000000,17041.01000000,21079.42131000,120,120,False
1670378400000,1670385600000,17041.00000000,17067.64000000,17020.02000000,17025.03000000,11593.01345000,120,120,False
1670385600000,1670392800000,17024.97000000,17046.48000000,16973.26000000,17004.51000000,14980.45763000,120,120,False
1670392800000,1670400000000,17004.20000000,17006.58000000,16729.35000000,16763.03000000,33750.28571000,120,120,False
1670400000000,1670407200000,16763.03000000,16836.69000000,16678.83000000,16834.76000000,24204.83309000,120,120,False
1670407200000,1670414400000,16834.76000000,16835.38000000,16780.33000000,16793.29000000,16449.62954000,120,120,False
1670414400000,1670421600000,16793.29000000,16872.00000000,16765.12000000,16855.24000000,20697.57862000,120,120,False
1670421600000,1670428800000,16855.24000000,16897.38000000,16810.01000000,16837.48000000,24884.97945000,120,120,False
1670428800000,1670436000000,16837.48000000,16850.24000000,16778.21000000,16805.85000000,18495.31488000,120,120,False
1670436000000,1670443200000,16805.99000000,16839.38000000,16783.05000000,16815.73000000,12886.20543000,120,120,False
1670443200000,1670450400000,16815.13000000,16844.50000000,16801.02000000,16828.88000000,9757.60334000,120,120,False
1670450400000,1670457600000,16829.53000000,16865.81000000,16793.70000000,16836.64000000,11878.09089000,120,120,False
1670457600000,1670464800000,16836.64000000,16890.01000000,16780.01000000,16831.68000000,20376.20862000,120,120,False
1670464800000,1670472000000,16831.09000000,16883.51000000,16808.36000000,16834.32000000,15722.42902000,120,120,False
1670472000000,1670479200000,16834.32000000,16851.00000000,16801.03000000,16819.23000000,14408.66225000,120,120,False
1670479200000,1670486400000,16819.03000000,16844.96000000,16777.00000000,16825.55000000,14704.96356000,120,120,False
1670486400000,1670493600000,16825.55000000,16846.34000000,16793.00000000,16801.58000000,13221.83835000,120,120,False
1670493600000,1670500800000,16801.18000000,16863.01000000,16733.49000000,16851.02000000,18770.34412000,120,120,False
1670500800000,1670508000000,16850.88000000,16879.16000000,16802.88000000,16856.57000000,19447.68271000,120,120,False
1670508000000,1670515200000,16856.57000000,16957.79000000,16829.26000000,16917.40000000,25706.29284000,120,120,False
1670515200000,1670522400000,16917.39000000,16977.36000000,16909.46000000,16966.57000000,19219.82008000,120,120,False
1670522400000,1670529600000,16966.57000000,17299.00000000,16958.96000000,17251.62000000,38036.64958000,120,120,False
1670529600000,1670536800000,17251.32000000,17297.65000000,17154.94000000,17180.93000000,15251.21352000,120,120,False
1670536800000,1670544000000,17180.93000000,17279.76000000,17176.04000000,17224.10000000,21551.87339000,120,120,False
1670544000000,1670551200000,17224.10000000,17300.00000000,17186.50000000,17234.84000000,21569.69967000,120,120,False
1670551200000,1670558400000,17235.43000000,17255.61000000,17191.05000000,17202.66000000,16096.89560000,120,120,False
1670558400000,1670565600000,17202.01000000,17229.00000000,17188.00000000,17218.24000000,14882.37720000,120,120,False
1670565600000,1670572800000,17218.24000000,17235.85000000,17191.41000000,17211.93000000,15401.48793000,120,120,False
1670572800000,1670580000000,17211.65000000,17263.70000000,17200.00000000,17237.40000000,15393.22155000,120,120,False
1670580000000,1670587200000,17238.06000000,17269.39000000,17203.12000000,17241.44000000,18999.11123000,120,120,False
1670587200000,1670594400000,17241.16000000,17360.00000000,17058.21000000,17150.70000000,44564.16365000,120,120,False
1670594400000,1670601600000,17151.55000000,17199.36000000,17079.83000000,17181.50000000,30008.29898000,120,120,False
1670601600000,1670608800000,17181.50000000,17187.51000000,17150.61000000,17164.34000000,17150.63609000,120,120,False
1670608800000,1670616000000,17163.99000000,17165.20000000,17119.03000000,17142.67000000,16641.21026000,120,120,False
1670616000000,1670623200000,17142.67000000,17151.63000000,17067.10000000,17111.10000000,18267.92897000,120,120,False
1670623200000,1670630400000,17111.10000000,17158.22000000,17105.49000000,17128.56000000,9447.03352000,120,120,False
1670630400000,1670637600000,17128.56000000,17169.09000000,17120.77000000,17154.43000000,13153.19403000,120,120,False
1670637600000,1670644800000,17154.10000000,17159.50000000,17116.40000000,17145.08000000,10393.36261000,120,120,False
1670644800000,1670652000000,17145.08000000,17163.51000000,17132.50000000,17134.12000000,9345.41958000,120,120,False
1670652000000,1670659200000,17134.12000000,17178.00000000,17130.28000000,17154.06000000,11862.79201000,120,120,False
1670659200000,1670666400000,17154.06000000,17157.72000000,17112.52000000,17145.29000000,11698.21972000,120,120,False
1670666400000,1670673600000,17145.29000000,17173.91000000,17140.84000000,17168.61000000,12479.43642000,120,120,False
1670673600000,1670680800000,17168.17000000,17194.35000000,17140.23000000,17158.24000000,11957.88358000,120,120,False
1670680800000,1670688000000,17158.24000000,17225.12000000,17142.91000000,17207.70000000,16503.21744000,120,120,False
1670688000000,1670695200000,17207.69000000,17227.72000000,17160.14000000,17169.18000000,13577.01016000,120,120,False
1670695200000,1670702400000,17169.18000000,17194.76000000,17165.14000000,17175.80000000,7313.62456000,120,120,False
1670702400000,1670709600000,17175.50000000,17183.87000000,17125.00000000,17125.43000000,8764.41505000,120,120,False
1670709600000,1670716800000,17125.43000000,17159.82000000,17092.00000000,17127.49000000,13525.40421000,120,120,False
1670716800000,1670724000000,17127.49000000,17170.60000000,17121.92000000,17163.92000000,9398.29735000,120,120,False
1670724000000,1670731200000,17164.40000000,17175.00000000,17139.79000000,17153.61000000,10775.63455000,120,120,False
1670731200000,1670738400000,17153.81000000,17190.33000000,17150.29000000,17174.82000000,12455.75413000,120,120,False
1670738400000,1670745600000,17174.82000000,17200.00000000,17152.94000000,17180.88000000,12827.28515000,120,120,False
1670745600000,1670752800000,17180.88000000,17187.67000000,17154.56000000,17168.21000000,10878.09381000,120,120,False
1670752800000,1670760000000,17167.86000000,17174.66000000,17140.01000000,17167.43000000,12305.54954000,120,120,False
1670760000000,1670767200000,17167.12000000,17169.80000000,17127.96000000,17157.50000000,13865.51986000,120,120,False
1670767200000,1670774400000,17157.21000000,17159.58000000,17130.10000000,17153.52000000,10622.21602000,120,120,False
1670774400000,1670781600000,17153.52000000,17177.65000000,17146.00000000,17177.19000000,7807.72322000,120,120,False
1670781600000,1670788800000,17177.18000000,17270.99000000,17136.00000000,17177.43000000,17513.74867000,120,120,False
1670788800000,1670796000000,17177.88000000,17179.40000000,17088.00000000,17113.20000000,20148.47372000,120,120,False
1670796000000,1670803200000,17113.20000000,17129.30000000,17071.00000000,17085.05000000,16688.18269000,120,120,False
1670803200000,1670810400000,17085.05000000,17087.67000000,16921.00000000,16951.26000000,31886.51971000,120,120,False
1670810400000,1670817600000,16951.26000000,16959.42000000,16871.85000000,16918.97000000,27697.38561000,120,120,False
1670817600000,1670824800000,16918.69000000,16948.66000000,16903.64000000,16945.12000000,15937.60295000,120,120,False
1670824800000,1670832000000,16945.12000000,16945.31000000,16906.05000000,16923.94000000,14153.17834000,120,120,False
1670832000000,1670839200000,16923.61000000,16975.00000000,16903.49000000,16961.21000000,16905.27685000,120,120,False
1670839200000,1670846400000,16961.41000000,17008.40000000,16959.54000000,16988.62000000,13432.69298000,120,120,False
1670846400000,1670853600000,16989.45000000,17010.00000000,16920.61000000,16970.47000000,24375.80956000,120,120,False
1670853600000,1670860800000,16970.49000000,17054.79000000,16967.93000000,17010.81000000,22745.98034000,120,120,False
1670860800000,1670868000000,17010.19000000,17022.02000000,16981.03000000,17010.09000000,12924.87008000,120,120,False
1670868000000,1670875200000,17010.50000000,17046.43000000,17005.00000000,17043.22000000,9838.92294000,120,120,False
1670875200000,1670882400000,17043.22000000,17219.72000000,17042.48000000,17175.67000000,23363.48639000,120,120,False
1670882400000,1670889600000,17175.67000000,17241.89000000,17141.44000000,17209.83000000,12965.77119000,120,120,False
1670889600000,1670896800000,17208.93000000,17238.70000000,17140.09000000,17146.05000000,14102.98096000,120,120,False
1670896800000,1670904000000,17146.05000000,17167.85000000,17119.02000000,17152.37000000,13906.79252000,120,120,False
1670904000000,1670911200000,17152.37000000,17196.50000000,17135.34000000,17186.44000000,14415.97558000,120,120,False
1670911200000,1670918400000,17185.59000000,17208.47000000,17080.14000000,17165.17000000,27236.10797000,120,120,False
1670918400000,1670925600000,17164.82000000,17500.00000000,17155.00000000,17427.82000000,23374.09448000,120,120,False
1670925600000,1670932800000,17427.82000000,17482.59000000,17357.74000000,17444.63000000,32920.35289000,120,120,False
1670932800000,1670940000000,17444.32000000,18000.00000000,17395.00000000,17897.86000000,53260.39859000,120,120,False
1670940000000,1670947200000,17899.26000000,17951.83000000,17731.00000000,17752.94000000,37058.81846000,120,120,False
1670947200000,1670954400000,17753.54000000,17840.00000000,17618.38000000,17643.73000000,28191.62645000,120,120,False
1670954400000,1670961600000,17644.60000000,17787.18000000,17631.17000000,17740.86000000,16148.84534000,120,120,False
1670961600000,1670968800000,17741.83000000,17781.97000000,17705.70000000,17767.73000000,11400.31669000,120,120,False
1670968800000,1670976000000,17767.73000000,17818.99000000,17705.01000000,17774.70000000,12446.60397000,120,120,False
1670976000000,1670983200000,17775.82000000,17845.00000000,17750.00000000,17780.99000000,13926.30487000,120,120,False
1670983200000,1670990400000,17781.44000000,17838.28000000,17751.51000000,17781.68000000,12678.37160000,120,120,False
1670990400000,1670997600000,17781.68000000,17790.67000000,17734.19000000,17784.86000000,11106.06246000,120,120,False
1670997600000,1671004800000,17785.28000000,17817.46000000,17761.74000000,17806.01000000,10752.44479000,120,120,False
1671004800000,1671012000000,17805.54000000,17878.50000000,17785.00000000,17815.22000000,16627.95602000,120,120,False
1671012000000,1671019200000,17815.22000000,17859.38000000,17795.06000000,17824.93000000,12374.00049000,120,120,False
1671019200000,1671026400000,17824.93000000,17963.93000000,17815.75000000,17894.86000000,24557.20238000,120,120,False
1671026400000,1671033600000,17894.85000000,18116.00000000,17892.97000000,18061.83000000,33066.31648000,120,120,False
1671033600000,1671040800000,18061.83000000,18157.40000000,18054.51000000,18096.48000000,22322.04007000,120,120,False
1671040800000,1671048000000,18096.48000000,18387.95000000,17709.62000000,17792.90000000,70911.93167000,120,120,False
1671048000000,1671055200000,17792.90000000,17947.33000000,17660.94000000,17832.65000000,26597.54892000,120,120,False
1671055200000,1671062400000,17831.61000000,17878.73000000,17775.00000000,17803.15000000,11761.04234000,120,120,False
1671062400000,1671069600000,17804.01000000,17854.82000000,17605.01000000,17631.60000000,18511.23392000,120,120,False
1671069600000,1671076800000,17631.77000000,17754.97000000,17561.00000000,17729.56000000,15701.39279000,120,120,False
1671076800000,1671084000000,17729.57000000,17738.22000000,17681.30000000,17714.01000000,8386.03862000,120,120,False
1671084000000,1671091200000,17714.01000000,17746.00000000,17683.32000000,17691.45000000,9651.61358000,120,120,False
1671091200000,1671098400000,17690.84000000,17713.24000000,17610.22000000,17695.53000000,14396.65852000,120,120,False
1671098400000,1671105600000,17696.20000000,17726.00000000,17646.19000000,17720.33000000,11984.88661000,120,120,False
1671105600000,1671112800000,17720.33000000,17725.93000000,17454.39000000,17506.34000000,29812.68911000,120,120,False
1671112800000,1671120000000,17505.46000000,17550.11000000,17374.89000000,17429.05000000,37352.42093000,120,120,False
1671120000000,1671127200000,17428.43000000,17446.37000000,17341.77000000,17399.32000000,22885.33974000,120,120,False
1671127200000,1671134400000,17398.60000000,17474.38000000,17314.00000000,17442.25000000,20601.93474000,120,120,False
1671134400000,1671141600000,17442.80000000,17457.44000000,17340.26000000,17396.01000000,15757.70349000,120,120,False
1671141600000,1671148800000,17396.76000000,17409.00000000,17275.51000000,17356.34000000,18660.05677000,120,120,False
1671148800000,1671156000000,17356.96000000,17428.55000000,17345.15000000,17386.82000000,14192.17052000,120,120,False
1671156000000,1671163200000,17386.82000000,17428.22000000,17385.78000000,17425.76000000,8339.16365000,120,120,False
1671163200000,1671170400000,17425.76000000,17427.60000000,17372.70000000,17408.96000000,7217.58309000,120,120,False
1671170400000,1671177600000,17408.50000000,17531.73000000,17381.54000000,17503.35000000,12658.95832000,120,120,False
1671177600000,1671184800000,17503.36000000,17519.64000000,16950.81000000,17038.97000000,42678.53736000,120,120,False
1671184800000,1671192000000,17038.97000000,17044.45000000,16918.97000000,17027.09000000,18898.28014000,120,120,False
1671192000000,1671199200000,17027.09000000,17037.76000000,16935.57000000,16946.22000000,17631.39092000,120,120,False
1671199200000,1671206400000,16946.22000000,17085.00000000,16890.46000000,16972.34000000,29198.26526000,120,120,False
1671206400000,1671213600000,16972.33000000,16979.02000000,16732.36000000,16796.29000000,32991.55897000,120,120,False
1671213600000,1671220800000,16796.94000000,16880.56000000,16774.84000000,16864.81000000,12605.19572000,120,120,False
1671220800000,1671228000000,16865.22000000,16956.55000000,16809.01000000,16831.24000000,19005.46154000,120,120,False
1671228000000,1671235200000,16831.25000000,16871.98000000,16527.32000000,16632.12000000,37962.47567000,120,120,False
1671235200000,1671242400000,16631.50000000,16729.32000000,16600.31000000,16669.40000000,18016.24944000,120,120,False
1671242400000,1671249600000,16669.40000000,16704.65000000,16579.85000000,16676.85000000,17846.68067000,120,120,False
1671249600000,1671256800000,16676.85000000,16735.66000000,16653.53000000,16688.98000000,14649.81807000,120,120,False
1671256800000,1671264000000,16688.98000000,16772.00000000,16670.08000000,16745.54000000,16766.18857000,120,120,False
1671264000000,1671271200000,16746.15000000,16755.38000000,16676.11000000,16694.68000000,10201.24075000,120,120,False
1671271200000,1671278400000,16695.26000000,16757.42000000,16661.71000000,16708.22000000,13016.94701000,120,120,False
1671278400000,1671285600000,16707.55000000,16729.18000000,16650.00000000,16668.41000000,11940.46907000,120,120,False
1671285600000,1671292800000,16667.60000000,16712.28000000,16642.00000000,16700.26000000,12647.39036000,120,120,False
1671292800000,1671300000000,16700.78000000,16701.96000000,16647.15000000,16672.81000000,7500.96466000,120,120,False
1671300000000,1671307200000,16672.80000000,16721.77000000,16664.18000000,16691.63000000,6025.20040000,120,120,False
1671307200000,1671314400000,16692.16000000,16737.10000000,16685.03000000,16709.53000000,6410.09666000,120,120,False
1671314400000,1671321600000,16709.53000000,16796.82000000,16700.00000000,16776.52000000,9804.42118000,120,120,False
1671321600000,1671328800000,16777.54000000,16784.80000000,16702.23000000,16713.55000000,8189.35620000,120,120,False
1671328800000,1671336000000,16714.00000000,16744.13000000,16708.00000000,16741.02000000,5313.41978000,120,120,False
1671336000000,1671343200000,16741.02000000,16804.70000000,16735.00000000,16739.58000000,11120.38843000,120,120,False
1671343200000,1671350400000,16739.06000000,16761.17000000,16718.01000000,16750.83000000,9462.50927000,120,120,False
1671350400000,1671357600000,16750.83000000,16767.58000000,16663.07000000,16696.88000000,13429.81519000,120,120,False
1671357600000,1671364800000,16696.32000000,16725.82000000,16687.24000000,16711.35000000,10023.82047000,120,120,False
1671364800000,1671372000000,16711.35000000,16738.00000000,16691.33000000,16710.05000000,8578.33303000,120,120,False
1671372000000,1671379200000,16709.99000000,16727.00000000,16673.63000000,16683.84000000,8467.80225000,120,120,False
1671379200000,1671386400000,16683.83000000,16716.96000000,16676.15000000,16712.58000000,8373.15075000,120,120,False
1671386400000,1671393600000,16711.88000000,16794.99000000,16710.04000000,16750.82000000,12745.16414000,120,120,False
1671393600000,1671400800000,16751.52000000,16783.22000000,16737.01000000,16746.51000000,6163.18027000,120,120,False
1671400800000,1671408000000,16746.94000000,16863.26000000,16723.40000000,16738.21000000,10752.37668000,120,120,False
1671408000000,1671415200000,16739.00000000,16815.99000000,16715.44000000,16785.69000000,11395.65686000,120,120,False
1671415200000,1671422400000,16785.15000000,16788.25000000,16627.35000000,16681.47000000,14403.64886000,120,120,False
1671422400000,1671429600000,16681.43000000,16735.98000000,16672.88000000,16706.21000000,10393.18194000,120,120,False
1671429600000,1671436800000,16705.87000000,16750.00000000,16697.01000000,16722.23000000,13170.73124000,120,120,False
1671436800000,1671444000000,16722.23000000,16770.00000000,16707.10000000,16752.25000000,11944.36614000,120,120,False
1671444000000,1671451200000,16752.25000000,16784.00000000,16725.65000000,16734.46000000,9420.43018000,120,120,False
1671451200000,1671458400000,16734.46000000,16757.50000000,16710.00000000,16710.18000000,11839.04405000,120,120,False
1671458400000,1671465600000,16710.05000000,16765.71000000,16665.03000000,16669.08000000,18176.05500000,120,120,False
1671465600000,1671472800000,16668.23000000,16702.83000000,16505.00000000,16599.79000000,24338.03970000,120,120,False
1671472800000,1671480000000,16599.78000000,16637.46000000,16525.60000000,16555.74000000,16088.13788000,120,120,False
1671480000000,1671487200000,16555.74000000,16649.00000000,16538.44000000,16590.32000000,11987.33928000,120,120,False
1671487200000,1671494400000,16590.31000000,16609.78000000,16256.30000000,16438.88000000,25937.65192000,120,120,False
1671494400000,1671501600000,16438.88000000,16607.94000000,16397.20000000,16580.23000000,23756.81707000,120,120,False
1671501600000,1671508800000,16580.25000000,16856.50000000,16550.15000000,16727.24000000,35422.05299000,120,120,False
1671508800000,1671516000000,16727.25000000,16880.58000000,16689.10000000,16785.78000000,26396.35366000,120,120,False
1671516000000,1671523200000,16786.37000000,16849.00000000,16748.18000000,16802.83000000,15146.06073000,120,120,False
1671523200000,1671530400000,16802.23000000,16858.42000000,16769.25000000,16811.83000000,15317.55078000,120,120,False
1671530400000,1671537600000,16811.15000000,16846.25000000,16763.78000000,16814.25000000,14828.71729000,120,120,False
1671537600000,1671544800000,16814.71000000,16856.66000000,16782.13000000,16795.62000000,14266.89109000,120,120,False
1671544800000,1671552000000,16795.05000000,17061.27000000,16710.12000000,16918.83000000,39754.20547000,120,120,False
1671552000000,1671559200000,16918.15000000,16936.32000000,16770.01000000,16815.83000000,21502.10941000,120,120,False
1671559200000,1671566400000,16815.83000000,16915.92000000,16767.00000000,16900.30000000,15885.72375000,120,120,False
1671566400000,1671573600000,16900.93000000,16926.99000000,16833.51000000,16877.19000000,14084.71844000,120,120,False
1671573600000,1671580800000,16877.21000000,16925.49000000,16847.19000000,16895.56000000,12447.72256000,120,120,False
1671580800000,1671588000000,16896.15000000,16925.00000000,16815.26000000,16867.05000000,14838.44288000,120,120,False
1671588000000,1671595200000,16867.33000000,16880.91000000,16794.84000000,16837.10000000,10780.37344000,120,120,False
1671595200000,1671602400000,16836.44000000,16847.91000000,16767.53000000,16833.49000000,13072.47684000,120,120,False
1671602400000,1671609600000,16833.49000000,16856.84000000,16813.44000000,16816.18000000,9448.08378000,120,120,False
1671609600000,1671616800000,16816.18000000,16894.75000000,16795.69000000,16868.72000000,13746.51806000,120,120,False
1671616800000,1671624000000,16868.15000000,16894.91000000,16851.43000000,16878.47000000,8685.82635000,120,120,False
1671624000000,1671631200000,16878.47000000,16886.47000000,16811.00000000,16847.57000000,12415.34749000,120,120,False
1671631200000,1671638400000,16847.57000000,16914.72000000,16723.00000000,16861.13000000,25429.37758000,120,120,False
1671638400000,1671645600000,16860.51000000,16866.40000000,16770.55000000,16815.52000000,14842.07439000,120,120,False
1671645600000,1671652800000,16814.72000000,16832.99000000,16728.09000000,16756.20000000,12169.26272000,120,120,False
1671652800000,1671660000000,16756.20000000,16802.27000000,16729.22000000,16793.07000000,11481.50212000,120,120,False
1671660000000,1671667200000,16793.59000000,16835.11000000,16749.64000000,16824.67000000,9901.67797000,120,120,False
1671667200000,1671674400000,16824.68000000,16860.77000000,16809.78000000,16818.02000000,11053.27210000,120,120,False
1671674400000,1671681600000,16818.02000000,16858.19000000,16812.15000000,16852.80000000,8316.64122000,120,120,False
1671681600000,1671688800000,16852.44000000,16859.54000000,16815.07000000,16823.38000000,8262.68790000,120,120,False
1671688800000,1671696000000,16823.43000000,16831.45000000,16783.43000000,16826.87000000,11681.51178000,120,120,False
1671696000000,1671703200000,16826.23000000,16868.52000000,16801.30000000,16847.66000000,14195.33656000,120,120,False
1671703200000,1671710400000,16847.66000000,16860.87000000,16812.00000000,16834.80000000,9947.76569000,120,120,False
1671710400000,1671717600000,16834.20000000,16845.45000000,16761.28000000,16780.04000000,15196.88817000,120,120,False
1671717600000,1671724800000,16780.48000000,16792.13000000,16610.92000000,16636.54000000,29075.33816000,120,120,False
1671724800000,1671732000000,16636.54000000,16669.50000000,16566.00000000,16591.96000000,19762.43247000,120,120,False
1671732000000,1671739200000,16592.79000000,16664.65000000,16559.85000000,16662.13000000,14390.24343000,120,120,False
1671739200000,1671746400000,16662.72000000,16852.79000000,16647.01000000,16796.47000000,23815.65879000,120,120,False
1671746400000,1671753600000,16796.47000000,16847.49000000,16781.95000000,16821.43000000,10346.49608000,120,120,False
1671753600000,1671760800000,16821.90000000,16832.76000000,16770.00000000,16799.20000000,10514.34899000,120,120,False
1671760800000,1671768000000,16799.20000000,16893.90000000,16778.90000000,16828.23000000,13876.83357000,120,120,False
1671768000000,1671775200000,16828.54000000,16847.82000000,16808.54000000,16821.85000000,9099.02567000,120,120,False
1671775200000,1671782400000,16822.26000000,16856.54000000,16805.53000000,16848.01000000,10107.50049000,120,120,False
1671782400000,1671789600000,16848.45000000,16860.06000000,16810.23000000,16837.45000000,11017.63747000,120,120,False
1671789600000,1671796800000,16837.45000000,16890.89000000,16832.41000000,16844.02000000,11380.30532000,120,120,False
1671796800000,1671804000000,16844.02000000,16955.14000000,16731.13000000,16841.76000000,25854.88056000,120,120,False
1671804000000,1671811200000,16842.48000000,16891.81000000,16762.05000000,16832.16000000,25688.73471000,120,120,False
1671811200000,1671818400000,16832.15000000,16855.55000000,16816.00000000,16841.85000000,11861.88438000,120,120,False
1671818400000,1671825600000,16842.05000000,16860.07000000,16821.00000000,16844.79000000,10198.36724000,120,120,False
1671825600000,1671832800000,16844.79000000,16851.57000000,16786.72000000,16812.40000000,12292.76466000,120,120,False
1671832800000,1671840000000,16812.40000000,16812.40000000,16765.67000000,16778.50000000,9719.72641000,120,120,False
1671840000000,1671847200000,16778.52000000,16827.00000000,16776.62000000,16814.05000000,7966.86978000,120,120,False
1671847200000,1671854400000,16813.67000000,16844.08000000,16801.29000000,16840.65000000,8934.89815000,120,120,False
1671854400000,1671861600000,16840.80000000,16846.80000000,16805.01000000,16823.10000000,8799.51348000,120,120,False
1671861600000,1671868800000,16822.74000000,16857.37000000,16807.19000000,16848.26000000,9644.00473000,120,120,False
1671868800000,1671876000000,16848.26000000,16859.44000000,16817.99000000,16830.62000000,10355.28322000,120,120,False
1671876000000,1671883200000,16830.97000000,16837.28000000,16821.79000000,16824.41000000,7416.80028000,120,120,False
1671883200000,1671890400000,16824.42000000,16833.00000000,16815.09000000,16818.30000000,6992.90691000,120,120,False
1671890400000,1671897600000,16818.44000000,16840.00000000,16816.02000000,16836.35000000,6418.10284000,120,120,False
1671897600000,1671904800000,16835.93000000,16844.90000000,16823.00000000,16841.67000000,7007.75916000,120,120,False
1671904800000,1671912000000,16841.98000000,16865.00000000,16828.01000000,16843.59000000,7725.32703000,120,120,False
1671912000000,1671919200000,16843.92000000,16869.99000000,16821.01000000,16823.97000000,8338.07882000,120,120,False
1671919200000,1671926400000,16823.97000000,16853.72000000,16808.15000000,16836.12000000,10624.74656000,120,120,False
1671926400000,1671933600000,16835.73000000,16852.95000000,16830.61000000,16845.01000000,7058.62524000,120,120,False
1671933600000,1671940800000,16844.66000000,16848.10000000,16823.02000000,16832.14000000,6110.83719000,120,120,False
1671940800000,1671948000000,16832.14000000,16843.00000000,16802.00000000,16831.74000000,11690.72277000,120,120,False
1671948000000,1671955200000,16832.27000000,16833.92000000,16816.76000000,16821.97000000,8352.61110000,120,120,False
1671955200000,1671962400000,16821.97000000,16835.93000000,16821.71000000,16832.50000000,7892.01771000,120,120,False
1671962400000,1671969600000,16832.25000000,16834.16000000,16815.40000000,16821.51000000,8499.67198000,120,120,False
1671969600000,1671976800000,16821.51000000,16824.99000000,16800.00000000,16811.53000000,9167.02615000,120,120,False
1671976800000,1671984000000,16811.82000000,16857.96000000,16721.00000000,16793.09000000,22982.16742000,120,120,False
1671984000000,1671991200000,16793.49000000,16822.27000000,16771.70000000,16796.35000000,11332.15294000,120,120,False
1671991200000,1671998400000,16796.17000000,16803.75000000,16727.00000000,16794.07000000,11714.35715000,120,120,False
1671998400000,1672005600000,16794.07000000,16845.63000000,16753.44000000,16830.88000000,10947.77667000,120,120,False
1672005600000,1672012800000,16830.30000000,16846.00000000,16804.45000000,16832.11000000,9693.10570000,120,120,False
1672012800000,1672020000000,16832.11000000,16875.28000000,16820.75000000,16856.36000000,9181.78840000,120,120,False
1672020000000,1672027200000,16856.36000000,16900.00000000,16853.46000000,16894.19000000,11863.09221000,120,120,False
1672027200000,1672034400000,16894.54000000,16924.00000000,16852.50000000,16853.30000000,11015.06978000,120,120,False
1672034400000,1672041600000,16853.30000000,16868.63000000,16835.00000000,16843.65000000,8825.24099000,120,120,False
1672041600000,1672048800000,16843.76000000,16852.94000000,16818.00000000,16832.98000000,8373.05651000,120,120,False
1672048800000,1672056000000,16832.98000000,16873.15000000,16828.58000000,16864.04000000,11233.35706000,120,120,False
1672056000000,1672063200000,16864.64000000,16868.34000000,16831.85000000,16838.13000000,11433.85188000,120,120,False
1672063200000,1672070400000,16838.13000000,16845.50000000,16791.00000000,16809.51000000,11227.93077000,120,120,False
1672070400000,1672077600000,16809.51000000,16845.22000000,16798.38000000,16835.33000000,9666.79688000,120,120,False
1672077600000,1672084800000,16835.34000000,16862.23000000,16813.95000000,16841.00000000,9559.96016000,120,120,False
1672084800000,1672092000000,16841.00000000,16852.61000000,16822.71000000,16833.38000000,8241.69450000,120,120,False
1672092000000,1672099200000,16833.38000000,16944.52000000,16817.82000000,16919.39000000,13942.16742000,120,120,False
1672099200000,1672106400000,16919.39000000,16972.83000000,16839.00000000,16865.60000000,18664.76459000,120,120,False
1672106400000,1672113600000,16865.60000000,16891.68000000,16856.40000000,16876.51000000,9604.12745000,120,120,False
1672113600000,1672120800000,16876.82000000,16897.00000000,16868.29000000,16872.11000000,9566.37040000,120,120,False
1672120800000,1672128000000,16872.10000000,16891.99000000,16853.52000000,16869.19000000,10699.21593000,120,120,False
1672128000000,1672135200000,16869.68000000,16882.03000000,16830.75000000,16876.95000000,13338.03144000,120,120,False
1672135200000,1672142400000,16876.95000000,16878.95000000,16806.57000000,16832.40000000,13322.02057000,120,120,False
1672142400000,1672149600000,16832.01000000,16839.00000000,16798.00000000,16819.80000000,14118.21637000,120,120,False
1672149600000,1672156800000,16819.44000000,16839.49000000,16733.21000000,16799.78000000,24065.19695000,120,120,False
1672156800000,1672164000000,16799.92000000,16804.98000000,16620.04000000,16679.70000000,20369.77041000,120,120,False
1672164000000,1672171200000,16680.28000000,16691.63000000,16592.37000000,16690.75000000,17819.57152000,120,120,False
1672171200000,1672178400000,16690.75000000,16716.93000000,16651.03000000,16703.55000000,12291.73049000,120,120,False
1672178400000,1672185600000,16702.83000000,16723.24000000,16684.82000000,16706.36000000,9890.57004000,120,120,False
1672185600000,1672192800000,16706.06000000,16755.20000000,16649.99000000,16695.55000000,14550.19442000,120,120,False
1672192800000,1672200000000,16695.55000000,16713.41000000,16559.79000000,16650.65000000,19776.84237000,120,120,False
1672200000000,1672207200000,16650.65000000,16678.85000000,16585.71000000,16602.98000000,16664.73167000,120,120,False
1672207200000,1672214400000,16603.96000000,16655.17000000,16592.18000000,16647.16000000,12132.79503000,120,120,False
1672214400000,1672221600000,16647.16000000,16681.00000000,16632.00000000,16659.00000000,12627.55445000,120,120,False
1672221600000,1672228800000,16659.00000000,16689.30000000,16646.05000000,16678.98000000,12908.63199000,120,120,False
1672228800000,1672236000000,16678.52000000,16687.57000000,16640.67000000,16652.02000000,11548.31717000,120,120,False
1672236000000,1672243200000,16652.02000000,16785.19000000,16569.94000000,16578.52000000,30142.71840000,120,120,False
1672243200000,1672250400000,16578.02000000,16658.90000000,16563.63000000,16640.45000000,15288.94713000,120,120,False
1672250400000,1672257600000,16640.02000000,16668.00000000,16591.38000000,16595.92000000,12611.74574000,120,120,False
1672257600000,1672264800000,16595.43000000,16615.67000000,16465.33000000,16527.88000000,20472.29028000,120,120,False
1672264800000,1672272000000,16527.88000000,16560.64000000,16475.98000000,16547.31000000,14312.79712000,120,120,False
1672272000000,1672279200000,16547.32000000,16594.00000000,16540.65000000,16548.53000000,11335.99282000,120,120,False
1672279200000,1672286400000,16548.53000000,16563.49000000,16488.91000000,16558.33000000,12272.83586000,120,120,False
1672286400000,1672293600000,16558.33000000,16583.87000000,16539.85000000,16576.59000000,10065.96180000,120,120,False
1672293600000,1672300800000,16577.21000000,16582.38000000,16534.04000000,16556.37000000,11092.85103000,120,120,False
1672300800000,1672308000000,16556.37000000,16630.00000000,16517.54000000,16591.59000000,16572.46690000,120,120,False
1672308000000,1672315200000,16591.59000000,16622.06000000,16578.49000000,16598.70000000,11640.25097000,120,120,False
1672315200000,1672322400000,16598.70000000,16651.48000000,16590.64000000,16616.84000000,15715.92954000,120,120,False
1672322400000,1672329600000,16616.84000000,16664.41000000,16601.89000000,16616.60000000,18579.44782000,120,120,False
1672329600000,1672336800000,16616.60000000,16654.54000000,16595.50000000,16616.47000000,13187.02042000,120,120,False
1672336800000,1672344000000,16616.06000000,16642.08000000,16590.82000000,16612.40000000,13043.75641000,120,120,False
1672344000000,1672351200000,16612.40000000,16618.63000000,16555.57000000,16599.54000000,14603.76905000,120,120,False
1672351200000,1672358400000,16599.53000000,16654.51000000,16595.09000000,16633.47000000,12888.18896000,120,120,False
1672358400000,1672365600000,16633.47000000,16648.77000000,16601.24000000,16608.63000000,9865.07668000,120,120,False
1672365600000,1672372800000,16608.63000000,16624.40000000,16579.75000000,16599.08000000,10992.55125000,120,120,False
1672372800000,1672380000000,16598.79000000,16615.35000000,16517.09000000,16554.39000000,11246.24347000,120,120,False
1672380000000,1672387200000,16554.39000000,16574.66000000,16429.00000000,16474.93000000,17699.64411000,120,120,False
1672387200000,1672394400000,16475.10000000,16531.10000000,16458.25000000,16517.21000000,10814.22674000,120,120,False
1672394400000,1672401600000,16517.55000000,16530.64000000,16484.00000000,16496.27000000,9691.68011000,120,120,False
1672401600000,1672408800000,16495.96000000,16507.92000000,16457.63000000,16465.88000000,13606.22408000,120,120,False
1672408800000,1672416000000,16465.87000000,16580.70000000,16333.00000000,16555.26000000,31083.72580000,120,120,False
1672416000000,1672423200000,16555.26000000,16577.00000000,16515.45000000,16533.12000000,13542.81429000,120,120,False
1672423200000,1672430400000,16533.77000000,16574.61000000,16518.81000000,16525.37000000,12310.67264000,120,120,False
1672430400000,1672437600000,16525.91000000,16677.35000000,16523.91000000,16585.06000000,15126.91786000,120,120,False
1672437600000,1672444800000,16585.06000000,16618.75000000,16568.00000000,16607.48000000,8936.53471000,120,120,False
1672444800000,1672452000000,16607.48000000,16616.37000000,16562.36000000,16568.24000000,8272.03437000,120,120,False
1672452000000,1672459200000,16568.23000000,16579.79000000,16550.01000000,16552.46000000,7384.01331000,120,120,False
1672459200000,1672466400000,16552.46000000,16566.37000000,16531.00000000,16538.76000000,7796.87973000,120,120,False
1672466400000,1672473600000,16538.29000000,16568.12000000,16534.03000000,16565.09000000,8012.06985000,120,120,False
1672473600000,1672480800000,16564.81000000,16583.90000000,16540.01000000,16544.26000000,10640.86248000,120,120,False
1672480800000,1672488000000,16543.79000000,16580.41000000,16543.00000000,16567.15000000,10136.89740000,120,120,False
1672488000000,1672495200000,16567.52000000,16606.84000000,16547.12000000,16600.89000000,13270.74047000,120,120,False
1672495200000,1672502400000,16600.89000000,16644.09000000,16580.70000000,16590.10000000,14568.56917000,120,120,False
1672502400000,1672509600000,16590.10000000,16613.30000000,16571.01000000,16582.08000000,9113.63821000,120,120,False
1672509600000,1672516800000,16581.45000000,16590.06000000,16565.10000000,16570.14000000,7385.23689000,120,120,False
1672516800000,1672524000000,16570.14000000,16574.97000000,16544.12000000,16548.28000000,6240.91744000,120,120,False
1672524000000,1672531200000,16548.28000000,16567.49000000,16470.00000000,16542.40000000,11668.56932000,120,120,False
