InicioUtcMs,FinUtcMsExclusivo,Open,High,Low,Close,Volume,MinutosEsperados,MinutosRecibidos,EsParcial
1704153600000,1704182400000,2352.05000000,2397.56000000,2346.95000000,2385.84000000,150208.15900000,480,480,False
1704182400000,1704211200000,2385.84000000,2431.30000000,2352.04000000,2357.48000000,194334.87650000,480,480,False
1704211200000,1704240000000,2357.48000000,2380.00000000,2341.00000000,2355.34000000,113498.62870000,480,480,False
1704240000000,1704268800000,2355.35000000,2384.66000000,2347.40000000,2361.64000000,93264.32890000,480,480,False
1704268800000,1704297600000,2361.65000000,2385.45000000,2100.00000000,2240.40000000,478424.28430000,480,480,False
1704297600000,1704326400000,2240.39000000,2245.33000000,2188.00000000,2209.72000000,227040.87370000,480,480,False
1704326400000,1704355200000,2209.72000000,2244.93000000,2201.91000000,2221.85000000,128352.23770000,480,480,False
1704355200000,1704384000000,2221.85000000,2285.99000000,2205.00000000,2276.87000000,174418.10950000,480,480,False
1704384000000,1704412800000,2276.88000000,2294.69000000,2259.10000000,2267.11000000,146073.70780000,480,480,False
1704412800000,1704441600000,2267.11000000,2274.76000000,2212.00000000,2252.75000000,135370.45240000,480,480,False
1704441600000,1704470400000,2252.75000000,2269.00000000,2218.00000000,2224.99000000,156801.17400000,480,480,False
1704470400000,1704499200000,2225.00000000,2277.21000000,2206.17000000,2268.78000000,113396.37420000,480,480,False
1704499200000,1704528000000,2268.78000000,2270.00000000,2216.40000000,2233.12000000,80064.81480000,480,480,False
1704528000000,1704556800000,2233.13000000,2248.32000000,2228.37000000,2246.40000000,68893.34640000,480,480,False
1704556800000,1704585600000,2246.41000000,2254.77000000,2230.62000000,2240.78000000,45109.70440000,480,480,False
1704585600000,1704614400000,2240.77000000,2254.03000000,2235.58000000,2249.15000000,48992.76950000,480,480,False
1704614400000,1704643200000,2249.15000000,2258.01000000,2222.46000000,2230.83000000,78608.81130000,480,480,False
1704643200000,1704672000000,2230.83000000,2251.27000000,2203.46000000,2221.42000000,79537.11190000,480,480,False
1704672000000,1704700800000,2221.42000000,2230.00000000,2166.38000000,2224.08000000,152723.24240000,480,480,False
1704700800000,1704729600000,2224.07000000,2283.02000000,2204.47000000,2269.59000000,169356.59050000,480,480,False
1704729600000,1704758400000,2269.59000000,2358.20000000,2259.39000000,2330.44000000,217327.72180000,480,480,False
1704758400000,1704787200000,2330.43000000,2336.70000000,2289.98000000,2306.05000000,106371.49090000,480,480,False
1704787200000,1704816000000,2306.05000000,2311.30000000,2226.78000000,2257.18000000,156681.56340000,480,480,False
1704816000000,1704844800000,2257.18000000,2371.72000000,2243.41000000,2344.29000000,288401.93880000,480,480,False
1704844800000,1704873600000,2344.30000000,2400.53000000,2339.59000000,2368.75000000,205368.59650000,480,480,False
1704873600000,1704902400000,2368.75000000,2456.00000000,2342.00000000,2449.30000000,344206.40340000,480,480,False
1704902400000,1704931200000,2449.30000000,2643.10000000,2400.71000000,2584.38000000,488813.66610000,480,480,False
1704931200000,1704960000000,2584.37000000,2630.00000000,2566.01000000,2589.15000000,249483.74130000,480,480,False
1704960000000,1704988800000,2589.15000000,2689.39000000,2586.66000000,2613.19000000,373865.27940000,480,480,False
1704988800000,1705017600000,2613.19000000,2632.28000000,2570.00000000,2618.01000000,215363.23700000,480,480,False
1705017600000,1705046400000,2618.01000000,2626.43000000,2580.00000000,2595.73000000,136788.65510000,480,480,False
1705046400000,1705075200000,2595.72000000,2717.32000000,2584.11000000,2647.02000000,357961.97910000,480,480,False
1705075200000,1705104000000,2647.02000000,2688.83000000,2458.00000000,2522.54000000,392707.12850000,480,480,False
1705104000000,1705132800000,2522.55000000,2561.68000000,2497.50000000,2550.99000000,158989.66750000,480,480,False
1705132800000,1705161600000,2550.99000000,2566.19000000,2521.18000000,2563.83000000,138579.99560000,480,480,False
1705161600000,1705190400000,2563.83000000,2590.00000000,2550.00000000,2578.19000000,124491.56890000,480,480,False
1705190400000,1705219200000,2578.18000000,2578.69000000,2541.80000000,2550.83000000,98104.62930000,480,480,False
1705219200000,1705248000000,2550.84000000,2553.80000000,2524.39000000,2537.68000000,74439.02960000,480,480,False
1705248000000,1705276800000,2537.68000000,2543.97000000,2470.00000000,2472.87000000,133664.08740000,480,480,False
1705276800000,1705305600000,2472.87000000,2521.00000000,2470.92000000,2513.29000000,125764.90740000,480,480,False
1705305600000,1705334400000,2513.29000000,2549.02000000,2505.80000000,2514.49000000,108184.79330000,480,480,False
1705334400000,1705363200000,2514.49000000,2553.82000000,2500.33000000,2511.78000000,81298.18120000,480,480,False
1705363200000,1705392000000,2511.79000000,2542.14000000,2505.00000000,2528.26000000,74160.29060000,480,480,False
1705392000000,1705420800000,2528.25000000,2570.79000000,2500.05000000,2559.44000000,162858.82090000,480,480,False
1705420800000,1705449600000,2559.44000000,2614.43000000,2548.63000000,2587.40000000,144058.51320000,480,480,False
1705449600000,1705478400000,2587.41000000,2592.97000000,2551.81000000,2552.52000000,93602.06360000,480,480,False
1705478400000,1705507200000,2552.53000000,2574.75000000,2532.67000000,2539.46000000,163030.15310000,480,480,False
1705507200000,1705536000000,2539.47000000,2544.81000000,2506.75000000,2530.19000000,109649.13100000,480,480,False
1705536000000,1705564800000,2530.20000000,2540.69000000,2510.03000000,2538.99000000,99456.55710000,480,480,False
1705564800000,1705593600000,2538.99000000,2550.00000000,2503.77000000,2525.64000000,130302.55840000,480,480,False
1705593600000,1705622400000,2525.65000000,2526.15000000,2428.56000000,2470.81000000,222330.99190000,480,480,False
1705622400000,1705651200000,2470.81000000,2474.82000000,2443.13000000,2465.51000000,96573.98760000,480,480,False
1705651200000,1705680000000,2465.50000000,2499.87000000,2460.37000000,2462.98000000,124929.17340000,480,480,False
1705680000000,1705708800000,2462.98000000,2504.20000000,2415.20000000,2492.00000000,202705.84190000,480,480,False
1705708800000,1705737600000,2491.99000000,2492.00000000,2475.00000000,2478.47000000,45149.11490000,480,480,False
1705737600000,1705766400000,2478.48000000,2480.07000000,2458.33000000,2463.83000000,50762.36220000,480,480,False
1705766400000,1705795200000,2463.83000000,2474.88000000,2454.20000000,2472.01000000,40709.48060000,480,480,False
1705795200000,1705824000000,2472.02000000,2481.00000000,2465.00000000,2476.06000000,32726.28280000,480,480,False
1705824000000,1705852800000,2476.06000000,2482.18000000,2464.08000000,2468.01000000,50090.94590000,480,480,False
1705852800000,1705881600000,2468.01000000,2478.49000000,2452.13000000,2457.05000000,39754.94000000,480,480,False
1705881600000,1705910400000,2457.06000000,2466.10000000,2402.50000000,2420.80000000,121624.68930000,480,480,False
1705910400000,1705939200000,2420.80000000,2420.80000000,2353.61000000,2379.61000000,213031.86220000,480,480,False
1705939200000,1705968000000,2379.60000000,2385.08000000,2303.59000000,2314.20000000,191681.09770000,480,480,False
1705968000000,1705996800000,2314.19000000,2352.23000000,2312.67000000,2323.49000000,114735.40480000,480,480,False
1705996800000,1706025600000,2323.49000000,2326.83000000,2168.07000000,2219.39000000,394508.82300000,480,480,False
1706025600000,1706054400000,2219.39000000,2248.21000000,2181.00000000,2242.60000000,190861.10360000,480,480,False
1706054400000,1706083200000,2242.60000000,2255.66000000,2211.64000000,2234.51000000,117000.41580000,480,480,False
1706083200000,1706112000000,2234.50000000,2264.60000000,2218.30000000,2234.88000000,128552.96430000,480,480,False
1706112000000,1706140800000,2234.89000000,2244.52000000,2196.12000000,2235.02000000,114297.76950000,480,480,False
1706140800000,1706169600000,2235.02000000,2239.60000000,2203.37000000,2227.64000000,66999.36920000,480,480,False
1706169600000,1706198400000,2227.64000000,2242.89000000,2181.91000000,2188.00000000,129120.02110000,480,480,False
1706198400000,1706227200000,2188.00000000,2231.65000000,2171.30000000,2218.64000000,134307.21580000,480,480,False
1706227200000,1706256000000,2218.64000000,2237.80000000,2195.84000000,2197.47000000,81980.38700000,480,480,False
1706256000000,1706284800000,2197.46000000,2265.19000000,2195.99000000,2257.90000000,165442.78080000,480,480,False
1706284800000,1706313600000,2257.89000000,2282.36000000,2251.07000000,2267.68000000,116143.25770000,480,480,False
1706313600000,1706342400000,2267.67000000,2282.94000000,2253.41000000,2258.45000000,52585.10500000,480,480,False
1706342400000,1706371200000,2258.45000000,2275.10000000,2251.40000000,2270.18000000,46326.63940000,480,480,False
1706371200000,1706400000000,2270.18000000,2277.49000000,2261.35000000,2267.94000000,46197.63920000,480,480,False
1706400000000,1706428800000,2267.94000000,2308.24000000,2263.00000000,2282.92000000,75573.85820000,480,480,False
1706428800000,1706457600000,2282.91000000,2301.41000000,2261.91000000,2270.17000000,75050.68130000,480,480,False
1706457600000,1706486400000,2270.17000000,2276.00000000,2239.89000000,2256.90000000,58702.36920000,480,480,False
1706486400000,1706515200000,2256.90000000,2278.19000000,2250.57000000,2259.40000000,58499.46600000,480,480,False
1706515200000,1706544000000,2259.39000000,2277.00000000,2233.80000000,2275.80000000,100834.37000000,480,480,False
1706544000000,1706572800000,2275.81000000,2322.34000000,2265.54000000,2317.60000000,146194.24160000,480,480,False
1706572800000,1706601600000,2317.61000000,2327.97000000,2301.00000000,2309.29000000,81205.54170000,480,480,False
1706601600000,1706630400000,2309.30000000,2347.55000000,2297.00000000,2340.91000000,137379.05980000,480,480,False
1706630400000,1706659200000,2340.91000000,2391.98000000,2335.73000000,2343.01000000,154294.97760000,480,480,False
1706659200000,1706688000000,2343.00000000,2351.60000000,2327.27000000,2340.84000000,85991.12640000,480,480,False
1706688000000,1706716800000,2340.84000000,2343.52000000,2280.77000000,2329.42000000,156289.62160000,480,480,False
1706716800000,1706745600000,2329.42000000,2350.30000000,2263.57000000,2283.14000000,154835.43790000,480,480,False
1706745600000,1706774400000,2283.15000000,2289.60000000,2240.00000000,2271.96000000,116777.84680000,480,480,False
1706774400000,1706803200000,2271.95000000,2308.45000000,2263.20000000,2288.88000000,104956.66450000,480,480,False
1706803200000,1706832000000,2288.89000000,2311.72000000,2267.54000000,2304.28000000,89262.94250000,480,480,False
1706832000000,1706860800000,2304.28000000,2320.48000000,2296.87000000,2313.73000000,74371.97320000,480,480,False
1706860800000,1706889600000,2313.73000000,2324.74000000,2281.94000000,2313.99000000,99068.83380000,480,480,False
1706889600000,1706918400000,2314.00000000,2323.88000000,2286.69000000,2309.06000000,64789.70400000,480,480,False
1706918400000,1706947200000,2309.07000000,2329.98000000,2306.75000000,2314.39000000,49100.92710000,480,480,False
1706947200000,1706976000000,2314.38000000,2316.39000000,2292.75000000,2303.64000000,42504.69700000,480,480,False
1706976000000,1707004800000,2303.65000000,2313.88000000,2293.83000000,2296.49000000,41627.22090000,480,480,False
1707004800000,1707033600000,2296.50000000,2306.53000000,2287.00000000,2290.78000000,38032.22610000,480,480,False
1707033600000,1707062400000,2290.79000000,2309.99000000,2286.71000000,2301.68000000,44090.61800000,480,480,False
1707062400000,1707091200000,2301.67000000,2311.00000000,2266.00000000,2289.79000000,89109.20030000,480,480,False
1707091200000,1707120000000,2289.79000000,2312.32000000,2269.11000000,2310.17000000,60243.89140000,480,480,False
1707120000000,1707148800000,2310.18000000,2338.41000000,2294.21000000,2298.71000000,101301.18590000,480,480,False
1707148800000,1707177600000,2298.72000000,2312.56000000,2283.63000000,2301.83000000,75065.33470000,480,480,False
1707177600000,1707206400000,2301.84000000,2329.78000000,2299.00000000,2327.16000000,81519.43670000,480,480,False
1707206400000,1707235200000,2327.16000000,2349.00000000,2311.90000000,2343.74000000,152938.75980000,480,480,False
1707235200000,1707264000000,2343.73000000,2392.40000000,2340.37000000,2372.64000000,134484.55330000,480,480,False
1707264000000,1707292800000,2372.63000000,2390.66000000,2357.06000000,2362.92000000,75084.11750000,480,480,False
1707292800000,1707321600000,2362.91000000,2385.45000000,2354.00000000,2369.66000000,98623.40110000,480,480,False
1707321600000,1707350400000,2369.66000000,2444.44000000,2368.85000000,2425.10000000,169084.18270000,480,480,False
1707350400000,1707379200000,2425.09000000,2444.39000000,2411.01000000,2421.21000000,91198.66590000,480,480,False
1707379200000,1707408000000,2421.20000000,2463.15000000,2416.06000000,2453.88000000,132429.25270000,480,480,False
1707408000000,1707436800000,2453.88000000,2455.69000000,2413.44000000,2419.55000000,114412.13530000,480,480,False
1707436800000,1707465600000,2419.56000000,2466.00000000,2419.16000000,2453.61000000,113176.90830000,480,480,False
1707465600000,1707494400000,2453.60000000,2525.00000000,2453.37000000,2495.33000000,239599.43740000,480,480,False
1707494400000,1707523200000,2495.33000000,2523.66000000,2478.07000000,2486.56000000,139608.03930000,480,480,False
1707523200000,1707552000000,2486.56000000,2516.00000000,2483.09000000,2495.21000000,52452.51960000,480,480,False
1707552000000,1707580800000,2495.21000000,2498.74000000,2471.57000000,2490.45000000,67989.11620000,480,480,False
1707580800000,1707609600000,2490.45000000,2516.45000000,2483.40000000,2500.24000000,64657.95420000,480,480,False
1707609600000,1707638400000,2500.24000000,2537.58000000,2493.80000000,2527.52000000,87289.58890000,480,480,False
1707638400000,1707667200000,2527.53000000,2539.63000000,2505.00000000,2508.94000000,72184.41980000,480,480,False
1707667200000,1707696000000,2508.94000000,2520.58000000,2493.45000000,2507.21000000,60501.13840000,480,480,False
1707696000000,1707724800000,2507.22000000,2525.00000000,2481.05000000,2501.71000000,71338.52600000,480,480,False
1707724800000,1707753600000,2501.70000000,2563.17000000,2472.00000000,2557.87000000,140952.53590000,480,480,False
1707753600000,1707782400000,2557.87000000,2665.58000000,2536.63000000,2659.99000000,237210.71410000,480,480,False
1707782400000,1707811200000,2659.99000000,2686.00000000,2635.96000000,2648.64000000,124609.56160000,480,480,False
1707811200000,1707840000000,2648.64000000,2686.12000000,2590.00000000,2630.99000000,249641.86130000,480,480,False
1707840000000,1707868800000,2631.00000000,2648.60000000,2592.37000000,2639.99000000,128196.32210000,480,480,False
1707868800000,1707897600000,2639.99000000,2654.53000000,2618.40000000,2653.05000000,67145.01320000,480,480,False
1707897600000,1707926400000,2653.04000000,2772.28000000,2647.58000000,2749.40000000,279283.84820000,480,480,False
1707926400000,1707955200000,2749.40000000,2786.00000000,2726.54000000,2774.81000000,115241.83300000,480,480,False
1707955200000,1707984000000,2774.80000000,2825.75000000,2759.25000000,2772.33000000,150413.46820000,480,480,False
1707984000000,1708012800000,2772.32000000,2867.65000000,2768.34000000,2826.27000000,202760.58410000,480,480,False
1708012800000,1708041600000,2826.27000000,2845.59000000,2786.20000000,2822.59000000,128515.13510000,480,480,False
1708041600000,1708070400000,2822.58000000,2857.40000000,2811.75000000,2815.05000000,102653.35330000,480,480,False
1708070400000,1708099200000,2815.05000000,2847.22000000,2740.00000000,2776.01000000,184831.57350000,480,480,False
1708099200000,1708128000000,2776.01000000,2810.00000000,2756.75000000,2801.80000000,90585.87690000,480,480,False
1708128000000,1708156800000,2801.81000000,2804.21000000,2777.64000000,2795.57000000,52603.20330000,480,480,False
1708156800000,1708185600000,2795.56000000,2795.57000000,2719.01000000,2754.33000000,123558.57650000,480,480,False
1708185600000,1708214400000,2754.33000000,2801.16000000,2742.73000000,2785.93000000,67141.09610000,480,480,False
1708214400000,1708243200000,2785.92000000,2806.99000000,2764.25000000,2801.00000000,107565.03550000,480,480,False
1708243200000,1708272000000,2801.00000000,2822.93000000,2785.89000000,2807.49000000,98656.67810000,480,480,False
1708272000000,1708300800000,2807.49000000,2895.00000000,2794.33000000,2881.20000000,161766.16970000,480,480,False
1708300800000,1708329600000,2881.20000000,2931.00000000,2856.93000000,2926.38000000,138172.76280000,480,480,False
1708329600000,1708358400000,2926.38000000,2928.36000000,2886.03000000,2908.93000000,121447.26770000,480,480,False
1708358400000,1708387200000,2908.93000000,2984.52000000,2887.29000000,2944.80000000,186831.00960000,480,480,False
1708387200000,1708416000000,2944.80000000,2955.56000000,2902.38000000,2921.78000000,114254.44800000,480,480,False
1708416000000,1708444800000,2921.78000000,3004.60000000,2874.56000000,2925.09000000,323311.87340000,480,480,False
1708444800000,1708473600000,2925.08000000,3033.09000000,2885.47000000,3014.81000000,197115.42570000,480,480,False
1708473600000,1708502400000,3014.81000000,3017.15000000,2921.90000000,2940.54000000,153952.24780000,480,480,False
1708502400000,1708531200000,2940.54000000,2956.84000000,2868.00000000,2914.81000000,268884.75470000,480,480,False
1708531200000,1708560000000,2914.81000000,2980.00000000,2886.00000000,2967.90000000,173118.00080000,480,480,False
1708560000000,1708588800000,2967.91000000,2998.00000000,2906.51000000,2993.79000000,174381.09570000,480,480,False
1708588800000,1708617600000,2993.79000000,3032.86000000,2929.39000000,2986.95000000,238822.12700000,480,480,False
1708617600000,1708646400000,2986.95000000,3036.02000000,2960.93000000,2971.40000000,150322.77090000,480,480,False
1708646400000,1708675200000,2971.40000000,2993.80000000,2923.26000000,2933.62000000,134265.02020000,480,480,False
1708675200000,1708704000000,2933.61000000,2962.77000000,2913.26000000,2916.07000000,170303.53300000,480,480,False
1708704000000,1708732800000,2916.06000000,2953.98000000,2906.05000000,2922.24000000,124258.02550000,480,480,False
1708732800000,1708761600000,2922.25000000,2965.55000000,2906.40000000,2964.07000000,100453.23190000,480,480,False
1708761600000,1708790400000,2964.07000000,2968.90000000,2948.21000000,2955.47000000,56335.25310000,480,480,False
1708790400000,1708819200000,2955.47000000,3007.48000000,2955.47000000,2992.62000000,87065.59330000,480,480,False
1708819200000,1708848000000,2992.62000000,3049.00000000,2983.61000000,3029.99000000,136406.33290000,480,480,False
1708848000000,1708876800000,3030.00000000,3074.03000000,3010.49000000,3043.62000000,131559.99950000,480,480,False
1708876800000,1708905600000,3043.61000000,3122.00000000,3027.88000000,3112.59000000,144339.89130000,480,480,False
1708905600000,1708934400000,3112.60000000,3135.65000000,3085.81000000,3087.19000000,114340.55780000,480,480,False
1708934400000,1708963200000,3087.19000000,3145.95000000,3036.59000000,3145.60000000,229637.78060000,480,480,False
1708963200000,1708992000000,3145.59000000,3196.00000000,3120.00000000,3175.94000000,202744.43630000,480,480,False
1708992000000,1709020800000,3175.95000000,3270.00000000,3160.02000000,3217.50000000,279955.84430000,480,480,False
1709020800000,1709049600000,3217.51000000,3288.14000000,3216.61000000,3229.78000000,210596.44200000,480,480,False
1709049600000,1709078400000,3229.77000000,3268.34000000,3203.72000000,3242.36000000,135386.83580000,480,480,False
1709078400000,1709107200000,3242.35000000,3306.01000000,3230.12000000,3302.99000000,120306.10690000,480,480,False
1709107200000,1709136000000,3303.00000000,3376.38000000,3277.54000000,3348.39000000,334665.28260000,480,480,False
1709136000000,1709164800000,3348.38000000,3488.00000000,3176.16000000,3383.10000000,492567.37650000,480,480,False
1709164800000,1709193600000,3383.11000000,3494.63000000,3374.18000000,3467.99000000,247472.70800000,480,480,False
1709193600000,1709222400000,3467.99000000,3522.81000000,3442.52000000,3468.42000000,269998.54880000,480,480,False
1709222400000,1709251200000,3468.42000000,3470.60000000,3300.00000000,3340.09000000,242226.85550000,480,480,False
1709251200000,1709280000000,3340.10000000,3399.00000000,3338.54000000,3365.41000000,121625.87510000,480,480,False
1709280000000,1709308800000,3365.41000000,3449.81000000,3353.74000000,3390.76000000,181502.30660000,480,480,False
1709308800000,1709337600000,3390.76000000,3450.00000000,3380.06000000,3433.43000000,109660.39560000,480,480,False
1709337600000,1709366400000,3433.42000000,3460.04000000,3390.01000000,3430.25000000,127564.51930000,480,480,False
1709366400000,1709395200000,3430.26000000,3435.68000000,3391.83000000,3418.05000000,90474.66570000,480,480,False
1709395200000,1709424000000,3418.04000000,3431.31000000,3402.56000000,3421.40000000,65945.75980000,480,480,False
1709424000000,1709452800000,3421.39000000,3446.23000000,3360.00000000,3392.76000000,118250.17370000,480,480,False
1709452800000,1709481600000,3392.76000000,3447.53000000,3375.00000000,3422.50000000,112319.02550000,480,480,False
1709481600000,1709510400000,3422.50000000,3491.80000000,3418.22000000,3487.81000000,111062.33180000,480,480,False
1709510400000,1709539200000,3487.80000000,3528.96000000,3423.78000000,3478.61000000,169172.56930000,480,480,False
1709539200000,1709568000000,3478.61000000,3568.18000000,3459.03000000,3560.42000000,262681.69060000,480,480,False
1709568000000,1709596800000,3560.42000000,3640.94000000,3528.42000000,3627.76000000,283506.37620000,480,480,False
1709596800000,1709625600000,3627.75000000,3740.00000000,3607.24000000,3672.98000000,330265.74520000,480,480,False
1709625600000,1709654400000,3672.99000000,3822.04000000,3651.87000000,3783.01000000,328860.99750000,480,480,False
1709654400000,1709683200000,3783.00000000,3796.07000000,3200.00000000,3553.65000000,733778.12130000,480,480,False
1709683200000,1709712000000,3553.66000000,3789.77000000,3499.40000000,3786.60000000,346558.62850000,480,480,False
1709712000000,1709740800000,3786.61000000,3900.00000000,3724.00000000,3790.94000000,435091.67200000,480,480,False
1709740800000,1709769600000,3790.95000000,3892.58000000,3764.25000000,3818.59000000,187844.40950000,480,480,False
1709769600000,1709798400000,3818.58000000,3852.69000000,3735.00000000,3789.22000000,173474.32560000,480,480,False
1709798400000,1709827200000,3789.23000000,3855.23000000,3765.12000000,3837.16000000,186120.98970000,480,480,False
1709827200000,1709856000000,3837.17000000,3933.81000000,3812.44000000,3868.76000000,181185.35970000,480,480,False
1709856000000,1709884800000,3868.76000000,3946.57000000,3863.56000000,3908.16000000,142470.86480000,480,480,False
1709884800000,1709913600000,3908.16000000,3993.75000000,3886.00000000,3900.75000000,251685.10720000,480,480,False
1709913600000,1709942400000,3900.76000000,3978.49000000,3820.00000000,3883.36000000,252243.28690000,480,480,False
1709942400000,1709971200000,3883.37000000,3942.00000000,3877.50000000,3925.47000000,79313.33440000,480,480,False
1709971200000,1710000000000,3925.46000000,3936.00000000,3887.99000000,3916.66000000,88058.28640000,480,480,False
1710000000000,1710028800000,3916.66000000,3920.22000000,3870.01000000,3905.21000000,87467.51780000,480,480,False
1710028800000,1710057600000,3905.20000000,3950.00000000,3899.51000000,3944.82000000,90622.77500000,480,480,False
1710057600000,1710086400000,3944.81000000,3964.67000000,3860.65000000,3883.69000000,145932.84420000,480,480,False
1710086400000,1710115200000,3883.70000000,3927.05000000,3791.26000000,3878.47000000,120109.06080000,480,480,False
1710115200000,1710144000000,3878.47000000,4011.79000000,3722.95000000,4001.40000000,263402.19020000,480,480,False
1710144000000,1710172800000,4001.40000000,4065.80000000,3986.86000000,4018.00000000,295582.36610000,480,480,False
1710172800000,1710201600000,4018.01000000,4086.23000000,3998.92000000,4064.80000000,162569.95760000,480,480,False
1710201600000,1710230400000,4064.80000000,4093.92000000,4000.02000000,4027.13000000,144374.97960000,480,480,False
1710230400000,1710259200000,4027.13000000,4065.00000000,3950.00000000,3988.46000000,230818.61270000,480,480,False
1710259200000,1710288000000,3988.46000000,3991.62000000,3828.98000000,3979.96000000,257593.80180000,480,480,False
1710288000000,1710316800000,3979.97000000,4078.38000000,3973.53000000,4038.36000000,135093.12950000,480,480,False
1710316800000,1710345600000,4038.36000000,4083.00000000,3932.23000000,3962.80000000,219649.29590000,480,480,False
1710345600000,1710374400000,3962.80000000,4021.00000000,3952.23000000,4004.79000000,127563.35120000,480,480,False
1710374400000,1710403200000,4004.79000000,4010.98000000,3940.64000000,3963.46000000,123598.64240000,480,480,False
1710403200000,1710432000000,3963.45000000,3997.70000000,3820.20000000,3845.81000000,240173.44380000,480,480,False
1710432000000,1710460800000,3845.81000000,3896.02000000,3723.00000000,3881.70000000,284465.43830000,480,480,False
1710460800000,1710489600000,3881.69000000,3934.02000000,3623.00000000,3754.12000000,383905.37500000,480,480,False
1710489600000,1710518400000,3754.12000000,3761.65000000,3570.00000000,3688.90000000,347825.37200000,480,480,False
1710518400000,1710547200000,3688.89000000,3806.62000000,3606.65000000,3742.19000000,215806.66010000,480,480,False
1710547200000,1710576000000,3742.19000000,3781.12000000,3690.18000000,3740.19000000,123582.26380000,480,480,False
1710576000000,1710604800000,3740.20000000,3741.10000000,3637.73000000,3679.55000000,154955.10780000,480,480,False
1710604800000,1710633600000,3679.54000000,3679.88000000,3468.80000000,3523.09000000,269750.78530000,480,480,False
1710633600000,1710662400000,3523.09000000,3582.40000000,3412.00000000,3472.72000000,204505.05200000,480,480,False
1710662400000,1710691200000,3472.72000000,3647.15000000,3460.01000000,3628.42000000,202653.74120000,480,480,False
1710691200000,1710720000000,3628.42000000,3678.68000000,3602.43000000,3644.71000000,110632.20040000,480,480,False
1710720000000,1710748800000,3644.70000000,3645.02000000,3557.31000000,3626.65000000,147479.33090000,480,480,False
1710748800000,1710777600000,3626.65000000,3627.00000000,3486.00000000,3525.18000000,238869.05910000,480,480,False
1710777600000,1710806400000,3525.17000000,3563.86000000,3454.09000000,3520.46000000,184552.89510000,480,480,False
1710806400000,1710835200000,3520.47000000,3548.09000000,3306.10000000,3360.14000000,335919.57790000,480,480,False
1710835200000,1710864000000,3360.14000000,3360.16000000,3202.84000000,3303.16000000,429879.75680000,480,480,False
1710864000000,1710892800000,3303.16000000,3359.80000000,3150.88000000,3158.64000000,283830.35890000,480,480,False
1710892800000,1710921600000,3158.65000000,3266.01000000,3056.56000000,3218.48000000,418182.88600000,480,480,False
1710921600000,1710950400000,3218.47000000,3397.00000000,3205.10000000,3292.55000000,363367.37820000,480,480,False
1710950400000,1710979200000,3292.54000000,3535.24000000,3140.71000000,3516.53000000,425772.55590000,480,480,False
1710979200000,1711008000000,3516.53000000,3558.99000000,3446.47000000,3516.03000000,199768.25910000,480,480,False
1711008000000,1711036800000,3516.04000000,3587.32000000,3478.73000000,3497.60000000,198813.26370000,480,480,False
1711036800000,1711065600000,3497.59000000,3545.99000000,3412.00000000,3492.85000000,204173.68440000,480,480,False
1711065600000,1711094400000,3492.84000000,3542.52000000,3454.01000000,3511.40000000,119290.15510000,480,480,False
1711094400000,1711123200000,3511.39000000,3523.80000000,3281.00000000,3349.31000000,229093.71310000,480,480,False
1711123200000,1711152000000,3349.30000000,3362.19000000,3250.00000000,3336.35000000,210465.01980000,480,480,False
1711152000000,1711180800000,3336.35000000,3383.80000000,3270.08000000,3365.28000000,101074.09560000,480,480,False
1711180800000,1711209600000,3365.28000000,3423.03000000,3328.34000000,3405.50000000,113385.39780000,480,480,False
1711209600000,1711238400000,3405.49000000,3435.48000000,3327.28000000,3329.53000000,109216.45140000,480,480,False
1711238400000,1711267200000,3329.53000000,3368.16000000,3298.76000000,3341.80000000,87574.96650000,480,480,False
1711267200000,1711296000000,3341.81000000,3414.46000000,3335.50000000,3397.51000000,72479.63900000,480,480,False
1711296000000,1711324800000,3397.50000000,3471.22000000,3333.00000000,3454.98000000,100769.53530000,480,480,False
1711324800000,1711353600000,3454.99000000,3506.49000000,3420.12000000,3444.60000000,126937.84490000,480,480,False
1711353600000,1711382400000,3444.59000000,3587.90000000,3430.00000000,3581.49000000,175378.79720000,480,480,False
1711382400000,1711411200000,3581.49000000,3666.00000000,3566.20000000,3590.42000000,246261.05210000,480,480,False
1711411200000,1711440000000,3590.43000000,3678.86000000,3580.95000000,3635.13000000,201781.07370000,480,480,False
1711440000000,1711468800000,3635.14000000,3670.32000000,3545.13000000,3593.35000000,167976.64900000,480,480,False
1711468800000,1711497600000,3593.35000000,3613.50000000,3542.62000000,3587.33000000,129256.11570000,480,480,False
1711497600000,1711526400000,3587.32000000,3627.67000000,3560.20000000,3565.21000000,79488.74490000,480,480,False
1711526400000,1711555200000,3565.21000000,3665.84000000,3496.15000000,3514.30000000,246833.28270000,480,480,False
1711555200000,1711584000000,3514.29000000,3531.76000000,3460.02000000,3501.19000000,116873.30210000,480,480,False
1711584000000,1711612800000,3501.20000000,3579.95000000,3465.00000000,3573.88000000,171532.40840000,480,480,False
1711612800000,1711641600000,3573.88000000,3611.78000000,3552.55000000,3578.70000000,139558.54760000,480,480,False
1711641600000,1711670400000,3578.71000000,3580.75000000,3537.48000000,3560.49000000,93563.07510000,480,480,False
1711670400000,1711699200000,3560.49000000,3584.37000000,3512.85000000,3519.43000000,87206.96960000,480,480,False
1711699200000,1711728000000,3519.42000000,3562.71000000,3481.14000000,3488.53000000,120367.78230000,480,480,False
1711728000000,1711756800000,3488.52000000,3524.55000000,3445.91000000,3509.74000000,115511.42710000,480,480,False
1711756800000,1711785600000,3509.74000000,3532.77000000,3486.58000000,3492.64000000,90271.97610000,480,480,False
1711785600000,1711814400000,3492.65000000,3565.81000000,3492.20000000,3536.61000000,72440.97400000,480,480,False
1711814400000,1711843200000,3536.60000000,3547.71000000,3485.00000000,3505.64000000,53312.31330000,480,480,False
1711843200000,1711872000000,3505.65000000,3631.99000000,3505.09000000,3625.38000000,101043.51670000,480,480,False
1711872000000,1711900800000,3625.38000000,3638.00000000,3600.38000000,3617.68000000,72808.96130000,480,480,False
1711900800000,1711929600000,3617.69000000,3655.32000000,3613.75000000,3645.29000000,69612.50970000,480,480,False
1711929600000,1711958400000,3645.29000000,3645.95000000,3500.00000000,3546.88000000,136019.35020000,480,480,False
1711958400000,1711987200000,3546.88000000,3570.58000000,3437.23000000,3444.04000000,157385.06010000,480,480,False
1711987200000,1712016000000,3444.04000000,3514.88000000,3413.71000000,3503.80000000,115449.71220000,480,480,False
1712016000000,1712044800000,3503.80000000,3505.60000000,3319.20000000,3362.90000000,191530.20720000,480,480,False
1712044800000,1712073600000,3362.89000000,3371.62000000,3232.00000000,3240.13000000,277911.19950000,480,480,False
1712073600000,1712102400000,3240.13000000,3305.00000000,3212.00000000,3278.96000000,153823.24090000,480,480,False
1712102400000,1712131200000,3278.96000000,3324.60000000,3202.79000000,3305.53000000,142636.35720000,480,480,False
1712131200000,1712160000000,3305.52000000,3363.58000000,3289.97000000,3329.20000000,147236.72540000,480,480,False
1712160000000,1712188800000,3329.21000000,3367.40000000,3281.21000000,3310.83000000,120611.11070000,480,480,False
1712188800000,1712217600000,3310.83000000,3334.46000000,3250.92000000,3322.79000000,111862.75580000,480,480,False
1712217600000,1712246400000,3322.80000000,3395.19000000,3319.42000000,3364.12000000,91398.77770000,480,480,False
1712246400000,1712275200000,3364.11000000,3443.93000000,3278.02000000,3327.40000000,153077.03810000,480,480,False
1712275200000,1712304000000,3327.39000000,3336.00000000,3242.01000000,3287.61000000,117810.71410000,480,480,False
1712304000000,1712332800000,3287.60000000,3329.54000000,3210.00000000,3326.43000000,165531.88730000,480,480,False
1712332800000,1712361600000,3326.43000000,3350.00000000,3305.10000000,3317.85000000,61214.19690000,480,480,False
1712361600000,1712390400000,3317.85000000,3352.81000000,3306.68000000,3330.39000000,55379.57160000,480,480,False
1712390400000,1712419200000,3330.40000000,3361.77000000,3313.40000000,3335.37000000,56168.88540000,480,480,False
1712419200000,1712448000000,3335.37000000,3398.42000000,3331.22000000,3351.59000000,71763.75550000,480,480,False
1712448000000,1712476800000,3351.59000000,3413.61000000,3344.08000000,3385.19000000,60925.39850000,480,480,False
1712476800000,1712505600000,3385.19000000,3420.00000000,3376.83000000,3390.13000000,61852.07470000,480,480,False
1712505600000,1712534400000,3390.14000000,3459.94000000,3368.00000000,3454.20000000,87681.60200000,480,480,False
1712534400000,1712563200000,3454.20000000,3478.34000000,3406.36000000,3473.88000000,86371.64780000,480,480,False
1712563200000,1712592000000,3473.88000000,3672.11000000,3469.80000000,3629.20000000,291502.70980000,480,480,False
1712592000000,1712620800000,3629.20000000,3730.71000000,3627.16000000,3694.61000000,118966.99560000,480,480,False
1712620800000,1712649600000,3694.61000000,3727.34000000,3631.00000000,3641.81000000,139580.25130000,480,480,False
1712649600000,1712678400000,3641.81000000,3646.60000000,3478.50000000,3529.92000000,212852.88540000,480,480,False
1712678400000,1712707200000,3529.93000000,3532.96000000,3450.46000000,3506.39000000,105159.11530000,480,480,False
1712707200000,1712736000000,3506.40000000,3554.19000000,3465.64000000,3536.61000000,95768.84340000,480,480,False
1712736000000,1712764800000,3536.61000000,3540.36000000,3411.82000000,3479.41000000,183492.28630000,480,480,False
1712764800000,1712793600000,3479.41000000,3562.95000000,3469.50000000,3545.64000000,110143.77580000,480,480,False
1712793600000,1712822400000,3545.64000000,3605.76000000,3524.27000000,3583.40000000,85192.85870000,480,480,False
1712822400000,1712851200000,3583.40000000,3618.30000000,3486.31000000,3508.32000000,178053.98660000,480,480,False
1712851200000,1712880000000,3508.31000000,3532.25000000,3474.52000000,3502.52000000,74892.70810000,480,480,False
1712880000000,1712908800000,3502.52000000,3552.40000000,3501.34000000,3516.20000000,68324.39880000,480,480,False
1712908800000,1712937600000,3516.20000000,3541.78000000,3439.23000000,3440.71000000,150733.35840000,480,480,False
1712937600000,1712966400000,3440.70000000,3454.56000000,3100.00000000,3237.43000000,478269.36020000,480,480,False
1712966400000,1712995200000,3237.42000000,3272.31000000,3141.60000000,3257.60000000,200725.13250000,480,480,False
1712995200000,1713024000000,3257.61000000,3301.90000000,3247.40000000,3272.39000000,101512.72020000,480,480,False
1713024000000,1713052800000,3272.40000000,3279.79000000,2852.00000000,3007.01000000,692733.38270000,480,480,False
1713052800000,1713081600000,3007.01000000,3102.15000000,2906.73000000,3084.20000000,288913.67470000,480,480,False
1713081600000,1713110400000,3084.19000000,3099.13000000,3006.00000000,3055.74000000,207098.54230000,480,480,False
1713110400000,1713139200000,3055.75000000,3174.23000000,2980.00000000,3155.11000000,241568.24960000,480,480,False
1713139200000,1713168000000,3155.11000000,3255.43000000,3100.00000000,3242.05000000,191004.26540000,480,480,False
1713168000000,1713196800000,3242.04000000,3277.85000000,3102.20000000,3163.21000000,194736.08990000,480,480,False
1713196800000,1713225600000,3163.20000000,3179.40000000,3023.19000000,3101.99000000,219690.53100000,480,480,False
1713225600000,1713254400000,3102.00000000,3128.01000000,2986.00000000,3107.29000000,185934.68070000,480,480,False
1713254400000,1713283200000,3107.30000000,3110.76000000,3003.00000000,3009.04000000,214508.29690000,480,480,False
1713283200000,1713312000000,3009.05000000,3118.24000000,2995.00000000,3084.22000000,125670.87740000,480,480,False
1713312000000,1713340800000,3084.21000000,3123.75000000,3064.05000000,3076.60000000,98226.02470000,480,480,False
1713340800000,1713369600000,3076.60000000,3087.64000000,2925.85000000,2946.80000000,231168.41370000,480,480,False
1713369600000,1713398400000,2946.79000000,3043.73000000,2914.47000000,2985.41000000,162503.12770000,480,480,False
1713398400000,1713427200000,2985.41000000,3035.08000000,2950.98000000,2975.20000000,118114.89710000,480,480,False
1713427200000,1713456000000,2975.19000000,3094.40000000,2954.01000000,3069.17000000,186789.76450000,480,480,False
1713456000000,1713484800000,3069.17000000,3083.54000000,3018.20000000,3064.40000000,84156.05170000,480,480,False
1713484800000,1713513600000,3064.40000000,3128.89000000,2865.18000000,3084.41000000,339287.24470000,480,480,False
1713513600000,1713542400000,3084.41000000,3124.44000000,3054.35000000,3080.74000000,154262.57190000,480,480,False
1713542400000,1713571200000,3080.73000000,3107.94000000,3020.63000000,3056.46000000,114300.58530000,480,480,False
1713571200000,1713600000000,3056.45000000,3071.03000000,3018.75000000,3060.64000000,70002.23160000,480,480,False
1713600000000,1713628800000,3060.64000000,3114.60000000,3029.99000000,3109.86000000,72683.61520000,480,480,False
1713628800000,1713657600000,3109.86000000,3171.88000000,3087.66000000,3155.79000000,99891.79030000,480,480,False
1713657600000,1713686400000,3155.79000000,3197.18000000,3126.87000000,3179.55000000,83839.15930000,480,480,False
1713686400000,1713715200000,3179.54000000,3189.00000000,3137.32000000,3158.82000000,71158.06350000,480,480,False
1713715200000,1713744000000,3158.82000000,3169.57000000,3116.49000000,3147.67000000,64973.28440000,480,480,False
1713744000000,1713772800000,3147.66000000,3235.00000000,3129.15000000,3203.60000000,120784.13530000,480,480,False
1713772800000,1713801600000,3203.59000000,3224.00000000,3166.80000000,3183.32000000,94427.41720000,480,480,False
1713801600000,1713830400000,3183.33000000,3224.20000000,3169.30000000,3200.20000000,75668.40440000,480,480,False
1713830400000,1713859200000,3200.19000000,3223.36000000,3152.00000000,3160.48000000,69875.10040000,480,480,False
1713859200000,1713888000000,3160.49000000,3263.61000000,3152.45000000,3226.13000000,125481.00670000,480,480,False
1713888000000,1713916800000,3226.12000000,3246.22000000,3186.43000000,3219.46000000,58558.11920000,480,480,False
1713916800000,1713945600000,3219.46000000,3275.54000000,3210.40000000,3250.11000000,80851.38110000,480,480,False
1713945600000,1713974400000,3250.10000000,3293.56000000,3167.23000000,3175.80000000,177856.39880000,480,480,False
1713974400000,1714003200000,3175.80000000,3193.83000000,3104.90000000,3140.80000000,134606.56150000,480,480,False
1714003200000,1714032000000,3140.79000000,3171.20000000,3126.17000000,3136.39000000,88362.41810000,480,480,False
1714032000000,1714060800000,3136.39000000,3168.00000000,3072.20000000,3160.40000000,181241.94760000,480,480,False
1714060800000,1714089600000,3160.40000000,3191.64000000,3146.24000000,3155.80000000,82684.18450000,480,480,False
1714089600000,1714118400000,3155.81000000,3164.08000000,3124.25000000,3135.46000000,85259.61070000,480,480,False
1714118400000,1714147200000,3135.45000000,3167.70000000,3102.00000000,3117.60000000,113740.53830000,480,480,False
1714147200000,1714176000000,3117.61000000,3155.00000000,3105.71000000,3131.30000000,53522.50600000,480,480,False
1714176000000,1714204800000,3131.30000000,3138.80000000,3066.74000000,3120.59000000,95092.19220000,480,480,False
1714204800000,1714233600000,3120.59000000,3167.01000000,3107.80000000,3145.05000000,77344.01200000,480,480,False
1714233600000,1714262400000,3145.05000000,3285.00000000,3142.41000000,3255.56000000,151374.98770000,480,480,False
1714262400000,1714291200000,3255.55000000,3339.99000000,3250.45000000,3317.60000000,110543.50730000,480,480,False
1714291200000,1714320000000,3317.59000000,3327.79000000,3275.01000000,3321.01000000,107711.82370000,480,480,False
1714320000000,1714348800000,3321.00000000,3357.40000000,3251.97000000,3263.45000000,86510.67800000,480,480,False
1714348800000,1714377600000,3263.44000000,3286.95000000,3153.44000000,3189.00000000,195640.96870000,480,480,False
1714377600000,1714406400000,3188.99000000,3195.40000000,3115.13000000,3182.45000000,147495.53480000,480,480,False
1714406400000,1714435200000,3182.45000000,3235.43000000,3155.23000000,3216.73000000,78694.78770000,480,480,False
1714435200000,1714464000000,3216.74000000,3250.95000000,3150.00000000,3157.35000000,103257.98520000,480,480,False
1714464000000,1714492800000,3157.35000000,3161.75000000,2966.01000000,2994.12000000,274508.85060000,480,480,False
1714492800000,1714521600000,2994.11000000,3029.40000000,2921.00000000,3014.05000000,183950.65080000,480,480,False
1714521600000,1714550400000,3014.04000000,3023.24000000,2859.00000000,2869.71000000,180048.53490000,480,480,False
1714550400000,1714579200000,2869.70000000,2934.00000000,2817.00000000,2885.45000000,219463.95430000,480,480,False
1714579200000,1714608000000,2885.46000000,3015.73000000,2868.72000000,2972.46000000,225451.28810000,480,480,False
1714608000000,1714636800000,2972.46000000,2982.18000000,2893.26000000,2921.22000000,114221.02130000,480,480,False
1714636800000,1714665600000,2921.22000000,3013.00000000,2916.73000000,2990.17000000,168028.17820000,480,480,False
1714665600000,1714694400000,2990.16000000,3016.72000000,2968.84000000,2986.19000000,83690.51960000,480,480,False
1714694400000,1714723200000,2986.19000000,3036.17000000,2958.71000000,2969.00000000,78435.99900000,480,480,False
1714723200000,1714752000000,2969.00000000,3086.00000000,2958.32000000,3075.52000000,187014.45680000,480,480,False
1714752000000,1714780800000,3075.52000000,3126.99000000,3062.61000000,3102.61000000,90375.38330000,480,480,False
1714780800000,1714809600000,3102.61000000,3130.85000000,3092.85000000,3095.94000000,56861.03960000,480,480,False
1714809600000,1714838400000,3095.94000000,3168.00000000,3095.68000000,3126.81000000,92442.28680000,480,480,False
1714838400000,1714867200000,3126.80000000,3147.00000000,3104.34000000,3117.23000000,46960.62240000,480,480,False
1714867200000,1714896000000,3117.24000000,3126.41000000,3072.99000000,3105.70000000,72123.59100000,480,480,False
1714896000000,1714924800000,3105.70000000,3171.93000000,3103.52000000,3160.19000000,103567.64920000,480,480,False
1714924800000,1714953600000,3160.18000000,3166.34000000,3122.89000000,3136.41000000,43069.02600000,480,480,False
1714953600000,1714982400000,3136.40000000,3191.94000000,3124.38000000,3180.53000000,72308.57470000,480,480,False
1714982400000,1715011200000,3180.54000000,3221.40000000,3056.61000000,3089.25000000,217107.84200000,480,480,False
1715011200000,1715040000000,3089.25000000,3096.36000000,3046.35000000,3062.60000000,65718.88600000,480,480,False
1715040000000,1715068800000,3062.59000000,3096.80000000,3021.34000000,3077.40000000,77581.13610000,480,480,False
1715068800000,1715097600000,3077.40000000,3129.85000000,3045.70000000,3071.41000000,138867.84230000,480,480,False
1715097600000,1715126400000,3071.41000000,3079.41000000,2998.00000000,3005.69000000,82347.70450000,480,480,False
1715126400000,1715155200000,3005.69000000,3038.15000000,2989.56000000,2995.01000000,79349.44220000,480,480,False
1715155200000,1715184000000,2995.01000000,3032.50000000,2978.40000000,3006.98000000,105998.19050000,480,480,False
1715184000000,1715212800000,3006.99000000,3024.11000000,2936.48000000,2974.21000000,81587.17980000,480,480,False
1715212800000,1715241600000,2974.20000000,3014.96000000,2972.20000000,2983.59000000,70130.81060000,480,480,False
1715241600000,1715270400000,2983.59000000,3019.28000000,2950.77000000,3005.99000000,102137.06290000,480,480,False
1715270400000,1715299200000,3005.99000000,3059.00000000,2989.59000000,3036.23000000,66293.87270000,480,480,False
1715299200000,1715328000000,3036.24000000,3053.89000000,3018.23000000,3042.26000000,76593.13550000,480,480,False
1715328000000,1715356800000,3042.27000000,3045.23000000,2907.79000000,2918.54000000,142153.17730000,480,480,False
1715356800000,1715385600000,2918.54000000,2935.00000000,2878.03000000,2909.99000000,109109.56300000,480,480,False
1715385600000,1715414400000,2909.98000000,2936.59000000,2905.20000000,2921.79000000,44759.97490000,480,480,False
1715414400000,1715443200000,2921.80000000,2945.67000000,2886.46000000,2925.72000000,61077.89000000,480,480,False
1715443200000,1715472000000,2925.72000000,2940.37000000,2906.48000000,2912.45000000,32325.24380000,480,480,False
1715472000000,1715500800000,2912.45000000,2932.26000000,2901.17000000,2907.80000000,25182.55570000,480,480,False
1715500800000,1715529600000,2907.80000000,2943.77000000,2902.68000000,2938.00000000,41076.57120000,480,480,False
1715529600000,1715558400000,2937.99000000,2955.20000000,2913.78000000,2929.29000000,41411.50540000,480,480,False
1715558400000,1715587200000,2929.30000000,2958.00000000,2864.76000000,2953.99000000,140149.91060000,480,480,False
1715587200000,1715616000000,2953.99000000,2996.40000000,2948.40000000,2961.22000000,156130.04120000,480,480,False
1715616000000,1715644800000,2961.21000000,2977.89000000,2928.66000000,2950.99000000,72384.81300000,480,480,False
1715644800000,1715673600000,2950.99000000,2960.60000000,2882.29000000,2920.03000000,75248.39540000,480,480,False
1715673600000,1715702400000,2920.02000000,2924.14000000,2870.25000000,2898.93000000,134070.88710000,480,480,False
1715702400000,1715731200000,2898.94000000,2903.00000000,2862.00000000,2881.93000000,60356.02120000,480,480,False
1715731200000,1715760000000,2881.93000000,2922.00000000,2863.75000000,2916.51000000,55593.30850000,480,480,False
1715760000000,1715788800000,2916.50000000,2992.99000000,2886.81000000,2976.81000000,183981.68880000,480,480,False
1715788800000,1715817600000,2976.80000000,3041.36000000,2970.00000000,3032.55000000,110679.32150000,480,480,False
1715817600000,1715846400000,3032.55000000,3041.24000000,2997.00000000,3016.31000000,89492.95920000,480,480,False
1715846400000,1715875200000,3016.31000000,3027.85000000,2931.05000000,2956.57000000,132444.81980000,480,480,False
1715875200000,1715904000000,2956.57000000,2960.64000000,2922.80000000,2944.70000000,71936.37230000,480,480,False
1715904000000,1715932800000,2944.70000000,3033.00000000,2933.06000000,3024.67000000,112083.00550000,480,480,False
1715932800000,1715961600000,3024.66000000,3118.54000000,3017.74000000,3111.54000000,177561.76970000,480,480,False
1715961600000,1715990400000,3111.54000000,3120.00000000,3067.16000000,3092.01000000,68079.99790000,480,480,False
1715990400000,1716019200000,3092.00000000,3126.66000000,3083.61000000,3101.99000000,76429.51930000,480,480,False
1716019200000,1716048000000,3102.00000000,3146.98000000,3095.71000000,3110.89000000,90808.24360000,480,480,False
1716048000000,1716076800000,3110.89000000,3126.89000000,3105.88000000,3122.94000000,32738.78270000,480,480,False
1716076800000,1716105600000,3122.94000000,3136.64000000,3103.33000000,3115.81000000,36912.41130000,480,480,False
1716105600000,1716134400000,3115.80000000,3125.00000000,3063.26000000,3077.25000000,82950.39590000,480,480,False
1716134400000,1716163200000,3077.25000000,3083.90000000,3053.38000000,3071.19000000,46282.20300000,480,480,False
1716163200000,1716192000000,3071.20000000,3140.00000000,3047.67000000,3091.73000000,105488.68880000,480,480,False
1716192000000,1716220800000,3091.72000000,3121.00000000,3076.69000000,3118.53000000,89102.62400000,480,480,False
1716220800000,1716249600000,3118.52000000,3694.00000000,3110.85000000,3661.78000000,652516.57000000,480,480,False
1716249600000,1716278400000,3661.79000000,3721.00000000,3624.28000000,3660.49000000,293810.61020000,480,480,False
1716278400000,1716307200000,3660.50000000,3836.00000000,3649.36000000,3777.68000000,410210.98840000,480,480,False
1716307200000,1716336000000,3777.69000000,3841.54000000,3680.68000000,3789.60000000,248415.67080000,480,480,False
1716336000000,1716364800000,3789.59000000,3813.69000000,3720.01000000,3746.79000000,142359.31360000,480,480,False
1716364800000,1716393600000,3746.80000000,3779.80000000,3653.15000000,3762.66000000,233169.93580000,480,480,False
1716393600000,1716422400000,3762.65000000,3798.00000000,3700.60000000,3737.73000000,199409.06050000,480,480,False
1716422400000,1716451200000,3737.72000000,3833.65000000,3736.67000000,3814.00000000,121570.88600000,480,480,False
1716451200000,1716480000000,3813.99000000,3949.29000000,3723.00000000,3812.95000000,430129.85600000,480,480,False
1716480000000,1716508800000,3812.96000000,3901.00000000,3498.00000000,3783.61000000,576165.33400000,480,480,False
1716508800000,1716537600000,3783.60000000,3829.61000000,3651.00000000,3679.24000000,182162.69730000,480,480,False
1716537600000,1716566400000,3679.24000000,3732.83000000,3626.10000000,3693.67000000,166985.07060000,480,480,False
1716566400000,1716595200000,3693.66000000,3759.00000000,3655.26000000,3728.28000000,130270.66390000,480,480,False
1716595200000,1716624000000,3728.28000000,3779.43000000,3709.03000000,3746.60000000,59160.04850000,480,480,False
1716624000000,1716652800000,3746.60000000,3775.00000000,3719.80000000,3743.79000000,68278.19650000,480,480,False
1716652800000,1716681600000,3743.80000000,3766.02000000,3730.12000000,3749.26000000,31273.65420000,480,480,False
1716681600000,1716710400000,3749.25000000,3795.06000000,3731.17000000,3786.02000000,58998.41530000,480,480,False
1716710400000,1716739200000,3786.01000000,3875.80000000,3777.22000000,3833.05000000,150404.33400000,480,480,False
1716739200000,1716768000000,3833.06000000,3884.20000000,3817.39000000,3826.47000000,82805.54440000,480,480,False
1716768000000,1716796800000,3826.47000000,3939.59000000,3823.37000000,3914.01000000,128685.02290000,480,480,False
1716796800000,1716825600000,3914.01000000,3977.00000000,3884.17000000,3963.39000000,138946.43660000,480,480,False
1716825600000,1716854400000,3963.39000000,3974.30000000,3854.16000000,3894.22000000,96086.18780000,480,480,False
1716854400000,1716883200000,3894.21000000,3910.00000000,3821.63000000,3847.29000000,118453.06550000,480,480,False
1716883200000,1716912000000,3847.30000000,3931.09000000,3831.29000000,3861.10000000,166364.84200000,480,480,False
1716912000000,1716940800000,3861.10000000,3871.76000000,3773.90000000,3844.69000000,131431.92690000,480,480,False
1716940800000,1716969600000,3844.69000000,3888.55000000,3818.48000000,3820.00000000,98557.68820000,480,480,False
1716969600000,1716998400000,3819.99000000,3838.83000000,3750.60000000,3759.85000000,151296.10330000,480,480,False
1716998400000,1717027200000,3759.84000000,3792.99000000,3742.59000000,3767.43000000,84905.84330000,480,480,False
1717027200000,1717056000000,3767.44000000,3801.65000000,3712.73000000,3720.32000000,87125.53080000,480,480,False
1717056000000,1717084800000,3720.32000000,3798.97000000,3702.58000000,3776.12000000,102034.47500000,480,480,False
1717084800000,1717113600000,3776.12000000,3825.35000000,3719.30000000,3747.91000000,87874.28360000,480,480,False
1717113600000,1717142400000,3747.90000000,3770.00000000,3724.41000000,3729.11000000,48177.02340000,480,480,False
1717142400000,1717171200000,3729.11000000,3849.94000000,3726.45000000,3744.77000000,135755.86010000,480,480,False
1717171200000,1717200000000,3744.77000000,3800.94000000,3723.75000000,3762.29000000,89473.88250000,480,480,False
1717200000000,1717228800000,3762.29000000,3794.11000000,3752.67000000,3773.00000000,39005.49640000,480,480,False
1717228800000,1717257600000,3772.99000000,3814.67000000,3772.43000000,3798.60000000,51217.31330000,480,480,False
1717257600000,1717286400000,3798.60000000,3833.30000000,3790.21000000,3815.82000000,42464.39090000,480,480,False
1717286400000,1717315200000,3815.82000000,3838.59000000,3792.25000000,3793.33000000,82629.32340000,480,480,False
1717315200000,1717344000000,3793.33000000,3810.00000000,3770.99000000,3798.78000000,64022.74920000,480,480,False
1717344000000,1717372800000,3798.79000000,3803.67000000,3752.62000000,3780.91000000,63643.36810000,480,480,False
1717372800000,1717401600000,3780.92000000,3842.01000000,3761.05000000,3817.82000000,76290.14340000,480,480,False
1717401600000,1717430400000,3817.81000000,3849.99000000,3758.43000000,3796.82000000,119508.88700000,480,480,False
1717430400000,1717459200000,3796.82000000,3798.63000000,3759.00000000,3767.06000000,53049.67160000,480,480,False
1717459200000,1717488000000,3767.07000000,3785.19000000,3730.00000000,3774.72000000,59411.82700000,480,480,False
1717488000000,1717516800000,3774.72000000,3817.99000000,3741.60000000,3810.63000000,96005.21130000,480,480,False
1717516800000,1717545600000,3810.63000000,3831.65000000,3776.20000000,3810.23000000,76646.70850000,480,480,False
1717545600000,1717574400000,3810.23000000,3839.92000000,3777.33000000,3809.58000000,89939.54310000,480,480,False
1717574400000,1717603200000,3809.57000000,3824.44000000,3782.00000000,3813.58000000,79075.68350000,480,480,False
1717603200000,1717632000000,3813.59000000,3887.47000000,3796.80000000,3865.99000000,104723.37690000,480,480,False
1717632000000,1717660800000,3866.00000000,3878.60000000,3838.53000000,3852.10000000,64714.65360000,480,480,False
1717660800000,1717689600000,3852.10000000,3866.48000000,3820.00000000,3845.01000000,71076.78160000,480,480,False
1717689600000,1717718400000,3845.00000000,3855.60000000,3760.00000000,3813.46000000,101712.75530000,480,480,False
1717718400000,1717747200000,3813.47000000,3825.75000000,3792.34000000,3816.31000000,38752.24050000,480,480,False
1717747200000,1717776000000,3816.31000000,3841.39000000,3771.39000000,3800.73000000,102115.31130000,480,480,False
1717776000000,1717804800000,3800.73000000,3807.67000000,3600.00000000,3678.32000000,221355.80760000,480,480,False
1717804800000,1717833600000,3678.31000000,3709.50000000,3673.82000000,3708.98000000,38467.00110000,480,480,False
1717833600000,1717862400000,3708.98000000,3709.39000000,3660.08000000,3688.13000000,69167.80110000,480,480,False
1717862400000,1717891200000,3688.13000000,3694.50000000,3670.37000000,3681.57000000,32916.03720000,480,480,False
1717891200000,1717920000000,3681.58000000,3692.00000000,3666.36000000,3685.99000000,34424.20680000,480,480,False
1717920000000,1717948800000,3685.98000000,3712.50000000,3680.99000000,3690.59000000,40337.42080000,480,480,False
1717948800000,1717977600000,3690.60000000,3721.52000000,3689.43000000,3706.40000000,28689.47440000,480,480,False
1717977600000,1718006400000,3706.40000000,3706.94000000,3642.74000000,3647.79000000,46527.19010000,480,480,False
1718006400000,1718035200000,3647.80000000,3713.67000000,3646.94000000,3702.54000000,61287.77170000,480,480,False
1718035200000,1718064000000,3702.53000000,3705.68000000,3650.64000000,3667.85000000,48548.22280000,480,480,False
1718064000000,1718092800000,3667.85000000,3673.00000000,3505.00000000,3534.60000000,169945.62350000,480,480,False
1718092800000,1718121600000,3534.60000000,3549.36000000,3432.01000000,3447.75000000,173680.49310000,480,480,False
1718121600000,1718150400000,3447.75000000,3509.65000000,3432.00000000,3497.33000000,95942.48120000,480,480,False
1718150400000,1718179200000,3497.33000000,3532.39000000,3462.07000000,3526.71000000,65147.32870000,480,480,False
1718179200000,1718208000000,3526.70000000,3659.01000000,3516.95000000,3618.32000000,191956.27250000,480,480,False
1718208000000,1718236800000,3618.32000000,3625.70000000,3513.32000000,3560.12000000,129940.17280000,480,480,False
1718236800000,1718265600000,3560.13000000,3561.65000000,3476.21000000,3507.53000000,94967.07820000,480,480,False
1718265600000,1718294400000,3507.53000000,3539.83000000,3433.00000000,3441.73000000,143490.75760000,480,480,False
1718294400000,1718323200000,3441.73000000,3491.55000000,3428.00000000,3469.40000000,61772.99410000,480,480,False
1718323200000,1718352000000,3469.40000000,3532.61000000,3457.37000000,3516.61000000,74527.85300000,480,480,False
1718352000000,1718380800000,3516.61000000,3530.25000000,3460.17000000,3462.41000000,74865.55920000,480,480,False
1718380800000,1718409600000,3462.41000000,3528.93000000,3362.26000000,3481.80000000,172923.00920000,480,480,False
1718409600000,1718438400000,3481.80000000,3557.81000000,3473.10000000,3529.61000000,97502.11820000,480,480,False
1718438400000,1718467200000,3529.61000000,3594.39000000,3519.49000000,3565.80000000,95616.47550000,480,480,False
1718467200000,1718496000000,3565.80000000,3575.73000000,3536.76000000,3568.74000000,53530.99570000,480,480,False
1718496000000,1718524800000,3568.75000000,3574.54000000,3541.05000000,3561.93000000,31208.52320000,480,480,False
1718524800000,1718553600000,3561.93000000,3611.98000000,3546.92000000,3591.88000000,62862.24320000,480,480,False
1718553600000,1718582400000,3591.88000000,3653.79000000,3586.69000000,3624.41000000,55769.21560000,480,480,False
1718582400000,1718611200000,3624.41000000,3638.37000000,3538.70000000,3552.68000000,97404.02810000,480,480,False
1718611200000,1718640000000,3552.68000000,3561.10000000,3485.44000000,3497.26000000,130669.35520000,480,480,False
1718640000000,1718668800000,3497.26000000,3577.77000000,3463.39000000,3511.46000000,109732.25690000,480,480,False
1718668800000,1718697600000,3511.47000000,3517.20000000,3355.00000000,3443.97000000,192849.57950000,480,480,False
1718697600000,1718726400000,3443.97000000,3451.84000000,3370.92000000,3424.01000000,145371.12420000,480,480,False
1718726400000,1718755200000,3424.02000000,3490.00000000,3386.92000000,3483.42000000,111692.59770000,480,480,False
1718755200000,1718784000000,3483.42000000,3585.00000000,3465.65000000,3544.30000000,146568.49820000,480,480,False
1718784000000,1718812800000,3544.31000000,3564.00000000,3512.20000000,3529.29000000,96775.99890000,480,480,False
1718812800000,1718841600000,3529.30000000,3590.01000000,3523.43000000,3560.51000000,78155.50560000,480,480,False
1718841600000,1718870400000,3560.51000000,3616.06000000,3533.49000000,3607.87000000,99246.90990000,480,480,False
1718870400000,1718899200000,3607.87000000,3625.96000000,3491.46000000,3506.61000000,161318.64500000,480,480,False
1718899200000,1718928000000,3506.61000000,3542.40000000,3486.00000000,3513.08000000,68552.29040000,480,480,False
1718928000000,1718956800000,3513.08000000,3536.21000000,3467.00000000,3475.00000000,79035.63350000,480,480,False
1718956800000,1718985600000,3475.00000000,3532.83000000,3446.82000000,3492.78000000,173564.12380000,480,480,False
1718985600000,1719014400000,3492.78000000,3547.55000000,3469.96000000,3518.50000000,89555.34470000,480,480,False
1719014400000,1719043200000,3518.50000000,3521.19000000,3489.73000000,3494.00000000,43825.92260000,480,480,False
1719043200000,1719072000000,3494.00000000,3511.84000000,3475.09000000,3505.43000000,48133.01410000,480,480,False
1719072000000,1719100800000,3505.43000000,3508.37000000,3485.56000000,3495.75000000,23815.67900000,480,480,False
1719100800000,1719129600000,3495.76000000,3521.45000000,3494.67000000,3512.50000000,24052.98300000,480,480,False
1719129600000,1719158400000,3512.49000000,3513.00000000,3471.82000000,3474.54000000,44666.87180000,480,480,False
1719158400000,1719187200000,3474.54000000,3482.40000000,3406.38000000,3420.91000000,64691.57560000,480,480,False
1719187200000,1719216000000,3420.91000000,3435.76000000,3354.22000000,3369.19000000,109021.99090000,480,480,False
1719216000000,1719244800000,3369.20000000,3394.36000000,3240.00000000,3280.30000000,256831.10330000,480,480,False
1719244800000,1719273600000,3280.31000000,3363.18000000,3242.44000000,3352.73000000,177517.32870000,480,480,False
1719273600000,1719302400000,3352.74000000,3394.92000000,3336.76000000,3361.00000000,78112.52450000,480,480,False
1719302400000,1719331200000,3361.00000000,3425.37000000,3345.79000000,3419.60000000,107260.99330000,480,480,False
1719331200000,1719360000000,3419.60000000,3430.88000000,3381.68000000,3394.91000000,54662.70580000,480,480,False
1719360000000,1719388800000,3394.91000000,3426.75000000,3376.81000000,3401.80000000,53488.77030000,480,480,False
1719388800000,1719417600000,3401.80000000,3402.85000000,3346.00000000,3361.69000000,70217.83220000,480,480,False
1719417600000,1719446400000,3361.68000000,3417.43000000,3325.01000000,3371.44000000,83242.73930000,480,480,False
1719446400000,1719475200000,3371.77000000,3393.00000000,3361.74000000,3374.98000000,43403.40720000,480,480,False
1719475200000,1719504000000,3374.98000000,3477.00000000,3368.70000000,3452.75000000,115696.89990000,480,480,False
1719504000000,1719532800000,3452.75000000,3467.50000000,3439.00000000,3450.44000000,41941.35380000,480,480,False
1719532800000,1719561600000,3450.44000000,3487.70000000,3427.01000000,3431.82000000,62682.97360000,480,480,False
1719561600000,1719590400000,3431.82000000,3476.73000000,3403.06000000,3413.61000000,97994.36080000,480,480,False
1719590400000,1719619200000,3413.60000000,3416.60000000,3365.22000000,3380.15000000,60957.00910000,480,480,False
1719619200000,1719648000000,3380.15000000,3408.32000000,3380.01000000,3399.72000000,36698.94030000,480,480,False
1719648000000,1719676800000,3399.72000000,3406.05000000,3383.00000000,3394.62000000,28300.86260000,480,480,False
1719676800000,1719705600000,3394.62000000,3396.53000000,3371.86000000,3378.80000000,23329.96220000,480,480,False
1719705600000,1719734400000,3378.80000000,3400.00000000,3352.66000000,3394.03000000,44182.46140000,480,480,False
1719734400000,1719763200000,3394.03000000,3404.88000000,3379.81000000,3399.80000000,39025.02160000,480,480,False
1719763200000,1719792000000,3399.81000000,3460.00000000,3391.99000000,3438.16000000,58014.13550000,480,480,False
1719792000000,1719820800000,3438.16000000,3524.94000000,3432.55000000,3490.58000000,96648.45830000,480,480,False
1719820800000,1719849600000,3490.59000000,3495.00000000,3453.00000000,3474.35000000,71631.68140000,480,480,False
1719849600000,1719878400000,3474.35000000,3499.00000000,3423.78000000,3442.20000000,55993.07250000,480,480,False
1719878400000,1719907200000,3442.20000000,3464.12000000,3434.02000000,3439.00000000,39896.41080000,480,480,False
1719907200000,1719936000000,3439.01000000,3462.50000000,3402.00000000,3415.65000000,64802.26040000,480,480,False
1719936000000,1719964800000,3415.66000000,3433.65000000,3408.89000000,3421.35000000,33234.03020000,480,480,False
1719964800000,1719993600000,3421.35000000,3432.10000000,3331.23000000,3352.20000000,77003.77650000,480,480,False
1719993600000,1720022400000,3352.21000000,3356.98000000,3275.48000000,3304.26000000,134747.97320000,480,480,False
1720022400000,1720051200000,3304.16000000,3322.09000000,3251.00000000,3295.48000000,98656.70130000,480,480,False
1720051200000,1720080000000,3295.49000000,3313.45000000,3155.00000000,3182.21000000,164307.48960000,480,480,False
1720080000000,1720108800000,3182.21000000,3195.99000000,3088.25000000,3138.79000000,194753.64070000,480,480,False
1720108800000,1720137600000,3138.79000000,3169.79000000,3050.34000000,3059.70000000,91341.43890000,480,480,False
1720137600000,1720166400000,3059.70000000,3110.00000000,2810.00000000,2882.21000000,543984.10270000,480,480,False
1720166400000,1720195200000,2882.21000000,3005.42000000,2820.00000000,2990.99000000,258934.90970000,480,480,False
1720195200000,1720224000000,2990.99000000,3001.63000000,2958.15000000,2981.78000000,84075.36290000,480,480,False
1720224000000,1720252800000,2981.79000000,3026.45000000,2955.06000000,3004.69000000,72933.55350000,480,480,False
1720252800000,1720281600000,3004.69000000,3030.00000000,2985.06000000,3020.00000000,78386.31840000,480,480,False
1720281600000,1720310400000,3020.00000000,3081.78000000,3016.31000000,3066.83000000,63168.09940000,480,480,False
1720310400000,1720339200000,3066.83000000,3073.08000000,2993.51000000,3004.42000000,53884.96850000,480,480,False
1720339200000,1720368000000,3004.42000000,3032.18000000,2955.12000000,2970.99000000,61654.40070000,480,480,False
1720368000000,1720396800000,2970.99000000,3009.58000000,2922.24000000,2931.00000000,64353.39200000,480,480,False
1720396800000,1720425600000,2930.99000000,2951.89000000,2822.80000000,2927.00000000,152117.38640000,480,480,False
1720425600000,1720454400000,2927.02000000,3097.06000000,2890.00000000,2969.21000000,274223.48680000,480,480,False
1720454400000,1720483200000,2969.21000000,3046.00000000,2945.40000000,3019.01000000,74104.13730000,480,480,False
1720483200000,1720512000000,3019.01000000,3090.38000000,3004.00000000,3061.93000000,91081.90100000,480,480,False
1720512000000,1720540800000,3061.94000000,3115.20000000,3031.06000000,3067.83000000,114044.44110000,480,480,False
1720540800000,1720569600000,3067.83000000,3089.34000000,3046.32000000,3066.65000000,75231.80030000,480,480,False
1720569600000,1720598400000,3066.65000000,3129.89000000,3024.00000000,3097.08000000,84474.39660000,480,480,False
1720598400000,1720627200000,3097.07000000,3129.61000000,3077.76000000,3122.76000000,105287.79890000,480,480,False
1720627200000,1720656000000,3122.76000000,3151.51000000,3080.21000000,3101.05000000,81064.88890000,480,480,False
1720656000000,1720684800000,3101.06000000,3130.00000000,3054.76000000,3118.22000000,57582.54560000,480,480,False
1720684800000,1720713600000,3118.22000000,3217.24000000,3104.52000000,3117.95000000,157547.39350000,480,480,False
1720713600000,1720742400000,3117.95000000,3148.58000000,3086.00000000,3099.57000000,74099.38090000,480,480,False
1720742400000,1720771200000,3099.57000000,3117.92000000,3055.11000000,3072.30000000,52614.69920000,480,480,False
1720771200000,1720800000000,3072.30000000,3139.74000000,3045.58000000,3131.34000000,75139.47520000,480,480,False
1720800000000,1720828800000,3131.34000000,3157.89000000,3090.00000000,3133.88000000,57991.00810000,480,480,False
1720828800000,1720857600000,3133.89000000,3142.62000000,3113.37000000,3140.21000000,29634.33610000,480,480,False
1720857600000,1720886400000,3140.20000000,3171.00000000,3128.99000000,3154.87000000,47469.80250000,480,480,False
1720886400000,1720915200000,3154.86000000,3201.80000000,3144.26000000,3175.93000000,42198.33830000,480,480,False
1720915200000,1720944000000,3175.93000000,3206.70000000,3163.67000000,3195.40000000,54693.26330000,480,480,False
1720944000000,1720972800000,3195.40000000,3225.13000000,3173.68000000,3190.48000000,54125.23680000,480,480,False
1720972800000,1721001600000,3190.47000000,3268.72000000,3183.31000000,3245.08000000,56612.27150000,480,480,False
1721001600000,1721030400000,3245.20000000,3369.42000000,3233.22000000,3355.95000000,114213.29640000,480,480,False
1721030400000,1721059200000,3355.96000000,3393.69000000,3328.00000000,3367.83000000,77287.12870000,480,480,False
1721059200000,1721088000000,3367.82000000,3493.63000000,3358.21000000,3483.39000000,122796.42010000,480,480,False
1721088000000,1721116800000,3483.20000000,3498.59000000,3372.20000000,3376.80000000,128575.61360000,480,480,False
1721116800000,1721145600000,3376.80000000,3484.73000000,3346.55000000,3476.25000000,125655.45290000,480,480,False
1721145600000,1721174400000,3476.21000000,3494.38000000,3414.31000000,3444.13000000,121897.72040000,480,480,False
1721174400000,1721203200000,3444.14000000,3517.00000000,3441.86000000,3486.22000000,107524.89530000,480,480,False
1721203200000,1721232000000,3486.23000000,3500.00000000,3432.49000000,3437.17000000,109466.14890000,480,480,False
1721232000000,1721260800000,3437.18000000,3438.92000000,3376.00000000,3387.05000000,80821.47200000,480,480,False
1721260800000,1721289600000,3387.05000000,3454.08000000,3383.43000000,3433.00000000,67605.36470000,480,480,False
1721289600000,1721318400000,3433.00000000,3489.98000000,3385.01000000,3389.28000000,107470.46190000,480,480,False
1721318400000,1721347200000,3389.29000000,3437.30000000,3367.20000000,3426.50000000,66874.51910000,480,480,False
1721347200000,1721376000000,3426.49000000,3450.50000000,3384.04000000,3391.59000000,71089.07190000,480,480,False
1721376000000,1721404800000,3391.59000000,3474.99000000,3377.00000000,3465.00000000,113041.57570000,480,480,False
1721404800000,1721433600000,3465.00000000,3540.27000000,3464.99000000,3503.53000000,115380.99460000,480,480,False
1721433600000,1721462400000,3503.53000000,3508.49000000,3480.00000000,3487.40000000,49676.73100000,480,480,False
1721462400000,1721491200000,3487.39000000,3507.84000000,3480.50000000,3503.72000000,43868.38570000,480,480,False
1721491200000,1721520000000,3503.71000000,3539.65000000,3490.53000000,3517.50000000,53965.69980000,480,480,False
1721520000000,1721548800000,3517.50000000,3528.80000000,3476.60000000,3485.01000000,36015.11210000,480,480,False
1721548800000,1721577600000,3485.00000000,3517.10000000,3482.47000000,3499.95000000,41730.12970000,480,480,False
1721577600000,1721606400000,3499.95000000,3547.00000000,3411.40000000,3535.92000000,141145.72380000,480,480,False
1721606400000,1721635200000,3535.93000000,3562.82000000,3459.60000000,3478.89000000,71419.96590000,480,480,False
1721635200000,1721664000000,3478.90000000,3507.35000000,3435.60000000,3457.15000000,71831.82660000,480,480,False
1721664000000,1721692800000,3457.15000000,3499.53000000,3422.34000000,3439.60000000,64607.71180000,480,480,False
1721692800000,1721721600000,3439.61000000,3490.14000000,3425.00000000,3454.84000000,94747.83490000,480,480,False
1721721600000,1721750400000,3454.85000000,3541.00000000,3429.59000000,3454.38000000,231705.12710000,480,480,False
1721750400000,1721779200000,3454.38000000,3500.00000000,3389.00000000,3482.51000000,174115.81910000,480,480,False
1721779200000,1721808000000,3482.51000000,3487.82000000,3427.40000000,3446.69000000,74234.73300000,480,480,False
1721808000000,1721836800000,3446.69000000,3472.33000000,3409.01000000,3414.87000000,89331.16550000,480,480,False
1721836800000,1721865600000,3414.87000000,3432.40000000,3300.00000000,3335.81000000,111913.15210000,480,480,False
1721865600000,1721894400000,3335.82000000,3342.50000000,3130.00000000,3171.84000000,233449.35530000,480,480,False
1721894400000,1721923200000,3171.84000000,3187.80000000,3105.35000000,3142.28000000,139716.62690000,480,480,False
1721923200000,1721952000000,3142.28000000,3198.50000000,3087.53000000,3175.48000000,121116.65760000,480,480,False
1721952000000,1721980800000,3175.47000000,3276.00000000,3171.00000000,3251.00000000,125403.34670000,480,480,False
1721980800000,1722009600000,3251.00000000,3271.14000000,3221.43000000,3255.02000000,90715.61350000,480,480,False
1722009600000,1722038400000,3255.02000000,3286.36000000,3242.62000000,3274.61000000,44118.50390000,480,480,False
1722038400000,1722067200000,3274.60000000,3277.80000000,3241.31000000,3272.31000000,40099.08790000,480,480,False
1722067200000,1722096000000,3272.31000000,3327.59000000,3262.92000000,3280.97000000,75957.34050000,480,480,False
1722096000000,1722124800000,3280.97000000,3294.50000000,3191.01000000,3249.01000000,115935.47530000,480,480,False
1722124800000,1722153600000,3249.00000000,3256.36000000,3198.11000000,3227.69000000,41051.43830000,480,480,False
1722153600000,1722182400000,3227.69000000,3279.93000000,3215.87000000,3268.61000000,38935.86000000,480,480,False
1722182400000,1722211200000,3268.61000000,3284.30000000,3251.08000000,3270.16000000,23542.53460000,480,480,False
1722211200000,1722240000000,3270.16000000,3389.00000000,3267.17000000,3366.91000000,103879.51680000,480,480,False
1722240000000,1722268800000,3366.90000000,3396.77000000,3290.00000000,3308.67000000,103132.50670000,480,480,False
1722268800000,1722297600000,3308.66000000,3353.38000000,3258.00000000,3317.66000000,111459.48200000,480,480,False
1722297600000,1722326400000,3317.66000000,3353.41000000,3282.30000000,3340.90000000,68131.60630000,480,480,False
1722326400000,1722355200000,3340.90000000,3366.40000000,3291.60000000,3321.00000000,63019.51280000,480,480,False
1722355200000,1722384000000,3321.00000000,3327.42000000,3233.18000000,3279.21000000,66126.04500000,480,480,False
1722384000000,1722412800000,3279.20000000,3332.04000000,3262.04000000,3317.50000000,60833.83460000,480,480,False
1722412800000,1722441600000,3317.49000000,3350.00000000,3297.85000000,3302.36000000,75187.86310000,480,480,False
1722441600000,1722470400000,3302.35000000,3326.79000000,3213.75000000,3232.74000000,97689.63750000,480,480,False
1722470400000,1722499200000,3232.74000000,3242.57000000,3136.47000000,3166.81000000,102762.79840000,480,480,False
1722499200000,1722528000000,3166.82000000,3207.00000000,3102.40000000,3117.18000000,99296.03880000,480,480,False
1722528000000,1722556800000,3117.18000000,3219.34000000,3080.02000000,3203.40000000,121226.77330000,480,480,False
1722556800000,1722585600000,3203.40000000,3218.60000000,3127.00000000,3147.42000000,64798.71910000,480,480,False
1722585600000,1722614400000,3147.41000000,3182.80000000,2985.13000000,3038.99000000,203566.06880000,480,480,False
1722614400000,1722643200000,3039.00000000,3048.59000000,2967.00000000,2989.61000000,117339.25160000,480,480,False
1722643200000,1722672000000,2989.61000000,3003.53000000,2913.56000000,2983.90000000,95141.75510000,480,480,False
1722672000000,1722700800000,2983.81000000,3018.02000000,2938.88000000,2942.40000000,69772.13370000,480,480,False
1722700800000,1722729600000,2942.40000000,2955.39000000,2859.00000000,2903.64000000,179681.42690000,480,480,False
1722729600000,1722758400000,2903.65000000,2935.46000000,2876.22000000,2893.24000000,57492.49740000,480,480,False
1722758400000,1722787200000,2893.24000000,2925.80000000,2819.50000000,2826.98000000,111408.23630000,480,480,False
1722787200000,1722816000000,2827.00000000,2837.96000000,2630.00000000,2688.92000000,343163.52750000,480,480,False
1722816000000,1722844800000,2688.91000000,2697.44000000,2111.00000000,2357.55000000,1538410.66800000,480,480,False
1722844800000,1722873600000,2357.54000000,2462.90000000,2183.51000000,2450.80000000,833543.94520000,480,480,False
1722873600000,1722902400000,2450.80000000,2518.00000000,2364.14000000,2419.59000000,298649.48710000,480,480,False
1722902400000,1722931200000,2419.76000000,2547.43000000,2415.80000000,2523.41000000,215931.14550000,480,480,False
1722931200000,1722960000000,2523.42000000,2556.23000000,2414.19000000,2527.60000000,271348.15950000,480,480,False
1722960000000,1722988800000,2527.59000000,2549.73000000,2446.08000000,2461.33000000,155004.49880000,480,480,False
1722988800000,1723017600000,2461.33000000,2534.60000000,2425.53000000,2510.72000000,161250.60730000,480,480,False
1723017600000,1723046400000,2510.79000000,2551.32000000,2364.76000000,2412.75000000,286509.24400000,480,480,False
1723046400000,1723075200000,2412.76000000,2416.45000000,2309.04000000,2342.80000000,182355.57150000,480,480,False
1723075200000,1723104000000,2342.79000000,2465.25000000,2320.40000000,2414.00000000,141331.84350000,480,480,False
1723104000000,1723132800000,2414.00000000,2525.68000000,2408.60000000,2507.20000000,209075.17060000,480,480,False
1723132800000,1723161600000,2507.21000000,2724.10000000,2504.02000000,2682.50000000,236095.86130000,480,480,False
1723161600000,1723190400000,2682.50000000,2707.98000000,2646.40000000,2670.21000000,129301.39520000,480,480,False
1723190400000,1723219200000,2670.21000000,2681.28000000,2556.40000000,2557.82000000,186129.92610000,480,480,False
1723219200000,1723248000000,2557.82000000,2613.07000000,2552.61000000,2598.78000000,91308.63980000,480,480,False
1723248000000,1723276800000,2598.79000000,2644.70000000,2576.49000000,2634.27000000,66141.53350000,480,480,False
1723276800000,1723305600000,2634.27000000,2642.84000000,2597.00000000,2599.49000000,45332.18040000,480,480,False
1723305600000,1723334400000,2599.50000000,2622.84000000,2589.51000000,2609.92000000,59538.64800000,480,480,False
1723334400000,1723363200000,2609.92000000,2683.15000000,2606.02000000,2677.79000000,61401.70100000,480,480,False
1723363200000,1723392000000,2677.80000000,2720.00000000,2594.46000000,2614.07000000,115836.12090000,480,480,False
1723392000000,1723420800000,2614.07000000,2645.92000000,2540.00000000,2555.38000000,119861.09260000,480,480,False
1723420800000,1723449600000,2555.38000000,2582.75000000,2510.05000000,2567.27000000,101361.69140000,480,480,False
1723449600000,1723478400000,2567.27000000,2723.70000000,2558.54000000,2689.20000000,250085.99380000,480,480,False
1723478400000,1723507200000,2689.20000000,2750.00000000,2627.89000000,2722.30000000,131966.56540000,480,480,False
1723507200000,1723536000000,2722.30000000,2738.40000000,2635.13000000,2648.94000000,112165.26340000,480,480,False
1723536000000,1723564800000,2648.95000000,2674.99000000,2611.37000000,2652.00000000,94980.49190000,480,480,False
1723564800000,1723593600000,2652.00000000,2734.00000000,2650.00000000,2702.44000000,118522.94110000,480,480,False
1723593600000,1723622400000,2702.44000000,2750.00000000,2685.80000000,2727.57000000,75622.02040000,480,480,False
1723622400000,1723651200000,2727.56000000,2780.00000000,2632.20000000,2674.21000000,199681.15450000,480,480,False
1723651200000,1723680000000,2674.22000000,2679.81000000,2641.30000000,2661.45000000,63505.53920000,480,480,False
1723680000000,1723708800000,2661.45000000,2673.57000000,2589.00000000,2615.16000000,83012.09630000,480,480,False
1723708800000,1723737600000,2615.16000000,2675.60000000,2604.30000000,2668.40000000,89108.21710000,480,480,False
1723737600000,1723766400000,2668.40000000,2675.00000000,2515.71000000,2569.89000000,184426.49250000,480,480,False
1723766400000,1723795200000,2569.90000000,2628.83000000,2552.17000000,2617.45000000,71195.30070000,480,480,False
1723795200000,1723824000000,2617.44000000,2626.41000000,2550.04000000,2568.97000000,97909.74010000,480,480,False
1723824000000,1723852800000,2568.96000000,2630.97000000,2564.13000000,2592.73000000,101579.09650000,480,480,False
1723852800000,1723881600000,2592.72000000,2607.92000000,2587.50000000,2600.24000000,28608.02450000,480,480,False
1723881600000,1723910400000,2600.24000000,2618.65000000,2593.00000000,2606.78000000,34103.02460000,480,480,False
1723910400000,1723939200000,2606.79000000,2629.69000000,2600.00000000,2614.51000000,26637.62690000,480,480,False
1723939200000,1723968000000,2614.51000000,2638.22000000,2594.53000000,2608.06000000,42850.45420000,480,480,False
1723968000000,1723996800000,2608.05000000,2689.16000000,2605.59000000,2672.20000000,84157.62310000,480,480,False
1723996800000,1724025600000,2672.20000000,2678.38000000,2610.05000000,2612.15000000,47065.98120000,480,480,False
1724025600000,1724054400000,2612.15000000,2648.08000000,2603.53000000,2614.31000000,64762.68940000,480,480,False
1724054400000,1724083200000,2614.31000000,2622.26000000,2563.58000000,2584.53000000,93221.13880000,480,480,False
1724083200000,1724112000000,2584.54000000,2641.15000000,2574.28000000,2636.36000000,66883.30540000,480,480,False
1724112000000,1724140800000,2636.36000000,2695.00000000,2619.06000000,2674.81000000,89917.00810000,480,480,False
1724140800000,1724169600000,2674.81000000,2676.40000000,2555.00000000,2574.99000000,123595.93130000,480,480,False
1724169600000,1724198400000,2575.00000000,2609.93000000,2565.23000000,2572.82000000,67802.93570000,480,480,False
1724198400000,1724227200000,2572.81000000,2606.60000000,2557.00000000,2600.72000000,50644.41270000,480,480,False
1724227200000,1724256000000,2600.73000000,2618.00000000,2536.22000000,2601.89000000,108440.62810000,480,480,False
1724256000000,1724284800000,2601.88000000,2663.74000000,2592.58000000,2630.71000000,86201.58100000,480,480,False
1724284800000,1724313600000,2630.71000000,2642.33000000,2584.20000000,2636.29000000,58128.08640000,480,480,False
1724313600000,1724342400000,2636.30000000,2644.69000000,2590.50000000,2599.40000000,93100.56720000,480,480,False
1724342400000,1724371200000,2599.41000000,2627.06000000,2597.40000000,2622.88000000,47834.46600000,480,480,False
1724371200000,1724400000000,2622.89000000,2689.00000000,2621.40000000,2669.23000000,92562.31380000,480,480,False
1724400000000,1724428800000,2669.24000000,2699.00000000,2632.83000000,2671.09000000,133372.77900000,480,480,False
1724428800000,1724457600000,2671.09000000,2799.13000000,2663.00000000,2762.48000000,175851.35190000,480,480,False
1724457600000,1724486400000,2762.49000000,2769.60000000,2739.40000000,2758.48000000,75434.96260000,480,480,False
1724486400000,1724515200000,2758.48000000,2786.29000000,2751.36000000,2761.07000000,57516.91340000,480,480,False
1724515200000,1724544000000,2761.06000000,2820.00000000,2731.26000000,2768.00000000,130591.06810000,480,480,False
1724544000000,1724572800000,2768.01000000,2782.73000000,2733.21000000,2743.40000000,57767.83800000,480,480,False
1724572800000,1724601600000,2743.39000000,2772.90000000,2737.23000000,2763.81000000,45152.05170000,480,480,False
1724601600000,1724630400000,2763.81000000,2792.28000000,2739.77000000,2746.13000000,51607.34550000,480,480,False
1724630400000,1724659200000,2746.12000000,2762.00000000,2718.14000000,2733.13000000,50318.93000000,480,480,False
1724659200000,1724688000000,2733.13000000,2749.12000000,2701.43000000,2721.69000000,82541.56990000,480,480,False
1724688000000,1724716800000,2721.69000000,2732.08000000,2666.66000000,2680.49000000,78847.62480000,480,480,False
1724716800000,1724745600000,2680.49000000,2699.98000000,2667.12000000,2687.90000000,59767.96430000,480,480,False
1724745600000,1724774400000,2687.90000000,2692.07000000,2555.00000000,2579.30000000,146154.61260000,480,480,False
1724774400000,1724803200000,2579.30000000,2591.93000000,2392.96000000,2457.33000000,206738.14280000,480,480,False
1724803200000,1724832000000,2457.33000000,2485.99000000,2418.80000000,2437.02000000,144193.40370000,480,480,False
1724832000000,1724860800000,2437.02000000,2550.31000000,2429.14000000,2496.05000000,167475.32570000,480,480,False
1724860800000,1724889600000,2496.05000000,2554.60000000,2456.19000000,2528.33000000,139597.90460000,480,480,False
1724889600000,1724918400000,2528.33000000,2559.39000000,2512.20000000,2547.53000000,56634.87320000,480,480,False
1724918400000,1724947200000,2547.52000000,2595.40000000,2536.63000000,2575.97000000,93161.98380000,480,480,False
1724947200000,1724976000000,2575.97000000,2585.69000000,2505.88000000,2527.61000000,87206.10620000,480,480,False
1724976000000,1725004800000,2527.60000000,2535.40000000,2503.80000000,2517.41000000,63128.24420000,480,480,False
1725004800000,1725033600000,2517.42000000,2552.17000000,2434.96000000,2448.75000000,125281.18270000,480,480,False
1725033600000,1725062400000,2448.76000000,2542.19000000,2431.14000000,2526.00000000,149969.76720000,480,480,False
1725062400000,1725091200000,2525.99000000,2533.95000000,2518.17000000,2521.01000000,29123.11840000,480,480,False
1725091200000,1725120000000,2521.01000000,2529.81000000,2511.47000000,2519.19000000,30141.85000000,480,480,False
1725120000000,1725148800000,2519.18000000,2528.22000000,2491.92000000,2513.01000000,38681.14630000,480,480,False
1725148800000,1725177600000,2513.00000000,2516.28000000,2458.84000000,2486.82000000,48860.83010000,480,480,False
1725177600000,1725206400000,2486.82000000,2492.88000000,2438.00000000,2480.83000000,70346.53650000,480,480,False
1725206400000,1725235200000,2480.83000000,2516.00000000,2400.00000000,2425.72000000,103920.40940000,480,480,False
1725235200000,1725264000000,2425.71000000,2466.20000000,2423.52000000,2441.14000000,73275.52420000,480,480,False
1725264000000,1725292800000,2441.14000000,2539.53000000,2438.39000000,2513.20000000,127537.10420000,480,480,False
1725292800000,1725321600000,2513.20000000,2564.83000000,2505.78000000,2538.01000000,61820.21010000,480,480,False
1725321600000,1725350400000,2538.00000000,2553.60000000,2512.46000000,2519.55000000,47113.33970000,480,480,False
1725350400000,1725379200000,2519.55000000,2520.54000000,2435.79000000,2444.01000000,102222.96830000,480,480,False
1725379200000,1725408000000,2444.01000000,2470.57000000,2411.12000000,2425.29000000,75456.82190000,480,480,False
1725408000000,1725436800000,2425.28000000,2449.22000000,2306.65000000,2401.52000000,190086.27640000,480,480,False
1725436800000,1725465600000,2401.52000000,2458.57000000,2387.15000000,2455.40000000,127860.65190000,480,480,False
1725465600000,1725494400000,2455.39000000,2490.00000000,2439.20000000,2450.71000000,66232.45710000,480,480,False
1725494400000,1725523200000,2450.71000000,2466.00000000,2376.72000000,2412.40000000,93320.61620000,480,480,False
1725523200000,1725552000000,2412.41000000,2416.35000000,2355.80000000,2371.43000000,113894.27530000,480,480,False
1725552000000,1725580800000,2371.43000000,2395.99000000,2348.04000000,2368.81000000,71334.20540000,480,480,False
1725580800000,1725609600000,2368.81000000,2408.40000000,2321.21000000,2344.45000000,90124.27140000,480,480,False
1725609600000,1725638400000,2344.44000000,2408.83000000,2266.00000000,2290.21000000,215256.91920000,480,480,False
1725638400000,1725667200000,2290.21000000,2293.17000000,2150.55000000,2225.23000000,337645.92040000,480,480,False
1725667200000,1725696000000,2225.24000000,2293.76000000,2220.98000000,2288.11000000,88468.24810000,480,480,False
1725696000000,1725724800000,2288.11000000,2311.27000000,2275.20000000,2300.49000000,64215.54330000,480,480,False
1725724800000,1725753600000,2300.49000000,2304.54000000,2257.37000000,2273.58000000,66769.41620000,480,480,False
1725753600000,1725782400000,2273.58000000,2304.80000000,2263.22000000,2294.94000000,41050.47690000,480,480,False
1725782400000,1725811200000,2294.94000000,2309.86000000,2240.94000000,2245.74000000,76307.98120000,480,480,False
1725811200000,1725840000000,2245.74000000,2333.58000000,2243.26000000,2297.30000000,75417.19120000,480,480,False
1725840000000,1725868800000,2297.30000000,2320.74000000,2283.10000000,2314.33000000,67576.61430000,480,480,False
1725868800000,1725897600000,2314.33000000,2339.00000000,2272.80000000,2292.55000000,116614.69290000,480,480,False
1725897600000,1725926400000,2292.56000000,2381.41000000,2291.00000000,2359.50000000,137507.68280000,480,480,False
1725926400000,1725955200000,2359.51000000,2366.47000000,2328.00000000,2363.51000000,54462.19330000,480,480,False
1725955200000,1725984000000,2363.51000000,2372.00000000,2320.41000000,2325.01000000,90362.80570000,480,480,False
1725984000000,1726012800000,2325.01000000,2400.00000000,2324.52000000,2388.52000000,79557.17390000,480,480,False
1726012800000,1726041600000,2388.52000000,2389.32000000,2318.66000000,2341.66000000,72015.26420000,480,480,False
1726041600000,1726070400000,2341.66000000,2355.32000000,2277.68000000,2325.90000000,139856.72520000,480,480,False
1726070400000,1726099200000,2325.89000000,2368.87000000,2324.48000000,2340.55000000,71026.32310000,480,480,False
1726099200000,1726128000000,2340.54000000,2391.93000000,2339.54000000,2359.59000000,70517.42860000,480,480,False
1726128000000,1726156800000,2359.59000000,2366.98000000,2315.39000000,2323.20000000,77648.93980000,480,480,False
1726156800000,1726185600000,2323.20000000,2373.64000000,2322.42000000,2361.76000000,54444.76240000,480,480,False
1726185600000,1726214400000,2361.75000000,2364.56000000,2337.35000000,2348.88000000,31518.99660000,480,480,False
1726214400000,1726243200000,2348.87000000,2412.61000000,2341.66000000,2407.79000000,111348.42310000,480,480,False
1726243200000,1726272000000,2407.79000000,2464.82000000,2396.06000000,2439.19000000,111021.19630000,480,480,False
1726272000000,1726300800000,2439.19000000,2440.60000000,2413.80000000,2420.23000000,39947.40140000,480,480,False
1726300800000,1726329600000,2420.23000000,2424.11000000,2407.98000000,2418.54000000,38792.53950000,480,480,False
1726329600000,1726358400000,2418.55000000,2422.99000000,2376.72000000,2417.79000000,44191.28930000,480,480,False
1726358400000,1726387200000,2417.80000000,2430.32000000,2414.10000000,2422.90000000,23647.27220000,480,480,False
1726387200000,1726416000000,2422.89000000,2423.18000000,2396.28000000,2408.71000000,35154.37330000,480,480,False
1726416000000,1726444800000,2408.72000000,2409.12000000,2283.75000000,2316.10000000,115562.54910000,480,480,False
1726444800000,1726473600000,2316.09000000,2322.60000000,2252.39000000,2310.69000000,129226.65390000,480,480,False
1726473600000,1726502400000,2310.69000000,2335.70000000,2269.52000000,2287.72000000,98840.72220000,480,480,False
1726502400000,1726531200000,2287.73000000,2311.06000000,2267.60000000,2295.68000000,102487.85590000,480,480,False
1726531200000,1726560000000,2295.67000000,2310.75000000,2263.29000000,2309.18000000,51655.55040000,480,480,False
1726560000000,1726588800000,2309.18000000,2393.63000000,2302.46000000,2383.79000000,140845.75380000,480,480,False
1726588800000,1726617600000,2383.79000000,2390.00000000,2327.90000000,2341.80000000,81704.95460000,480,480,False
1726617600000,1726646400000,2341.79000000,2343.28000000,2309.69000000,2330.00000000,57609.07110000,480,480,False
1726646400000,1726675200000,2330.00000000,2330.01000000,2277.34000000,2296.00000000,83253.31490000,480,480,False
1726675200000,1726704000000,2296.00000000,2376.14000000,2288.25000000,2374.75000000,152055.21480000,480,480,False
1726704000000,1726732800000,2374.74000000,2442.60000000,2372.60000000,2438.06000000,125988.28210000,480,480,False
1726732800000,1726761600000,2438.07000000,2453.00000000,2420.48000000,2440.00000000,99670.18500000,480,480,False
1726761600000,1726790400000,2439.99000000,2494.95000000,2433.41000000,2465.21000000,101087.56490000,480,480,False
1726790400000,1726819200000,2465.21000000,2571.93000000,2437.31000000,2561.00000000,152754.08810000,480,480,False
1726819200000,1726848000000,2561.00000000,2570.00000000,2516.20000000,2560.27000000,124589.53860000,480,480,False
1726848000000,1726876800000,2560.27000000,2569.00000000,2525.36000000,2561.40000000,63410.96450000,480,480,False
1726876800000,1726905600000,2561.40000000,2587.40000000,2528.97000000,2555.77000000,67878.25250000,480,480,False
1726905600000,1726934400000,2555.77000000,2576.47000000,2545.04000000,2560.00000000,40446.90130000,480,480,False
1726934400000,1726963200000,2560.00000000,2623.34000000,2556.21000000,2612.40000000,46432.72350000,480,480,False
1726963200000,1726992000000,2612.40000000,2632.57000000,2576.01000000,2587.99000000,68663.97340000,480,480,False
1726992000000,1727020800000,2587.99000000,2595.76000000,2554.82000000,2570.51000000,63126.49110000,480,480,False
1727020800000,1727049600000,2570.51000000,2594.00000000,2524.58000000,2581.00000000,82475.86120000,480,480,False
1727049600000,1727078400000,2580.99000000,2687.24000000,2539.49000000,2646.48000000,142527.08000000,480,480,False
1727078400000,1727107200000,2646.47000000,2685.10000000,2631.45000000,2675.38000000,96109.56400000,480,480,False
1727107200000,1727136000000,2675.37000000,2702.82000000,2639.55000000,2646.97000000,94645.37090000,480,480,False
1727136000000,1727164800000,2646.98000000,2651.39000000,2609.40000000,2647.00000000,77672.45850000,480,480,False
1727164800000,1727193600000,2647.00000000,2667.75000000,2591.56000000,2612.44000000,124777.28280000,480,480,False
1727193600000,1727222400000,2612.44000000,2670.96000000,2611.07000000,2653.20000000,86150.29890000,480,480,False
1727222400000,1727251200000,2653.20000000,2673.50000000,2610.53000000,2621.47000000,81648.50150000,480,480,False
1727251200000,1727280000000,2621.48000000,2630.52000000,2595.61000000,2600.81000000,68751.86460000,480,480,False
1727280000000,1727308800000,2600.81000000,2609.39000000,2554.05000000,2579.95000000,69943.06320000,480,480,False
1727308800000,1727337600000,2580.09000000,2634.95000000,2559.20000000,2629.80000000,71945.31470000,480,480,False
1727337600000,1727366400000,2629.80000000,2663.80000000,2607.92000000,2652.01000000,129630.31640000,480,480,False
1727366400000,1727395200000,2652.01000000,2666.22000000,2617.49000000,2632.26000000,77110.72620000,480,480,False
1727395200000,1727424000000,2632.25000000,2668.37000000,2615.21000000,2657.27000000,83481.96240000,480,480,False
1727424000000,1727452800000,2657.28000000,2699.68000000,2641.30000000,2683.62000000,108833.73790000,480,480,False
1727452800000,1727481600000,2683.63000000,2728.60000000,2678.49000000,2694.43000000,89511.27890000,480,480,False
1727481600000,1727510400000,2694.43000000,2704.35000000,2674.75000000,2677.93000000,45246.79910000,480,480,False
1727510400000,1727539200000,2677.93000000,2678.42000000,2650.00000000,2669.90000000,54353.87280000,480,480,False
1727539200000,1727568000000,2669.89000000,2684.51000000,2655.50000000,2675.21000000,37629.36230000,480,480,False
1727568000000,1727596800000,2675.21000000,2683.70000000,2629.73000000,2640.44000000,68593.41490000,480,480,False
1727596800000,1727625600000,2640.43000000,2669.20000000,2634.20000000,2666.38000000,49212.77290000,480,480,False
1727625600000,1727654400000,2666.38000000,2673.41000000,2648.00000000,2657.62000000,42748.12680000,480,480,False
1727654400000,1727683200000,2657.62000000,2663.50000000,2601.12000000,2637.82000000,95472.04970000,480,480,False
1727683200000,1727712000000,2637.81000000,2643.08000000,2592.42000000,2596.00000000,102553.89080000,480,480,False
1727712000000,1727740800000,2595.99000000,2617.46000000,2575.00000000,2602.23000000,84449.85560000,480,480,False
1727740800000,1727769600000,2602.24000000,2659.00000000,2591.34000000,2645.61000000,88681.93240000,480,480,False
1727769600000,1727798400000,2645.61000000,2647.19000000,2481.40000000,2524.81000000,190457.64330000,480,480,False
1727798400000,1727827200000,2524.81000000,2531.40000000,2414.00000000,2447.79000000,223689.10470000,480,480,False
1727827200000,1727856000000,2447.78000000,2499.00000000,2442.13000000,2482.04000000,78505.23560000,480,480,False
1727856000000,1727884800000,2482.03000000,2486.89000000,2418.80000000,2460.40000000,109369.89030000,480,480,False
1727884800000,1727913600000,2460.40000000,2478.89000000,2352.00000000,2364.10000000,129609.60910000,480,480,False
1727913600000,1727942400000,2364.09000000,2403.38000000,2352.59000000,2364.66000000,84487.88300000,480,480,False
1727942400000,1727971200000,2364.65000000,2370.00000000,2310.00000000,2340.59000000,170473.82630000,480,480,False
1727971200000,1728000000000,2340.60000000,2357.90000000,2312.00000000,2349.80000000,59674.21700000,480,480,False
1728000000000,1728028800000,2349.80000000,2387.58000000,2339.15000000,2381.60000000,67589.15900000,480,480,False
1728028800000,1728057600000,2381.60000000,2418.41000000,2352.60000000,2417.05000000,104208.64790000,480,480,False
1728057600000,1728086400000,2417.10000000,2441.64000000,2409.67000000,2414.41000000,67585.21010000,480,480,False
1728086400000,1728115200000,2414.41000000,2428.23000000,2390.26000000,2415.10000000,34994.72680000,480,480,False
1728115200000,1728144000000,2415.11000000,2428.22000000,2404.70000000,2415.01000000,34596.96800000,480,480,False
1728144000000,1728172800000,2415.01000000,2419.50000000,2390.05000000,2414.66000000,34148.53680000,480,480,False
1728172800000,1728201600000,2414.66000000,2423.00000000,2407.00000000,2417.38000000,22421.02740000,480,480,False
1728201600000,1728230400000,2417.39000000,2457.80000000,2415.40000000,2446.62000000,42105.18880000,480,480,False
1728230400000,1728259200000,2446.62000000,2453.00000000,2415.65000000,2440.03000000,41226.49340000,480,480,False
1728259200000,1728288000000,2440.02000000,2512.92000000,2435.84000000,2480.53000000,89425.79610000,480,480,False
1728288000000,1728316800000,2480.54000000,2521.00000000,2437.90000000,2474.23000000,123052.04960000,480,480,False
1728316800000,1728345600000,2474.24000000,2481.20000000,2403.00000000,2422.71000000,87981.69500000,480,480,False
1728345600000,1728374400000,2422.70000000,2448.10000000,2410.51000000,2428.60000000,54081.70120000,480,480,False
1728374400000,1728403200000,2428.60000000,2453.23000000,2401.18000000,2419.50000000,83828.82470000,480,480,False
1728403200000,1728432000000,2419.49000000,2466.66000000,2411.17000000,2440.89000000,63447.80530000,480,480,False
1728432000000,1728460800000,2440.88000000,2473.61000000,2427.44000000,2436.01000000,57159.08950000,480,480,False
1728460800000,1728489600000,2436.00000000,2472.08000000,2423.13000000,2461.30000000,78563.73300000,480,480,False
1728489600000,1728518400000,2461.30000000,2462.61000000,2351.42000000,2370.47000000,106359.45000000,480,480,False
1728518400000,1728547200000,2370.47000000,2411.38000000,2366.87000000,2395.80000000,58196.44620000,480,480,False
1728547200000,1728576000000,2395.78000000,2408.93000000,2368.55000000,2404.63000000,82809.29210000,480,480,False
1728576000000,1728604800000,2404.62000000,2421.36000000,2330.66000000,2386.49000000,116857.22360000,480,480,False
1728604800000,1728633600000,2386.49000000,2418.55000000,2381.86000000,2407.64000000,55105.56490000,480,480,False
1728633600000,1728662400000,2407.64000000,2453.84000000,2402.65000000,2443.81000000,99865.52440000,480,480,False
1728662400000,1728691200000,2443.80000000,2471.45000000,2433.46000000,2439.50000000,80470.13040000,480,480,False
1728691200000,1728720000000,2439.49000000,2451.77000000,2434.35000000,2446.69000000,44688.85280000,480,480,False
1728720000000,1728748800000,2446.68000000,2484.00000000,2442.61000000,2473.11000000,60519.11070000,480,480,False
1728748800000,1728777600000,2473.10000000,2490.51000000,2466.66000000,2476.40000000,34429.54270000,480,480,False
1728777600000,1728806400000,2476.40000000,2484.92000000,2452.55000000,2465.00000000,34053.74190000,480,480,False
1728806400000,1728835200000,2465.00000000,2471.74000000,2436.40000000,2440.51000000,38589.91510000,480,480,False
1728835200000,1728864000000,2440.51000000,2484.60000000,2437.92000000,2468.91000000,47379.16090000,480,480,False
1728864000000,1728892800000,2468.92000000,2548.43000000,2443.39000000,2535.78000000,156018.13630000,480,480,False
1728892800000,1728921600000,2535.78000000,2642.88000000,2519.65000000,2635.47000000,194073.14950000,480,480,False
1728921600000,1728950400000,2635.47000000,2654.00000000,2615.12000000,2629.79000000,85808.87610000,480,480,False
1728950400000,1728979200000,2629.79000000,2637.38000000,2590.29000000,2615.66000000,72437.08690000,480,480,False
1728979200000,1729008000000,2615.67000000,2688.60000000,2537.36000000,2573.45000000,237350.59510000,480,480,False
1729008000000,1729036800000,2573.42000000,2619.33000000,2563.60000000,2607.41000000,106497.98430000,480,480,False
1729036800000,1729065600000,2607.41000000,2630.60000000,2588.67000000,2607.13000000,86513.90810000,480,480,False
1729065600000,1729094400000,2607.12000000,2647.79000000,2595.00000000,2607.67000000,126547.98260000,480,480,False
1729094400000,1729123200000,2607.68000000,2628.83000000,2591.58000000,2611.10000000,47260.53350000,480,480,False
1729123200000,1729152000000,2611.10000000,2648.37000000,2610.03000000,2628.50000000,75930.38280000,480,480,False
1729152000000,1729180800000,2628.50000000,2632.73000000,2583.50000000,2630.82000000,91331.53350000,480,480,False
1729180800000,1729209600000,2630.81000000,2631.43000000,2575.40000000,2605.80000000,54362.62710000,480,480,False
1729209600000,1729238400000,2605.79000000,2651.66000000,2596.49000000,2644.50000000,95032.96530000,480,480,False
1729238400000,1729267200000,2644.51000000,2663.40000000,2612.20000000,2653.15000000,107321.43160000,480,480,False
1729267200000,1729296000000,2653.15000000,2675.58000000,2629.50000000,2642.17000000,90089.71840000,480,480,False
1729296000000,1729324800000,2642.17000000,2663.49000000,2635.22000000,2641.05000000,41229.04030000,480,480,False
1729324800000,1729353600000,2641.05000000,2654.41000000,2631.02000000,2645.70000000,37248.53430000,480,480,False
1729353600000,1729382400000,2645.69000000,2655.50000000,2637.00000000,2648.20000000,26936.19000000,480,480,False
1729382400000,1729411200000,2648.20000000,2653.56000000,2635.54000000,2646.10000000,33225.29450000,480,480,False
1729411200000,1729440000000,2646.10000000,2721.00000000,2642.00000000,2706.58000000,113281.14500000,480,480,False
1729440000000,1729468800000,2706.58000000,2759.00000000,2686.25000000,2746.91000000,110404.30530000,480,480,False
1729468800000,1729497600000,2746.91000000,2769.48000000,2721.62000000,2722.01000000,101765.44490000,480,480,False
1729497600000,1729526400000,2722.01000000,2729.20000000,2659.12000000,2679.43000000,137293.71910000,480,480,False
1729526400000,1729555200000,2679.43000000,2685.02000000,2655.01000000,2666.70000000,71615.55920000,480,480,False
1729555200000,1729584000000,2666.71000000,2671.92000000,2613.49000000,2646.79000000,103345.21390000,480,480,False
1729584000000,1729612800000,2646.80000000,2649.19000000,2606.56000000,2624.33000000,111105.49520000,480,480,False
1729612800000,1729641600000,2624.33000000,2644.10000000,2607.00000000,2622.81000000,51297.00390000,480,480,False
1729641600000,1729670400000,2622.81000000,2628.20000000,2601.18000000,2602.81000000,53530.85320000,480,480,False
1729670400000,1729699200000,2602.81000000,2611.52000000,2529.66000000,2540.22000000,139982.92200000,480,480,False
1729699200000,1729728000000,2540.21000000,2542.56000000,2450.00000000,2524.61000000,159133.93340000,480,480,False
1729728000000,1729756800000,2524.60000000,2562.65000000,2508.98000000,2544.76000000,101531.60420000,480,480,False
1729756800000,1729785600000,2544.76000000,2551.40000000,2508.80000000,2525.84000000,114765.34800000,480,480,False
1729785600000,1729814400000,2525.80000000,2560.00000000,2507.31000000,2535.82000000,74554.83200000,480,480,False
1729814400000,1729843200000,2535.82000000,2538.53000000,2462.06000000,2484.07000000,91334.51030000,480,480,False
1729843200000,1729872000000,2484.07000000,2566.33000000,2478.37000000,2524.86000000,162785.08170000,480,480,False
1729872000000,1729900800000,2524.86000000,2536.70000000,2382.59000000,2440.62000000,260680.29020000,480,480,False
1729900800000,1729929600000,2440.63000000,2479.70000000,2430.12000000,2465.61000000,98682.05790000,480,480,False
1729929600000,1729958400000,2465.62000000,2478.99000000,2442.20000000,2457.59000000,89721.08900000,480,480,False
1729958400000,1729987200000,2457.60000000,2508.00000000,2455.77000000,2482.51000000,60321.68440000,480,480,False
1729987200000,1730016000000,2482.51000000,2486.84000000,2469.52000000,2481.26000000,28705.06440000,480,480,False
1730016000000,1730044800000,2481.25000000,2505.82000000,2464.13000000,2501.97000000,57532.34130000,480,480,False
1730044800000,1730073600000,2501.98000000,2527.99000000,2486.00000000,2507.80000000,51343.47790000,480,480,False
1730073600000,1730102400000,2507.80000000,2527.00000000,2471.67000000,2511.77000000,68436.79030000,480,480,False
1730102400000,1730131200000,2511.77000000,2544.74000000,2498.46000000,2501.02000000,124445.87630000,480,480,False
1730131200000,1730160000000,2501.01000000,2589.67000000,2488.00000000,2567.48000000,167722.66040000,480,480,False
1730160000000,1730188800000,2567.49000000,2631.66000000,2561.20000000,2613.30000000,160832.72040000,480,480,False
1730188800000,1730217600000,2613.29000000,2650.99000000,2611.33000000,2648.52000000,124240.00540000,480,480,False
1730217600000,1730246400000,2648.51000000,2681.86000000,2606.82000000,2638.80000000,166842.97670000,480,480,False
1730246400000,1730275200000,2638.80000000,2684.21000000,2599.66000000,2668.60000000,114744.09730000,480,480,False
1730275200000,1730304000000,2668.60000000,2722.30000000,2653.03000000,2683.08000000,222907.31540000,480,480,False
1730304000000,1730332800000,2683.07000000,2696.22000000,2635.52000000,2659.19000000,122975.71330000,480,480,False
1730332800000,1730361600000,2659.19000000,2669.00000000,2631.63000000,2646.80000000,75239.87980000,480,480,False
1730361600000,1730390400000,2646.79000000,2648.50000000,2541.23000000,2562.86000000,188676.25540000,480,480,False
1730390400000,1730419200000,2562.86000000,2564.09000000,2503.00000000,2518.61000000,139511.06650000,480,480,False
1730419200000,1730448000000,2518.61000000,2533.25000000,2467.67000000,2504.12000000,130419.66690000,480,480,False
1730448000000,1730476800000,2504.12000000,2586.80000000,2481.68000000,2500.03000000,198435.32700000,480,480,False
1730476800000,1730505600000,2500.02000000,2538.58000000,2485.05000000,2511.49000000,101394.11340000,480,480,False
1730505600000,1730534400000,2511.49000000,2523.45000000,2499.59000000,2507.35000000,39703.85570000,480,480,False
1730534400000,1730563200000,2507.34000000,2510.30000000,2470.00000000,2488.79000000,76124.84700000,480,480,False
1730563200000,1730592000000,2488.78000000,2497.89000000,2479.30000000,2494.23000000,30132.42730000,480,480,False
1730592000000,1730620800000,2494.23000000,2496.39000000,2421.29000000,2450.03000000,91101.22720000,480,480,False
1730620800000,1730649600000,2450.03000000,2462.64000000,2413.38000000,2442.63000000,97744.75300000,480,480,False
1730649600000,1730678400000,2442.63000000,2475.52000000,2411.00000000,2457.73000000,87163.13950000,480,480,False
1730678400000,1730707200000,2457.73000000,2491.39000000,2434.99000000,2459.67000000,59762.53480000,480,480,False
1730707200000,1730736000000,2459.68000000,2486.00000000,2431.51000000,2442.60000000,84782.02870000,480,480,False
1730736000000,1730764800000,2442.60000000,2446.32000000,2357.59000000,2398.21000000,161772.40100000,480,480,False
1730764800000,1730793600000,2398.21000000,2445.70000000,2380.74000000,2443.40000000,86887.88940000,480,480,False
1730793600000,1730822400000,2443.41000000,2480.00000000,2427.40000000,2441.19000000,125334.96660000,480,480,False
1730822400000,1730851200000,2441.20000000,2475.00000000,2401.30000000,2422.55000000,119396.39850000,480,480,False
1730851200000,1730880000000,2422.60000000,2643.20000000,2420.30000000,2594.00000000,536603.16900000,480,480,False
1730880000000,1730908800000,2593.99000000,2666.66000000,2571.00000000,2634.19000000,272680.91840000,480,480,False
1730908800000,1730937600000,2634.20000000,2744.70000000,2633.43000000,2721.87000000,192857.27440000,480,480,False
1730937600000,1730966400000,2721.88000000,2880.00000000,2699.49000000,2820.29000000,343232.64450000,480,480,False
1730966400000,1730995200000,2820.30000000,2849.00000000,2776.00000000,2847.49000000,166338.83820000,480,480,False
1730995200000,1731024000000,2847.50000000,2916.11000000,2823.75000000,2895.47000000,221274.46970000,480,480,False
1731024000000,1731052800000,2895.47000000,2954.94000000,2886.40000000,2911.96000000,197268.66710000,480,480,False
1731052800000,1731081600000,2911.88000000,2956.56000000,2893.33000000,2937.04000000,172300.94270000,480,480,False
1731081600000,1731110400000,2937.03000000,2981.69000000,2890.04000000,2961.75000000,199294.82520000,480,480,False
1731110400000,1731139200000,2961.75000000,3058.77000000,2953.71000000,3030.38000000,205989.13460000,480,480,False
1731139200000,1731168000000,3030.37000000,3055.88000000,3021.46000000,3040.88000000,123419.17940000,480,480,False
1731168000000,1731196800000,3040.85000000,3157.40000000,2990.58000000,3126.21000000,197311.10720000,480,480,False
1731196800000,1731225600000,3126.20000000,3216.47000000,3103.70000000,3185.89000000,280714.90150000,480,480,False
1731225600000,1731254400000,3185.89000000,3236.64000000,3167.56000000,3209.53000000,222984.28370000,480,480,False
1731254400000,1731283200000,3209.52000000,3248.52000000,3069.00000000,3183.21000000,361837.54700000,480,480,False
1731283200000,1731312000000,3183.20000000,3221.80000000,3105.00000000,3140.16000000,197845.03030000,480,480,False
1731312000000,1731340800000,3140.16000000,3256.40000000,3132.10000000,3236.98000000,294186.40770000,480,480,False
1731340800000,1731369600000,3236.97000000,3387.61000000,3233.63000000,3371.59000000,508062.52840000,480,480,False
1731369600000,1731398400000,3371.59000000,3394.09000000,3248.42000000,3368.72000000,305947.06210000,480,480,False
1731398400000,1731427200000,3368.72000000,3442.50000000,3207.67000000,3261.65000000,468847.12880000,480,480,False
1731427200000,1731456000000,3261.72000000,3304.78000000,3209.50000000,3243.80000000,198421.53760000,480,480,False
1731456000000,1731484800000,3243.79000000,3285.52000000,3116.69000000,3160.89000000,283943.15490000,480,480,False
1731484800000,1731513600000,3160.89000000,3328.53000000,3140.75000000,3309.28000000,336817.60620000,480,480,False
1731513600000,1731542400000,3309.28000000,3331.00000000,3118.39000000,3187.16000000,298925.61360000,480,480,False
1731542400000,1731571200000,3187.16000000,3240.40000000,3163.64000000,3217.62000000,153089.86470000,480,480,False
1731571200000,1731600000000,3217.62000000,3230.73000000,3060.00000000,3077.68000000,259092.74350000,480,480,False
1731600000000,1731628800000,3077.68000000,3181.00000000,3028.56000000,3058.82000000,193598.05800000,480,480,False
1731628800000,1731657600000,3058.81000000,3092.54000000,3014.79000000,3039.48000000,137287.58040000,480,480,False
1731657600000,1731686400000,3039.49000000,3131.06000000,3014.50000000,3023.73000000,192419.31900000,480,480,False
1731686400000,1731715200000,3023.73000000,3120.00000000,3015.60000000,3090.01000000,189916.73230000,480,480,False
1731715200000,1731744000000,3090.01000000,3165.00000000,3072.00000000,3106.66000000,123342.87190000,480,480,False
1731744000000,1731772800000,3106.67000000,3219.97000000,3103.17000000,3141.11000000,202106.30270000,480,480,False
1731772800000,1731801600000,3141.11000000,3184.60000000,3121.91000000,3132.87000000,98189.98270000,480,480,False
1731801600000,1731830400000,3132.88000000,3154.00000000,3034.99000000,3136.79000000,184638.90040000,480,480,False
1731830400000,1731859200000,3136.79000000,3162.11000000,3067.33000000,3086.21000000,140155.22820000,480,480,False
1731859200000,1731888000000,3086.20000000,3115.72000000,3042.93000000,3076.00000000,125024.82890000,480,480,False
1731888000000,1731916800000,3075.99000000,3149.71000000,3069.00000000,3130.55000000,112721.32280000,480,480,False
1731916800000,1731945600000,3130.56000000,3157.50000000,3050.01000000,3143.41000000,224876.19850000,480,480,False
1731945600000,1731974400000,3143.41000000,3224.94000000,3090.30000000,3207.80000000,303060.91440000,480,480,False
1731974400000,1732003200000,3207.81000000,3221.20000000,3107.37000000,3118.08000000,151682.99590000,480,480,False
1732003200000,1732032000000,3118.09000000,3150.00000000,3076.00000000,3104.36000000,174152.06510000,480,480,False
1732032000000,1732060800000,3104.35000000,3145.00000000,3065.40000000,3107.44000000,174276.95840000,480,480,False
1732060800000,1732089600000,3107.45000000,3127.64000000,3071.60000000,3109.54000000,103120.60880000,480,480,False
1732089600000,1732118400000,3109.54000000,3159.20000000,3081.56000000,3130.00000000,217716.94320000,480,480,False
1732118400000,1732147200000,3130.00000000,3135.00000000,3029.41000000,3069.97000000,182770.28160000,480,480,False
1732147200000,1732176000000,3069.97000000,3143.64000000,3032.59000000,3137.02000000,220116.91260000,480,480,False
1732176000000,1732204800000,3137.02000000,3372.60000000,3118.37000000,3277.03000000,538693.08770000,480,480,False
1732204800000,1732233600000,3277.03000000,3386.73000000,3277.03000000,3355.81000000,216113.30320000,480,480,False
1732233600000,1732262400000,3355.88000000,3425.92000000,3304.39000000,3362.66000000,200244.51180000,480,480,False
1732262400000,1732291200000,3362.65000000,3383.84000000,3257.54000000,3314.15000000,265812.20290000,480,480,False
1732291200000,1732320000000,3314.15000000,3330.00000000,3264.84000000,3327.78000000,137216.99460000,480,480,False
1732320000000,1732348800000,3327.78000000,3364.98000000,3312.72000000,3341.34000000,172711.08650000,480,480,False
1732348800000,1732377600000,3341.34000000,3497.51000000,3335.16000000,3460.33000000,334804.42450000,480,480,False
1732377600000,1732406400000,3460.34000000,3470.22000000,3377.00000000,3393.91000000,213508.48990000,480,480,False
1732406400000,1732435200000,3393.91000000,3450.00000000,3389.03000000,3422.51000000,113090.60830000,480,480,False
1732435200000,1732464000000,3422.51000000,3428.35000000,3281.40000000,3294.39000000,247307.47550000,480,480,False
1732464000000,1732492800000,3294.39000000,3372.22000000,3287.19000000,3361.20000000,118700.00830000,480,480,False
1732492800000,1732521600000,3361.21000000,3419.81000000,3300.01000000,3399.41000000,129381.71180000,480,480,False
1732521600000,1732550400000,3399.40000000,3537.98000000,3348.72000000,3518.41000000,459415.85400000,480,480,False
1732550400000,1732579200000,3518.41000000,3546.66000000,3363.62000000,3414.49000000,360532.80420000,480,480,False
1732579200000,1732608000000,3414.49000000,3462.49000000,3382.35000000,3394.80000000,171674.96100000,480,480,False
1732608000000,1732636800000,3394.80000000,3397.33000000,3280.10000000,3296.32000000,291283.06810000,480,480,False
1732636800000,1732665600000,3296.33000000,3344.31000000,3252.00000000,3324.73000000,209409.12120000,480,480,False
1732665600000,1732694400000,3324.74000000,3445.73000000,3302.40000000,3424.11000000,210214.91290000,480,480,False
1732694400000,1732723200000,3424.12000000,3573.17000000,3402.43000000,3552.79000000,289727.18480000,480,480,False
1732723200000,1732752000000,3552.79000000,3684.92000000,3533.83000000,3653.28000000,254631.55080000,480,480,False
1732752000000,1732780800000,3653.27000000,3661.92000000,3564.75000000,3592.40000000,184331.71020000,480,480,False
1732780800000,1732809600000,3592.40000000,3642.19000000,3536.95000000,3541.78000000,240172.70570000,480,480,False
1732809600000,1732838400000,3541.78000000,3599.20000000,3529.76000000,3578.79000000,136472.00910000,480,480,False
1732838400000,1732867200000,3578.80000000,3602.85000000,3534.28000000,3544.49000000,141057.63430000,480,480,False
1732867200000,1732896000000,3544.50000000,3647.98000000,3544.49000000,3613.95000000,169608.69030000,480,480,False
1732896000000,1732924800000,3613.95000000,3620.08000000,3559.24000000,3592.21000000,114826.92030000,480,480,False
1732924800000,1732953600000,3592.22000000,3726.71000000,3568.40000000,3703.07000000,221006.18960000,480,480,False
1732953600000,1732982400000,3703.06000000,3718.00000000,3631.23000000,3674.00000000,154173.86790000,480,480,False
1732982400000,1733011200000,3674.00000000,3738.98000000,3656.23000000,3703.60000000,128504.69100000,480,480,False
1733011200000,1733040000000,3703.59000000,3732.34000000,3659.20000000,3702.31000000,133331.11550000,480,480,False
1733040000000,1733068800000,3702.32000000,3746.80000000,3675.47000000,3728.59000000,161175.52460000,480,480,False
1733068800000,1733097600000,3728.59000000,3744.11000000,3679.00000000,3707.61000000,134582.62320000,480,480,False
1733097600000,1733126400000,3707.61000000,3760.00000000,3650.00000000,3666.88000000,236396.08660000,480,480,False
1733126400000,1733155200000,3666.88000000,3680.37000000,3569.58000000,3672.13000000,312217.76660000,480,480,False
1733155200000,1733184000000,3672.13000000,3682.01000000,3554.32000000,3643.42000000,188516.71580000,480,480,False
1733184000000,1733212800000,3643.43000000,3670.00000000,3600.00000000,3616.85000000,159782.15630000,480,480,False
1733212800000,1733241600000,3616.85000000,3635.14000000,3500.00000000,3571.79000000,350087.05910000,480,480,False
1733241600000,1733270400000,3571.80000000,3634.81000000,3538.55000000,3614.51000000,168530.98780000,480,480,False
1733270400000,1733299200000,3614.51000000,3721.73000000,3614.51000000,3714.99000000,251835.31950000,480,480,False
1733299200000,1733328000000,3715.00000000,3853.38000000,3690.00000000,3821.00000000,381908.76930000,480,480,False
1733328000000,1733356800000,3820.99000000,3887.24000000,3732.98000000,3837.80000000,334999.95110000,480,480,False
1733356800000,1733385600000,3837.80000000,3905.00000000,3765.71000000,3850.98000000,329214.54690000,480,480,False
1733385600000,1733414400000,3850.98000000,3956.00000000,3850.75000000,3888.00000000,291312.76610000,480,480,False
1733414400000,1733443200000,3888.00000000,3926.33000000,3677.00000000,3785.20000000,325965.96300000,480,480,False
1733443200000,1733472000000,3785.21000000,3929.00000000,3777.26000000,3893.75000000,193925.79350000,480,480,False
1733472000000,1733500800000,3893.74000000,4041.00000000,3831.90000000,3993.02000000,379039.42250000,480,480,False
1733500800000,1733529600000,3993.01000000,4087.73000000,3980.11000000,3998.87000000,230889.89860000,480,480,False
1733529600000,1733558400000,3998.87000000,4024.46000000,3968.00000000,3985.87000000,109746.52180000,480,480,False
1733558400000,1733587200000,3985.87000000,4009.00000000,3973.51000000,4004.71000000,93042.30940000,480,480,False
1733587200000,1733616000000,4004.72000000,4024.01000000,3986.00000000,3996.22000000,81131.18880000,480,480,False
1733616000000,1733644800000,3996.22000000,4008.99000000,3958.87000000,3980.60000000,64564.66430000,480,480,False
1733644800000,1733673600000,3980.60000000,4003.40000000,3923.50000000,3990.79000000,115983.50210000,480,480,False
1733673600000,1733702400000,3990.79000000,4015.58000000,3964.40000000,4004.15000000,70814.00210000,480,480,False
1733702400000,1733731200000,4004.15000000,4006.17000000,3880.44000000,3918.44000000,150097.41980000,480,480,False
1733731200000,1733760000000,3918.44000000,3946.00000000,3804.32000000,3824.00000000,259348.31150000,480,480,False
1733760000000,1733788800000,3824.00000000,3866.35000000,3509.00000000,3712.00000000,530196.46880000,480,480,False
1733788800000,1733817600000,3712.00000000,3780.76000000,3615.11000000,3734.55000000,296788.37740000,480,480,False
1733817600000,1733846400000,3734.54000000,3773.39000000,3555.41000000,3567.75000000,326501.61290000,480,480,False
1733846400000,1733875200000,3567.76000000,3673.20000000,3515.89000000,3628.25000000,318916.04340000,480,480,False
1733875200000,1733904000000,3628.24000000,3681.81000000,3562.34000000,3652.58000000,130767.15980000,480,480,False
1733904000000,1733932800000,3652.58000000,3821.00000000,3651.23000000,3787.34000000,193950.61310000,480,480,False
1733932800000,1733961600000,3787.34000000,3848.64000000,3753.50000000,3831.81000000,137101.00720000,480,480,False
1733961600000,1733990400000,3831.82000000,3947.81000000,3796.80000000,3905.40000000,172634.51510000,480,480,False
1733990400000,1734019200000,3905.40000000,3987.41000000,3891.32000000,3957.67000000,221550.67350000,480,480,False
1734019200000,1734048000000,3957.77000000,3985.56000000,3836.07000000,3881.61000000,177913.44570000,480,480,False
1734048000000,1734076800000,3881.60000000,3941.19000000,3852.94000000,3885.64000000,116518.23600000,480,480,False
1734076800000,1734105600000,3885.64000000,3968.47000000,3872.20000000,3886.21000000,161497.06640000,480,480,False
1734105600000,1734134400000,3886.20000000,3946.37000000,3880.07000000,3906.80000000,109750.38490000,480,480,False
1734134400000,1734163200000,3906.80000000,3945.00000000,3895.67000000,3920.76000000,71368.03200000,480,480,False
1734163200000,1734192000000,3920.75000000,3931.38000000,3846.30000000,3889.01000000,91699.22020000,480,480,False
1734192000000,1734220800000,3889.00000000,3898.23000000,3825.03000000,3870.29000000,102471.69570000,480,480,False
1734220800000,1734249600000,3870.30000000,3911.50000000,3831.50000000,3845.20000000,62839.89660000,480,480,False
1734249600000,1734278400000,3845.19000000,3910.33000000,3837.21000000,3894.76000000,70204.83440000,480,480,False
1734278400000,1734307200000,3894.76000000,3974.61000000,3844.40000000,3959.09000000,120788.48310000,480,480,False
1734307200000,1734336000000,3959.09000000,4025.18000000,3928.88000000,3974.01000000,188439.13010000,480,480,False
1734336000000,1734364800000,3974.00000000,3975.91000000,3884.00000000,3941.21000000,186194.51140000,480,480,False
1734364800000,1734393600000,3941.21000000,4107.80000000,3939.40000000,3986.24000000,298717.43080000,480,480,False
1734393600000,1734422400000,3986.24000000,4041.82000000,3943.00000000,3994.24000000,122996.13710000,480,480,False
1734422400000,1734451200000,3994.23000000,4031.38000000,3916.57000000,3939.18000000,170833.37360000,480,480,False
1734451200000,1734480000000,3939.19000000,3984.46000000,3847.96000000,3893.01000000,156996.47540000,480,480,False
1734480000000,1734508800000,3893.01000000,3903.20000000,3803.63000000,3847.33000000,164469.66780000,480,480,False
1734508800000,1734537600000,3847.33000000,3891.09000000,3825.00000000,3867.98000000,130105.72150000,480,480,False
1734537600000,1734566400000,3867.99000000,3907.19000000,3617.42000000,3626.80000000,427929.67250000,480,480,False
1734566400000,1734595200000,3626.80000000,3699.58000000,3542.22000000,3693.79000000,262017.25060000,480,480,False
1734595200000,1734624000000,3693.79000000,3720.00000000,3572.73000000,3613.92000000,196518.87720000,480,480,False
1734624000000,1734652800000,3613.92000000,3637.10000000,3326.80000000,3417.01000000,619617.35730000,480,480,False
1734652800000,1734681600000,3417.01000000,3465.60000000,3328.44000000,3390.48000000,292855.04390000,480,480,False
1734681600000,1734710400000,3390.48000000,3396.40000000,3101.90000000,3374.61000000,793996.83710000,480,480,False
1734710400000,1734739200000,3374.62000000,3497.84000000,3366.68000000,3472.21000000,245931.85000000,480,480,False
1734739200000,1734768000000,3472.20000000,3555.18000000,3445.35000000,3523.46000000,140091.10760000,480,480,False
1734768000000,1734796800000,3523.45000000,3527.49000000,3347.00000000,3390.40000000,193701.71160000,480,480,False
1734796800000,1734825600000,3390.40000000,3401.33000000,3293.11000000,3338.92000000,141483.00080000,480,480,False
1734825600000,1734854400000,3338.92000000,3374.48000000,3295.07000000,3332.40000000,87194.65700000,480,480,False
1734854400000,1734883200000,3332.50000000,3403.00000000,3275.00000000,3302.38000000,130700.38940000,480,480,False
1734883200000,1734912000000,3302.38000000,3338.65000000,3221.10000000,3281.83000000,144025.20310000,480,480,False
1734912000000,1734940800000,3281.83000000,3363.12000000,3216.97000000,3305.20000000,151561.96770000,480,480,False
1734940800000,1734969600000,3305.20000000,3361.78000000,3269.35000000,3277.20000000,153667.74680000,480,480,False
1734969600000,1734998400000,3277.19000000,3466.99000000,3270.91000000,3422.53000000,183023.69550000,480,480,False
1734998400000,1735027200000,3422.53000000,3434.97000000,3358.19000000,3401.22000000,89749.75420000,480,480,False
1735027200000,1735056000000,3401.22000000,3510.00000000,3385.98000000,3493.07000000,119437.12130000,480,480,False
1735056000000,1735084800000,3493.07000000,3539.65000000,3431.99000000,3493.18000000,106536.80080000,480,480,False
1735084800000,1735113600000,3493.17000000,3509.68000000,3458.00000000,3489.22000000,60922.54640000,480,480,False
1735113600000,1735142400000,3489.21000000,3547.95000000,3457.70000000,3472.99000000,99952.88230000,480,480,False
1735142400000,1735171200000,3473.00000000,3500.00000000,3440.93000000,3497.00000000,58970.61650000,480,480,False
1735171200000,1735200000000,3497.00000000,3514.94000000,3417.95000000,3422.00000000,76500.93340000,480,480,False
1735200000000,1735228800000,3422.00000000,3426.00000000,3328.21000000,3344.13000000,128551.78840000,480,480,False
1735228800000,1735257600000,3344.14000000,3365.01000000,3304.63000000,3335.05000000,105117.45010000,480,480,False
1735257600000,1735286400000,3335.04000000,3398.79000000,3317.25000000,3326.02000000,97219.98950000,480,480,False
1735286400000,1735315200000,3326.01000000,3444.16000000,3307.83000000,3326.32000000,161225.91800000,480,480,False
1735315200000,1735344000000,3326.32000000,3366.62000000,3306.60000000,3333.51000000,84083.69630000,480,480,False
1735344000000,1735372800000,3333.51000000,3361.14000000,3322.23000000,3335.53000000,50206.39830000,480,480,False
1735372800000,1735401600000,3335.53000000,3396.00000000,3333.00000000,3368.38000000,68222.95380000,480,480,False
1735401600000,1735430400000,3368.39000000,3428.68000000,3365.61000000,3404.00000000,57534.26090000,480,480,False
1735430400000,1735459200000,3404.01000000,3407.99000000,3375.62000000,3407.61000000,36388.91570000,480,480,False
1735459200000,1735488000000,3407.60000000,3413.78000000,3354.68000000,3373.82000000,57259.05880000,480,480,False
1735488000000,1735516800000,3373.82000000,3376.21000000,3326.17000000,3356.48000000,62608.90740000,480,480,False
1735516800000,1735545600000,3356.48000000,3437.59000000,3347.77000000,3427.00000000,113056.81960000,480,480,False
1735545600000,1735574400000,3427.01000000,3434.35000000,3305.00000000,3324.16000000,145777.95190000,480,480,False
1735574400000,1735603200000,3324.16000000,3419.00000000,3308.87000000,3361.84000000,161959.87610000,480,480,False
1735603200000,1735632000000,3361.83000000,3365.04000000,3315.59000000,3353.64000000,66217.10990000,480,480,False
1735632000000,1735660800000,3353.64000000,3451.00000000,3352.79000000,3412.85000000,139861.34080000,480,480,False
1735660800000,1735689600000,3412.86000000,3416.35000000,3328.47000000,3337.78000000,96974.71780000,480,480,False
1735689600000,1735718400000,3337.78000000,3368.42000000,3335.84000000,3347.12000000,47902.13950000,480,480,False
1735718400000,1735747200000,3347.11000000,3359.37000000,3313.88000000,3352.93000000,70519.94060000,480,480,False
1735747200000,1735776000000,3352.93000000,3374.85000000,3323.03000000,3360.38000000,71816.50600000,480,480,False
