InicioUtcMs,FinUtcMsExclusivo,Open,High,Low,Close,Volume,MinutosEsperados,MinutosRecibidos,EsParcial
1704153600000,1704168000000,44179.55000000,45500.00000000,44148.34000000,45402.38000000,17093.28659000,240,240,False
1704168000000,1704182400000,45402.38000000,45643.75000000,45121.96000000,45455.53000000,8388.42302000,240,240,False
1704182400000,1704196800000,45455.52000000,45879.63000000,45200.00000000,45433.99000000,10027.39458000,240,240,False
1704196800000,1704211200000,45433.99000000,45800.00000000,44833.33000000,45184.82000000,13236.12915000,240,240,False
1704211200000,1704225600000,45184.83000000,45399.84000000,44790.96000000,45039.49000000,9745.60445000,240,240,False
1704225600000,1704240000000,45039.49000000,45297.26000000,44600.00000000,44946.91000000,6655.56882000,240,240,False
1704240000000,1704254400000,44946.91000000,45410.91000000,44862.11000000,45262.69000000,4750.68596000,240,240,False
1704254400000,1704268800000,45262.70000000,45384.84000000,44940.93000000,45011.77000000,4691.11517000,240,240,False
1704268800000,1704283200000,45011.77000000,45500.00000000,43500.00000000,43702.88000000,13237.52778000,240,240,False
1704283200000,1704297600000,43702.89000000,43716.00000000,40750.00000000,43000.01000000,35484.15210000,240,240,False
1704297600000,1704312000000,43000.01000000,43567.92000000,42000.00000000,42596.67000000,16895.34192000,240,240,False
1704312000000,1704326400000,42596.66000000,42966.27000000,42518.70000000,42845.23000000,6135.72880000,240,240,False
1704326400000,1704340800000,42845.23000000,43220.56000000,42613.77000000,43102.80000000,5488.13855000,240,240,False
1704340800000,1704355200000,43102.79000000,43273.08000000,42756.97000000,42763.08000000,5443.39629000,240,240,False
1704355200000,1704369600000,42763.08000000,43233.81000000,42616.28000000,43176.32000000,6746.40949000,240,240,False
1704369600000,1704384000000,43176.33000000,44329.99000000,43097.06000000,44051.10000000,11599.01023000,240,240,False
1704384000000,1704398400000,44051.10000000,44437.50000000,43777.86000000,43956.48000000,9399.52176000,240,240,False
1704398400000,1704412800000,43956.48000000,44729.58000000,43890.90000000,44151.10000000,9361.58702000,240,240,False
1704412800000,1704427200000,44151.10000000,44284.00000000,42450.00000000,43465.21000000,11721.50264000,240,240,False
1704427200000,1704441600000,43465.21000000,43926.00000000,43187.89000000,43777.47000000,4949.61031000,240,240,False
1704441600000,1704456000000,43777.48000000,44324.80000000,43433.00000000,43771.34000000,7055.63723000,240,240,False
1704456000000,1704470400000,43771.34000000,44110.07000000,43100.00000000,43500.01000000,10044.28040000,240,240,False
1704470400000,1704484800000,43500.01000000,43808.07000000,43100.46000000,43600.00000000,7460.07613000,240,240,False
1704484800000,1704499200000,43600.00000000,44357.46000000,43580.51000000,44145.11000000,6844.14656000,240,240,False
1704499200000,1704513600000,44145.12000000,44214.42000000,43812.50000000,43931.10000000,3123.46193000,240,240,False
1704513600000,1704528000000,43931.10000000,43971.10000000,43397.05000000,43653.20000000,4242.79756000,240,240,False
1704528000000,1704542400000,43653.20000000,43771.10000000,43551.28000000,43671.96000000,2449.54997000,240,240,False
1704542400000,1704556800000,43671.97000000,43920.08000000,43527.27000000,43867.17000000,2610.13838000,240,240,False
1704556800000,1704571200000,43867.17000000,44148.58000000,43828.50000000,43906.36000000,2971.24432000,240,240,False
1704571200000,1704585600000,43906.35000000,43980.00000000,43611.19000000,43968.32000000,2437.86928000,240,240,False
1704585600000,1704600000000,43968.32000000,44259.29000000,43833.40000000,43940.41000000,3397.43777000,240,240,False
1704600000000,1704614400000,43940.41000000,44100.00000000,43843.52000000,44080.00000000,2347.11787000,240,240,False
1704614400000,1704628800000,44080.00000000,44167.81000000,43880.65000000,44061.10000000,3023.73501000,240,240,False
1704628800000,1704643200000,44061.10000000,44480.59000000,43945.15000000,44047.57000000,5972.98911000,240,240,False
1704643200000,1704657600000,44047.57000000,44262.53000000,43700.00000000,44244.77000000,3590.89146000,240,240,False
1704657600000,1704672000000,44244.77000000,44269.92000000,43572.09000000,43929.02000000,4691.67958000,240,240,False
1704672000000,1704686400000,43929.01000000,43986.00000000,43175.00000000,43518.20000000,7371.99098000,240,240,False
1704686400000,1704700800000,43518.20000000,44341.80000000,43430.79000000,43974.55000000,7157.43221000,240,240,False
1704700800000,1704715200000,43974.55000000,44688.00000000,43641.73000000,44635.99000000,6636.26767000,240,240,False
1704715200000,1704729600000,44636.00000000,45333.00000000,44350.00000000,44963.04000000,17212.53878000,240,240,False
1704729600000,1704744000000,44963.04000000,47248.99000000,44793.97000000,46979.35000000,24462.97732000,240,240,False
1704744000000,1704758400000,46979.36000000,47207.16000000,46653.84000000,46951.04000000,9973.36893000,240,240,False
1704758400000,1704772800000,46951.04000000,47150.00000000,46230.00000000,46926.96000000,10102.12931000,240,240,False
1704772800000,1704787200000,46926.96000000,46940.00000000,46599.43000000,46825.51000000,4707.40981000,240,240,False
1704787200000,1704801600000,46825.52000000,46874.94000000,46381.10000000,46615.99000000,6018.83491000,240,240,False
1704801600000,1704816000000,46616.00000000,47051.21000000,45450.00000000,46868.09000000,15811.82358000,240,240,False
1704816000000,1704830400000,46868.08000000,46975.00000000,46500.00000000,46876.01000000,7310.48299000,240,240,False
1704830400000,1704844800000,46876.00000000,47972.00000000,44748.67000000,46110.00000000,25976.98557000,240,240,False
1704844800000,1704859200000,46110.00000000,46249.14000000,45622.00000000,46117.10000000,6964.52629000,240,240,False
1704859200000,1704873600000,46117.10000000,46186.00000000,45734.56000000,45757.98000000,4441.30134000,240,240,False
1704873600000,1704888000000,45757.98000000,45861.10000000,45000.00000000,45515.89000000,8371.11286000,240,240,False
1704888000000,1704902400000,45515.88000000,45662.01000000,44300.36000000,45546.40000000,17519.34998000,240,240,False
1704902400000,1704916800000,45546.39000000,46666.00000000,45173.97000000,46489.18000000,17808.51212000,240,240,False
1704916800000,1704931200000,46489.19000000,47695.93000000,44800.00000000,46653.99000000,34806.60944000,240,240,False
1704931200000,1704945600000,46654.00000000,46750.00000000,46200.00000000,46502.16000000,7964.91500000,240,240,False
1704945600000,1704960000000,46502.17000000,46507.08000000,45618.10000000,46101.40000000,7551.87335000,240,240,False
1704960000000,1704974400000,46101.40000000,47150.00000000,46052.00000000,47060.00000000,8538.48554000,240,240,False
1704974400000,1704988800000,47059.99000000,48969.48000000,46463.19000000,46783.78000000,36318.80534000,240,240,False
1704988800000,1705003200000,46783.77000000,47022.07000000,45606.06000000,46692.30000000,19172.26590000,240,240,False
1705003200000,1705017600000,46692.29000000,46975.00000000,46084.69000000,46339.16000000,7923.98447000,240,240,False
1705017600000,1705032000000,46339.16000000,46515.53000000,45898.00000000,45994.00000000,5377.44001000,240,240,False
1705032000000,1705046400000,45994.01000000,46366.00000000,45742.49000000,46008.19000000,5766.26871000,240,240,False
1705046400000,1705060800000,46008.19000000,46267.00000000,45537.37000000,45954.35000000,7038.70566000,240,240,False
1705060800000,1705075200000,45954.35000000,46109.00000000,44333.44000000,44462.01000000,19196.21655000,240,240,False
1705075200000,1705089600000,44462.00000000,44675.88000000,43212.00000000,43472.55000000,26388.04032000,240,240,False
1705089600000,1705104000000,43472.56000000,43981.10000000,41500.00000000,42782.73000000,22561.26582000,240,240,False
1705104000000,1705118400000,42782.74000000,42997.29000000,42436.12000000,42609.94000000,9945.53429000,240,240,False
1705118400000,1705132800000,42609.94000000,43254.03000000,42555.84000000,43102.97000000,6237.82222000,240,240,False
1705132800000,1705147200000,43102.97000000,43254.96000000,42509.11000000,42624.00000000,6962.30044000,240,240,False
1705147200000,1705161600000,42624.01000000,43257.00000000,42505.00000000,43154.48000000,6063.35625000,240,240,False
1705161600000,1705176000000,43154.48000000,43185.00000000,42724.39000000,42786.25000000,4181.84325000,240,240,False
1705176000000,1705190400000,42786.25000000,43040.01000000,42699.52000000,42847.99000000,2727.61819000,240,240,False
1705190400000,1705204800000,42847.99000000,42890.23000000,42643.98000000,42681.82000000,2769.17313000,240,240,False
1705204800000,1705219200000,42681.82000000,43060.00000000,42562.56000000,43011.44000000,3036.75324000,240,240,False
1705219200000,1705233600000,43011.44000000,43079.00000000,42759.34000000,42829.99000000,2885.27669000,240,240,False
1705233600000,1705248000000,42829.99000000,43005.25000000,42710.00000000,42904.38000000,3635.86614000,240,240,False
1705248000000,1705262400000,42904.39000000,43010.84000000,42632.59000000,42660.00000000,4024.36820000,240,240,False
1705262400000,1705276800000,42660.00000000,42745.98000000,41720.00000000,41732.35000000,11876.97154000,240,240,False
1705276800000,1705291200000,41732.35000000,42640.00000000,41718.05000000,42565.99000000,5828.29771000,240,240,False
1705291200000,1705305600000,42565.99000000,42824.68000000,42499.01000000,42714.78000000,4383.51739000,240,240,False
1705305600000,1705320000000,42714.78000000,42775.00000000,42540.00000000,42697.99000000,3812.52325000,240,240,False
1705320000000,1705334400000,42698.00000000,42958.03000000,42163.32000000,42278.99000000,8595.73488000,240,240,False
1705334400000,1705348800000,42278.99000000,43400.43000000,42249.00000000,42992.67000000,12331.30651000,240,240,False
1705348800000,1705363200000,42992.67000000,43114.45000000,42342.18000000,42511.10000000,5318.51329000,240,240,False
1705363200000,1705377600000,42511.10000000,42939.50000000,42466.88000000,42924.56000000,4025.27939000,240,240,False
1705377600000,1705392000000,42924.57000000,42946.05000000,42606.92000000,42791.13000000,3648.24949000,240,240,False
1705392000000,1705406400000,42791.14000000,43153.66000000,42720.06000000,42900.54000000,4849.24572000,240,240,False
1705406400000,1705420800000,42900.55000000,43314.73000000,42050.00000000,43252.67000000,17967.98589000,240,240,False
1705420800000,1705435200000,43252.45000000,43434.00000000,42834.29000000,43166.11000000,7723.95687000,240,240,False
1705435200000,1705449600000,43166.10000000,43578.01000000,43060.69000000,43137.95000000,6831.02853000,240,240,False
1705449600000,1705464000000,43137.94000000,43198.00000000,42844.98000000,42849.00000000,3711.95254000,240,240,False
1705464000000,1705478400000,42849.00000000,42925.49000000,42619.60000000,42655.94000000,3612.23610000,240,240,False
1705478400000,1705492800000,42655.95000000,42850.55000000,42564.00000000,42680.16000000,4412.74724000,240,240,False
1705492800000,1705507200000,42680.16000000,42926.02000000,42365.58000000,42482.79000000,9542.90182000,240,240,False
1705507200000,1705521600000,42482.80000000,42745.99000000,42200.69000000,42611.11000000,6233.49263000,240,240,False
1705521600000,1705536000000,42611.10000000,42876.48000000,42450.00000000,42776.10000000,5752.88355000,240,240,False
1705536000000,1705550400000,42776.09000000,42784.40000000,42502.19000000,42592.05000000,2777.25237000,240,240,False
1705550400000,1705564800000,42592.04000000,42922.00000000,42589.00000000,42915.33000000,3393.11338000,240,240,False
1705564800000,1705579200000,42915.32000000,42930.00000000,42387.68000000,42544.59000000,4867.13625000,240,240,False
1705579200000,1705593600000,42544.60000000,42810.00000000,42353.80000000,42619.32000000,5286.53164000,240,240,False
1705593600000,1705608000000,42619.31000000,42619.32000000,40831.99000000,41022.32000000,17408.65530000,240,240,False
1705608000000,1705622400000,41022.33000000,41366.99000000,40683.28000000,41327.50000000,10174.82747000,240,240,False
1705622400000,1705636800000,41327.51000000,41370.99000000,40752.26000000,41055.87000000,5747.52107000,240,240,False
1705636800000,1705651200000,41055.88000000,41576.00000000,41038.81000000,41284.25000000,5252.30425000,240,240,False
1705651200000,1705665600000,41284.26000000,41509.69000000,41143.33000000,41475.37000000,4432.77110000,240,240,False
1705665600000,1705680000000,41475.37000000,41488.20000000,40718.00000000,40894.71000000,9260.88788000,240,240,False
1705680000000,1705694400000,40894.71000000,41979.00000000,40280.00000000,41814.27000000,16100.60089000,240,240,False
1705694400000,1705708800000,41814.27000000,42196.86000000,41517.60000000,41659.03000000,7548.66040000,240,240,False
1705708800000,1705723200000,41659.03000000,41700.00000000,41456.30000000,41634.65000000,2986.21230000,240,240,False
1705723200000,1705737600000,41634.64000000,41774.00000000,41564.81000000,41650.95000000,2111.60902000,240,240,False
1705737600000,1705752000000,41650.95000000,41668.66000000,41459.02000000,41580.83000000,3106.35262000,240,240,False
1705752000000,1705766400000,41580.82000000,41700.00000000,41478.00000000,41570.11000000,2908.64220000,240,240,False
1705766400000,1705780800000,41570.10000000,41684.94000000,41526.36000000,41632.96000000,2143.21383000,240,240,False
1705780800000,1705795200000,41632.97000000,41872.56000000,41610.54000000,41696.04000000,2667.96496000,240,240,False
1705795200000,1705809600000,41696.05000000,41730.00000000,41629.87000000,41680.82000000,1600.89363000,240,240,False
1705809600000,1705824000000,41680.83000000,41691.11000000,41564.29000000,41648.51000000,1198.63686000,240,240,False
1705824000000,1705838400000,41648.50000000,41826.97000000,41648.50000000,41719.89000000,1972.92769000,240,240,False
1705838400000,1705852800000,41719.90000000,41881.39000000,41605.00000000,41656.28000000,2810.15162000,240,240,False
1705852800000,1705867200000,41656.27000000,41729.77000000,41525.00000000,41719.40000000,2101.04396000,240,240,False
1705867200000,1705881600000,41719.39000000,41811.10000000,41500.98000000,41580.33000000,2046.50925000,240,240,False
1705881600000,1705896000000,41580.32000000,41689.65000000,41058.22000000,41197.04000000,5194.67726000,240,240,False
1705896000000,1705910400000,41197.04000000,41321.17000000,40684.00000000,41043.70000000,6720.50069000,240,240,False
1705910400000,1705924800000,41043.70000000,41047.51000000,40364.63000000,40815.99000000,8780.28420000,240,240,False
1705924800000,1705939200000,40815.92000000,41244.06000000,40350.00000000,40771.99000000,9333.27767000,240,240,False
1705939200000,1705953600000,40772.00000000,40874.99000000,39431.58000000,39820.31000000,15416.76046000,240,240,False
1705953600000,1705968000000,39820.31000000,40343.18000000,39480.00000000,39568.02000000,9980.69883000,240,240,False
1705968000000,1705982400000,39568.02000000,40118.87000000,39511.10000000,40000.44000000,4446.81496000,240,240,False
1705982400000,1705996800000,40000.43000000,40176.74000000,39665.02000000,39780.00000000,3852.36638000,240,240,False
1705996800000,1706011200000,39780.01000000,39860.00000000,38657.00000000,38845.56000000,16327.77748000,240,240,False
1706011200000,1706025600000,38845.56000000,39460.00000000,38555.00000000,39204.00000000,14222.94133000,240,240,False
1706025600000,1706040000000,39204.00000000,39654.34000000,38925.20000000,39148.07000000,11699.79651000,240,240,False
1706040000000,1706054400000,39148.07000000,39907.23000000,39032.02000000,39897.60000000,7406.93685000,240,240,False
1706054400000,1706068800000,39897.59000000,40250.00000000,39570.43000000,39614.00000000,7508.24416000,240,240,False
1706068800000,1706083200000,39614.00000000,40191.97000000,39557.01000000,39981.09000000,6508.92980000,240,240,False
1706083200000,1706097600000,39981.09000000,40555.00000000,39859.51000000,40209.34000000,6433.12337000,240,240,False
1706097600000,1706112000000,40209.34000000,40298.86000000,39766.00000000,40050.71000000,8120.72045000,240,240,False
1706112000000,1706126400000,40050.72000000,40207.00000000,39615.76000000,39803.05000000,5715.16915000,240,240,False
1706126400000,1706140800000,39803.04000000,40175.11000000,39484.19000000,40084.88000000,5007.64168000,240,240,False
1706140800000,1706155200000,40084.89000000,40178.84000000,39914.00000000,40012.01000000,3484.65910000,240,240,False
1706155200000,1706169600000,40012.01000000,40135.37000000,39792.01000000,40130.00000000,3648.17041000,240,240,False
1706169600000,1706184000000,40130.00000000,40300.24000000,39957.44000000,40178.07000000,4623.83661000,240,240,False
1706184000000,1706198400000,40178.07000000,40283.82000000,39623.40000000,39804.24000000,8152.98130000,240,240,False
1706198400000,1706212800000,39804.23000000,40044.91000000,39550.00000000,39989.25000000,7402.16761000,240,240,False
1706212800000,1706227200000,39989.25000000,39995.99000000,39637.99000000,39961.09000000,3710.30350000,240,240,False
1706227200000,1706241600000,39961.09000000,40245.00000000,39822.52000000,40067.52000000,3180.57719000,240,240,False
1706241600000,1706256000000,40067.52000000,40220.00000000,39896.84000000,39969.99000000,3394.99518000,240,240,False
1706256000000,1706270400000,39970.00000000,41348.13000000,39962.14000000,41289.52000000,11523.32786000,240,240,False
1706270400000,1706284800000,41289.52000000,41588.00000000,40914.50000000,41422.99000000,12152.14087000,240,240,False
1706284800000,1706299200000,41422.98000000,42193.80000000,41405.31000000,42064.49000000,11360.11294000,240,240,False
1706299200000,1706313600000,42064.48000000,42246.82000000,41800.02000000,41823.51000000,5773.81322000,240,240,False
1706313600000,1706328000000,41823.51000000,41933.17000000,41708.00000000,41815.01000000,2776.36693000,240,240,False
1706328000000,1706342400000,41815.01000000,41890.00000000,41602.01000000,41710.14000000,2385.06661000,240,240,False
1706342400000,1706356800000,41710.15000000,41800.00000000,41394.34000000,41761.23000000,3747.33899000,240,240,False
1706356800000,1706371200000,41761.22000000,41894.87000000,41714.00000000,41814.00000000,2106.62255000,240,240,False
1706371200000,1706385600000,41813.99000000,41986.06000000,41745.26000000,41910.47000000,2256.20513000,240,240,False
1706385600000,1706400000000,41910.48000000,42200.00000000,41910.47000000,42120.63000000,2952.81646000,240,240,False
1706400000000,1706414400000,42120.63000000,42244.00000000,41925.00000000,42231.83000000,3931.90769000,240,240,False
1706414400000,1706428800000,42231.84000000,42842.68000000,42228.64000000,42388.82000000,7853.89698000,240,240,False
1706428800000,1706443200000,42388.82000000,42698.00000000,42323.14000000,42471.98000000,4448.08445000,240,240,False
1706443200000,1706457600000,42471.98000000,42544.00000000,42155.55000000,42258.01000000,3978.57176000,240,240,False
1706457600000,1706472000000,42258.00000000,42354.70000000,41721.08000000,41785.92000000,3819.55464000,240,240,False
1706472000000,1706486400000,41785.91000000,42073.81000000,41620.81000000,42031.06000000,3262.98286000,240,240,False
1706486400000,1706500800000,42031.05000000,42504.00000000,41874.94000000,42331.20000000,3437.68599000,240,240,False
1706500800000,1706515200000,42331.19000000,42345.36000000,41988.88000000,42053.46000000,2735.85224000,240,240,False
1706515200000,1706529600000,42053.45000000,42381.10000000,41961.10000000,42246.95000000,3204.92588000,240,240,False
1706529600000,1706544000000,42246.95000000,42647.27000000,41804.88000000,42641.75000000,6763.08424000,240,240,False
1706544000000,1706558400000,42641.75000000,43313.80000000,42518.00000000,42995.99000000,11314.82880000,240,240,False
1706558400000,1706572800000,42995.99000000,43333.00000000,42982.66000000,43302.70000000,4086.36492000,240,240,False
1706572800000,1706587200000,43302.71000000,43787.35000000,43133.90000000,43519.71000000,6762.21682000,240,240,False
1706587200000,1706601600000,43519.71000000,43570.09000000,43259.26000000,43358.25000000,3352.66111000,240,240,False
1706601600000,1706616000000,43358.24000000,43564.85000000,43215.76000000,43537.74000000,4124.15330000,240,240,False
1706616000000,1706630400000,43537.75000000,43882.36000000,43114.13000000,43375.50000000,9820.25546000,240,240,False
1706630400000,1706644800000,43375.50000000,43599.00000000,43224.00000000,43547.98000000,5834.15697000,240,240,False
1706644800000,1706659200000,43547.99000000,43760.00000000,42683.99000000,42941.10000000,7725.80180000,240,240,False
1706659200000,1706673600000,42941.10000000,43107.77000000,42655.07000000,42930.07000000,4913.47979000,240,240,False
1706673600000,1706688000000,42930.06000000,43087.93000000,42871.10000000,43050.01000000,2839.50568000,240,240,False
1706688000000,1706702400000,43050.01000000,43091.10000000,42355.00000000,42647.98000000,6116.23013000,240,240,False
1706702400000,1706716800000,42647.98000000,43465.02000000,42521.31000000,43361.10000000,8138.75525000,240,240,False
1706716800000,1706731200000,43361.11000000,43745.11000000,43041.10000000,43334.64000000,8260.76136000,240,240,False
1706731200000,1706745600000,43334.63000000,43361.10000000,42276.84000000,42580.00000000,9602.40467000,240,240,False
1706745600000,1706760000000,42580.00000000,42687.63000000,41884.28000000,42015.65000000,6159.26638000,240,240,False
1706760000000,1706774400000,42015.65000000,42300.00000000,41889.95000000,42190.16000000,4812.74817000,240,240,False
1706774400000,1706788800000,42190.15000000,42331.10000000,42026.52000000,42087.52000000,4002.75251000,240,240,False
1706788800000,1706803200000,42087.52000000,42946.60000000,41944.89000000,42516.12000000,7858.34198000,240,240,False
1706803200000,1706817600000,42516.12000000,43285.13000000,42364.00000000,43218.94000000,8083.56904000,240,240,False
1706817600000,1706832000000,43218.94000000,43279.91000000,42872.91000000,43082.94000000,4314.36856000,240,240,False
1706832000000,1706846400000,43082.95000000,43432.63000000,43026.15000000,43037.25000000,4246.33741000,240,240,False
1706846400000,1706860800000,43037.25000000,43271.10000000,42943.71000000,43086.89000000,4064.36047000,240,240,False
1706860800000,1706875200000,43086.90000000,43199.00000000,42941.10000000,43148.41000000,4094.76501000,240,240,False
1706875200000,1706889600000,43148.42000000,43250.00000000,42546.79000000,43242.09000000,8493.53585000,240,240,False
1706889600000,1706904000000,43242.10000000,43488.00000000,42783.09000000,43061.97000000,6362.66369000,240,240,False
1706904000000,1706918400000,43061.98000000,43238.01000000,42900.48000000,43200.00000000,2410.48175000,240,240,False
1706918400000,1706932800000,43199.99000000,43380.01000000,43142.00000000,43173.94000000,2223.22292000,240,240,False
1706932800000,1706947200000,43173.95000000,43222.75000000,43040.00000000,43053.05000000,1346.11611000,240,240,False
1706947200000,1706961600000,43053.05000000,43125.28000000,42973.66000000,42995.04000000,1810.42438000,240,240,False
1706961600000,1706976000000,42995.04000000,43190.00000000,42880.00000000,43119.06000000,2505.96267000,240,240,False
1706976000000,1706990400000,43119.06000000,43270.00000000,43016.28000000,43061.09000000,2671.62087000,240,240,False
1706990400000,1707004800000,43061.09000000,43104.68000000,42953.33000000,43011.09000000,1476.06303000,240,240,False
1707004800000,1707019200000,43011.10000000,43068.79000000,42880.01000000,43027.16000000,1456.91888000,240,240,False
1707019200000,1707033600000,43027.16000000,43029.17000000,42720.07000000,42845.03000000,2208.36902000,240,240,False
1707033600000,1707048000000,42845.03000000,43119.04000000,42741.60000000,43060.10000000,2577.95374000,240,240,False
1707048000000,1707062400000,43060.09000000,43115.76000000,42845.51000000,42943.21000000,2544.71311000,240,240,False
1707062400000,1707076800000,42943.20000000,42969.79000000,42573.17000000,42636.44000000,3608.11375000,240,240,False
1707076800000,1707091200000,42636.43000000,42985.73000000,42222.00000000,42582.88000000,4670.82554000,240,240,False
1707091200000,1707105600000,42582.88000000,42729.02000000,42258.10000000,42718.31000000,3709.01020000,240,240,False
1707105600000,1707120000000,42718.31000000,43176.39000000,42642.00000000,43071.88000000,4182.30255000,240,240,False
1707120000000,1707134400000,43071.87000000,43268.98000000,42954.54000000,43194.08000000,4074.55774000,240,240,False
1707134400000,1707148800000,43194.08000000,43569.76000000,42600.11000000,42644.03000000,8010.04502000,240,240,False
1707148800000,1707163200000,42644.04000000,42869.66000000,42501.00000000,42765.36000000,5069.38976000,240,240,False
1707163200000,1707177600000,42765.35000000,42798.37000000,42330.52000000,42708.70000000,4422.45378000,240,240,False
1707177600000,1707192000000,42708.70000000,42960.01000000,42574.00000000,42851.11000000,2897.16519000,240,240,False
1707192000000,1707206400000,42851.10000000,42926.73000000,42667.00000000,42890.00000000,2201.29331000,240,240,False
1707206400000,1707220800000,42889.99000000,43119.90000000,42670.61000000,42826.96000000,5579.67740000,240,240,False
1707220800000,1707235200000,42826.96000000,43270.89000000,42658.00000000,43244.89000000,5949.73363000,240,240,False
1707235200000,1707249600000,43244.89000000,43399.98000000,43000.00000000,43278.78000000,5091.59374000,240,240,False
1707249600000,1707264000000,43278.79000000,43322.00000000,43032.71000000,43098.95000000,2956.39106000,240,240,False
1707264000000,1707278400000,43098.96000000,43192.00000000,42788.00000000,42800.00000000,2968.09769000,240,240,False
1707278400000,1707292800000,42799.99000000,43051.10000000,42794.67000000,42918.03000000,2473.25345000,240,240,False
1707292800000,1707307200000,42918.02000000,43200.00000000,42838.01000000,42928.29000000,3301.41540000,240,240,False
1707307200000,1707321600000,42928.28000000,43325.03000000,42890.51000000,43071.08000000,5174.63854000,240,240,False
1707321600000,1707336000000,43071.08000000,43710.00000000,43013.75000000,43615.47000000,9646.81430000,240,240,False
1707336000000,1707350400000,43615.47000000,44396.50000000,43615.47000000,44349.60000000,10828.37977000,240,240,False
1707350400000,1707364800000,44349.60000000,44780.00000000,44331.10000000,44540.99000000,8836.19603000,240,240,False
1707364800000,1707379200000,44540.98000000,44633.78000000,44427.01000000,44513.24000000,3474.51592000,240,240,False
1707379200000,1707393600000,44513.25000000,44885.00000000,44513.24000000,44698.97000000,5858.27712000,240,240,False
1707393600000,1707408000000,44698.97000000,45467.14000000,44606.00000000,45432.30000000,11913.40369000,240,240,False
1707408000000,1707422400000,45432.30000000,45498.00000000,44890.00000000,45284.14000000,8933.58857000,240,240,False
1707422400000,1707436800000,45284.13000000,45614.30000000,45227.00000000,45288.65000000,6423.64098000,240,240,False
1707436800000,1707451200000,45288.66000000,46384.27000000,45242.12000000,46060.74000000,9482.53987000,240,240,False
1707451200000,1707465600000,46060.74000000,46425.03000000,45855.00000000,46202.00000000,6811.23297000,240,240,False
1707465600000,1707480000000,46202.01000000,47299.88000000,46201.53000000,47180.02000000,11572.91301000,240,240,False
1707480000000,1707494400000,47180.01000000,47719.44000000,46652.00000000,47159.99000000,21197.65997000,240,240,False
1707494400000,1707508800000,47159.99000000,48200.00000000,47134.00000000,47509.48000000,16961.19039000,240,240,False
1707508800000,1707523200000,47509.48000000,47693.28000000,47035.92000000,47132.77000000,7477.94479000,240,240,False
1707523200000,1707537600000,47132.78000000,47504.00000000,47044.88000000,47376.62000000,3901.03702000,240,240,False
1707537600000,1707552000000,47376.62000000,47430.03000000,47145.40000000,47151.72000000,2155.29282000,240,240,False
1707552000000,1707566400000,47151.72000000,47274.00000000,46800.00000000,47182.00000000,4546.93534000,240,240,False
1707566400000,1707580800000,47182.01000000,47378.41000000,47105.44000000,47353.48000000,3624.87877000,240,240,False
1707580800000,1707595200000,47353.48000000,47660.00000000,47154.52000000,47531.09000000,3381.00187000,240,240,False
1707595200000,1707609600000,47531.09000000,48170.00000000,47454.37000000,47751.09000000,7193.21354000,240,240,False
1707609600000,1707624000000,47751.08000000,48557.00000000,47557.16000000,48519.61000000,6452.94117000,240,240,False
1707624000000,1707638400000,48519.60000000,48592.66000000,48061.10000000,48179.52000000,4752.43271000,240,240,False
1707638400000,1707652800000,48179.51000000,48438.81000000,47922.33000000,48411.71000000,3906.99024000,240,240,False
1707652800000,1707667200000,48411.71000000,48469.07000000,47931.82000000,48150.43000000,5466.21997000,240,240,False
1707667200000,1707681600000,48150.43000000,48394.29000000,47948.38000000,48284.00000000,4641.41321000,240,240,False
1707681600000,1707696000000,48283.99000000,48375.00000000,47971.18000000,48299.99000000,4738.81107000,240,240,False
1707696000000,1707710400000,48300.00000000,48826.81000000,48009.52000000,48145.00000000,7723.68614000,240,240,False
1707710400000,1707724800000,48145.00000000,48382.27000000,47755.81000000,48203.98000000,4444.91925000,240,240,False
1707724800000,1707739200000,48203.98000000,48311.15000000,47710.01000000,47903.03000000,5444.77082000,240,240,False
1707739200000,1707753600000,47903.04000000,49950.00000000,47841.00000000,49917.80000000,16721.55061000,240,240,False
1707753600000,1707768000000,49917.80000000,50334.82000000,49372.22000000,49532.03000000,17277.94580000,240,240,False
1707768000000,1707782400000,49532.02000000,50271.02000000,49532.02000000,49917.27000000,7397.09443000,240,240,False
1707782400000,1707796800000,49917.28000000,50368.61000000,49724.33000000,49789.99000000,6175.21021000,240,240,False
1707796800000,1707811200000,49790.00000000,50117.84000000,49789.99000000,49983.09000000,4055.06807000,240,240,False
1707811200000,1707825600000,49983.09000000,50247.00000000,49650.00000000,49988.12000000,8824.89385000,240,240,False
1707825600000,1707840000000,49988.12000000,49996.00000000,48400.00000000,48727.47000000,19358.47315000,240,240,False
1707840000000,1707854400000,48727.47000000,49268.21000000,48300.95000000,49036.73000000,10392.26078000,240,240,False
1707854400000,1707868800000,49036.74000000,49775.00000000,49011.10000000,49699.59000000,6745.66100000,240,240,False
1707868800000,1707883200000,49699.60000000,49712.94000000,49333.00000000,49518.61000000,3206.45301000,240,240,False
1707883200000,1707897600000,49518.61000000,49877.22000000,49225.01000000,49838.93000000,3998.92481000,240,240,False
1707897600000,1707912000000,49838.93000000,51723.08000000,49741.19000000,51555.12000000,19901.12485000,240,240,False
1707912000000,1707926400000,51555.12000000,52043.71000000,51276.24000000,51590.00000000,15434.55068000,240,240,False
1707926400000,1707940800000,51590.00000000,51750.00000000,51200.24000000,51678.00000000,8869.42094000,240,240,False
1707940800000,1707955200000,51677.99000000,51888.00000000,51464.00000000,51795.17000000,5635.89972000,240,240,False
1707955200000,1707969600000,51795.17000000,52500.00000000,51717.58000000,52343.32000000,9485.19698000,240,240,False
1707969600000,1707984000000,52343.32000000,52364.55000000,51634.01000000,51776.61000000,6158.65559000,240,240,False
1707984000000,1707998400000,51776.60000000,52498.12000000,51650.00000000,52330.00000000,6781.21145000,240,240,False
1707998400000,1708012800000,52330.00000000,52816.62000000,51721.31000000,51948.23000000,13915.59154000,240,240,False
1708012800000,1708027200000,51948.24000000,52380.00000000,51725.00000000,52002.01000000,9258.37794000,240,240,False
1708027200000,1708041600000,52002.01000000,52011.10000000,51314.00000000,51880.00000000,8216.99705000,240,240,False
1708041600000,1708056000000,51880.01000000,52328.00000000,51803.60000000,52280.25000000,4925.24862000,240,240,False
1708056000000,1708070400000,52280.25000000,52343.28000000,51700.00000000,51731.99000000,5910.92632000,240,240,False
1708070400000,1708084800000,51732.00000000,52435.86000000,51566.00000000,52213.86000000,8723.49444000,240,240,False
1708084800000,1708099200000,52213.87000000,52572.08000000,51592.88000000,51888.01000000,10491.97637000,240,240,False
1708099200000,1708113600000,51888.01000000,52245.00000000,51655.00000000,51756.29000000,4781.76179000,240,240,False
1708113600000,1708128000000,51756.29000000,52208.43000000,51681.10000000,52124.11000000,2938.84564000,240,240,False
1708128000000,1708142400000,52124.10000000,52162.82000000,51846.84000000,51968.75000000,1748.64047000,240,240,False
1708142400000,1708156800000,51968.75000000,52057.54000000,51792.00000000,51911.33000000,1813.90033000,240,240,False
1708156800000,1708171200000,51911.34000000,51911.34000000,51500.00000000,51690.48000000,3811.13615000,240,240,False
1708171200000,1708185600000,51690.47000000,51735.68000000,50625.00000000,50984.56000000,9664.71243000,240,240,False
1708185600000,1708200000000,50984.56000000,51444.00000000,50741.10000000,51394.43000000,4387.33024000,240,240,False
1708200000000,1708214400000,51394.44000000,52030.18000000,51303.00000000,51642.64000000,4248.28660000,240,240,False
1708214400000,1708228800000,51642.64000000,51798.99000000,51163.28000000,51479.99000000,3342.20712000,240,240,False
1708228800000,1708243200000,51479.99000000,51750.60000000,51405.52000000,51671.10000000,2668.90841000,240,240,False
1708243200000,1708257600000,51671.10000000,52069.00000000,51644.00000000,51832.01000000,3445.09907000,240,240,False
1708257600000,1708272000000,51832.01000000,51948.57000000,51535.01000000,51773.99000000,3523.91039000,240,240,False
1708272000000,1708286400000,51774.00000000,51980.73000000,51647.25000000,51758.12000000,3340.56645000,240,240,False
1708286400000,1708300800000,51758.13000000,52377.00000000,51587.40000000,52137.67000000,5671.41219000,240,240,False
1708300800000,1708315200000,52137.68000000,52428.78000000,51904.83000000,52063.81000000,4612.31179000,240,240,False
1708315200000,1708329600000,52063.80000000,52488.77000000,51989.21000000,52394.04000000,4434.73522000,240,240,False
1708329600000,1708344000000,52394.04000000,52450.00000000,52063.52000000,52336.22000000,4670.22420000,240,240,False
1708344000000,1708358400000,52336.22000000,52454.11000000,52027.00000000,52127.99000000,5672.19056000,240,240,False
1708358400000,1708372800000,52127.99000000,52230.00000000,51677.00000000,51820.61000000,6367.05864000,240,240,False
1708372800000,1708387200000,51820.61000000,52110.00000000,51705.11000000,51774.73000000,3778.47391000,240,240,False
1708387200000,1708401600000,51774.74000000,51832.01000000,51311.00000000,51580.23000000,5264.00845000,240,240,False
1708401600000,1708416000000,51580.23000000,52039.91000000,51510.00000000,51839.28000000,3718.97659000,240,240,False
1708416000000,1708430400000,51839.28000000,52380.00000000,51560.00000000,52286.80000000,7446.13718000,240,240,False
1708430400000,1708444800000,52286.80000000,52985.00000000,51340.00000000,51680.00000000,17302.62916000,240,240,False
1708444800000,1708459200000,51679.99000000,52138.31000000,50760.37000000,52101.11000000,10418.63903000,240,240,False
1708459200000,1708473600000,52101.10000000,52517.30000000,51901.10000000,52258.82000000,5464.08277000,240,240,False
1708473600000,1708488000000,52258.82000000,52366.80000000,51988.91000000,52001.99000000,3369.43954000,240,240,False
1708488000000,1708502400000,52002.00000000,52113.39000000,51452.45000000,51568.64000000,4064.16140000,240,240,False
1708502400000,1708516800000,51568.64000000,51787.04000000,50813.00000000,50965.53000000,9380.34826000,240,240,False
1708516800000,1708531200000,50965.53000000,51442.26000000,50625.00000000,51156.00000000,11653.57718000,240,240,False
1708531200000,1708545600000,51156.00000000,51427.43000000,50649.28000000,51058.00000000,7754.08258000,240,240,False
1708545600000,1708560000000,51057.99000000,51950.01000000,50862.50000000,51849.39000000,6857.79153000,240,240,False
1708560000000,1708574400000,51849.38000000,51878.18000000,51153.69000000,51586.10000000,4685.41723000,240,240,False
1708574400000,1708588800000,51586.10000000,51910.32000000,51352.00000000,51827.63000000,4426.10745000,240,240,False
1708588800000,1708603200000,51827.63000000,52034.12000000,51517.63000000,51622.04000000,5505.24135000,240,240,False
1708603200000,1708617600000,51622.05000000,51733.05000000,50940.78000000,51602.40000000,8605.10808000,240,240,False
1708617600000,1708632000000,51602.41000000,51750.01000000,51400.00000000,51509.99000000,5304.84860000,240,240,False
1708632000000,1708646400000,51509.99000000,52065.78000000,51184.04000000,51288.42000000,6782.72303000,240,240,False
1708646400000,1708660800000,51288.42000000,51548.54000000,50971.11000000,51100.00000000,4695.56436000,240,240,False
1708660800000,1708675200000,51100.00000000,51321.92000000,50889.00000000,50915.96000000,3958.88987000,240,240,False
1708675200000,1708689600000,50915.95000000,51263.22000000,50830.00000000,51218.95000000,4762.09300000,240,240,False
1708689600000,1708704000000,51218.94000000,51333.47000000,50800.32000000,50911.11000000,8302.82835000,240,240,False
1708704000000,1708718400000,50911.10000000,51195.18000000,50629.33000000,51099.09000000,5650.67880000,240,240,False
1708718400000,1708732800000,51099.09000000,51162.04000000,50521.00000000,50744.15000000,3175.74106000,240,240,False
1708732800000,1708747200000,50744.15000000,50907.14000000,50585.00000000,50849.97000000,2775.43339000,240,240,False
1708747200000,1708761600000,50849.96000000,51103.87000000,50826.47000000,51068.70000000,2424.36167000,240,240,False
1708761600000,1708776000000,51068.70000000,51172.06000000,50953.00000000,51119.79000000,2450.32792000,240,240,False
1708776000000,1708790400000,51119.79000000,51180.41000000,51032.34000000,51099.34000000,1990.44790000,240,240,False
1708790400000,1708804800000,51099.35000000,51698.00000000,51094.99000000,51557.07000000,4634.38652000,240,240,False
1708804800000,1708819200000,51557.08000000,51666.00000000,51437.84000000,51568.22000000,2285.46370000,240,240,False
1708819200000,1708833600000,51568.21000000,51898.72000000,51438.88000000,51624.99000000,3601.71905000,240,240,False
1708833600000,1708848000000,51625.00000000,51800.03000000,51509.00000000,51719.28000000,2307.35285000,240,240,False
1708848000000,1708862400000,51719.28000000,51777.64000000,51531.73000000,51645.00000000,1998.19169000,240,240,False
1708862400000,1708876800000,51645.00000000,51780.00000000,51436.67000000,51524.02000000,3015.06690000,240,240,False
1708876800000,1708891200000,51524.02000000,51738.85000000,51279.80000000,51672.96000000,3855.78862000,240,240,False
1708891200000,1708905600000,51672.97000000,51958.55000000,51640.88000000,51728.85000000,3943.51248000,240,240,False
1708905600000,1708920000000,51728.85000000,51796.50000000,51400.00000000,51555.59000000,2849.56680000,240,240,False
1708920000000,1708934400000,51555.60000000,51598.06000000,51288.18000000,51293.26000000,2965.61094000,240,240,False
1708934400000,1708948800000,51293.26000000,51374.66000000,50901.44000000,51090.01000000,5428.89999000,240,240,False
1708948800000,1708963200000,51090.01000000,52847.84000000,50957.00000000,52842.32000000,11761.16940000,240,240,False
1708963200000,1708977600000,52842.33000000,54512.02000000,52753.28000000,54487.11000000,19931.38279000,240,240,False
1708977600000,1708992000000,54487.10000000,54910.00000000,54258.20000000,54476.47000000,8320.09207000,240,240,False
1708992000000,1709006400000,54476.48000000,57073.84000000,54450.13000000,55667.60000000,17222.69430000,240,240,False
1709006400000,1709020800000,55667.60000000,56448.00000000,55576.12000000,56059.08000000,8813.40604000,240,240,False
1709020800000,1709035200000,56059.09000000,56818.02000000,56023.80000000,56527.79000000,8262.13357000,240,240,False
1709035200000,1709049600000,56527.80000000,57416.93000000,56457.26000000,56745.66000000,15703.72150000,240,240,False
1709049600000,1709064000000,56745.66000000,57588.15000000,56209.00000000,57339.68000000,10002.01696000,240,240,False
1709064000000,1709078400000,57339.69000000,57359.00000000,56579.84000000,57037.34000000,7191.01325000,240,240,False
1709078400000,1709092800000,57037.35000000,57101.10000000,56691.85000000,56916.40000000,3603.53596000,240,240,False
1709092800000,1709107200000,56916.39000000,58379.57000000,56894.16000000,58241.10000000,7636.88153000,240,240,False
1709107200000,1709121600000,58241.09000000,59494.06000000,58171.11000000,58941.11000000,19224.20294000,240,240,False
1709121600000,1709136000000,58941.11000000,61360.00000000,58891.10000000,60966.22000000,26368.91820000,240,240,False
1709136000000,1709150400000,60966.22000000,64000.00000000,58700.00000000,60951.11000000,45415.56810000,240,240,False
1709150400000,1709164800000,60951.10000000,62647.04000000,59797.57000000,62432.10000000,16514.36311000,240,240,False
1709164800000,1709179200000,62432.11000000,62438.22000000,61021.10000000,61561.33000000,10084.02851000,240,240,False
1709179200000,1709193600000,61561.34000000,63676.35000000,61334.59000000,62707.17000000,14931.15457000,240,240,False
1709193600000,1709208000000,62707.17000000,63340.95000000,62111.10000000,62936.02000000,11918.80476000,240,240,False
1709208000000,1709222400000,62936.02000000,63531.88000000,62051.11000000,62768.02000000,12976.74161000,240,240,False
1709222400000,1709236800000,62768.01000000,62879.30000000,60364.70000000,61600.00000000,17118.24110000,240,240,False
1709236800000,1709251200000,61599.99000000,62285.47000000,60584.07000000,61130.98000000,11396.10548000,240,240,False
1709251200000,1709265600000,61130.99000000,61749.00000000,60777.00000000,61105.91000000,6345.57641000,240,240,False
1709265600000,1709280000000,61105.92000000,61772.82000000,61061.11000000,61434.00000000,5719.40504000,240,240,False
1709280000000,1709294400000,61434.00000000,62243.53000000,61316.67000000,61863.72000000,8452.27991000,240,240,False
1709294400000,1709308800000,61863.71000000,62677.06000000,61131.01000000,61263.99000000,9971.27905000,240,240,False
1709308800000,1709323200000,61263.98000000,62494.31000000,61234.00000000,62215.50000000,7886.35574000,240,240,False
1709323200000,1709337600000,62215.51000000,63114.23000000,62215.50000000,62387.90000000,9363.03858000,240,240,False
1709337600000,1709352000000,62387.90000000,62433.19000000,61949.03000000,62307.45000000,5441.91324000,240,240,False
1709352000000,1709366400000,62307.45000000,62307.45000000,61752.30000000,62011.85000000,4846.35512000,240,240,False
1709366400000,1709380800000,62011.85000000,62123.00000000,61641.10000000,61826.32000000,4411.57189000,240,240,False
1709380800000,1709395200000,61826.32000000,62167.79000000,61561.12000000,61771.20000000,4301.35084000,240,240,False
1709395200000,1709409600000,61771.21000000,62114.77000000,61625.00000000,62114.77000000,3418.28795000,240,240,False
1709409600000,1709424000000,62114.76000000,62200.00000000,61685.01000000,61987.28000000,3115.25755000,240,240,False
1709424000000,1709438400000,61987.28000000,62000.00000000,61642.39000000,61931.09000000,3127.09906000,240,240,False
1709438400000,1709452800000,61931.09000000,62100.00000000,61320.00000000,61598.00000000,4831.45761000,240,240,False
1709452800000,1709467200000,61598.01000000,61890.96000000,61393.83000000,61831.10000000,3942.85361000,240,240,False
1709467200000,1709481600000,61831.10000000,62640.18000000,61821.09000000,62164.63000000,6685.90515000,240,240,False
1709481600000,1709496000000,62164.63000000,62989.00000000,62088.00000000,62730.00000000,5623.12318000,240,240,False
1709496000000,1709510400000,62730.00000000,63231.88000000,62580.00000000,63113.97000000,4784.47042000,240,240,False
1709510400000,1709524800000,63113.97000000,64268.24000000,62300.00000000,63458.72000000,12563.71291000,240,240,False
1709524800000,1709539200000,63458.71000000,64300.00000000,63210.00000000,64066.62000000,6654.96237000,240,240,False
1709539200000,1709553600000,64066.62000000,65555.00000000,64000.11000000,65230.00000000,16002.48076000,240,240,False
1709553600000,1709568000000,65229.99000000,66580.29000000,64533.67000000,66451.65000000,16689.80230000,240,240,False
1709568000000,1709582400000,66451.65000000,67524.99000000,66039.31000000,67405.26000000,17313.10625000,240,240,False
1709582400000,1709596800000,67405.25000000,68499.00000000,66755.79000000,68245.71000000,15611.09546000,240,240,False
1709596800000,1709611200000,68245.71000000,68686.80000000,67535.31000000,68113.94000000,11448.26318000,240,240,False
1709611200000,1709625600000,68113.95000000,68384.54000000,65089.00000000,66129.64000000,17780.29058000,240,240,False
1709625600000,1709640000000,66129.64000000,67150.00000000,65515.15000000,66656.31000000,11938.90863000,240,240,False
1709640000000,1709654400000,66656.32000000,69000.00000000,66370.00000000,66773.05000000,22508.23086000,240,240,False
1709654400000,1709668800000,66773.05000000,66996.36000000,59005.00000000,61410.98000000,42797.37895000,240,240,False
1709668800000,1709683200000,61410.98000000,64367.27000000,61167.91000000,63724.01000000,26223.70910000,240,240,False
1709683200000,1709697600000,63724.01000000,64146.45000000,62779.14000000,63263.21000000,9495.88692000,240,240,False
1709697600000,1709712000000,63263.22000000,66761.10000000,63263.21000000,66676.46000000,15208.16062000,240,240,False
1709712000000,1709726400000,66676.46000000,67641.10000000,66041.63000000,67301.31000000,14316.87745000,240,240,False
1709726400000,1709740800000,67301.31000000,67592.31000000,64664.92000000,66481.12000000,21399.96424000,240,240,False
1709740800000,1709755200000,66481.12000000,67465.00000000,66221.10000000,66739.48000000,10674.76219000,240,240,False
1709755200000,1709769600000,66739.49000000,67363.58000000,65714.17000000,66074.04000000,7643.20349000,240,240,False
1709769600000,1709784000000,66074.04000000,66467.88000000,65551.00000000,65847.29000000,7749.00312000,240,240,False
1709784000000,1709798400000,65847.30000000,66469.05000000,65657.59000000,66387.78000000,6679.10619000,240,240,False
1709798400000,1709812800000,66387.77000000,67275.20000000,66341.11000000,66905.34000000,8562.66230000,240,240,False
1709812800000,1709827200000,66905.34000000,67899.00000000,66541.10000000,67260.01000000,13605.46645000,240,240,False
1709827200000,1709841600000,67260.01000000,67980.00000000,67012.00000000,67498.02000000,9547.44499000,240,240,False
1709841600000,1709856000000,67498.03000000,67914.74000000,66810.32000000,66823.17000000,6916.20385000,240,240,False
1709856000000,1709870400000,66823.18000000,67256.18000000,66757.00000000,67156.09000000,5636.13131000,240,240,False
1709870400000,1709884800000,67156.09000000,67640.45000000,66782.22000000,67223.02000000,5528.83778000,240,240,False
1709884800000,1709899200000,67223.02000000,67753.40000000,67038.71000000,67741.21000000,6407.54695000,240,240,False
1709899200000,1709913600000,67741.22000000,69990.00000000,67150.00000000,67617.60000000,22754.67898200,240,240,False
1709913600000,1709928000000,67617.60000000,68864.00000000,66082.66000000,68863.99000000,22384.90145000,240,240,False
1709928000000,1709942400000,68864.00000000,69379.00000000,67807.58000000,68124.19000000,11549.83637000,240,240,False
1709942400000,1709956800000,68124.20000000,68279.00000000,67861.10000000,68247.34000000,3976.42864000,240,240,False
1709956800000,1709971200000,68247.34000000,68541.10000000,68133.27000000,68288.64000000,3391.79959000,240,240,False
1709971200000,1709985600000,68288.64000000,68453.12000000,67933.93000000,68299.99000000,4166.26410000,240,240,False
1709985600000,1710000000000,68300.00000000,68521.10000000,68100.01000000,68288.20000000,3154.11941000,240,240,False
1710000000000,1710014400000,68288.19000000,68325.00000000,68000.00000000,68193.51000000,3079.82488000,240,240,False
1710014400000,1710028800000,68193.51000000,68433.17000000,68193.51000000,68313.27000000,2104.46081000,240,240,False
1710028800000,1710043200000,68313.28000000,69216.00000000,68200.00000000,69136.79000000,7144.08030000,240,240,False
1710043200000,1710057600000,69136.78000000,69659.47000000,69024.62000000,69347.16000000,5397.01526000,240,240,False
1710057600000,1710072000000,69347.16000000,69887.61000000,69162.00000000,69568.46000000,7712.18719000,240,240,False
1710072000000,1710086400000,69568.45000000,69833.33000000,68641.10000000,69194.83000000,8240.59115000,240,240,False
1710086400000,1710100800000,69194.83000000,69768.58000000,69111.89000000,69400.19000000,4006.35572000,240,240,False
1710100800000,1710115200000,69400.19000000,69470.01000000,68094.75000000,68955.88000000,5904.43873000,240,240,False
1710115200000,1710129600000,68955.88000000,68955.90000000,67024.96000000,68604.42000000,9122.59767000,240,240,False
1710129600000,1710144000000,68604.41000000,71298.00000000,68445.91000000,71019.99000000,17348.19592800,240,240,False
1710144000000,1710158400000,71019.99000000,72226.30000000,71019.99000000,71487.20000000,16023.35006800,240,240,False
1710158400000,1710172800000,71487.21000000,72661.10000000,71304.20000000,72010.00000000,15581.87226800,240,240,False
1710172800000,1710187200000,72010.01000000,72800.00000000,71760.00000000,71970.00000000,11603.11572200,240,240,False
1710187200000,1710201600000,71970.00000000,72750.00000000,71836.36000000,72078.10000000,5613.69407000,240,240,False
1710201600000,1710216000000,72078.10000000,72470.41000000,71400.00000000,71619.00000000,6941.41973000,240,240,False
1710216000000,1710230400000,71619.00000000,72355.15000000,71301.00000000,72121.10000000,6922.60660000,240,240,False
1710230400000,1710244800000,72121.10000000,72376.00000000,71388.00000000,72023.82000000,7323.42979000,240,240,False
1710244800000,1710259200000,72023.82000000,73000.00000000,70800.00000000,71703.41000000,17116.47825100,240,240,False
1710259200000,1710273600000,71703.41000000,71829.11000000,68620.82000000,71349.99000000,24015.90765000,240,240,False
1710273600000,1710288000000,71349.99000000,71550.05000000,70607.86000000,71452.01000000,6463.70467000,240,240,False
1710288000000,1710302400000,71452.00000000,72217.79000000,71333.31000000,72057.43000000,6367.14350000,240,240,False
1710302400000,1710316800000,72057.43000000,73182.22000000,71920.00000000,72855.16000000,8445.98749200,240,240,False
1710316800000,1710331200000,72855.15000000,73650.25000000,72820.00000000,73065.41000000,9588.44887500,240,240,False
1710331200000,1710345600000,73065.40000000,73180.00000000,71634.52000000,72634.95000000,14039.65954000,240,240,False
1710345600000,1710360000000,72634.95000000,73394.19000000,72350.00000000,73349.24000000,8727.85823000,240,240,False
1710360000000,1710374400000,73349.24000000,73410.22000000,72788.15000000,73072.41000000,5490.61401000,240,240,False
1710374400000,1710388800000,73072.40000000,73288.30000000,72500.00000000,73267.08000000,5469.57319000,240,240,False
1710388800000,1710403200000,73267.08000000,73777.00000000,72680.00000000,73224.00000000,7734.90334600,240,240,False
1710403200000,1710417600000,73224.00000000,73528.11000000,72627.00000000,72884.00000000,6407.33652000,240,240,False
1710417600000,1710432000000,72884.01000000,73047.16000000,70543.64000000,70844.01000000,18557.28967000,240,240,False
1710432000000,1710446400000,70844.00000000,71458.00000000,68555.00000000,69415.09000000,22921.42581000,240,240,False
1710446400000,1710460800000,69415.09000000,71709.90000000,69303.75000000,71388.94000000,10667.10021000,240,240,False
1710460800000,1710475200000,71388.94000000,72419.71000000,66699.00000000,68224.01000000,22422.85781000,240,240,False
1710475200000,1710489600000,68224.01000000,68861.10000000,66904.98000000,68448.29000000,17229.30114000,240,240,False
1710489600000,1710504000000,68448.28000000,68600.00000000,65600.00000000,67757.76000000,22721.61196000,240,240,False
1710504000000,1710518400000,67757.75000000,68746.69000000,67424.79000000,68157.07000000,12481.72359000,240,240,False
1710518400000,1710532800000,68157.07000000,70650.00000000,67520.01000000,68964.00000000,17320.34953000,240,240,False
1710532800000,1710547200000,68964.00000000,69750.00000000,67413.80000000,69499.85000000,11158.19143000,240,240,False
1710547200000,1710561600000,69499.84000000,70043.00000000,68932.01000000,69200.08000000,7063.23297000,240,240,False
1710561600000,1710576000000,69200.07000000,69460.91000000,68600.00000000,69432.45000000,5195.14968000,240,240,False
1710576000000,1710590400000,69432.45000000,69436.24000000,67725.53000000,68256.01000000,7874.19098000,240,240,False
1710590400000,1710604800000,68256.00000000,68499.10000000,67524.00000000,68385.58000000,8590.50806000,240,240,False
1710604800000,1710619200000,68385.58000000,68407.94000000,66670.00000000,66911.52000000,11754.26553000,240,240,False
1710619200000,1710633600000,66911.51000000,67538.49000000,64780.00000000,65300.63000000,15449.60614000,240,240,False
1710633600000,1710648000000,65300.64000000,66576.39000000,65122.23000000,66538.99000000,10190.42681000,240,240,False
1710648000000,1710662400000,66538.99000000,66560.00000000,64533.00000000,65636.67000000,9585.06163000,240,240,False
1710662400000,1710676800000,65636.68000000,67515.00000000,65290.00000000,66955.49000000,9037.77471000,240,240,False
1710676800000,1710691200000,66955.49000000,68111.45000000,66436.92000000,67965.50000000,8266.27135000,240,240,False
1710691200000,1710705600000,67965.51000000,68693.75000000,67769.86000000,68536.73000000,6689.53988000,240,240,False
1710705600000,1710720000000,68536.72000000,68904.40000000,67953.35000000,68393.48000000,5973.14151000,240,240,False
1710720000000,1710734400000,68393.47000000,68425.97000000,66800.00000000,67972.01000000,9044.36516000,240,240,False
1710734400000,1710748800000,67972.01000000,68956.00000000,67704.01000000,68218.38000000,6783.81700000,240,240,False
1710748800000,1710763200000,68218.38000000,68483.96000000,67300.00000000,68253.40000000,8039.14860000,240,240,False
1710763200000,1710777600000,68253.39000000,68627.81000000,66628.68000000,67467.19000000,13191.14257000,240,240,False
1710777600000,1710792000000,67467.19000000,68079.52000000,66565.20000000,66936.00000000,12161.56392000,240,240,False
1710792000000,1710806400000,66936.00000000,67999.00000000,66935.99000000,67609.99000000,6471.04363000,240,240,False
1710806400000,1710820800000,67610.00000000,68124.11000000,64860.00000000,65876.01000000,16347.35381000,240,240,False
1710820800000,1710835200000,65876.01000000,65976.10000000,63577.00000000,64704.22000000,16011.77985000,240,240,False
1710835200000,1710849600000,64704.23000000,64710.69000000,62505.00000000,63081.34000000,21759.46345000,240,240,False
1710849600000,1710864000000,63081.34000000,64150.00000000,62410.78000000,64051.85000000,19821.88333000,240,240,False
1710864000000,1710878400000,64051.85000000,65756.00000000,63969.58000000,64391.99000000,14712.72400000,240,240,False
1710878400000,1710892800000,64392.00000000,64500.12000000,61555.00000000,61937.40000000,12352.12043000,240,240,False
1710892800000,1710907200000,61937.41000000,63466.21000000,61666.00000000,61860.81000000,14260.12300000,240,240,False
1710907200000,1710921600000,61860.82000000,63198.83000000,60775.00000000,62957.85000000,16405.10550000,240,240,False
1710921600000,1710936000000,62957.85000000,63957.74000000,62640.00000000,63392.94000000,11101.85580000,240,240,False
1710936000000,1710950400000,63392.95000000,64395.00000000,63066.60000000,63600.37000000,14577.40042000,240,240,False
1710950400000,1710964800000,63600.37000000,66000.00000000,62022.00000000,65784.46000000,19560.39962000,240,240,False
1710964800000,1710979200000,65784.47000000,68100.00000000,65656.41000000,67840.51000000,14515.70158000,240,240,False
1710979200000,1710993600000,67840.51000000,68240.47000000,66340.00000000,66654.45000000,9548.03051000,240,240,False
1710993600000,1711008000000,66654.46000000,67330.00000000,66072.20000000,66985.19000000,7775.81555000,240,240,False
1711008000000,1711022400000,66985.19000000,67659.53000000,66650.00000000,67044.00000000,6826.14520000,240,240,False
1711022400000,1711036800000,67044.01000000,67693.60000000,65885.96000000,66557.77000000,10244.26221000,240,240,False
1711036800000,1711051200000,66557.77000000,67000.00000000,64871.01000000,65223.74000000,11883.44847000,240,240,False
1711051200000,1711065600000,65223.73000000,65946.66000000,64529.01000000,65501.27000000,7079.77808000,240,240,False
1711065600000,1711080000000,65501.28000000,66160.00000000,65120.01000000,65981.99000000,6860.14662000,240,240,False
1711080000000,1711094400000,65981.99000000,66649.62000000,65756.64000000,66178.01000000,5005.64413000,240,240,False
1711094400000,1711108800000,66178.01000000,66363.10000000,64065.72000000,64233.90000000,8364.76408000,240,240,False
1711108800000,1711123200000,64233.90000000,64674.06000000,62601.11000000,63877.04000000,15779.03684000,240,240,False
1711123200000,1711137600000,63877.04000000,64126.09000000,62766.63000000,63866.93000000,8473.14688000,240,240,False
1711137600000,1711152000000,63866.94000000,63978.86000000,62260.00000000,63796.64000000,6999.63966000,240,240,False
1711152000000,1711166400000,63796.64000000,64374.91000000,63000.00000000,63556.00000000,5352.28065000,240,240,False
1711166400000,1711180800000,63556.00000000,64856.01000000,63506.50000000,64575.41000000,3673.22300000,240,240,False
1711180800000,1711195200000,64575.41000000,64857.14000000,64186.21000000,64629.62000000,3461.55180000,240,240,False
1711195200000,1711209600000,64629.61000000,65414.69000000,64278.15000000,65104.05000000,5604.02124000,240,240,False
1711209600000,1711224000000,65104.06000000,65999.00000000,64786.25000000,64872.90000000,5268.49718000,240,240,False
1711224000000,1711238400000,64872.90000000,65199.97000000,63861.66000000,63990.01000000,3050.54022000,240,240,False
1711238400000,1711252800000,63990.02000000,64723.16000000,63922.85000000,63962.98000000,2935.71455000,240,240,False
1711252800000,1711267200000,63962.98000000,64583.44000000,63772.29000000,64583.43000000,2684.12371000,240,240,False
1711267200000,1711281600000,64583.44000000,65368.66000000,64476.00000000,65334.01000000,4489.73276000,240,240,False
1711281600000,1711296000000,65334.00000000,65925.19000000,65177.28000000,65673.36000000,5348.55639000,240,240,False
1711296000000,1711310400000,65673.36000000,66045.99000000,64600.01000000,65843.02000000,6877.20940000,240,240,False
1711310400000,1711324800000,65843.02000000,67628.69000000,65730.60000000,67209.99000000,9060.44334000,240,240,False
1711324800000,1711339200000,67210.00000000,67350.00000000,66385.06000000,67350.00000000,5111.47135000,240,240,False
1711339200000,1711353600000,67350.00000000,67740.00000000,66710.00000000,66821.19000000,5187.21371000,240,240,False
1711353600000,1711368000000,66821.19000000,67344.23000000,66747.65000000,66810.15000000,4533.27519000,240,240,False
1711368000000,1711382400000,66810.15000000,70000.00000000,66780.00000000,69792.05000000,18421.73075000,240,240,False
1711382400000,1711396800000,69792.06000000,71000.00000000,69440.18000000,70960.89000000,12949.80008000,240,240,False
1711396800000,1711411200000,70960.89000000,71150.00000000,69562.09000000,69880.01000000,7227.65378000,240,240,False
1711411200000,1711425600000,69880.00000000,70606.00000000,69732.80000000,70423.11000000,4442.88157000,240,240,False
1711425600000,1711440000000,70423.11000000,71561.10000000,70260.30000000,70486.38000000,6445.21132000,240,240,False
1711440000000,1711454400000,70486.38000000,71280.00000000,70268.66000000,70693.16000000,6034.68060000,240,240,False
1711454400000,1711468800000,70693.17000000,71136.63000000,69280.00000000,70250.00000000,11063.14222000,240,240,False
1711468800000,1711483200000,70250.01000000,70499.00000000,69412.00000000,69477.67000000,7627.77768000,240,240,False
1711483200000,1711497600000,69477.66000000,70305.33000000,69401.72000000,69988.00000000,3320.69078000,240,240,False
1711497600000,1711512000000,69987.99000000,70739.65000000,69840.00000000,70387.99000000,4372.69970000,240,240,False
1711512000000,1711526400000,70388.00000000,70598.00000000,69640.00000000,69725.99000000,4193.40578000,240,240,False
1711526400000,1711540800000,69726.00000000,70359.97000000,69407.00000000,70220.73000000,5171.78507000,240,240,False
1711540800000,1711555200000,70220.73000000,71769.54000000,68534.01000000,68874.00000000,22329.46086000,240,240,False
1711555200000,1711569600000,68873.99000000,69406.00000000,68359.18000000,68652.00000000,8096.55097000,240,240,False
1711569600000,1711584000000,68652.01000000,69637.66000000,68630.00000000,69469.99000000,4955.45447000,240,240,False
1711584000000,1711598400000,69469.99000000,69980.00000000,68903.62000000,69290.00000000,4222.74545000,240,240,False
1711598400000,1711612800000,69290.00000000,70469.82000000,69280.00000000,70399.03000000,4925.19222000,240,240,False
1711612800000,1711627200000,70399.04000000,70962.63000000,70292.44000000,70647.18000000,6772.71614000,240,240,False
1711627200000,1711641600000,70647.18000000,71552.06000000,70348.75000000,71290.39000000,11335.74390000,240,240,False
1711641600000,1711656000000,71290.38000000,71320.00000000,70404.00000000,70798.26000000,5199.87249000,240,240,False
1711656000000,1711670400000,70798.26000000,71074.03000000,70541.90000000,70780.60000000,2982.76219000,240,240,False
1711670400000,1711684800000,70780.60000000,70916.16000000,70274.07000000,70442.22000000,3035.25826000,240,240,False
1711684800000,1711699200000,70442.23000000,70538.78000000,69746.33000000,69794.00000000,4015.74929000,240,240,False
1711699200000,1711713600000,69794.01000000,70318.00000000,69566.00000000,70142.78000000,4708.66434000,240,240,False
1711713600000,1711728000000,70142.78000000,70636.04000000,69009.00000000,69180.00000000,7043.97127000,240,240,False
1711728000000,1711742400000,69179.99000000,69666.00000000,69078.62000000,69665.99000000,4246.06600000,240,240,False
1711742400000,1711756800000,69665.99000000,69916.50000000,69290.00000000,69850.54000000,2395.37437000,240,240,False
1711756800000,1711771200000,69850.53000000,70177.87000000,69710.00000000,69773.99000000,2533.94601000,240,240,False
1711771200000,1711785600000,69774.00000000,70321.10000000,69755.98000000,69852.18000000,2669.04320000,240,240,False
1711785600000,1711800000000,69852.18000000,70183.67000000,69811.37000000,70183.55000000,2073.90457000,240,240,False
1711800000000,1711814400000,70183.54000000,70269.15000000,69925.87000000,69999.99000000,1960.15928000,240,240,False
1711814400000,1711828800000,69999.99000000,70280.06000000,69670.00000000,69896.34000000,2564.18678000,240,240,False
1711828800000,1711843200000,69896.34000000,69896.35000000,69540.00000000,69582.18000000,1843.37158000,240,240,False
1711843200000,1711857600000,69582.17000000,70165.86000000,69562.99000000,69916.61000000,2971.88718000,240,240,False
1711857600000,1711872000000,69916.60000000,70460.00000000,69874.54000000,70301.73000000,3491.10805000,240,240,False
1711872000000,1711886400000,70301.72000000,70470.00000000,70147.77000000,70369.99000000,1973.67988000,240,240,False
1711886400000,1711900800000,70369.99000000,70759.10000000,70289.72000000,70381.13000000,3579.74008000,240,240,False
1711900800000,1711915200000,70381.13000000,71227.22000000,70321.86000000,71023.50000000,3712.47384000,240,240,False
1711915200000,1711929600000,71023.51000000,71366.00000000,70639.93000000,71280.01000000,3667.45530000,240,240,False
1711929600000,1711944000000,71280.00000000,71288.23000000,70520.51000000,70588.01000000,3360.81417000,240,240,False
1711944000000,1711958400000,70588.01000000,70648.83000000,68888.00000000,69594.94000000,9756.49862000,240,240,False
1711958400000,1711972800000,69594.94000000,69799.98000000,69165.35000000,69460.01000000,4785.74482000,240,240,False
1711972800000,1711987200000,69460.00000000,70080.00000000,68161.48000000,68237.15000000,11010.90480000,240,240,False
1711987200000,1712001600000,68237.15000000,69816.24000000,68062.86000000,69648.01000000,8342.53739000,240,240,False
1712001600000,1712016000000,69648.01000000,69900.00000000,69327.66000000,69649.80000000,4188.82059000,240,240,False
1712016000000,1712030400000,69649.81000000,69674.23000000,66000.00000000,66703.97000000,14727.55061000,240,240,False
1712030400000,1712044800000,66703.97000000,67120.00000000,66120.75000000,66455.50000000,8828.40820000,240,240,False
1712044800000,1712059200000,66455.50000000,66705.08000000,65075.00000000,65622.69000000,13036.59722000,240,240,False
1712059200000,1712073600000,65622.69000000,66249.83000000,64588.58000000,64890.00000000,17665.04450000,240,240,False
1712073600000,1712088000000,64889.99000000,66200.00000000,64550.00000000,65914.90000000,11481.41905000,240,240,False
1712088000000,1712102400000,65914.91000000,66120.00000000,65200.00000000,65463.99000000,6060.80835000,240,240,False
1712102400000,1712116800000,65463.99000000,66288.88000000,64493.07000000,66225.79000000,9351.12963000,240,240,False
1712116800000,1712131200000,66225.79000000,66483.87000000,65920.00000000,66135.99000000,4521.80948000,240,240,False
1712131200000,1712145600000,66135.98000000,66642.36000000,65538.06000000,66059.76000000,6489.92426000,240,240,False
1712145600000,1712160000000,66059.75000000,66903.63000000,65635.01000000,65836.01000000,7323.44464000,240,240,False
1712160000000,1712174400000,65836.02000000,66550.00000000,65451.62000000,65784.00000000,6431.99952000,240,240,False
1712174400000,1712188800000,65784.01000000,66297.40000000,65476.63000000,65963.28000000,5768.91025000,240,240,False
1712188800000,1712203200000,65963.27000000,66354.83000000,65454.55000000,65620.01000000,3770.13451000,240,240,False
1712203200000,1712217600000,65620.00000000,66290.32000000,65064.52000000,66091.60000000,4739.31707000,240,240,False
1712217600000,1712232000000,66091.59000000,66468.99000000,66028.00000000,66353.67000000,3428.64196000,240,240,False
1712232000000,1712246400000,66353.68000000,67927.69000000,66330.56000000,67647.99000000,10795.29970000,240,240,False
1712246400000,1712260800000,67648.00000000,69309.91000000,67526.50000000,68500.00000000,11282.70659000,240,240,False
1712260800000,1712275200000,68500.00000000,68565.54000000,67320.00000000,68487.79000000,7494.38470000,240,240,False
1712275200000,1712289600000,68487.80000000,68756.67000000,67435.67000000,67863.99000000,5774.35522000,240,240,False
1712289600000,1712304000000,67864.00000000,68028.00000000,66380.00000000,66930.74000000,5658.20928000,240,240,False
1712304000000,1712318400000,66930.75000000,67684.26000000,66383.01000000,66478.00000000,5920.73430000,240,240,False
1712318400000,1712332800000,66478.00000000,68566.66000000,65952.56000000,68190.62000000,11781.15101000,240,240,False
1712332800000,1712347200000,68190.62000000,68380.00000000,67316.00000000,67412.40000000,6064.18449000,240,240,False
1712347200000,1712361600000,67412.41000000,67966.67000000,67342.00000000,67820.62000000,2716.59643000,240,240,False
1712361600000,1712376000000,67820.63000000,68065.20000000,67447.83000000,67788.01000000,3176.77641000,240,240,False
1712376000000,1712390400000,67788.00000000,68232.14000000,67602.00000000,67992.02000000,3070.43208000,240,240,False
1712390400000,1712404800000,67992.02000000,68120.00000000,67615.22000000,67668.16000000,2642.86157000,240,240,False
1712404800000,1712419200000,67668.16000000,68299.00000000,67527.78000000,68104.00000000,3568.26804000,240,240,False
1712419200000,1712433600000,68104.01000000,68484.09000000,67948.83000000,68259.98000000,2363.11858000,240,240,False
1712433600000,1712448000000,68259.99000000,69692.00000000,68166.66000000,68896.00000000,5312.83251000,240,240,False
1712448000000,1712462400000,68896.00000000,69777.00000000,68824.00000000,69408.05000000,4070.31150000,240,240,False
1712462400000,1712476800000,69408.04000000,69493.98000000,69053.97000000,69364.01000000,2506.83696000,240,240,False
1712476800000,1712491200000,69364.00000000,69555.00000000,69199.01000000,69357.00000000,2408.97704000,240,240,False
1712491200000,1712505600000,69357.00000000,69886.03000000,69210.00000000,69543.74000000,3508.85654000,240,240,False
1712505600000,1712520000000,69543.73000000,70326.29000000,68849.77000000,69068.01000000,6365.63132000,240,240,False
1712520000000,1712534400000,69068.01000000,69477.18000000,68901.00000000,69360.39000000,2674.13097000,240,240,False
1712534400000,1712548800000,69360.38000000,69841.03000000,69043.24000000,69458.95000000,2783.56347000,240,240,False
1712548800000,1712563200000,69458.95000000,70850.00000000,69280.00000000,70698.63000000,5743.89017000,240,240,False
1712563200000,1712577600000,70698.64000000,72650.00000000,70642.00000000,72404.00000000,17583.55254000,240,240,False
1712577600000,1712592000000,72404.00000000,72797.99000000,71245.17000000,71773.98000000,11394.24682000,240,240,False
1712592000000,1712606400000,71773.98000000,72104.05000000,71300.00000000,71766.00000000,5209.50842000,240,240,False
1712606400000,1712620800000,71766.00000000,72000.00000000,71500.37000000,71620.00000000,3009.11482000,240,240,False
1712620800000,1712635200000,71620.00000000,71758.19000000,70833.33000000,71285.00000000,4291.79016000,240,240,False
1712635200000,1712649600000,71285.00000000,71339.79000000,70110.00000000,70383.99000000,6190.35905000,240,240,False
1712649600000,1712664000000,70383.98000000,70905.26000000,69576.61000000,70794.85000000,6972.66696000,240,240,False
1712664000000,1712678400000,70794.84000000,70977.00000000,68535.03000000,69264.00000000,12156.24815000,240,240,False
1712678400000,1712692800000,69264.00000000,69320.00000000,68210.00000000,69000.77000000,6642.90689000,240,240,False
1712692800000,1712707200000,69000.78000000,69439.60000000,68888.47000000,69146.00000000,3039.93121000,240,240,False
1712707200000,1712721600000,69146.00000000,69594.15000000,68466.63000000,69150.18000000,4540.58603000,240,240,False
1712721600000,1712736000000,69150.18000000,69515.00000000,69005.55000000,69336.28000000,2643.50253000,240,240,False
1712736000000,1712750400000,69336.27000000,69336.28000000,68629.99000000,69043.00000000,4809.39998000,240,240,False
1712750400000,1712764800000,69043.00000000,69204.28000000,67518.00000000,68657.32000000,13749.00779000,240,240,False
1712764800000,1712779200000,68657.31000000,70098.89000000,68556.00000000,70083.99000000,9298.63372000,240,240,False
1712779200000,1712793600000,70084.00000000,71172.08000000,69581.03000000,70631.08000000,6964.89372000,240,240,False
1712793600000,1712808000000,70631.08000000,71062.00000000,70285.13000000,70851.67000000,4013.72496000,240,240,False
1712808000000,1712822400000,70851.66000000,71305.89000000,70378.11000000,70735.99000000,3777.07402000,240,240,False
1712822400000,1712836800000,70736.00000000,71256.27000000,69881.31000000,69983.16000000,5151.60119000,240,240,False
1712836800000,1712851200000,69983.16000000,71100.00000000,69567.21000000,70000.00000000,11347.13026000,240,240,False
1712851200000,1712865600000,70000.00000000,70529.73000000,69574.88000000,70459.67000000,4574.37082000,240,240,False
1712865600000,1712880000000,70459.67000000,70746.09000000,69804.87000000,70006.23000000,3053.35470000,240,240,False
1712880000000,1712894400000,70006.22000000,70996.91000000,70002.22000000,70977.27000000,4545.17393000,240,240,False
1712894400000,1712908800000,70977.27000000,71227.46000000,70566.02000000,70764.01000000,3687.50378000,240,240,False
1712908800000,1712923200000,70764.00000000,70972.00000000,70509.58000000,70904.01000000,3928.05462000,240,240,False
1712923200000,1712937600000,70904.00000000,70975.54000000,69236.95000000,69347.30000000,10668.68172000,240,240,False
1712937600000,1712952000000,69347.30000000,69580.00000000,65086.86000000,66843.98000000,26206.56931000,240,240,False
1712952000000,1712966400000,66843.98000000,67440.00000000,66680.84000000,67116.52000000,7036.87893000,240,240,False
1712966400000,1712980800000,67116.52000000,67168.00000000,65731.27000000,67160.55000000,7747.05556000,240,240,False
1712980800000,1712995200000,67160.55000000,67929.00000000,67012.67000000,67446.52000000,5876.34300000,240,240,False
1712995200000,1713009600000,67446.53000000,67825.91000000,67090.83000000,67360.00000000,3376.15097000,240,240,False
1713009600000,1713024000000,67360.01000000,67926.00000000,67169.97000000,67676.00000000,3454.16666000,240,240,False
1713024000000,1713038400000,67675.99000000,67752.85000000,63750.01000000,64788.01000000,12176.97124000,240,240,False
1713038400000,1713052800000,64788.01000000,65608.09000000,60660.57000000,63924.51000000,38764.53276000,240,240,False
1713052800000,1713067200000,63924.52000000,64303.87000000,62134.00000000,63437.55000000,14435.88247000,240,240,False
1713067200000,1713081600000,63437.55000000,64872.96000000,63394.00000000,64464.30000000,9667.37241000,240,240,False
1713081600000,1713096000000,64464.30000000,64887.99000000,63855.45000000,64166.05000000,7342.92314000,240,240,False
1713096000000,1713110400000,64166.05000000,64848.49000000,63437.55000000,64180.97000000,10578.65201000,240,240,False
1713110400000,1713124800000,64180.98000000,64747.25000000,62573.66000000,64168.62000000,10439.26301000,240,240,False
1713124800000,1713139200000,64168.62000000,65840.00000000,63326.42000000,65661.84000000,9135.08514000,240,240,False
1713139200000,1713153600000,65661.85000000,65867.45000000,64937.01000000,65138.19000000,6221.13657000,240,240,False
1713153600000,1713168000000,65138.20000000,66582.84000000,64683.01000000,66263.84000000,8889.70626000,240,240,False
1713168000000,1713182400000,66263.84000000,66867.07000000,65807.25000000,65860.12000000,6595.64794000,240,240,False
1713182400000,1713196800000,65860.12000000,66399.00000000,63810.00000000,64568.81000000,11897.77903000,240,240,False
1713196800000,1713211200000,64568.80000000,64868.28000000,62274.40000000,63301.11000000,13199.26326000,240,240,False
1713211200000,1713225600000,63301.11000000,63633.02000000,62632.00000000,63419.99000000,5585.99763000,240,240,False
1713225600000,1713240000000,63419.99000000,63899.69000000,62750.00000000,62956.00000000,6780.05828000,240,240,False
1713240000000,1713254400000,62956.00000000,63800.00000000,61680.00000000,63516.19000000,10893.71179000,240,240,False
1713254400000,1713268800000,63516.18000000,63660.00000000,61600.00000000,63094.77000000,9560.71907000,240,240,False
1713268800000,1713283200000,63094.76000000,63422.97000000,61735.42000000,61762.20000000,11375.72504000,240,240,False
1713283200000,1713297600000,61762.19000000,63280.75000000,61694.02000000,62721.43000000,9939.37779000,240,240,False
1713297600000,1713312000000,62721.43000000,64365.00000000,62555.00000000,63793.39000000,4885.70134000,240,240,False
1713312000000,1713326400000,63793.40000000,64295.00000000,63581.16000000,63842.02000000,4408.10123000,240,240,False
1713326400000,1713340800000,63842.03000000,64499.00000000,63181.81000000,63297.84000000,4770.84819000,240,240,False
1713340800000,1713355200000,63297.85000000,63587.88000000,62541.13000000,62595.04000000,4528.85730000,240,240,False
1713355200000,1713369600000,62595.04000000,62974.88000000,59888.00000000,60304.95000000,19701.56268000,240,240,False
1713369600000,1713384000000,60304.95000000,61956.42000000,59678.16000000,61022.35000000,13090.32351000,240,240,False
1713384000000,1713398400000,61022.36000000,61763.07000000,60777.00000000,61277.37000000,4110.85218000,240,240,False
1713398400000,1713412800000,61277.38000000,62229.90000000,60939.92000000,61988.00000000,5112.05762000,240,240,False
1713412800000,1713427200000,61987.99000000,62075.46000000,60803.35000000,61178.08000000,5389.61634000,240,240,False
1713427200000,1713441600000,61178.08000000,63072.27000000,60864.00000000,62597.92000000,8854.03421000,240,240,False
1713441600000,1713456000000,62597.92000000,64117.09000000,61580.71000000,63498.70000000,13179.24657000,240,240,False
1713456000000,1713470400000,63498.69000000,63866.19000000,62310.03000000,63477.04000000,7383.52292000,240,240,False
1713470400000,1713484800000,63477.04000000,63825.74000000,63162.77000000,63470.08000000,3683.13152000,240,240,False
1713484800000,1713499200000,63470.09000000,63470.09000000,59600.01000000,61785.14000000,18924.46633000,240,240,False
1713499200000,1713513600000,61785.14000000,65179.00000000,61739.68000000,64547.18000000,16300.50420000,240,240,False
1713513600000,1713528000000,64547.18000000,65450.00000000,64098.13000000,64870.74000000,10760.55037000,240,240,False
1713528000000,1713542400000,64870.73000000,65440.57000000,63820.57000000,64437.17000000,10695.68779000,240,240,False
1713542400000,1713556800000,64437.18000000,64808.54000000,63506.57000000,64325.25000000,7338.37595000,240,240,False
1713556800000,1713571200000,64325.26000000,64494.03000000,62953.90000000,63818.01000000,5754.71807000,240,240,False
1713571200000,1713585600000,63818.01000000,64263.41000000,63090.07000000,63956.00000000,4907.95296000,240,240,False
1713585600000,1713600000000,63956.01000000,64268.58000000,63815.53000000,63961.22000000,2687.98622000,240,240,False
1713600000000,1713614400000,63961.22000000,63988.00000000,63277.00000000,63707.17000000,3210.87149000,240,240,False
1713614400000,1713628800000,63707.18000000,64960.37000000,63575.83000000,64808.35000000,3733.80603000,240,240,False
1713628800000,1713643200000,64808.35000000,65419.00000000,64456.54000000,64866.44000000,6438.03660000,240,240,False
1713643200000,1713657600000,64866.45000000,65031.25000000,64555.00000000,64940.59000000,2158.77645000,240,240,False
1713657600000,1713672000000,64940.58000000,65695.56000000,64608.00000000,65170.00000000,3453.01051000,240,240,False
1713672000000,1713686400000,65170.01000000,65244.65000000,64843.98000000,65150.66000000,2641.24775000,240,240,False
1713686400000,1713700800000,65150.67000000,65440.95000000,64763.15000000,65234.01000000,3450.14128000,240,240,False
1713700800000,1713715200000,65234.02000000,65375.41000000,64778.69000000,65043.69000000,2695.60703000,240,240,False
1713715200000,1713729600000,65043.70000000,65087.92000000,64237.50000000,64538.00000000,4176.10130000,240,240,False
1713729600000,1713744000000,64538.00000000,65167.19000000,64362.50000000,64941.15000000,2900.31365000,240,240,False
1713744000000,1713758400000,64941.15000000,66090.69000000,64500.00000000,65703.50000000,7919.96299000,240,240,False
1713758400000,1713772800000,65703.49000000,66479.80000000,65509.24000000,65980.00000000,6098.37541000,240,240,False
1713772800000,1713787200000,65980.01000000,66204.44000000,65702.00000000,65877.47000000,3405.56870000,240,240,False
1713787200000,1713801600000,65877.47000000,66477.53000000,65626.87000000,65994.38000000,5461.41672000,240,240,False
1713801600000,1713816000000,65994.39000000,66824.28000000,65913.52000000,66524.77000000,4574.61291000,240,240,False
1713816000000,1713830400000,66524.77000000,67232.35000000,66342.10000000,66819.32000000,3938.05698000,240,240,False
1713830400000,1713844800000,66819.32000000,67183.01000000,66419.55000000,66435.01000000,3243.03761000,240,240,False
1713844800000,1713859200000,66435.01000000,66646.00000000,66020.00000000,66099.79000000,3505.25680000,240,240,False
1713859200000,1713873600000,66099.79000000,66310.44000000,65852.35000000,66043.99000000,3664.65129000,240,240,False
1713873600000,1713888000000,66043.99000000,67130.00000000,65765.81000000,66419.56000000,7336.45218000,240,240,False
1713888000000,1713902400000,66419.56000000,66905.99000000,66350.91000000,66484.43000000,2615.80021000,240,240,False
1713902400000,1713916800000,66484.43000000,66484.96000000,65980.00000000,66414.00000000,2234.70195000,240,240,False
1713916800000,1713931200000,66414.00000000,66900.00000000,66390.00000000,66608.14000000,3046.35629000,240,240,False
1713931200000,1713945600000,66608.14000000,67070.43000000,66552.37000000,66630.90000000,3233.87893000,240,240,False
1713945600000,1713960000000,66630.89000000,66743.01000000,66203.05000000,66571.52000000,3109.38742000,240,240,False
1713960000000,1713974400000,66571.52000000,66737.00000000,64519.03000000,64610.11000000,11318.18882000,240,240,False
1713974400000,1713988800000,64610.10000000,65156.95000000,63736.70000000,63976.06000000,7661.71570000,240,240,False
1713988800000,1714003200000,63976.05000000,64447.91000000,63606.06000000,64289.59000000,5226.16921000,240,240,False
1714003200000,1714017600000,64289.58000000,64741.47000000,63860.00000000,64282.01000000,3701.42089000,240,240,False
1714017600000,1714032000000,64282.02000000,64397.78000000,63824.07000000,64017.99000000,2632.77055000,240,240,False
1714032000000,1714046400000,64017.99000000,64192.00000000,63337.25000000,63861.23000000,5784.37183000,240,240,False
1714046400000,1714060800000,63861.24000000,64302.99000000,62794.00000000,64135.94000000,9541.23587000,240,240,False
1714060800000,1714075200000,64135.93000000,64975.00000000,63971.48000000,64747.11000000,5893.40227000,240,240,False
1714075200000,1714089600000,64747.12000000,65297.94000000,64447.75000000,64498.34000000,3788.26197000,240,240,False
1714089600000,1714104000000,64498.33000000,64662.53000000,63890.82000000,64381.24000000,4501.10389000,240,240,False
1714104000000,1714118400000,64381.25000000,64610.82000000,64000.02000000,64276.95000000,3820.59365000,240,240,False
1714118400000,1714132800000,64276.94000000,64581.52000000,64059.80000000,64244.02000000,3562.57552000,240,240,False
1714132800000,1714147200000,64244.03000000,64820.01000000,63297.48000000,63503.22000000,9690.76928000,240,240,False
1714147200000,1714161600000,63503.22000000,64162.50000000,63318.75000000,63742.05000000,3712.95105000,240,240,False
1714161600000,1714176000000,63742.07000000,64107.32000000,63689.22000000,63770.01000000,1797.20007000,240,240,False
1714176000000,1714190400000,63770.00000000,63923.41000000,62391.24000000,63082.01000000,6657.76903000,240,240,False
1714190400000,1714204800000,63082.00000000,63175.00000000,62808.00000000,62966.83000000,2242.40457000,240,240,False
1714204800000,1714219200000,62966.84000000,63060.00000000,62673.37000000,62862.14000000,2079.69094000,240,240,False
1714219200000,1714233600000,62862.13000000,63408.53000000,62810.29000000,62951.75000000,3503.85622000,240,240,False
1714233600000,1714248000000,62951.75000000,63650.00000000,62750.00000000,63352.11000000,4913.85251000,240,240,False
1714248000000,1714262400000,63352.11000000,63555.56000000,63157.98000000,63461.98000000,1535.48725000,240,240,False
1714262400000,1714276800000,63461.98000000,64370.00000000,63456.86000000,64021.62000000,3385.63662000,240,240,False
1714276800000,1714291200000,64021.62000000,64060.00000000,63800.00000000,63915.50000000,2305.67426000,240,240,False
1714291200000,1714305600000,63915.50000000,63979.27000000,63345.55000000,63484.01000000,2754.13016000,240,240,False
1714305600000,1714320000000,63484.00000000,63869.09000000,63415.60000000,63540.00000000,2421.65968000,240,240,False
1714320000000,1714334400000,63540.00000000,63976.00000000,63483.18000000,63730.49000000,1787.98929000,240,240,False
1714334400000,1714348800000,63730.49000000,63745.91000000,62781.00000000,63118.62000000,4294.11004000,240,240,False
1714348800000,1714363200000,63118.62000000,63367.05000000,62150.52000000,62279.67000000,4182.37182000,240,240,False
1714363200000,1714377600000,62279.68000000,62639.40000000,61923.13000000,62399.98000000,4977.90568000,240,240,False
1714377600000,1714392000000,62399.98000000,62673.18000000,62179.99000000,62256.00000000,3033.90933000,240,240,False
1714392000000,1714406400000,62256.00000000,63112.29000000,61765.53000000,63039.07000000,8212.51545000,240,240,False
1714406400000,1714420800000,63039.07000000,63221.74000000,62546.37000000,62987.37000000,3504.07719000,240,240,False
1714420800000,1714435200000,62987.37000000,64228.35000000,62820.00000000,63866.00000000,4239.45000000,240,240,False
1714435200000,1714449600000,63866.00000000,64734.00000000,62995.70000000,63647.99000000,6641.99134000,240,240,False
1714449600000,1714464000000,63647.99000000,63708.70000000,63069.68000000,63148.74000000,3035.08013000,240,240,False
1714464000000,1714478400000,63148.74000000,63244.00000000,61000.00000000,61204.42000000,14068.13369000,240,240,False
1714478400000,1714492800000,61204.41000000,61559.36000000,60546.22000000,60796.85000000,10504.86521000,240,240,False
1714492800000,1714507200000,60796.86000000,60947.55000000,59191.60000000,59292.95000000,13263.13146000,240,240,False
1714507200000,1714521600000,59292.95000000,61070.71000000,59274.75000000,60672.00000000,7434.45352000,240,240,False
1714521600000,1714536000000,60672.01000000,60841.63000000,59590.00000000,60246.03000000,6530.47723000,240,240,False
1714536000000,1714550400000,60246.02000000,60361.09000000,57100.00000000,57499.99000000,15737.62045000,240,240,False
1714550400000,1714564800000,57500.00000000,57909.00000000,56552.82000000,57898.47000000,18606.56140000,240,240,False
1714564800000,1714579200000,57898.46000000,58275.87000000,56674.51000000,56886.00000000,11686.74779000,240,240,False
1714579200000,1714593600000,56886.00000000,59468.00000000,56625.09000000,56954.47000000,20507.82488000,240,240,False
1714593600000,1714608000000,56954.46000000,58575.32000000,56760.02000000,58364.97000000,8097.23648000,240,240,False
1714608000000,1714622400000,58364.97000000,58610.55000000,56911.84000000,57442.88000000,11212.01702000,240,240,False
1714622400000,1714636800000,57442.88000000,57945.19000000,57202.49000000,57681.08000000,4030.55930000,240,240,False
1714636800000,1714651200000,57681.08000000,58689.55000000,57561.14000000,58559.66000000,7270.28163000,240,240,False
1714651200000,1714665600000,58559.66000000,59455.00000000,58222.00000000,59264.15000000,15027.94977000,240,240,False
1714665600000,1714680000000,59264.16000000,59575.29000000,58943.38000000,59351.11000000,5176.24271000,240,240,False
1714680000000,1714694400000,59351.10000000,59625.00000000,58637.62000000,59060.61000000,4866.76918000,240,240,False
1714694400000,1714708800000,59060.60000000,59999.00000000,58811.32000000,59720.30000000,5109.40917000,240,240,False
1714708800000,1714723200000,59720.30000000,59844.94000000,59061.63000000,59190.74000000,3909.03360000,240,240,False
1714723200000,1714737600000,59190.74000000,59575.48000000,58849.94000000,59291.09000000,3640.85276000,240,240,False
1714737600000,1714752000000,59291.10000000,62115.64000000,58991.99000000,61690.74000000,19191.72512000,240,240,False
1714752000000,1714766400000,61690.74000000,62179.99000000,61533.20000000,62067.32000000,4594.31487000,240,240,False
1714766400000,1714780800000,62067.32000000,63333.00000000,61974.00000000,62882.01000000,7183.06591000,240,240,False
1714780800000,1714795200000,62882.01000000,63595.14000000,62541.03000000,62724.00000000,4743.46495000,240,240,False
1714795200000,1714809600000,62724.00000000,63450.00000000,62686.00000000,62959.03000000,3268.58824000,240,240,False
1714809600000,1714824000000,62959.03000000,64540.00000000,62924.37000000,63873.31000000,6546.74516000,240,240,False
1714824000000,1714838400000,63873.30000000,64158.19000000,63434.53000000,63609.17000000,3811.93368000,240,240,False
1714838400000,1714852800000,63609.17000000,64019.83000000,63300.58000000,63921.18000000,3617.97274000,240,240,False
1714852800000,1714867200000,63921.17000000,64240.76000000,63550.00000000,63892.04000000,2379.98805000,240,240,False
1714867200000,1714881600000,63892.03000000,64188.00000000,62822.17000000,63235.93000000,4023.81118000,240,240,False
1714881600000,1714896000000,63235.93000000,63959.00000000,63119.32000000,63736.87000000,1984.95667000,240,240,False
1714896000000,1714910400000,63736.86000000,63937.17000000,63539.53000000,63859.63000000,2431.33573000,240,240,False
1714910400000,1714924800000,63859.63000000,64646.00000000,63618.91000000,64428.65000000,5405.83792000,240,240,False
1714924800000,1714939200000,64428.64000000,64554.68000000,63811.01000000,63879.94000000,2871.91182000,240,240,False
1714939200000,1714953600000,63879.94000000,64227.51000000,63582.08000000,64012.00000000,1808.89697000,240,240,False
1714953600000,1714968000000,64012.00000000,64465.00000000,63708.58000000,63866.59000000,3162.30361000,240,240,False
1714968000000,1714982400000,63866.59000000,64588.00000000,63768.72000000,64540.75000000,4129.26675000,240,240,False
1714982400000,1714996800000,64540.75000000,65500.00000000,63815.38000000,64203.56000000,9354.00852000,240,240,False
1714996800000,1715011200000,64203.55000000,64319.86000000,62909.61000000,63632.01000000,10782.37421000,240,240,False
1715011200000,1715025600000,63632.01000000,63747.59000000,62700.00000000,63220.00000000,5039.95966000,240,240,False
1715025600000,1715040000000,63220.00000000,63611.85000000,63051.94000000,63165.19000000,2207.00674000,240,240,False
1715040000000,1715054400000,63165.18000000,63967.19000000,62832.60000000,63239.49000000,4005.85545000,240,240,False
1715054400000,1715068800000,63239.50000000,63853.12000000,63092.76000000,63669.69000000,2871.47278000,240,240,False
1715068800000,1715083200000,63669.69000000,64422.41000000,63358.00000000,63490.43000000,5001.25779000,240,240,False
1715083200000,1715097600000,63490.43000000,64320.00000000,63050.77000000,63740.48000000,5420.86559000,240,240,False
1715097600000,1715112000000,63740.48000000,63895.46000000,62789.89000000,63060.01000000,3582.30191000,240,240,False
1715112000000,1715126400000,63060.00000000,63197.58000000,62261.00000000,62312.08000000,4717.04120000,240,240,False
1715126400000,1715140800000,62312.07000000,62973.18000000,62111.00000000,62893.99000000,3337.82292000,240,240,False
1715140800000,1715155200000,62894.00000000,63020.22000000,62020.09000000,62208.00000000,3859.89848000,240,240,False
1715155200000,1715169600000,62208.00000000,62519.70000000,62042.00000000,62243.40000000,3513.45720000,240,240,False
1715169600000,1715184000000,62243.40000000,62828.00000000,61761.00000000,62273.08000000,6158.24711000,240,240,False
1715184000000,1715198400000,62273.07000000,62760.00000000,61949.42000000,62179.45000000,3301.14049000,240,240,False
1715198400000,1715212800000,62179.45000000,62248.84000000,60888.00000000,61193.03000000,5950.62384000,240,240,False
1715212800000,1715227200000,61193.03000000,61806.98000000,61144.33000000,61680.40000000,2721.61729000,240,240,False
1715227200000,1715241600000,61680.40000000,61780.60000000,61129.00000000,61253.16000000,2905.35223000,240,240,False
1715241600000,1715256000000,61253.16000000,61447.06000000,60630.00000000,61053.99000000,5362.37094000,240,240,False
1715256000000,1715270400000,61053.99000000,62285.00000000,60882.19000000,62159.06000000,8288.33478000,240,240,False
1715270400000,1715284800000,62159.06000000,62668.67000000,61750.00000000,62454.92000000,6281.25123000,240,240,False
1715284800000,1715299200000,62454.92000000,63429.03000000,62346.36000000,63074.01000000,5101.87963000,240,240,False
1715299200000,1715313600000,63074.00000000,63094.01000000,62662.07000000,62916.16000000,2735.78507000,240,240,False
1715313600000,1715328000000,62916.16000000,63380.00000000,62660.42000000,63078.02000000,4829.47839000,240,240,False
1715328000000,1715342400000,63078.01000000,63320.00000000,62800.00000000,63299.63000000,3172.49980000,240,240,False
1715342400000,1715356800000,63299.63000000,63469.13000000,60690.00000000,60928.02000000,13444.88923000,240,240,False
1715356800000,1715371200000,60928.02000000,61294.82000000,60187.12000000,60716.97000000,9448.65481000,240,240,False
1715371200000,1715385600000,60716.96000000,61003.00000000,60456.91000000,60799.99000000,2898.03295000,240,240,False
1715385600000,1715400000000,60799.99000000,61096.27000000,60650.00000000,60731.90000000,2363.19506000,240,240,False
1715400000000,1715414400000,60731.89000000,61080.00000000,60712.00000000,61018.52000000,1958.49596000,240,240,False
1715414400000,1715428800000,61018.53000000,61058.75000000,60487.09000000,60684.01000000,2622.23696000,240,240,False
1715428800000,1715443200000,60684.00000000,61515.00000000,60643.94000000,61174.18000000,2983.17984000,240,240,False
1715443200000,1715457600000,61174.18000000,61410.09000000,61016.00000000,61144.00000000,1958.45382000,240,240,False
1715457600000,1715472000000,61144.01000000,61154.21000000,60743.51000000,60825.99000000,1489.00772000,240,240,False
1715472000000,1715486400000,60825.99000000,61104.05000000,60804.00000000,60930.00000000,1266.79428000,240,240,False
1715486400000,1715500800000,60930.01000000,61120.00000000,60610.00000000,60820.00000000,1414.28916000,240,240,False
1715500800000,1715515200000,60819.99000000,61366.59000000,60790.94000000,61146.00000000,2340.63752000,240,240,False
1715515200000,1715529600000,61145.99000000,61587.12000000,61090.00000000,61419.00000000,2048.43475000,240,240,False
1715529600000,1715544000000,61419.01000000,61888.00000000,61109.67000000,61406.10000000,3820.38147000,240,240,False
1715544000000,1715558400000,61406.11000000,61551.43000000,60910.58000000,61483.99000000,1862.59518000,240,240,False
1715558400000,1715572800000,61484.00000000,61812.00000000,60749.21000000,61170.00000000,5351.68295000,240,240,False
1715572800000,1715587200000,61170.00000000,62450.00000000,60797.79000000,62334.37000000,4765.16809000,240,240,False
1715587200000,1715601600000,62334.36000000,63295.48000000,62334.36000000,62738.00000000,9213.32472000,240,240,False
1715601600000,1715616000000,62737.99000000,63200.00000000,62399.35000000,63002.00000000,5842.90422000,240,240,False
1715616000000,1715630400000,63002.00000000,63450.00000000,62566.36000000,63172.69000000,5512.43015000,240,240,False
1715630400000,1715644800000,63172.70000000,63193.59000000,62715.57000000,62940.08000000,2047.90826000,240,240,False
1715644800000,1715659200000,62940.09000000,63118.36000000,62403.22000000,62488.46000000,4185.92634000,240,240,False
1715659200000,1715673600000,62488.46000000,62780.73000000,61404.34000000,62035.39000000,6129.65977000,240,240,False
1715673600000,1715688000000,62035.39000000,62045.80000000,61520.89000000,61798.57000000,2978.35656000,240,240,False
1715688000000,1715702400000,61798.57000000,62300.00000000,61142.77000000,61787.61000000,9371.49007000,240,240,False
1715702400000,1715716800000,61787.60000000,61816.34000000,61159.34000000,61596.52000000,4672.60874000,240,240,False
1715716800000,1715731200000,61596.51000000,61789.99000000,61472.41000000,61577.49000000,1750.67893000,240,240,False
1715731200000,1715745600000,61577.49000000,62033.48000000,61319.47000000,61949.99000000,2150.95758000,240,240,False
1715745600000,1715760000000,61949.99000000,62280.01000000,61818.18000000,62195.04000000,2500.52920000,240,240,False
1715760000000,1715774400000,62195.04000000,62999.44000000,61923.20000000,62467.18000000,5841.97337000,240,240,False
1715774400000,1715788800000,62467.18000000,65057.26000000,62402.03000000,64725.11000000,18482.64633000,240,240,False
1715788800000,1715803200000,64725.12000000,66419.15000000,64720.00000000,66006.23000000,9790.73766000,240,240,False
1715803200000,1715817600000,66006.23000000,66444.16000000,65738.00000000,66206.50000000,4792.90305000,240,240,False
1715817600000,1715832000000,66206.51000000,66666.00000000,65746.42000000,65975.39000000,4545.03782000,240,240,False
1715832000000,1715846400000,65975.39000000,66278.04000000,65652.92000000,66142.62000000,3539.90640000,240,240,False
1715846400000,1715860800000,66142.62000000,66585.70000000,66000.00000000,66503.80000000,3707.82709000,240,240,False
1715860800000,1715875200000,66503.81000000,66752.01000000,65361.51000000,65818.88000000,8417.05624000,240,240,False
1715875200000,1715889600000,65818.89000000,65827.47000000,64602.77000000,65186.85000000,8466.84763000,240,240,False
1715889600000,1715904000000,65186.84000000,65500.00000000,65050.00000000,65235.21000000,2429.69192000,240,240,False
1715904000000,1715918400000,65235.21000000,65901.46000000,65106.38000000,65584.53000000,3015.02361000,240,240,False
1715918400000,1715932800000,65584.53000000,66500.00000000,65367.51000000,66386.94000000,4966.49056000,240,240,False
1715932800000,1715947200000,66386.93000000,66564.23000000,66068.79000000,66218.00000000,3554.56752000,240,240,False
1715947200000,1715961600000,66217.99000000,67451.20000000,65828.03000000,67195.10000000,7892.28774000,240,240,False
1715961600000,1715976000000,67195.09000000,67300.00000000,66214.67000000,67047.99000000,5023.34456000,240,240,False
1715976000000,1715990400000,67047.99000000,67089.72000000,66669.72000000,67024.00000000,1840.52010000,240,240,False
1715990400000,1716004800000,67024.00000000,67095.88000000,66725.53000000,66945.05000000,2481.39650000,240,240,False
1716004800000,1716019200000,66945.06000000,67240.69000000,66730.00000000,66887.00000000,2081.50495000,240,240,False
1716019200000,1716033600000,66887.01000000,67400.01000000,66840.00000000,67190.82000000,3570.27427000,240,240,False
1716033600000,1716048000000,67190.81000000,67227.97000000,66600.00000000,66823.63000000,3512.39354000,240,240,False
1716048000000,1716062400000,66823.63000000,66992.53000000,66722.00000000,66912.62000000,1415.23897000,240,240,False
1716062400000,1716076800000,66912.62000000,67039.92000000,66810.00000000,66915.20000000,1380.44951000,240,240,False
1716076800000,1716091200000,66915.20000000,67294.35000000,66837.39000000,67170.21000000,1968.76906000,240,240,False
1716091200000,1716105600000,67170.20000000,67329.45000000,66930.40000000,67324.44000000,1770.85016000,240,240,False
1716105600000,1716120000000,67324.44000000,67700.00000000,66950.00000000,67330.00000000,4156.52900000,240,240,False
1716120000000,1716134400000,67330.01000000,67330.01000000,66677.00000000,66889.88000000,3575.96349000,240,240,False
1716134400000,1716148800000,66889.88000000,66990.00000000,65857.25000000,66034.01000000,4551.01267000,240,240,False
1716148800000,1716163200000,66034.01000000,66463.00000000,66000.00000000,66274.01000000,2002.17971000,240,240,False
1716163200000,1716177600000,66274.00000000,66768.87000000,66060.31000000,66675.22000000,2810.74639000,240,240,False
1716177600000,1716192000000,66675.21000000,67295.99000000,66279.64000000,66825.14000000,4518.75286000,240,240,False
1716192000000,1716206400000,66825.15000000,67349.00000000,66750.00000000,66994.20000000,3926.45606000,240,240,False
1716206400000,1716220800000,66994.20000000,67487.00000000,66753.42000000,67419.99000000,5810.80340000,240,240,False
1716220800000,1716235200000,67420.00000000,70000.00000000,67374.42000000,69999.99000000,16377.91082000,240,240,False
1716235200000,1716249600000,70000.00000000,71515.56000000,68905.67000000,71446.62000000,17372.03157000,240,240,False
1716249600000,1716264000000,71446.62000000,71979.00000000,70706.00000000,71284.00000000,13088.39015000,240,240,False
1716264000000,1716278400000,71283.99000000,71394.20000000,70826.92000000,70878.29000000,6601.84071000,240,240,False
1716278400000,1716292800000,70878.30000000,71474.92000000,70839.63000000,71130.00000000,7293.08407000,240,240,False
1716292800000,1716307200000,71130.00000000,71455.09000000,69685.01000000,69826.99000000,11191.26336000,240,240,False
1716307200000,1716321600000,69827.00000000,70263.03000000,69162.94000000,69285.99000000,7682.81292000,240,240,False
1716321600000,1716336000000,69285.99000000,70377.77000000,69240.57000000,70148.34000000,3750.04239000,240,240,False
1716336000000,1716350400000,70148.34000000,70368.60000000,69822.76000000,69955.72000000,3712.34798000,240,240,False
1716350400000,1716364800000,69955.72000000,70059.89000000,69165.00000000,69715.00000000,3561.58064000,240,240,False
1716364800000,1716379200000,69715.00000000,70275.14000000,69636.01000000,69736.13000000,3338.95553000,240,240,False
1716379200000,1716393600000,69736.14000000,70591.00000000,69435.30000000,70455.90000000,6115.43217000,240,240,False
1716393600000,1716408000000,70455.89000000,70666.00000000,69228.64000000,69637.47000000,6273.89945000,240,240,False
1716408000000,1716422400000,69637.48000000,69976.00000000,68842.19000000,69166.62000000,4670.96449000,240,240,False
1716422400000,1716436800000,69166.62000000,69626.87000000,69166.61000000,69446.14000000,2519.07727000,240,240,False
1716436800000,1716451200000,69446.14000000,69862.44000000,69347.17000000,69734.04000000,2641.29925000,240,240,False
1716451200000,1716465600000,69734.05000000,70061.00000000,69520.02000000,69982.72000000,3721.08269000,240,240,False
1716465600000,1716480000000,69982.72000000,70096.12000000,67610.95000000,68076.00000000,12779.86105000,240,240,False
1716480000000,1716494400000,68075.99000000,68167.97000000,66764.70000000,67199.98000000,6871.21510000,240,240,False
1716494400000,1716508800000,67199.98000000,68365.81000000,66312.16000000,67969.65000000,11980.63838000,240,240,False
1716508800000,1716523200000,67969.66000000,68017.56000000,67628.01000000,67891.83000000,3527.41135000,240,240,False
1716523200000,1716537600000,67891.83000000,67922.79000000,66816.21000000,67155.93000000,5910.48089000,240,240,False
1716537600000,1716552000000,67155.93000000,67523.78000000,66600.12000000,67349.99000000,3483.32864000,240,240,False
1716552000000,1716566400000,67350.00000000,68420.00000000,66921.97000000,68326.46000000,7204.20269000,240,240,False
1716566400000,1716580800000,68326.46000000,69250.00000000,67924.39000000,69115.98000000,6124.27945000,240,240,False
1716580800000,1716595200000,69115.98000000,69214.00000000,68524.94000000,68549.99000000,1846.13362000,240,240,False
1716595200000,1716609600000,68549.99000000,68910.00000000,68500.00000000,68757.85000000,1641.62583000,240,240,False
1716609600000,1716624000000,68757.84000000,68831.88000000,68615.56000000,68753.92000000,1418.86107000,240,240,False
1716624000000,1716638400000,68753.93000000,69610.00000000,68749.20000000,69104.67000000,3074.05389000,240,240,False
1716638400000,1716652800000,69104.68000000,69299.99000000,68847.65000000,68930.40000000,3361.68130000,240,240,False
1716652800000,1716667200000,68930.39000000,69266.66000000,68849.50000000,69155.32000000,1460.29445000,240,240,False
1716667200000,1716681600000,69155.32000000,69356.60000000,69050.01000000,69290.57000000,1173.87764000,240,240,False
1716681600000,1716696000000,69290.56000000,69319.31000000,68808.37000000,69073.62000000,1604.16160000,240,240,False
1716696000000,1716710400000,69073.62000000,69435.36000000,68928.22000000,69340.15000000,1384.96206000,240,240,False
1716710400000,1716724800000,69340.16000000,69562.23000000,68974.55000000,69134.91000000,2431.33857000,240,240,False
1716724800000,1716739200000,69134.91000000,69399.00000000,68668.60000000,68847.99000000,2691.07965000,240,240,False
1716739200000,1716753600000,68847.98000000,68973.15000000,68692.11000000,68903.54000000,1856.42507000,240,240,False
1716753600000,1716768000000,68903.53000000,68911.56000000,68128.01000000,68507.67000000,1904.15102000,240,240,False
1716768000000,1716782400000,68507.67000000,69298.00000000,68481.31000000,68873.43000000,3075.08732000,240,240,False
1716782400000,1716796800000,68873.43000000,68901.74000000,68321.95000000,68643.36000000,2593.08429000,240,240,False
1716796800000,1716811200000,68643.36000000,68944.20000000,68250.00000000,68434.26000000,2936.86739000,240,240,False
1716811200000,1716825600000,68434.26000000,70520.30000000,68384.00000000,70373.85000000,7055.83517000,240,240,False
1716825600000,1716840000000,70373.86000000,70687.56000000,69069.00000000,69260.01000000,5008.76350000,240,240,False
1716840000000,1716854400000,69260.02000000,69887.90000000,69177.01000000,69436.43000000,2467.28970000,240,240,False
1716854400000,1716868800000,69436.43000000,69591.81000000,67753.00000000,68050.30000000,6835.12436000,240,240,False
1716868800000,1716883200000,68050.30000000,68134.00000000,67486.65000000,67694.00000000,4924.25467000,240,240,False
1716883200000,1716897600000,67694.01000000,68902.71000000,67582.13000000,68389.87000000,5753.28941000,240,240,False
1716897600000,1716912000000,68389.87000000,68559.99000000,67529.62000000,68374.08000000,7315.83520000,240,240,False
1716912000000,1716926400000,68374.08000000,68598.33000000,67277.91000000,68424.29000000,5785.87242000,240,240,False
1716926400000,1716940800000,68424.28000000,68661.28000000,68124.04000000,68398.39000000,2008.59436000,240,240,False
1716940800000,1716955200000,68398.40000000,68923.00000000,68266.04000000,68829.42000000,2939.72633000,240,240,False
1716955200000,1716969600000,68829.41000000,68935.68000000,67936.35000000,67946.90000000,3436.49850000,240,240,False
1716969600000,1716984000000,67946.89000000,68033.33000000,67602.34000000,67763.59000000,3936.67261000,240,240,False
1716984000000,1716998400000,67763.59000000,68280.00000000,67262.34000000,67379.13000000,7094.29394000,240,240,False
1716998400000,1717012800000,67379.13000000,67742.00000000,67124.65000000,67266.78000000,3771.18556000,240,240,False
1717012800000,1717027200000,67266.78000000,67826.09000000,67151.35000000,67652.42000000,1981.45455000,240,240,False
1717027200000,1717041600000,67652.41000000,68199.97000000,67471.67000000,68118.20000000,2683.70027000,240,240,False
1717041600000,1717056000000,68118.20000000,68422.89000000,67508.42000000,67584.56000000,4433.93438000,240,240,False
1717056000000,1717070400000,67584.57000000,68100.00000000,67128.00000000,67817.01000000,4585.85360000,240,240,False
1717070400000,1717084800000,67817.01000000,68826.31000000,67755.00000000,68530.76000000,7062.79888000,240,240,False
1717084800000,1717099200000,68530.77000000,69500.00000000,68384.00000000,68653.02000000,7037.66907000,240,240,False
1717099200000,1717113600000,68653.02000000,68657.41000000,68050.01000000,68352.17000000,2674.26220000,240,240,False
1717113600000,1717128000000,68352.17000000,68729.73000000,68274.00000000,68535.81000000,2131.97288000,240,240,False
1717128000000,1717142400000,68535.81000000,68654.33000000,68075.99000000,68174.99000000,2754.48155000,240,240,False
1717142400000,1717156800000,68175.00000000,68461.00000000,67876.00000000,68349.73000000,3296.46239000,240,240,False
1717156800000,1717171200000,68349.73000000,69044.10000000,67200.00000000,67215.58000000,9839.14106000,240,240,False
1717171200000,1717185600000,67215.58000000,67999.00000000,66670.00000000,67681.00000000,6363.51811000,240,240,False
1717185600000,1717200000000,67681.00000000,67798.00000000,67239.19000000,67540.01000000,2304.74585000,240,240,False
1717200000000,1717214400000,67540.01000000,67757.14000000,67428.44000000,67715.31000000,1777.35139000,240,240,False
1717214400000,1717228800000,67715.31000000,67810.00000000,67575.23000000,67632.08000000,1250.73388000,240,240,False
1717228800000,1717243200000,67632.07000000,67760.00000000,67611.61000000,67660.57000000,1293.15334000,240,240,False
1717243200000,1717257600000,67660.57000000,67872.50000000,67640.00000000,67691.28000000,1527.99394000,240,240,False
1717257600000,1717272000000,67691.28000000,67900.00000000,67556.72000000,67753.76000000,1933.67458000,240,240,False
1717272000000,1717286400000,67753.76000000,67885.00000000,67700.00000000,67766.85000000,1054.75420000,240,240,False
1717286400000,1717300800000,67766.84000000,67910.55000000,67643.33000000,67789.47000000,1287.23170000,240,240,False
1717300800000,1717315200000,67789.48000000,67867.60000000,67720.41000000,67721.00000000,1056.53192000,240,240,False
1717315200000,1717329600000,67721.01000000,68320.08000000,67367.20000000,68251.52000000,2959.02252000,240,240,False
1717329600000,1717344000000,68251.53000000,68460.00000000,67800.00000000,68142.17000000,4215.16637000,240,240,False
1717344000000,1717358400000,68142.18000000,68200.00000000,67257.47000000,67736.95000000,4668.17947000,240,240,False
1717358400000,1717372800000,67736.95000000,67984.01000000,67577.65000000,67765.63000000,1240.19331000,240,240,False
1717372800000,1717387200000,67765.62000000,68793.97000000,67612.48000000,68382.81000000,3808.91033000,240,240,False
1717387200000,1717401600000,68382.80000000,69221.00000000,68285.29000000,68906.70000000,5525.34568000,240,240,False
1717401600000,1717416000000,68906.70000000,69333.00000000,68824.00000000,69080.00000000,3826.91777000,240,240,False
1717416000000,1717430400000,69080.00000000,70288.00000000,68500.00000000,69615.28000000,10231.02887000,240,240,False
1717430400000,1717444800000,69615.27000000,69715.61000000,68800.00000000,69204.00000000,3716.39069000,240,240,False
1717444800000,1717459200000,69204.00000000,69509.38000000,68730.51000000,68809.90000000,2524.78066000,240,240,False
1717459200000,1717473600000,68809.89000000,69370.01000000,68629.90000000,69170.22000000,2195.99092000,240,240,False
1717473600000,1717488000000,69170.22000000,69268.27000000,68745.68000000,69013.63000000,2550.75405000,240,240,False
1717488000000,1717502400000,69013.62000000,69191.99000000,68567.32000000,68955.85000000,3143.28299000,240,240,False
1717502400000,1717516800000,68955.84000000,70480.00000000,68843.73000000,70445.00000000,10001.68378000,240,240,False
1717516800000,1717531200000,70445.00000000,71063.45000000,70092.50000000,70423.60000000,9252.35453000,240,240,False
1717531200000,1717545600000,70423.61000000,70736.00000000,70168.67000000,70537.84000000,2475.71862000,240,240,False
1717545600000,1717560000000,70537.83000000,71275.00000000,70423.51000000,70947.58000000,4747.42504000,240,240,False
1717560000000,1717574400000,70947.58000000,71379.21000000,70826.15000000,71200.00000000,4692.49958000,240,240,False
1717574400000,1717588800000,71199.99000000,71243.60000000,70694.61000000,70971.71000000,3455.32686000,240,240,False
1717588800000,1717603200000,70971.70000000,71731.35000000,70383.66000000,71580.00000000,7724.60004000,240,240,False
1717603200000,1717617600000,71580.01000000,71758.00000000,70871.20000000,71279.95000000,5604.75987000,240,240,False
1717617600000,1717632000000,71279.95000000,71357.68000000,70700.00000000,71108.00000000,2478.56943000,240,240,False
1717632000000,1717646400000,71108.00000000,71237.02000000,70900.00000000,71050.00000000,1838.31631000,240,240,False
1717646400000,1717660800000,71050.00000000,71106.46000000,70800.00000000,71021.47000000,2441.77446000,240,240,False
1717660800000,1717675200000,71021.46000000,71204.59000000,70862.50000000,71170.01000000,2311.02713000,240,240,False
1717675200000,1717689600000,71170.01000000,71700.00000000,71000.00000000,71300.00000000,6417.45132000,240,240,False
1717689600000,1717704000000,71300.00000000,71379.93000000,70450.00000000,70479.49000000,5514.55376000,240,240,False
1717704000000,1717718400000,70479.49000000,70958.89000000,70117.64000000,70799.06000000,3318.88151000,240,240,False
1717718400000,1717732800000,70799.06000000,71015.20000000,70663.59000000,70989.68000000,1822.51982000,240,240,False
1717732800000,1717747200000,70989.69000000,71449.98000000,70989.68000000,71110.00000000,4173.52745000,240,240,False
1717747200000,1717761600000,71110.01000000,71700.00000000,71048.12000000,71699.99000000,3176.10664000,240,240,False
1717761600000,1717776000000,71700.00000000,71997.02000000,70633.21000000,71111.54000000,9856.47926000,240,240,False
1717776000000,1717790400000,71111.55000000,71208.89000000,68420.00000000,69255.00000000,13917.20632000,240,240,False
1717790400000,1717804800000,69255.01000000,69585.96000000,68978.52000000,69355.60000000,2652.61096000,240,240,False
1717804800000,1717819200000,69355.60000000,69525.00000000,69287.28000000,69432.00000000,1791.64307000,240,240,False
1717819200000,1717833600000,69432.00000000,69582.20000000,69232.15000000,69582.20000000,1721.33097000,240,240,False
1717833600000,1717848000000,69582.20000000,69582.20000000,69318.19000000,69365.93000000,1625.99373000,240,240,False
1717848000000,1717862400000,69365.94000000,69491.36000000,69168.02000000,69430.01000000,2118.57239000,240,240,False
1717862400000,1717876800000,69430.01000000,69490.00000000,69292.22000000,69460.01000000,1578.06404000,240,240,False
1717876800000,1717891200000,69460.00000000,69475.18000000,69290.28000000,69310.46000000,938.22547000,240,240,False
1717891200000,1717905600000,69310.46000000,69346.90000000,69130.24000000,69259.38000000,1184.61971000,240,240,False
1717905600000,1717920000000,69259.38000000,69425.70000000,69234.73000000,69295.64000000,1031.53735000,240,240,False
1717920000000,1717934400000,69295.64000000,69397.19000000,69283.45000000,69367.69000000,869.09305000,240,240,False
1717934400000,1717948800000,69367.68000000,69777.00000000,69250.01000000,69508.64000000,3778.30362000,240,240,False
1717948800000,1717963200000,69508.64000000,69857.14000000,69500.00000000,69710.26000000,1982.06406000,240,240,False
1717963200000,1717977600000,69710.26000000,69821.53000000,69590.33000000,69648.14000000,1044.94930000,240,240,False
1717977600000,1717992000000,69648.15000000,69801.34000000,69426.00000000,69613.20000000,1986.09511000,240,240,False
1717992000000,1718006400000,69613.20000000,69677.50000000,69249.99000000,69303.99000000,2111.86040000,240,240,False
1718006400000,1718020800000,69304.00000000,69550.00000000,69172.29000000,69473.89000000,2217.29737000,240,240,False
1718020800000,1718035200000,69473.89000000,70195.94000000,69201.59000000,70066.12000000,4204.58568000,240,240,False
1718035200000,1718049600000,70066.12000000,70141.10000000,69386.81000000,69490.80000000,4296.16146000,240,240,False
1718049600000,1718064000000,69490.81000000,69700.51000000,69334.46000000,69540.00000000,2306.66939000,240,240,False
1718064000000,1718078400000,69540.00000000,69590.01000000,67900.00000000,68464.00000000,8068.66900000,240,240,False
1718078400000,1718092800000,68464.00000000,68464.00000000,67325.00000000,67570.18000000,7797.79833000,240,240,False
1718092800000,1718107200000,67570.18000000,67662.49000000,66732.00000000,66890.01000000,7282.49886000,240,240,False
1718107200000,1718121600000,66890.00000000,67278.88000000,66051.00000000,66244.48000000,9349.62363000,240,240,False
1718121600000,1718136000000,66244.48000000,67586.64000000,66161.26000000,67407.01000000,6551.15060000,240,240,False
1718136000000,1718150400000,67407.02000000,67588.22000000,67173.92000000,67314.24000000,2386.27546000,240,240,False
1718150400000,1718164800000,67314.23000000,67596.15000000,66905.00000000,67407.00000000,2922.25340000,240,240,False
1718164800000,1718179200000,67407.01000000,67624.89000000,67195.97000000,67453.63000000,2712.51803000,240,240,False
1718179200000,1718193600000,67453.64000000,68059.01000000,67353.02000000,67778.43000000,3358.72040000,240,240,False
1718193600000,1718208000000,67778.43000000,69999.00000000,67736.00000000,69734.00000000,12403.63584000,240,240,False
1718208000000,1718222400000,69734.00000000,69862.40000000,67250.00000000,67532.92000000,11888.02200000,240,240,False
1718222400000,1718236800000,67532.92000000,68667.44000000,67413.51000000,68263.99000000,3890.17389000,240,240,False
1718236800000,1718251200000,68263.98000000,68393.63000000,66969.98000000,67474.94000000,5168.64979000,240,240,False
1718251200000,1718265600000,67474.95000000,67729.41000000,67300.30000000,67724.81000000,2963.75859000,240,240,False
1718265600000,1718280000000,67724.80000000,67971.20000000,67168.00000000,67739.99000000,3762.21969000,240,240,False
1718280000000,1718294400000,67740.00000000,68449.30000000,66368.76000000,66470.01000000,10171.91317000,240,240,False
1718294400000,1718308800000,66470.01000000,67080.13000000,66251.78000000,66604.01000000,5091.83328000,240,240,False
1718308800000,1718323200000,66604.01000000,66980.00000000,66530.84000000,66773.01000000,1921.18119000,240,240,False
1718323200000,1718337600000,66773.01000000,67027.32000000,66480.00000000,66744.00000000,2704.93799000,240,240,False
1718337600000,1718352000000,66744.00000000,67221.32000000,66707.76000000,66904.98000000,2943.04425000,240,240,False
1718352000000,1718366400000,66904.98000000,67256.32000000,66746.40000000,67036.00000000,3383.93360000,240,240,False
1718366400000,1718380800000,67035.99000000,67370.24000000,66344.67000000,66392.00000000,5730.45832000,240,240,False
1718380800000,1718395200000,66392.00000000,66520.00000000,65078.00000000,65520.02000000,9683.77753000,240,240,False
1718395200000,1718409600000,65520.02000000,66627.52000000,65480.00000000,66043.99000000,3962.03628000,240,240,False
1718409600000,1718424000000,66043.99000000,66290.00000000,65967.50000000,66267.87000000,2008.24903000,240,240,False
1718424000000,1718438400000,66267.87000000,66416.66000000,66065.80000000,66076.99000000,2891.47187000,240,240,False
1718438400000,1718452800000,66076.99000000,66348.00000000,66076.98000000,66319.95000000,1493.77779000,240,240,False
1718452800000,1718467200000,66319.94000000,66478.48000000,66153.84000000,66316.02000000,2100.54737000,240,240,False
1718467200000,1718481600000,66316.02000000,66360.00000000,66071.47000000,66154.70000000,1431.64709000,240,240,False
1718481600000,1718496000000,66154.70000000,66287.76000000,65857.10000000,66228.25000000,1526.10927000,240,240,False
1718496000000,1718510400000,66228.25000000,66269.74000000,66076.55000000,66146.00000000,790.58916000,240,240,False
1718510400000,1718524800000,66145.99000000,66360.18000000,66034.50000000,66266.30000000,1179.96721000,240,240,False
1718524800000,1718539200000,66266.30000000,66770.00000000,66172.50000000,66492.83000000,2395.77885000,240,240,False
1718539200000,1718553600000,66492.83000000,66793.72000000,66480.00000000,66712.80000000,1854.32659000,240,240,False
1718553600000,1718568000000,66712.80000000,66744.71000000,66522.00000000,66562.52000000,1140.46531000,240,240,False
1718568000000,1718582400000,66562.52000000,66998.70000000,66460.00000000,66676.87000000,2031.39511000,240,240,False
1718582400000,1718596800000,66676.86000000,66913.69000000,66155.00000000,66222.00000000,3307.38167000,240,240,False
1718596800000,1718611200000,66222.00000000,66567.68000000,65939.67000000,66172.00000000,2843.05342000,240,240,False
1718611200000,1718625600000,66172.00000000,66317.64000000,65556.00000000,65817.20000000,4095.43003000,240,240,False
1718625600000,1718640000000,65817.20000000,65827.90000000,65130.00000000,65368.00000000,5353.73577000,240,240,False
1718640000000,1718654400000,65368.00000000,67298.81000000,65138.00000000,66691.99000000,8280.08295000,240,240,False
1718654400000,1718668800000,66691.99000000,66764.70000000,66164.01000000,66504.33000000,3506.48467000,240,240,False
1718668800000,1718683200000,66504.33000000,66588.23000000,64569.00000000,65500.00000000,11041.36558000,240,240,False
1718683200000,1718697600000,65500.00000000,65845.47000000,65344.24000000,65672.51000000,4340.32865000,240,240,False
1718697600000,1718712000000,65672.51000000,65750.01000000,65100.00000000,65366.00000000,3732.15562000,240,240,False
1718712000000,1718726400000,65366.00000000,65433.97000000,64261.12000000,64706.00000000,11395.51177000,240,240,False
1718726400000,1718740800000,64705.99000000,64904.91000000,64060.00000000,64412.19000000,6974.93160000,240,240,False
1718740800000,1718755200000,64412.18000000,65305.00000000,64178.10000000,65175.32000000,4865.80922000,240,240,False
1718755200000,1718769600000,65175.32000000,65603.91000000,64810.62000000,65404.00000000,5262.16662000,240,240,False
1718769600000,1718784000000,65404.00000000,65727.54000000,65158.05000000,65326.89000000,3599.20908000,240,240,False
1718784000000,1718798400000,65326.89000000,65544.00000000,65000.00000000,65210.00000000,3851.72512000,240,240,False
1718798400000,1718812800000,65210.00000000,65310.02000000,64756.28000000,64922.00000000,3230.69752000,240,240,False
1718812800000,1718827200000,64921.99000000,65284.37000000,64791.76000000,64882.01000000,2587.30051000,240,240,False
1718827200000,1718841600000,64882.02000000,65087.76000000,64666.00000000,64974.37000000,1529.69691000,240,240,False
1718841600000,1718856000000,64974.37000000,65407.40000000,64818.72000000,65189.99000000,2764.12678000,240,240,False
1718856000000,1718870400000,65190.00000000,65967.39000000,65070.91000000,65858.84000000,3218.48909000,240,240,False
1718870400000,1718884800000,65858.84000000,66482.94000000,65559.45000000,66169.85000000,3716.69714000,240,240,False
1718884800000,1718899200000,66169.86000000,66300.50000000,64658.06000000,64831.23000000,7331.76705000,240,240,False
1718899200000,1718913600000,64831.24000000,65217.21000000,64559.15000000,65050.00000000,5208.45123000,240,240,False
1718913600000,1718928000000,65049.99000000,65200.11000000,64848.70000000,64869.99000000,2025.75902000,240,240,False
1718928000000,1718942400000,64869.99000000,65066.66000000,64345.00000000,64506.14000000,3151.09938000,240,240,False
1718942400000,1718956800000,64506.15000000,64739.09000000,64190.76000000,64201.63000000,3017.09525000,240,240,False
1718956800000,1718971200000,64201.63000000,64372.15000000,63522.75000000,63770.00000000,6116.25686000,240,240,False
1718971200000,1718985600000,63770.01000000,64360.00000000,63379.35000000,63732.02000000,7918.52722000,240,240,False
1718985600000,1719000000000,63732.02000000,64264.95000000,63465.17000000,64232.01000000,4035.76865000,240,240,False
1719000000000,1719014400000,64232.01000000,64460.14000000,63828.09000000,64143.56000000,1754.81706000,240,240,False
1719014400000,1719028800000,64143.56000000,64342.54000000,63943.82000000,64327.45000000,1615.03389000,240,240,False
1719028800000,1719043200000,64327.46000000,64540.26000000,64253.07000000,64520.00000000,2121.70614000,240,240,False
1719043200000,1719057600000,64519.99000000,64546.81000000,64214.43000000,64265.26000000,1376.34835000,240,240,False
1719057600000,1719072000000,64265.27000000,64397.82000000,64246.52000000,64307.08000000,930.39133000,240,240,False
1719072000000,1719086400000,64307.09000000,64362.00000000,64218.50000000,64295.01000000,729.09750000,240,240,False
1719086400000,1719100800000,64295.01000000,64330.00000000,64246.01000000,64262.01000000,536.37821000,240,240,False
1719100800000,1719115200000,64262.01000000,64521.00000000,64262.00000000,64416.14000000,1222.91150000,240,240,False
1719115200000,1719129600000,64416.14000000,64433.03000000,64349.49000000,64415.27000000,526.41413000,240,240,False
1719129600000,1719144000000,64415.27000000,64437.28000000,64252.85000000,64341.45000000,945.73190000,240,240,False
1719144000000,1719158400000,64341.46000000,64429.10000000,64049.41000000,64094.00000000,1383.12991000,240,240,False
1719158400000,1719172800000,64094.01000000,64187.62000000,63918.58000000,64149.78000000,1430.37834000,240,240,False
1719172800000,1719187200000,64149.78000000,64159.00000000,63178.32000000,63210.01000000,2715.88869000,240,240,False
1719187200000,1719201600000,63210.01000000,63369.80000000,62695.02000000,62862.00000000,4626.61921000,240,240,False
1719201600000,1719216000000,62862.00000000,62952.00000000,62160.72000000,62456.00000000,5068.08372000,240,240,False
1719216000000,1719230400000,62456.00000000,62975.60000000,60567.01000000,61291.95000000,12136.79401000,240,240,False
1719230400000,1719244800000,61291.95000000,61700.00000000,60670.36000000,60843.99000000,5796.95477000,240,240,False
1719244800000,1719259200000,60843.99000000,61044.44000000,59058.00000000,59306.72000000,16409.89475000,240,240,False
1719259200000,1719273600000,59306.72000000,60442.71000000,58402.00000000,60293.30000000,8123.00768000,240,240,False
1719273600000,1719288000000,60293.30000000,61598.87000000,60257.06000000,61302.59000000,4817.65654000,240,240,False
1719288000000,1719302400000,61302.59000000,61420.00000000,60624.63000000,60685.16000000,4078.38689000,240,240,False
1719302400000,1719316800000,60685.16000000,61583.18000000,60668.01000000,61187.64000000,4679.07209000,240,240,False
1719316800000,1719331200000,61187.64000000,62134.00000000,60953.23000000,61810.00000000,8735.80046000,240,240,False
1719331200000,1719345600000,61810.00000000,62420.00000000,61135.37000000,61975.46000000,6527.99194000,240,240,False
1719345600000,1719360000000,61975.46000000,62162.49000000,61664.00000000,61806.01000000,2350.33569000,240,240,False
1719360000000,1719374400000,61806.01000000,62487.81000000,61643.48000000,61936.07000000,3538.82122000,240,240,False
1719374400000,1719388800000,61936.07000000,61990.00000000,61520.00000000,61720.02000000,3492.11682000,240,240,False
1719388800000,1719403200000,61720.02000000,61754.60000000,61149.64000000,61445.26000000,3493.40400000,240,240,False
1719403200000,1719417600000,61445.26000000,61980.00000000,61182.80000000,61467.86000000,4713.90642000,240,240,False
1719417600000,1719432000000,61467.85000000,61547.02000000,60715.30000000,61000.01000000,5015.68985000,240,240,False
1719432000000,1719446400000,61000.01000000,61155.66000000,60712.00000000,60864.99000000,2231.72632000,240,240,False
1719446400000,1719460800000,60864.98000000,61300.00000000,60764.73000000,61037.31000000,2391.00432000,240,240,False
1719460800000,1719475200000,61037.31000000,61192.00000000,60606.63000000,60794.01000000,2714.73648000,240,240,False
1719475200000,1719489600000,60794.01000000,61455.15000000,60736.62000000,61196.02000000,2628.05752000,240,240,False
1719489600000,1719504000000,61196.01000000,62389.22000000,61154.60000000,61576.00000000,6247.05892000,240,240,False
1719504000000,1719518400000,61576.00000000,62015.52000000,61411.70000000,61450.00000000,2557.37367000,240,240,False
1719518400000,1719532800000,61450.00000000,61719.92000000,61338.56000000,61706.47000000,1806.05540000,240,240,False
1719532800000,1719547200000,61706.46000000,62225.31000000,61472.37000000,61828.17000000,3950.34413000,240,240,False
1719547200000,1719561600000,61828.17000000,61834.41000000,61236.00000000,61350.01000000,2679.62058000,240,240,False
1719561600000,1719576000000,61350.01000000,61792.34000000,61212.11000000,61690.00000000,3397.52649000,240,240,False
1719576000000,1719590400000,61690.00000000,61875.00000000,60751.00000000,61062.01000000,7645.83227000,240,240,False
1719590400000,1719604800000,61062.00000000,61119.58000000,60079.41000000,60123.73000000,5131.47495000,240,240,False
1719604800000,1719619200000,60123.73000000,60450.00000000,60063.00000000,60427.84000000,2016.39413000,240,240,False
1719619200000,1719633600000,60427.84000000,61009.29000000,60383.77000000,60762.00000000,3105.17344000,240,240,False
1719633600000,1719648000000,60762.00000000,61146.64000000,60704.46000000,61052.30000000,1662.89798000,240,240,False
1719648000000,1719662400000,61052.30000000,61224.00000000,60890.03000000,61102.33000000,2290.41854000,240,240,False
1719662400000,1719676800000,61102.33000000,61182.70000000,60949.67000000,61106.00000000,1996.83297000,240,240,False
1719676800000,1719691200000,61106.00000000,61124.00000000,60915.12000000,61057.39000000,1250.42383000,240,240,False
1719691200000,1719705600000,61057.38000000,61090.00000000,60839.51000000,60986.68000000,1203.81228000,240,240,False
1719705600000,1719720000000,60986.68000000,61078.01000000,60740.94000000,60898.32000000,1806.11748000,240,240,False
1719720000000,1719734400000,60898.32000000,61782.00000000,60712.21000000,61528.01000000,3143.78973000,240,240,False
1719734400000,1719748800000,61528.01000000,61713.65000000,61393.07000000,61560.00000000,2353.60654000,240,240,False
1719748800000,1719763200000,61560.00000000,61860.00000000,61346.00000000,61717.90000000,2664.88075000,240,240,False
1719763200000,1719777600000,61717.90000000,62109.81000000,61590.01000000,62026.83000000,2493.15916000,240,240,False
1719777600000,1719792000000,62026.83000000,63058.76000000,61835.20000000,62772.01000000,4864.74770000,240,240,False
1719792000000,1719806400000,62772.01000000,63818.33000000,62573.32000000,63437.69000000,6859.32328000,240,240,False
1719806400000,1719820800000,63437.69000000,63466.92000000,63223.20000000,63277.84000000,1948.86897000,240,240,False
1719820800000,1719835200000,63277.84000000,63314.99000000,62593.07000000,62662.09000000,3745.11478000,240,240,False
1719835200000,1719849600000,62662.09000000,63166.11000000,62497.20000000,63132.90000000,4514.70610000,240,240,False
1719849600000,1719864000000,63132.90000000,63861.76000000,62966.77000000,63226.78000000,5479.95754000,240,240,False
1719864000000,1719878400000,63226.78000000,63423.48000000,62804.60000000,62899.99000000,1999.13471000,240,240,False
1719878400000,1719892800000,62900.00000000,63288.83000000,62787.42000000,63138.67000000,1678.91798000,240,240,False
1719892800000,1719907200000,63138.68000000,63245.80000000,62580.00000000,62629.99000000,2518.53154000,240,240,False
1719907200000,1719921600000,62630.00000000,62866.20000000,62401.23000000,62832.01000000,4139.03014000,240,240,False
1719921600000,1719936000000,62832.01000000,63152.00000000,61823.74000000,61948.08000000,5966.58949000,240,240,False
1719936000000,1719950400000,61948.08000000,62368.81000000,61806.28000000,61939.10000000,2841.63377000,240,240,False
1719950400000,1719964800000,61939.10000000,62181.24000000,61875.55000000,62135.47000000,1428.41583000,240,240,False
1719964800000,1719979200000,62135.46000000,62285.94000000,60600.00000000,60987.99000000,5145.57685000,240,240,False
1719979200000,1719993600000,60988.00000000,61181.84000000,60816.00000000,60870.01000000,2356.60300000,240,240,False
1719993600000,1720008000000,60870.01000000,60978.19000000,59600.00000000,60386.01000000,8846.07874000,240,240,False
1720008000000,1720022400000,60386.01000000,60740.20000000,59752.29000000,60186.25000000,7199.97498000,240,240,False
1720022400000,1720036800000,60186.25000000,60655.56000000,59666.00000000,59671.10000000,4933.93774000,240,240,False
1720036800000,1720051200000,59671.11000000,60374.82000000,59400.00000000,60208.58000000,3677.93996000,240,240,False
1720051200000,1720065600000,60208.57000000,60498.19000000,57800.01000000,59102.00000000,13491.78125000,240,240,False
1720065600000,1720080000000,59102.00000000,59150.00000000,58104.00000000,58219.99000000,4995.15301000,240,240,False
1720080000000,1720094400000,58219.99000000,58506.18000000,56952.00000000,57761.94000000,13240.07067000,240,240,False
1720094400000,1720108800000,57761.95000000,58350.19000000,56771.00000000,58140.00000000,12117.63525000,240,240,False
1720108800000,1720123200000,58140.00000000,58676.24000000,57752.27000000,58283.62000000,5009.28193000,240,240,False
1720123200000,1720137600000,58283.62000000,58813.13000000,56866.00000000,57050.01000000,5714.85065000,240,240,False
1720137600000,1720152000000,57050.02000000,57546.00000000,55000.00000000,55227.99000000,18842.91117000,240,240,False
1720152000000,1720166400000,55228.00000000,55356.42000000,53485.93000000,54415.05000000,18348.50944000,240,240,False
1720166400000,1720180800000,54415.04000000,55650.00000000,53900.00000000,55486.50000000,14058.05864000,240,240,False
1720180800000,1720195200000,55486.51000000,56678.19000000,54828.52000000,56662.00000000,16600.37842000,240,240,False
1720195200000,1720209600000,56662.99000000,57040.02000000,55779.33000000,56465.42000000,10590.10229000,240,240,False
1720209600000,1720224000000,56465.41000000,56866.00000000,56315.00000000,56628.79000000,2908.28760000,240,240,False
1720224000000,1720238400000,56628.79000000,56998.00000000,56170.50000000,56410.00000000,4430.41318000,240,240,False
1720238400000,1720252800000,56409.99000000,56683.90000000,56018.00000000,56606.00000000,3090.15552000,240,240,False
1720252800000,1720267200000,56606.00000000,56876.33000000,56436.78000000,56731.42000000,2361.38025000,240,240,False
1720267200000,1720281600000,56731.42000000,57441.10000000,56500.00000000,57317.98000000,4879.13871000,240,240,False
1720281600000,1720296000000,57317.99000000,58113.00000000,57185.76000000,57857.99000000,4272.51181000,240,240,False
1720296000000,1720310400000,57857.99000000,58475.00000000,57806.92000000,58230.13000000,2617.71611000,240,240,False
1720310400000,1720324800000,58230.13000000,58449.46000000,57838.00000000,57963.45000000,3130.97845000,240,240,False
1720324800000,1720339200000,57963.46000000,58007.87000000,57073.36000000,57369.99000000,3555.09321000,240,240,False
1720339200000,1720353600000,57369.99000000,57911.71000000,57350.94000000,57460.00000000,2240.99923000,240,240,False
1720353600000,1720368000000,57460.00000000,57631.02000000,56563.46000000,56825.42000000,4001.28632000,240,240,False
1720368000000,1720382400000,56825.42000000,57392.00000000,56755.55000000,57151.10000000,1983.16539000,240,240,False
1720382400000,1720396800000,57151.10000000,57319.10000000,55724.37000000,55857.81000000,4207.41658000,240,240,False
1720396800000,1720411200000,55857.81000000,56023.07000000,54260.16000000,55160.01000000,11551.58728000,240,240,False
1720411200000,1720425600000,55160.00000000,55900.00000000,54963.62000000,55852.01000000,4404.65688000,240,240,False
1720425600000,1720440000000,55852.00000000,58236.73000000,55741.11000000,57154.01000000,11849.73420000,240,240,False
1720440000000,1720454400000,57154.01000000,57621.10000000,54800.00000000,55761.52000000,12916.02666000,240,240,False
1720454400000,1720468800000,55761.52000000,56574.99000000,55425.74000000,56477.31000000,4703.86519000,240,240,False
1720468800000,1720483200000,56477.30000000,56971.94000000,56200.00000000,56714.62000000,2664.33469000,240,240,False
1720483200000,1720497600000,56714.61000000,57362.66000000,56289.45000000,57168.36000000,4128.26169000,240,240,False
1720497600000,1720512000000,57168.36000000,57754.00000000,57011.50000000,57116.84000000,4342.95753000,240,240,False
1720512000000,1720526400000,57116.84000000,57900.00000000,57024.01000000,57428.01000000,3810.42794000,240,240,False
1720526400000,1720540800000,57428.01000000,58131.09000000,56903.00000000,57477.01000000,8788.77381000,240,240,False
1720540800000,1720555200000,57477.00000000,58296.00000000,57362.08000000,57862.01000000,4164.82920000,240,240,False
1720555200000,1720569600000,57862.01000000,58260.00000000,57704.30000000,58050.00000000,2496.95771000,240,240,False
1720569600000,1720584000000,58050.00000000,58208.00000000,57309.09000000,58180.01000000,2762.23260000,240,240,False
1720584000000,1720598400000,58180.00000000,59470.00000000,58180.00000000,58977.99000000,6066.49390000,240,240,False
1720598400000,1720612800000,58977.99000000,59032.82000000,58311.66000000,58492.00000000,4042.42633000,240,240,False
1720612800000,1720627200000,58492.00000000,58550.00000000,57471.12000000,57699.69000000,6905.27165000,240,240,False
1720627200000,1720641600000,57699.69000000,58019.89000000,57353.84000000,57392.03000000,3000.71720000,240,240,False
1720641600000,1720656000000,57392.03000000,57879.58000000,57157.79000000,57725.85000000,2174.59631000,240,240,False
1720656000000,1720670400000,57725.85000000,58407.05000000,57050.00000000,57568.00000000,4166.29718000,240,240,False
1720670400000,1720684800000,57568.00000000,58300.00000000,57488.28000000,58191.50000000,3450.47132000,240,240,False
1720684800000,1720699200000,58191.50000000,58936.52000000,58052.00000000,58777.99000000,4104.41357000,240,240,False
1720699200000,1720713600000,58777.99000000,59650.00000000,57266.58000000,57402.01000000,12045.90104000,240,240,False
1720713600000,1720728000000,57402.01000000,58000.61000000,57178.00000000,57378.01000000,3674.19210000,240,240,False
1720728000000,1720742400000,57378.00000000,57636.00000000,57150.00000000,57339.89000000,2319.78214000,240,240,False
1720742400000,1720756800000,57339.89000000,57571.86000000,56542.47000000,56914.01000000,3755.44316000,240,240,False
1720756800000,1720771200000,56914.01000000,57416.13000000,56716.68000000,57106.94000000,2909.38206000,240,240,False
1720771200000,1720785600000,57106.95000000,57334.32000000,56767.05000000,57203.54000000,3142.52354000,240,240,False
1720785600000,1720800000000,57203.54000000,58278.00000000,57000.00000000,58214.00000000,6704.39430000,240,240,False
1720800000000,1720814400000,58213.99000000,58526.68000000,57500.00000000,57576.01000000,4912.50519000,240,240,False
1720814400000,1720828800000,57576.01000000,57906.10000000,57150.06000000,57889.10000000,2228.20865000,240,240,False
1720828800000,1720843200000,57889.09000000,57991.50000000,57762.39000000,57814.00000000,1446.83324000,240,240,False
1720843200000,1720857600000,57814.00000000,58216.08000000,57756.63000000,58170.32000000,1632.17504000,240,240,False
1720857600000,1720872000000,58170.33000000,58854.98000000,57900.57000000,58534.00000000,3065.17976000,240,240,False
1720872000000,1720886400000,58534.00000000,58899.46000000,58434.38000000,58830.63000000,2936.67433000,240,240,False
1720886400000,1720900800000,58830.62000000,58964.89000000,58572.98000000,58624.38000000,1692.04143000,240,240,False
1720900800000,1720915200000,58624.38000000,59850.00000000,58288.19000000,59204.02000000,4584.84139000,240,240,False
1720915200000,1720929600000,59204.01000000,59838.00000000,59194.01000000,59466.15000000,3229.45400000,240,240,False
1720929600000,1720944000000,59466.16000000,60324.61000000,59418.68000000,60062.01000000,4786.53502000,240,240,False
1720944000000,1720958400000,60062.01000000,60400.00000000,59904.00000000,60099.10000000,2939.88470000,240,240,False
1720958400000,1720972800000,60099.10000000,60236.13000000,59466.67000000,60084.00000000,3186.29928000,240,240,False
1720972800000,1720987200000,60084.00000000,60184.99000000,59894.16000000,59915.99000000,1320.94796000,240,240,False
1720987200000,1721001600000,59916.00000000,61420.69000000,59880.00000000,60797.91000000,5715.21811000,240,240,False
1721001600000,1721016000000,60797.91000000,62796.01000000,60632.30000000,62647.87000000,8302.39428000,240,240,False
1721016000000,1721030400000,62647.87000000,63084.00000000,62433.01000000,62840.12000000,4843.17921000,240,240,False
1721030400000,1721044800000,62840.12000000,63243.71000000,62290.00000000,62454.00000000,4225.17162000,240,240,False
1721044800000,1721059200000,62454.00000000,63328.00000000,62444.67000000,63026.00000000,6566.03185000,240,240,False
1721059200000,1721073600000,63026.01000000,63820.15000000,62852.00000000,63342.00000000,8649.43196000,240,240,False
1721073600000,1721088000000,63342.00000000,64900.00000000,63251.65000000,64724.14000000,6104.76928000,240,240,False
1721088000000,1721102400000,64724.06000000,64955.49000000,64436.20000000,64752.14000000,4459.14074000,240,240,False
1721102400000,1721116800000,64752.14000000,64993.95000000,62721.79000000,62895.01000000,9913.30874000,240,240,False
1721116800000,1721131200000,62895.01000000,63872.20000000,62373.24000000,63746.11000000,6280.01898000,240,240,False
1721131200000,1721145600000,63746.11000000,64960.86000000,63063.83000000,64878.24000000,8930.81380000,240,240,False
1721145600000,1721160000000,64878.24000000,65200.00000000,64111.56000000,65165.43000000,7931.24617000,240,240,False
1721160000000,1721174400000,65165.42000000,65388.97000000,64115.00000000,65043.99000000,5016.00072000,240,240,False
1721174400000,1721188800000,65044.00000000,66128.63000000,64932.31000000,65701.66000000,5877.77737000,240,240,False
1721188800000,1721203200000,65701.66000000,65993.14000000,65198.62000000,65258.00000000,4387.02514000,240,240,False
1721203200000,1721217600000,65258.01000000,65500.00000000,64560.00000000,64723.73000000,4608.68913000,240,240,False
1721217600000,1721232000000,64723.73000000,65400.00000000,64537.41000000,64724.01000000,6216.23738000,240,240,False
1721232000000,1721246400000,64724.01000000,64766.99000000,63854.00000000,64585.78000000,5893.07209000,240,240,False
1721246400000,1721260800000,64585.78000000,64672.89000000,64058.00000000,64087.99000000,2584.72843000,240,240,False
1721260800000,1721275200000,64087.99000000,65133.30000000,63910.00000000,64865.08000000,4071.27925000,240,240,False
1721275200000,1721289600000,64865.09000000,65061.50000000,64402.35000000,64668.00000000,2950.56928000,240,240,False
1721289600000,1721304000000,64668.00000000,64950.00000000,64441.94000000,64758.00000000,2394.45662000,240,240,False
1721304000000,1721318400000,64758.00000000,65111.29000000,63400.00000000,63538.12000000,6967.85898000,240,240,False
1721318400000,1721332800000,63538.12000000,63958.51000000,63238.48000000,63555.00000000,4155.67605000,240,240,False
1721332800000,1721347200000,63555.00000000,64122.43000000,63438.21000000,63987.92000000,2028.88232000,240,240,False
1721347200000,1721361600000,63987.92000000,64368.62000000,63300.67000000,64325.00000000,3161.96417000,240,240,False
1721361600000,1721376000000,64324.99000000,64486.00000000,63600.00000000,63694.01000000,4022.16332000,240,240,False
1721376000000,1721390400000,63694.01000000,64182.77000000,63409.01000000,64116.00000000,3490.01318000,240,240,False
1721390400000,1721404800000,64115.99000000,65888.00000000,64005.57000000,65836.77000000,10348.62908000,240,240,False
1721404800000,1721419200000,65836.76000000,67386.00000000,65827.62000000,67157.26000000,11099.18996000,240,240,False
1721419200000,1721433600000,67157.25000000,67352.44000000,66616.19000000,66660.00000000,3512.76768000,240,240,False
1721433600000,1721448000000,66660.01000000,66822.22000000,66222.46000000,66602.01000000,2794.00790000,240,240,False
1721448000000,1721462400000,66602.00000000,66775.11000000,66436.00000000,66562.28000000,1871.55513000,240,240,False
1721462400000,1721476800000,66562.27000000,66733.09000000,66458.83000000,66483.69000000,1353.55240000,240,240,False
1721476800000,1721491200000,66483.69000000,66832.00000000,66273.62000000,66825.00000000,1565.74689000,240,240,False
1721491200000,1721505600000,66824.99000000,67598.00000000,66679.01000000,67224.00000000,4139.41482000,240,240,False
1721505600000,1721520000000,67224.00000000,67430.01000000,66790.90000000,67139.96000000,2662.64720000,240,240,False
1721520000000,1721534400000,67139.97000000,67436.22000000,66962.00000000,67171.33000000,1473.02827000,240,240,False
1721534400000,1721548800000,67171.33000000,67220.52000000,66592.10000000,66701.99000000,1958.03031000,240,240,False
1721548800000,1721563200000,66702.00000000,67062.77000000,66680.00000000,66879.99000000,1335.82107000,240,240,False
1721563200000,1721577600000,66879.99000000,67499.99000000,66616.00000000,67164.00000000,2766.07202000,240,240,False
1721577600000,1721592000000,67164.00000000,67713.00000000,65777.00000000,67422.02000000,9311.54907000,240,240,False
1721592000000,1721606400000,67422.03000000,68366.66000000,67274.69000000,68165.34000000,4974.61117000,240,240,False
1721606400000,1721620800000,68165.35000000,68474.55000000,67753.72000000,67880.01000000,2930.46409000,240,240,False
1721620800000,1721635200000,67880.01000000,67996.01000000,67122.22000000,67236.00000000,2950.64733000,240,240,False
1721635200000,1721649600000,67236.01000000,67599.00000000,66944.10000000,67516.01000000,2471.17079000,240,240,False
1721649600000,1721664000000,67516.01000000,67952.39000000,66559.97000000,67063.87000000,5487.87343000,240,240,False
1721664000000,1721678400000,67063.87000000,68250.00000000,66798.36000000,68232.07000000,3909.83010000,240,240,False
1721678400000,1721692800000,68232.08000000,68256.00000000,67224.11000000,67532.01000000,3701.05729000,240,240,False
1721692800000,1721707200000,67532.00000000,67750.98000000,67183.98000000,67473.99000000,2359.78706000,240,240,False
1721707200000,1721721600000,67473.98000000,67526.01000000,66256.39000000,66576.00000000,5421.15607000,240,240,False
1721721600000,1721736000000,66576.00000000,67166.01000000,66454.00000000,66676.01000000,4791.70581000,240,240,False
1721736000000,1721750400000,66676.00000000,67349.03000000,65962.00000000,66584.01000000,8657.61770000,240,240,False
1721750400000,1721764800000,66584.01000000,66780.01000000,65441.08000000,65536.01000000,6601.90145000,240,240,False
1721764800000,1721779200000,65536.00000000,66054.00000000,65472.54000000,65936.01000000,3573.98507000,240,240,False
1721779200000,1721793600000,65936.00000000,66146.01000000,65476.84000000,66052.71000000,2432.59154000,240,240,False
1721793600000,1721808000000,66052.71000000,66080.01000000,65610.00000000,66078.00000000,2427.93275000,240,240,False
1721808000000,1721822400000,66078.00000000,66600.00000000,66008.00000000,66367.99000000,3288.02602000,240,240,False
1721822400000,1721836800000,66368.00000000,67102.01000000,66093.99000000,66176.00000000,5901.95291000,240,240,False
1721836800000,1721851200000,66176.00000000,66709.55000000,65558.89000000,65652.00000000,5503.70728000,240,240,False
1721851200000,1721865600000,65652.01000000,66066.66000000,65111.00000000,65376.00000000,3528.35227000,240,240,False
1721865600000,1721880000000,65376.01000000,65620.00000000,63861.00000000,64093.59000000,9391.42907000,240,240,False
1721880000000,1721894400000,64093.58000000,64390.00000000,63800.00000000,64134.00000000,3961.34648000,240,240,False
1721894400000,1721908800000,64134.00000000,64480.00000000,63878.00000000,64096.00000000,4126.90854000,240,240,False
1721908800000,1721923200000,64096.01000000,65005.00000000,63456.70000000,64790.88000000,7825.83383000,240,240,False
1721923200000,1721937600000,64790.89000000,65187.82000000,64388.46000000,64692.01000000,5638.02977000,240,240,False
1721937600000,1721952000000,64692.01000000,66175.49000000,64425.00000000,65799.95000000,4182.88165000,240,240,False
1721952000000,1721966400000,65799.95000000,67480.00000000,65722.63000000,67042.01000000,5791.72468000,240,240,False
1721966400000,1721980800000,67042.00000000,67190.00000000,66870.82000000,66890.56000000,3400.66108000,240,240,False
1721980800000,1721995200000,66890.56000000,67498.00000000,66890.56000000,67322.00000000,3011.50616000,240,240,False
1721995200000,1722009600000,67321.99000000,68000.00000000,66892.00000000,67560.01000000,6230.76783000,240,240,False
1722009600000,1722024000000,67560.00000000,68144.01000000,67303.07000000,67990.00000000,3294.11637000,240,240,False
1722024000000,1722038400000,67990.00000000,68200.00000000,67413.50000000,67907.99000000,2515.58411000,240,240,False
1722038400000,1722052800000,67908.00000000,68081.57000000,67630.00000000,67798.00000000,1546.23200000,240,240,False
1722052800000,1722067200000,67797.99000000,68295.39000000,67782.73000000,68036.68000000,1915.58616000,240,240,False
1722067200000,1722081600000,68036.68000000,68275.64000000,67892.24000000,68209.88000000,1834.00547000,240,240,False
1722081600000,1722096000000,68209.88000000,69399.99000000,68195.43000000,68844.00000000,6195.41252000,240,240,False
1722096000000,1722110400000,68844.00000000,68990.03000000,67658.68000000,68246.00000000,5271.56991000,240,240,False
1722110400000,1722124800000,68246.00000000,69182.94000000,66650.00000000,67896.50000000,14947.41315000,240,240,False
1722124800000,1722139200000,67896.49000000,68285.43000000,67260.54000000,67940.95000000,2215.70821000,240,240,False
1722139200000,1722153600000,67940.94000000,68024.18000000,67066.66000000,67560.86000000,2398.31930000,240,240,False
1722153600000,1722168000000,67560.86000000,68000.00000000,67220.00000000,67836.00000000,1770.93628000,240,240,False
1722168000000,1722182400000,67836.01000000,68123.32000000,67577.63000000,67645.00000000,1768.83501000,240,240,False
1722182400000,1722196800000,67645.00000000,68318.43000000,67624.00000000,68112.00000000,1510.51620000,240,240,False
1722196800000,1722211200000,68112.00000000,68277.83000000,67801.62000000,68249.88000000,1204.37894000,240,240,False
1722211200000,1722225600000,68249.88000000,69800.00000000,68168.00000000,69347.67000000,5973.42365000,240,240,False
1722225600000,1722240000000,69347.66000000,69888.00000000,69263.07000000,69528.01000000,4146.35577000,240,240,False
1722240000000,1722254400000,69528.01000000,69838.62000000,69375.00000000,69580.01000000,3013.88754000,240,240,False
1722254400000,1722268800000,69580.01000000,70079.99000000,67668.34000000,68104.00000000,11386.58792000,240,240,False
1722268800000,1722283200000,68103.99000000,68118.00000000,66428.00000000,67303.05000000,9083.51955000,240,240,False
1722283200000,1722297600000,67303.05000000,67553.66000000,66600.00000000,66784.69000000,2863.52190000,240,240,False
1722297600000,1722312000000,66784.68000000,66886.00000000,65862.00000000,66610.00000000,5989.73926000,240,240,False
1722312000000,1722326400000,66610.00000000,67000.00000000,66322.49000000,66952.00000000,2496.27288000,240,240,False
1722326400000,1722340800000,66952.00000000,66999.92000000,66404.53000000,66574.01000000,2327.27576000,240,240,False
1722340800000,1722355200000,66574.00000000,66948.00000000,65555.00000000,66216.01000000,6086.17893000,240,240,False
1722355200000,1722369600000,66216.01000000,66550.01000000,65556.56000000,65931.02000000,3450.64877000,240,240,False
1722369600000,1722384000000,65931.03000000,66356.89000000,65302.67000000,66188.00000000,2782.13881000,240,240,False
1722384000000,1722398400000,66188.00000000,66413.28000000,65881.96000000,66058.00000000,1725.24015000,240,240,False
1722398400000,1722412800000,66058.00000000,66554.40000000,65496.00000000,66224.00000000,3376.79106000,240,240,False
1722412800000,1722427200000,66224.00000000,66374.01000000,65954.54000000,66094.01000000,1829.74564000,240,240,False
1722427200000,1722441600000,66094.01000000,66849.24000000,65963.25000000,66379.99000000,4367.38069000,240,240,False
1722441600000,1722456000000,66379.99000000,66836.30000000,64957.14000000,65256.83000000,6409.37317000,240,240,False
1722456000000,1722470400000,65256.83000000,65422.00000000,64530.00000000,64628.00000000,4916.90834000,240,240,False
1722470400000,1722484800000,64628.01000000,64841.29000000,63750.00000000,63936.01000000,5768.43332000,240,240,False
1722484800000,1722499200000,63936.01000000,64488.00000000,63584.00000000,64328.59000000,4107.52186000,240,240,False
1722499200000,1722513600000,64328.60000000,64701.41000000,64299.87000000,64674.25000000,2655.04695000,240,240,False
1722513600000,1722528000000,64674.26000000,64949.58000000,62666.07000000,62906.60000000,8006.54547000,240,240,False
1722528000000,1722542400000,62907.44000000,63509.83000000,62302.00000000,63422.01000000,8541.89631000,240,240,False
1722542400000,1722556800000,63422.01000000,65659.78000000,63336.61000000,65354.02000000,6462.82463000,240,240,False
1722556800000,1722571200000,65354.02000000,65596.14000000,63668.00000000,64609.18000000,4163.15932000,240,240,False
1722571200000,1722585600000,64609.17000000,64655.17000000,63807.29000000,64164.07000000,3823.07721000,240,240,False
1722585600000,1722600000000,64164.07000000,64974.00000000,64044.00000000,64660.01000000,3302.57023000,240,240,False
1722600000000,1722614400000,64660.01000000,65524.01000000,62432.90000000,63416.01000000,14382.81934000,240,240,False
1722614400000,1722628800000,63416.00000000,63611.24000000,62515.00000000,62633.57000000,5054.98681000,240,240,False
1722628800000,1722643200000,62633.58000000,63187.26000000,61230.01000000,61498.33000000,8093.81646000,240,240,False
1722643200000,1722657600000,61498.34000000,61975.00000000,60505.00000000,61895.99000000,7057.47647000,240,240,False
1722657600000,1722672000000,61895.99000000,61981.43000000,61398.01000000,61662.01000000,2027.63322000,240,240,False
1722672000000,1722686400000,61662.02000000,62002.39000000,61457.89000000,61919.38000000,1996.26325000,240,240,False
1722686400000,1722700800000,61919.38000000,62198.22000000,60833.33000000,60879.00000000,3681.34999000,240,240,False
1722700800000,1722715200000,60879.01000000,61288.00000000,59920.00000000,60246.00000000,9231.05335000,240,240,False
1722715200000,1722729600000,60246.01000000,60849.93000000,59850.00000000,60697.99000000,4040.93939000,240,240,False
1722729600000,1722744000000,60697.99000000,61117.63000000,60320.00000000,60735.00000000,2502.72642000,240,240,False
1722744000000,1722758400000,60735.00000000,60938.54000000,60260.00000000,60373.99000000,1972.26761000,240,240,False
1722758400000,1722772800000,60374.00000000,61000.00000000,60081.57000000,60896.00000000,2180.15909000,240,240,False
1722772800000,1722787200000,60896.00000000,61097.55000000,58960.00000000,59086.01000000,7395.68169000,240,240,False
1722787200000,1722801600000,59086.01000000,59497.21000000,57122.77000000,59257.66000000,12940.59003000,240,240,False
1722801600000,1722816000000,59257.67000000,59583.00000000,58001.81000000,58161.00000000,4625.09519000,240,240,False
1722816000000,1722830400000,58161.00000000,58305.59000000,52300.17000000,53890.87000000,36136.46230000,240,240,False
1722830400000,1722844800000,53890.87000000,54576.71000000,49000.00000000,52674.19000000,43384.93070000,240,240,False
1722844800000,1722859200000,52674.20000000,53218.37000000,50633.47000000,51340.00000000,19223.46997000,240,240,False
1722859200000,1722873600000,51340.00000000,54980.00000000,49542.83000000,54321.09000000,39760.49257000,240,240,False
1722873600000,1722888000000,54321.08000000,55600.00000000,52555.00000000,53470.09000000,16277.76056000,240,240,False
1722888000000,1722902400000,53470.08000000,55200.00000000,53462.00000000,54018.81000000,7282.47576000,240,240,False
1722902400000,1722916800000,54018.82000000,56276.00000000,53950.00000000,55665.73000000,10506.64519000,240,240,False
1722916800000,1722931200000,55665.73000000,56169.48000000,55255.00000000,55999.99000000,7730.59021000,240,240,False
1722931200000,1722945600000,55998.02000000,56122.00000000,54600.01000000,55210.01000000,9386.98945000,240,240,False
1722945600000,1722960000000,55210.00000000,56605.55000000,54371.94000000,56405.99000000,13732.96595000,240,240,False
1722960000000,1722974400000,56405.99000000,57040.99000000,56234.80000000,56765.48000000,8827.28343000,240,240,False
1722974400000,1722988800000,56769.98000000,56935.56000000,55800.00000000,56022.01000000,5700.30253000,240,240,False
1722988800000,1723003200000,56022.00000000,57287.99000000,55557.88000000,56862.00000000,6756.54810000,240,240,False
1723003200000,1723017600000,56862.01000000,57250.00000000,56544.70000000,56920.91000000,5447.23988000,240,240,False
1723017600000,1723032000000,56920.91000000,57736.05000000,56870.39000000,56963.38000000,6601.32871000,240,240,False
1723032000000,1723046400000,56963.39000000,57479.60000000,55650.00000000,56094.50000000,10005.68143000,240,240,False
1723046400000,1723060800000,56094.51000000,56300.00000000,54676.35000000,54759.22000000,9406.48722000,240,240,False
1723060800000,1723075200000,54760.97000000,55566.24000000,54558.62000000,55134.16000000,6052.09150000,240,240,False
1723075200000,1723089600000,55133.76000000,57636.36000000,54730.00000000,57049.74000000,8647.80188000,240,240,False
1723089600000,1723104000000,57049.74000000,57434.35000000,56670.47000000,57193.49000000,3670.90212000,240,240,False
1723104000000,1723118400000,57193.48000000,57670.04000000,56978.52000000,57320.51000000,3688.92815000,240,240,False
1723118400000,1723132800000,57320.51000000,59505.00000000,56700.00000000,59428.03000000,14315.42395000,240,240,False
1723132800000,1723147200000,59428.03000000,59863.00000000,59237.59000000,59414.51000000,6749.57668000,240,240,False
1723147200000,1723161600000,59414.52000000,62745.14000000,59297.34000000,61685.99000000,11276.89671000,240,240,False
1723161600000,1723176000000,61686.00000000,61744.37000000,60720.00000000,61358.39000000,5373.57013000,240,240,False
1723176000000,1723190400000,61358.39000000,61390.70000000,60588.63000000,60863.57000000,4475.52913000,240,240,False
1723190400000,1723204800000,60863.58000000,61210.31000000,60170.16000000,60655.24000000,4238.45087000,240,240,False
1723204800000,1723219200000,60655.25000000,61115.11000000,59535.00000000,59810.23000000,8756.37366000,240,240,False
1723219200000,1723233600000,59810.24000000,60750.00000000,59700.00000000,60681.42000000,3794.60746000,240,240,False
1723233600000,1723248000000,60681.79000000,60986.03000000,59909.16000000,60837.99000000,4333.94892000,240,240,False
1723248000000,1723262400000,60837.99000000,61470.58000000,60266.03000000,60437.84000000,2866.07526000,240,240,False
1723262400000,1723276800000,60437.85000000,60851.91000000,60242.00000000,60842.00000000,1152.48879000,240,240,False
1723276800000,1723291200000,60842.01000000,61116.65000000,60601.96000000,60920.88000000,1618.24524000,240,240,False
1723291200000,1723305600000,60920.88000000,60949.99000000,60400.00000000,60515.89000000,1529.47703000,240,240,False
1723305600000,1723320000000,60515.90000000,61196.63000000,60400.00000000,61016.45000000,1789.44845000,240,240,False
1723320000000,1723334400000,61016.44000000,61160.00000000,60757.39000000,60923.51000000,1039.47144000,240,240,False
1723334400000,1723348800000,60923.51000000,61382.73000000,60892.00000000,61085.01000000,1397.39336000,240,240,False
1723348800000,1723363200000,61085.01000000,61271.43000000,60881.36000000,61257.00000000,1213.74092000,240,240,False
1723363200000,1723377600000,61257.00000000,61858.00000000,60425.00000000,60669.15000000,3535.80151000,240,240,False
1723377600000,1723392000000,60669.14000000,60761.09000000,59941.00000000,60127.29000000,4006.71160000,240,240,False
1723392000000,1723406400000,60127.29000000,60350.00000000,59542.57000000,59621.11000000,2598.58022000,240,240,False
1723406400000,1723420800000,59621.11000000,59674.38000000,58286.73000000,58712.59000000,6437.61751000,240,240,False
1723420800000,1723435200000,58712.59000000,59088.33000000,58100.06000000,58509.50000000,4095.99147000,240,240,False
1723435200000,1723449600000,58509.50000000,58984.85000000,57642.21000000,58674.61000000,4501.23624000,240,240,False
1723449600000,1723464000000,58674.62000000,59990.00000000,58125.75000000,59851.70000000,6603.96568000,240,240,False
1723464000000,1723478400000,59851.71000000,60711.09000000,57800.00000000,60207.37000000,12079.05910000,240,240,False
1723478400000,1723492800000,60207.38000000,60420.34000000,58440.54000000,59043.98000000,5640.99625000,240,240,False
1723492800000,1723507200000,59043.99000000,59745.99000000,58555.26000000,59346.64000000,4088.66869000,240,240,False
1723507200000,1723521600000,59346.64000000,59923.28000000,58846.95000000,59040.00000000,4305.36618000,240,240,False
1723521600000,1723536000000,59040.00000000,59476.00000000,58830.23000000,59238.05000000,2580.73080000,240,240,False
1723536000000,1723550400000,59238.05000000,59331.99000000,58392.88000000,58830.00000000,3375.90810000,240,240,False
1723550400000,1723564800000,58830.01000000,59776.70000000,58709.57000000,59472.26000000,5686.11926000,240,240,False
1723564800000,1723579200000,59472.25000000,61578.10000000,59446.22000000,60820.15000000,9342.46623000,240,240,False
1723579200000,1723593600000,60820.16000000,61138.87000000,60389.75000000,60587.15000000,2568.36794000,240,240,False
1723593600000,1723608000000,60587.16000000,61302.88000000,60425.01000000,60952.83000000,2371.78110000,240,240,False
1723608000000,1723622400000,60952.83000000,61162.20000000,60637.30000000,60914.02000000,1820.09080000,240,240,False
1723622400000,1723636800000,60914.02000000,61453.00000000,60640.40000000,61296.87000000,3475.66893000,240,240,False
1723636800000,1723651200000,61296.88000000,61800.00000000,58823.52000000,59435.69000000,13499.00032000,240,240,False
1723651200000,1723665600000,59435.69000000,59462.61000000,58615.06000000,58891.13000000,4924.68347000,240,240,False
1723665600000,1723680000000,58891.13000000,59183.99000000,58433.18000000,58683.39000000,2331.53864000,240,240,False
1723680000000,1723694400000,58683.39000000,59044.44000000,58010.00000000,58442.98000000,5000.29248000,240,240,False
1723694400000,1723708800000,58442.99000000,58639.00000000,57713.88000000,58060.37000000,4142.71713000,240,240,False
1723708800000,1723723200000,58060.36000000,58872.85000000,57964.85000000,58745.36000000,3345.64247000,240,240,False
1723723200000,1723737600000,58745.36000000,59787.37000000,58532.42000000,59682.84000000,7723.07742000,240,240,False
1723737600000,1723752000000,59682.85000000,59849.38000000,56680.00000000,57047.46000000,10434.70512000,240,240,False
1723752000000,1723766400000,57046.34000000,57885.00000000,56078.54000000,57541.06000000,7039.74160000,240,240,False
1723766400000,1723780800000,57541.05000000,58517.47000000,57098.62000000,57890.00000000,4146.62428000,240,240,False
1723780800000,1723795200000,57890.00000000,58666.77000000,57800.47000000,58456.99000000,3244.35689000,240,240,False
1723795200000,1723809600000,58456.99000000,58683.47000000,58218.71000000,58400.00000000,2450.75569000,240,240,False
1723809600000,1723824000000,58400.00000000,58915.18000000,57526.31000000,58071.06000000,8248.43744000,240,240,False
1723824000000,1723838400000,58071.07000000,59817.76000000,58000.00000000,59683.39000000,6963.94372000,240,240,False
1723838400000,1723852800000,59683.39000000,59715.69000000,58703.99000000,58874.60000000,2556.72542000,240,240,False
1723852800000,1723867200000,58874.59000000,59389.18000000,58785.05000000,59158.37000000,1769.95814000,240,240,False
1723867200000,1723881600000,59158.36000000,59263.47000000,59051.98000000,59248.00000000,1106.84453000,240,240,False
1723881600000,1723896000000,59248.00000000,59477.16000000,59060.00000000,59137.12000000,1327.01136000,240,240,False
1723896000000,1723910400000,59137.12000000,59654.90000000,59100.28000000,59388.11000000,1490.86412000,240,240,False
1723910400000,1723924800000,59388.11000000,59700.00000000,59294.31000000,59473.19000000,1157.01055000,240,240,False
1723924800000,1723939200000,59473.19000000,59500.00000000,59113.68000000,59491.99000000,870.04061000,240,240,False
1723939200000,1723953600000,59491.99000000,60259.01000000,59300.00000000,59337.42000000,2850.65710000,240,240,False
1723953600000,1723968000000,59337.41000000,59698.00000000,59256.56000000,59573.39000000,1521.38536000,240,240,False
1723968000000,1723982400000,59573.39000000,60200.00000000,59436.00000000,60024.01000000,2556.86768000,240,240,False
1723982400000,1723996800000,60024.00000000,60284.99000000,59669.85000000,59863.99000000,2229.08779000,240,240,False
1723996800000,1724011200000,59863.99000000,59945.83000000,59377.14000000,59708.38000000,1411.05054000,240,240,False
1724011200000,1724025600000,59708.38000000,59869.77000000,58408.92000000,58427.35000000,3065.80870000,240,240,False
1724025600000,1724040000000,58427.35000000,58763.83000000,58210.03000000,58736.85000000,4986.95947000,240,240,False
1724040000000,1724054400000,58736.85000000,58746.00000000,58359.50000000,58502.19000000,2077.63203000,240,240,False
1724054400000,1724068800000,58502.19000000,58671.38000000,57787.30000000,58396.95000000,4744.05742000,240,240,False
1724068800000,1724083200000,58396.94000000,58970.00000000,58029.77000000,58539.24000000,4628.31977000,240,240,False
1724083200000,1724097600000,58539.25000000,59290.00000000,58380.00000000,58967.53000000,3169.47813000,240,240,False
1724097600000,1724112000000,58967.54000000,59617.63000000,58914.00000000,59438.50000000,3202.86569000,240,240,False
1724112000000,1724126400000,59438.50000000,60910.55000000,59363.31000000,60619.18000000,6392.34637000,240,240,False
1724126400000,1724140800000,60619.19000000,61400.00000000,60576.06000000,60924.33000000,5275.93633000,240,240,False
1724140800000,1724155200000,60924.33000000,60975.00000000,60401.90000000,60518.82000000,3208.77740000,240,240,False
1724155200000,1724169600000,60518.83000000,60955.99000000,58680.01000000,58825.53000000,10444.84480000,240,240,False
1724169600000,1724184000000,58825.53000000,59597.28000000,58548.23000000,59511.99000000,3678.04238000,240,240,False
1724184000000,1724198400000,59512.00000000,59722.72000000,58802.35000000,59013.80000000,2477.49820000,240,240,False
1724198400000,1724212800000,59013.80000000,59519.99000000,58783.47000000,59320.00000000,2364.50372000,240,240,False
1724212800000,1724227200000,59320.00000000,59739.52000000,59183.13000000,59712.00000000,2017.26415000,240,240,False
1724227200000,1724241600000,59711.99000000,59924.13000000,59085.88000000,59361.14000000,2931.20089000,240,240,False
1724241600000,1724256000000,59361.14000000,60201.98000000,58850.00000000,59511.80000000,8008.24548000,240,240,False
1724256000000,1724270400000,59511.79000000,61625.20000000,59375.00000000,61570.00000000,7137.29601000,240,240,False
1724270400000,1724284800000,61570.00000000,61820.93000000,60902.13000000,61156.03000000,5525.13195000,240,240,False
1724284800000,1724299200000,61156.03000000,61229.00000000,59724.87000000,60548.90000000,4109.54112000,240,240,False
1724299200000,1724313600000,60548.90000000,61114.23000000,60459.98000000,60984.31000000,2676.87579000,240,240,False
1724313600000,1724328000000,60984.31000000,61400.00000000,60802.38000000,61336.09000000,3099.60131000,240,240,False
1724328000000,1724342400000,61336.09000000,61398.18000000,60100.00000000,60407.40000000,6849.31563000,240,240,False
1724342400000,1724356800000,60407.39000000,60600.20000000,60131.00000000,60308.00000000,2663.66757000,240,240,False
1724356800000,1724371200000,60307.99000000,60707.88000000,60288.00000000,60375.84000000,1842.20446000,240,240,False
1724371200000,1724385600000,60375.83000000,60968.24000000,60342.14000000,60593.31000000,2184.37470000,240,240,False
1724385600000,1724400000000,60593.31000000,61367.74000000,60582.68000000,61069.27000000,2937.25078000,240,240,False
1724400000000,1724414400000,61069.26000000,61337.57000000,60691.11000000,60741.68000000,2313.52775000,240,240,False
1724414400000,1724428800000,60741.68000000,62320.36000000,60741.68000000,61533.05000000,11626.90263000,240,240,False
1724428800000,1724443200000,61533.04000000,63819.16000000,61349.99000000,63628.84000000,11503.37000000,240,240,False
1724443200000,1724457600000,63628.84000000,64955.00000000,63484.18000000,64037.24000000,7552.64503000,240,240,False
1724457600000,1724472000000,64037.24000000,64206.70000000,63626.58000000,63832.01000000,3091.41323000,240,240,False
1724472000000,1724486400000,63832.00000000,64332.00000000,63822.00000000,64315.00000000,2843.18939000,240,240,False
1724486400000,1724500800000,64315.00000000,64494.50000000,63868.00000000,63905.01000000,2357.89821000,240,240,False
1724500800000,1724515200000,63905.00000000,64244.00000000,63872.00000000,63976.00000000,2293.96419000,240,240,False
1724515200000,1724529600000,63976.00000000,64444.00000000,63903.58000000,64210.60000000,2874.78934000,240,240,False
1724529600000,1724544000000,64210.60000000,64328.00000000,63531.00000000,64157.01000000,2395.90180000,240,240,False
1724544000000,1724558400000,64157.02000000,64507.04000000,64000.00000000,64101.01000000,2623.24737000,240,240,False
1724558400000,1724572800000,64101.01000000,64196.00000000,63785.76000000,63868.26000000,1645.44133000,240,240,False
1724572800000,1724587200000,63868.27000000,64010.00000000,63773.27000000,63873.91000000,1728.68012000,240,240,False
1724587200000,1724601600000,63873.92000000,64288.00000000,63805.00000000,64132.16000000,1834.21670000,240,240,False
1724601600000,1724616000000,64132.17000000,64248.66000000,64000.00000000,64187.41000000,1118.62168000,240,240,False
1724616000000,1724630400000,64187.42000000,65000.00000000,64122.49000000,64220.00000000,3355.27257000,240,240,False
1724630400000,1724644800000,64219.99000000,64481.00000000,63790.00000000,64114.99000000,2477.44562000,240,240,False
1724644800000,1724659200000,64115.00000000,64205.31000000,63420.00000000,63627.01000000,2772.63585000,240,240,False
1724659200000,1724673600000,63627.01000000,64039.20000000,63220.95000000,63859.00000000,2882.34645000,240,240,False
1724673600000,1724688000000,63859.00000000,63958.95000000,63061.00000000,63532.53000000,4958.27097000,240,240,False
1724688000000,1724702400000,63532.54000000,63878.78000000,63192.04000000,63342.99000000,3487.08919000,240,240,False
1724702400000,1724716800000,63342.99000000,63557.58000000,62800.00000000,62834.00000000,2892.26468000,240,240,False
1724716800000,1724731200000,62834.00000000,63212.00000000,62657.00000000,62970.00000000,3568.52133000,240,240,False
1724731200000,1724745600000,62970.00000000,63200.00000000,62701.06000000,62902.31000000,3113.00318000,240,240,False
1724745600000,1724760000000,62902.32000000,63000.00000000,62230.00000000,62417.00000000,4189.56881000,240,240,False
1724760000000,1724774400000,62416.99000000,62495.00000000,61473.03000000,61709.13000000,8258.16317000,240,240,False
1724774400000,1724788800000,61709.13000000,62196.75000000,61518.74000000,62102.01000000,3043.78733000,240,240,False
1724788800000,1724803200000,62102.00000000,62102.01000000,58034.01000000,59415.00000000,12962.89796000,240,240,False
1724803200000,1724817600000,59415.00000000,59650.00000000,58917.12000000,59629.01000000,5551.95530000,240,240,False
1724817600000,1724832000000,59629.01000000,59661.00000000,58516.00000000,58600.98000000,4614.54952000,240,240,False
1724832000000,1724846400000,58600.98000000,60234.98000000,58534.35000000,59935.00000000,6405.76959000,240,240,False
1724846400000,1724860800000,59934.99000000,60160.00000000,58443.07000000,59000.00000000,8281.56232000,240,240,False
1724860800000,1724875200000,59000.00000000,59849.99000000,57860.00000000,58898.85000000,8303.26552000,240,240,False
1724875200000,1724889600000,58898.85000000,59602.00000000,58623.01000000,59034.90000000,3711.44050000,240,240,False
1724889600000,1724904000000,59034.90000000,59320.00000000,58878.46000000,59141.10000000,2188.72128000,240,240,False
1724904000000,1724918400000,59141.11000000,59764.00000000,59049.79000000,59583.88000000,2877.04011000,240,240,False
1724918400000,1724932800000,59583.88000000,60477.00000000,59374.00000000,60067.06000000,4113.75713000,240,240,False
1724932800000,1724947200000,60067.06000000,61166.99000000,59990.00000000,60779.99000000,7624.50121000,240,240,False
1724947200000,1724961600000,60779.99000000,60960.00000000,58915.01000000,59258.00000000,7172.50668000,240,240,False
1724961600000,1724976000000,59257.99000000,59638.37000000,58713.09000000,59359.01000000,3044.38102000,240,240,False
1724976000000,1724990400000,59359.00000000,59487.64000000,58899.70000000,59032.01000000,2743.70295000,240,240,False
1724990400000,1725004800000,59032.00000000,59582.86000000,58685.00000000,59271.10000000,4144.30240000,240,240,False
1725004800000,1725019200000,59271.11000000,59674.42000000,59271.00000000,59396.00000000,3176.58551000,240,240,False
1725019200000,1725033600000,59396.00000000,59944.07000000,57946.01000000,58094.99000000,10365.98684000,240,240,False
1725033600000,1725048000000,58095.00000000,59371.00000000,57701.10000000,58700.02000000,6417.58601000,240,240,False
1725048000000,1725062400000,58700.02000000,59298.89000000,58700.00000000,59123.99000000,1671.15824000,240,240,False
1725062400000,1725076800000,59123.99000000,59462.38000000,59070.40000000,59232.01000000,1647.80492000,240,240,False
1725076800000,1725091200000,59232.01000000,59350.00000000,59043.12000000,59095.00000000,1230.67061000,240,240,False
1725091200000,1725105600000,59095.01000000,59188.90000000,58831.88000000,59120.99000000,1404.08788000,240,240,False
1725105600000,1725120000000,59120.99000000,59244.04000000,58892.15000000,59006.54000000,1774.98601000,240,240,False
1725120000000,1725134400000,59006.54000000,59140.01000000,58744.00000000,58856.00000000,1637.26790000,240,240,False
1725134400000,1725148800000,58856.00000000,59141.72000000,58763.29000000,58973.99000000,1103.59168000,240,240,False
1725148800000,1725163200000,58974.00000000,59076.59000000,58276.01000000,58524.21000000,2314.00203000,240,240,False
1725163200000,1725177600000,58524.21000000,58599.98000000,57777.00000000,58478.64000000,3366.16193000,240,240,False
1725177600000,1725192000000,58478.64000000,58504.81000000,57840.00000000,58240.52000000,2520.59733000,240,240,False
1725192000000,1725206400000,58240.51000000,58360.38000000,57201.00000000,58217.00000000,5911.39633000,240,240,False
1725206400000,1725220800000,58217.00000000,58788.93000000,57864.30000000,58514.00000000,2668.74429000,240,240,False
1725220800000,1725235200000,58514.01000000,58656.77000000,57205.00000000,57301.86000000,3924.25550000,240,240,False
1725235200000,1725249600000,57301.77000000,57767.14000000,57128.00000000,57742.01000000,4604.88008000,240,240,False
1725249600000,1725264000000,57742.00000000,57987.99000000,57362.06000000,57547.99000000,2616.60584000,240,240,False
1725264000000,1725278400000,57548.00000000,58680.76000000,57520.12000000,58422.01000000,5072.33101000,240,240,False
1725278400000,1725292800000,58422.01000000,58808.00000000,58104.00000000,58537.99000000,4023.88935000,240,240,False
1725292800000,1725307200000,58537.99000000,58666.64000000,58293.12000000,58439.99000000,2856.47240000,240,240,False
1725307200000,1725321600000,58440.03000000,59425.69000000,58384.61000000,59132.13000000,3720.83593000,240,240,False
1725321600000,1725336000000,59132.12000000,59809.65000000,59021.62000000,59110.99000000,3188.73817000,240,240,False
1725336000000,1725350400000,59111.00000000,59259.00000000,58872.00000000,59112.00000000,2786.55038000,240,240,False
1725350400000,1725364800000,59112.01000000,59195.63000000,58717.00000000,59072.00000000,2434.05695000,240,240,False
1725364800000,1725379200000,59072.01000000,59350.00000000,57568.00000000,57725.00000000,8190.06416000,240,240,False
1725379200000,1725393600000,57725.01000000,58251.09000000,57589.01000000,58046.00000000,3746.41150000,240,240,False
1725393600000,1725408000000,58045.99000000,58247.00000000,57415.00000000,57487.73000000,2482.36331000,240,240,False
1725408000000,1725422400000,57487.74000000,57943.53000000,55606.00000000,56653.98000000,10008.54590000,240,240,False
1725422400000,1725436800000,56653.99000000,56881.00000000,56201.00000000,56746.00000000,5570.10401000,240,240,False
1725436800000,1725451200000,56746.00000000,56909.94000000,56453.00000000,56573.00000000,3012.85274000,240,240,False
1725451200000,1725465600000,56573.00000000,58181.43000000,56187.61000000,58134.00000000,9903.94203000,240,240,False
1725465600000,1725480000000,58134.00000000,58519.00000000,57646.00000000,58058.01000000,5284.73247000,240,240,False
1725480000000,1725494400000,58058.00000000,58390.00000000,57792.46000000,57970.90000000,1780.64431000,240,240,False
1725494400000,1725508800000,57970.90000000,58327.07000000,56891.07000000,57135.42000000,4718.02876000,240,240,False
1725508800000,1725523200000,57135.42000000,57291.10000000,56541.68000000,57155.10000000,3337.56535000,240,240,False
1725523200000,1725537600000,57155.10000000,57232.00000000,56623.00000000,56698.01000000,2824.97809000,240,240,False
1725537600000,1725552000000,56698.01000000,57350.00000000,55817.51000000,55976.01000000,10200.08948000,240,240,False
1725552000000,1725566400000,55976.01000000,56710.00000000,55800.00000000,56060.01000000,4306.58366000,240,240,False
1725566400000,1725580800000,56060.00000000,56259.97000000,55643.65000000,56180.00000000,2419.66879000,240,240,False
1725580800000,1725595200000,56180.00000000,56858.88000000,55989.00000000,56588.00000000,3089.15324000,240,240,False
1725595200000,1725609600000,56588.01000000,56747.91000000,55280.00000000,55804.29000000,5943.85272000,240,240,False
1725609600000,1725624000000,55804.28000000,56262.11000000,55639.00000000,55999.09000000,4116.26102000,240,240,False
1725624000000,1725638400000,55999.09000000,57008.00000000,53808.00000000,54045.01000000,21136.96377000,240,240,False
1725638400000,1725652800000,54045.00000000,54435.00000000,53267.54000000,53534.28000000,11314.50356000,240,240,False
1725652800000,1725667200000,53534.27000000,53969.99000000,52550.00000000,53962.97000000,8847.03395000,240,240,False
1725667200000,1725681600000,53962.97000000,54095.65000000,53745.54000000,53818.91000000,2283.19066000,240,240,False
1725681600000,1725696000000,53818.92000000,54405.37000000,53814.00000000,54286.00000000,4210.82665000,240,240,False
1725696000000,1725710400000,54286.00000000,54492.98000000,54168.23000000,54326.00000000,2289.86562000,240,240,False
1725710400000,1725724800000,54326.01000000,54829.00000000,54326.00000000,54780.00000000,2510.87487000,240,240,False
1725724800000,1725739200000,54780.00000000,54850.00000000,54000.00000000,54404.01000000,3137.77696000,240,240,False
1725739200000,1725753600000,54404.01000000,54437.97000000,53814.01000000,54160.86000000,2261.51298000,240,240,False
1725753600000,1725768000000,54160.86000000,54509.00000000,53964.00000000,54402.99000000,1979.50014000,240,240,False
1725768000000,1725782400000,54402.98000000,54575.00000000,54261.10000000,54436.25000000,1722.23364000,240,240,False
1725782400000,1725796800000,54436.25000000,54722.85000000,54356.00000000,54556.08000000,1765.73164000,240,240,False
1725796800000,1725811200000,54556.08000000,54567.00000000,53640.00000000,53687.00000000,3500.41607000,240,240,False
1725811200000,1725825600000,53686.99000000,54531.10000000,53629.01000000,54337.01000000,2289.20807000,240,240,False
1725825600000,1725840000000,54337.02000000,55318.00000000,54184.00000000,54869.95000000,5017.05823000,240,240,False
1725840000000,1725854400000,54869.95000000,55370.23000000,54688.69000000,55115.00000000,4899.59127000,240,240,False
1725854400000,1725868800000,55115.00000000,55150.00000000,54591.96000000,54974.01000000,3091.16196000,240,240,False
1725868800000,1725883200000,54974.01000000,55555.00000000,54960.00000000,55264.87000000,3429.17626000,240,240,False
1725883200000,1725897600000,55264.87000000,55799.00000000,54804.00000000,55386.00000000,6542.48233000,240,240,False
1725897600000,1725912000000,55385.99000000,57177.00000000,55348.54000000,57089.54000000,9053.91852000,240,240,False
1725912000000,1725926400000,57089.53000000,58088.00000000,56810.00000000,57042.00000000,5368.18703000,240,240,False
1725926400000,1725940800000,57042.01000000,57065.34000000,56522.86000000,56524.74000000,3589.26607000,240,240,False
1725940800000,1725955200000,56524.74000000,57290.00000000,56386.40000000,57218.57000000,2969.98514000,240,240,False
1725955200000,1725969600000,57218.56000000,57378.00000000,56878.65000000,57228.00000000,3523.74246000,240,240,False
1725969600000,1725984000000,57228.01000000,57468.98000000,56502.31000000,56596.00000000,6137.02725000,240,240,False
1725984000000,1725998400000,56596.01000000,58044.36000000,56566.00000000,57952.01000000,5036.50689000,240,240,False
1725998400000,1726012800000,57952.01000000,57975.99000000,57453.00000000,57635.99000000,2370.25345000,240,240,False
1726012800000,1726027200000,57635.99000000,57750.00000000,56681.32000000,56819.55000000,4635.08566000,240,240,False
1726027200000,1726041600000,56819.56000000,56819.56000000,56100.00000000,56712.00000000,4361.14028000,240,240,False
1726041600000,1726056000000,56712.01000000,56895.82000000,56325.70000000,56797.99000000,4294.63231000,240,240,False
1726056000000,1726070400000,56798.00000000,57166.66000000,55545.19000000,56701.23000000,10825.44190000,240,240,False
1726070400000,1726084800000,56701.22000000,57981.71000000,56646.00000000,57585.50000000,7312.78160000,240,240,False
1726084800000,1726099200000,57585.50000000,57676.83000000,57211.10000000,57338.00000000,1597.48582000,240,240,False
1726099200000,1726113600000,57338.00000000,58470.01000000,57324.00000000,58232.72000000,4925.10026000,240,240,False
1726113600000,1726128000000,58232.73000000,58430.56000000,57836.28000000,58138.16000000,3805.17892000,240,240,False
1726128000000,1726142400000,58138.15000000,58350.00000000,57894.00000000,58057.99000000,3403.41297000,240,240,False
1726142400000,1726156800000,58058.00000000,58588.00000000,57345.23000000,57512.03000000,9147.61704000,240,240,False
1726156800000,1726171200000,57512.03000000,58450.99000000,57494.01000000,58388.00000000,5931.38887000,240,240,False
1726171200000,1726185600000,58388.00000000,58388.00000000,57781.10000000,58132.32000000,3861.70825000,240,240,False
1726185600000,1726200000000,58132.31000000,58290.40000000,57798.49000000,57845.97000000,2349.18013000,240,240,False
1726200000000,1726214400000,57845.97000000,58137.68000000,57742.00000000,58109.31000000,2043.62690000,240,240,False
1726214400000,1726228800000,58109.31000000,58350.00000000,57815.00000000,57871.10000000,2642.80891000,240,240,False
1726228800000,1726243200000,57871.10000000,59723.97000000,57632.62000000,59667.38000000,10230.19313000,240,240,False
1726243200000,1726257600000,59666.01000000,59999.00000000,59312.01000000,59743.99000000,6438.89464000,240,240,False
1726257600000,1726272000000,59743.99000000,60625.00000000,59633.40000000,60498.00000000,6120.52962000,240,240,False
1726272000000,1726286400000,60497.99000000,60610.45000000,60285.55000000,60329.37000000,2276.07277000,240,240,False
1726286400000,1726300800000,60329.38000000,60348.24000000,59900.00000000,60138.14000000,2520.20691000,240,240,False
1726300800000,1726315200000,60138.14000000,60156.00000000,59605.98000000,59706.39000000,2203.89620000,240,240,False
1726315200000,1726329600000,59706.40000000,60010.00000000,59626.01000000,59876.00000000,1704.29511000,240,240,False
1726329600000,1726344000000,59875.99000000,59983.39000000,59400.00000000,59810.00000000,2133.99814000,240,240,False
1726344000000,1726358400000,59810.01000000,60134.13000000,59774.00000000,59993.03000000,1299.43988000,240,240,False
1726358400000,1726372800000,59993.02000000,60280.06000000,59986.01000000,60155.93000000,1236.11942000,240,240,False
1726372800000,1726387200000,60155.93000000,60216.00000000,60032.90000000,60196.00000000,1021.60267000,240,240,False
1726387200000,1726401600000,60195.99000000,60204.00000000,59880.00000000,60000.51000000,1163.54597000,240,240,False
1726401600000,1726416000000,60000.51000000,60395.80000000,59871.00000000,60335.41000000,2112.81180000,240,240,False
1726416000000,1726430400000,60335.41000000,60352.65000000,59707.08000000,59878.22000000,3245.74935000,240,240,False
1726430400000,1726444800000,59878.23000000,59939.10000000,58691.05000000,59132.00000000,4978.09440000,240,240,False
1726444800000,1726459200000,59132.00000000,59210.70000000,58112.00000000,58575.09000000,5370.83860000,240,240,False
1726459200000,1726473600000,58575.09000000,58970.00000000,58312.54000000,58911.10000000,3433.45011000,240,240,False
1726473600000,1726488000000,58911.10000000,59179.35000000,58506.00000000,58663.99000000,3270.35511000,240,240,False
1726488000000,1726502400000,58664.00000000,58789.93000000,57553.38000000,57881.69000000,6950.28148000,240,240,False
1726502400000,1726516800000,57881.70000000,58263.84000000,57493.30000000,57943.99000000,4927.89314000,240,240,False
1726516800000,1726531200000,57943.99000000,58410.00000000,57608.00000000,58213.99000000,2524.74576000,240,240,False
1726531200000,1726545600000,58213.99000000,58343.99000000,57610.01000000,58060.00000000,2399.69133000,240,240,False
1726545600000,1726560000000,58060.00000000,58779.08000000,58028.00000000,58695.39000000,2401.70353000,240,240,False
1726560000000,1726574400000,58695.39000000,59300.00000000,58636.36000000,59080.99000000,3403.05073000,240,240,False
1726574400000,1726588800000,59080.99000000,61320.00000000,58872.02000000,61135.50000000,14518.51056000,240,240,False
1726588800000,1726603200000,61135.49000000,61261.00000000,59618.26000000,59967.99000000,7151.64931000,240,240,False
1726603200000,1726617600000,59967.98000000,60424.25000000,59715.42000000,60313.99000000,3241.65332000,240,240,False
1726617600000,1726632000000,60313.99000000,60769.00000000,59854.60000000,60509.99000000,3991.84107000,240,240,False
1726632000000,1726646400000,60510.00000000,60689.62000000,60199.68000000,60428.01000000,1833.32107000,240,240,False
1726646400000,1726660800000,60428.01000000,60428.01000000,59348.88000000,59846.00000000,4528.13103000,240,240,False
1726660800000,1726675200000,59846.00000000,60160.00000000,59308.61000000,59429.18000000,5117.90940000,240,240,False
1726675200000,1726689600000,59429.19000000,61318.60000000,59174.80000000,60057.99000000,14645.02961000,240,240,False
1726689600000,1726704000000,60057.99000000,61786.24000000,59473.68000000,61759.99000000,5970.79251000,240,240,False
1726704000000,1726718400000,61759.98000000,62589.52000000,61555.00000000,62117.99000000,8344.29250000,240,240,False
1726718400000,1726732800000,62117.98000000,62179.99000000,61814.00000000,62093.99000000,3360.24822000,240,240,False
1726732800000,1726747200000,62094.00000000,62727.52000000,61888.18000000,62645.44000000,3685.66229000,240,240,False
1726747200000,1726761600000,62645.44000000,63500.84000000,62582.14000000,63154.04000000,10166.54165000,240,240,False
1726761600000,1726776000000,63154.03000000,63850.00000000,62940.00000000,63251.99000000,6054.84450000,240,240,False
1726776000000,1726790400000,63251.99000000,63254.14000000,62650.00000000,62947.99000000,2720.93692000,240,240,False
1726790400000,1726804800000,62948.00000000,63750.00000000,62606.00000000,63742.16000000,3621.81690000,240,240,False
1726804800000,1726819200000,63742.15000000,64133.32000000,63390.32000000,63524.80000000,6638.35306000,240,240,False
1726819200000,1726833600000,63524.81000000,63700.00000000,63090.43000000,63440.00000000,3743.75146000,240,240,False
1726833600000,1726848000000,63440.01000000,63544.37000000,62553.90000000,63153.99000000,6589.92794000,240,240,False
1726848000000,1726862400000,63153.99000000,63282.00000000,62350.00000000,62809.13000000,3393.59501000,240,240,False
1726862400000,1726876800000,62809.13000000,63300.00000000,62709.30000000,63201.05000000,1478.93357000,240,240,False
1726876800000,1726891200000,63201.05000000,63310.37000000,62816.47000000,62889.57000000,1640.98964000,240,240,False
1726891200000,1726905600000,62889.58000000,63134.00000000,62758.00000000,63091.02000000,1209.98344000,240,240,False
1726905600000,1726920000000,63091.02000000,63136.00000000,62966.01000000,63089.77000000,1035.11805000,240,240,False
1726920000000,1726934400000,63089.76000000,63306.00000000,63036.92000000,63167.98000000,1603.27919000,240,240,False
1726934400000,1726948800000,63167.98000000,63400.00000000,63086.00000000,63203.59000000,1787.68953000,240,240,False
1726948800000,1726963200000,63203.59000000,63559.90000000,63058.00000000,63348.96000000,1098.28623000,240,240,False
1726963200000,1726977600000,63348.97000000,63450.00000000,62830.01000000,63106.00000000,1863.74001000,240,240,False
1726977600000,1726992000000,63106.00000000,63200.00000000,62838.00000000,62936.00000000,967.92007000,240,240,False
1726992000000,1727006400000,62936.00000000,63034.99000000,62544.94000000,62784.00000000,1840.93484000,240,240,False
1727006400000,1727020800000,62784.00000000,62930.00000000,62429.16000000,62652.12000000,2271.34613000,240,240,False
1727020800000,1727035200000,62652.12000000,63229.50000000,62468.01000000,63160.00000000,2262.34879000,240,240,False
1727035200000,1727049600000,63160.00000000,64000.00000000,62357.93000000,63578.76000000,5035.90908000,240,240,False
1727049600000,1727064000000,63578.76000000,64745.88000000,62538.75000000,64354.00000000,7140.31946000,240,240,False
1727064000000,1727078400000,64354.00000000,64455.13000000,63400.00000000,63548.82000000,3443.68917000,240,240,False
1727078400000,1727092800000,63548.83000000,63710.00000000,63300.00000000,63435.04000000,2927.24270000,240,240,False
1727092800000,1727107200000,63435.03000000,63806.00000000,63059.93000000,63618.00000000,5683.13836000,240,240,False
1727107200000,1727121600000,63617.99000000,63825.96000000,63098.97000000,63298.56000000,3051.89312000,240,240,False
1727121600000,1727136000000,63300.01000000,63489.00000000,63088.69000000,63339.99000000,1831.77006000,240,240,False
1727136000000,1727150400000,63339.99000000,63401.21000000,62700.00000000,63124.00000000,4362.37127000,240,240,False
1727150400000,1727164800000,63124.01000000,63569.99000000,62900.00000000,63559.92000000,2295.13582000,240,240,False
1727164800000,1727179200000,63559.93000000,63948.00000000,63380.00000000,63478.34000000,2935.03801000,240,240,False
1727179200000,1727193600000,63478.35000000,63768.00000000,62731.10000000,63159.99000000,5750.10021000,240,240,False
1727193600000,1727208000000,63159.99000000,64375.00000000,63088.02000000,64292.34000000,4151.18148000,240,240,False
1727208000000,1727222400000,64292.35000000,64688.00000000,63966.66000000,64262.70000000,3691.22080000,240,240,False
1727222400000,1727236800000,64262.70000000,64817.99000000,63990.41000000,64460.00000000,3313.63849000,240,240,False
1727236800000,1727251200000,64460.01000000,64460.23000000,63645.49000000,63843.33000000,2493.73409000,240,240,False
1727251200000,1727265600000,63843.34000000,63915.07000000,63407.70000000,63838.01000000,2671.75745000,240,240,False
1727265600000,1727280000000,63838.01000000,63999.00000000,63283.37000000,63495.66000000,3683.29568000,240,240,False
1727280000000,1727294400000,63495.66000000,63670.00000000,63000.00000000,63181.50000000,3421.13755000,240,240,False
1727294400000,1727308800000,63181.51000000,63551.81000000,62947.08000000,63152.01000000,2229.54842000,240,240,False
1727308800000,1727323200000,63152.01000000,63544.00000000,62670.00000000,63514.34000000,3182.84060000,240,240,False
1727323200000,1727337600000,63514.35000000,63874.41000000,63340.00000000,63852.07000000,1978.65426000,240,240,False
1727337600000,1727352000000,63852.07000000,64500.00000000,63595.67000000,64393.99000000,4265.52614000,240,240,False
1727352000000,1727366400000,64393.98000000,65550.00000000,64150.00000000,65229.03000000,10972.58828000,240,240,False
1727366400000,1727380800000,65229.03000000,65839.00000000,64693.26000000,64711.06000000,5421.22806000,240,240,False
1727380800000,1727395200000,64711.07000000,65244.00000000,64633.52000000,65173.99000000,2552.46859000,240,240,False
1727395200000,1727409600000,65173.99000000,65425.00000000,64819.90000000,65366.01000000,2512.15165000,240,240,False
1727409600000,1727424000000,65366.01000000,65550.00000000,65099.99000000,65460.02000000,3455.03541000,240,240,False
1727424000000,1727438400000,65460.02000000,65986.00000000,65342.78000000,65437.35000000,3894.19370000,240,240,False
1727438400000,1727452800000,65437.36000000,66498.00000000,65314.31000000,66006.01000000,7244.94249000,240,240,False
1727452800000,1727467200000,66006.01000000,66360.00000000,65524.00000000,65657.99000000,3581.38796000,240,240,False
1727467200000,1727481600000,65657.99000000,65962.00000000,65625.00000000,65769.95000000,1361.09366000,240,240,False
1727481600000,1727496000000,65769.95000000,66260.00000000,65720.00000000,66063.76000000,1667.03312000,240,240,False
1727496000000,1727510400000,66063.76000000,66087.00000000,65738.00000000,65824.01000000,1261.99889000,240,240,False
1727510400000,1727524800000,65824.01000000,65824.01000000,65453.00000000,65798.01000000,1658.51739000,240,240,False
1727524800000,1727539200000,65798.01000000,65816.00000000,65422.23000000,65619.13000000,1613.79987000,240,240,False
1727539200000,1727553600000,65619.14000000,65823.08000000,65492.59000000,65724.00000000,1744.50199000,240,240,False
1727553600000,1727568000000,65724.00000000,65982.16000000,65432.00000000,65858.00000000,1181.38190000,240,240,False
1727568000000,1727582400000,65858.00000000,65984.00000000,65647.28000000,65815.92000000,1175.81973000,240,240,False
1727582400000,1727596800000,65815.93000000,65815.93000000,65432.00000000,65477.01000000,1284.12437000,240,240,False
1727596800000,1727611200000,65477.01000000,65720.00000000,65433.00000000,65691.92000000,1041.46532000,240,240,False
1727611200000,1727625600000,65691.92000000,65850.00000000,65576.21000000,65751.34000000,1924.67822000,240,240,False
1727625600000,1727640000000,65751.34000000,65972.17000000,65654.01000000,65958.82000000,1134.64262000,240,240,False
1727640000000,1727654400000,65958.81000000,66076.12000000,65528.00000000,65602.01000000,1777.01085000,240,240,False
1727654400000,1727668800000,65602.01000000,65618.80000000,64190.00000000,64553.68000000,6048.78935000,240,240,False
1727668800000,1727683200000,64553.68000000,64750.01000000,64310.00000000,64562.01000000,3209.21927000,240,240,False
1727683200000,1727697600000,64562.01000000,64576.01000000,63249.68000000,63819.44000000,7287.18568000,240,240,False
1727697600000,1727712000000,63819.45000000,64161.08000000,63508.00000000,63561.41000000,4845.53912000,240,240,False
1727712000000,1727726400000,63561.42000000,63738.25000000,63056.00000000,63488.00000000,5487.90402000,240,240,False
1727726400000,1727740800000,63488.00000000,63860.00000000,62856.30000000,63327.59000000,3132.45008000,240,240,False
1727740800000,1727755200000,63327.60000000,63744.00000000,63006.70000000,63723.48000000,3879.35185000,240,240,False
1727755200000,1727769600000,63723.47000000,64130.63000000,63652.06000000,64045.92000000,3515.39368000,240,240,False
1727769600000,1727784000000,64045.92000000,64118.00000000,63707.89000000,63734.00000000,3230.34622000,240,240,False
1727784000000,1727798400000,63734.01000000,63809.97000000,61814.01000000,62628.85000000,12629.85952000,240,240,False
1727798400000,1727812800000,62628.85000000,62778.73000000,61092.00000000,61755.99000000,12278.90165000,240,240,False
1727812800000,1727827200000,61755.99000000,61760.74000000,60164.00000000,60805.78000000,8137.62816000,240,240,False
1727827200000,1727841600000,60804.92000000,61883.00000000,60733.81000000,61750.47000000,4288.88242000,240,240,False
1727841600000,1727856000000,61750.46000000,61940.00000000,61350.00000000,61727.40000000,2824.36251000,240,240,False
1727856000000,1727870400000,61727.39000000,61914.34000000,60888.88000000,61164.01000000,3827.59582000,240,240,False
1727870400000,1727884800000,61164.01000000,61926.90000000,60524.21000000,61874.01000000,7565.27679000,240,240,False
1727884800000,1727899200000,61874.01000000,62390.31000000,60000.00000000,60190.01000000,7929.51771000,240,240,False
1727899200000,1727913600000,60190.01000000,60999.24000000,60128.00000000,60649.28000000,5099.06593000,240,240,False
1727913600000,1727928000000,60649.27000000,61464.00000000,60536.00000000,61463.99000000,3657.31206000,240,240,False
1727928000000,1727942400000,61464.00000000,61477.19000000,60814.12000000,60926.00000000,3351.19716000,240,240,False
1727942400000,1727956800000,60926.00000000,61070.47000000,60126.56000000,60764.74000000,4407.11899000,240,240,False
1727956800000,1727971200000,60764.73000000,60900.00000000,59828.11000000,60641.50000000,8572.02693000,240,240,False
1727971200000,1727985600000,60641.50000000,61058.00000000,59917.02000000,61036.00000000,4408.85414000,240,240,False
1727985600000,1728000000000,61036.00000000,61100.00000000,60596.40000000,60752.71000000,1824.92544000,240,240,False
1728000000000,1728014400000,60752.72000000,61272.73000000,60459.90000000,60951.99000000,2373.59688000,240,240,False
1728014400000,1728028800000,60951.99000000,61544.98000000,60936.66000000,61443.64000000,2454.00481000,240,240,False
1728028800000,1728043200000,61443.64000000,61646.27000000,61266.42000000,61449.84000000,2343.66551000,240,240,False
1728043200000,1728057600000,61449.84000000,62004.48000000,60753.97000000,61873.04000000,8500.98500000,240,240,False
1728057600000,1728072000000,61873.05000000,62468.00000000,61644.01000000,62368.00000000,4031.14494000,240,240,False
1728072000000,1728086400000,62368.00000000,62484.85000000,61965.14000000,62086.00000000,1591.26280000,240,240,False
1728086400000,1728100800000,62086.00000000,62214.00000000,61689.26000000,61861.99000000,1490.81546000,240,240,False
1728100800000,1728115200000,61861.99000000,62268.28000000,61824.01000000,62076.19000000,1052.59709000,240,240,False
1728115200000,1728129600000,62076.20000000,62326.48000000,62076.19000000,62180.00000000,1522.84096000,240,240,False
1728129600000,1728144000000,62179.99000000,62370.56000000,62100.00000000,62167.66000000,1317.65584000,240,240,False
1728144000000,1728158400000,62167.65000000,62180.00000000,61790.00000000,61848.48000000,1408.81584000,240,240,False
1728158400000,1728172800000,61848.48000000,62100.00000000,61700.00000000,62058.00000000,1014.73622000,240,240,False
1728172800000,1728187200000,62058.01000000,62150.00000000,61876.00000000,61878.66000000,882.65112000,240,240,False
1728187200000,1728201600000,61878.66000000,62010.00000000,61798.97000000,61949.01000000,907.06061000,240,240,False
1728201600000,1728216000000,61949.01000000,62176.75000000,61922.00000000,62101.92000000,936.78235000,240,240,False
1728216000000,1728230400000,62101.92000000,62777.00000000,62065.31000000,62720.01000000,3063.00545000,240,240,False
1728230400000,1728244800000,62720.01000000,62975.00000000,62550.00000000,62631.38000000,1681.72471000,240,240,False
1728244800000,1728259200000,62631.38000000,62912.33000000,62302.00000000,62819.91000000,1435.63753000,240,240,False
1728259200000,1728273600000,62819.91000000,63970.19000000,62657.44000000,63530.51000000,4456.00399000,240,240,False
1728273600000,1728288000000,63530.51000000,63753.91000000,63300.48000000,63531.99000000,2115.03780000,240,240,False
1728288000000,1728302400000,63532.00000000,63706.00000000,62649.95000000,63135.44000000,4457.19558000,240,240,False
1728302400000,1728316800000,63135.45000000,64478.19000000,62825.37000000,63651.60000000,7602.50861000,240,240,False
1728316800000,1728331200000,63651.59000000,63906.57000000,62735.90000000,63382.00000000,4094.49583000,240,240,False
1728331200000,1728345600000,63381.99000000,63410.00000000,62128.00000000,62224.00000000,3240.94339000,240,240,False
1728345600000,1728360000000,62224.01000000,62820.00000000,62156.02000000,62629.80000000,2759.18935000,240,240,False
1728360000000,1728374400000,62629.80000000,62778.04000000,62005.00000000,62319.99000000,2588.87096000,240,240,False
1728374400000,1728388800000,62319.99000000,62670.16000000,62193.63000000,62624.01000000,2240.95507000,240,240,False
1728388800000,1728403200000,62624.02000000,63200.00000000,61864.89000000,62288.01000000,6977.22252000,240,240,False
1728403200000,1728417600000,62288.01000000,62598.00000000,61860.31000000,62245.53000000,3585.78327000,240,240,False
1728417600000,1728432000000,62245.99000000,62565.95000000,62026.13000000,62160.49000000,1550.20254000,240,240,False
1728432000000,1728446400000,62160.50000000,62494.00000000,62002.50000000,62394.07000000,2218.57179000,240,240,False
1728446400000,1728460800000,62394.07000000,62543.75000000,62200.00000000,62276.78000000,2041.93089000,240,240,False
1728460800000,1728475200000,62276.79000000,62287.07000000,62046.69000000,62200.00000000,1718.42818000,240,240,False
1728475200000,1728489600000,62199.99000000,62412.09000000,61634.61000000,62316.00000000,5229.60107000,240,240,False
1728489600000,1728504000000,62316.00000000,62350.00000000,60835.00000000,61031.98000000,5071.40002000,240,240,False
1728504000000,1728518400000,61031.99000000,61122.53000000,60301.00000000,60636.02000000,3731.22489000,240,240,False
1728518400000,1728532800000,60636.01000000,60956.00000000,60355.00000000,60865.29000000,2727.57646000,240,240,False
1728532800000,1728547200000,60865.29000000,61149.58000000,60814.90000000,60900.00000000,1627.37524000,240,240,False
1728547200000,1728561600000,60900.01000000,61321.68000000,60630.71000000,61262.00000000,2559.67177000,240,240,False
1728561600000,1728576000000,61262.01000000,61320.00000000,60444.99000000,60789.36000000,5227.91174000,240,240,False
1728576000000,1728590400000,60789.36000000,61030.31000000,58946.00000000,59727.28000000,8517.95777000,240,240,False
1728590400000,1728604800000,59727.27000000,60329.27000000,59586.29000000,60326.39000000,3307.43183000,240,240,False
1728604800000,1728619200000,60326.40000000,60768.64000000,60087.64000000,60614.00000000,2415.18063000,240,240,False
1728619200000,1728633600000,60614.01000000,60925.16000000,60578.00000000,60674.69000000,2034.06082000,240,240,False
1728633600000,1728648000000,60674.68000000,61263.40000000,60650.44000000,61174.87000000,2754.98816000,240,240,False
1728648000000,1728662400000,61174.88000000,62450.00000000,61129.72000000,62259.05000000,6907.87356000,240,240,False
1728662400000,1728676800000,62259.04000000,63417.56000000,62123.00000000,63086.01000000,6450.87430000,240,240,False
1728676800000,1728691200000,63086.00000000,63160.00000000,62357.70000000,62540.00000000,3078.37462000,240,240,False
1728691200000,1728705600000,62539.99000000,63073.78000000,62487.23000000,62568.00000000,2510.94662000,240,240,False
1728705600000,1728720000000,62568.00000000,62800.00000000,62565.51000000,62767.57000000,1198.66803000,240,240,False
1728720000000,1728734400000,62767.57000000,63260.53000000,62672.34000000,62936.91000000,1999.15341000,240,240,False
1728734400000,1728748800000,62936.91000000,63480.00000000,62824.03000000,63157.49000000,2690.48359000,240,240,False
1728748800000,1728763200000,63157.50000000,63400.00000000,62911.00000000,63000.01000000,1537.73891000,240,240,False
1728763200000,1728777600000,63000.01000000,63388.00000000,63000.00000000,63206.22000000,974.31060000,240,240,False
1728777600000,1728792000000,63206.23000000,63285.72000000,62654.91000000,62712.31000000,1978.86462000,240,240,False
1728792000000,1728806400000,62712.31000000,62990.00000000,62707.21000000,62843.48000000,976.93771000,240,240,False
1728806400000,1728820800000,62843.48000000,62962.00000000,62520.18000000,62561.33000000,2072.26507000,240,240,False
1728820800000,1728835200000,62561.34000000,62818.00000000,62050.00000000,62229.31000000,2882.28535000,240,240,False
1728835200000,1728849600000,62229.32000000,62887.78000000,62177.67000000,62734.32000000,2186.22682000,240,240,False
1728849600000,1728864000000,62734.31000000,63125.00000000,62610.67000000,62870.02000000,1812.64038000,240,240,False
1728864000000,1728878400000,62870.02000000,64392.49000000,62457.81000000,64299.99000000,5202.69582000,240,240,False
1728878400000,1728892800000,64300.00000000,64686.00000000,63778.62000000,64620.87000000,6540.20770000,240,240,False
1728892800000,1728907200000,64620.87000000,65188.57000000,64340.98000000,64920.06000000,5338.83523000,240,240,False
1728907200000,1728921600000,64920.05000000,66299.93000000,64660.56000000,65870.00000000,11165.96157000,240,240,False
1728921600000,1728936000000,65870.00000000,66072.30000000,65459.00000000,65939.40000000,5541.11281000,240,240,False
1728936000000,1728950400000,65939.41000000,66500.00000000,65730.00000000,66083.99000000,3881.13909000,240,240,False
1728950400000,1728964800000,66084.00000000,66330.00000000,65324.40000000,65400.00000000,3574.82599000,240,240,False
1728964800000,1728979200000,65399.99000000,65846.00000000,65201.00000000,65638.74000000,3319.36953000,240,240,False
1728979200000,1728993600000,65638.74000000,65850.00000000,65280.00000000,65399.69000000,3798.65244000,240,240,False
1728993600000,1729008000000,65399.68000000,67950.00000000,64800.01000000,66022.00000000,20567.31949000,240,240,False
1729008000000,1729022400000,66022.01000000,67390.89000000,65982.55000000,66970.18000000,8440.07018000,240,240,False
1729022400000,1729036800000,66970.18000000,67156.47000000,66130.64000000,67074.14000000,3983.71660000,240,240,False
1729036800000,1729051200000,67074.14000000,67561.04000000,66750.49000000,67095.98000000,3508.40240000,240,240,False
1729051200000,1729065600000,67095.99000000,67361.41000000,66775.67000000,66972.53000000,3070.41603000,240,240,False
1729065600000,1729080000000,66972.53000000,68424.00000000,66917.52000000,67894.72000000,8671.10496000,240,240,False
1729080000000,1729094400000,67894.73000000,68308.91000000,67117.18000000,67749.99000000,9342.21060000,240,240,False
1729094400000,1729108800000,67750.00000000,68100.00000000,67482.00000000,67728.00000000,3575.32974000,240,240,False
1729108800000,1729123200000,67728.01000000,67954.03000000,67500.00000000,67620.01000000,1770.79171000,240,240,False
1729123200000,1729137600000,67620.00000000,67939.40000000,67406.99000000,67601.40000000,2503.78211000,240,240,False
1729137600000,1729152000000,67601.40000000,67601.40000000,67087.35000000,67303.18000000,3552.90409000,240,240,False
1729152000000,1729166400000,67303.18000000,67530.01000000,66741.09000000,66872.43000000,4840.70419000,240,240,False
1729166400000,1729180800000,66872.44000000,67680.00000000,66666.00000000,67590.66000000,6644.01683000,240,240,False
1729180800000,1729195200000,67590.67000000,67590.67000000,66720.00000000,66840.00000000,5364.13174000,240,240,False
1729195200000,1729209600000,66840.00000000,67480.00000000,66827.68000000,67421.78000000,2422.68965000,240,240,False
1729209600000,1729224000000,67421.78000000,68260.92000000,67192.36000000,67555.40000000,4815.67963000,240,240,False
1729224000000,1729238400000,67555.41000000,68378.95000000,67544.00000000,67969.70000000,4436.03787000,240,240,False
1729238400000,1729252800000,67969.69000000,68050.00000000,67674.98000000,67702.00000000,3604.45968000,240,240,False
1729252800000,1729267200000,67702.00000000,68870.68000000,67642.71000000,68735.35000000,8981.93414000,240,240,False
1729267200000,1729281600000,68735.34000000,69000.00000000,68360.00000000,68608.01000000,5094.27340000,240,240,False
1729281600000,1729296000000,68608.01000000,68690.00000000,68204.10000000,68428.00000000,1793.25028000,240,240,False
1729296000000,1729310400000,68427.99000000,68693.26000000,68303.03000000,68450.01000000,1376.73627000,240,240,False
1729310400000,1729324800000,68450.00000000,68560.00000000,68302.31000000,68346.54000000,1113.67315000,240,240,False
1729324800000,1729339200000,68346.54000000,68475.70000000,68090.30000000,68090.30000000,1655.36285000,240,240,False
1729339200000,1729353600000,68090.30000000,68350.00000000,68088.00000000,68226.93000000,1346.90882000,240,240,False
1729353600000,1729368000000,68226.94000000,68242.43000000,68010.00000000,68181.98000000,1019.59496000,240,240,False
1729368000000,1729382400000,68181.98000000,68413.96000000,68168.45000000,68378.00000000,1681.39132000,240,240,False
1729382400000,1729396800000,68377.99000000,68446.00000000,68100.00000000,68188.00000000,1054.72024000,240,240,False
1729396800000,1729411200000,68188.01000000,68433.50000000,68176.26000000,68378.00000000,1441.04305000,240,240,False
1729411200000,1729425600000,68378.01000000,68500.00000000,68355.00000000,68420.01000000,1130.42068000,240,240,False
1729425600000,1729440000000,68420.01000000,68772.70000000,68198.22000000,68625.99000000,3025.00337000,240,240,False
1729440000000,1729454400000,68625.99000000,68660.00000000,68422.00000000,68508.29000000,1137.38491000,240,240,False
1729454400000,1729468800000,68508.30000000,69400.00000000,68461.93000000,69031.99000000,4653.90153000,240,240,False
1729468800000,1729483200000,69032.00000000,69519.52000000,68588.51000000,68939.99000000,4025.34961000,240,240,False
1729483200000,1729497600000,68940.00000000,69185.18000000,68488.33000000,68514.00000000,2657.04256000,240,240,False
1729497600000,1729512000000,68513.99000000,68661.00000000,68119.01000000,68238.01000000,4244.21652000,240,240,False
1729512000000,1729526400000,68238.00000000,68328.68000000,66840.67000000,67341.02000000,12814.65836000,240,240,False
1729526400000,1729540800000,67341.02000000,67941.17000000,66894.00000000,67763.00000000,5541.16575000,240,240,False
1729540800000,1729555200000,67763.99000000,67933.79000000,67366.66000000,67377.50000000,2091.98904000,240,240,False
1729555200000,1729569600000,67377.50000000,67694.92000000,66571.42000000,67390.02000000,4530.23136000,240,240,False
1729569600000,1729584000000,67390.01000000,67800.00000000,67278.02000000,67402.00000000,2582.69229000,240,240,False
1729584000000,1729598400000,67402.00000000,67526.67000000,66740.00000000,67299.15000000,5952.92995000,240,240,False
1729598400000,1729612800000,67299.15000000,67693.34000000,66644.18000000,67282.27000000,6233.58519000,240,240,False
1729612800000,1729627200000,67282.27000000,67635.72000000,66920.00000000,67482.98000000,3629.34667000,240,240,False
1729627200000,1729641600000,67482.99000000,67836.01000000,67292.00000000,67426.00000000,1670.17722000,240,240,False
1729641600000,1729656000000,67426.01000000,67472.83000000,66890.00000000,67082.10000000,2192.04981000,240,240,False
1729656000000,1729670400000,67082.10000000,67302.83000000,66800.00000000,66852.34000000,2205.04466000,240,240,False
1729670400000,1729684800000,66852.33000000,67048.00000000,66200.00000000,66414.00000000,4678.16343000,240,240,False
1729684800000,1729699200000,66414.00000000,66910.15000000,65923.01000000,66223.44000000,6555.45611000,240,240,False
1729699200000,1729713600000,66223.45000000,66573.58000000,65260.00000000,66472.00000000,7747.67519000,240,240,False
1729713600000,1729728000000,66472.00000000,66807.37000000,66338.99000000,66668.65000000,2151.85150000,240,240,False
1729728000000,1729742400000,66668.65000000,67612.12000000,66510.00000000,67213.16000000,4069.13262000,240,240,False
1729742400000,1729756800000,67213.16000000,67479.55000000,67068.75000000,67123.08000000,2168.24652000,240,240,False
1729756800000,1729771200000,67123.09000000,67322.26000000,66700.00000000,67285.99000000,3627.57529000,240,240,False
1729771200000,1729785600000,67286.00000000,67998.00000000,67262.00000000,67701.22000000,5556.69154000,240,240,False
1729785600000,1729800000000,67701.21000000,68323.00000000,67350.01000000,68309.79000000,4018.19794000,240,240,False
1729800000000,1729814400000,68309.79000000,68850.00000000,67978.04000000,68198.28000000,3149.99486000,240,240,False
1729814400000,1729828800000,68198.27000000,68286.56000000,67836.00000000,68008.00000000,2103.46788000,240,240,False
1729828800000,1729843200000,68007.99000000,68045.36000000,67250.00000000,67531.97000000,3239.24812000,240,240,False
1729843200000,1729857600000,67531.96000000,68183.78000000,67286.28000000,68105.79000000,3432.59534000,240,240,False
1729857600000,1729872000000,68105.79000000,68771.49000000,67429.87000000,67690.01000000,6063.80083000,240,240,False
1729872000000,1729886400000,67690.01000000,67890.52000000,66006.60000000,66850.00000000,12819.56162000,240,240,False
1729886400000,1729900800000,66849.99000000,67392.52000000,65596.29000000,66698.33000000,6821.03746000,240,240,False
1729900800000,1729915200000,66698.32000000,67050.20000000,66439.90000000,66914.00000000,3685.00548000,240,240,False
1729915200000,1729929600000,66914.00000000,67240.02000000,66784.26000000,67007.99000000,1628.86516000,240,240,False
1729929600000,1729944000000,67007.99000000,67264.34000000,66953.02000000,67138.00000000,1491.87488000,240,240,False
1729944000000,1729958400000,67138.00000000,67180.00000000,66744.00000000,66886.49000000,2610.78256000,240,240,False
1729958400000,1729972800000,66886.49000000,67181.82000000,66788.00000000,67177.99000000,1318.30448000,240,240,False
1729972800000,1729987200000,67178.00000000,67454.55000000,67084.00000000,67092.76000000,1108.07514000,240,240,False
1729987200000,1730001600000,67092.76000000,67325.46000000,66913.73000000,67289.57000000,986.04169000,240,240,False
1730001600000,1730016000000,67289.57000000,67317.78000000,67120.00000000,67204.01000000,668.95382000,240,240,False
1730016000000,1730030400000,67204.00000000,67266.49000000,67036.85000000,67128.04000000,1089.42823000,240,240,False
1730030400000,1730044800000,67128.03000000,67858.00000000,67121.45000000,67791.99000000,2061.49126000,240,240,False
1730044800000,1730059200000,67792.00000000,68000.00000000,67540.88000000,67850.00000000,1636.67932000,240,240,False
1730059200000,1730073600000,67850.00000000,68332.05000000,67688.09000000,68021.70000000,2210.60160000,240,240,False
1730073600000,1730088000000,68021.69000000,68116.78000000,67677.77000000,67727.59000000,1748.50819000,240,240,False
1730088000000,1730102400000,67727.59000000,68680.00000000,67618.00000000,68415.52000000,3228.44557000,240,240,False
1730102400000,1730116800000,68415.52000000,68833.57000000,68238.81000000,68753.78000000,2668.85534000,240,240,False
1730116800000,1730131200000,68753.78000000,69280.00000000,68426.67000000,68494.20000000,7619.52629000,240,240,False
1730131200000,1730145600000,68494.20000000,69900.00000000,68452.54000000,69629.98000000,7959.90622000,240,240,False
1730145600000,1730160000000,69629.99000000,70270.00000000,69427.79000000,69962.21000000,5821.51298000,240,240,False
1730160000000,1730174400000,69962.21000000,71587.88000000,69760.00000000,70938.14000000,9260.69533000,240,240,False
1730174400000,1730188800000,70938.15000000,71370.00000000,70837.83000000,71017.97000000,5390.71759000,240,240,False
1730188800000,1730203200000,71017.96000000,71578.95000000,70974.00000000,71452.01000000,4333.82377000,240,240,False
1730203200000,1730217600000,71452.02000000,72429.99000000,70929.00000000,72402.01000000,11510.00980000,240,240,False
1730217600000,1730232000000,72402.00000000,73620.12000000,72350.70000000,72536.16000000,14375.99601000,240,240,False
1730232000000,1730246400000,72536.38000000,72978.90000000,71864.65000000,72736.42000000,5257.36344000,240,240,False
1730246400000,1730260800000,72736.41000000,72785.72000000,72000.01000000,72234.00000000,3553.75950000,240,240,False
1730260800000,1730275200000,72234.00000000,72610.00000000,72100.00000000,72227.99000000,3065.87039000,240,240,False
1730275200000,1730289600000,72227.99000000,72604.97000000,71926.82000000,71983.99000000,3249.22754000,240,240,False
1730289600000,1730304000000,71984.00000000,72470.00000000,71436.00000000,72061.34000000,7786.81964000,240,240,False
1730304000000,1730318400000,72061.34000000,72197.50000000,71641.77000000,71822.01000000,3301.81939000,240,240,False
1730318400000,1730332800000,71822.01000000,72961.00000000,71644.19000000,72344.74000000,5928.49410000,240,240,False
1730332800000,1730347200000,72344.75000000,72599.99000000,72030.08000000,72353.74000000,2955.82677000,240,240,False
1730347200000,1730361600000,72353.75000000,72478.00000000,72150.00000000,72417.19000000,2300.55532000,240,240,False
1730361600000,1730376000000,72417.19000000,72700.00000000,72149.79000000,72226.00000000,3129.22143000,240,240,False
1730376000000,1730390400000,72226.00000000,72276.00000000,70431.77000000,70620.00000000,10391.35314000,240,240,False
1730390400000,1730404800000,70620.01000000,70949.51000000,70036.00000000,70092.07000000,5987.52232000,240,240,False
1730404800000,1730419200000,70092.07000000,70654.76000000,69685.76000000,70292.01000000,4587.62399000,240,240,False
1730419200000,1730433600000,70292.01000000,70470.00000000,68830.00000000,69369.99000000,6736.08255000,240,240,False
1730433600000,1730448000000,69369.99000000,69699.14000000,69080.00000000,69273.70000000,3840.13342000,240,240,False
1730448000000,1730462400000,69273.70000000,70228.00000000,69237.26000000,70002.01000000,4258.62726000,240,240,False
1730462400000,1730476800000,70002.01000000,71632.95000000,69044.00000000,69387.77000000,12583.25292000,240,240,False
1730476800000,1730491200000,69387.78000000,70515.16000000,68820.14000000,69268.00000000,8722.26319000,240,240,False
1730491200000,1730505600000,69268.00000000,69627.00000000,68854.50000000,69496.01000000,2161.50821000,240,240,False
1730505600000,1730520000000,69496.00000000,69914.37000000,69479.91000000,69599.99000000,1888.97948000,240,240,False
1730520000000,1730534400000,69599.99000000,69823.94000000,69446.00000000,69813.91000000,1298.14761000,240,240,False
1730534400000,1730548800000,69813.91000000,69838.62000000,69417.88000000,69608.00000000,1279.60030000,240,240,False
1730548800000,1730563200000,69608.00000000,69711.59000000,69000.14000000,69393.17000000,3365.13104000,240,240,False
1730563200000,1730577600000,69393.18000000,69616.00000000,69215.00000000,69510.00000000,1553.51785000,240,240,False
1730577600000,1730592000000,69510.00000000,69571.99000000,69149.00000000,69374.74000000,1136.29615000,240,240,False
1730592000000,1730606400000,69374.74000000,69391.00000000,67864.16000000,68379.89000000,5846.40920000,240,240,False
1730606400000,1730620800000,68379.90000000,68771.58000000,68303.99000000,68397.42000000,1961.64190000,240,240,False
1730620800000,1730635200000,68397.42000000,68603.58000000,68200.01000000,68358.86000000,2460.80349000,240,240,False
1730635200000,1730649600000,68358.86000000,68560.00000000,67478.73000000,68090.90000000,6042.77974000,240,240,False
1730649600000,1730664000000,68090.91000000,68693.81000000,67667.21000000,68679.00000000,4811.23179000,240,240,False
1730664000000,1730678400000,68679.00000000,69358.00000000,68492.82000000,68775.99000000,3872.83631000,240,240,False
1730678400000,1730692800000,68775.99000000,69500.00000000,68240.61000000,69047.86000000,3531.81884000,240,240,False
1730692800000,1730707200000,69047.86000000,69401.55000000,68618.00000000,68618.00000000,2753.25815000,240,240,False
1730707200000,1730721600000,68618.00000000,69036.00000000,68470.00000000,68792.71000000,3061.68173000,240,240,False
1730721600000,1730736000000,68792.72000000,69264.52000000,68202.99000000,68646.01000000,6502.89800000,240,240,False
1730736000000,1730750400000,68646.01000000,68814.32000000,67251.50000000,67856.00000000,7022.60435000,240,240,False
1730750400000,1730764800000,67856.01000000,68106.07000000,66835.00000000,67850.01000000,6928.13080000,240,240,False
1730764800000,1730779200000,67850.01000000,68255.00000000,67476.63000000,68243.00000000,3631.30352000,240,240,False
1730779200000,1730793600000,68243.01000000,68976.00000000,68218.51000000,68893.99000000,3527.68448000,240,240,False
1730793600000,1730808000000,68894.00000000,69100.00000000,68615.11000000,68810.03000000,3105.13722000,240,240,False
1730808000000,1730822400000,68810.03000000,70325.06000000,68666.00000000,69639.99000000,9273.82987000,240,240,False
1730822400000,1730836800000,69640.00000000,70577.91000000,68732.77000000,68995.99000000,8251.89006000,240,240,False
1730836800000,1730851200000,68995.99000000,69898.02000000,68786.91000000,69372.01000000,5565.22373000,240,240,False
1730851200000,1730865600000,69372.01000000,75000.00000000,69298.00000000,74348.53000000,29431.19693700,240,240,False
1730865600000,1730880000000,74348.53000000,75407.10000000,72727.00000000,73370.89000000,26064.89802100,240,240,False
1730880000000,1730894400000,73370.89000000,74475.47000000,72656.31000000,74272.01000000,13990.39249000,240,240,False
1730894400000,1730908800000,74272.00000000,74757.58000000,73488.00000000,74298.00000000,13980.04537000,240,240,False
1730908800000,1730923200000,74297.99000000,75850.00000000,74150.00000000,75823.55000000,11500.39107200,240,240,False
1730923200000,1730937600000,75823.55000000,76400.00000000,75507.10000000,75571.99000000,9160.07089700,240,240,False
1730937600000,1730952000000,75571.99000000,76022.79000000,75003.83000000,75048.01000000,7170.25219000,240,240,False
1730952000000,1730966400000,75048.01000000,75048.01000000,74416.00000000,74757.58000000,5435.11503000,240,240,False
1730966400000,1730980800000,74757.58000000,75150.11000000,74649.54000000,74746.00000000,3766.42463000,240,240,False
1730980800000,1730995200000,74745.99000000,76059.69000000,74512.19000000,76059.69000000,7599.95000000,240,240,False
1730995200000,1731009600000,76059.68000000,76718.99000000,75555.17000000,76530.39000000,13850.28342500,240,240,False
1731009600000,1731024000000,76530.40000000,76849.99000000,75494.00000000,75857.89000000,7047.39707000,240,240,False
1731024000000,1731038400000,75857.89000000,76358.00000000,75555.00000000,75890.79000000,4416.57747000,240,240,False
1731038400000,1731052800000,75890.79000000,76220.00000000,75686.00000000,76148.49000000,5001.36124000,240,240,False
1731052800000,1731067200000,76148.49000000,76320.00000000,75760.00000000,75934.46000000,3321.24860000,240,240,False
1731067200000,1731081600000,75934.47000000,76584.60000000,75630.76000000,76427.72000000,9261.36209000,240,240,False
1731081600000,1731096000000,76427.72000000,77199.99000000,75822.07000000,76912.58000000,9446.86370300,240,240,False
1731096000000,1731110400000,76912.58000000,77097.00000000,76300.23000000,76509.78000000,5073.68648000,240,240,False
1731110400000,1731124800000,76509.78000000,76639.84000000,76136.00000000,76341.47000000,2498.29713000,240,240,False
1731124800000,1731139200000,76341.47000000,76795.69000000,76294.00000000,76529.08000000,2824.88315000,240,240,False
1731139200000,1731153600000,76529.07000000,76735.59000000,76358.91000000,76487.11000000,1956.64753000,240,240,False
1731153600000,1731168000000,76487.11000000,76541.53000000,76272.72000000,76319.90000000,2576.33768000,240,240,False
1731168000000,1731182400000,76319.91000000,76700.00000000,75714.66000000,76204.92000000,3958.68374000,240,240,False
1731182400000,1731196800000,76204.91000000,76900.00000000,76179.00000000,76677.46000000,3127.22992000,240,240,False
1731196800000,1731211200000,76677.46000000,77498.00000000,76492.00000000,77205.96000000,6237.46496500,240,240,False
1731211200000,1731225600000,77205.97000000,79788.96000000,77138.00000000,78832.37000000,15561.72550200,240,240,False
1731225600000,1731240000000,78832.36000000,80040.00000000,78832.36000000,79844.01000000,7359.55607200,240,240,False
1731240000000,1731254400000,79844.00000000,80080.00000000,79200.00000000,79694.03000000,9016.63483000,240,240,False
1731254400000,1731268800000,79694.03000000,81069.99000000,79324.59000000,79748.99000000,11314.76736100,240,240,False
1731268800000,1731283200000,79748.99000000,81500.00000000,78473.13000000,80370.01000000,12339.95170500,240,240,False
1731283200000,1731297600000,80370.01000000,81846.71000000,80216.01000000,81612.23000000,7866.79820200,240,240,False
1731297600000,1731312000000,81612.23000000,81727.47000000,80432.00000000,81109.10000000,6018.85178000,240,240,False
1731312000000,1731326400000,81109.11000000,82380.94000000,81023.29000000,82134.00000000,8046.62546100,240,240,False
1731326400000,1731340800000,82133.99000000,84263.51000000,81460.19000000,84059.54000000,17558.06217600,240,240,False
1731340800000,1731355200000,84059.53000000,86650.00000000,83831.84000000,86102.21000000,19271.65533400,240,240,False
1731355200000,1731369600000,86102.21000000,89530.54000000,86052.00000000,88647.99000000,23561.67282300,240,240,False
1731369600000,1731384000000,88648.00000000,89470.00000000,86561.35000000,88047.46000000,19452.23586000,240,240,False
1731384000000,1731398400000,88047.45000000,89940.00000000,87700.00000000,88983.35000000,13408.12221100,240,240,False
1731398400000,1731412800000,88983.35000000,89372.00000000,85229.00000000,87155.55000000,21526.29235000,240,240,False
1731412800000,1731427200000,87155.55000000,87860.00000000,85072.00000000,86632.00000000,19109.59223000,240,240,False
1731427200000,1731441600000,86632.00000000,89764.38000000,85730.35000000,88704.28000000,14486.43433000,240,240,False
1731441600000,1731456000000,88704.28000000,89876.94000000,87379.59000000,87952.01000000,9317.21093000,240,240,False
1731456000000,1731470400000,87952.00000000,88562.94000000,87004.00000000,87136.00000000,10008.61890000,240,240,False
1731470400000,1731484800000,87136.00000000,87692.69000000,86127.99000000,87356.00000000,9544.53162000,240,240,False
1731484800000,1731499200000,87356.01000000,88083.00000000,87082.42000000,87669.39000000,6000.39557000,240,240,False
1731499200000,1731513600000,87669.40000000,92690.00000000,87502.49000000,92540.01000000,25126.84948300,240,240,False
1731513600000,1731528000000,92540.00000000,93265.64000000,89969.87000000,90193.51000000,22766.28395400,240,240,False
1731528000000,1731542400000,90193.50000000,91184.02000000,87970.98000000,90375.20000000,13317.17460000,240,240,False
1731542400000,1731556800000,90375.21000000,90566.00000000,89458.13000000,89937.02000000,7354.10555000,240,240,False
1731556800000,1731571200000,89937.03000000,90850.00000000,89104.54000000,90769.42000000,6197.35157000,240,240,False
1731571200000,1731585600000,90769.42000000,91657.77000000,90329.80000000,91491.86000000,8132.00542000,240,240,False
1731585600000,1731600000000,91491.85000000,91790.00000000,87829.57000000,87947.99000000,15118.04370000,240,240,False
1731600000000,1731614400000,87947.99000000,89775.24000000,87526.74000000,89463.99000000,8531.95926000,240,240,False
1731614400000,1731628800000,89463.99000000,89464.00000000,86668.21000000,87325.59000000,11396.04536000,240,240,False
1731628800000,1731643200000,87325.59000000,88473.70000000,87252.00000000,88218.21000000,6032.52190000,240,240,False
1731643200000,1731657600000,88218.22000000,88391.99000000,87073.38000000,87612.00000000,6883.97605000,240,240,False
1731657600000,1731672000000,87612.01000000,89771.99000000,87368.00000000,89741.25000000,6640.45850000,240,240,False
1731672000000,1731686400000,89741.24000000,90709.74000000,87754.45000000,88445.41000000,11903.82559000,240,240,False
1731686400000,1731700800000,88445.40000000,90844.90000000,88386.99000000,90377.89000000,8672.84127000,240,240,False
1731700800000,1731715200000,90377.89000000,91850.00000000,90324.85000000,91032.07000000,7794.32737000,240,240,False
1731715200000,1731729600000,91032.08000000,91709.06000000,90850.00000000,91252.03000000,4249.95392000,240,240,False
1731729600000,1731744000000,91252.04000000,91779.66000000,91064.24000000,91117.53000000,3028.27512000,240,240,False
1731744000000,1731758400000,91117.52000000,91598.13000000,90993.15000000,91169.69000000,3972.70297000,240,240,False
1731758400000,1731772800000,91169.69000000,91320.00000000,90056.17000000,90521.20000000,5422.19653000,240,240,False
1731772800000,1731787200000,90521.20000000,91396.03000000,90186.64000000,91100.24000000,3466.38119000,240,240,False
1731787200000,1731801600000,91100.23000000,91181.82000000,90300.00000000,90586.92000000,2578.36716000,240,240,False
1731801600000,1731816000000,90587.98000000,90888.00000000,89364.00000000,90247.86000000,4950.72397000,240,240,False
1731816000000,1731830400000,90247.86000000,90888.00000000,90158.56000000,90550.80000000,2974.11564000,240,240,False
1731830400000,1731844800000,90550.80000000,91449.99000000,90478.99000000,90684.19000000,3929.09518000,240,240,False
1731844800000,1731859200000,90684.19000000,91189.88000000,89925.91000000,90260.01000000,4166.81415000,240,240,False
1731859200000,1731873600000,90260.01000000,90640.18000000,89664.34000000,90044.00000000,3112.39163000,240,240,False
1731873600000,1731888000000,90044.00000000,90212.13000000,88722.00000000,89855.99000000,4734.41552000,240,240,False
1731888000000,1731902400000,89855.98000000,90935.44000000,89617.96000000,90668.58000000,3252.23252000,240,240,False
1731902400000,1731916800000,90668.58000000,92300.00000000,90438.85000000,91719.90000000,6378.66485000,240,240,False
1731916800000,1731931200000,91719.90000000,92211.99000000,90051.10000000,90275.13000000,6488.59666000,240,240,False
1731931200000,1731945600000,90275.13000000,92594.00000000,89376.90000000,92309.51000000,12873.97296000,240,240,False
1731945600000,1731960000000,92309.51000000,92584.95000000,89667.66000000,90608.26000000,9954.79626000,240,240,False
1731960000000,1731974400000,90608.26000000,91980.00000000,90224.02000000,90464.08000000,7596.77123000,240,240,False
1731974400000,1731988800000,90464.07000000,91529.00000000,90357.00000000,91428.00000000,3575.26612000,240,240,False
1731988800000,1732003200000,91428.00000000,92000.00000000,91238.09000000,91620.01000000,3893.80469000,240,240,False
1732003200000,1732017600000,91620.00000000,91950.00000000,91200.00000000,91652.02000000,3730.94665000,240,240,False
1732017600000,1732032000000,91652.01000000,92788.00000000,90975.80000000,92391.99000000,13823.62822000,240,240,False
1732032000000,1732046400000,92391.99000000,93905.51000000,92147.12000000,93227.87000000,11450.77730000,240,240,False
1732046400000,1732060800000,93227.87000000,93571.08000000,91320.00000000,92310.79000000,7185.62384000,240,240,False
1732060800000,1732075200000,92310.80000000,92418.68000000,91500.00000000,92039.99000000,4096.22399000,240,240,False
1732075200000,1732089600000,92039.99000000,92851.09000000,91850.00000000,92850.38000000,3477.17855000,240,240,False
1732089600000,1732104000000,92850.38000000,93669.98000000,92720.00000000,93454.65000000,6216.74888000,240,240,False
1732104000000,1732118400000,93454.65000000,94807.62000000,93314.49000000,94739.97000000,12702.54443200,240,240,False
1732118400000,1732132800000,94739.98000000,94831.97000000,93138.00000000,94000.00000000,10761.10690000,240,240,False
1732132800000,1732147200000,94000.00000000,94599.98000000,93770.07000000,94286.56000000,4949.39596000,240,240,False
1732147200000,1732161600000,94286.56000000,95904.00000000,94040.00000000,95798.12000000,9339.05750500,240,240,False
1732161600000,1732176000000,95798.12000000,97852.00000000,95798.11000000,96912.01000000,13220.18381900,240,240,False
1732176000000,1732190400000,96912.01000000,98384.86000000,96723.96000000,97974.99000000,10048.90103000,240,240,False
1732190400000,1732204800000,97975.00000000,98250.00000000,95600.00000000,96672.00000000,16850.11898000,240,240,False
1732204800000,1732219200000,96672.00000000,98988.00000000,96276.69000000,97829.83000000,13009.78113300,240,240,False
1732219200000,1732233600000,97829.84000000,98723.65000000,97533.18000000,98317.12000000,6760.31801000,240,240,False
1732233600000,1732248000000,98317.12000000,99299.99000000,97840.00000000,98836.50000000,7532.47490300,240,240,False
1732248000000,1732262400000,98836.49000000,99419.99000000,98517.21000000,99173.70000000,6632.86560000,240,240,False
1732262400000,1732276800000,99173.70000000,99267.19000000,98219.84000000,98870.38000000,6290.74803000,240,240,False
1732276800000,1732291200000,98870.39000000,98949.00000000,97122.11000000,98664.00000000,11263.93551000,240,240,False
1732291200000,1732305600000,98663.99000000,99588.01000000,98220.00000000,99079.74000000,9541.05621000,240,240,False
1732305600000,1732320000000,99079.74000000,99449.00000000,98535.00000000,98892.00000000,4928.22899000,240,240,False
1732320000000,1732334400000,98892.00000000,98908.85000000,98300.00000000,98666.67000000,3918.31400000,240,240,False
1732334400000,1732348800000,98666.66000000,98800.00000000,98284.61000000,98560.85000000,3360.38068000,240,240,False
1732348800000,1732363200000,98560.84000000,98623.76000000,98300.00000000,98429.99000000,3176.75105000,240,240,False
1732363200000,1732377600000,98430.00000000,98847.68000000,98400.00000000,98400.00000000,4138.68982000,240,240,False
1732377600000,1732392000000,98400.01000000,98459.56000000,97336.06000000,97504.00000000,7486.78427000,240,240,False
1732392000000,1732406400000,97504.00000000,98015.82000000,97136.00000000,97672.40000000,2676.92385000,240,240,False
1732406400000,1732420800000,97672.40000000,98564.00000000,97620.74000000,98200.10000000,3989.58138000,240,240,False
1732420800000,1732435200000,98200.10000000,98431.06000000,97872.20000000,98431.05000000,3583.35015000,240,240,False
1732435200000,1732449600000,98431.05000000,98472.98000000,97239.29000000,97280.03000000,3606.92172000,240,240,False
1732449600000,1732464000000,97280.04000000,97606.52000000,95900.01000000,95901.51000000,9382.31921000,240,240,False
1732464000000,1732478400000,95901.52000000,96747.98000000,95734.77000000,96320.02000000,5662.86960000,240,240,False
1732478400000,1732492800000,96320.01000000,98369.46000000,96195.47000000,97900.04000000,4975.93632000,240,240,False
1732492800000,1732507200000,97900.05000000,98050.00000000,96888.00000000,97898.80000000,3838.26336000,240,240,False
1732507200000,1732521600000,97898.81000000,98376.99000000,97491.66000000,98047.34000000,5230.71565000,240,240,False
1732521600000,1732536000000,98047.34000000,98871.80000000,97850.00000000,98188.09000000,5195.73129000,240,240,False
1732536000000,1732550400000,98188.09000000,98313.08000000,94525.00000000,96000.56000000,14345.48831000,240,240,False
1732550400000,1732564800000,96000.57000000,96500.00000000,94400.00000000,94669.48000000,10283.14008000,240,240,False
1732564800000,1732579200000,94669.49000000,95300.00000000,92600.19000000,93010.01000000,11954.11227000,240,240,False
1732579200000,1732593600000,93010.01000000,94923.69000000,92727.90000000,94464.00000000,6245.66011000,240,240,False
1732593600000,1732608000000,94464.00000000,94973.37000000,93500.08000000,93785.71000000,4722.02616000,240,240,False
1732608000000,1732622400000,93785.72000000,93785.72000000,91466.52000000,92356.85000000,13592.93588000,240,240,False
1732622400000,1732636800000,92356.84000000,93559.00000000,91739.70000000,92813.00000000,13179.13015000,240,240,False
1732636800000,1732651200000,92812.99000000,94685.60000000,91554.11000000,91683.89000000,10628.56926000,240,240,False
1732651200000,1732665600000,91683.90000000,92364.00000000,90791.10000000,91965.16000000,9490.40982000,240,240,False
1732665600000,1732680000000,91965.16000000,93037.38000000,91792.14000000,92588.00000000,5555.58018000,240,240,False
1732680000000,1732694400000,92588.00000000,93648.00000000,92361.66000000,93597.16000000,4840.27212000,240,240,False
1732694400000,1732708800000,93597.16000000,93885.60000000,93109.12000000,93367.99000000,3994.01189000,240,240,False
1732708800000,1732723200000,93367.99000000,95850.00000000,92847.84000000,95556.01000000,9868.59893000,240,240,False
1732723200000,1732737600000,95556.00000000,96631.68000000,95184.79000000,96627.99000000,9525.88556000,240,240,False
1732737600000,1732752000000,96627.99000000,97208.21000000,95731.72000000,95863.11000000,7369.07866000,240,240,False
1732752000000,1732766400000,95863.11000000,96564.00000000,94822.54000000,95471.43000000,6275.70277000,240,240,False
1732766400000,1732780800000,95471.44000000,95922.39000000,95063.15000000,95299.66000000,5014.99892000,240,240,False
1732780800000,1732795200000,95299.66000000,95780.00000000,94640.00000000,95452.01000000,4752.02590000,240,240,False
1732795200000,1732809600000,95452.00000000,96221.80000000,94900.00000000,95007.14000000,5548.28802000,240,240,False
1732809600000,1732824000000,95007.15000000,95435.68000000,94817.00000000,95119.48000000,3678.82621000,240,240,False
1732824000000,1732838400000,95119.48000000,96023.48000000,94698.00000000,95643.98000000,3544.70175000,240,240,False
1732838400000,1732852800000,95643.99000000,96859.00000000,95364.99000000,96590.36000000,3208.77651000,240,240,False
1732852800000,1732867200000,96590.35000000,96630.09000000,95600.03000000,95625.05000000,2916.98299000,240,240,False
1732867200000,1732881600000,95625.05000000,97358.21000000,95616.00000000,97237.91000000,4164.43477000,240,240,False
1732881600000,1732896000000,97237.91000000,98619.99000000,96768.00000000,98019.47000000,8857.57633000,240,240,False
1732896000000,1732910400000,98019.46000000,98440.00000000,96853.82000000,97329.73000000,5993.35722000,240,240,False
1732910400000,1732924800000,97329.73000000,97624.62000000,96981.01000000,97460.00000000,2560.65449000,240,240,False
1732924800000,1732939200000,97460.00000000,97463.95000000,96309.85000000,96640.02000000,3052.57440000,240,240,False
1732939200000,1732953600000,96640.02000000,97234.02000000,96532.70000000,96783.38000000,3397.39114000,240,240,False
1732953600000,1732968000000,96783.38000000,96968.78000000,96092.01000000,96267.99000000,2445.61538000,240,240,False
1732968000000,1732982400000,96267.99000000,96732.15000000,96242.14000000,96645.41000000,2060.42388000,240,240,False
1732982400000,1732996800000,96645.42000000,97062.50000000,96531.35000000,97019.68000000,1822.59102000,240,240,False
1732996800000,1733011200000,97019.69000000,97040.00000000,96320.99000000,96407.99000000,1725.23724000,240,240,False
1733011200000,1733025600000,96407.99000000,96672.49000000,95693.88000000,96336.75000000,3622.03491000,240,240,False
1733025600000,1733040000000,96336.76000000,96515.52000000,96195.99000000,96472.97000000,1284.90142000,240,240,False
1733040000000,1733054400000,96472.97000000,97179.04000000,96424.99000000,97108.89000000,2803.36709000,240,240,False
1733054400000,1733068800000,97108.89000000,97388.78000000,96660.88000000,97028.02000000,3260.08114000,240,240,False
1733068800000,1733083200000,97028.02000000,97523.41000000,96958.48000000,97178.73000000,2968.12339000,240,240,False
1733083200000,1733097600000,97178.73000000,97836.00000000,96800.01000000,97185.18000000,3000.09657000,240,240,False
1733097600000,1733112000000,97185.17000000,98130.00000000,96350.00000000,96483.75000000,5392.94900000,240,240,False
1733112000000,1733126400000,96483.75000000,96924.00000000,95749.97000000,95999.99000000,5378.45190000,240,240,False
1733126400000,1733140800000,95999.99000000,96112.00000000,94820.41000000,95128.68000000,6299.85507000,240,240,False
1733140800000,1733155200000,95128.67000000,97214.77000000,94766.00000000,97048.00000000,8297.68046000,240,240,False
1733155200000,1733169600000,97048.01000000,97356.69000000,94395.00000000,95816.00000000,8796.99302000,240,240,False
1733169600000,1733184000000,95816.01000000,96327.87000000,95112.01000000,95840.62000000,3792.74036000,240,240,False
1733184000000,1733198400000,95840.61000000,96305.52000000,95400.00000000,96079.36000000,3671.38924000,240,240,False
1733198400000,1733212800000,96079.36000000,96238.10000000,95277.35000000,95550.00000000,3510.45774000,240,240,False
1733212800000,1733227200000,95550.00000000,95662.94000000,94595.38000000,94988.01000000,4056.48891000,240,240,False
1733227200000,1733241600000,94988.00000000,96250.00000000,93578.17000000,95682.54000000,13543.07849000,240,240,False
1733241600000,1733256000000,95682.54000000,96169.99000000,94860.00000000,95428.60000000,5936.97324000,240,240,False
1733256000000,1733270400000,95428.61000000,96140.01000000,95272.50000000,95849.69000000,5108.93521000,240,240,False
1733270400000,1733284800000,95849.69000000,96614.16000000,95224.17000000,95770.32000000,4788.30848000,240,240,False
1733284800000,1733299200000,95770.32000000,96714.41000000,95717.54000000,96588.81000000,3607.43743000,240,240,False
1733299200000,1733313600000,96588.81000000,96950.00000000,96172.00000000,96190.41000000,3780.11030000,240,240,False
1733313600000,1733328000000,96190.41000000,96560.00000000,95352.41000000,95742.81000000,7959.19099000,240,240,False
1733328000000,1733342400000,95742.80000000,97232.01000000,94587.83000000,97209.64000000,9467.01122000,240,240,False
1733342400000,1733356800000,97209.64000000,99000.00000000,97128.52000000,98587.32000000,14248.47886000,240,240,False
1733356800000,1733371200000,98587.32000000,104088.00000000,97888.89000000,102964.00000000,29911.48943200,240,240,False
1733371200000,1733385600000,102964.00000000,103544.71000000,101324.16000000,102236.10000000,14930.57327000,240,240,False
1733385600000,1733400000000,102236.10000000,103159.76000000,102236.10000000,102566.91000000,9004.86605000,240,240,False
1733400000000,1733414400000,102566.91000000,103550.00000000,100925.97000000,101292.01000000,15250.81785000,240,240,False
1733414400000,1733428800000,101292.00000000,101999.00000000,98599.36000000,99028.00000000,14788.63995000,240,240,False
1733428800000,1733443200000,99028.01000000,99479.72000000,90500.00000000,96945.63000000,26035.34311000,240,240,False
1733443200000,1733457600000,96945.63000000,98828.70000000,95981.72000000,97735.29000000,10502.77687000,240,240,False
1733457600000,1733472000000,97735.29000000,98288.00000000,97370.19000000,98138.54000000,4600.17485000,240,240,False
1733472000000,1733486400000,98138.53000000,98705.23000000,97622.86000000,98069.62000000,5508.51297000,240,240,False
1733486400000,1733500800000,98069.61000000,99483.81000000,97512.26000000,99309.99000000,9368.18040000,240,240,False
1733500800000,1733515200000,99310.00000000,101799.00000000,98762.60000000,101439.99000000,9652.35617000,240,240,False
1733515200000,1733529600000,101439.99000000,101898.99000000,99053.03000000,99740.84000000,5417.53184000,240,240,False
1733529600000,1733544000000,99740.84000000,100428.00000000,99285.71000000,99299.63000000,2803.39835000,240,240,False
1733544000000,1733558400000,99299.64000000,99666.31000000,98844.00000000,99405.20000000,3254.00298000,240,240,False
1733558400000,1733572800000,99405.20000000,99821.83000000,99260.00000000,99620.00000000,2290.29479000,240,240,False
1733572800000,1733587200000,99620.00000000,99800.00000000,99036.01000000,99756.01000000,2409.08289000,240,240,False
1733587200000,1733601600000,99756.00000000,100263.64000000,99460.37000000,100077.45000000,2257.58478000,240,240,False
1733601600000,1733616000000,100077.45000000,100439.18000000,99595.11000000,99831.99000000,1917.58211000,240,240,False
1733616000000,1733630400000,99831.99000000,100328.88000000,99632.28000000,99934.82000000,1688.21452000,240,240,False
1733630400000,1733644800000,99934.83000000,100030.00000000,99336.00000000,99675.11000000,1590.35590000,240,240,False
1733644800000,1733659200000,99675.11000000,99844.28000000,98657.70000000,99701.16000000,2557.39593000,240,240,False
1733659200000,1733673600000,99701.17000000,100500.00000000,99357.16000000,99912.01000000,3388.44325000,240,240,False
1733673600000,1733688000000,99912.01000000,100198.00000000,99480.00000000,100100.98000000,2219.63339000,240,240,False
1733688000000,1733702400000,100100.99000000,101351.00000000,99736.06000000,101109.59000000,3168.95389000,240,240,False
1733702400000,1733716800000,101109.60000000,101215.93000000,98432.18000000,99090.84000000,6131.57247000,240,240,False
1733716800000,1733731200000,99090.84000000,99729.88000000,98328.00000000,99576.51000000,4641.05371000,240,240,False
1733731200000,1733745600000,99576.51000000,99679.71000000,98035.57000000,98088.47000000,5754.93600000,240,240,False
1733745600000,1733760000000,98088.47000000,100421.80000000,97508.58000000,97812.00000000,10565.60263000,240,240,False
1733760000000,1733774400000,97812.00000000,98398.00000000,97000.00000000,97070.32000000,7646.39206000,240,240,False
1733774400000,1733788800000,97070.33000000,97572.52000000,94150.05000000,97276.47000000,19209.55908000,240,240,False
1733788800000,1733803200000,97276.48000000,98138.00000000,95565.41000000,96931.99000000,7967.90111000,240,240,False
1733803200000,1733817600000,96931.99000000,97519.20000000,95900.00000000,97196.44000000,4851.30267000,240,240,False
1733817600000,1733832000000,97196.44000000,97937.50000000,96938.19000000,97722.52000000,3732.90811000,240,240,False
1733832000000,1733846400000,97722.53000000,98270.00000000,95555.00000000,95658.79000000,11589.32855000,240,240,False
1733846400000,1733860800000,95658.79000000,96500.00000000,94256.54000000,95856.50000000,17282.11364000,240,240,False
1733860800000,1733875200000,95856.50000000,97200.70000000,95616.00000000,96593.00000000,6285.13525000,240,240,False
1733875200000,1733889600000,96593.00000000,97625.76000000,95658.24000000,97398.43000000,6101.81371000,240,240,False
1733889600000,1733904000000,97398.42000000,97790.36000000,97181.70000000,97334.60000000,2882.63101000,240,240,False
1733904000000,1733918400000,97334.59000000,98472.57000000,97316.78000000,98292.61000000,3915.05820000,240,240,False
1733918400000,1733932800000,98292.61000000,100800.00000000,98072.33000000,100361.64000000,10646.28169000,240,240,False
1733932800000,1733947200000,100361.64000000,101141.01000000,99608.23000000,101122.71000000,9214.79257000,240,240,False
1733947200000,1733961600000,101122.71000000,101888.00000000,100866.42000000,101125.00000000,4993.20573000,240,240,False
1733961600000,1733976000000,101125.00000000,101829.00000000,100331.61000000,101025.87000000,4584.27765000,240,240,False
1733976000000,1733990400000,101025.88000000,101191.85000000,100402.82000000,100499.99000000,3018.02596000,240,240,False
1733990400000,1734004800000,100499.99000000,101126.54000000,100178.32000000,100358.42000000,2593.08394000,240,240,False
1734004800000,1734019200000,100358.42000000,101861.60000000,100348.35000000,101797.14000000,7527.72986000,240,240,False
1734019200000,1734033600000,101797.14000000,102540.00000000,99311.64000000,99481.32000000,7934.57131000,240,240,False
1734033600000,1734048000000,99481.33000000,100476.19000000,99465.33000000,100004.29000000,3574.39873000,240,240,False
1734048000000,1734062400000,100004.29000000,100356.85000000,99205.00000000,99729.09000000,3169.68724000,240,240,False
1734062400000,1734076800000,99729.09000000,100225.52000000,99500.00000000,100130.00000000,2722.44317000,240,240,False
1734076800000,1734091200000,100130.01000000,100789.00000000,99896.00000000,100353.37000000,2260.04806000,240,240,False
1734091200000,1734105600000,100353.37000000,101375.26000000,99700.00000000,99873.16000000,4395.11384000,240,240,False
1734105600000,1734120000000,99873.16000000,101895.26000000,99800.00000000,101462.34000000,6176.84479000,240,240,False
1734120000000,1734134400000,101462.34000000,101879.98000000,101090.90000000,101424.25000000,3179.90213000,240,240,False
1734134400000,1734148800000,101424.24000000,102650.00000000,101148.35000000,102088.00000000,4102.31163000,240,240,False
1734148800000,1734163200000,102088.00000000,102138.00000000,101590.90000000,101824.00000000,2355.50886000,240,240,False
1734163200000,1734177600000,101824.00000000,101863.64000000,101321.00000000,101583.99000000,1246.03828000,240,240,False
1734177600000,1734192000000,101584.00000000,101742.43000000,100826.38000000,101625.12000000,2737.98405000,240,240,False
1734192000000,1734206400000,101625.12000000,101737.70000000,100831.63000000,101313.54000000,2313.84837000,240,240,False
1734206400000,1734220800000,101313.54000000,101499.08000000,100609.41000000,101420.00000000,1436.01207000,240,240,False
1734220800000,1734235200000,101420.00000000,102196.97000000,101237.14000000,101733.82000000,2717.24990000,240,240,False
1734235200000,1734249600000,101733.83000000,102850.00000000,101534.01000000,101732.09000000,3091.00658000,240,240,False
1734249600000,1734264000000,101732.09000000,102691.01000000,101581.07000000,102671.44000000,1800.59415000,240,240,False
1734264000000,1734278400000,102671.44000000,103359.97000000,102473.01000000,102704.01000000,4918.19696000,240,240,False
1734278400000,1734292800000,102704.00000000,103490.00000000,102583.65000000,103252.95000000,2441.92022000,240,240,False
1734292800000,1734307200000,103252.96000000,105250.00000000,102621.50000000,104463.99000000,7259.95396500,240,240,False
1734307200000,1734321600000,104463.99000000,106648.00000000,104259.48000000,104582.28000000,8803.84824600,240,240,False
1734321600000,1734336000000,104582.28000000,105420.76000000,104469.89000000,104992.79000000,3083.27266000,240,240,False
1734336000000,1734350400000,104992.79000000,105016.85000000,103625.78000000,103757.99000000,3972.26006000,240,240,False
1734350400000,1734364800000,103758.00000000,106499.99000000,103333.00000000,106332.01000000,9289.30941000,240,240,False
1734364800000,1734379200000,106332.00000000,107793.07000000,105797.41000000,106583.12000000,11995.10426400,240,240,False
1734379200000,1734393600000,106583.13000000,106648.48000000,105480.02000000,106058.66000000,4158.60810000,240,240,False
1734393600000,1734408000000,106058.65000000,107000.00000000,105657.34000000,106866.49000000,3882.88127000,240,240,False
1734408000000,1734422400000,106866.50000000,107143.29000000,106368.45000000,106805.75000000,2937.82223000,240,240,False
1734422400000,1734436800000,106805.75000000,107550.02000000,106708.86000000,106808.31000000,3622.94784000,240,240,False
1734436800000,1734451200000,106808.31000000,108353.00000000,105725.99000000,106478.47000000,8939.18045600,240,240,False
1734451200000,1734465600000,106478.48000000,107633.00000000,106148.00000000,106475.89000000,5875.35581000,240,240,False
1734465600000,1734480000000,106475.89000000,106903.99000000,105321.49000000,106133.74000000,3806.74886000,240,240,False
1734480000000,1734494400000,106133.74000000,106524.98000000,104581.58000000,104763.98000000,5784.93924000,240,240,False
1734494400000,1734508800000,104763.99000000,104763.99000000,103137.82000000,104250.75000000,7256.63713000,240,240,False
1734508800000,1734523200000,104250.75000000,105033.33000000,103729.18000000,105028.33000000,2927.64166000,240,240,False
1734523200000,1734537600000,105028.33000000,105350.00000000,103650.00000000,104428.54000000,7242.86665000,240,240,False
1734537600000,1734552000000,104428.54000000,104999.98000000,102817.82000000,102817.82000000,9166.33778000,240,240,False
1734552000000,1734566400000,102817.82000000,102997.77000000,100000.00000000,100204.01000000,17929.57509000,240,240,False
1734566400000,1734580800000,100204.01000000,101310.25000000,98802.00000000,101193.15000000,11011.14924000,240,240,False
1734580800000,1734595200000,101193.15000000,101727.28000000,100629.99000000,101656.57000000,3199.07619000,240,240,False
1734595200000,1734609600000,101656.57000000,102609.72000000,101380.10000000,102449.99000000,4074.86626000,240,240,False
1734609600000,1734624000000,102450.00000000,102800.11000000,99500.00000000,100679.86000000,10496.80787000,240,240,False
1734624000000,1734638400000,100679.86000000,101200.00000000,96251.32000000,97199.72000000,15856.49892000,240,240,False
1734638400000,1734652800000,97199.72000000,98500.00000000,95700.00000000,97461.86000000,10508.99952000,240,240,False
1734652800000,1734667200000,97461.86000000,97814.09000000,96000.00000000,97106.02000000,8712.02871000,240,240,False
1734667200000,1734681600000,97106.02000000,98233.00000000,96374.03000000,97832.53000000,6871.39877000,240,240,False
1734681600000,1734696000000,97832.52000000,97864.91000000,92612.10000000,92723.98000000,19009.19125000,240,240,False
1734696000000,1734710400000,92723.99000000,97572.00000000,92232.54000000,96991.62000000,16343.30766000,240,240,False
1734710400000,1734724800000,96991.63000000,97748.00000000,96300.00000000,97116.00000000,7186.02296000,240,240,False
1734724800000,1734739200000,97116.00000000,97816.44000000,95393.84000000,97805.44000000,4762.18635000,240,240,False
1734739200000,1734753600000,97805.44000000,97813.59000000,97188.09000000,97487.46000000,2878.66863000,240,240,False
1734753600000,1734768000000,97487.47000000,99540.61000000,97378.50000000,99040.00000000,5467.95008000,240,240,False
1734768000000,1734782400000,99040.00000000,99187.95000000,97800.00000000,98262.08000000,3434.11954000,240,240,False
1734782400000,1734796800000,98262.08000000,98283.95000000,96398.39000000,97527.97000000,5930.10480000,240,240,False
1734796800000,1734811200000,97527.96000000,97723.18000000,96819.36000000,97269.03000000,2933.73741000,240,240,False
1734811200000,1734825600000,97269.03000000,98057.51000000,96539.91000000,97291.99000000,2838.96097000,240,240,False
1734825600000,1734840000000,97292.00000000,97448.08000000,96549.37000000,96994.37000000,1848.52784000,240,240,False
1734840000000,1734854400000,96994.37000000,97071.97000000,95890.28000000,96210.24000000,2981.41637000,240,240,False
1734854400000,1734868800000,96210.25000000,97351.57000000,96196.85000000,97101.28000000,2184.98880000,240,240,False
1734868800000,1734883200000,97101.29000000,97300.00000000,95109.13000000,95377.72000000,4444.90674000,240,240,False
1734883200000,1734897600000,95377.71000000,96444.45000000,94700.00000000,94836.55000000,3910.30845000,240,240,False
1734897600000,1734912000000,94836.55000000,95824.00000000,94250.35000000,95186.27000000,3983.68216000,240,240,False
1734912000000,1734926400000,95186.28000000,96043.99000000,93700.42000000,96025.15000000,6028.44240000,240,240,False
1734926400000,1734940800000,96025.15000000,96509.98000000,94705.07000000,95404.01000000,3919.13480000,240,240,False
1734940800000,1734955200000,95404.01000000,96538.92000000,95036.77000000,95932.42000000,3020.85272000,240,240,False
1734955200000,1734969600000,95932.41000000,96423.00000000,93107.52000000,93250.37000000,8316.98998000,240,240,False
1734969600000,1734984000000,93250.38000000,94260.00000000,92690.00000000,93044.79000000,6236.29663000,240,240,False
1734984000000,1734998400000,93044.79000000,95509.09000000,92520.00000000,94881.47000000,5289.05050000,240,240,False
1734998400000,1735012800000,94881.47000000,94881.47000000,93569.02000000,94348.75000000,3135.82400000,240,240,False
1735012800000,1735027200000,94348.75000000,94653.45000000,93810.45000000,94233.19000000,1999.49298000,240,240,False
1735027200000,1735041600000,94233.20000000,94635.70000000,93840.00000000,94398.60000000,1936.10063000,240,240,False
1735041600000,1735056000000,94398.60000000,98300.00000000,94075.10000000,98300.00000000,6970.36477000,240,240,False
1735056000000,1735070400000,98299.99000000,99487.99000000,97546.57000000,97581.09000000,6446.91305000,240,240,False
1735070400000,1735084800000,97581.10000000,99068.90000000,97250.00000000,98663.58000000,3185.52945000,240,240,False
1735084800000,1735099200000,98663.58000000,98878.44000000,97725.27000000,98029.48000000,2347.02600000,240,240,False
1735099200000,1735113600000,98029.49000000,98581.90000000,97844.18000000,98084.33000000,1454.63832000,240,240,False
1735113600000,1735128000000,98084.33000000,99349.31000000,97773.83000000,97907.61000000,3026.36685000,240,240,False
1735128000000,1735142400000,97907.61000000,98832.89000000,97632.02000000,98519.98000000,2843.35507000,240,240,False
1735142400000,1735156800000,98519.99000000,99299.99000000,98134.40000000,99018.52000000,2094.84554000,240,240,False
1735156800000,1735171200000,99018.52000000,99569.15000000,98384.61000000,99429.60000000,2707.93332000,240,240,False
1735171200000,1735185600000,99429.61000000,99963.70000000,98468.26000000,98995.17000000,3339.03441000,240,240,False
1735185600000,1735200000000,98995.18000000,98995.18000000,97711.17000000,97719.99000000,2538.93374000,240,240,False
1735200000000,1735214400000,97719.99000000,97772.13000000,95199.14000000,95695.81000000,6056.25765000,240,240,False
1735214400000,1735228800000,95695.81000000,96280.25000000,95234.93000000,96042.88000000,4267.56835000,240,240,False
1735228800000,1735243200000,96042.89000000,96621.95000000,95444.44000000,96102.25000000,2892.18792000,240,240,False
1735243200000,1735257600000,96102.24000000,96114.46000000,95302.00000000,95791.60000000,2098.38520000,240,240,False
1735257600000,1735272000000,95791.60000000,96443.68000000,95401.03000000,96417.84000000,2935.24410000,240,240,False
1735272000000,1735286400000,96417.84000000,96604.24000000,94646.03000000,95104.76000000,4600.52902000,240,240,False
1735286400000,1735300800000,95104.76000000,97544.58000000,95104.76000000,96952.38000000,4963.50857000,240,240,False
1735300800000,1735315200000,96952.38000000,97035.80000000,94011.11000000,94573.75000000,6425.73336000,240,240,False
1735315200000,1735329600000,94573.75000000,94996.16000000,93500.01000000,94750.00000000,5278.97717000,240,240,False
1735329600000,1735344000000,94750.11000000,94823.09000000,94100.60000000,94299.03000000,2297.27207000,240,240,False
1735344000000,1735358400000,94299.03000000,94720.00000000,94135.66000000,94594.91000000,1341.52605000,240,240,False
1735358400000,1735372800000,94594.91000000,94800.00000000,94307.00000000,94381.99000000,971.18403000,240,240,False
1735372800000,1735387200000,94381.98000000,94883.00000000,94312.67000000,94754.83000000,1063.67759000,240,240,False
1735387200000,1735401600000,94754.83000000,95340.36000000,94375.80000000,94447.29000000,2013.14298000,240,240,False
1735401600000,1735416000000,94447.28000000,95245.24000000,94389.45000000,95027.76000000,1698.97945000,240,240,False
1735416000000,1735430400000,95027.75000000,95733.99000000,94878.26000000,95300.00000000,1297.38280000,240,240,False
1735430400000,1735444800000,95300.00000000,95340.00000000,94808.00000000,95172.40000000,1053.11164000,240,240,False
1735444800000,1735459200000,95172.41000000,95283.99000000,94971.44000000,95272.04000000,875.93086000,240,240,False
1735459200000,1735473600000,95272.05000000,95315.50000000,95010.00000000,95032.57000000,788.50288000,240,240,False
1735473600000,1735488000000,95032.58000000,95231.58000000,94010.00000000,94511.12000000,2881.21420000,240,240,False
1735488000000,1735502400000,94511.11000000,94578.89000000,93367.52000000,93612.89000000,4040.48021000,240,240,False
1735502400000,1735516800000,93612.89000000,93949.52000000,93009.52000000,93738.20000000,3936.76599000,240,240,False
1735516800000,1735531200000,93738.19000000,94274.29000000,93368.93000000,93722.71000000,2898.63024000,240,240,False
1735531200000,1735545600000,93722.72000000,94060.35000000,93240.03000000,93731.65000000,2439.98241000,240,240,False
1735545600000,1735560000000,93731.66000000,94068.56000000,93469.56000000,93923.14000000,1683.90269000,240,240,False
1735560000000,1735574400000,93923.14000000,94277.23000000,91530.45000000,92130.21000000,9295.96250000,240,240,False
1735574400000,1735588800000,92130.21000000,94684.09000000,91800.00000000,94417.04000000,6130.98017000,240,240,False
1735588800000,1735603200000,94417.04000000,95024.50000000,91901.57000000,92792.05000000,5169.96449000,240,240,False
1735603200000,1735617600000,92792.05000000,92907.03000000,92033.73000000,92509.59000000,2673.26662000,240,240,False
1735617600000,1735632000000,92509.60000000,93040.10000000,92344.07000000,92860.75000000,1910.77295000,240,240,False
1735632000000,1735646400000,92860.75000000,94741.68000000,92842.88000000,94232.68000000,3728.42811000,240,240,False
1735646400000,1735660800000,94232.68000000,96250.00000000,94232.67000000,95412.00000000,5922.39263000,240,240,False
1735660800000,1735675200000,95412.00000000,95590.52000000,93189.59000000,94166.88000000,3654.49229000,240,240,False
1735675200000,1735689600000,94166.88000000,94222.50000000,93375.38000000,93576.00000000,1722.68129000,240,240,False
1735689600000,1735704000000,93576.00000000,94509.42000000,93489.03000000,93838.04000000,1840.29813000,240,240,False
1735704000000,1735718400000,93838.04000000,93937.19000000,93500.00000000,93684.10000000,958.86153000,240,240,False
1735718400000,1735732800000,93684.11000000,93756.02000000,92888.00000000,93444.64000000,1867.48363000,240,240,False
1735732800000,1735747200000,93444.65000000,94500.00000000,93407.07000000,94432.94000000,2077.71092000,240,240,False
1735747200000,1735761600000,94432.94000000,94823.75000000,93760.93000000,94627.07000000,1721.05382000,240,240,False
1735761600000,1735776000000,94627.08000000,95151.15000000,94542.00000000,94591.79000000,1907.91810000,240,240,False
