InicioUtcMs,FinUtcMsExclusivo,Open,High,Low,Close,Volume,MinutosEsperados,MinutosRecibidos,EsParcial
1640995200000,1640998800000,46216.93000000,46731.39000000,46208.37000000,46656.13000000,1503.33095000,60,60,False
1640998800000,1641002400000,46656.14000000,46949.99000000,46574.06000000,46778.14000000,943.81539000,60,60,False
1641002400000,1641006000000,46778.14000000,46928.94000000,46721.96000000,46811.77000000,485.16860000,60,60,False
1641006000000,1641009600000,46811.77000000,46916.63000000,46760.12000000,46813.20000000,562.88971000,60,60,False
1641009600000,1641013200000,46813.21000000,46887.33000000,46591.23000000,46711.05000000,861.88389000,60,60,False
1641013200000,1641016800000,46711.05000000,47555.55000000,46673.94000000,47192.55000000,1400.73642000,60,60,False
1641016800000,1641020400000,47192.56000000,47324.42000000,46940.00000000,46979.62000000,613.97776000,60,60,False
1641020400000,1641024000000,46979.61000000,47255.85000000,46864.84000000,47194.73000000,646.20081000,60,60,False
1641024000000,1641027600000,47194.73000000,47344.69000000,47075.11000000,47124.82000000,532.44767000,60,60,False
1641027600000,1641031200000,47124.82000000,47215.56000000,46933.58000000,47143.98000000,541.32491000,60,60,False
1641031200000,1641034800000,47143.98000000,47298.75000000,46715.39000000,46871.08000000,923.01760000,60,60,False
1641034800000,1641038400000,46871.09000000,47007.73000000,46756.77000000,46758.87000000,732.88793000,60,60,False
1641038400000,1641042000000,46758.87000000,47150.48000000,46756.30000000,47074.05000000,582.15009000,60,60,False
1641042000000,1641045600000,47074.05000000,47199.67000000,46935.09000000,47023.24000000,454.14412000,60,60,False
1641045600000,1641049200000,47023.24000000,47100.00000000,46850.18000000,46926.22000000,503.66220000,60,60,False
1641049200000,1641052800000,46920.01000000,47491.14000000,46871.69000000,47219.04000000,1515.95305000,60,60,False
1641052800000,1641056400000,47219.04000000,47527.24000000,47186.07000000,47268.62000000,1049.57919000,60,60,False
1641056400000,1641060000000,47268.61000000,47954.63000000,47238.81000000,47754.48000000,1320.66577000,60,60,False
1641060000000,1641063600000,47754.47000000,47844.97000000,47420.00000000,47560.55000000,860.76025000,60,60,False
1641063600000,1641067200000,47560.54000000,47611.84000000,47292.72000000,47329.78000000,830.67160000,60,60,False
1641067200000,1641070800000,47329.79000000,47559.03000000,47250.18000000,47391.82000000,717.20792000,60,60,False
1641070800000,1641074400000,47391.82000000,47573.05000000,47268.79000000,47319.67000000,809.21927000,60,60,False
1641074400000,1641078000000,47319.66000000,47490.98000000,47222.22000000,47440.74000000,466.47861000,60,60,False
1641078000000,1641081600000,47440.74000000,47814.00000000,47277.77000000,47722.65000000,746.28954000,60,60,False
1641081600000,1641085200000,47722.66000000,47750.00000000,47381.12000000,47625.30000000,1082.50817000,60,60,False
1641085200000,1641088800000,47625.29000000,47641.83000000,47315.38000000,47377.97000000,465.75360000,60,60,False
1641088800000,1641092400000,47377.97000000,47449.56000000,47275.50000000,47370.50000000,452.39245000,60,60,False
1641092400000,1641096000000,47370.49000000,47467.11000000,47269.47000000,47329.47000000,387.25302000,60,60,False
1641096000000,1641099600000,47329.47000000,47415.73000000,46770.23000000,46910.30000000,1259.68820000,60,60,False
1641099600000,1641103200000,46910.30000000,47089.63000000,46832.08000000,47081.28000000,686.20377000,60,60,False
1641103200000,1641106800000,47081.28000000,47244.00000000,47011.24000000,47122.61000000,528.20197000,60,60,False
1641106800000,1641110400000,47122.60000000,47300.00000000,47087.62000000,47173.45000000,544.37433000,60,60,False
1641110400000,1641114000000,47173.44000000,47247.12000000,46970.05000000,47222.40000000,578.28603000,60,60,False
1641114000000,1641117600000,47222.40000000,47499.45000000,47144.12000000,47273.24000000,792.44368000,60,60,False
1641117600000,1641121200000,47273.23000000,47348.34000000,47140.30000000,47188.89000000,390.08901000,60,60,False
1641121200000,1641124800000,47188.88000000,47400.00000000,47159.57000000,47235.50000000,359.02993000,60,60,False
1641124800000,1641128400000,47238.89000000,47447.00000000,47013.50000000,47292.95000000,798.05773000,60,60,False
1641128400000,1641132000000,47289.67000000,47300.86000000,47090.00000000,47137.35000000,580.44121000,60,60,False
1641132000000,1641135600000,47137.35000000,47202.39000000,47020.00000000,47112.55000000,617.66611000,60,60,False
1641135600000,1641139200000,47112.54000000,47390.00000000,47071.27000000,47340.47000000,784.16369000,60,60,False
1641139200000,1641142800000,47340.47000000,47886.00000000,47273.64000000,47792.30000000,1367.56950000,60,60,False
1641142800000,1641146400000,47792.29000000,47990.00000000,47317.46000000,47401.14000000,1440.59237000,60,60,False
1641146400000,1641150000000,47401.14000000,47401.14000000,46654.00000000,47058.12000000,1852.33799000,60,60,False
1641150000000,1641153600000,47056.43000000,47217.10000000,46851.51000000,46907.68000000,937.38607000,60,60,False
1641153600000,1641157200000,46907.67000000,47050.00000000,46815.17000000,47007.14000000,570.22257000,60,60,False
1641157200000,1641160800000,47007.14000000,47187.98000000,46913.27000000,47018.03000000,432.59568000,60,60,False
1641160800000,1641164400000,47017.98000000,47398.99000000,47014.84000000,47255.38000000,683.72196000,60,60,False
1641164400000,1641168000000,47255.39000000,47469.34000000,47255.38000000,47286.18000000,749.48136000,60,60,False
1641168000000,1641171600000,47286.18000000,47289.11000000,47050.00000000,47050.08000000,734.11794000,60,60,False
1641171600000,1641175200000,47050.09000000,47138.78000000,46950.00000000,47116.71000000,628.05580000,60,60,False
1641175200000,1641178800000,47116.22000000,47116.71000000,46858.44000000,46999.98000000,781.70714000,60,60,False
1641178800000,1641182400000,46999.98000000,47084.80000000,46722.39000000,46793.26000000,850.43854000,60,60,False
1641182400000,1641186000000,46793.27000000,46944.77000000,46750.00000000,46822.26000000,688.49875000,60,60,False
1641186000000,1641189600000,46822.26000000,47211.09000000,46750.13000000,47078.64000000,918.62173000,60,60,False
1641189600000,1641193200000,47078.64000000,47100.00000000,46877.84000000,46923.75000000,596.63069000,60,60,False
1641193200000,1641196800000,46923.75000000,47080.00000000,46852.38000000,47051.37000000,635.22586000,60,60,False
1641196800000,1641200400000,47051.36000000,47135.97000000,46922.27000000,46978.82000000,684.64114000,60,60,False
1641200400000,1641204000000,46978.81000000,47109.25000000,46778.00000000,46984.55000000,987.07117000,60,60,False
1641204000000,1641207600000,46984.56000000,47251.19000000,46981.84000000,47126.02000000,1138.98932000,60,60,False
1641207600000,1641211200000,47126.02000000,47431.67000000,47125.48000000,47378.00000000,1451.68910000,60,60,False
1641211200000,1641214800000,47378.00000000,47570.00000000,47175.01000000,47194.39000000,1183.63545000,60,60,False
1641214800000,1641218400000,47194.39000000,47495.96000000,47127.51000000,47153.50000000,813.83783000,60,60,False
1641218400000,1641222000000,47153.50000000,47285.39000000,46765.00000000,46874.53000000,1711.43000000,60,60,False
1641222000000,1641225600000,46874.53000000,47018.00000000,46575.25000000,46693.45000000,1754.81723000,60,60,False
1641225600000,1641229200000,46693.44000000,46780.00000000,46263.29000000,46482.34000000,3415.75302000,60,60,False
1641229200000,1641232800000,46482.34000000,46790.00000000,46411.78000000,46577.15000000,1121.75227000,60,60,False
1641232800000,1641236400000,46577.16000000,46740.96000000,46412.99000000,46472.73000000,662.25000000,60,60,False
1641236400000,1641240000000,46475.60000000,46645.34000000,46360.00000000,46360.01000000,661.70660000,60,60,False
1641240000000,1641243600000,46360.01000000,46413.47000000,45696.00000000,45922.00000000,3127.50381000,60,60,False
1641243600000,1641247200000,45922.01000000,46260.44000000,45811.87000000,45979.01000000,1055.66747000,60,60,False
1641247200000,1641250800000,45979.01000000,46439.97000000,45961.59000000,46217.90000000,1002.70049000,60,60,False
1641250800000,1641254400000,46217.91000000,46576.94000000,46170.64000000,46446.10000000,1055.33575000,60,60,False
1641254400000,1641258000000,46446.10000000,46549.19000000,46150.00000000,46244.37000000,1055.75335000,60,60,False
1641258000000,1641261600000,46244.37000000,46404.94000000,46040.79000000,46054.99000000,771.65428000,60,60,False
1641261600000,1641265200000,46054.99000000,46268.72000000,45934.50000000,46103.36000000,1021.46917000,60,60,False
1641265200000,1641268800000,46103.36000000,46383.77000000,46001.23000000,46313.97000000,755.88587000,60,60,False
1641268800000,1641272400000,46313.96000000,46411.12000000,45996.26000000,46100.14000000,2070.65890000,60,60,False
1641272400000,1641276000000,46100.14000000,46292.15000000,46016.24000000,46151.66000000,869.60169000,60,60,False
1641276000000,1641279600000,46148.23000000,46390.04000000,46058.51000000,46367.53000000,1240.05303000,60,60,False
1641279600000,1641283200000,46367.53000000,46600.21000000,46322.09000000,46550.00000000,1554.03810000,60,60,False
1641283200000,1641286800000,46549.99000000,46682.06000000,46385.61000000,46489.73000000,1316.31063000,60,60,False
1641286800000,1641290400000,46489.72000000,46599.53000000,46300.00000000,46356.21000000,856.18802000,60,60,False
1641290400000,1641294000000,46356.21000000,46772.41000000,46300.00000000,46625.37000000,1162.38531000,60,60,False
1641294000000,1641297600000,46625.37000000,46765.05000000,46616.46000000,46733.77000000,1351.64824000,60,60,False
1641297600000,1641301200000,46733.78000000,46763.00000000,46479.25000000,46641.53000000,897.32283000,60,60,False
1641301200000,1641304800000,46641.52000000,47069.01000000,46410.00000000,46955.22000000,1511.87787000,60,60,False
1641304800000,1641308400000,46955.22000000,47500.10000000,46805.54000000,47333.38000000,3051.43768000,60,60,False
1641308400000,1641312000000,47336.98000000,47557.54000000,46850.05000000,46925.35000000,2605.26496000,60,60,False
1641312000000,1641315600000,46925.34000000,46925.35000000,46650.00000000,46767.27000000,1774.71297000,60,60,False
1641315600000,1641319200000,46767.28000000,46984.99000000,46522.91000000,46555.01000000,782.53703000,60,60,False
1641319200000,1641322800000,46555.00000000,46719.78000000,45500.00000000,45750.00000000,4580.41041000,60,60,False
1641322800000,1641326400000,45750.01000000,46454.86000000,45580.99000000,46052.36000000,2717.79608000,60,60,False
1641326400000,1641330000000,46052.35000000,46428.27000000,45957.52000000,46264.92000000,1111.32358000,60,60,False
1641330000000,1641333600000,46264.92000000,46322.89000000,46026.75000000,46221.89000000,713.51555000,60,60,False
1641333600000,1641337200000,46221.89000000,46262.39000000,45977.78000000,46159.91000000,671.31500000,60,60,False
1641337200000,1641340800000,46159.91000000,46159.91000000,45760.05000000,45832.01000000,1048.25305000,60,60,False
1641340800000,1641344400000,45832.01000000,46298.56000000,45722.21000000,46271.57000000,1006.79621000,60,60,False
1641344400000,1641348000000,46271.56000000,46333.22000000,46111.50000000,46111.50000000,726.20925000,60,60,False
1641348000000,1641351600000,46111.50000000,46390.15000000,46111.50000000,46296.95000000,639.23432000,60,60,False
1641351600000,1641355200000,46296.96000000,46549.00000000,46296.95000000,46422.55000000,662.40091000,60,60,False
1641355200000,1641358800000,46422.56000000,46527.39000000,46350.65000000,46414.47000000,508.72042000,60,60,False
1641358800000,1641362400000,46419.00000000,46419.00000000,46246.01000000,46302.80000000,494.64292000,60,60,False
1641362400000,1641366000000,46302.79000000,46466.65000000,46251.10000000,46450.00000000,608.83518000,60,60,False
1641366000000,1641369600000,46450.00000000,46490.20000000,46333.78000000,46407.51000000,572.83580000,60,60,False
1641369600000,1641373200000,46407.50000000,46681.61000000,46250.49000000,46642.07000000,961.44434000,60,60,False
1641373200000,1641376800000,46636.78000000,46949.00000000,46575.01000000,46858.94000000,1536.64847000,60,60,False
1641376800000,1641380400000,46858.93000000,47070.00000000,46697.79000000,46818.50000000,1629.77569000,60,60,False
1641380400000,1641384000000,46818.50000000,46869.25000000,46110.00000000,46270.99000000,1495.93677000,60,60,False
1641384000000,1641387600000,46271.00000000,46348.20000000,45803.67000000,46229.99000000,1882.06245000,60,60,False
1641387600000,1641391200000,46229.99000000,46466.66000000,46112.59000000,46440.01000000,1021.81875000,60,60,False
1641391200000,1641394800000,46440.00000000,46822.17000000,46150.35000000,46689.52000000,1923.98717000,60,60,False
1641394800000,1641398400000,46689.52000000,46822.16000000,46368.63000000,46622.53000000,1228.39420000,60,60,False
1641398400000,1641402000000,46622.53000000,46674.37000000,46282.05000000,46301.62000000,1014.13701000,60,60,False
1641402000000,1641405600000,46301.62000000,46469.66000000,46001.00000000,46010.72000000,1192.45603000,60,60,False
1641405600000,1641409200000,46010.72000000,46365.68000000,45550.00000000,45919.92000000,3668.50105000,60,60,False
1641409200000,1641412800000,45919.93000000,46118.85000000,44500.00000000,44685.93000000,7383.66525000,60,60,False
1641412800000,1641416400000,44685.93000000,44847.99000000,43722.54000000,43967.01000000,8054.81116000,60,60,False
1641416400000,1641420000000,43967.01000000,44331.42000000,43422.54000000,43606.37000000,3844.19955000,60,60,False
1641420000000,1641423600000,43602.49000000,43815.20000000,42500.00000000,43437.05000000,6856.64070000,60,60,False
1641423600000,1641427200000,43437.04000000,43709.12000000,43212.00000000,43451.13000000,2869.96497000,60,60,False
1641427200000,1641430800000,43451.14000000,43772.41000000,43261.62000000,43680.94000000,2221.24911000,60,60,False
1641430800000,1641434400000,43680.94000000,43816.00000000,43306.48000000,43542.69000000,1908.16444000,60,60,False
1641434400000,1641438000000,43542.69000000,43618.34000000,43150.05000000,43259.54000000,1450.03547000,60,60,False
1641438000000,1641441600000,43259.55000000,43310.69000000,42803.37000000,42835.00000000,2327.84721000,60,60,False
1641441600000,1641445200000,42835.00000000,43159.17000000,42600.05000000,43029.73000000,3057.27840000,60,60,False
1641445200000,1641448800000,43029.73000000,43246.37000000,42800.00000000,43050.01000000,1649.15193000,60,60,False
1641448800000,1641452400000,43050.00000000,43231.85000000,42902.65000000,43102.28000000,1265.54726000,60,60,False
1641452400000,1641456000000,43102.28000000,43275.80000000,42987.73000000,43245.25000000,1176.41332000,60,60,False
1641456000000,1641459600000,43245.26000000,43273.87000000,42900.00000000,43055.41000000,1527.52833000,60,60,False
1641459600000,1641463200000,43055.42000000,43089.86000000,42430.58000000,42597.87000000,2907.67194000,60,60,False
1641463200000,1641466800000,42597.87000000,42960.00000000,42568.22000000,42878.88000000,1969.46675000,60,60,False
1641466800000,1641470400000,42878.87000000,42974.21000000,42677.28000000,42878.34000000,1347.12718000,60,60,False
1641470400000,1641474000000,42878.33000000,43077.00000000,42632.44000000,43062.76000000,1642.32739000,60,60,False
1641474000000,1641477600000,43062.77000000,43200.00000000,42900.00000000,43150.01000000,1886.14994000,60,60,False
1641477600000,1641481200000,43150.00000000,43267.09000000,42761.90000000,42805.50000000,2175.95621000,60,60,False
1641481200000,1641484800000,42805.50000000,43019.71000000,42666.00000000,42950.01000000,1709.80241000,60,60,False
1641484800000,1641488400000,42950.02000000,43131.76000000,42725.09000000,42882.22000000,1684.48555000,60,60,False
1641488400000,1641492000000,42882.23000000,43175.66000000,42790.89000000,43005.29000000,1218.07748000,60,60,False
1641492000000,1641495600000,43005.30000000,43400.00000000,42982.05000000,43369.04000000,1267.01944000,60,60,False
1641495600000,1641499200000,43369.04000000,43508.78000000,43224.73000000,43438.10000000,1330.94921000,60,60,False
1641499200000,1641502800000,43438.11000000,43581.30000000,43111.57000000,43221.50000000,1292.41140000,60,60,False
1641502800000,1641506400000,43221.50000000,43253.29000000,43066.04000000,43120.64000000,779.82229000,60,60,False
1641506400000,1641510000000,43120.63000000,43236.73000000,43007.81000000,43180.97000000,528.19132000,60,60,False
1641510000000,1641513600000,43180.96000000,43241.41000000,43053.94000000,43082.31000000,557.69907000,60,60,False
1641513600000,1641517200000,43082.30000000,43145.83000000,42738.00000000,42788.15000000,1388.76561000,60,60,False
1641517200000,1641520800000,42788.15000000,43030.50000000,42785.56000000,43008.90000000,699.84938000,60,60,False
1641520800000,1641524400000,43008.90000000,43030.00000000,42771.59000000,42799.13000000,747.90157000,60,60,False
1641524400000,1641528000000,42799.12000000,42827.07000000,41577.77000000,41803.11000000,6273.84627000,60,60,False
1641528000000,1641531600000,41803.11000000,41909.23000000,41000.00000000,41700.33000000,6290.72537000,60,60,False
1641531600000,1641535200000,41700.33000000,41950.00000000,41524.94000000,41851.33000000,2331.60741000,60,60,False
1641535200000,1641538800000,41851.33000000,41853.19000000,41409.95000000,41529.14000000,1875.03696000,60,60,False
1641538800000,1641542400000,41529.15000000,41731.36000000,41206.90000000,41706.71000000,2325.13466000,60,60,False
1641542400000,1641546000000,41706.71000000,42883.47000000,41607.50000000,42088.61000000,3719.93086000,60,60,False
1641546000000,1641549600000,42088.61000000,42628.34000000,42060.00000000,42422.56000000,1591.98840000,60,60,False
1641549600000,1641553200000,42422.57000000,42533.43000000,42168.00000000,42172.83000000,1278.56313000,60,60,False
1641553200000,1641556800000,42172.84000000,42350.73000000,42161.00000000,42258.62000000,1036.72745000,60,60,False
1641556800000,1641560400000,42258.62000000,42500.00000000,42258.62000000,42400.00000000,975.52441000,60,60,False
1641560400000,1641564000000,42400.00000000,42766.17000000,41200.00000000,41489.22000000,5136.68431000,60,60,False
1641564000000,1641567600000,41489.19000000,42132.98000000,41398.13000000,41894.40000000,2577.29371000,60,60,False
1641567600000,1641571200000,41894.40000000,41915.36000000,40610.00000000,41319.11000000,5256.54394000,60,60,False
1641571200000,1641574800000,41310.85000000,42315.85000000,40917.66000000,42135.26000000,4909.62675000,60,60,False
1641574800000,1641578400000,42137.38000000,42166.86000000,41749.06000000,41993.48000000,1186.96985000,60,60,False
1641578400000,1641582000000,41993.68000000,42000.00000000,41520.00000000,41707.64000000,880.73461000,60,60,False
1641582000000,1641585600000,41707.04000000,41898.33000000,41516.00000000,41775.38000000,893.41150000,60,60,False
1641585600000,1641589200000,41775.38000000,42054.00000000,41597.15000000,41922.20000000,1109.53468000,60,60,False
1641589200000,1641592800000,41922.19000000,42035.00000000,41845.46000000,41875.01000000,596.35057000,60,60,False
1641592800000,1641596400000,41875.00000000,41879.42000000,41350.00000000,41541.82000000,973.40740000,60,60,False
1641596400000,1641600000000,41541.83000000,41599.92000000,41336.82000000,41566.48000000,780.34938000,60,60,False
1641600000000,1641603600000,41566.48000000,42115.20000000,41558.00000000,41991.89000000,1244.69199000,60,60,False
1641603600000,1641607200000,41991.89000000,42246.37000000,41847.48000000,41883.41000000,1168.11943000,60,60,False
1641607200000,1641610800000,41883.42000000,41944.44000000,41693.42000000,41882.85000000,623.26458000,60,60,False
1641610800000,1641614400000,41882.86000000,41911.86000000,41641.27000000,41810.91000000,510.16918000,60,60,False
1641614400000,1641618000000,41810.92000000,41991.20000000,41760.00000000,41900.92000000,471.07045000,60,60,False
1641618000000,1641621600000,41900.92000000,41999.99000000,41836.14000000,41971.70000000,517.64026000,60,60,False
1641621600000,1641625200000,41971.70000000,41994.66000000,41739.00000000,41922.23000000,625.30663000,60,60,False
1641625200000,1641628800000,41922.22000000,41975.44000000,41841.04000000,41913.58000000,521.47279000,60,60,False
1641628800000,1641632400000,41913.59000000,42177.94000000,41882.19000000,41964.88000000,947.16040000,60,60,False
1641632400000,1641636000000,41964.87000000,42187.20000000,41954.70000000,42163.71000000,860.34897000,60,60,False
1641636000000,1641639600000,42163.71000000,42200.00000000,41790.70000000,41918.66000000,839.11518000,60,60,False
1641639600000,1641643200000,41918.66000000,41972.00000000,41767.16000000,41940.22000000,674.67737000,60,60,False
1641643200000,1641646800000,41940.22000000,42063.23000000,41773.47000000,41876.31000000,744.96865000,60,60,False
1641646800000,1641650400000,41876.32000000,42037.75000000,41610.00000000,41905.00000000,1003.98627000,60,60,False
1641650400000,1641654000000,41904.99000000,41997.71000000,41715.00000000,41741.27000000,709.21182000,60,60,False
1641654000000,1641657600000,41746.29000000,41799.04000000,41400.00000000,41613.33000000,1713.01211000,60,60,False
1641657600000,1641661200000,41609.60000000,41740.53000000,41238.08000000,41346.01000000,1715.07063000,60,60,False
1641661200000,1641664800000,41346.02000000,41398.45000000,40801.00000000,40842.12000000,3416.24626000,60,60,False
1641664800000,1641668400000,40842.11000000,41314.11000000,40501.00000000,40679.82000000,4373.31437000,60,60,False
1641668400000,1641672000000,40679.82000000,41100.00000000,40520.00000000,40831.07000000,3045.11478000,60,60,False
1641672000000,1641675600000,40831.06000000,41175.32000000,40720.00000000,40975.37000000,1424.80734000,60,60,False
1641675600000,1641679200000,40975.36000000,42061.32000000,40923.39000000,41769.03000000,2802.28914000,60,60,False
1641679200000,1641682800000,41769.03000000,42300.00000000,41740.31000000,41911.11000000,2006.54953000,60,60,False
1641682800000,1641686400000,41911.10000000,41948.94000000,41656.02000000,41679.74000000,995.12298000,60,60,False
1641686400000,1641690000000,41679.74000000,41831.25000000,41388.13000000,41773.24000000,1485.82226000,60,60,False
1641690000000,1641693600000,41773.24000000,41924.57000000,41596.43000000,41809.67000000,883.65676000,60,60,False
1641693600000,1641697200000,41809.66000000,42170.11000000,41775.90000000,42098.99000000,1140.15501000,60,60,False
1641697200000,1641700800000,42098.99000000,42105.62000000,41792.00000000,41833.89000000,746.09555000,60,60,False
1641700800000,1641704400000,41833.90000000,42103.31000000,41800.78000000,42079.41000000,884.47963000,60,60,False
1641704400000,1641708000000,42079.40000000,42097.44000000,41715.44000000,41765.90000000,594.21526000,60,60,False
1641708000000,1641711600000,41765.89000000,41948.40000000,41681.17000000,41873.62000000,566.39155000,60,60,False
1641711600000,1641715200000,41873.62000000,41908.55000000,41778.95000000,41791.51000000,415.68476000,60,60,False
1641715200000,1641718800000,41791.50000000,41949.99000000,41615.32000000,41666.67000000,789.93569000,60,60,False
1641718800000,1641722400000,41666.66000000,41766.80000000,41470.34000000,41510.01000000,858.20496000,60,60,False
1641722400000,1641726000000,41510.00000000,41728.65000000,41410.00000000,41644.70000000,705.73465000,60,60,False
1641726000000,1641729600000,41644.70000000,41990.00000000,41642.54000000,41857.62000000,783.60595000,60,60,False
1641729600000,1641733200000,41857.62000000,41923.39000000,41665.46000000,41746.98000000,553.97717000,60,60,False
1641733200000,1641736800000,41746.98000000,41894.01000000,41469.48000000,41470.00000000,922.91336000,60,60,False
1641736800000,1641740400000,41470.00000000,41743.26000000,41469.99000000,41535.93000000,628.73613000,60,60,False
1641740400000,1641744000000,41535.93000000,41681.89000000,41200.02000000,41621.11000000,1262.20157000,60,60,False
1641744000000,1641747600000,41621.11000000,42146.25000000,41556.49000000,42143.04000000,1325.34768000,60,60,False
1641747600000,1641751200000,42143.05000000,42200.00000000,41880.01000000,42094.59000000,1198.07276000,60,60,False
1641751200000,1641754800000,42094.48000000,42279.00000000,41861.94000000,41966.99000000,1271.89519000,60,60,False
1641754800000,1641758400000,41966.99000000,42740.00000000,41928.01000000,42695.26000000,2007.33524000,60,60,False
1641758400000,1641762000000,42695.27000000,42786.70000000,42368.00000000,42439.38000000,1156.79543000,60,60,False
1641762000000,1641765600000,42439.38000000,42557.36000000,42286.67000000,42300.00000000,568.89483000,60,60,False
1641765600000,1641769200000,42300.01000000,42497.26000000,42080.01000000,42205.37000000,749.07543000,60,60,False
1641769200000,1641772800000,42205.36000000,42282.30000000,41766.43000000,41864.62000000,1225.16744000,60,60,False
1641772800000,1641776400000,41864.62000000,42037.05000000,41623.67000000,41655.18000000,1083.21510000,60,60,False
1641776400000,1641780000000,41655.18000000,41850.00000000,41601.00000000,41815.32000000,656.91367000,60,60,False
1641780000000,1641783600000,41815.32000000,41997.90000000,41711.95000000,41927.71000000,746.59629000,60,60,False
1641783600000,1641787200000,41927.70000000,41990.99000000,41852.49000000,41967.59000000,603.35126000,60,60,False
1641787200000,1641790800000,41967.59000000,42248.50000000,41925.61000000,42187.22000000,1026.65893000,60,60,False
1641790800000,1641794400000,42187.22000000,42230.84000000,41967.11000000,42031.29000000,641.96551000,60,60,False
1641794400000,1641798000000,42031.30000000,42048.63000000,41811.70000000,41925.01000000,823.59986000,60,60,False
1641798000000,1641801600000,41925.01000000,42149.31000000,41901.00000000,42042.38000000,723.86090000,60,60,False
1641801600000,1641805200000,42042.38000000,42116.61000000,41712.99000000,41816.84000000,997.44685000,60,60,False
1641805200000,1641808800000,41808.96000000,41937.41000000,41710.96000000,41796.01000000,709.97800000,60,60,False
1641808800000,1641812400000,41796.01000000,41986.00000000,41742.23000000,41778.88000000,628.09437000,60,60,False
1641812400000,1641816000000,41778.88000000,41793.85000000,41455.00000000,41565.34000000,1756.67489000,60,60,False
1641816000000,1641819600000,41565.33000000,41616.72000000,40916.98000000,40930.00000000,3223.67692000,60,60,False
1641819600000,1641823200000,40930.01000000,41057.52000000,40716.00000000,40774.00000000,2678.34877000,60,60,False
1641823200000,1641826800000,40774.01000000,41275.92000000,39650.00000000,40786.57000000,12877.43442000,60,60,False
1641826800000,1641830400000,40786.57000000,41200.00000000,40555.87000000,40984.33000000,3880.93354000,60,60,False
1641830400000,1641834000000,40984.34000000,41985.99000000,40850.03000000,41904.40000000,4663.47158000,60,60,False
1641834000000,1641837600000,41904.40000000,42121.63000000,40564.89000000,41184.45000000,5819.36057000,60,60,False
1641837600000,1641841200000,41184.44000000,41723.87000000,41118.36000000,41604.58000000,1816.05456000,60,60,False
1641841200000,1641844800000,41604.58000000,41698.07000000,41205.65000000,41297.15000000,1358.54117000,60,60,False
1641844800000,1641848400000,41297.15000000,41779.46000000,41158.99000000,41714.72000000,1245.44049000,60,60,False
1641848400000,1641852000000,41716.81000000,41985.00000000,41562.38000000,41714.13000000,1365.38265000,60,60,False
1641852000000,1641855600000,41714.14000000,41849.45000000,41500.00000000,41604.98000000,729.88329000,60,60,False
1641855600000,1641859200000,41604.98000000,41892.87000000,41503.56000000,41822.49000000,672.28660000,60,60,False
1641859200000,1641862800000,41822.49000000,41878.78000000,41583.43000000,41593.70000000,869.73683000,60,60,False
1641862800000,1641866400000,41593.69000000,42062.91000000,41544.64000000,41928.82000000,1240.96190000,60,60,False
1641866400000,1641870000000,41928.82000000,42400.01000000,41818.18000000,42173.77000000,1875.33837000,60,60,False
1641870000000,1641873600000,42173.77000000,42277.99000000,42056.80000000,42277.98000000,948.11009000,60,60,False
1641873600000,1641877200000,42277.99000000,42387.78000000,42123.03000000,42304.65000000,1170.50674000,60,60,False
1641877200000,1641880800000,42304.65000000,42315.79000000,42021.71000000,42110.00000000,897.64330000,60,60,False
1641880800000,1641884400000,42110.00000000,42232.68000000,41971.37000000,42105.00000000,990.30927000,60,60,False
1641884400000,1641888000000,42104.99000000,42280.00000000,42069.73000000,42211.05000000,824.67137000,60,60,False
1641888000000,1641891600000,42212.21000000,42627.66000000,41930.01000000,41991.78000000,2197.68722000,60,60,False
1641891600000,1641895200000,41991.78000000,42148.04000000,41843.13000000,41984.80000000,1058.94290000,60,60,False
1641895200000,1641898800000,41984.79000000,42066.61000000,41575.00000000,41631.02000000,1544.92365000,60,60,False
1641898800000,1641902400000,41631.02000000,41944.00000000,41584.86000000,41809.99000000,1271.07829000,60,60,False
1641902400000,1641906000000,41809.99000000,41956.45000000,41722.23000000,41812.69000000,946.89068000,60,60,False
1641906000000,1641909600000,41812.70000000,41899.00000000,41586.03000000,41701.52000000,1163.91865000,60,60,False
1641909600000,1641913200000,41700.74000000,41823.01000000,41268.93000000,41642.00000000,2261.46020000,60,60,False
1641913200000,1641916800000,41639.51000000,42200.00000000,41440.69000000,41733.93000000,2972.86186000,60,60,False
1641916800000,1641920400000,41733.92000000,42925.07000000,41680.44000000,42705.24000000,4848.73177000,60,60,False
1641920400000,1641924000000,42705.24000000,43100.00000000,42319.24000000,42549.01000000,4190.85853000,60,60,False
1641924000000,1641927600000,42549.01000000,42916.97000000,42353.07000000,42755.00000000,1416.65246000,60,60,False
1641927600000,1641931200000,42754.99000000,43086.70000000,42595.68000000,42972.05000000,1440.44569000,60,60,False
1641931200000,1641934800000,42972.04000000,43095.26000000,42692.19000000,42800.38000000,1219.60178000,60,60,False
1641934800000,1641938400000,42797.62000000,42823.69000000,42643.74000000,42659.20000000,702.10380000,60,60,False
1641938400000,1641942000000,42664.71000000,42776.14000000,42597.41000000,42713.13000000,561.85993000,60,60,False
1641942000000,1641945600000,42713.12000000,42886.28000000,42633.97000000,42729.29000000,681.14201000,60,60,False
1641945600000,1641949200000,42729.29000000,42965.00000000,42578.02000000,42675.00000000,1004.90689000,60,60,False
1641949200000,1641952800000,42675.03000000,42769.06000000,42562.20000000,42626.05000000,724.93634000,60,60,False
1641952800000,1641956400000,42626.04000000,42712.29000000,42450.00000000,42559.33000000,725.31326000,60,60,False
1641956400000,1641960000000,42559.34000000,42679.76000000,42494.72000000,42605.02000000,631.48372000,60,60,False
1641960000000,1641963600000,42605.01000000,42733.87000000,42518.97000000,42629.90000000,784.28575000,60,60,False
1641963600000,1641967200000,42629.91000000,42773.64000000,42560.00000000,42705.51000000,652.00214000,60,60,False
1641967200000,1641970800000,42705.51000000,42867.55000000,42600.01000000,42675.55000000,951.67503000,60,60,False
1641970800000,1641974400000,42675.54000000,42675.55000000,42463.13000000,42561.67000000,948.81146000,60,60,False
1641974400000,1641978000000,42561.66000000,42717.57000000,42508.69000000,42603.51000000,869.57762000,60,60,False
1641978000000,1641981600000,42603.51000000,42909.92000000,42565.99000000,42796.83000000,1281.02538000,60,60,False
1641981600000,1641985200000,42796.84000000,42990.01000000,42735.20000000,42765.18000000,1451.62564000,60,60,False
1641985200000,1641988800000,42765.18000000,43443.60000000,42683.21000000,42935.92000000,2646.33241000,60,60,False
1641988800000,1641992400000,42935.92000000,43301.50000000,42874.01000000,43285.51000000,2409.05723000,60,60,False
1641992400000,1641996000000,43285.52000000,44078.40000000,43187.60000000,43920.97000000,5227.41461000,60,60,False
1641996000000,1641999600000,43920.96000000,43957.00000000,43676.18000000,43849.54000000,2481.51783000,60,60,False
1641999600000,1642003200000,43849.55000000,43933.00000000,43401.01000000,43560.29000000,2155.48087000,60,60,False
1642003200000,1642006800000,43560.29000000,43688.50000000,43317.00000000,43611.02000000,1613.92113000,60,60,False
1642006800000,1642010400000,43611.03000000,43867.19000000,43481.73000000,43841.57000000,1161.08120000,60,60,False
1642010400000,1642014000000,43841.56000000,43886.26000000,43567.26000000,43589.98000000,1048.28546000,60,60,False
1642014000000,1642017600000,43589.97000000,43760.94000000,43526.30000000,43743.11000000,778.36522000,60,60,False
1642017600000,1642021200000,43743.10000000,43993.66000000,43629.39000000,43819.17000000,1258.22966000,60,60,False
1642021200000,1642024800000,43819.16000000,44322.00000000,43734.55000000,43773.09000000,1786.14248000,60,60,False
1642024800000,1642028400000,43776.60000000,43948.99000000,43742.97000000,43842.95000000,574.66169000,60,60,False
1642028400000,1642032000000,43842.94000000,44032.19000000,43817.35000000,43902.66000000,777.15978000,60,60,False
1642032000000,1642035600000,43902.65000000,44075.42000000,43670.00000000,43720.00000000,1234.16915000,60,60,False
1642035600000,1642039200000,43720.00000000,43808.88000000,43516.92000000,43548.57000000,992.52709000,60,60,False
1642039200000,1642042800000,43548.58000000,43684.28000000,43534.07000000,43587.63000000,615.45639000,60,60,False
1642042800000,1642046400000,43587.62000000,43646.87000000,43422.72000000,43509.93000000,1137.48460000,60,60,False
1642046400000,1642050000000,43505.99000000,43719.99000000,43483.20000000,43623.02000000,849.79404000,60,60,False
1642050000000,1642053600000,43623.01000000,43763.57000000,43579.36000000,43662.68000000,571.73768000,60,60,False
1642053600000,1642057200000,43662.68000000,43795.44000000,43642.94000000,43708.42000000,1073.35534000,60,60,False
1642057200000,1642060800000,43708.42000000,43764.98000000,43537.42000000,43699.99000000,836.91713000,60,60,False
1642060800000,1642064400000,43699.99000000,43898.33000000,43668.87000000,43896.44000000,1060.63413000,60,60,False
1642064400000,1642068000000,43896.43000000,43991.78000000,43740.01000000,43883.00000000,1022.25878000,60,60,False
1642068000000,1642071600000,43883.00000000,44014.51000000,43756.20000000,43780.25000000,1099.07320000,60,60,False
1642071600000,1642075200000,43780.25000000,43830.68000000,43500.00000000,43602.31000000,1425.68774000,60,60,False
1642075200000,1642078800000,43603.58000000,43811.00000000,43575.05000000,43803.16000000,768.79720000,60,60,False
1642078800000,1642082400000,43803.16000000,43939.00000000,43659.21000000,43924.62000000,1023.65180000,60,60,False
1642082400000,1642086000000,43924.61000000,44500.00000000,43840.28000000,44154.52000000,4866.88512000,60,60,False
1642086000000,1642089600000,44154.52000000,44211.00000000,42871.01000000,43200.00000000,4892.54873000,60,60,False
1642089600000,1642093200000,43200.01000000,43500.00000000,43070.42000000,43250.89000000,1782.99397000,60,60,False
1642093200000,1642096800000,43250.92000000,43255.04000000,42565.01000000,42822.12000000,2807.09484000,60,60,False
1642096800000,1642100400000,42822.12000000,42962.96000000,42628.38000000,42709.29000000,1040.60187000,60,60,False
1642100400000,1642104000000,42709.29000000,42896.81000000,42535.00000000,42700.67000000,1314.97413000,60,60,False
1642104000000,1642107600000,42700.67000000,42796.18000000,42311.22000000,42796.18000000,1918.71560000,60,60,False
1642107600000,1642111200000,42796.18000000,42879.76000000,42664.14000000,42810.99000000,871.73458000,60,60,False
1642111200000,1642114800000,42810.99000000,42888.18000000,42466.64000000,42594.37000000,770.26146000,60,60,False
1642114800000,1642118400000,42597.02000000,42771.94000000,42500.00000000,42560.11000000,933.52305000,60,60,False
1642118400000,1642122000000,42558.35000000,42784.00000000,42362.91000000,42750.66000000,1160.43813000,60,60,False
1642122000000,1642125600000,42750.66000000,42777.17000000,42541.81000000,42581.12000000,1138.08119000,60,60,False
1642125600000,1642129200000,42581.12000000,42728.08000000,42425.03000000,42713.89000000,1136.25985000,60,60,False
1642129200000,1642132800000,42713.89000000,42738.47000000,42572.02000000,42623.87000000,1100.14262000,60,60,False
1642132800000,1642136400000,42623.87000000,42880.00000000,42610.02000000,42680.28000000,937.36417000,60,60,False
1642136400000,1642140000000,42679.00000000,42905.15000000,42640.01000000,42894.92000000,871.32726000,60,60,False
1642140000000,1642143600000,42895.00000000,42978.10000000,42776.73000000,42810.22000000,961.01177000,60,60,False
1642143600000,1642147200000,42810.22000000,42886.58000000,42599.99000000,42660.01000000,1246.12553000,60,60,False
1642147200000,1642150800000,42660.00000000,42678.82000000,42244.37000000,42519.99000000,1845.45077000,60,60,False
1642150800000,1642154400000,42519.99000000,42688.84000000,42450.20000000,42548.53000000,1013.53743000,60,60,False
1642154400000,1642158000000,42548.52000000,42611.63000000,41916.73000000,42075.29000000,2117.99354000,60,60,False
1642158000000,1642161600000,42075.29000000,42075.71000000,41826.82000000,42012.94000000,2651.35114000,60,60,False
1642161600000,1642165200000,42012.94000000,42250.00000000,41725.95000000,42057.26000000,2023.37740000,60,60,False
1642165200000,1642168800000,42057.26000000,42321.23000000,42027.02000000,42165.00000000,1343.06319000,60,60,False
1642168800000,1642172400000,42165.01000000,43098.88000000,42117.81000000,42975.88000000,3013.09459000,60,60,False
1642172400000,1642176000000,42975.89000000,43347.42000000,42772.92000000,43109.00000000,2617.86679000,60,60,False
1642176000000,1642179600000,43109.00000000,43239.89000000,42863.00000000,43201.06000000,1549.41532000,60,60,False
1642179600000,1642183200000,43201.06000000,43270.96000000,42867.14000000,42913.26000000,1092.29876000,60,60,False
1642183200000,1642186800000,42913.26000000,43114.71000000,42777.00000000,43050.04000000,977.46771000,60,60,False
1642186800000,1642190400000,43050.04000000,43408.00000000,43004.16000000,43077.93000000,1012.43580000,60,60,False
1642190400000,1642194000000,43077.93000000,43189.86000000,43000.00000000,43100.94000000,624.56688000,60,60,False
1642194000000,1642197600000,43100.94000000,43448.78000000,43096.68000000,43293.89000000,831.62056000,60,60,False
1642197600000,1642201200000,43296.29000000,43393.75000000,43170.59000000,43250.56000000,714.78841000,60,60,False
1642201200000,1642204800000,43250.56000000,43286.70000000,43003.00000000,43059.96000000,661.80411000,60,60,False
1642204800000,1642208400000,43059.96000000,43174.00000000,42907.00000000,43100.01000000,776.16721000,60,60,False
1642208400000,1642212000000,43100.00000000,43150.00000000,42864.49000000,42967.80000000,712.20009000,60,60,False
1642212000000,1642215600000,42967.80000000,43090.00000000,42910.36000000,43090.00000000,659.69825000,60,60,False
1642215600000,1642219200000,43089.99000000,43121.05000000,42905.07000000,42927.96000000,825.12891000,60,60,False
1642219200000,1642222800000,42927.95000000,42961.46000000,42712.94000000,42907.71000000,1023.29118000,60,60,False
1642222800000,1642226400000,42907.72000000,43050.00000000,42820.68000000,42985.96000000,590.35999000,60,60,False
1642226400000,1642230000000,42985.97000000,43099.81000000,42873.53000000,43068.40000000,714.87178000,60,60,False
1642230000000,1642233600000,43068.40000000,43093.17000000,42928.78000000,43088.12000000,532.25493000,60,60,False
1642233600000,1642237200000,43088.12000000,43117.18000000,42956.00000000,42983.95000000,691.57797000,60,60,False
1642237200000,1642240800000,42983.94000000,43088.99000000,42884.01000000,43061.70000000,599.96966000,60,60,False
1642240800000,1642244400000,43061.70000000,43283.83000000,43002.02000000,43096.75000000,805.08877000,60,60,False
1642244400000,1642248000000,43096.75000000,43108.65000000,42958.67000000,43017.59000000,503.07822000,60,60,False
1642248000000,1642251600000,43017.59000000,43039.72000000,42555.00000000,42715.56000000,1441.46489000,60,60,False
1642251600000,1642255200000,42715.57000000,42973.28000000,42641.01000000,42906.51000000,846.44473000,60,60,False
1642255200000,1642258800000,42906.51000000,43315.00000000,42735.16000000,43186.48000000,1588.49558000,60,60,False
1642258800000,1642262400000,43186.47000000,43406.96000000,43077.79000000,43401.21000000,1104.13621000,60,60,False
1642262400000,1642266000000,43401.21000000,43430.98000000,43233.33000000,43338.22000000,1202.39500000,60,60,False
1642266000000,1642269600000,43338.21000000,43564.15000000,43251.61000000,43383.26000000,1662.49082000,60,60,False
1642269600000,1642273200000,43383.26000000,43391.11000000,43243.39000000,43334.93000000,992.47394000,60,60,False
1642273200000,1642276800000,43334.92000000,43554.79000000,43320.23000000,43528.34000000,712.82520000,60,60,False
1642276800000,1642280400000,43528.33000000,43800.00000000,43468.08000000,43485.00000000,1507.31496000,60,60,False
1642280400000,1642284000000,43485.00000000,43524.98000000,43160.23000000,43296.72000000,1085.45431000,60,60,False
1642284000000,1642287600000,43296.72000000,43398.40000000,43123.11000000,43237.40000000,627.40888000,60,60,False
1642287600000,1642291200000,43237.39000000,43375.00000000,43071.11000000,43084.29000000,731.46468000,60,60,False
1642291200000,1642294800000,43084.29000000,43117.50000000,42990.83000000,43069.70000000,772.86732000,60,60,False
1642294800000,1642298400000,43069.69000000,43153.63000000,42985.81000000,42996.99000000,405.42110000,60,60,False
1642298400000,1642302000000,42996.99000000,43087.18000000,42838.00000000,42923.66000000,1069.09285000,60,60,False
1642302000000,1642305600000,42922.93000000,43046.84000000,42861.49000000,42977.22000000,535.91601000,60,60,False
1642305600000,1642309200000,42977.22000000,43089.00000000,42850.16000000,43023.02000000,645.90962000,60,60,False
1642309200000,1642312800000,43023.57000000,43123.43000000,42953.17000000,42958.69000000,438.98823000,60,60,False
1642312800000,1642316400000,42953.17000000,43225.86000000,42925.88000000,43200.00000000,571.91117000,60,60,False
1642316400000,1642320000000,43200.00000000,43253.68000000,43117.24000000,43202.21000000,607.30016000,60,60,False
1642320000000,1642323600000,43202.21000000,43305.00000000,43059.99000000,43070.27000000,1312.70440000,60,60,False
1642323600000,1642327200000,43070.26000000,43131.37000000,43028.02000000,43074.99000000,1019.20468000,60,60,False
1642327200000,1642330800000,43074.99000000,43185.71000000,42868.31000000,42899.99000000,1172.94515000,60,60,False
1642330800000,1642334400000,42900.00000000,43042.67000000,42759.00000000,42968.29000000,1203.68411000,60,60,False
1642334400000,1642338000000,42968.30000000,43141.55000000,42954.16000000,43005.93000000,644.99288000,60,60,False
1642338000000,1642341600000,43005.93000000,43187.87000000,42581.79000000,43129.54000000,2260.54268000,60,60,False
1642341600000,1642345200000,43129.54000000,43416.05000000,43026.70000000,43300.02000000,1422.48883000,60,60,False
1642345200000,1642348800000,43300.01000000,43350.00000000,43139.24000000,43219.53000000,997.18364000,60,60,False
1642348800000,1642352400000,43219.54000000,43475.00000000,43172.01000000,43381.45000000,947.19620000,60,60,False
1642352400000,1642356000000,43381.46000000,43428.83000000,43051.08000000,43071.88000000,762.74405000,60,60,False
1642356000000,1642359600000,43071.88000000,43126.04000000,42969.32000000,43066.80000000,620.03999000,60,60,False
1642359600000,1642363200000,43066.79000000,43081.28000000,42790.02000000,42824.79000000,960.43526000,60,60,False
1642363200000,1642366800000,42824.79000000,43117.05000000,42750.25000000,43029.01000000,763.88888000,60,60,False
1642366800000,1642370400000,43029.06000000,43093.01000000,42900.70000000,42951.01000000,417.16364000,60,60,False
1642370400000,1642374000000,42951.02000000,43245.00000000,42940.00000000,43190.01000000,523.45493000,60,60,False
1642374000000,1642377600000,43190.00000000,43263.15000000,43048.20000000,43071.66000000,526.27693000,60,60,False
1642377600000,1642381200000,43071.66000000,43176.18000000,42871.65000000,42891.12000000,732.88601000,60,60,False
1642381200000,1642384800000,42891.11000000,42946.93000000,42810.00000000,42894.05000000,787.82091000,60,60,False
1642384800000,1642388400000,42894.05000000,43000.00000000,42785.85000000,42918.60000000,642.62375000,60,60,False
1642388400000,1642392000000,42918.60000000,42981.46000000,42624.11000000,42647.40000000,903.82874000,60,60,False
1642392000000,1642395600000,42647.40000000,42807.95000000,42601.00000000,42622.99000000,1238.00312000,60,60,False
1642395600000,1642399200000,42622.99000000,42699.00000000,42300.00000000,42664.68000000,1505.02026000,60,60,False
1642399200000,1642402800000,42664.68000000,42865.58000000,42643.58000000,42748.92000000,789.67982000,60,60,False
1642402800000,1642406400000,42748.92000000,42967.99000000,42643.00000000,42656.03000000,783.37561000,60,60,False
1642406400000,1642410000000,42656.03000000,42866.48000000,42567.93000000,42790.35000000,927.53690000,60,60,False
1642410000000,1642413600000,42790.35000000,42900.00000000,42726.81000000,42838.94000000,1080.50371000,60,60,False
1642413600000,1642417200000,42838.94000000,42894.99000000,42629.56000000,42795.11000000,774.13875000,60,60,False
1642417200000,1642420800000,42795.11000000,42842.79000000,42646.90000000,42671.31000000,739.07400000,60,60,False
1642420800000,1642424400000,42671.30000000,42793.16000000,42429.02000000,42550.09000000,1202.17533000,60,60,False
1642424400000,1642428000000,42550.09000000,42694.99000000,42500.18000000,42646.38000000,921.17076000,60,60,False
1642428000000,1642431600000,42646.37000000,42741.97000000,42553.82000000,42661.71000000,722.90114000,60,60,False
1642431600000,1642435200000,42661.73000000,42686.68000000,42385.00000000,42477.66000000,1332.14094000,60,60,False
1642435200000,1642438800000,42477.67000000,42538.47000000,42122.05000000,42217.03000000,2462.67736000,60,60,False
1642438800000,1642442400000,42217.02000000,42249.94000000,41950.00000000,42110.83000000,2484.08812000,60,60,False
1642442400000,1642446000000,42110.84000000,42299.00000000,41822.74000000,42174.65000000,2307.10775000,60,60,False
1642446000000,1642449600000,42174.66000000,42318.61000000,42095.69000000,42238.31000000,858.93504000,60,60,False
1642449600000,1642453200000,42238.31000000,42306.96000000,42013.12000000,42083.47000000,698.70792000,60,60,False
1642453200000,1642456800000,42078.64000000,42148.21000000,41609.78000000,41724.20000000,1463.10962000,60,60,False
1642456800000,1642460400000,41724.19000000,42392.66000000,41540.42000000,42077.19000000,1535.65406000,60,60,False
1642460400000,1642464000000,42077.18000000,42296.14000000,42049.38000000,42201.62000000,668.92651000,60,60,False
1642464000000,1642467600000,42201.63000000,42418.00000000,42129.97000000,42361.80000000,1131.74087000,60,60,False
1642467600000,1642471200000,42361.80000000,42436.66000000,42167.70000000,42260.90000000,1088.23648000,60,60,False
1642471200000,1642474800000,42260.90000000,42302.19000000,42142.85000000,42272.03000000,1166.27901000,60,60,False
1642474800000,1642478400000,42272.04000000,42298.47000000,41972.71000000,42040.54000000,1164.10379000,60,60,False
1642478400000,1642482000000,42040.53000000,42099.19000000,41886.25000000,42033.75000000,1440.30064000,60,60,False
1642482000000,1642485600000,42033.75000000,42191.02000000,41980.00000000,42097.25000000,986.83607000,60,60,False
1642485600000,1642489200000,42097.25000000,42337.30000000,42097.25000000,42236.07000000,619.17543000,60,60,False
1642489200000,1642492800000,42236.07000000,42276.38000000,41951.14000000,42061.94000000,1088.80389000,60,60,False
1642492800000,1642496400000,42065.42000000,42065.42000000,41639.51000000,41718.73000000,2003.03000000,60,60,False
1642496400000,1642500000000,41718.73000000,41990.93000000,41453.00000000,41903.48000000,2143.90549000,60,60,False
1642500000000,1642503600000,41903.48000000,42050.00000000,41829.21000000,41924.72000000,775.47077000,60,60,False
1642503600000,1642507200000,41924.73000000,41930.00000000,41694.54000000,41854.14000000,1100.87011000,60,60,False
1642507200000,1642510800000,41854.13000000,41950.00000000,41628.29000000,41807.52000000,866.77803000,60,60,False
1642510800000,1642514400000,41807.52000000,41842.84000000,41400.00000000,41654.09000000,1490.11393000,60,60,False
1642514400000,1642518000000,41654.10000000,41689.39000000,41250.00000000,41449.34000000,2059.21594000,60,60,False
1642518000000,1642521600000,41449.34000000,41842.96000000,41320.81000000,41587.27000000,1864.50617000,60,60,False
1642521600000,1642525200000,41587.26000000,41799.08000000,41381.66000000,41706.66000000,1248.53654000,60,60,False
1642525200000,1642528800000,41710.84000000,41737.38000000,41470.00000000,41489.04000000,906.15261000,60,60,False
1642528800000,1642532400000,41489.04000000,41672.01000000,41385.79000000,41607.37000000,929.00652000,60,60,False
1642532400000,1642536000000,41607.36000000,41770.80000000,41585.00000000,41699.61000000,683.74853000,60,60,False
1642536000000,1642539600000,41695.59000000,41784.97000000,41500.99000000,41784.27000000,729.04646000,60,60,False
1642539600000,1642543200000,41784.97000000,42484.08000000,41715.20000000,42369.92000000,2007.79475000,60,60,False
1642543200000,1642546800000,42369.92000000,42691.00000000,42229.35000000,42480.96000000,1058.92433000,60,60,False
1642546800000,1642550400000,42480.96000000,42560.91000000,42334.88000000,42352.12000000,771.50621000,60,60,False
1642550400000,1642554000000,42352.12000000,42482.51000000,42163.02000000,42252.73000000,895.72209000,60,60,False
1642554000000,1642557600000,42246.51000000,42458.87000000,42246.32000000,42420.18000000,887.62908000,60,60,False
1642557600000,1642561200000,42420.17000000,42500.00000000,42291.31000000,42333.81000000,677.01377000,60,60,False
1642561200000,1642564800000,42340.23000000,42341.56000000,41582.99000000,41706.41000000,2078.03109000,60,60,False
1642564800000,1642568400000,41706.41000000,41807.97000000,41587.53000000,41712.02000000,1173.43626000,60,60,False
1642568400000,1642572000000,41712.01000000,41809.72000000,41651.09000000,41762.55000000,954.75233000,60,60,False
1642572000000,1642575600000,41765.99000000,41849.94000000,41674.98000000,41710.59000000,713.08843000,60,60,False
1642575600000,1642579200000,41710.59000000,41710.59000000,41161.20000000,41287.10000000,1996.21320000,60,60,False
1642579200000,1642582800000,41287.10000000,41400.00000000,41138.56000000,41368.68000000,1604.62511000,60,60,False
1642582800000,1642586400000,41368.68000000,41672.39000000,41324.67000000,41573.59000000,1248.91310000,60,60,False
1642586400000,1642590000000,41573.59000000,41616.52000000,41290.00000000,41505.53000000,1348.84706000,60,60,False
1642590000000,1642593600000,41509.06000000,42178.48000000,41498.42000000,42033.00000000,2283.17846000,60,60,False
1642593600000,1642597200000,42033.00000000,42272.71000000,41893.62000000,42094.99000000,1326.28832000,60,60,False
1642597200000,1642600800000,42094.99000000,42332.07000000,42000.00000000,42191.85000000,1585.17043000,60,60,False
1642600800000,1642604400000,42191.85000000,42559.13000000,42057.19000000,42495.38000000,2215.91843000,60,60,False
1642604400000,1642608000000,42495.38000000,42532.65000000,41832.13000000,41981.27000000,2091.32589000,60,60,False
1642608000000,1642611600000,41981.27000000,42052.48000000,41697.46000000,41912.76000000,1519.92073000,60,60,False
1642611600000,1642615200000,41912.77000000,42355.90000000,41900.84000000,42151.01000000,2177.72567000,60,60,False
1642615200000,1642618800000,42151.00000000,42235.04000000,41876.58000000,42005.00000000,908.24200000,60,60,False
1642618800000,1642622400000,42005.00000000,42049.36000000,41746.23000000,41873.79000000,851.45311000,60,60,False
1642622400000,1642626000000,41872.45000000,41961.51000000,41548.00000000,41631.40000000,1063.82649000,60,60,False
1642626000000,1642629600000,41629.35000000,41841.07000000,41627.25000000,41712.22000000,794.85516000,60,60,False
1642629600000,1642633200000,41712.22000000,41993.98000000,41637.63000000,41976.88000000,703.16640000,60,60,False
1642633200000,1642636800000,41976.89000000,41989.42000000,41635.24000000,41660.01000000,586.37898000,60,60,False
1642636800000,1642640400000,41660.00000000,41860.55000000,41639.88000000,41828.24000000,725.50552000,60,60,False
1642640400000,1642644000000,41828.23000000,41877.55000000,41655.82000000,41769.99000000,883.34090000,60,60,False
1642644000000,1642647600000,41770.00000000,42068.91000000,41766.69000000,41983.27000000,862.98405000,60,60,False
1642647600000,1642651200000,41983.26000000,42082.26000000,41880.07000000,41924.97000000,769.11255000,60,60,False
1642651200000,1642654800000,41924.97000000,41989.30000000,41861.02000000,41884.17000000,780.73780000,60,60,False
1642654800000,1642658400000,41884.17000000,41948.96000000,41768.48000000,41879.20000000,946.48571000,60,60,False
1642658400000,1642662000000,41879.19000000,42052.11000000,41871.10000000,42009.07000000,1209.73106000,60,60,False
1642662000000,1642665600000,42009.08000000,42148.00000000,41930.77000000,42058.31000000,665.60754000,60,60,False
1642665600000,1642669200000,42058.31000000,42084.91000000,41874.57000000,41966.58000000,592.15129000,60,60,False
1642669200000,1642672800000,41969.55000000,42085.00000000,41807.94000000,42053.53000000,831.48572000,60,60,False
1642672800000,1642676400000,42053.54000000,42149.39000000,42004.39000000,42105.29000000,888.07489000,60,60,False
1642676400000,1642680000000,42103.87000000,42232.76000000,42045.05000000,42129.44000000,837.12391000,60,60,False
1642680000000,1642683600000,42129.45000000,42131.71000000,41900.05000000,42033.76000000,1141.58213000,60,60,False
1642683600000,1642687200000,42033.77000000,42466.88000000,41970.19000000,42375.14000000,1980.38037000,60,60,False
1642687200000,1642690800000,42374.09000000,43060.00000000,42368.77000000,42969.66000000,3692.57219000,60,60,False
1642690800000,1642694400000,42969.67000000,43456.00000000,42936.91000000,43308.69000000,4058.16745000,60,60,False
1642694400000,1642698000000,43308.70000000,43505.00000000,43144.84000000,43274.78000000,2473.72360000,60,60,False
1642698000000,1642701600000,43274.77000000,43307.48000000,42985.54000000,43025.85000000,1396.99093000,60,60,False
1642701600000,1642705200000,43025.85000000,43090.04000000,42805.00000000,42834.19000000,1259.68649000,60,60,False
1642705200000,1642708800000,42834.19000000,43241.38000000,42808.55000000,42917.32000000,1365.17407000,60,60,False
1642708800000,1642712400000,42917.31000000,42996.64000000,42571.22000000,42723.71000000,1482.96957000,60,60,False
1642712400000,1642716000000,42723.72000000,42730.90000000,41309.00000000,41326.04000000,4756.00358000,60,60,False
1642716000000,1642719600000,41326.04000000,41543.47000000,40860.00000000,41167.25000000,4147.20255000,60,60,False
1642719600000,1642723200000,41164.57000000,41176.93000000,40553.31000000,40680.91000000,4583.54566000,60,60,False
1642723200000,1642726800000,40680.92000000,41100.00000000,40404.00000000,40894.80000000,3247.34628000,60,60,False
1642726800000,1642730400000,40894.81000000,40929.76000000,39730.00000000,39762.99000000,4172.35185000,60,60,False
1642730400000,1642734000000,39763.00000000,40280.00000000,39267.86000000,39830.52000000,4354.45816700,60,60,False
1642734000000,1642737600000,39835.99000000,39944.45000000,38220.00000000,38465.65000000,9508.82345500,60,60,False
1642737600000,1642741200000,38465.65000000,39070.00000000,38437.15000000,38842.03000000,3091.42065000,60,60,False
1642741200000,1642744800000,38842.03000000,38998.00000000,38700.19000000,38909.01000000,2658.65959000,60,60,False
1642744800000,1642748400000,38909.01000000,38936.66000000,38536.87000000,38679.80000000,2090.99691000,60,60,False
1642748400000,1642752000000,38680.01000000,39177.20000000,38465.67000000,39134.55000000,2102.96586000,60,60,False
1642752000000,1642755600000,39136.31000000,39297.55000000,39006.71000000,39157.63000000,1916.83863000,60,60,False
1642755600000,1642759200000,39157.63000000,39189.63000000,38915.25000000,38959.77000000,1560.93293000,60,60,False
1642759200000,1642762800000,38959.77000000,39320.00000000,38848.35000000,38965.92000000,1604.74586000,60,60,False
1642762800000,1642766400000,38965.92000000,38979.20000000,38668.19000000,38898.18000000,1616.61558000,60,60,False
1642766400000,1642770000000,38898.19000000,38933.04000000,37710.00000000,38186.16000000,5714.99791300,60,60,False
1642770000000,1642773600000,38186.16000000,38751.60000000,38150.03000000,38491.01000000,3898.63606000,60,60,False
1642773600000,1642777200000,38491.01000000,38934.29000000,38253.48000000,38429.11000000,3134.16200000,60,60,False
1642777200000,1642780800000,38429.12000000,39042.40000000,38103.13000000,38857.26000000,3629.43541000,60,60,False
1642780800000,1642784400000,38857.24000000,39071.13000000,38514.00000000,38720.72000000,2224.01303000,60,60,False
1642784400000,1642788000000,38720.72000000,38752.70000000,38284.84000000,38382.50000000,1904.82598000,60,60,False
1642788000000,1642791600000,38383.49000000,38644.02000000,37850.00000000,38265.12000000,2652.09840000,60,60,False
1642791600000,1642795200000,38268.42000000,38500.00000000,37946.00000000,37984.12000000,1421.77249000,60,60,False
1642795200000,1642798800000,37984.11000000,38470.00000000,37601.00000000,38355.16000000,4168.14597400,60,60,False
1642798800000,1642802400000,38350.62000000,38464.36000000,36158.00000000,36682.23000000,9838.08395600,60,60,False
1642802400000,1642806000000,36682.23000000,37201.16000000,35440.45000000,36117.60000000,7369.87121400,60,60,False
1642806000000,1642809600000,36123.85000000,36890.00000000,35780.66000000,36445.31000000,4978.69381000,60,60,False
1642809600000,1642813200000,36445.31000000,36835.22000000,36136.66000000,36487.96000000,2851.78214000,60,60,False
1642813200000,1642816800000,36487.96000000,36619.71000000,36032.02000000,36483.15000000,3329.20340000,60,60,False
1642816800000,1642820400000,36483.15000000,36549.91000000,36263.00000000,36467.23000000,2152.67794000,60,60,False
1642820400000,1642824000000,36467.22000000,36690.00000000,36009.98000000,36341.64000000,4636.90627000,60,60,False
1642824000000,1642827600000,36340.43000000,36423.82000000,36200.00000000,36278.51000000,2333.69766000,60,60,False
1642827600000,1642831200000,36278.52000000,36342.71000000,35600.01000000,35738.77000000,3668.48226000,60,60,False
1642831200000,1642834800000,35738.77000000,35984.68000000,35400.02000000,35719.00000000,4422.67160000,60,60,False
1642834800000,1642838400000,35719.01000000,35895.00000000,35112.84000000,35400.02000000,5275.29564800,60,60,False
1642838400000,1642842000000,35400.01000000,35819.73000000,35397.36000000,35599.94000000,3444.07533000,60,60,False
1642842000000,1642845600000,35599.94000000,35737.15000000,34664.00000000,34814.49000000,6202.55083200,60,60,False
1642845600000,1642849200000,34812.32000000,35948.01000000,34008.00000000,35488.54000000,13411.25493100,60,60,False
1642849200000,1642852800000,35488.54000000,35693.09000000,34801.00000000,35406.76000000,4811.75394000,60,60,False
1642852800000,1642856400000,35406.76000000,35900.00000000,35336.23000000,35768.00000000,4109.41153000,60,60,False
1642856400000,1642860000000,35769.80000000,36192.76000000,35518.20000000,35576.30000000,3716.30079000,60,60,False
1642860000000,1642863600000,35576.29000000,35656.93000000,34988.80000000,35009.27000000,2910.19612000,60,60,False
1642863600000,1642867200000,35009.27000000,35319.99000000,34805.32000000,34838.68000000,3028.27691000,60,60,False
1642867200000,1642870800000,34838.69000000,35501.96000000,34520.59000000,35100.02000000,4478.77231000,60,60,False
1642870800000,1642874400000,35095.23000000,35217.94000000,34500.00000000,34610.01000000,2681.65926000,60,60,False
1642874400000,1642878000000,34610.00000000,34800.00000000,34243.38000000,34392.12000000,2829.73802000,60,60,False
1642878000000,1642881600000,34392.12000000,34854.84000000,34346.54000000,34528.62000000,1919.38842000,60,60,False
1642881600000,1642885200000,34528.61000000,35500.00000000,34415.95000000,35287.51000000,4223.21411000,60,60,False
1642885200000,1642888800000,35287.50000000,35729.03000000,35078.55000000,35387.01000000,1986.50639000,60,60,False
1642888800000,1642892400000,35383.95000000,35395.26000000,34728.12000000,34875.00000000,1148.42973000,60,60,False
1642892400000,1642896000000,34875.00000000,35107.00000000,34730.00000000,35071.42000000,899.09342000,60,60,False
1642896000000,1642899600000,35071.42000000,35479.11000000,34944.00000000,35401.10000000,1601.28654000,60,60,False
1642899600000,1642903200000,35401.11000000,35526.28000000,35268.34000000,35315.04000000,1347.04206000,60,60,False
1642903200000,1642906800000,35316.99000000,35346.21000000,34834.92000000,34875.29000000,1373.11037000,60,60,False
1642906800000,1642910400000,34875.30000000,35101.53000000,34811.00000000,35051.00000000,992.94236000,60,60,False
1642910400000,1642914000000,35051.01000000,35295.97000000,34952.06000000,35217.66000000,1107.66038000,60,60,False
1642914000000,1642917600000,35217.65000000,35565.09000000,34940.09000000,35456.40000000,2227.65018000,60,60,False
1642917600000,1642921200000,35456.40000000,35600.47000000,35165.22000000,35279.83000000,2127.59829000,60,60,False
1642921200000,1642924800000,35279.84000000,35758.64000000,35221.79000000,35571.19000000,2491.21573000,60,60,False
1642924800000,1642928400000,35571.19000000,35961.23000000,35325.03000000,35846.77000000,3322.40868000,60,60,False
1642928400000,1642932000000,35846.77000000,36150.76000000,35738.61000000,35882.35000000,3097.09365000,60,60,False
1642932000000,1642935600000,35877.41000000,35948.74000000,35577.00000000,35902.12000000,2006.87413000,60,60,False
1642935600000,1642939200000,35902.12000000,35906.76000000,35608.38000000,35686.29000000,1186.28742000,60,60,False
1642939200000,1642942800000,35686.29000000,35832.36000000,35557.92000000,35803.21000000,1477.86519000,60,60,False
1642942800000,1642946400000,35803.21000000,36055.00000000,35700.45000000,35969.27000000,1067.45596000,60,60,False
1642946400000,1642950000000,35969.28000000,36080.50000000,35050.40000000,35323.85000000,2815.83709000,60,60,False
1642950000000,1642953600000,35323.85000000,35374.31000000,35111.56000000,35287.58000000,1220.17508000,60,60,False
1642953600000,1642957200000,35282.66000000,35450.00000000,35156.00000000,35228.45000000,1092.05916000,60,60,False
1642957200000,1642960800000,35228.44000000,35445.49000000,35189.99000000,35332.60000000,679.94542000,60,60,False
1642960800000,1642964400000,35332.59000000,35398.38000000,34870.01000000,34956.27000000,1680.38554000,60,60,False
1642964400000,1642968000000,34956.28000000,35205.52000000,34601.01000000,34775.45000000,2427.93169000,60,60,False
1642968000000,1642971600000,34775.45000000,35387.80000000,34707.58000000,35300.13000000,1423.74465000,60,60,False
1642971600000,1642975200000,35300.13000000,35566.66000000,35083.76000000,35346.15000000,1220.14574000,60,60,False
1642975200000,1642978800000,35346.15000000,35545.76000000,35273.15000000,35508.47000000,879.09708000,60,60,False
1642978800000,1642982400000,35508.47000000,36499.00000000,35383.36000000,36244.55000000,5413.71115000,60,60,False
1642982400000,1642986000000,36244.55000000,36251.50000000,35744.18000000,35840.29000000,2840.75148000,60,60,False
1642986000000,1642989600000,35840.30000000,36042.21000000,35600.00000000,35652.22000000,1768.74664000,60,60,False
1642989600000,1642993200000,35650.01000000,35715.01000000,35160.51000000,35201.17000000,1378.44743000,60,60,False
1642993200000,1642996800000,35201.17000000,35399.99000000,35169.00000000,35338.26000000,1177.47497000,60,60,False
1642996800000,1643000400000,35338.25000000,35473.45000000,35065.00000000,35123.56000000,1125.94361000,60,60,False
1643000400000,1643004000000,35123.57000000,35249.27000000,34936.37000000,35184.06000000,1446.73836000,60,60,False
1643004000000,1643007600000,35184.06000000,35356.65000000,35054.01000000,35265.37000000,866.09930000,60,60,False
1643007600000,1643011200000,35265.14000000,35314.95000000,34811.87000000,34888.81000000,1539.02685000,60,60,False
1643011200000,1643014800000,34887.90000000,35562.15000000,34792.53000000,34959.79000000,2826.29586000,60,60,False
1643014800000,1643018400000,34959.79000000,35093.13000000,34401.50000000,34512.20000000,4020.43347000,60,60,False
1643018400000,1643022000000,34510.04000000,34600.00000000,33250.00000000,33276.59000000,9899.63705300,60,60,False
1643022000000,1643025600000,33276.59000000,34249.88000000,33029.54000000,33697.11000000,7055.75011200,60,60,False
1643025600000,1643029200000,33697.12000000,33890.00000000,33036.44000000,33114.90000000,4676.83642000,60,60,False
1643029200000,1643032800000,33114.89000000,33776.02000000,32917.17000000,33335.23000000,5992.27163600,60,60,False
1643032800000,1643036400000,33335.23000000,34138.16000000,33100.00000000,33622.71000000,6736.36178000,60,60,False
1643036400000,1643040000000,33622.70000000,34388.38000000,33222.74000000,34233.95000000,5093.02808000,60,60,False
1643040000000,1643043600000,34237.31000000,34576.01000000,33803.13000000,34417.76000000,5092.20170000,60,60,False
1643043600000,1643047200000,34417.75000000,35535.69000000,34164.58000000,35363.10000000,6482.58003000,60,60,False
1643047200000,1643050800000,35363.11000000,36436.00000000,35190.13000000,36179.99000000,6898.86151000,60,60,False
1643050800000,1643054400000,36179.99000000,36340.54000000,35652.04000000,36066.40000000,3343.88880000,60,60,False
1643054400000,1643058000000,36066.40000000,37550.00000000,35951.13000000,37220.05000000,5870.45082000,60,60,False
1643058000000,1643061600000,37218.56000000,37264.93000000,36711.00000000,36805.22000000,2593.81306000,60,60,False
1643061600000,1643065200000,36807.92000000,36842.95000000,36187.99000000,36369.44000000,1787.55587000,60,60,False
1643065200000,1643068800000,36369.43000000,36767.09000000,36355.29000000,36660.35000000,1391.55837000,60,60,False
1643068800000,1643072400000,36660.35000000,36691.87000000,36012.01000000,36037.58000000,2316.45521000,60,60,False
1643072400000,1643076000000,36038.09000000,36196.14000000,35955.43000000,36125.31000000,1476.27625000,60,60,False
1643076000000,1643079600000,36125.31000000,36335.48000000,36084.85000000,36317.27000000,1219.60501000,60,60,False
1643079600000,1643083200000,36317.26000000,36460.03000000,36166.44000000,36424.49000000,1243.18572000,60,60,False
1643083200000,1643086800000,36424.50000000,36496.62000000,35869.39000000,35950.00000000,1385.55765000,60,60,False
1643086800000,1643090400000,35950.01000000,36110.81000000,35828.56000000,36054.81000000,1074.45012000,60,60,False
1643090400000,1643094000000,36054.81000000,36150.92000000,35835.01000000,35843.89000000,1178.97473000,60,60,False
1643094000000,1643097600000,35843.89000000,36106.00000000,35701.00000000,36044.01000000,2304.11612000,60,60,False
1643097600000,1643101200000,36044.01000000,36564.07000000,36003.30000000,36070.55000000,2586.71157000,60,60,False
1643101200000,1643104800000,36070.55000000,36510.00000000,36040.01000000,36409.42000000,1732.94507000,60,60,False
1643104800000,1643108400000,36409.42000000,36800.00000000,36287.89000000,36430.39000000,2119.05038000,60,60,False
1643108400000,1643112000000,36430.38000000,36600.44000000,36227.52000000,36406.00000000,1671.86116000,60,60,False
1643112000000,1643115600000,36406.00000000,36777.77000000,36201.68000000,36519.13000000,2239.52587000,60,60,False
1643115600000,1643119200000,36519.12000000,36579.99000000,36259.10000000,36498.00000000,2008.17575000,60,60,False
1643119200000,1643122800000,36497.39000000,37149.42000000,36252.00000000,36299.99000000,5493.26524000,60,60,False
1643122800000,1643126400000,36299.99000000,36780.00000000,35967.33000000,36530.00000000,3943.20294000,60,60,False
1643126400000,1643130000000,36530.00000000,37086.64000000,36492.48000000,36837.70000000,2613.07831000,60,60,False
1643130000000,1643133600000,36837.70000000,37481.75000000,36800.00000000,37273.33000000,3299.07838000,60,60,False
1643133600000,1643137200000,37273.32000000,37545.14000000,37120.00000000,37320.08000000,2103.98592000,60,60,False
1643137200000,1643140800000,37320.08000000,37421.00000000,36920.01000000,37067.13000000,1939.39675000,60,60,False
1643140800000,1643144400000,37067.13000000,37103.15000000,36616.35000000,36859.79000000,2160.03461000,60,60,False
1643144400000,1643148000000,36859.80000000,36905.87000000,36421.56000000,36556.04000000,1507.44273000,60,60,False
1643148000000,1643151600000,36556.04000000,36791.16000000,36432.73000000,36791.16000000,721.19563000,60,60,False
1643151600000,1643155200000,36791.16000000,37042.53000000,36707.34000000,36958.32000000,894.83071000,60,60,False
1643155200000,1643158800000,36958.32000000,37000.00000000,36560.16000000,36638.50000000,1135.86622000,60,60,False
1643158800000,1643162400000,36638.55000000,36916.23000000,36550.20000000,36851.85000000,1621.53947000,60,60,False
1643162400000,1643166000000,36851.85000000,37047.83000000,36784.70000000,36812.89000000,1034.88206000,60,60,False
1643166000000,1643169600000,36812.90000000,37522.24000000,36790.81000000,37389.76000000,3049.74993000,60,60,False
1643169600000,1643173200000,37389.77000000,37876.80000000,37248.87000000,37789.73000000,2641.98665000,60,60,False
1643173200000,1643176800000,37789.73000000,37974.43000000,37590.01000000,37600.00000000,1884.23041000,60,60,False
1643176800000,1643180400000,37600.01000000,37798.46000000,37202.47000000,37288.56000000,2250.39767000,60,60,False
1643180400000,1643184000000,37288.56000000,37400.00000000,37109.37000000,37338.59000000,1597.98349000,60,60,False
1643184000000,1643187600000,37338.60000000,37700.17000000,37324.58000000,37591.42000000,1817.91907000,60,60,False
1643187600000,1643191200000,37591.42000000,37975.57000000,37563.47000000,37650.00000000,2418.87524000,60,60,False
1643191200000,1643194800000,37650.01000000,38173.20000000,37550.00000000,37940.46000000,2096.40733000,60,60,False
1643194800000,1643198400000,37940.46000000,38248.92000000,37778.18000000,38072.77000000,2974.73728000,60,60,False
1643198400000,1643202000000,38072.77000000,38090.61000000,37742.76000000,37749.20000000,1935.96958000,60,60,False
1643202000000,1643205600000,37749.68000000,38275.00000000,37475.01000000,38193.48000000,3545.65050000,60,60,False
1643205600000,1643209200000,38193.48000000,38499.00000000,38055.76000000,38223.52000000,3824.86357000,60,60,False
1643209200000,1643212800000,38223.51000000,38369.03000000,37819.97000000,37985.00000000,3486.56576000,60,60,False
1643212800000,1643216400000,37985.01000000,38295.65000000,37911.66000000,38264.86000000,1682.49321000,60,60,False
1643216400000,1643220000000,38264.85000000,38380.01000000,38007.03000000,38040.90000000,1917.78472000,60,60,False
1643220000000,1643223600000,38040.90000000,38300.00000000,37565.00000000,37961.15000000,3544.88678000,60,60,False
1643223600000,1643227200000,37961.15000000,38919.98000000,37311.58000000,37579.90000000,12243.82668000,60,60,False
1643227200000,1643230800000,37576.67000000,37580.03000000,36668.23000000,37015.05000000,6182.33781000,60,60,False
1643230800000,1643234400000,37015.05000000,37181.85000000,36322.54000000,36323.08000000,3204.91046000,60,60,False
1643234400000,1643238000000,36327.35000000,36583.80000000,36234.63000000,36509.40000000,2050.62594000,60,60,False
1643238000000,1643241600000,36509.41000000,36886.68000000,36439.02000000,36809.34000000,1685.67053000,60,60,False
1643241600000,1643245200000,36807.24000000,37080.00000000,36655.79000000,37004.43000000,2074.29018000,60,60,False
1643245200000,1643248800000,37004.43000000,37005.84000000,35833.56000000,35882.21000000,3376.02847000,60,60,False
1643248800000,1643252400000,35882.21000000,36041.84000000,35681.77000000,36008.69000000,2675.43678000,60,60,False
1643252400000,1643256000000,36008.69000000,36243.32000000,35507.01000000,35745.70000000,2650.83156000,60,60,False
1643256000000,1643259600000,35745.70000000,36000.00000000,35692.61000000,35930.80000000,2846.15453000,60,60,False
1643259600000,1643263200000,35930.80000000,36091.00000000,35820.44000000,35973.39000000,2262.56977000,60,60,False
1643263200000,1643266800000,35977.88000000,36175.64000000,35818.77000000,36139.09000000,1872.14471000,60,60,False
1643266800000,1643270400000,36139.09000000,36303.80000000,35915.00000000,36173.87000000,1860.34114000,60,60,False
1643270400000,1643274000000,36177.17000000,36500.00000000,35815.80000000,36450.00000000,2112.75603000,60,60,False
1643274000000,1643277600000,36449.99000000,36611.21000000,36333.00000000,36525.85000000,2294.32365000,60,60,False
1643277600000,1643281200000,36525.84000000,36649.61000000,36290.31000000,36318.22000000,1385.52094000,60,60,False
1643281200000,1643284800000,36318.22000000,36781.79000000,36290.01000000,36679.98000000,1707.19659000,60,60,False
1643284800000,1643288400000,36679.98000000,36784.27000000,36423.46000000,36668.23000000,1846.06290000,60,60,False
1643288400000,1643292000000,36668.23000000,36849.37000000,36543.16000000,36830.89000000,1852.85289000,60,60,False
1643292000000,1643295600000,36830.88000000,37199.00000000,36679.99000000,36882.03000000,2826.17783000,60,60,False
1643295600000,1643299200000,36882.02000000,37030.00000000,36510.00000000,36639.43000000,2139.96762000,60,60,False
1643299200000,1643302800000,36639.43000000,36787.77000000,36327.13000000,36528.86000000,1843.62877000,60,60,False
1643302800000,1643306400000,36528.85000000,36600.00000000,36161.41000000,36282.03000000,1493.88279000,60,60,False
1643306400000,1643310000000,36282.02000000,36345.76000000,36022.07000000,36215.49000000,1606.52202000,60,60,False
1643310000000,1643313600000,36215.49000000,36327.72000000,35883.82000000,36209.20000000,1971.02943000,60,60,False
1643313600000,1643317200000,36209.19000000,36435.70000000,35557.96000000,35583.50000000,2461.62784000,60,60,False
1643317200000,1643320800000,35583.50000000,36330.83000000,35538.75000000,36187.01000000,2304.11782000,60,60,False
1643320800000,1643324400000,36187.01000000,37000.00000000,35890.02000000,36705.27000000,3294.65777000,60,60,False
1643324400000,1643328000000,36704.68000000,37234.47000000,36693.22000000,37160.10000000,2262.75731000,60,60,False
1643328000000,1643331600000,37160.11000000,37467.98000000,37046.15000000,37157.27000000,2204.86551000,60,60,False
1643331600000,1643335200000,37157.26000000,37222.73000000,36720.01000000,36880.80000000,1828.36966000,60,60,False
1643335200000,1643338800000,36880.79000000,36973.56000000,36500.00000000,36935.62000000,1938.13929000,60,60,False
1643338800000,1643342400000,36936.33000000,37450.00000000,36901.45000000,37351.83000000,2146.26416000,60,60,False
1643342400000,1643346000000,37351.83000000,37449.98000000,36986.43000000,37223.18000000,1593.21951000,60,60,False
1643346000000,1643349600000,37223.19000000,37328.87000000,37091.20000000,37205.60000000,1226.26364000,60,60,False
1643349600000,1643353200000,37206.17000000,37500.00000000,36907.02000000,36907.14000000,1824.47514000,60,60,False
1643353200000,1643356800000,36907.14000000,37099.09000000,36777.77000000,36799.82000000,1930.98750000,60,60,False
1643356800000,1643360400000,36799.82000000,36882.22000000,36429.62000000,36658.47000000,1829.32817000,60,60,False
1643360400000,1643364000000,36658.46000000,36853.09000000,36401.44000000,36486.09000000,1662.14710000,60,60,False
1643364000000,1643367600000,36486.10000000,36678.19000000,36325.33000000,36615.35000000,1543.09172000,60,60,False
1643367600000,1643371200000,36615.35000000,36650.00000000,36287.03000000,36448.28000000,1593.88827000,60,60,False
1643371200000,1643374800000,36447.67000000,36594.59000000,36155.01000000,36278.60000000,1722.28784000,60,60,False
1643374800000,1643378400000,36278.60000000,36989.92000000,36213.24000000,36910.46000000,2635.32344000,60,60,False
1643378400000,1643382000000,36906.58000000,37096.08000000,36600.00000000,36759.65000000,2740.25615000,60,60,False
1643382000000,1643385600000,36759.65000000,37300.00000000,36682.24000000,37188.98000000,2727.21213000,60,60,False
1643385600000,1643389200000,37188.99000000,37376.70000000,37000.01000000,37103.62000000,1666.64111000,60,60,False
1643389200000,1643392800000,37103.63000000,37193.42000000,36774.43000000,36843.60000000,1322.31184000,60,60,False
1643392800000,1643396400000,36843.59000000,37137.09000000,36785.80000000,37050.57000000,1217.15570000,60,60,False
1643396400000,1643400000000,37050.56000000,37238.11000000,36765.05000000,37222.86000000,1133.15411000,60,60,False
1643400000000,1643403600000,37222.85000000,37858.19000000,37134.65000000,37758.01000000,2350.29717000,60,60,False
1643403600000,1643407200000,37758.00000000,38000.00000000,37660.88000000,37788.87000000,1701.81819000,60,60,False
1643407200000,1643410800000,37788.87000000,37943.55000000,37653.36000000,37655.01000000,951.05179000,60,60,False
1643410800000,1643414400000,37655.01000000,37850.00000000,37642.05000000,37716.56000000,665.72042000,60,60,False
1643414400000,1643418000000,37716.57000000,37983.41000000,37647.01000000,37788.27000000,1192.04040000,60,60,False
1643418000000,1643421600000,37788.27000000,37899.99000000,37473.07000000,37535.77000000,1181.30907000,60,60,False
1643421600000,1643425200000,37535.76000000,37635.93000000,37448.58000000,37530.75000000,904.78617000,60,60,False
1643425200000,1643428800000,37530.74000000,37750.00000000,37490.10000000,37737.73000000,837.02319000,60,60,False
1643428800000,1643432400000,37737.72000000,37916.08000000,37726.32000000,37814.46000000,719.21190000,60,60,False
1643432400000,1643436000000,37814.47000000,37834.99000000,37613.01000000,37653.72000000,728.34049000,60,60,False
1643436000000,1643439600000,37653.71000000,37835.00000000,37589.44000000,37739.78000000,1012.49480000,60,60,False
1643439600000,1643443200000,37739.78000000,37925.00000000,37656.57000000,37836.99000000,967.94082000,60,60,False
1643443200000,1643446800000,37836.98000000,37923.00000000,37750.00000000,37785.82000000,1004.43660000,60,60,False
1643446800000,1643450400000,37785.82000000,37786.85000000,37544.94000000,37703.24000000,709.55783000,60,60,False
1643450400000,1643454000000,37703.25000000,37809.83000000,37597.11000000,37756.19000000,679.36743000,60,60,False
1643454000000,1643457600000,37756.20000000,37788.24000000,37662.44000000,37736.07000000,426.51029000,60,60,False
1643457600000,1643461200000,37736.06000000,37916.99000000,37623.01000000,37847.57000000,755.03752000,60,60,False
1643461200000,1643464800000,37847.57000000,38186.11000000,37733.04000000,38161.69000000,1782.61817000,60,60,False
1643464800000,1643468400000,38161.69000000,38198.82000000,37507.72000000,37620.04000000,1985.59542000,60,60,False
1643468400000,1643472000000,37620.04000000,37735.67000000,37268.44000000,37566.82000000,1881.67209000,60,60,False
1643472000000,1643475600000,37567.98000000,37603.57000000,37317.37000000,37538.19000000,1102.74218000,60,60,False
1643475600000,1643479200000,37538.19000000,37720.77000000,37532.15000000,37646.31000000,784.47184000,60,60,False
1643479200000,1643482800000,37646.31000000,37904.19000000,37556.56000000,37806.23000000,772.06693000,60,60,False
1643482800000,1643486400000,37806.24000000,37950.00000000,37781.49000000,37853.00000000,671.54974000,60,60,False
1643486400000,1643490000000,37853.00000000,38650.00000000,37816.21000000,38340.03000000,2848.57779000,60,60,False
1643490000000,1643493600000,38340.03000000,38720.74000000,38279.99000000,38358.32000000,1378.11408000,60,60,False
1643493600000,1643497200000,38358.32000000,38411.72000000,38045.27000000,38140.00000000,1008.45341000,60,60,False
1643497200000,1643500800000,38140.00000000,38185.80000000,37906.26000000,38166.84000000,795.57866000,60,60,False
1643500800000,1643504400000,38166.83000000,38281.24000000,37737.49000000,37816.45000000,1184.00777000,60,60,False
1643504400000,1643508000000,37816.46000000,37976.29000000,37788.87000000,37931.75000000,716.99550000,60,60,False
1643508000000,1643511600000,37931.75000000,38054.18000000,37873.59000000,37951.80000000,827.14758000,60,60,False
1643511600000,1643515200000,37951.79000000,38044.24000000,37881.55000000,37917.13000000,649.81836000,60,60,False
1643515200000,1643518800000,37917.13000000,38183.86000000,37901.17000000,38099.34000000,497.07420000,60,60,False
1643518800000,1643522400000,38100.02000000,38300.00000000,38087.02000000,38139.39000000,781.35435000,60,60,False
1643522400000,1643526000000,38139.38000000,38152.79000000,38038.95000000,38098.51000000,815.26190000,60,60,False
1643526000000,1643529600000,38098.51000000,38290.00000000,38098.51000000,38244.98000000,585.29997000,60,60,False
1643529600000,1643533200000,38244.98000000,38359.26000000,37966.15000000,38000.00000000,1156.08695000,60,60,False
1643533200000,1643536800000,37999.99000000,38073.45000000,37795.00000000,37889.48000000,1518.69315000,60,60,False
1643536800000,1643540400000,37889.49000000,38189.19000000,37829.00000000,38184.74000000,1234.86371000,60,60,False
1643540400000,1643544000000,38184.74000000,38259.14000000,37958.13000000,38110.02000000,803.22993000,60,60,False
1643544000000,1643547600000,38110.03000000,38153.82000000,37849.53000000,37938.47000000,719.04878000,60,60,False
1643547600000,1643551200000,37937.21000000,37998.99000000,37823.08000000,37963.22000000,549.75372000,60,60,False
1643551200000,1643554800000,37963.21000000,37999.90000000,37712.05000000,37838.99000000,925.66020000,60,60,False
1643554800000,1643558400000,37839.00000000,38041.32000000,37778.20000000,37980.09000000,739.66710000,60,60,False
1643558400000,1643562000000,37977.47000000,38074.76000000,37800.00000000,37832.44000000,586.32887000,60,60,False
1643562000000,1643565600000,37832.45000000,37994.87000000,37751.72000000,37991.00000000,554.76321000,60,60,False
1643565600000,1643569200000,37991.00000000,38020.39000000,37813.79000000,37820.95000000,491.34455000,60,60,False
1643569200000,1643572800000,37820.96000000,37827.14000000,37442.52000000,37512.37000000,1718.81204000,60,60,False
1643572800000,1643576400000,37512.37000000,37740.00000000,37351.63000000,37684.45000000,1037.92256000,60,60,False
1643576400000,1643580000000,37684.45000000,37762.60000000,37492.25000000,37729.00000000,874.06052000,60,60,False
1643580000000,1643583600000,37729.00000000,37855.54000000,37625.41000000,37785.78000000,734.65855000,60,60,False
1643583600000,1643587200000,37785.78000000,38230.00000000,37778.46000000,37881.76000000,1728.81180000,60,60,False
1643587200000,1643590800000,37881.75000000,37951.07000000,36828.32000000,36829.30000000,2907.71096000,60,60,False
1643590800000,1643594400000,36829.30000000,36960.67000000,36760.87000000,36821.05000000,1423.26744000,60,60,False
1643594400000,1643598000000,36823.19000000,37004.55000000,36632.61000000,36993.58000000,1846.10363000,60,60,False
1643598000000,1643601600000,36994.69000000,37058.82000000,36925.27000000,37025.68000000,961.28704000,60,60,False
1643601600000,1643605200000,37025.68000000,37026.29000000,36811.48000000,36912.84000000,744.81356000,60,60,False
1643605200000,1643608800000,36912.84000000,37019.76000000,36850.00000000,37001.65000000,744.80275000,60,60,False
1643608800000,1643612400000,37001.66000000,37077.46000000,36916.78000000,36916.78000000,831.06345000,60,60,False
1643612400000,1643616000000,36916.79000000,37196.91000000,36880.60000000,37121.83000000,827.67942000,60,60,False
1643616000000,1643619600000,37121.84000000,37211.12000000,37100.71000000,37145.63000000,1032.91464000,60,60,False
1643619600000,1643623200000,37144.71000000,37256.14000000,37085.23000000,37212.53000000,714.57733000,60,60,False
1643623200000,1643626800000,37212.53000000,37350.00000000,37156.80000000,37300.31000000,812.93941000,60,60,False
1643626800000,1643630400000,37300.31000000,37399.93000000,36880.00000000,37265.16000000,1460.26909000,60,60,False
1643630400000,1643634000000,37265.15000000,37421.30000000,36828.52000000,37081.15000000,1665.85750000,60,60,False
1643634000000,1643637600000,37084.17000000,37347.83000000,36724.00000000,37251.08000000,1706.02333000,60,60,False
1643637600000,1643641200000,37251.07000000,37524.78000000,37193.77000000,37510.84000000,2024.77703000,60,60,False
1643641200000,1643644800000,37510.85000000,37900.00000000,37510.84000000,37722.91000000,3594.15508000,60,60,False
1643644800000,1643648400000,37722.91000000,38414.00000000,37671.46000000,38341.99000000,3171.08823000,60,60,False
1643648400000,1643652000000,38341.99000000,38600.00000000,38122.83000000,38473.03000000,3055.46443000,60,60,False
1643652000000,1643655600000,38473.03000000,38600.00000000,38342.89000000,38468.29000000,1319.70238000,60,60,False
1643655600000,1643659200000,38468.29000000,38744.00000000,38383.91000000,38415.79000000,1944.84957000,60,60,False
1643659200000,1643662800000,38415.79000000,38563.37000000,38236.69000000,38450.62000000,1639.69627000,60,60,False
1643662800000,1643666400000,38450.62000000,38531.53000000,38335.00000000,38410.09000000,923.75238000,60,60,False
1643666400000,1643670000000,38410.09000000,38737.99000000,38398.58000000,38412.46000000,927.84680000,60,60,False
1643670000000,1643673600000,38412.45000000,38510.28000000,38336.04000000,38466.90000000,574.60408000,60,60,False
1643673600000,1643677200000,38466.90000000,38627.35000000,38276.43000000,38342.36000000,1058.42599000,60,60,False
1643677200000,1643680800000,38342.37000000,38407.00000000,38175.86000000,38238.19000000,777.86310000,60,60,False
1643680800000,1643684400000,38238.18000000,38506.18000000,38196.61000000,38480.90000000,766.83847000,60,60,False
1643684400000,1643688000000,38480.90000000,38649.90000000,38384.99000000,38596.82000000,946.45649000,60,60,False
1643688000000,1643691600000,38596.82000000,38644.57000000,38470.37000000,38556.82000000,758.92782000,60,60,False
1643691600000,1643695200000,38556.83000000,38618.67000000,38444.26000000,38452.90000000,703.01456000,60,60,False
1643695200000,1643698800000,38452.89000000,38482.91000000,38240.00000000,38285.02000000,1246.89537000,60,60,False
1643698800000,1643702400000,38285.01000000,38462.69000000,38281.16000000,38440.77000000,708.07030000,60,60,False
1643702400000,1643706000000,38440.76000000,38624.24000000,38398.54000000,38597.53000000,793.02544000,60,60,False
1643706000000,1643709600000,38597.54000000,39100.00000000,38224.41000000,38256.12000000,4270.80387000,60,60,False
1643709600000,1643713200000,38256.12000000,38367.16000000,38000.00000000,38253.57000000,2105.11598000,60,60,False
1643713200000,1643716800000,38255.46000000,38471.43000000,38204.79000000,38425.06000000,1032.06336000,60,60,False
1643716800000,1643720400000,38425.05000000,38800.00000000,38372.00000000,38650.00000000,1456.53967000,60,60,False
1643720400000,1643724000000,38650.01000000,38965.99000000,38454.00000000,38872.21000000,1951.15553000,60,60,False
1643724000000,1643727600000,38872.20000000,39034.47000000,38304.52000000,38509.46000000,3170.70783000,60,60,False
1643727600000,1643731200000,38509.46000000,38649.57000000,38190.42000000,38630.33000000,2242.40938000,60,60,False
1643731200000,1643734800000,38630.32000000,39265.20000000,38587.96000000,39110.89000000,3016.77143000,60,60,False
1643734800000,1643738400000,39110.89000000,39171.94000000,38655.35000000,38867.24000000,1950.07901000,60,60,False
1643738400000,1643742000000,38868.01000000,38900.00000000,38460.20000000,38533.15000000,1130.81481000,60,60,False
1643742000000,1643745600000,38533.14000000,38595.60000000,38341.06000000,38378.09000000,1211.90981000,60,60,False
1643745600000,1643749200000,38378.10000000,38735.63000000,38369.00000000,38512.08000000,1134.06888000,60,60,False
1643749200000,1643752800000,38512.86000000,38819.00000000,38490.00000000,38785.53000000,907.43829000,60,60,False
1643752800000,1643756400000,38785.52000000,38853.23000000,38532.45000000,38697.55000000,629.43065000,60,60,False
1643756400000,1643760000000,38697.56000000,38889.00000000,38602.30000000,38694.59000000,605.62059000,60,60,False
1643760000000,1643763600000,38694.59000000,38855.92000000,38429.03000000,38557.27000000,1187.94325000,60,60,False
1643763600000,1643767200000,38557.27000000,38668.84000000,38374.78000000,38439.76000000,1052.16968000,60,60,False
1643767200000,1643770800000,38439.76000000,38665.69000000,38385.19000000,38622.81000000,505.64740000,60,60,False
1643770800000,1643774400000,38619.71000000,38749.99000000,38544.87000000,38552.87000000,555.13134000,60,60,False
1643774400000,1643778000000,38552.87000000,38555.33000000,38378.65000000,38423.44000000,1141.11423000,60,60,False
1643778000000,1643781600000,38423.44000000,38519.78000000,38300.00000000,38416.38000000,932.70530000,60,60,False
1643781600000,1643785200000,38416.38000000,38541.27000000,38196.42000000,38277.51000000,915.23311000,60,60,False
1643785200000,1643788800000,38281.18000000,38388.46000000,38200.00000000,38284.69000000,754.53449000,60,60,False
1643788800000,1643792400000,38282.14000000,38465.21000000,38225.00000000,38447.49000000,1014.70067000,60,60,False
1643792400000,1643796000000,38447.50000000,38564.87000000,38388.00000000,38530.85000000,901.66424000,60,60,False
1643796000000,1643799600000,38530.10000000,38597.95000000,38359.08000000,38566.26000000,922.64730000,60,60,False
1643799600000,1643803200000,38566.25000000,38577.21000000,38427.02000000,38490.00000000,601.82559000,60,60,False
1643803200000,1643806800000,38490.00000000,38773.41000000,38468.80000000,38723.99000000,1257.76358000,60,60,False
1643806800000,1643810400000,38724.00000000,38772.24000000,38335.83000000,38361.61000000,1421.44402000,60,60,False
1643810400000,1643814000000,38361.61000000,38437.02000000,37611.00000000,37703.72000000,4280.39457000,60,60,False
1643814000000,1643817600000,37703.72000000,37824.17000000,37361.49000000,37429.78000000,3502.09292000,60,60,False
1643817600000,1643821200000,37429.78000000,37435.90000000,37066.66000000,37336.71000000,3497.25132000,60,60,False
1643821200000,1643824800000,37336.71000000,37550.00000000,37269.25000000,37469.99000000,1308.70536000,60,60,False
1643824800000,1643828400000,37469.99000000,37530.98000000,37380.01000000,37486.42000000,880.98096000,60,60,False
1643828400000,1643832000000,37486.41000000,37674.34000000,37401.75000000,37566.56000000,1166.16549000,60,60,False
1643832000000,1643835600000,37566.56000000,37662.14000000,37400.17000000,37566.00000000,1479.58286000,60,60,False
1643835600000,1643839200000,37566.00000000,37612.66000000,36586.95000000,36922.51000000,3452.00636000,60,60,False
1643839200000,1643842800000,36922.51000000,37211.00000000,36820.50000000,37006.93000000,1538.78106000,60,60,False
1643842800000,1643846400000,37006.93000000,37133.16000000,36797.18000000,36896.36000000,1524.19620000,60,60,False
1643846400000,1643850000000,36896.37000000,37049.65000000,36763.40000000,36878.39000000,1812.53895000,60,60,False
1643850000000,1643853600000,36878.38000000,36996.39000000,36753.00000000,36845.52000000,1106.46884000,60,60,False
1643853600000,1643857200000,36845.52000000,36958.97000000,36720.01000000,36958.68000000,1068.81062000,60,60,False
1643857200000,1643860800000,36958.67000000,36960.00000000,36772.11000000,36820.83000000,629.52766000,60,60,False
1643860800000,1643864400000,36822.50000000,36957.00000000,36780.04000000,36906.99000000,639.91773000,60,60,False
1643864400000,1643868000000,36906.99000000,37081.55000000,36834.32000000,36991.62000000,1910.09664000,60,60,False
1643868000000,1643871600000,36991.63000000,37006.56000000,36835.14000000,36924.01000000,1083.97686000,60,60,False
1643871600000,1643875200000,36924.01000000,37093.03000000,36916.61000000,37024.16000000,969.40725000,60,60,False
1643875200000,1643878800000,37024.16000000,37106.91000000,36925.25000000,37077.65000000,851.30612000,60,60,False
1643878800000,1643882400000,37077.66000000,37090.00000000,36593.40000000,36614.91000000,1339.46411000,60,60,False
1643882400000,1643886000000,36614.90000000,36666.67000000,36250.73000000,36378.83000000,2413.18982000,60,60,False
1643886000000,1643889600000,36378.83000000,36796.44000000,36292.61000000,36785.00000000,1771.47993000,60,60,False
1643889600000,1643893200000,36785.00000000,36791.98000000,36250.00000000,36694.00000000,1897.12482000,60,60,False
1643893200000,1643896800000,36690.76000000,36774.58000000,36451.00000000,36585.08000000,1362.70695000,60,60,False
1643896800000,1643900400000,36585.08000000,36792.17000000,36484.00000000,36505.71000000,1696.69851000,60,60,False
1643900400000,1643904000000,36505.71000000,36976.89000000,36474.92000000,36910.05000000,1915.37708000,60,60,False
1643904000000,1643907600000,36910.06000000,37104.60000000,36686.65000000,36687.00000000,1339.84919000,60,60,False
1643907600000,1643911200000,36686.65000000,36886.30000000,36518.13000000,36831.51000000,1071.90257000,60,60,False
1643911200000,1643914800000,36831.52000000,36853.03000000,36698.00000000,36762.69000000,799.74746000,60,60,False
1643914800000,1643918400000,36762.69000000,36830.00000000,36449.43000000,36551.70000000,1198.85605000,60,60,False
1643918400000,1643922000000,36551.71000000,36644.05000000,36270.00000000,36367.40000000,1199.79905000,60,60,False
1643922000000,1643925600000,36367.43000000,37050.00000000,36357.87000000,36948.99000000,1911.35564000,60,60,False
1643925600000,1643929200000,36949.00000000,37016.42000000,36800.01000000,36933.16000000,705.28717000,60,60,False
1643929200000,1643932800000,36933.16000000,37387.00000000,36865.49000000,37311.61000000,1386.22097000,60,60,False
1643932800000,1643936400000,37311.98000000,37343.77000000,37116.97000000,37180.53000000,1448.75667000,60,60,False
1643936400000,1643940000000,37180.52000000,37239.94000000,37026.73000000,37168.60000000,1084.34384000,60,60,False
1643940000000,1643943600000,37168.59000000,37445.50000000,37140.19000000,37326.25000000,1544.84160000,60,60,False
1643943600000,1643947200000,37326.26000000,37420.51000000,37266.31000000,37297.62000000,977.10595000,60,60,False
1643947200000,1643950800000,37297.61000000,37356.00000000,37245.00000000,37289.34000000,1062.99863000,60,60,False
1643950800000,1643954400000,37289.35000000,37689.00000000,37260.01000000,37547.01000000,2630.83036000,60,60,False
1643954400000,1643958000000,37547.01000000,38025.60000000,37547.00000000,37990.02000000,2508.64163000,60,60,False
1643958000000,1643961600000,37990.02000000,38222.00000000,37838.13000000,37869.31000000,1825.08534000,60,60,False
1643961600000,1643965200000,37869.31000000,38047.98000000,37850.01000000,37957.32000000,1418.59898000,60,60,False
1643965200000,1643968800000,37957.32000000,38140.39000000,37900.00000000,38014.01000000,1364.89230000,60,60,False
1643968800000,1643972400000,38014.00000000,38236.08000000,37763.74000000,37879.74000000,1763.02639000,60,60,False
1643972400000,1643976000000,37879.74000000,37994.60000000,37810.00000000,37810.00000000,1269.60798000,60,60,False
1643976000000,1643979600000,37810.00000000,38060.55000000,37810.00000000,37956.67000000,995.06572000,60,60,False
1643979600000,1643983200000,37956.67000000,38200.00000000,37362.72000000,37421.40000000,3517.48646000,60,60,False
1643983200000,1643986800000,37421.41000000,38070.65000000,37290.20000000,37953.20000000,3218.65606000,60,60,False
1643986800000,1643990400000,37953.20000000,39819.91000000,37886.90000000,39490.87000000,12542.88189000,60,60,False
1643990400000,1643994000000,39490.88000000,40600.00000000,39442.89000000,40268.51000000,9229.66749000,60,60,False
1643994000000,1643997600000,40268.51000000,40557.51000000,40180.00000000,40520.46000000,3408.59177000,60,60,False
1643997600000,1644001200000,40520.45000000,40662.01000000,40278.79000000,40469.27000000,2093.46861000,60,60,False
1644001200000,1644004800000,40469.27000000,40877.00000000,40366.99000000,40727.91000000,2345.90165000,60,60,False
1644004800000,1644008400000,40727.92000000,40884.96000000,40456.25000000,40588.00000000,2561.73047000,60,60,False
1644008400000,1644012000000,40588.00000000,40631.89000000,40426.23000000,40624.15000000,1506.16471000,60,60,False
1644012000000,1644015600000,40624.16000000,40666.98000000,40382.84000000,40641.74000000,1145.45021000,60,60,False
1644015600000,1644019200000,40641.74000000,41772.33000000,40562.29000000,41574.25000000,3240.16403000,60,60,False
1644019200000,1644022800000,41571.70000000,41913.69000000,41342.98000000,41471.41000000,4759.06054000,60,60,False
1644022800000,1644026400000,41471.41000000,41535.73000000,41193.44000000,41274.08000000,1612.08923000,60,60,False
1644026400000,1644030000000,41274.08000000,41447.08000000,41173.36000000,41363.96000000,976.72246000,60,60,False
1644030000000,1644033600000,41363.96000000,41471.00000000,41341.37000000,41447.85000000,860.91629000,60,60,False
1644033600000,1644037200000,41447.85000000,41693.90000000,41369.69000000,41465.42000000,1277.42961000,60,60,False
1644037200000,1644040800000,41465.43000000,41656.25000000,41376.50000000,41525.27000000,1176.39063000,60,60,False
1644040800000,1644044400000,41525.26000000,41748.18000000,41480.41000000,41499.99000000,1083.03504000,60,60,False
1644044400000,1644048000000,41500.00000000,41501.91000000,41373.27000000,41379.99000000,1074.39390000,60,60,False
1644048000000,1644051600000,41379.99000000,41600.10000000,41315.68000000,41436.23000000,1672.49856000,60,60,False
1644051600000,1644055200000,41437.62000000,41564.28000000,41099.92000000,41547.36000000,1282.88455000,60,60,False
1644055200000,1644058800000,41547.36000000,41669.00000000,41418.41000000,41565.86000000,937.06959000,60,60,False
1644058800000,1644062400000,41565.86000000,41633.39000000,41382.00000000,41430.00000000,1327.96761000,60,60,False
1644062400000,1644066000000,41430.00000000,41513.60000000,41334.70000000,41379.13000000,1266.11873000,60,60,False
1644066000000,1644069600000,41379.12000000,41545.82000000,41348.62000000,41510.69000000,1370.62360000,60,60,False
1644069600000,1644073200000,41510.70000000,41755.30000000,41385.46000000,41458.73000000,1279.33130000,60,60,False
1644073200000,1644076800000,41458.73000000,41899.54000000,41326.17000000,41761.85000000,2100.85308000,60,60,False
1644076800000,1644080400000,41761.87000000,41854.81000000,41230.00000000,41283.81000000,1777.76781000,60,60,False
1644080400000,1644084000000,41283.81000000,41686.28000000,40843.01000000,41583.93000000,2699.97121000,60,60,False
1644084000000,1644087600000,41583.94000000,41742.45000000,41505.79000000,41683.89000000,773.47937000,60,60,False
1644087600000,1644091200000,41683.89000000,41688.18000000,41487.04000000,41544.90000000,664.24227000,60,60,False
1644091200000,1644094800000,41544.90000000,41696.50000000,41380.11000000,41644.00000000,774.54589000,60,60,False
1644094800000,1644098400000,41647.78000000,41771.85000000,41555.55000000,41627.47000000,618.95127000,60,60,False
1644098400000,1644102000000,41627.48000000,41757.35000000,41558.17000000,41579.88000000,490.23034000,60,60,False
1644102000000,1644105600000,41579.89000000,41643.47000000,41349.81000000,41382.59000000,675.77084000,60,60,False
1644105600000,1644109200000,41382.60000000,41526.22000000,41340.35000000,41478.68000000,495.10741000,60,60,False
1644109200000,1644112800000,41478.67000000,41640.00000000,41475.85000000,41606.03000000,567.02825000,60,60,False
1644112800000,1644116400000,41606.04000000,41628.19000000,41462.73000000,41534.56000000,602.64639000,60,60,False
1644116400000,1644120000000,41534.57000000,41556.01000000,41431.13000000,41444.04000000,399.47500000,60,60,False
1644120000000,1644123600000,41444.03000000,41545.41000000,41305.29000000,41543.41000000,706.11945000,60,60,False
1644123600000,1644127200000,41543.41000000,41587.44000000,41490.38000000,41572.96000000,364.03309000,60,60,False
1644127200000,1644130800000,41572.97000000,41580.04000000,41401.58000000,41451.37000000,478.02756000,60,60,False
1644130800000,1644134400000,41451.37000000,41714.18000000,41405.92000000,41612.33000000,719.75161000,60,60,False
1644134400000,1644138000000,41612.32000000,41660.63000000,41489.95000000,41640.00000000,629.80212000,60,60,False
1644138000000,1644141600000,41640.00000000,41672.99000000,41579.98000000,41648.99000000,479.40829000,60,60,False
1644141600000,1644145200000,41649.00000000,41700.01000000,41531.16000000,41578.68000000,484.01162000,60,60,False
1644145200000,1644148800000,41578.68000000,41627.63000000,41444.00000000,41522.00000000,437.08913000,60,60,False
1644148800000,1644152400000,41522.00000000,41645.34000000,41487.82000000,41610.99000000,596.48693000,60,60,False
1644152400000,1644156000000,41610.99000000,41834.99000000,41479.28000000,41692.35000000,1375.97812000,60,60,False
1644156000000,1644159600000,41692.35000000,42168.00000000,41204.45000000,41306.34000000,3357.29142000,60,60,False
1644159600000,1644163200000,41306.34000000,41600.00000000,41116.56000000,41519.49000000,2034.81916000,60,60,False
1644163200000,1644166800000,41519.48000000,41698.08000000,41417.23000000,41640.85000000,876.97558000,60,60,False
1644166800000,1644170400000,41640.84000000,41747.40000000,41546.65000000,41644.84000000,748.35666000,60,60,False
1644170400000,1644174000000,41644.84000000,41674.43000000,41426.60000000,41509.04000000,612.59519000,60,60,False
1644174000000,1644177600000,41509.04000000,41732.00000000,41487.99000000,41717.94000000,498.06208000,60,60,False
1644177600000,1644181200000,41717.93000000,41748.03000000,41500.23000000,41569.99000000,669.83009000,60,60,False
1644181200000,1644184800000,41569.99000000,41720.85000000,41535.16000000,41649.98000000,434.66354000,60,60,False
1644184800000,1644188400000,41649.98000000,41782.80000000,41536.86000000,41590.73000000,472.18573000,60,60,False
1644188400000,1644192000000,41590.74000000,42656.00000000,41478.86000000,42380.87000000,4365.42262000,60,60,False
1644192000000,1644195600000,42380.87000000,42500.00000000,41645.85000000,41830.55000000,2654.75283000,60,60,False
1644195600000,1644199200000,41830.54000000,42266.27000000,41699.99000000,42098.41000000,2097.84745000,60,60,False
1644199200000,1644202800000,42102.42000000,42695.00000000,42095.13000000,42332.99000000,2958.78056000,60,60,False
1644202800000,1644206400000,42333.00000000,42944.20000000,42332.23000000,42818.99000000,2210.08648000,60,60,False
1644206400000,1644210000000,42819.00000000,42900.00000000,42700.00000000,42815.74000000,1650.32562000,60,60,False
1644210000000,1644213600000,42815.73000000,43000.00000000,42685.34000000,42798.10000000,2096.69625000,60,60,False
1644213600000,1644217200000,42798.09000000,42823.00000000,42653.33000000,42749.36000000,1085.72351000,60,60,False
1644217200000,1644220800000,42749.35000000,42768.33000000,42551.96000000,42723.92000000,1076.01009000,60,60,False
1644220800000,1644224400000,42723.91000000,42767.69000000,42522.08000000,42596.49000000,1204.23670000,60,60,False
1644224400000,1644228000000,42596.49000000,42636.46000000,42234.09000000,42410.63000000,1695.93013000,60,60,False
1644228000000,1644231600000,42410.62000000,42640.20000000,42350.00000000,42560.00000000,1150.42707000,60,60,False
1644231600000,1644235200000,42559.99000000,42754.56000000,42559.99000000,42720.03000000,1725.40331000,60,60,False
1644235200000,1644238800000,42720.03000000,42790.60000000,42490.02000000,42639.93000000,1257.33129000,60,60,False
1644238800000,1644242400000,42639.92000000,42900.00000000,42611.77000000,42799.47000000,1272.08618000,60,60,False
1644242400000,1644246000000,42799.47000000,43475.08000000,42766.06000000,43411.15000000,4505.33198000,60,60,False
1644246000000,1644249600000,43411.16000000,43895.02000000,43105.00000000,43835.59000000,4320.62993000,60,60,False
1644249600000,1644253200000,43835.59000000,44077.00000000,43484.91000000,43797.71000000,4092.43480000,60,60,False
1644253200000,1644256800000,43797.70000000,44313.19000000,43601.00000000,44204.42000000,2315.73714000,60,60,False
1644256800000,1644260400000,44204.41000000,44500.50000000,43708.00000000,44065.25000000,3442.24216000,60,60,False
1644260400000,1644264000000,44065.25000000,44495.02000000,43954.32000000,44252.80000000,2208.88557000,60,60,False
1644264000000,1644267600000,44252.31000000,44438.93000000,43792.77000000,44131.88000000,2240.66458000,60,60,False
1644267600000,1644271200000,44131.88000000,44248.71000000,43769.64000000,44085.24000000,1560.37920000,60,60,False
1644271200000,1644274800000,44085.23000000,44180.29000000,43966.52000000,44068.99000000,832.12185000,60,60,False
1644274800000,1644278400000,44069.99000000,44190.58000000,43742.90000000,43839.99000000,1406.55538000,60,60,False
1644278400000,1644282000000,43839.99000000,43992.53000000,43555.72000000,43850.00000000,2234.79248000,60,60,False
1644282000000,1644285600000,43849.99000000,44077.77000000,43798.80000000,44042.35000000,1064.18637000,60,60,False
1644285600000,1644289200000,44042.34000000,44102.50000000,43888.55000000,43954.99000000,1129.66778000,60,60,False
1644289200000,1644292800000,43955.01000000,44185.00000000,43835.41000000,44178.57000000,1660.77202000,60,60,False
1644292800000,1644296400000,44178.57000000,44363.34000000,44073.73000000,44362.01000000,1646.56491000,60,60,False
1644296400000,1644300000000,44362.02000000,45000.00000000,44234.54000000,44883.08000000,2746.06000000,60,60,False
1644300000000,1644303600000,44883.08000000,45492.00000000,44237.74000000,44791.58000000,5934.69128000,60,60,False
1644303600000,1644307200000,44791.58000000,44927.83000000,44604.48000000,44855.00000000,2154.79837000,60,60,False
1644307200000,1644310800000,44855.00000000,44919.77000000,43750.00000000,44004.51000000,5353.49308000,60,60,False
1644310800000,1644314400000,44004.51000000,44257.55000000,43520.96000000,43859.02000000,6638.10638000,60,60,False
1644314400000,1644318000000,43859.01000000,43938.45000000,43569.76000000,43857.00000000,3165.50946000,60,60,False
1644318000000,1644321600000,43857.00000000,44066.02000000,43711.10000000,43988.30000000,1548.07687000,60,60,False
1644321600000,1644325200000,43988.30000000,43988.31000000,43105.30000000,43458.92000000,3510.11939000,60,60,False
1644325200000,1644328800000,43458.92000000,43632.37000000,43193.02000000,43624.95000000,3472.02736000,60,60,False
1644328800000,1644332400000,43624.95000000,43856.28000000,43525.60000000,43579.31000000,1854.86741000,60,60,False
1644332400000,1644336000000,43580.08000000,43585.85000000,42854.81000000,43429.31000000,3595.45402000,60,60,False
1644336000000,1644339600000,43429.32000000,43685.20000000,42910.00000000,43017.01000000,2906.60182000,60,60,False
1644339600000,1644343200000,43017.00000000,43204.03000000,42666.00000000,42953.86000000,3037.85262000,60,60,False
1644343200000,1644346800000,42953.87000000,43259.80000000,42850.01000000,42978.55000000,1403.83258000,60,60,False
1644346800000,1644350400000,42978.56000000,43130.00000000,42700.00000000,42998.65000000,1746.88616000,60,60,False
1644350400000,1644354000000,43000.53000000,44349.99000000,42938.36000000,44271.95000000,3828.79738000,60,60,False
1644354000000,1644357600000,44271.95000000,44393.36000000,43849.90000000,44180.36000000,2330.74281000,60,60,False
1644357600000,1644361200000,44180.00000000,44274.69000000,43865.22000000,44062.89000000,924.05397000,60,60,False
1644361200000,1644364800000,44062.89000000,44299.98000000,44013.56000000,44042.99000000,992.33935000,60,60,False
1644364800000,1644368400000,44043.00000000,44341.88000000,43958.70000000,44243.99000000,1535.22505000,60,60,False
1644368400000,1644372000000,44243.99000000,44247.54000000,43800.39000000,43861.21000000,1576.45026000,60,60,False
1644372000000,1644375600000,43861.22000000,43926.83000000,43117.92000000,43340.22000000,2187.32562000,60,60,False
1644375600000,1644379200000,43340.23000000,43488.57000000,43252.76000000,43343.28000000,1023.34980000,60,60,False
1644379200000,1644382800000,43343.28000000,43569.65000000,43313.98000000,43453.49000000,859.03162000,60,60,False
1644382800000,1644386400000,43453.49000000,43749.00000000,43125.00000000,43584.93000000,1117.57236000,60,60,False
1644386400000,1644390000000,43584.93000000,43831.05000000,43533.73000000,43700.01000000,1294.67169000,60,60,False
1644390000000,1644393600000,43700.01000000,43918.52000000,43416.21000000,43807.75000000,1360.42784000,60,60,False
1644393600000,1644397200000,43807.75000000,43939.00000000,43181.91000000,43399.78000000,1706.98263000,60,60,False
1644397200000,1644400800000,43399.78000000,43662.06000000,43300.00000000,43386.75000000,992.64129000,60,60,False
1644400800000,1644404400000,43386.75000000,43737.61000000,43365.44000000,43614.04000000,1033.94399000,60,60,False
1644404400000,1644408000000,43611.23000000,43824.35000000,43371.62000000,43715.45000000,1524.52784000,60,60,False
1644408000000,1644411600000,43715.46000000,44349.23000000,43617.61000000,44141.56000000,2342.88799000,60,60,False
1644411600000,1644415200000,44141.57000000,44471.40000000,43863.16000000,43938.87000000,2401.50828000,60,60,False
1644415200000,1644418800000,43938.87000000,44265.41000000,43780.73000000,44092.39000000,1595.65862000,60,60,False
1644418800000,1644422400000,44092.39000000,44197.97000000,43794.01000000,43867.63000000,1471.53927000,60,60,False
1644422400000,1644426000000,43867.63000000,44148.11000000,43579.66000000,44077.34000000,1894.12606000,60,60,False
1644426000000,1644429600000,44077.34000000,44318.77000000,43977.69000000,44066.00000000,1099.18321000,60,60,False
1644429600000,1644433200000,44066.01000000,44175.00000000,43922.14000000,44167.65000000,749.01650000,60,60,False
1644433200000,1644436800000,44167.64000000,44700.00000000,44133.44000000,44463.43000000,2447.12966000,60,60,False
1644436800000,1644440400000,44466.23000000,44799.00000000,44342.03000000,44765.18000000,1424.13903000,60,60,False
1644440400000,1644444000000,44765.19000000,44799.00000000,44436.69000000,44452.14000000,950.56435000,60,60,False
1644444000000,1644447600000,44452.14000000,44591.00000000,44189.00000000,44557.76000000,923.99087000,60,60,False
1644447600000,1644451200000,44557.75000000,44588.04000000,44200.00000000,44372.72000000,916.27346000,60,60,False
1644451200000,1644454800000,44372.71000000,44400.00000000,44030.10000000,44103.29000000,1611.55153000,60,60,False
1644454800000,1644458400000,44103.29000000,44261.25000000,44028.57000000,44253.22000000,1054.58247000,60,60,False
1644458400000,1644462000000,44253.23000000,44360.00000000,43800.00000000,43800.01000000,1402.61623000,60,60,False
1644462000000,1644465600000,43800.00000000,43858.41000000,43542.14000000,43775.42000000,1288.67942000,60,60,False
1644465600000,1644469200000,43775.42000000,43911.57000000,43575.22000000,43783.82000000,942.91797000,60,60,False
1644469200000,1644472800000,43784.72000000,43906.30000000,43703.78000000,43879.78000000,584.94538000,60,60,False
1644472800000,1644476400000,43879.78000000,43997.18000000,43757.57000000,43874.66000000,998.48493000,60,60,False
1644476400000,1644480000000,43874.67000000,44131.60000000,43856.46000000,44092.42000000,820.38215000,60,60,False
1644480000000,1644483600000,44092.43000000,44299.45000000,44055.86000000,44215.00000000,1096.54043000,60,60,False
1644483600000,1644487200000,44215.00000000,44499.00000000,44091.98000000,44400.01000000,1297.63381000,60,60,False
1644487200000,1644490800000,44400.00000000,44759.55000000,44361.36000000,44644.36000000,1853.01909000,60,60,False
1644490800000,1644494400000,44644.74000000,45177.96000000,44563.23000000,44834.09000000,3007.64984000,60,60,False
1644494400000,1644498000000,44834.09000000,44989.79000000,44486.43000000,44807.73000000,2469.95558000,60,60,False
1644498000000,1644501600000,44807.73000000,45060.00000000,43630.01000000,43642.98000000,7767.01840000,60,60,False
1644501600000,1644505200000,43642.98000000,44368.63000000,43174.01000000,44356.08000000,5920.25871000,60,60,False
1644505200000,1644508800000,44354.92000000,45669.71000000,44154.59000000,44947.10000000,8812.36337000,60,60,False
1644508800000,1644512400000,44947.12000000,45540.75000000,44846.59000000,45382.86000000,4524.72035000,60,60,False
1644512400000,1644516000000,45382.86000000,45821.00000000,45013.31000000,45330.43000000,3832.52997000,60,60,False
1644516000000,1644519600000,45330.43000000,45400.00000000,44850.00000000,45217.94000000,2455.79227000,60,60,False
1644519600000,1644523200000,45218.18000000,45254.95000000,44341.07000000,44373.97000000,2568.06418000,60,60,False
1644523200000,1644526800000,44373.95000000,44601.14000000,43785.93000000,44102.40000000,3300.10206000,60,60,False
1644526800000,1644530400000,44102.41000000,44199.99000000,43700.00000000,43749.99000000,1740.89989000,60,60,False
1644530400000,1644534000000,43749.30000000,44079.45000000,43612.60000000,43957.59000000,1185.74044000,60,60,False
1644534000000,1644537600000,43957.58000000,44047.61000000,43333.42000000,43495.44000000,1820.84244000,60,60,False
1644537600000,1644541200000,43495.44000000,43559.45000000,42600.00000000,43040.01000000,4272.89598000,60,60,False
1644541200000,1644544800000,43040.01000000,43749.86000000,42937.85000000,43169.78000000,3215.34822000,60,60,False
1644544800000,1644548400000,43169.78000000,43196.82000000,42817.93000000,43127.36000000,1146.79632000,60,60,False
1644548400000,1644552000000,43127.36000000,43408.63000000,43088.07000000,43343.71000000,1475.88678000,60,60,False
1644552000000,1644555600000,43342.92000000,43370.79000000,42918.12000000,43091.10000000,893.26039000,60,60,False
1644555600000,1644559200000,43091.09000000,43091.58000000,42836.00000000,42848.10000000,1103.70359000,60,60,False
1644559200000,1644562800000,42848.09000000,43281.46000000,42814.23000000,43248.73000000,947.21964000,60,60,False
1644562800000,1644566400000,43248.74000000,43416.22000000,43170.35000000,43359.25000000,997.55444000,60,60,False
1644566400000,1644570000000,43359.24000000,43555.92000000,42987.01000000,43000.32000000,1322.06234000,60,60,False
1644570000000,1644573600000,43000.32000000,43600.00000000,42851.00000000,43492.64000000,2103.26025000,60,60,False
1644573600000,1644577200000,43492.63000000,43569.67000000,43233.67000000,43443.77000000,1305.62692000,60,60,False
1644577200000,1644580800000,43443.78000000,43523.42000000,43320.00000000,43357.53000000,744.52418000,60,60,False
1644580800000,1644584400000,43357.53000000,43700.78000000,43253.31000000,43570.77000000,1317.54694000,60,60,False
1644584400000,1644588000000,43570.77000000,43826.00000000,43503.01000000,43765.14000000,1564.25180000,60,60,False
1644588000000,1644591600000,43765.15000000,43920.00000000,43284.40000000,43514.72000000,3110.59053000,60,60,False
1644591600000,1644595200000,43514.72000000,43810.97000000,43501.56000000,43669.01000000,1588.71243000,60,60,False
1644595200000,1644598800000,43669.02000000,43767.16000000,43424.99000000,43577.92000000,1658.28224000,60,60,False
1644598800000,1644602400000,43577.91000000,43723.78000000,43374.02000000,43417.18000000,1204.45876000,60,60,False
1644602400000,1644606000000,43417.18000000,43500.00000000,42581.07000000,42664.58000000,2949.24691000,60,60,False
1644606000000,1644609600000,42664.58000000,43180.90000000,42050.00000000,42742.63000000,4798.88874000,60,60,False
1644609600000,1644613200000,42742.63000000,42865.58000000,42217.55000000,42338.66000000,3170.07889000,60,60,False
1644613200000,1644616800000,42338.65000000,42735.78000000,42293.09000000,42543.60000000,1194.11033000,60,60,False
1644616800000,1644620400000,42542.02000000,42604.19000000,42000.00000000,42155.01000000,1498.57092000,60,60,False
1644620400000,1644624000000,42155.00000000,42443.38000000,41938.51000000,42373.73000000,1392.29116000,60,60,False
1644624000000,1644627600000,42373.73000000,42415.45000000,42221.38000000,42311.00000000,1040.25762000,60,60,False
1644627600000,1644631200000,42311.00000000,42485.66000000,42252.58000000,42447.82000000,812.96442000,60,60,False
1644631200000,1644634800000,42447.83000000,42480.55000000,42338.95000000,42449.73000000,448.85351000,60,60,False
1644634800000,1644638400000,42449.75000000,42450.00000000,42156.99000000,42288.46000000,986.21910000,60,60,False
1644638400000,1644642000000,42288.45000000,42428.30000000,42223.88000000,42287.00000000,748.95378000,60,60,False
1644642000000,1644645600000,42287.01000000,42414.84000000,42200.00000000,42272.01000000,571.19451000,60,60,False
1644645600000,1644649200000,42272.01000000,42315.88000000,41688.88000000,42039.37000000,1907.49953000,60,60,False
1644649200000,1644652800000,42039.38000000,42232.92000000,41935.02000000,42103.94000000,1140.05063000,60,60,False
1644652800000,1644656400000,42103.94000000,42382.71000000,42101.11000000,42278.60000000,1086.24319000,60,60,False
1644656400000,1644660000000,42278.60000000,42459.06000000,42230.81000000,42393.81000000,847.74284000,60,60,False
1644660000000,1644663600000,42393.80000000,42399.30000000,42100.00000000,42263.62000000,748.82261000,60,60,False
1644663600000,1644667200000,42263.62000000,42430.54000000,41888.82000000,42406.48000000,1129.83808000,60,60,False
1644667200000,1644670800000,42406.48000000,42445.85000000,42200.24000000,42276.30000000,761.14767000,60,60,False
1644670800000,1644674400000,42276.30000000,42340.46000000,42078.79000000,42099.17000000,759.18993000,60,60,False
1644674400000,1644678000000,42099.17000000,42218.92000000,41800.13000000,42160.63000000,1823.14624000,60,60,False
1644678000000,1644681600000,42160.62000000,42207.03000000,41833.31000000,42123.93000000,1279.20704000,60,60,False
1644681600000,1644685200000,42123.92000000,42806.65000000,41995.20000000,42730.49000000,2924.88562000,60,60,False
1644685200000,1644688800000,42730.49000000,42804.03000000,42548.62000000,42723.95000000,874.29337000,60,60,False
1644688800000,1644692400000,42723.94000000,43079.49000000,42723.94000000,42829.94000000,1434.49231000,60,60,False
1644692400000,1644696000000,42829.94000000,42882.66000000,42608.56000000,42662.47000000,844.40080000,60,60,False
1644696000000,1644699600000,42662.47000000,42752.99000000,42475.16000000,42622.67000000,711.33990000,60,60,False
1644699600000,1644703200000,42622.66000000,42622.67000000,41700.00000000,41877.82000000,2237.21042000,60,60,False
1644703200000,1644706800000,41877.82000000,42226.29000000,41830.01000000,42175.51000000,979.96552000,60,60,False
1644706800000,1644710400000,42175.52000000,42250.87000000,42058.83000000,42217.87000000,458.93817000,60,60,False
1644710400000,1644714000000,42217.87000000,42508.47000000,42057.26000000,42390.82000000,893.68946000,60,60,False
1644714000000,1644717600000,42390.81000000,42499.35000000,42198.86000000,42233.77000000,594.53536000,60,60,False
1644717600000,1644721200000,42233.77000000,42275.11000000,42102.22000000,42219.44000000,374.86276000,60,60,False
1644721200000,1644724800000,42219.43000000,42298.29000000,42150.00000000,42230.00000000,467.30385000,60,60,False
1644724800000,1644728400000,42229.99000000,42333.24000000,42119.35000000,42204.84000000,331.68369000,60,60,False
1644728400000,1644732000000,42204.83000000,42314.02000000,42120.00000000,42268.49000000,301.68910000,60,60,False
1644732000000,1644735600000,42268.50000000,42430.00000000,42215.00000000,42426.18000000,522.10084000,60,60,False
1644735600000,1644739200000,42423.88000000,42490.01000000,42300.00000000,42412.40000000,622.37041000,60,60,False
1644739200000,1644742800000,42412.39000000,42500.00000000,42328.92000000,42443.06000000,494.65471000,60,60,False
1644742800000,1644746400000,42443.06000000,42447.99000000,42269.64000000,42310.59000000,514.03134000,60,60,False
1644746400000,1644750000000,42310.59000000,42634.86000000,42243.48000000,42570.00000000,910.16152000,60,60,False
1644750000000,1644753600000,42570.00000000,42654.64000000,42412.33000000,42470.73000000,715.68294000,60,60,False
1644753600000,1644757200000,42470.72000000,42631.89000000,42415.60000000,42468.44000000,505.68604000,60,60,False
1644757200000,1644760800000,42468.43000000,42568.63000000,42400.60000000,42506.34000000,491.05459000,60,60,False
1644760800000,1644764400000,42506.34000000,42714.48000000,42138.17000000,42535.07000000,1526.43752000,60,60,False
1644764400000,1644768000000,42535.07000000,42760.00000000,42498.09000000,42559.97000000,1095.64951000,60,60,False
1644768000000,1644771600000,42559.97000000,42580.00000000,42208.21000000,42311.15000000,1209.49336000,60,60,False
1644771600000,1644775200000,42311.16000000,42311.16000000,42082.16000000,42267.40000000,1069.27269000,60,60,False
1644775200000,1644778800000,42267.39000000,42398.75000000,41870.00000000,41974.93000000,1251.20984000,60,60,False
1644778800000,1644782400000,41974.93000000,42181.63000000,41875.38000000,42031.16000000,940.09116000,60,60,False
1644782400000,1644786000000,42031.17000000,42446.55000000,41929.42000000,42441.44000000,912.03285000,60,60,False
1644786000000,1644789600000,42441.45000000,42497.85000000,42196.09000000,42200.20000000,606.24259000,60,60,False
1644789600000,1644793200000,42200.21000000,42423.53000000,42200.18000000,42371.56000000,446.66398000,60,60,False
1644793200000,1644796800000,42371.56000000,42393.42000000,42018.00000000,42053.66000000,935.48102000,60,60,False
1644796800000,1644800400000,42053.65000000,42180.04000000,41934.03000000,42113.12000000,926.07324000,60,60,False
1644800400000,1644804000000,42116.92000000,42152.00000000,41550.56000000,41670.43000000,2170.21538000,60,60,False
1644804000000,1644807600000,41670.16000000,41839.95000000,41600.00000000,41703.81000000,1007.93485000,60,60,False
1644807600000,1644811200000,41703.81000000,41971.76000000,41620.32000000,41916.43000000,1063.85847000,60,60,False
1644811200000,1644814800000,41916.42000000,41985.18000000,41836.82000000,41962.01000000,716.08760000,60,60,False
1644814800000,1644818400000,41962.01000000,42018.51000000,41767.27000000,41778.62000000,692.17353000,60,60,False
1644818400000,1644822000000,41778.62000000,42276.00000000,41734.70000000,42184.55000000,1211.53674000,60,60,False
1644822000000,1644825600000,42184.54000000,42368.21000000,42112.47000000,42314.42000000,1102.50624000,60,60,False
1644825600000,1644829200000,42314.42000000,42415.00000000,42000.30000000,42033.61000000,1869.83736000,60,60,False
1644829200000,1644832800000,42033.61000000,42226.23000000,41956.76000000,42077.44000000,1271.51240000,60,60,False
1644832800000,1644836400000,42077.44000000,42279.00000000,41922.48000000,42225.30000000,1041.35777000,60,60,False
1644836400000,1644840000000,42225.30000000,42270.00000000,42070.01000000,42117.87000000,736.79201000,60,60,False
1644840000000,1644843600000,42112.71000000,42591.49000000,41961.13000000,42535.39000000,2562.92668000,60,60,False
1644843600000,1644847200000,42535.39000000,42687.37000000,42380.93000000,42491.00000000,1832.36934000,60,60,False
1644847200000,1644850800000,42490.99000000,42842.40000000,42467.73000000,42519.99000000,2067.44932000,60,60,False
1644850800000,1644854400000,42519.99000000,42653.84000000,42350.00000000,42584.97000000,2002.99643000,60,60,False
1644854400000,1644858000000,42584.97000000,42818.35000000,42550.00000000,42651.00000000,1713.34060000,60,60,False
1644858000000,1644861600000,42651.00000000,42807.67000000,42515.16000000,42570.00000000,1200.69953000,60,60,False
1644861600000,1644865200000,42570.01000000,42653.10000000,42212.00000000,42233.91000000,1367.70712000,60,60,False
1644865200000,1644868800000,42233.91000000,42299.74000000,41803.17000000,42119.31000000,3445.59493000,60,60,False
1644868800000,1644872400000,42119.31000000,42308.72000000,41933.95000000,42180.50000000,1425.44436000,60,60,False
1644872400000,1644876000000,42180.51000000,42282.10000000,42100.00000000,42234.50000000,628.47496000,60,60,False
1644876000000,1644879600000,42234.51000000,42750.00000000,42220.40000000,42678.07000000,1221.24806000,60,60,False
1644879600000,1644883200000,42678.07000000,42800.00000000,42529.51000000,42535.94000000,731.99368000,60,60,False
1644883200000,1644886800000,42535.94000000,42668.43000000,42427.03000000,42576.18000000,875.53425000,60,60,False
1644886800000,1644890400000,42576.18000000,43700.00000000,42518.10000000,43465.96000000,3424.41579000,60,60,False
1644890400000,1644894000000,43465.97000000,43685.70000000,43389.75000000,43569.79000000,1923.15274000,60,60,False
1644894000000,1644897600000,43569.78000000,43663.77000000,43501.00000000,43567.76000000,1146.27393000,60,60,False
1644897600000,1644901200000,43567.75000000,43781.97000000,43459.41000000,43468.94000000,1452.26922000,60,60,False
1644901200000,1644904800000,43468.93000000,43626.48000000,43397.10000000,43573.44000000,829.32419000,60,60,False
1644904800000,1644908400000,43573.45000000,43698.82000000,43521.75000000,43544.44000000,929.30088000,60,60,False
1644908400000,1644912000000,43544.45000000,43777.00000000,43527.26000000,43691.57000000,1118.68088000,60,60,False
1644912000000,1644915600000,43691.57000000,44198.99000000,43608.67000000,43987.97000000,3872.23802000,60,60,False
1644915600000,1644919200000,43987.97000000,44117.07000000,43829.88000000,44056.02000000,1877.98340000,60,60,False
1644919200000,1644922800000,44056.01000000,44371.71000000,43966.81000000,44270.01000000,2146.43457000,60,60,False
1644922800000,1644926400000,44270.01000000,44425.85000000,44111.11000000,44233.60000000,1481.66693000,60,60,False
1644926400000,1644930000000,44233.60000000,44349.67000000,44129.49000000,44182.61000000,1376.57383000,60,60,False
1644930000000,1644933600000,44182.60000000,44305.66000000,44024.03000000,44240.69000000,1582.09064000,60,60,False
1644933600000,1644937200000,44240.69000000,44500.00000000,44200.58000000,44249.99000000,2394.49107000,60,60,False
1644937200000,1644940800000,44250.00000000,44297.87000000,44109.02000000,44198.96000000,1741.42556000,60,60,False
1644940800000,1644944400000,44198.97000000,44259.37000000,44011.00000000,44123.18000000,1533.19927000,60,60,False
1644944400000,1644948000000,44120.00000000,44156.43000000,43846.07000000,43925.00000000,1673.34214000,60,60,False
1644948000000,1644951600000,43924.99000000,44199.79000000,43870.13000000,44128.64000000,1026.58683000,60,60,False
1644951600000,1644955200000,44128.63000000,44131.00000000,43961.59000000,43993.95000000,682.06234000,60,60,False
1644955200000,1644958800000,43993.94000000,44169.63000000,43961.88000000,44140.76000000,1092.26494000,60,60,False
1644958800000,1644962400000,44140.76000000,44162.42000000,43941.28000000,43969.02000000,632.36774000,60,60,False
1644962400000,1644966000000,43969.03000000,44377.92000000,43966.50000000,44169.17000000,1183.90912000,60,60,False
1644966000000,1644969600000,44169.18000000,44751.40000000,44103.71000000,44544.86000000,2099.60748000,60,60,False
1644969600000,1644973200000,44544.85000000,44549.97000000,44125.00000000,44195.77000000,1229.09601000,60,60,False
1644973200000,1644976800000,44195.77000000,44199.99000000,43945.32000000,43988.69000000,1298.84747000,60,60,False
1644976800000,1644980400000,43988.68000000,44070.10000000,43877.18000000,44068.38000000,1101.63540000,60,60,False
1644980400000,1644984000000,44068.39000000,44150.10000000,43942.27000000,43971.26000000,1162.97705000,60,60,False
1644984000000,1644987600000,43971.27000000,43974.95000000,43673.92000000,43893.67000000,1681.79747000,60,60,False
1644987600000,1644991200000,43893.68000000,44132.96000000,43886.37000000,44056.97000000,801.99252000,60,60,False
1644991200000,1644994800000,44056.97000000,44191.77000000,43998.54000000,44028.14000000,626.78941000,60,60,False
1644994800000,1644998400000,44028.15000000,44191.04000000,43925.23000000,44184.20000000,700.91564000,60,60,False
1644998400000,1645002000000,44184.19000000,44327.55000000,44130.70000000,44147.08000000,1086.86338000,60,60,False
1645002000000,1645005600000,44147.09000000,44236.09000000,43992.99000000,44005.23000000,848.19513000,60,60,False
1645005600000,1645009200000,44005.23000000,44128.13000000,43876.00000000,44111.61000000,975.15668000,60,60,False
1645009200000,1645012800000,44111.61000000,44260.00000000,44107.17000000,44173.15000000,808.63663000,60,60,False
1645012800000,1645016400000,44173.15000000,44214.11000000,43964.42000000,44032.98000000,836.47723000,60,60,False
1645016400000,1645020000000,44032.98000000,44150.00000000,43521.00000000,43637.97000000,2323.12704000,60,60,False
1645020000000,1645023600000,43637.96000000,43735.99000000,43307.00000000,43490.21000000,2294.37812000,60,60,False
1645023600000,1645027200000,43490.21000000,43690.00000000,43443.44000000,43598.63000000,1646.18871000,60,60,False
1645027200000,1645030800000,43598.62000000,43740.60000000,43350.00000000,43647.36000000,1259.72552000,60,60,False
1645030800000,1645034400000,43647.37000000,43705.60000000,43544.32000000,43573.76000000,770.70691000,60,60,False
1645034400000,1645038000000,43573.76000000,43892.00000000,43506.64000000,43847.16000000,986.45468000,60,60,False
1645038000000,1645041600000,43847.15000000,44344.64000000,43694.44000000,44220.00000000,3114.89967000,60,60,False
1645041600000,1645045200000,44219.99000000,44376.58000000,44075.55000000,44093.62000000,1054.78133000,60,60,False
1645045200000,1645048800000,44093.62000000,44165.00000000,43877.68000000,44068.34000000,685.57957000,60,60,False
1645048800000,1645052400000,44068.34000000,44159.37000000,43956.30000000,44010.49000000,528.16368000,60,60,False
1645052400000,1645056000000,44010.50000000,44168.64000000,43823.09000000,43873.56000000,648.48745000,60,60,False
1645056000000,1645059600000,43873.56000000,44100.23000000,43822.28000000,44060.74000000,840.53758000,60,60,False
1645059600000,1645063200000,44060.75000000,44164.71000000,43968.58000000,44006.09000000,798.91910000,60,60,False
1645063200000,1645066800000,44006.09000000,44095.73000000,43824.68000000,43995.48000000,848.14420000,60,60,False
1645066800000,1645070400000,43995.48000000,44010.00000000,43575.04000000,43583.05000000,1057.71326000,60,60,False
1645070400000,1645074000000,43580.00000000,43710.42000000,43350.00000000,43615.72000000,2088.95628000,60,60,False
1645074000000,1645077600000,43615.72000000,43707.77000000,43514.77000000,43617.40000000,544.39246000,60,60,False
1645077600000,1645081200000,43617.41000000,43900.56000000,43573.50000000,43838.80000000,812.00255000,60,60,False
1645081200000,1645084800000,43838.80000000,43950.00000000,43750.98000000,43919.46000000,613.03626000,60,60,False
1645084800000,1645088400000,43919.46000000,44022.36000000,43330.00000000,43468.21000000,2269.05556000,60,60,False
1645088400000,1645092000000,43468.21000000,43529.79000000,42900.00000000,43216.34000000,2175.16040000,60,60,False
1645092000000,1645095600000,43216.33000000,43342.00000000,42925.06000000,43049.99000000,1239.40185000,60,60,False
1645095600000,1645099200000,43050.00000000,43207.47000000,42977.67000000,43164.05000000,1405.48148000,60,60,False
1645099200000,1645102800000,43164.05000000,43340.65000000,43140.57000000,43213.25000000,1024.17387000,60,60,False
1645102800000,1645106400000,43213.26000000,43289.92000000,42142.27000000,42239.99000000,4651.47287000,60,60,False
1645106400000,1645110000000,42239.99000000,42392.00000000,41837.61000000,41926.31000000,4306.15186000,60,60,False
1645110000000,1645113600000,41926.31000000,42131.05000000,41700.00000000,41925.44000000,2835.56310000,60,60,False
1645113600000,1645117200000,41925.44000000,42111.00000000,41641.00000000,41979.68000000,2740.66126000,60,60,False
1645117200000,1645120800000,41979.68000000,41995.20000000,41600.00000000,41746.21000000,1542.85074000,60,60,False
1645120800000,1645124400000,41746.21000000,41868.83000000,40750.02000000,41292.65000000,5220.46198000,60,60,False
1645124400000,1645128000000,41292.66000000,41292.66000000,40940.64000000,41201.62000000,1521.45222000,60,60,False
1645128000000,1645131600000,41204.22000000,41204.22000000,40851.20000000,40882.85000000,1666.50815000,60,60,False
1645131600000,1645135200000,40878.68000000,40950.04000000,40073.21000000,40666.82000000,4711.91917000,60,60,False
1645135200000,1645138800000,40666.82000000,40753.47000000,40422.94000000,40711.68000000,1056.94529000,60,60,False
1645138800000,1645142400000,40712.96000000,40761.06000000,40446.60000000,40515.70000000,1275.03345000,60,60,False
1645142400000,1645146000000,40515.71000000,40668.41000000,40300.00000000,40563.91000000,1769.28818000,60,60,False
1645146000000,1645149600000,40563.91000000,40950.00000000,40362.92000000,40784.37000000,1868.30152000,60,60,False
1645149600000,1645153200000,40784.36000000,40886.26000000,40666.26000000,40762.43000000,980.18665000,60,60,False
1645153200000,1645156800000,40762.42000000,40770.19000000,40574.02000000,40691.98000000,682.64164000,60,60,False
1645156800000,1645160400000,40691.97000000,40777.77000000,40496.57000000,40513.23000000,897.70306000,60,60,False
1645160400000,1645164000000,40513.24000000,40711.30000000,40493.31000000,40625.63000000,793.71474000,60,60,False
1645164000000,1645167600000,40625.62000000,40745.00000000,40575.74000000,40712.19000000,837.39545000,60,60,False
1645167600000,1645171200000,40712.19000000,40780.64000000,40560.01000000,40665.81000000,935.30701000,60,60,False
1645171200000,1645174800000,40665.81000000,40959.88000000,40654.11000000,40868.39000000,1307.44194000,60,60,False
1645174800000,1645178400000,40868.39000000,40919.35000000,40764.55000000,40873.00000000,890.80147000,60,60,False
1645178400000,1645182000000,40872.99000000,40877.21000000,40691.36000000,40788.01000000,1049.78806000,60,60,False
1645182000000,1645185600000,40788.02000000,40805.00000000,40101.01000000,40178.94000000,2714.72547000,60,60,False
1645185600000,1645189200000,40178.95000000,40558.00000000,40082.09000000,40441.43000000,1986.79608000,60,60,False
1645189200000,1645192800000,40441.44000000,40533.06000000,40186.57000000,40387.81000000,2572.49661000,60,60,False
1645192800000,1645196400000,40387.80000000,40517.77000000,39616.72000000,40483.81000000,5977.05012000,60,60,False
1645196400000,1645200000000,40483.82000000,40799.00000000,39660.00000000,39832.03000000,5194.14519000,60,60,False
1645200000000,1645203600000,39832.02000000,40438.27000000,39450.00000000,39933.41000000,5206.14989000,60,60,False
1645203600000,1645207200000,39933.42000000,40370.78000000,39915.03000000,40022.97000000,1909.33398000,60,60,False
1645207200000,1645210800000,40022.97000000,40229.79000000,39790.00000000,40140.15000000,1515.41731000,60,60,False
1645210800000,1645214400000,40140.15000000,40340.00000000,40050.00000000,40216.80000000,1107.18955000,60,60,False
1645214400000,1645218000000,40216.79000000,40286.09000000,39941.57000000,40025.79000000,1207.19344000,60,60,False
1645218000000,1645221600000,40025.79000000,40158.94000000,39900.00000000,39971.04000000,806.91235000,60,60,False
1645221600000,1645225200000,39971.05000000,40062.17000000,39711.31000000,39940.00000000,960.73300000,60,60,False
1645225200000,1645228800000,39940.01000000,40082.39000000,39885.72000000,39974.44000000,675.20970000,60,60,False
1645228800000,1645232400000,39974.45000000,40243.51000000,39915.89000000,40201.59000000,1019.02185000,60,60,False
1645232400000,1645236000000,40201.60000000,40307.22000000,40060.61000000,40151.39000000,691.10210000,60,60,False
1645236000000,1645239600000,40151.38000000,40212.98000000,40073.75000000,40155.22000000,431.07519000,60,60,False
1645239600000,1645243200000,40155.22000000,40227.14000000,40061.07000000,40125.12000000,443.33016000,60,60,False
1645243200000,1645246800000,40125.13000000,40285.79000000,40060.88000000,40212.56000000,677.67241000,60,60,False
1645246800000,1645250400000,40212.57000000,40246.47000000,40150.16000000,40237.75000000,385.05279000,60,60,False
1645250400000,1645254000000,40237.76000000,40444.32000000,40208.67000000,40370.01000000,713.36402000,60,60,False
1645254000000,1645257600000,40370.01000000,40407.31000000,40241.86000000,40263.71000000,503.58490000,60,60,False
1645257600000,1645261200000,40263.70000000,40301.11000000,39933.83000000,39976.14000000,840.66624000,60,60,False
1645261200000,1645264800000,39976.13000000,40057.67000000,39869.39000000,39926.26000000,746.02156000,60,60,False
1645264800000,1645268400000,39926.26000000,39974.98000000,39757.43000000,39946.01000000,964.02501000,60,60,False
1645268400000,1645272000000,39946.01000000,40032.70000000,39648.60000000,39842.54000000,1713.61364000,60,60,False
1645272000000,1645275600000,39842.53000000,39950.00000000,39661.30000000,39754.99000000,1161.48600000,60,60,False
1645275600000,1645279200000,39754.98000000,40076.94000000,39639.03000000,40017.88000000,1224.64172000,60,60,False
1645279200000,1645282800000,40017.88000000,40017.88000000,39771.31000000,39867.75000000,832.36516000,60,60,False
1645282800000,1645286400000,39867.76000000,40013.87000000,39803.76000000,39969.93000000,704.70296000,60,60,False
1645286400000,1645290000000,39969.92000000,40345.62000000,39850.00000000,39946.40000000,1505.30357000,60,60,False
1645290000000,1645293600000,39946.41000000,40168.05000000,39872.67000000,40142.43000000,697.53924000,60,60,False
1645293600000,1645297200000,40142.43000000,40203.88000000,40044.42000000,40115.33000000,418.66031000,60,60,False
1645297200000,1645300800000,40115.32000000,40124.74000000,39904.44000000,39974.66000000,619.49269000,60,60,False
1645300800000,1645304400000,39974.66000000,40107.17000000,39936.62000000,40061.87000000,352.52917000,60,60,False
1645304400000,1645308000000,40061.86000000,40071.50000000,39800.00000000,39921.63000000,652.59438000,60,60,False
1645308000000,1645311600000,39921.63000000,40047.28000000,39874.06000000,40015.39000000,355.01753000,60,60,False
1645311600000,1645315200000,40015.40000000,40140.00000000,39949.18000000,40079.17000000,389.19250000,60,60,False
1645315200000,1645318800000,40079.17000000,40125.44000000,39876.01000000,39924.54000000,653.07079000,60,60,False
1645318800000,1645322400000,39924.54000000,40019.18000000,39824.54000000,39997.17000000,426.52238000,60,60,False
1645322400000,1645326000000,39997.17000000,40019.74000000,39826.92000000,39839.17000000,462.96492000,60,60,False
1645326000000,1645329600000,39839.17000000,39907.07000000,39700.00000000,39794.59000000,788.29721000,60,60,False
1645329600000,1645333200000,39794.59000000,39843.59000000,39481.12000000,39550.65000000,1573.00656000,60,60,False
1645333200000,1645336800000,39550.65000000,39699.14000000,39285.30000000,39349.91000000,1668.31163000,60,60,False
1645336800000,1645340400000,39349.91000000,39443.27000000,38688.00000000,38794.82000000,4387.36693000,60,60,False
1645340400000,1645344000000,38794.82000000,38883.63000000,38581.10000000,38796.64000000,1809.81764000,60,60,False
1645344000000,1645347600000,38796.63000000,38836.18000000,38101.11000000,38166.84000000,4253.53166000,60,60,False
1645347600000,1645351200000,38166.84000000,38425.76000000,38000.00000000,38185.42000000,2509.85246000,60,60,False
1645351200000,1645354800000,38185.43000000,38378.27000000,38140.00000000,38193.02000000,1636.81007000,60,60,False
1645354800000,1645358400000,38193.01000000,38358.42000000,38122.93000000,38343.99000000,915.30720000,60,60,False
1645358400000,1645362000000,38343.99000000,38616.00000000,38201.10000000,38213.07000000,1631.94090000,60,60,False
1645362000000,1645365600000,38213.07000000,38320.40000000,38180.00000000,38204.92000000,897.02335000,60,60,False
1645365600000,1645369200000,38204.92000000,38300.00000000,38022.00000000,38196.97000000,1215.90655000,60,60,False
1645369200000,1645372800000,38196.98000000,38415.49000000,38180.31000000,38335.04000000,880.09849000,60,60,False
1645372800000,1645376400000,38337.20000000,38507.31000000,38238.43000000,38271.61000000,1093.41234000,60,60,False
1645376400000,1645380000000,38271.61000000,38399.99000000,38205.00000000,38279.31000000,598.53632000,60,60,False
1645380000000,1645383600000,38279.31000000,38456.00000000,38180.10000000,38441.26000000,708.27605000,60,60,False
1645383600000,1645387200000,38441.27000000,38444.66000000,38336.01000000,38397.22000000,383.44021000,60,60,False
1645387200000,1645390800000,38397.22000000,38400.98000000,38250.59000000,38317.72000000,472.76375000,60,60,False
1645390800000,1645394400000,38317.72000000,38360.00000000,38048.49000000,38240.07000000,1228.07582000,60,60,False
1645394400000,1645398000000,38240.08000000,38860.00000000,38235.53000000,38816.16000000,1327.66421000,60,60,False
1645398000000,1645401600000,38816.16000000,38979.12000000,38340.51000000,38386.89000000,1917.29267000,60,60,False
1645401600000,1645405200000,38386.89000000,38749.95000000,38182.98000000,38741.34000000,1532.27626000,60,60,False
1645405200000,1645408800000,38740.15000000,39388.00000000,38552.39000000,39135.57000000,2864.04882000,60,60,False
1645408800000,1645412400000,39135.57000000,39247.07000000,39021.84000000,39110.92000000,874.47991000,60,60,False
1645412400000,1645416000000,39110.92000000,39250.00000000,38800.57000000,38919.25000000,1210.57452000,60,60,False
1645416000000,1645419600000,38919.25000000,39378.56000000,38909.26000000,39297.12000000,1214.29138000,60,60,False
1645419600000,1645423200000,39297.13000000,39494.35000000,39210.00000000,39228.67000000,1051.25162000,60,60,False
1645423200000,1645426800000,39228.66000000,39276.43000000,39150.81000000,39204.39000000,849.89976000,60,60,False
1645426800000,1645430400000,39204.38000000,39320.69000000,39073.48000000,39294.07000000,1064.35157000,60,60,False
1645430400000,1645434000000,39294.06000000,39362.15000000,39026.74000000,39061.55000000,1348.02305000,60,60,False
1645434000000,1645437600000,39061.54000000,39110.03000000,38873.72000000,38923.52000000,1266.16316000,60,60,False
1645437600000,1645441200000,38923.51000000,38981.50000000,38217.89000000,38294.51000000,3132.69877000,60,60,False
1645441200000,1645444800000,38294.50000000,38437.32000000,37348.49000000,37577.33000000,4611.68370000,60,60,False
1645444800000,1645448400000,37576.10000000,37786.22000000,37401.01000000,37539.99000000,3325.70297000,60,60,False
1645448400000,1645452000000,37539.99000000,37700.00000000,37213.63000000,37562.74000000,3657.44193000,60,60,False
1645452000000,1645455600000,37562.74000000,38872.00000000,37481.27000000,38680.00000000,6017.44605000,60,60,False
1645455600000,1645459200000,38680.01000000,39283.07000000,38629.31000000,38827.94000000,4003.26862000,60,60,False
1645459200000,1645462800000,38827.93000000,39141.41000000,38647.10000000,38696.10000000,1946.31826000,60,60,False
1645462800000,1645466400000,38696.11000000,38830.91000000,38478.30000000,38527.65000000,1632.06618000,60,60,False
1645466400000,1645470000000,38527.66000000,38655.73000000,37533.93000000,37749.99000000,5033.33752000,60,60,False
1645470000000,1645473600000,37749.99000000,38399.54000000,37500.00000000,38135.21000000,3661.08350000,60,60,False
1645473600000,1645477200000,38135.20000000,38448.27000000,37960.04000000,38249.99000000,1552.05190000,60,60,False
1645477200000,1645480800000,38250.00000000,38361.32000000,36912.08000000,37058.51000000,3208.03818000,60,60,False
1645480800000,1645484400000,37058.51000000,37779.54000000,36800.00000000,37543.30000000,3894.36658000,60,60,False
1645484400000,1645488000000,37543.29000000,37676.78000000,36850.00000000,37008.16000000,3396.82075000,60,60,False
1645488000000,1645491600000,37008.16000000,37331.29000000,36810.00000000,37229.72000000,2715.27835000,60,60,False
1645491600000,1645495200000,37229.73000000,37468.35000000,36852.80000000,37243.25000000,2419.97460000,60,60,False
1645495200000,1645498800000,37243.26000000,37243.26000000,36855.30000000,37006.67000000,1601.48008000,60,60,False
1645498800000,1645502400000,37006.67000000,37017.58000000,36350.00000000,36591.06000000,4444.05106000,60,60,False
1645502400000,1645506000000,36591.06000000,36810.06000000,36550.47000000,36617.84000000,2265.49323000,60,60,False
1645506000000,1645509600000,36617.85000000,37250.23000000,36560.08000000,36740.76000000,2129.62282000,60,60,False
1645509600000,1645513200000,36740.75000000,37010.00000000,36600.00000000,36864.19000000,2009.01787000,60,60,False
1645513200000,1645516800000,36864.19000000,36995.82000000,36515.87000000,36771.66000000,2118.92745000,60,60,False
1645516800000,1645520400000,36771.65000000,37176.00000000,36756.53000000,37108.86000000,1923.95715000,60,60,False
1645520400000,1645524000000,37108.85000000,37319.17000000,37011.00000000,37135.03000000,1626.12999000,60,60,False
1645524000000,1645527600000,37135.03000000,37865.00000000,37085.05000000,37707.21000000,3163.56045000,60,60,False
1645527600000,1645531200000,37707.21000000,37768.01000000,37437.33000000,37519.48000000,1853.76536000,60,60,False
1645531200000,1645534800000,37519.47000000,37773.04000000,37274.38000000,37637.98000000,1993.68141000,60,60,False
1645534800000,1645538400000,37637.98000000,37981.27000000,37319.15000000,37836.84000000,1816.38374000,60,60,False
1645538400000,1645542000000,37836.84000000,38298.48000000,37414.52000000,38140.19000000,4391.98941000,60,60,False
1645542000000,1645545600000,38140.18000000,38240.00000000,37677.46000000,37759.90000000,2962.05657000,60,60,False
1645545600000,1645549200000,37759.90000000,37878.93000000,37464.65000000,37709.99000000,2679.35573000,60,60,False
1645549200000,1645552800000,37709.99000000,37841.87000000,37380.00000000,37640.97000000,2052.13003000,60,60,False
1645552800000,1645556400000,37640.96000000,37993.42000000,37551.74000000,37711.07000000,1786.05360000,60,60,False
1645556400000,1645560000000,37711.06000000,38169.08000000,37615.00000000,38065.32000000,2819.89102000,60,60,False
1645560000000,1645563600000,38065.32000000,38280.00000000,37775.36000000,37908.98000000,2082.89017000,60,60,False
1645563600000,1645567200000,37908.99000000,38051.34000000,37831.39000000,37875.20000000,818.34269000,60,60,False
1645567200000,1645570800000,37875.20000000,37976.96000000,37755.01000000,37917.34000000,479.56988000,60,60,False
1645570800000,1645574400000,37917.33000000,38429.00000000,37884.10000000,38230.33000000,1632.34323000,60,60,False
1645574400000,1645578000000,38230.33000000,38354.56000000,38036.24000000,38137.91000000,1286.01634000,60,60,False
1645578000000,1645581600000,38137.90000000,38160.42000000,37938.07000000,38062.50000000,1027.70156000,60,60,False
1645581600000,1645585200000,38062.50000000,38206.97000000,37528.33000000,37692.92000000,1778.13163000,60,60,False
1645585200000,1645588800000,37692.92000000,37795.91000000,37592.86000000,37750.67000000,949.23314000,60,60,False
1645588800000,1645592400000,37750.66000000,38078.09000000,37712.93000000,38003.05000000,1147.56250000,60,60,False
1645592400000,1645596000000,38003.05000000,38123.81000000,37813.27000000,37976.11000000,1056.00505000,60,60,False
1645596000000,1645599600000,37976.10000000,38148.29000000,37912.64000000,37988.84000000,1147.19743000,60,60,False
1645599600000,1645603200000,37988.84000000,38213.11000000,37957.45000000,38151.17000000,1341.70920000,60,60,False
1645603200000,1645606800000,38151.16000000,38788.99000000,38081.12000000,38673.03000000,3629.88320000,60,60,False
1645606800000,1645610400000,38673.02000000,38990.00000000,38600.01000000,38876.90000000,2085.38386000,60,60,False
1645610400000,1645614000000,38876.89000000,38956.64000000,38759.31000000,38866.27000000,1392.93540000,60,60,False
1645614000000,1645617600000,38866.28000000,39125.47000000,38734.64000000,38782.91000000,1833.75028000,60,60,False
1645617600000,1645621200000,38782.91000000,39100.00000000,38749.36000000,39016.39000000,1490.29190000,60,60,False
1645621200000,1645624800000,39016.39000000,39249.93000000,38889.00000000,38960.24000000,1830.84804000,60,60,False
1645624800000,1645628400000,38960.25000000,38990.99000000,38623.93000000,38660.07000000,2333.76570000,60,60,False
1645628400000,1645632000000,38660.08000000,38672.72000000,38450.00000000,38512.51000000,2607.47297000,60,60,False
1645632000000,1645635600000,38512.51000000,38710.00000000,38360.00000000,38638.24000000,2365.31648000,60,60,False
1645635600000,1645639200000,38638.24000000,38780.00000000,38005.24000000,38084.48000000,2414.52237000,60,60,False
1645639200000,1645642800000,38084.48000000,38109.88000000,37715.47000000,37780.80000000,2824.76212000,60,60,False
1645642800000,1645646400000,37780.80000000,37875.41000000,37536.00000000,37615.81000000,1916.48587000,60,60,False
1645646400000,1645650000000,37615.81000000,37738.56000000,37381.92000000,37677.98000000,1992.63133000,60,60,False
1645650000000,1645653600000,37677.98000000,37796.36000000,37423.37000000,37513.07000000,1154.30519000,60,60,False
1645653600000,1645657200000,37513.07000000,37667.52000000,37080.00000000,37648.23000000,1594.64063000,60,60,False
1645657200000,1645660800000,37648.22000000,37720.03000000,37036.79000000,37250.01000000,2360.17981000,60,60,False
1645660800000,1645664400000,37250.02000000,37427.81000000,36700.30000000,36755.82000000,2587.50298000,60,60,False
1645664400000,1645668000000,36755.83000000,37080.48000000,36638.00000000,36949.63000000,1996.01102000,60,60,False
1645668000000,1645671600000,36949.63000000,37019.63000000,35820.03000000,35924.92000000,4513.39976000,60,60,False
1645671600000,1645675200000,35924.92000000,35954.99000000,34720.53000000,34936.89000000,12569.16227000,60,60,False
1645675200000,1645678800000,34936.90000000,35277.54000000,34536.00000000,35077.91000000,8366.30560000,60,60,False
1645678800000,1645682400000,35077.91000000,35111.01000000,34322.28000000,34680.85000000,6572.82001000,60,60,False
1645682400000,1645686000000,34683.58000000,35106.44000000,34609.08000000,34901.75000000,4441.63801000,60,60,False
1645686000000,1645689600000,34901.76000000,35515.83000000,34379.04000000,35312.05000000,6684.87423000,60,60,False
1645689600000,1645693200000,35312.04000000,35885.00000000,35180.98000000,35513.82000000,6240.95084000,60,60,False
1645693200000,1645696800000,35513.82000000,35790.27000000,35286.73000000,35345.54000000,3606.23672000,60,60,False
1645696800000,1645700400000,35345.53000000,35494.00000000,34818.09000000,35198.51000000,5299.65438000,60,60,False
1645700400000,1645704000000,35198.52000000,35598.00000000,34885.06000000,35442.22000000,4316.77277000,60,60,False
1645704000000,1645707600000,35442.23000000,35461.80000000,35035.00000000,35255.87000000,3036.00253000,60,60,False
1645707600000,1645711200000,35255.86000000,35699.53000000,35127.01000000,35475.70000000,3307.34375000,60,60,False
1645711200000,1645714800000,35475.70000000,35900.00000000,35177.96000000,35639.83000000,6298.22945000,60,60,False
1645714800000,1645718400000,35639.82000000,36100.00000000,35404.34000000,35919.96000000,5443.35227000,60,60,False
1645718400000,1645722000000,35919.96000000,36310.52000000,35861.05000000,36156.98000000,4655.30222000,60,60,False
1645722000000,1645725600000,36156.98000000,36173.35000000,35721.96000000,35831.85000000,2243.66145000,60,60,False
1645725600000,1645729200000,35831.86000000,36800.00000000,35800.00000000,36396.52000000,4266.32760000,60,60,False
1645729200000,1645732800000,36396.52000000,37366.36000000,36220.54000000,37300.00000000,5647.99926000,60,60,False
1645732800000,1645736400000,37300.00000000,39843.00000000,37286.02000000,38418.97000000,12439.19152000,60,60,False
1645736400000,1645740000000,38421.98000000,38683.51000000,38183.93000000,38395.64000000,2260.12383000,60,60,False
1645740000000,1645743600000,38395.63000000,38481.80000000,37748.94000000,37870.05000000,1988.08850000,60,60,False
1645743600000,1645747200000,37870.05000000,38400.00000000,37870.05000000,38327.21000000,1695.34361000,60,60,False
1645747200000,1645750800000,38328.68000000,38795.60000000,38217.50000000,38226.27000000,1989.49169000,60,60,False
1645750800000,1645754400000,38226.27000000,38932.97000000,38138.54000000,38562.39000000,2369.51424000,60,60,False
1645754400000,1645758000000,38562.38000000,38820.46000000,38473.78000000,38800.29000000,1607.42607000,60,60,False
1645758000000,1645761600000,38800.29000000,39030.01000000,38509.40000000,38923.36000000,2462.81748000,60,60,False
1645761600000,1645765200000,38923.37000000,38942.46000000,38652.02000000,38721.84000000,1275.46388000,60,60,False
1645765200000,1645768800000,38721.83000000,38771.80000000,38291.61000000,38453.38000000,1412.59429000,60,60,False
1645768800000,1645772400000,38453.38000000,38759.85000000,38379.94000000,38711.37000000,1223.70325000,60,60,False
1645772400000,1645776000000,38711.36000000,38817.83000000,38368.97000000,38466.24000000,3839.01535000,60,60,False
1645776000000,1645779600000,38466.25000000,38517.99000000,38132.11000000,38345.27000000,3331.79980000,60,60,False
1645779600000,1645783200000,38345.28000000,38758.00000000,38014.37000000,38674.22000000,2403.98252000,60,60,False
1645783200000,1645786800000,38674.22000000,38783.66000000,38468.56000000,38578.29000000,1782.47151000,60,60,False
1645786800000,1645790400000,38578.29000000,38876.91000000,38341.57000000,38745.01000000,2685.96494000,60,60,False
1645790400000,1645794000000,38745.00000000,39500.00000000,38739.07000000,39362.05000000,4088.71069000,60,60,False
1645794000000,1645797600000,39363.76000000,39683.53000000,39232.04000000,39359.98000000,3817.23189000,60,60,False
1645797600000,1645801200000,39359.99000000,39478.35000000,38928.99000000,39009.52000000,3421.21697000,60,60,False
1645801200000,1645804800000,39009.52000000,39568.46000000,38700.00000000,39410.92000000,4588.77286000,60,60,False
1645804800000,1645808400000,39415.46000000,39588.82000000,39182.86000000,39374.00000000,2255.07077000,60,60,False
1645808400000,1645812000000,39374.00000000,39397.81000000,38872.70000000,38974.42000000,2060.89246000,60,60,False
1645812000000,1645815600000,38974.41000000,39041.21000000,38537.91000000,38655.33000000,2325.01719000,60,60,False
1645815600000,1645819200000,38655.33000000,38960.38000000,38538.06000000,38676.14000000,1806.06780000,60,60,False
1645819200000,1645822800000,38676.13000000,39242.42000000,38601.00000000,39109.06000000,1790.65305000,60,60,False
1645822800000,1645826400000,39109.06000000,39217.14000000,38920.71000000,38962.27000000,780.46329000,60,60,False
1645826400000,1645830000000,38962.28000000,39491.00000000,38853.62000000,39424.14000000,1234.06812000,60,60,False
1645830000000,1645833600000,39424.13000000,39600.00000000,39136.00000000,39219.17000000,2022.16114000,60,60,False
1645833600000,1645837200000,39219.16000000,40348.45000000,39076.14000000,39765.45000000,4153.14505000,60,60,False
1645837200000,1645840800000,39765.46000000,39825.65000000,39562.17000000,39704.81000000,1111.03517000,60,60,False
1645840800000,1645844400000,39704.82000000,39725.00000000,39467.36000000,39550.42000000,913.41707000,60,60,False
1645844400000,1645848000000,39550.43000000,39595.47000000,39252.00000000,39390.33000000,1056.32723000,60,60,False
1645848000000,1645851600000,39390.33000000,39468.73000000,39233.48000000,39356.93000000,858.96591000,60,60,False
1645851600000,1645855200000,39356.92000000,39381.16000000,38955.82000000,39021.48000000,1075.40280000,60,60,False
1645855200000,1645858800000,39021.49000000,39218.13000000,39007.24000000,39132.03000000,787.51404000,60,60,False
1645858800000,1645862400000,39132.03000000,39200.00000000,38910.11000000,39200.00000000,1174.39016000,60,60,False
1645862400000,1645866000000,39200.00000000,39546.00000000,38650.37000000,38782.80000000,2338.52182000,60,60,False
1645866000000,1645869600000,38782.80000000,38927.07000000,38573.18000000,38790.93000000,1420.86182000,60,60,False
1645869600000,1645873200000,38790.93000000,39068.89000000,38759.77000000,39001.55000000,1122.69813000,60,60,False
1645873200000,1645876800000,39001.56000000,39173.99000000,38787.69000000,38928.21000000,905.56797000,60,60,False
1645876800000,1645880400000,38928.22000000,39027.88000000,38772.15000000,38992.78000000,799.27378000,60,60,False
1645880400000,1645884000000,38992.78000000,39241.51000000,38912.97000000,39088.20000000,1309.27364000,60,60,False
1645884000000,1645887600000,39088.20000000,39378.60000000,38943.18000000,39209.63000000,1160.39009000,60,60,False
1645887600000,1645891200000,39209.64000000,39358.14000000,39146.56000000,39215.66000000,1334.93755000,60,60,False
1645891200000,1645894800000,39215.66000000,39320.36000000,39036.73000000,39148.75000000,915.39684000,60,60,False
1645894800000,1645898400000,39148.75000000,39309.23000000,39090.03000000,39248.58000000,740.57255000,60,60,False
1645898400000,1645902000000,39248.58000000,39255.22000000,38823.08000000,39099.16000000,995.32774000,60,60,False
1645902000000,1645905600000,39099.15000000,39440.00000000,39092.60000000,39254.12000000,1207.61089000,60,60,False
1645905600000,1645909200000,39254.12000000,39444.09000000,39213.20000000,39322.55000000,534.68935000,60,60,False
1645909200000,1645912800000,39322.55000000,39700.00000000,39288.51000000,39433.79000000,1439.57807000,60,60,False
1645912800000,1645916400000,39433.79000000,39467.04000000,39062.06000000,39145.18000000,825.05479000,60,60,False
1645916400000,1645920000000,39145.18000000,39173.31000000,38911.00000000,39116.72000000,1181.30434000,60,60,False
1645920000000,1645923600000,39116.73000000,39256.58000000,38717.74000000,38788.64000000,1628.58759000,60,60,False
1645923600000,1645927200000,38791.56000000,38855.73000000,38217.01000000,38240.04000000,2249.01882000,60,60,False
1645927200000,1645930800000,38240.04000000,38595.85000000,38189.19000000,38530.22000000,1026.57824000,60,60,False
1645930800000,1645934400000,38530.22000000,38685.08000000,38516.66000000,38606.81000000,814.39467000,60,60,False
1645934400000,1645938000000,38606.80000000,38656.44000000,38462.82000000,38547.38000000,633.19102000,60,60,False
1645938000000,1645941600000,38547.38000000,38755.00000000,38458.80000000,38584.32000000,796.73185000,60,60,False
1645941600000,1645945200000,38584.31000000,38875.99000000,38576.60000000,38773.23000000,721.01618000,60,60,False
1645945200000,1645948800000,38773.23000000,38867.91000000,38742.60000000,38790.93000000,653.76906000,60,60,False
1645948800000,1645952400000,38790.92000000,38888.00000000,38621.57000000,38807.20000000,1135.02816000,60,60,False
1645952400000,1645956000000,38807.20000000,39134.11000000,38750.52000000,39082.01000000,1262.95406000,60,60,False
1645956000000,1645959600000,39082.01000000,39460.00000000,38974.21000000,39369.82000000,1886.13717000,60,60,False
1645959600000,1645963200000,39369.83000000,39548.17000000,39232.48000000,39479.80000000,1431.65945000,60,60,False
1645963200000,1645966800000,39479.80000000,39855.70000000,39363.39000000,39752.60000000,2184.72211000,60,60,False
1645966800000,1645970400000,39752.61000000,39795.64000000,38565.14000000,39058.97000000,4228.82571000,60,60,False
1645970400000,1645974000000,39058.98000000,39190.15000000,38660.00000000,38800.00000000,2374.95130000,60,60,False
1645974000000,1645977600000,38800.00000000,39430.00000000,38740.39000000,39357.03000000,2086.39466000,60,60,False
1645977600000,1645981200000,39357.03000000,39450.94000000,38940.67000000,39092.99000000,1313.00193000,60,60,False
1645981200000,1645984800000,39092.96000000,39139.29000000,38930.32000000,38969.71000000,597.33164000,60,60,False
1645984800000,1645988400000,38969.70000000,39157.14000000,38800.00000000,38915.13000000,894.87626000,60,60,False
1645988400000,1645992000000,38915.14000000,38970.77000000,37500.00000000,37606.49000000,5124.20116000,60,60,False
1645992000000,1645995600000,37604.40000000,38299.39000000,37357.00000000,37966.60000000,3890.74373000,60,60,False
1645995600000,1645999200000,37966.60000000,38040.27000000,37000.00000000,37417.76000000,4749.98251000,60,60,False
1645999200000,1646002800000,37417.75000000,37957.87000000,37346.23000000,37818.47000000,2013.80038000,60,60,False
1646002800000,1646006400000,37818.47000000,37854.53000000,37330.23000000,37699.07000000,2531.54953000,60,60,False
1646006400000,1646010000000,37699.08000000,37802.04000000,37450.17000000,37574.27000000,1476.92822000,60,60,False
1646010000000,1646013600000,37574.27000000,38483.53000000,37574.27000000,37970.85000000,2758.22257000,60,60,False
1646013600000,1646017200000,37970.86000000,38102.58000000,37559.38000000,37768.41000000,1443.75806000,60,60,False
1646017200000,1646020800000,37768.41000000,37884.60000000,37650.04000000,37793.80000000,1132.07150000,60,60,False
1646020800000,1646024400000,37793.80000000,38044.91000000,37731.41000000,37816.22000000,1015.50894000,60,60,False
1646024400000,1646028000000,37816.23000000,38011.81000000,37738.05000000,37829.44000000,1074.48439000,60,60,False
1646028000000,1646031600000,37829.44000000,38126.40000000,37451.56000000,37979.66000000,2023.92449000,60,60,False
1646031600000,1646035200000,37979.67000000,38478.28000000,37900.00000000,38347.58000000,2329.54711000,60,60,False
1646035200000,1646038800000,38347.58000000,38672.96000000,38178.91000000,38302.12000000,2011.50388000,60,60,False
1646038800000,1646042400000,38302.11000000,38568.42000000,38100.53000000,38105.83000000,1477.59239000,60,60,False
1646042400000,1646046000000,38105.83000000,38461.13000000,38088.71000000,38378.07000000,1261.57904000,60,60,False
1646046000000,1646049600000,38378.07000000,38484.84000000,38127.76000000,38333.65000000,1205.08748000,60,60,False
1646049600000,1646053200000,38333.65000000,38646.21000000,38139.41000000,38276.92000000,2198.06244000,60,60,False
1646053200000,1646056800000,38276.91000000,38352.18000000,37934.89000000,38002.50000000,2113.09577000,60,60,False
1646056800000,1646060400000,38002.49000000,39900.00000000,38001.05000000,39826.36000000,7913.63889000,60,60,False
1646060400000,1646064000000,39826.37000000,40898.00000000,39610.00000000,40824.96000000,9620.05931000,60,60,False
1646064000000,1646067600000,40824.96000000,41332.85000000,40693.18000000,41010.09000000,7176.40321000,60,60,False
1646067600000,1646071200000,41010.09000000,41426.12000000,40737.15000000,41425.80000000,2981.10749000,60,60,False
1646071200000,1646074800000,41425.80000000,41463.41000000,41031.76000000,41204.66000000,2728.94612000,60,60,False
1646074800000,1646078400000,41204.65000000,41392.00000000,41009.28000000,41329.44000000,1927.69571000,60,60,False
1646078400000,1646082000000,41329.44000000,41950.00000000,41248.41000000,41908.07000000,3794.77339000,60,60,False
1646082000000,1646085600000,41908.08000000,41918.02000000,41500.56000000,41644.99000000,1373.72185000,60,60,False
1646085600000,1646089200000,41645.00000000,44225.84000000,41628.99000000,43026.44000000,8825.95745000,60,60,False
1646089200000,1646092800000,43026.45000000,43346.92000000,42847.00000000,43160.00000000,4081.96888000,60,60,False
1646092800000,1646096400000,43160.00000000,43750.00000000,43155.68000000,43560.00000000,3476.11347000,60,60,False
1646096400000,1646100000000,43560.01000000,43630.09000000,43222.22000000,43259.90000000,2309.88251000,60,60,False
1646100000000,1646103600000,43259.89000000,43292.60000000,42951.84000000,43160.01000000,2359.88603000,60,60,False
1646103600000,1646107200000,43160.01000000,43180.00000000,42855.20000000,43147.71000000,1759.18367000,60,60,False
1646107200000,1646110800000,43147.71000000,43400.00000000,43073.67000000,43336.26000000,1555.73855000,60,60,False
1646110800000,1646114400000,43336.26000000,43396.12000000,43145.60000000,43210.25000000,1017.16761000,60,60,False
1646114400000,1646118000000,43210.26000000,43484.16000000,43040.15000000,43453.28000000,1605.44794000,60,60,False
1646118000000,1646121600000,43453.29000000,43562.35000000,43288.69000000,43492.96000000,1494.76974000,60,60,False
1646121600000,1646125200000,43492.96000000,43716.69000000,43310.85000000,43492.24000000,2487.17320000,60,60,False
1646125200000,1646128800000,43492.24000000,43500.85000000,43138.16000000,43258.34000000,1832.69788000,60,60,False
1646128800000,1646132400000,43258.33000000,43584.00000000,42809.98000000,43578.87000000,2891.98414000,60,60,False
1646132400000,1646136000000,43578.88000000,43887.00000000,43350.00000000,43609.96000000,2747.55139000,60,60,False
1646136000000,1646139600000,43609.96000000,44689.80000000,43574.90000000,44640.38000000,6595.23610000,60,60,False
1646139600000,1646143200000,44641.01000000,44949.00000000,44416.04000000,44416.04000000,5516.18060000,60,60,False
1646143200000,1646146800000,44416.05000000,44664.19000000,43717.57000000,43808.86000000,4661.32740000,60,60,False
1646146800000,1646150400000,43808.86000000,44073.00000000,43350.00000000,43643.69000000,4286.14814000,60,60,False
1646150400000,1646154000000,43643.69000000,44078.65000000,43111.46000000,43385.53000000,3407.31320000,60,60,False
1646154000000,1646157600000,43385.54000000,43850.00000000,43240.23000000,43643.84000000,2322.28710000,60,60,False
1646157600000,1646161200000,43643.85000000,43881.60000000,43420.77000000,43803.01000000,1521.90331000,60,60,False
1646161200000,1646164800000,43803.01000000,44063.22000000,43664.36000000,43719.49000000,1534.04139000,60,60,False
1646164800000,1646168400000,43719.49000000,44102.61000000,43684.16000000,44084.63000000,1701.66423000,60,60,False
1646168400000,1646172000000,44084.63000000,44400.10000000,43731.54000000,43882.75000000,2075.01917000,60,60,False
1646172000000,1646175600000,43882.76000000,44219.00000000,43758.33000000,44156.77000000,952.38333000,60,60,False
1646175600000,1646179200000,44156.77000000,44506.65000000,44057.49000000,44421.20000000,1631.99863000,60,60,False
1646179200000,1646182800000,44421.20000000,44750.00000000,43924.23000000,44280.00000000,3188.03681000,60,60,False
1646182800000,1646186400000,44280.00000000,44390.40000000,43819.97000000,44027.69000000,2052.29966000,60,60,False
1646186400000,1646190000000,44027.69000000,44288.16000000,43847.35000000,44224.41000000,1642.13821000,60,60,False
1646190000000,1646193600000,44224.40000000,44554.21000000,44084.67000000,44324.65000000,2233.24385000,60,60,False
1646193600000,1646197200000,44324.64000000,44534.79000000,44136.47000000,44248.56000000,2187.02123000,60,60,False
1646197200000,1646200800000,44248.57000000,44355.29000000,44075.36000000,44269.18000000,1385.05541000,60,60,False
1646200800000,1646204400000,44269.18000000,44375.61000000,43880.61000000,43927.27000000,1467.93104000,60,60,False
1646204400000,1646208000000,43927.27000000,43987.03000000,43653.63000000,43973.09000000,2144.40257000,60,60,False
1646208000000,1646211600000,43973.09000000,44295.39000000,43738.27000000,43839.99000000,2154.88752000,60,60,False
1646211600000,1646215200000,43840.00000000,44164.26000000,43760.12000000,43907.50000000,2180.17547000,60,60,False
1646215200000,1646218800000,43907.50000000,44341.25000000,43854.55000000,44139.45000000,1548.57015000,60,60,False
1646218800000,1646222400000,44139.45000000,44246.23000000,43987.12000000,44103.28000000,1269.24679000,60,60,False
1646222400000,1646226000000,44103.29000000,44350.00000000,43784.85000000,44005.36000000,2073.46840000,60,60,False
1646226000000,1646229600000,44005.37000000,44040.48000000,43334.09000000,43525.30000000,3370.19039000,60,60,False
1646229600000,1646233200000,43525.29000000,44867.05000000,43496.53000000,44819.40000000,5449.69334000,60,60,False
1646233200000,1646236800000,44819.39000000,45400.00000000,43800.00000000,44126.52000000,10466.25009000,60,60,False
1646236800000,1646240400000,44126.51000000,44498.02000000,43954.94000000,44243.19000000,2749.64501000,60,60,False
1646240400000,1646244000000,44243.19000000,44438.10000000,43715.99000000,43750.18000000,2129.97561000,60,60,False
1646244000000,1646247600000,43750.19000000,43934.40000000,43545.57000000,43600.00000000,1768.43712000,60,60,False
1646247600000,1646251200000,43599.99000000,43817.00000000,43433.00000000,43704.42000000,1829.06507000,60,60,False
1646251200000,1646254800000,43704.41000000,43899.00000000,43681.30000000,43803.31000000,1082.50232000,60,60,False
1646254800000,1646258400000,43803.31000000,44099.82000000,43750.67000000,44068.55000000,1077.48493000,60,60,False
1646258400000,1646262000000,44068.55000000,44380.00000000,43870.00000000,44067.40000000,1358.99575000,60,60,False
1646262000000,1646265600000,44067.40000000,44200.01000000,43851.72000000,43892.98000000,973.93407000,60,60,False
1646265600000,1646269200000,43892.99000000,44063.15000000,43663.50000000,43978.76000000,1407.25456000,60,60,False
1646269200000,1646272800000,43978.75000000,44026.68000000,43700.00000000,43825.88000000,1061.01704000,60,60,False
1646272800000,1646276400000,43825.87000000,43834.94000000,43593.02000000,43790.01000000,911.50866000,60,60,False
1646276400000,1646280000000,43790.01000000,43843.25000000,43193.52000000,43305.77000000,3968.80311000,60,60,False
1646280000000,1646283600000,43305.76000000,43481.52000000,43249.83000000,43435.27000000,1145.10826000,60,60,False
1646283600000,1646287200000,43435.27000000,43505.61000000,43274.97000000,43316.87000000,882.76420000,60,60,False
1646287200000,1646290800000,43316.87000000,43465.28000000,42915.06000000,43433.97000000,2328.67340000,60,60,False
1646290800000,1646294400000,43433.97000000,43696.83000000,43340.36000000,43477.05000000,1304.20680000,60,60,False
1646294400000,1646298000000,43477.04000000,43621.22000000,43266.85000000,43456.88000000,1173.20268000,60,60,False
1646298000000,1646301600000,43456.88000000,43480.00000000,43095.93000000,43151.97000000,1507.51297000,60,60,False
1646301600000,1646305200000,43151.98000000,43489.00000000,43064.46000000,43385.78000000,1746.81191000,60,60,False
1646305200000,1646308800000,43387.01000000,43599.00000000,43295.70000000,43382.23000000,1389.88302000,60,60,False
1646308800000,1646312400000,43382.23000000,43788.85000000,43307.47000000,43558.81000000,1511.28400000,60,60,False
1646312400000,1646316000000,43558.82000000,44014.22000000,43491.98000000,43987.36000000,2999.72100000,60,60,False
1646316000000,1646319600000,43987.36000000,44101.12000000,43344.00000000,43425.19000000,3407.65407000,60,60,False
1646319600000,1646323200000,43425.18000000,43496.49000000,42348.56000000,42547.34000000,7556.44033000,60,60,False
1646323200000,1646326800000,42547.34000000,42750.00000000,42268.00000000,42416.84000000,4311.76710000,60,60,False
1646326800000,1646330400000,42416.83000000,42567.71000000,42055.64000000,42398.35000000,2814.96300000,60,60,False
1646330400000,1646334000000,42398.34000000,42524.30000000,42188.45000000,42256.74000000,1606.45820000,60,60,False
1646334000000,1646337600000,42256.75000000,42418.00000000,42100.00000000,42226.74000000,1283.12621000,60,60,False
1646337600000,1646341200000,42226.74000000,42271.80000000,41840.39000000,42030.31000000,2815.96332000,60,60,False
1646341200000,1646344800000,42030.32000000,42139.59000000,41832.28000000,42092.25000000,1241.47597000,60,60,False
1646344800000,1646348400000,42093.50000000,42703.65000000,42077.74000000,42492.09000000,1774.68505000,60,60,False
1646348400000,1646352000000,42492.09000000,42606.05000000,42380.85000000,42454.00000000,790.32535000,60,60,False
1646352000000,1646355600000,42454.00000000,42527.30000000,41509.94000000,41603.36000000,3549.35772000,60,60,False
1646355600000,1646359200000,41603.36000000,41683.42000000,41069.91000000,41510.57000000,4463.05944000,60,60,False
1646359200000,1646362800000,41510.58000000,41548.20000000,41350.23000000,41403.70000000,1132.45596000,60,60,False
1646362800000,1646366400000,41403.70000000,41487.99000000,41215.32000000,41449.94000000,1313.19190000,60,60,False
1646366400000,1646370000000,41449.93000000,41449.94000000,41100.00000000,41379.99000000,1821.64782000,60,60,False
1646370000000,1646373600000,41379.99000000,41439.23000000,41242.91000000,41374.45000000,982.47761000,60,60,False
1646373600000,1646377200000,41374.45000000,41499.48000000,41264.10000000,41407.98000000,950.66148000,60,60,False
1646377200000,1646380800000,41407.98000000,41475.00000000,41282.73000000,41436.98000000,1665.30318000,60,60,False
1646380800000,1646384400000,41436.98000000,41774.12000000,40863.01000000,41589.99000000,4463.42033000,60,60,False
1646384400000,1646388000000,41590.00000000,41846.61000000,41323.76000000,41522.29000000,2236.60652000,60,60,False
1646388000000,1646391600000,41522.29000000,41790.00000000,41467.86000000,41676.57000000,1500.30588000,60,60,False
1646391600000,1646395200000,41676.56000000,41904.88000000,41570.97000000,41662.07000000,1326.24083000,60,60,False
1646395200000,1646398800000,41662.06000000,41762.43000000,41340.23000000,41511.29000000,1734.15549000,60,60,False
1646398800000,1646402400000,41511.30000000,41833.00000000,41244.37000000,41315.76000000,2407.41579000,60,60,False
1646402400000,1646406000000,41315.75000000,41536.70000000,40590.42000000,41106.91000000,5405.07336000,60,60,False
1646406000000,1646409600000,41106.91000000,41250.00000000,40550.04000000,40694.32000000,4142.37674000,60,60,False
1646409600000,1646413200000,40694.32000000,40827.00000000,40414.24000000,40754.40000000,3562.94504000,60,60,False
1646413200000,1646416800000,40754.41000000,40958.66000000,40668.32000000,40840.53000000,1591.02260000,60,60,False
1646416800000,1646420400000,40840.53000000,40926.39000000,40561.99000000,40605.88000000,1104.59004000,60,60,False
1646420400000,1646424000000,40605.88000000,40650.00000000,39665.72000000,39782.13000000,4255.06125000,60,60,False
1646424000000,1646427600000,39782.13000000,39879.48000000,39061.53000000,39469.36000000,4512.94363000,60,60,False
1646427600000,1646431200000,39469.36000000,39630.94000000,39200.00000000,39394.46000000,1937.93495000,60,60,False
1646431200000,1646434800000,39392.83000000,39473.07000000,38550.00000000,39004.73000000,3659.43866000,60,60,False
1646434800000,1646438400000,39004.73000000,39247.76000000,38838.90000000,39148.66000000,2246.99876000,60,60,False
1646438400000,1646442000000,39148.65000000,39197.94000000,38723.33000000,38744.00000000,2778.02484000,60,60,False
1646442000000,1646445600000,38743.99000000,39081.00000000,38564.04000000,38987.24000000,2315.54603000,60,60,False
1646445600000,1646449200000,38987.25000000,39064.26000000,38827.77000000,38866.23000000,1073.56015000,60,60,False
1646449200000,1646452800000,38866.24000000,39119.12000000,38831.16000000,39050.62000000,1008.60233000,60,60,False
1646452800000,1646456400000,39050.61000000,39100.81000000,38407.59000000,38856.33000000,1829.01931000,60,60,False
1646456400000,1646460000000,38856.32000000,39021.62000000,38801.40000000,39007.05000000,1057.04451000,60,60,False
1646460000000,1646463600000,39007.06000000,39104.62000000,38936.61000000,38981.86000000,1078.28894000,60,60,False
1646463600000,1646467200000,38981.86000000,39140.51000000,38947.52000000,39016.73000000,1054.45260000,60,60,False
1646467200000,1646470800000,39016.74000000,39200.00000000,38948.91000000,39082.01000000,1075.58409000,60,60,False
1646470800000,1646474400000,39082.02000000,39111.42000000,38970.00000000,39036.75000000,1117.33158000,60,60,False
1646474400000,1646478000000,39036.75000000,39169.31000000,38784.69000000,39138.99000000,1726.40639000,60,60,False
1646478000000,1646481600000,39138.85000000,39294.47000000,39062.19000000,39129.59000000,1233.85042000,60,60,False
1646481600000,1646485200000,39129.58000000,39371.15000000,39036.33000000,39069.55000000,1570.93573000,60,60,False
1646485200000,1646488800000,39069.54000000,39095.91000000,38889.75000000,39008.04000000,1187.52526000,60,60,False
1646488800000,1646492400000,39008.04000000,39161.00000000,38924.83000000,39115.73000000,930.07038000,60,60,False
1646492400000,1646496000000,39115.74000000,39189.77000000,39060.00000000,39160.01000000,698.55779000,60,60,False
1646496000000,1646499600000,39160.00000000,39613.24000000,39122.33000000,39334.06000000,2338.17147000,60,60,False
1646499600000,1646503200000,39334.07000000,39570.00000000,39307.04000000,39430.00000000,1616.38597000,60,60,False
1646503200000,1646506800000,39430.00000000,39447.51000000,39256.84000000,39407.58000000,810.88630000,60,60,False
1646506800000,1646510400000,39407.58000000,39459.24000000,39349.54000000,39433.71000000,602.74088000,60,60,False
1646510400000,1646514000000,39433.71000000,39583.66000000,39391.24000000,39451.91000000,1062.46339000,60,60,False
1646514000000,1646517600000,39451.92000000,39536.14000000,39345.12000000,39371.89000000,746.89336000,60,60,False
1646517600000,1646521200000,39371.90000000,39479.01000000,39281.23000000,39464.94000000,785.70856000,60,60,False
1646521200000,1646524800000,39464.93000000,39472.84000000,39326.59000000,39397.96000000,665.08313000,60,60,False
1646524800000,1646528400000,39397.97000000,39693.87000000,39345.82000000,39644.15000000,898.90596000,60,60,False
1646528400000,1646532000000,39644.16000000,39677.68000000,39429.51000000,39446.94000000,797.56384000,60,60,False
1646532000000,1646535600000,39446.94000000,39525.24000000,39357.66000000,39507.51000000,562.47566000,60,60,False
1646535600000,1646539200000,39507.50000000,39550.00000000,39275.00000000,39300.54000000,891.82185000,60,60,False
1646539200000,1646542800000,39300.53000000,39587.62000000,38814.73000000,39467.95000000,3097.56470000,60,60,False
1646542800000,1646546400000,39467.95000000,39656.89000000,39434.24000000,39486.44000000,762.86191000,60,60,False
1646546400000,1646550000000,39486.44000000,39606.96000000,39322.33000000,39472.27000000,892.85712000,60,60,False
1646550000000,1646553600000,39472.26000000,39512.09000000,39264.13000000,39387.57000000,781.80844000,60,60,False
1646553600000,1646557200000,39387.56000000,39387.57000000,39114.05000000,39141.41000000,1314.42457000,60,60,False
1646557200000,1646560800000,39141.42000000,39189.17000000,38623.93000000,38678.30000000,2437.26814000,60,60,False
1646560800000,1646564400000,38678.30000000,38728.60000000,38131.30000000,38256.60000000,4354.40391000,60,60,False
1646564400000,1646568000000,38256.60000000,38386.94000000,38088.57000000,38352.48000000,1822.70026000,60,60,False
1646568000000,1646571600000,38352.48000000,38698.79000000,38296.12000000,38494.06000000,2090.34804000,60,60,False
1646571600000,1646575200000,38494.06000000,39056.16000000,38494.06000000,38878.04000000,2353.67168000,60,60,False
1646575200000,1646578800000,38878.05000000,38961.51000000,38686.78000000,38805.61000000,1344.03869000,60,60,False
1646578800000,1646582400000,38805.61000000,38895.27000000,38618.92000000,38862.61000000,1283.53799000,60,60,False
1646582400000,1646586000000,38862.62000000,39368.40000000,38733.37000000,39211.05000000,2391.47208000,60,60,False
1646586000000,1646589600000,39211.06000000,39250.91000000,38927.80000000,39004.28000000,1072.08080000,60,60,False
1646589600000,1646593200000,39004.28000000,39135.30000000,38700.00000000,38886.48000000,1283.26633000,60,60,False
1646593200000,1646596800000,38886.48000000,38921.70000000,38518.56000000,38670.66000000,1118.84388000,60,60,False
1646596800000,1646600400000,38670.65000000,38926.32000000,38628.78000000,38854.99000000,1026.24768000,60,60,False
1646600400000,1646604000000,38854.99000000,39273.79000000,38740.15000000,39020.11000000,2366.51272000,60,60,False
1646604000000,1646607600000,39020.12000000,39200.00000000,38942.23000000,38974.11000000,1054.95281000,60,60,False
1646607600000,1646611200000,38974.11000000,39013.92000000,38127.00000000,38420.81000000,3677.63252000,60,60,False
1646611200000,1646614800000,38420.80000000,38537.10000000,38005.00000000,38403.63000000,3134.60920000,60,60,False
1646614800000,1646618400000,38403.63000000,38555.85000000,38285.00000000,38324.69000000,1489.39704000,60,60,False
1646618400000,1646622000000,38324.68000000,38372.21000000,37584.12000000,37784.37000000,3993.99078000,60,60,False
1646622000000,1646625600000,37784.36000000,37972.17000000,37578.03000000,37869.45000000,2352.36422000,60,60,False
1646625600000,1646629200000,37869.46000000,37973.27000000,37760.08000000,37930.18000000,1201.27457000,60,60,False
1646629200000,1646632800000,37930.18000000,38247.48000000,37809.41000000,38024.18000000,1522.79560000,60,60,False
1646632800000,1646636400000,38024.19000000,38214.16000000,37988.65000000,38162.47000000,1251.68081000,60,60,False
1646636400000,1646640000000,38162.47000000,38210.34000000,37787.42000000,37895.24000000,1561.52490000,60,60,False
1646640000000,1646643600000,37895.24000000,38207.64000000,37649.46000000,38160.12000000,2451.24124000,60,60,False
1646643600000,1646647200000,38160.13000000,38394.21000000,38133.42000000,38152.18000000,1590.71980000,60,60,False
1646647200000,1646650800000,38152.19000000,38290.00000000,37972.71000000,38018.91000000,1662.53264000,60,60,False
1646650800000,1646654400000,38018.90000000,38399.54000000,37970.73000000,38337.05000000,1504.32371000,60,60,False
1646654400000,1646658000000,38337.05000000,38765.16000000,38337.05000000,38596.21000000,2760.17956000,60,60,False
1646658000000,1646661600000,38596.22000000,39183.49000000,38531.20000000,39025.77000000,3248.38539000,60,60,False
1646661600000,1646665200000,39025.78000000,39285.00000000,38847.16000000,38847.16000000,3414.49045000,60,60,False
1646665200000,1646668800000,38847.17000000,39199.41000000,38631.00000000,39071.48000000,3518.56666000,60,60,False
1646668800000,1646672400000,39071.49000000,39547.57000000,38752.65000000,38828.33000000,4110.97263000,60,60,False
1646672400000,1646676000000,38828.33000000,38997.39000000,38526.60000000,38601.70000000,2834.00356000,60,60,False
1646676000000,1646679600000,38601.70000000,38601.71000000,37776.21000000,37979.79000000,4501.53328000,60,60,False
1646679600000,1646683200000,37979.79000000,38033.87000000,37192.78000000,37308.94000000,4688.84209000,60,60,False
1646683200000,1646686800000,37308.94000000,37831.97000000,37155.00000000,37590.01000000,3227.84331000,60,60,False
1646686800000,1646690400000,37590.00000000,38267.56000000,37500.34000000,37836.35000000,3211.95499000,60,60,False
1646690400000,1646694000000,37836.35000000,38489.48000000,37788.58000000,38211.47000000,2282.44101000,60,60,False
1646694000000,1646697600000,38211.47000000,38517.82000000,37887.04000000,37988.00000000,2478.44815000,60,60,False
1646697600000,1646701200000,37988.01000000,38373.88000000,37867.65000000,38200.00000000,2361.47953000,60,60,False
1646701200000,1646704800000,38199.99000000,38492.90000000,38043.12000000,38268.96000000,2199.44393000,60,60,False
1646704800000,1646708400000,38268.97000000,38972.08000000,38141.55000000,38614.62000000,2527.64193000,60,60,False
1646708400000,1646712000000,38614.61000000,38699.74000000,38526.21000000,38695.87000000,1169.73008000,60,60,False
1646712000000,1646715600000,38696.56000000,38831.70000000,38479.88000000,38550.01000000,1296.06294000,60,60,False
1646715600000,1646719200000,38550.00000000,38604.38000000,38230.00000000,38351.80000000,1338.45201000,60,60,False
1646719200000,1646722800000,38351.81000000,38508.47000000,38001.00000000,38277.69000000,2476.01053000,60,60,False
1646722800000,1646726400000,38277.68000000,38758.88000000,38158.23000000,38547.79000000,2492.29126000,60,60,False
1646726400000,1646730000000,38547.79000000,39120.00000000,38460.28000000,38775.71000000,3083.21849000,60,60,False
1646730000000,1646733600000,38775.72000000,39014.70000000,38700.53000000,38985.67000000,1834.84159000,60,60,False
1646733600000,1646737200000,38985.67000000,39186.58000000,38710.08000000,39063.62000000,2179.00416000,60,60,False
1646737200000,1646740800000,39063.62000000,39099.99000000,38736.28000000,38983.05000000,1475.37913000,60,60,False
1646740800000,1646744400000,38983.05000000,39226.99000000,38614.56000000,38828.17000000,2975.38847000,60,60,False
1646744400000,1646748000000,38828.17000000,39078.66000000,38619.08000000,38877.00000000,2076.47347000,60,60,False
1646748000000,1646751600000,38876.99000000,39176.51000000,38532.90000000,38763.30000000,4311.76630000,60,60,False
1646751600000,1646755200000,38763.31000000,38896.23000000,38307.07000000,38658.34000000,3752.22054000,60,60,False
1646755200000,1646758800000,38658.34000000,38865.46000000,38139.84000000,38309.73000000,3265.27357000,60,60,False
1646758800000,1646762400000,38309.74000000,39159.00000000,38289.05000000,39071.93000000,4274.72080000,60,60,False
1646762400000,1646766000000,39071.94000000,39362.08000000,38656.00000000,38682.81000000,3893.95335000,60,60,False
1646766000000,1646769600000,38682.81000000,38828.22000000,38465.44000000,38764.88000000,2502.87504000,60,60,False
1646769600000,1646773200000,38764.87000000,38897.68000000,38434.22000000,38512.51000000,1818.43327000,60,60,False
1646773200000,1646776800000,38512.50000000,38586.15000000,38388.73000000,38494.34000000,995.67113000,60,60,False
1646776800000,1646780400000,38494.34000000,38642.74000000,38472.61000000,38552.29000000,483.79768000,60,60,False
1646780400000,1646784000000,38552.29000000,38780.49000000,38530.07000000,38730.63000000,798.93718000,60,60,False
1646784000000,1646787600000,38730.63000000,39030.00000000,38656.45000000,38951.80000000,1433.43974000,60,60,False
1646787600000,1646791200000,38951.80000000,39308.75000000,38903.56000000,39215.42000000,2090.01209000,60,60,False
1646791200000,1646794800000,39215.42000000,39520.00000000,39132.36000000,39410.93000000,2957.61983000,60,60,False
1646794800000,1646798400000,39410.93000000,41448.84000000,39372.81000000,41217.73000000,8565.72569000,60,60,False
1646798400000,1646802000000,41217.73000000,41884.00000000,41217.72000000,41639.54000000,5471.10739000,60,60,False
1646802000000,1646805600000,41639.55000000,41695.60000000,41318.06000000,41515.86000000,3123.39742000,60,60,False
1646805600000,1646809200000,41515.86000000,41650.07000000,41422.47000000,41600.01000000,1808.69721000,60,60,False
1646809200000,1646812800000,41600.00000000,41812.33000000,41496.39000000,41791.10000000,2125.94122000,60,60,False
1646812800000,1646816400000,41791.10000000,42438.81000000,41626.28000000,42053.19000000,4834.63384000,60,60,False
1646816400000,1646820000000,42053.18000000,42211.09000000,41916.23000000,42009.91000000,2580.54637000,60,60,False
1646820000000,1646823600000,42007.62000000,42226.77000000,41955.41000000,42215.67000000,2124.06974000,60,60,False
1646823600000,1646827200000,42215.67000000,42400.00000000,42012.00000000,42151.66000000,2684.10198000,60,60,False
1646827200000,1646830800000,42151.65000000,42545.45000000,41626.86000000,41914.33000000,4061.98848000,60,60,False
1646830800000,1646834400000,41914.33000000,42082.91000000,41650.14000000,41869.16000000,2727.61070000,60,60,False
1646834400000,1646838000000,41869.16000000,42308.65000000,41850.00000000,42208.71000000,3654.84947000,60,60,False
1646838000000,1646841600000,42208.71000000,42594.06000000,42106.81000000,42520.99000000,3299.68480000,60,60,False
1646841600000,1646845200000,42520.99000000,42558.96000000,42131.18000000,42233.16000000,2247.11239000,60,60,False
1646845200000,1646848800000,42233.17000000,42350.00000000,42103.08000000,42320.15000000,1515.23719000,60,60,False
1646848800000,1646852400000,42320.15000000,42327.82000000,41847.13000000,42023.10000000,2693.56527000,60,60,False
1646852400000,1646856000000,42023.10000000,42266.10000000,41773.19000000,42204.65000000,2075.51740000,60,60,False
1646856000000,1646859600000,42204.65000000,42320.00000000,41700.00000000,41841.64000000,1874.92116000,60,60,False
1646859600000,1646863200000,41841.64000000,41944.75000000,41683.06000000,41876.77000000,1342.76600000,60,60,False
1646863200000,1646866800000,41876.77000000,42063.93000000,41738.86000000,41892.07000000,1012.04034000,60,60,False
1646866800000,1646870400000,41892.08000000,42141.24000000,41815.00000000,41941.71000000,1088.00227000,60,60,False
1646870400000,1646874000000,41941.70000000,42039.63000000,41745.01000000,41810.97000000,1481.29881000,60,60,False
1646874000000,1646877600000,41810.97000000,41950.00000000,40815.76000000,40930.71000000,5404.45789000,60,60,False
1646877600000,1646881200000,40930.70000000,41066.13000000,40632.65000000,40714.52000000,3376.50528000,60,60,False
1646881200000,1646884800000,40714.52000000,40928.34000000,40545.08000000,40768.51000000,2979.37461000,60,60,False
1646884800000,1646888400000,40768.50000000,40834.93000000,39350.00000000,39540.63000000,7868.50637000,60,60,False
1646888400000,1646892000000,39540.63000000,39542.85000000,38848.48000000,39209.53000000,5051.01151000,60,60,False
1646892000000,1646895600000,39212.19000000,39424.00000000,39047.85000000,39385.01000000,2401.38692000,60,60,False
1646895600000,1646899200000,39385.00000000,39399.39000000,39127.98000000,39238.90000000,1967.94052000,60,60,False
1646899200000,1646902800000,39238.90000000,39270.78000000,38782.14000000,39220.21000000,3277.95694000,60,60,False
1646902800000,1646906400000,39220.20000000,39317.32000000,39030.00000000,39151.03000000,2307.74711000,60,60,False
1646906400000,1646910000000,39151.03000000,39245.92000000,38982.88000000,39051.74000000,1800.71321000,60,60,False
1646910000000,1646913600000,39051.74000000,39140.84000000,38942.55000000,39076.38000000,1285.72974000,60,60,False
1646913600000,1646917200000,39076.39000000,39348.92000000,38957.20000000,39242.81000000,2194.78664000,60,60,False
1646917200000,1646920800000,39242.80000000,40292.44000000,38539.73000000,38864.68000000,10104.87295000,60,60,False
1646920800000,1646924400000,38864.68000000,39363.37000000,38792.57000000,39283.39000000,3835.02157000,60,60,False
1646924400000,1646928000000,39283.39000000,39750.00000000,38966.83000000,39179.54000000,4396.26021000,60,60,False
1646928000000,1646931600000,39179.55000000,39264.09000000,38904.63000000,39141.28000000,2422.10733000,60,60,False
1646931600000,1646935200000,39141.29000000,39294.99000000,39035.93000000,39164.28000000,1553.82127000,60,60,False
1646935200000,1646938800000,39164.27000000,39258.83000000,39010.85000000,39160.68000000,1684.82437000,60,60,False
1646938800000,1646942400000,39160.68000000,39567.05000000,39066.64000000,39430.56000000,1594.65636000,60,60,False
1646942400000,1646946000000,39431.80000000,39680.00000000,39276.95000000,39612.11000000,1609.00699000,60,60,False
1646946000000,1646949600000,39612.11000000,39614.00000000,39259.51000000,39316.99000000,1165.43457000,60,60,False
1646949600000,1646953200000,39316.99000000,39487.36000000,39050.00000000,39442.06000000,1135.89525000,60,60,False
1646953200000,1646956800000,39442.07000000,39595.68000000,39366.37000000,39422.00000000,1063.61512000,60,60,False
1646956800000,1646960400000,39422.01000000,39439.65000000,39131.00000000,39289.99000000,1421.48677000,60,60,False
1646960400000,1646964000000,39289.99000000,39311.94000000,38566.00000000,38679.24000000,2939.98629000,60,60,False
1646964000000,1646967600000,38679.23000000,38740.13000000,38223.60000000,38272.53000000,3096.94701000,60,60,False
1646967600000,1646971200000,38272.53000000,38858.42000000,38251.51000000,38714.97000000,2420.84683000,60,60,False
1646971200000,1646974800000,38714.97000000,38726.69000000,38443.18000000,38484.13000000,1369.64756000,60,60,False
1646974800000,1646978400000,38484.13000000,38794.31000000,38337.03000000,38771.50000000,1931.74575000,60,60,False
1646978400000,1646982000000,38771.50000000,39000.00000000,38676.69000000,38948.78000000,2603.23495000,60,60,False
1646982000000,1646985600000,38948.77000000,39348.87000000,38913.26000000,39132.09000000,2283.57395000,60,60,False
1646985600000,1646989200000,39132.10000000,39189.87000000,38856.83000000,39020.52000000,1734.66041000,60,60,False
1646989200000,1646992800000,39020.53000000,39187.99000000,38905.00000000,39020.47000000,1123.25008000,60,60,False
1646992800000,1646996400000,39020.47000000,39145.07000000,38965.16000000,39017.19000000,1049.09118000,60,60,False
1646996400000,1647000000000,39017.19000000,40219.34000000,38806.86000000,39893.68000000,7790.23812000,60,60,False
1647000000000,1647003600000,39894.08000000,40236.26000000,39735.48000000,39914.09000000,4355.90508000,60,60,False
1647003600000,1647007200000,39914.10000000,39948.38000000,39182.61000000,39258.60000000,4342.42230000,60,60,False
1647007200000,1647010800000,39259.07000000,39601.14000000,39168.81000000,39323.90000000,2858.59241000,60,60,False
1647010800000,1647014400000,39323.90000000,39323.90000000,38908.00000000,39080.26000000,3647.64939000,60,60,False
1647014400000,1647018000000,39080.26000000,39094.84000000,38585.09000000,38724.67000000,3692.10569000,60,60,False
1647018000000,1647021600000,38724.68000000,38880.78000000,38577.00000000,38815.80000000,1427.71379000,60,60,False
1647021600000,1647025200000,38815.79000000,38879.22000000,38616.39000000,38637.50000000,1152.19066000,60,60,False
1647025200000,1647028800000,38637.50000000,38865.53000000,38500.00000000,38792.59000000,1597.24792000,60,60,False
1647028800000,1647032400000,38792.58000000,38968.58000000,38308.83000000,38364.90000000,2379.77498000,60,60,False
1647032400000,1647036000000,38364.90000000,38999.73000000,38364.90000000,38852.13000000,2058.56313000,60,60,False
1647036000000,1647039600000,38852.14000000,39177.48000000,38849.55000000,38916.69000000,952.00486000,60,60,False
1647039600000,1647043200000,38916.70000000,38949.00000000,38729.00000000,38729.57000000,789.88509000,60,60,False
1647043200000,1647046800000,38729.57000000,39161.21000000,38660.52000000,39144.28000000,1225.37891000,60,60,False
1647046800000,1647050400000,39144.28000000,39327.99000000,39067.97000000,39185.00000000,1240.22315000,60,60,False
1647050400000,1647054000000,39184.99000000,39268.37000000,39044.28000000,39124.47000000,827.24979000,60,60,False
1647054000000,1647057600000,39124.47000000,39237.48000000,39080.24000000,39088.94000000,905.22722000,60,60,False
1647057600000,1647061200000,39088.93000000,39196.51000000,38931.80000000,39108.00000000,976.48662000,60,60,False
1647061200000,1647064800000,39107.99000000,39200.00000000,39050.00000000,39170.82000000,474.23318000,60,60,False
1647064800000,1647068400000,39170.82000000,39261.46000000,39070.48000000,39083.02000000,717.50308000,60,60,False
1647068400000,1647072000000,39083.01000000,39178.95000000,39000.37000000,39104.99000000,782.62370000,60,60,False
1647072000000,1647075600000,39104.99000000,39169.53000000,38957.47000000,39105.27000000,928.51317000,60,60,False
1647075600000,1647079200000,39105.26000000,39230.00000000,39078.50000000,39171.68000000,780.34615000,60,60,False
1647079200000,1647082800000,39171.67000000,39284.46000000,39132.78000000,39229.99000000,788.31505000,60,60,False
1647082800000,1647086400000,39230.00000000,39280.00000000,39012.00000000,39079.16000000,931.95532000,60,60,False
1647086400000,1647090000000,39079.17000000,39217.41000000,39035.00000000,39183.78000000,753.32212000,60,60,False
1647090000000,1647093600000,39183.77000000,39262.95000000,39012.00000000,39074.74000000,987.96132000,60,60,False
1647093600000,1647097200000,39074.73000000,39148.87000000,38678.22000000,38910.69000000,2583.33592000,60,60,False
1647097200000,1647100800000,38910.68000000,39172.46000000,38826.65000000,39042.04000000,1270.90468000,60,60,False
1647100800000,1647104400000,39042.05000000,39166.58000000,38976.57000000,39147.70000000,1122.84291000,60,60,False
1647104400000,1647108000000,39147.70000000,39486.71000000,39051.27000000,39099.58000000,2587.19765000,60,60,False
1647108000000,1647111600000,39099.59000000,39152.51000000,38945.25000000,39058.99000000,835.14854000,60,60,False
1647111600000,1647115200000,39058.98000000,39083.00000000,38930.71000000,39030.08000000,750.74637000,60,60,False
1647115200000,1647118800000,39030.08000000,39210.00000000,38987.05000000,39128.08000000,724.68688000,60,60,False
1647118800000,1647122400000,39128.08000000,39180.89000000,39062.00000000,39091.99000000,435.68537000,60,60,False
1647122400000,1647126000000,39092.00000000,39169.69000000,39032.38000000,39101.98000000,373.32156000,60,60,False
1647126000000,1647129600000,39101.98000000,39164.00000000,38730.67000000,38807.36000000,1031.15566000,60,60,False
1647129600000,1647133200000,38807.35000000,38961.22000000,38703.73000000,38917.66000000,1106.43812000,60,60,False
1647133200000,1647136800000,38917.65000000,39276.28000000,38883.19000000,38993.01000000,1290.43360000,60,60,False
1647136800000,1647140400000,38993.00000000,39205.98000000,38981.00000000,39166.99000000,649.29383000,60,60,False
1647140400000,1647144000000,39166.99000000,39229.99000000,39104.46000000,39194.08000000,604.57616000,60,60,False
1647144000000,1647147600000,39194.07000000,39310.00000000,39117.67000000,39129.03000000,547.67804000,60,60,False
1647147600000,1647151200000,39129.03000000,39180.00000000,39100.82000000,39122.07000000,318.24385000,60,60,False
1647151200000,1647154800000,39122.06000000,39184.16000000,39074.01000000,39154.99000000,560.85945000,60,60,False
1647154800000,1647158400000,39155.00000000,39200.00000000,39069.00000000,39089.77000000,533.38414000,60,60,False
1647158400000,1647162000000,39089.76000000,39129.22000000,39008.39000000,39066.86000000,822.84612000,60,60,False
1647162000000,1647165600000,39066.85000000,39095.97000000,38848.25000000,38970.67000000,1620.92137000,60,60,False
1647165600000,1647169200000,38970.67000000,39013.65000000,38849.99000000,38986.01000000,1665.05776000,60,60,False
1647169200000,1647172800000,38986.02000000,39021.71000000,38601.81000000,38741.12000000,1854.06442000,60,60,False
1647172800000,1647176400000,38741.13000000,38776.95000000,38370.00000000,38498.80000000,2728.84265000,60,60,False
1647176400000,1647180000000,38498.81000000,38938.63000000,38460.00000000,38749.98000000,2291.69893000,60,60,False
1647180000000,1647183600000,38749.99000000,38922.00000000,38725.43000000,38836.99000000,830.53856000,60,60,False
1647183600000,1647187200000,38837.00000000,39074.93000000,38833.64000000,38936.00000000,1625.24045000,60,60,False
1647187200000,1647190800000,38936.00000000,38998.54000000,38851.00000000,38921.98000000,853.47557000,60,60,False
1647190800000,1647194400000,38921.97000000,39059.00000000,38861.81000000,38944.98000000,1826.28436000,60,60,False
1647194400000,1647198000000,38944.97000000,39015.13000000,38875.69000000,38984.13000000,739.64324000,60,60,False
1647198000000,1647201600000,38984.13000000,39067.00000000,38856.00000000,38869.02000000,634.80206000,60,60,False
1647201600000,1647205200000,38869.02000000,38869.03000000,38555.00000000,38683.99000000,1128.79758000,60,60,False
1647205200000,1647208800000,38684.00000000,38830.71000000,38650.13000000,38741.00000000,710.97003000,60,60,False
1647208800000,1647212400000,38740.99000000,38838.18000000,37588.00000000,37720.93000000,5072.40355000,60,60,False
1647212400000,1647216000000,37720.93000000,37896.72000000,37578.51000000,37777.34000000,2775.32975000,60,60,False
1647216000000,1647219600000,37777.35000000,37883.91000000,37555.00000000,37842.40000000,1923.94420000,60,60,False
1647219600000,1647223200000,37842.40000000,38357.75000000,37842.39000000,38062.99000000,2829.41806000,60,60,False
1647223200000,1647226800000,38064.35000000,38188.00000000,37991.30000000,38045.31000000,1120.64754000,60,60,False
1647226800000,1647230400000,38045.31000000,38179.81000000,37975.40000000,38144.05000000,1126.91486000,60,60,False
1647230400000,1647234000000,38144.06000000,38921.00000000,38126.29000000,38519.86000000,3299.68149000,60,60,False
1647234000000,1647237600000,38519.86000000,38610.00000000,38450.24000000,38468.03000000,908.78091000,60,60,False
1647237600000,1647241200000,38468.02000000,38773.15000000,38458.96000000,38658.62000000,1689.70275000,60,60,False
1647241200000,1647244800000,38658.63000000,39184.66000000,38631.45000000,39078.92000000,3283.10517000,60,60,False
1647244800000,1647248400000,39078.91000000,39239.42000000,38942.56000000,39077.00000000,2171.44334000,60,60,False
1647248400000,1647252000000,39077.00000000,39299.98000000,38853.74000000,39155.00000000,1902.55236000,60,60,False
1647252000000,1647255600000,39154.99000000,39181.46000000,38969.38000000,39100.56000000,1005.37456000,60,60,False
1647255600000,1647259200000,39100.56000000,39118.00000000,38842.89000000,38897.64000000,1211.87631000,60,60,False
1647259200000,1647262800000,38897.64000000,38987.40000000,38675.03000000,38845.11000000,1793.54327000,60,60,False
1647262800000,1647266400000,38845.12000000,38970.00000000,38612.01000000,38873.90000000,2469.71724000,60,60,False
1647266400000,1647270000000,38873.91000000,39174.79000000,38745.00000000,39131.54000000,2944.78131000,60,60,False
1647270000000,1647273600000,39131.53000000,39160.78000000,38823.36000000,38964.25000000,1906.54258000,60,60,False
1647273600000,1647277200000,38964.26000000,39055.00000000,38812.07000000,38836.65000000,1531.68785000,60,60,False
1647277200000,1647280800000,38836.66000000,38848.01000000,38552.23000000,38736.43000000,1893.21383000,60,60,False
1647280800000,1647284400000,38736.42000000,38787.39000000,38415.40000000,38675.00000000,1724.01220000,60,60,False
1647284400000,1647288000000,38675.00000000,38864.84000000,38615.00000000,38813.00000000,1508.83502000,60,60,False
1647288000000,1647291600000,38814.18000000,38940.00000000,38702.00000000,38723.35000000,1015.60887000,60,60,False
1647291600000,1647295200000,38723.35000000,38787.21000000,38606.41000000,38729.97000000,698.12721000,60,60,False
1647295200000,1647298800000,38729.97000000,39947.12000000,38677.68000000,39326.12000000,4794.81203000,60,60,False
1647298800000,1647302400000,39326.12000000,39784.25000000,39326.11000000,39671.37000000,2191.13079000,60,60,False
1647302400000,1647306000000,39671.37000000,39804.68000000,39384.38000000,39571.99000000,2045.49469000,60,60,False
1647306000000,1647309600000,39571.99000000,39600.00000000,38774.65000000,38825.81000000,2970.63427000,60,60,False
1647309600000,1647313200000,38826.87000000,39118.91000000,38801.00000000,38984.01000000,1194.03480000,60,60,False
1647313200000,1647316800000,38984.01000000,39034.78000000,38636.70000000,38768.41000000,1281.07577000,60,60,False
1647316800000,1647320400000,38768.41000000,38865.18000000,38704.28000000,38786.01000000,631.54095000,60,60,False
1647320400000,1647324000000,38786.01000000,38835.00000000,38689.60000000,38755.98000000,769.55125000,60,60,False
1647324000000,1647327600000,38755.99000000,38990.61000000,38723.49000000,38761.04000000,1110.31613000,60,60,False
1647327600000,1647331200000,38761.03000000,38768.00000000,38098.33000000,38439.50000000,3473.18543000,60,60,False
1647331200000,1647334800000,38439.50000000,38477.00000000,38254.35000000,38362.15000000,1614.88804000,60,60,False
1647334800000,1647338400000,38362.14000000,38690.00000000,38300.01000000,38581.61000000,1667.94993000,60,60,False
1647338400000,1647342000000,38579.98000000,38730.88000000,38555.83000000,38663.58000000,1256.76846000,60,60,False
1647342000000,1647345600000,38663.58000000,38786.74000000,38600.00000000,38645.01000000,1376.92691000,60,60,False
1647345600000,1647349200000,38645.01000000,38940.00000000,38580.50000000,38857.07000000,1782.52553000,60,60,False
1647349200000,1647352800000,38857.06000000,38936.14000000,38465.70000000,38717.01000000,2021.65973000,60,60,False
1647352800000,1647356400000,38717.01000000,39188.13000000,38660.00000000,39033.47000000,3520.74998000,60,60,False
1647356400000,1647360000000,39033.47000000,39270.24000000,38928.19000000,39017.11000000,2854.58770000,60,60,False
1647360000000,1647363600000,39017.11000000,39400.00000000,38926.15000000,39171.00000000,2895.92259000,60,60,False
1647363600000,1647367200000,39171.01000000,39359.57000000,39083.84000000,39296.21000000,1687.33305000,60,60,False
1647367200000,1647370800000,39296.20000000,39526.99000000,39182.99000000,39404.90000000,1646.57186000,60,60,False
1647370800000,1647374400000,39404.90000000,39805.43000000,39395.00000000,39735.71000000,3203.81496000,60,60,False
1647374400000,1647378000000,39735.71000000,39863.42000000,39377.71000000,39432.05000000,2545.57857000,60,60,False
1647378000000,1647381600000,39432.05000000,39655.63000000,39280.92000000,39653.00000000,1402.28713000,60,60,False
1647381600000,1647385200000,39652.99000000,39887.61000000,39400.08000000,39467.01000000,1569.36994000,60,60,False
1647385200000,1647388800000,39467.01000000,39547.99000000,39232.61000000,39280.33000000,1492.78159000,60,60,False
1647388800000,1647392400000,39280.33000000,39430.00000000,39119.62000000,39169.82000000,1562.69204000,60,60,False
1647392400000,1647396000000,39169.82000000,39625.00000000,39088.00000000,39512.48000000,1830.82031000,60,60,False
1647396000000,1647399600000,39512.49000000,41718.00000000,39473.01000000,40866.06000000,13283.65709000,60,60,False
1647399600000,1647403200000,40866.06000000,40939.77000000,38828.48000000,39160.00000000,8072.39033000,60,60,False
1647403200000,1647406800000,39160.00000000,39214.94000000,38911.00000000,39113.85000000,1881.80812000,60,60,False
1647406800000,1647410400000,39113.84000000,39494.08000000,38976.87000000,39321.24000000,1706.99810000,60,60,False
1647410400000,1647414000000,39321.24000000,39599.26000000,39257.89000000,39588.15000000,1520.11513000,60,60,False
1647414000000,1647417600000,39588.15000000,39676.65000000,39354.15000000,39581.00000000,2189.44641000,60,60,False
1647417600000,1647421200000,39581.01000000,40483.78000000,39563.63000000,40309.99000000,4184.64616000,60,60,False
1647421200000,1647424800000,40309.99000000,40731.30000000,40230.09000000,40507.25000000,3236.70912000,60,60,False
1647424800000,1647428400000,40507.24000000,40664.97000000,40163.26000000,40307.89000000,2374.66779000,60,60,False
1647428400000,1647432000000,40307.89000000,40680.64000000,40225.92000000,40521.60000000,2284.39332000,60,60,False
1647432000000,1647435600000,40521.60000000,40695.80000000,40343.01000000,40360.41000000,1996.29090000,60,60,False
1647435600000,1647439200000,40360.40000000,40664.96000000,40252.06000000,40633.84000000,2265.78876000,60,60,False
1647439200000,1647442800000,40633.83000000,41194.60000000,40375.92000000,40818.21000000,5467.11312000,60,60,False
1647442800000,1647446400000,40818.20000000,40884.14000000,40514.15000000,40611.67000000,1954.45968000,60,60,False
1647446400000,1647450000000,40611.67000000,40761.55000000,40041.40000000,40301.00000000,4362.92769000,60,60,False
1647450000000,1647453600000,40301.01000000,40690.00000000,40064.11000000,40426.71000000,2394.43241000,60,60,False
1647453600000,1647457200000,40426.70000000,40567.53000000,39311.53000000,39930.50000000,11172.97544000,60,60,False
1647457200000,1647460800000,39931.07000000,40950.00000000,39821.74000000,40880.17000000,5794.46188000,60,60,False
1647460800000,1647464400000,40880.17000000,41471.36000000,40766.19000000,41246.00000000,4175.87982000,60,60,False
1647464400000,1647468000000,41245.99000000,41399.68000000,40934.00000000,41102.42000000,1820.45600000,60,60,False
1647468000000,1647471600000,41102.41000000,41214.36000000,40863.09000000,40882.99000000,1216.35903000,60,60,False
1647471600000,1647475200000,40882.99000000,41199.99000000,40780.00000000,41114.00000000,1371.27302000,60,60,False
1647475200000,1647478800000,41114.01000000,41164.78000000,40860.00000000,41016.83000000,1277.10282000,60,60,False
1647478800000,1647482400000,41016.82000000,41310.00000000,40820.00000000,41213.81000000,1357.91923000,60,60,False
1647482400000,1647486000000,41213.80000000,41393.01000000,40902.42000000,41120.15000000,1623.88882000,60,60,False
1647486000000,1647489600000,41120.15000000,41166.92000000,40971.40000000,41014.71000000,1307.45466000,60,60,False
1647489600000,1647493200000,41014.71000000,41371.14000000,40903.28000000,41340.94000000,1586.91947000,60,60,False
1647493200000,1647496800000,41340.94000000,41478.82000000,41010.60000000,41062.31000000,1608.21317000,60,60,False
1647496800000,1647500400000,41062.30000000,41102.98000000,40608.00000000,40760.01000000,1849.54035000,60,60,False
1647500400000,1647504000000,40760.01000000,40918.80000000,40543.52000000,40726.05000000,2766.26551000,60,60,False
1647504000000,1647507600000,40726.06000000,40899.92000000,40679.71000000,40811.95000000,1204.70717000,60,60,False
1647507600000,1647511200000,40811.95000000,40888.00000000,40701.00000000,40821.00000000,1209.54818000,60,60,False
1647511200000,1647514800000,40821.00000000,40841.78000000,40500.00000000,40723.08000000,2126.92941000,60,60,False
1647514800000,1647518400000,40723.08000000,40812.73000000,40632.29000000,40748.51000000,1117.43731000,60,60,False
1647518400000,1647522000000,40748.50000000,41233.27000000,40704.89000000,41038.80000000,3126.07919000,60,60,False
1647522000000,1647525600000,41038.80000000,41170.99000000,40822.02000000,41114.00000000,2154.48098000,60,60,False
1647525600000,1647529200000,41114.01000000,41162.46000000,40762.47000000,40822.99000000,2068.55086000,60,60,False
1647529200000,1647532800000,40823.00000000,41018.43000000,40750.00000000,40798.56000000,1654.11934000,60,60,False
1647532800000,1647536400000,40798.56000000,40890.11000000,40619.57000000,40800.05000000,1623.93032000,60,60,False
1647536400000,1647540000000,40800.05000000,40837.24000000,40565.39000000,40776.38000000,1444.85424000,60,60,False
1647540000000,1647543600000,40776.38000000,40874.99000000,40743.42000000,40805.01000000,973.52985000,60,60,False
1647543600000,1647547200000,40805.01000000,40878.96000000,40741.40000000,40871.85000000,965.66406000,60,60,False
1647547200000,1647550800000,40871.86000000,40879.31000000,40639.77000000,40696.52000000,924.67984000,60,60,False
1647550800000,1647554400000,40696.53000000,41000.13000000,40673.70000000,41000.01000000,1194.75909000,60,60,False
1647554400000,1647558000000,41000.01000000,41068.90000000,40865.71000000,40987.83000000,1419.23248000,60,60,False
1647558000000,1647561600000,40987.84000000,41000.00000000,40884.79000000,40917.90000000,603.57452000,60,60,False
1647561600000,1647565200000,40917.89000000,40933.11000000,40215.59000000,40335.84000000,2332.69795000,60,60,False
1647565200000,1647568800000,40335.84000000,40549.67000000,40258.39000000,40541.74000000,1547.35532000,60,60,False
1647568800000,1647572400000,40541.73000000,40624.99000000,40430.50000000,40511.00000000,870.70745000,60,60,False
1647572400000,1647576000000,40511.01000000,40581.94000000,40428.06000000,40522.19000000,988.07219000,60,60,False
1647576000000,1647579600000,40522.18000000,40640.07000000,40432.35000000,40618.20000000,1040.22022000,60,60,False
1647579600000,1647583200000,40618.21000000,40897.00000000,40618.20000000,40757.01000000,1511.30264000,60,60,False
1647583200000,1647586800000,40757.01000000,40838.00000000,40709.78000000,40742.92000000,765.63977000,60,60,False
1647586800000,1647590400000,40742.92000000,40795.00000000,40552.74000000,40570.67000000,963.97260000,60,60,False
1647590400000,1647594000000,40570.67000000,40750.00000000,40453.92000000,40604.45000000,1567.46998000,60,60,False
1647594000000,1647597600000,40604.45000000,40633.63000000,40452.08000000,40505.61000000,1204.20116000,60,60,False
1647597600000,1647601200000,40505.62000000,40637.54000000,40334.14000000,40370.63000000,1154.54345000,60,60,False
1647601200000,1647604800000,40370.62000000,40445.00000000,40135.04000000,40390.41000000,2725.57825000,60,60,False
1647604800000,1647608400000,40390.40000000,40583.81000000,40343.46000000,40445.00000000,1395.82673000,60,60,False
1647608400000,1647612000000,40445.00000000,40615.79000000,40300.00000000,40591.90000000,1881.13379000,60,60,False
1647612000000,1647615600000,40591.91000000,40800.00000000,40442.00000000,40566.35000000,3101.27004000,60,60,False
1647615600000,1647619200000,40566.35000000,41072.96000000,40542.87000000,40931.08000000,3822.30633000,60,60,False
1647619200000,1647622800000,40931.08000000,41472.44000000,40904.98000000,41409.65000000,4187.40630000,60,60,False
1647622800000,1647626400000,41409.65000000,41698.47000000,41353.41000000,41661.86000000,3241.46996000,60,60,False
1647626400000,1647630000000,41661.87000000,41850.00000000,41594.45000000,41693.03000000,2216.01409000,60,60,False
1647630000000,1647633600000,41693.04000000,42063.97000000,41640.92000000,42042.72000000,2770.61044000,60,60,False
1647633600000,1647637200000,42042.71000000,42325.02000000,41699.46000000,41720.01000000,2696.62290000,60,60,False
1647637200000,1647640800000,41720.00000000,41871.49000000,41625.36000000,41804.08000000,1271.15759000,60,60,False
1647640800000,1647644400000,41804.09000000,41862.16000000,41633.00000000,41687.15000000,1109.40384000,60,60,False
1647644400000,1647648000000,41687.15000000,41879.67000000,41682.12000000,41757.51000000,1043.02670000,60,60,False
1647648000000,1647651600000,41757.51000000,42000.00000000,41748.03000000,41867.49000000,1556.38557000,60,60,False
1647651600000,1647655200000,41867.49000000,41942.54000000,41682.05000000,41719.11000000,1312.06011000,60,60,False
1647655200000,1647658800000,41719.12000000,41788.99000000,41659.69000000,41766.33000000,859.25570000,60,60,False
1647658800000,1647662400000,41766.32000000,41830.00000000,41499.29000000,41793.66000000,1490.44331000,60,60,False
1647662400000,1647666000000,41793.65000000,41944.64000000,41672.56000000,41798.80000000,1165.64934000,60,60,False
1647666000000,1647669600000,41798.81000000,41832.58000000,41723.19000000,41737.21000000,716.96918000,60,60,False
1647669600000,1647673200000,41737.20000000,41790.78000000,41707.27000000,41757.78000000,496.24499000,60,60,False
1647673200000,1647676800000,41757.78000000,41757.80000000,41535.22000000,41610.00000000,1857.03604000,60,60,False
1647676800000,1647680400000,41609.99000000,41737.68000000,41575.06000000,41700.01000000,754.41119000,60,60,False
1647680400000,1647684000000,41700.00000000,41756.63000000,41654.00000000,41667.16000000,677.75997000,60,60,False
1647684000000,1647687600000,41667.16000000,41708.50000000,41591.83000000,41680.91000000,749.86898000,60,60,False
1647687600000,1647691200000,41680.92000000,41791.52000000,41631.98000000,41721.78000000,1055.61712000,60,60,False
1647691200000,1647694800000,41721.78000000,41853.86000000,41667.05000000,41849.06000000,1051.51405000,60,60,False
1647694800000,1647698400000,41849.05000000,41932.00000000,41692.80000000,41730.94000000,1207.03869000,60,60,False
1647698400000,1647702000000,41730.95000000,41836.04000000,41652.90000000,41826.54000000,1012.58927000,60,60,False
1647702000000,1647705600000,41825.89000000,42085.62000000,41760.00000000,41937.68000000,2479.38124000,60,60,False
1647705600000,1647709200000,41937.68000000,42163.50000000,41838.29000000,41976.86000000,1577.56678000,60,60,False
1647709200000,1647712800000,41976.86000000,42000.00000000,41802.02000000,41889.42000000,1601.84060000,60,60,False
1647712800000,1647716400000,41889.41000000,42044.58000000,41824.59000000,42010.00000000,1083.91506000,60,60,False
1647716400000,1647720000000,42010.00000000,42092.49000000,41912.00000000,42034.88000000,1120.03714000,60,60,False
1647720000000,1647723600000,42034.87000000,42400.00000000,41895.98000000,42191.28000000,1678.80738000,60,60,False
1647723600000,1647727200000,42191.28000000,42359.15000000,42096.09000000,42115.73000000,775.16724000,60,60,False
1647727200000,1647730800000,42115.73000000,42145.31000000,41715.43000000,41954.53000000,1836.47914000,60,60,False
1647730800000,1647734400000,41954.52000000,42296.38000000,41916.02000000,42201.13000000,951.14299000,60,60,False
1647734400000,1647738000000,42201.13000000,42296.26000000,41927.12000000,42037.10000000,1836.12841000,60,60,False
1647738000000,1647741600000,42037.10000000,42078.02000000,41794.59000000,41965.16000000,1745.02972000,60,60,False
1647741600000,1647745200000,41965.15000000,42046.99000000,41770.38000000,41814.99000000,878.18853000,60,60,False
1647745200000,1647748800000,41815.00000000,41979.26000000,41814.63000000,41942.34000000,556.59816000,60,60,False
1647748800000,1647752400000,41941.99000000,41972.14000000,41829.37000000,41849.37000000,723.23319000,60,60,False
1647752400000,1647756000000,41849.37000000,41941.89000000,41751.99000000,41897.05000000,755.50659000,60,60,False
1647756000000,1647759600000,41897.05000000,42007.99000000,41843.89000000,41894.90000000,627.17582000,60,60,False
1647759600000,1647763200000,41894.90000000,41967.30000000,41783.00000000,41863.99000000,780.69740000,60,60,False
1647763200000,1647766800000,41863.99000000,41937.99000000,41810.00000000,41860.91000000,587.19469000,60,60,False
1647766800000,1647770400000,41860.91000000,41878.72000000,41575.00000000,41765.22000000,1565.75742000,60,60,False
1647770400000,1647774000000,41765.22000000,41833.25000000,41643.49000000,41760.68000000,1772.70474000,60,60,False
1647774000000,1647777600000,41760.68000000,41815.40000000,41586.85000000,41586.86000000,827.74610000,60,60,False
1647777600000,1647781200000,41586.85000000,41699.00000000,41319.13000000,41632.99000000,2341.54041000,60,60,False
1647781200000,1647784800000,41633.00000000,41676.44000000,41427.47000000,41485.48000000,1060.19077000,60,60,False
1647784800000,1647788400000,41485.47000000,41672.64000000,41354.54000000,41426.71000000,1526.57478000,60,60,False
1647788400000,1647792000000,41426.70000000,41554.39000000,41252.67000000,41340.30000000,1686.11146000,60,60,False
1647792000000,1647795600000,41340.30000000,41502.83000000,41216.00000000,41297.00000000,1334.43526000,60,60,False
1647795600000,1647799200000,41297.01000000,41336.86000000,40911.00000000,41033.01000000,2583.59807000,60,60,False
1647799200000,1647802800000,41033.00000000,41237.00000000,40938.67000000,41231.00000000,1396.94573000,60,60,False
1647802800000,1647806400000,41229.99000000,41412.32000000,41145.48000000,41379.03000000,1166.68953000,60,60,False
1647806400000,1647810000000,41379.03000000,41677.65000000,41232.81000000,41283.14000000,1510.60776000,60,60,False
1647810000000,1647813600000,41283.15000000,41412.01000000,41092.02000000,41358.83000000,1013.40458000,60,60,False
1647813600000,1647817200000,41358.83000000,41436.00000000,41124.54000000,41435.99000000,1124.54414000,60,60,False
1647817200000,1647820800000,41436.00000000,41440.00000000,41153.00000000,41262.11000000,1252.73142000,60,60,False
1647820800000,1647824400000,41262.11000000,41421.62000000,41173.59000000,41416.99000000,869.59222000,60,60,False
1647824400000,1647828000000,41416.99000000,41451.51000000,41171.99000000,41226.00000000,1218.56943000,60,60,False
1647828000000,1647831600000,41226.00000000,41281.30000000,40467.94000000,40805.68000000,4000.91950000,60,60,False
1647831600000,1647835200000,40804.84000000,40979.31000000,40693.40000000,40832.93000000,1171.91961000,60,60,False
1647835200000,1647838800000,40832.93000000,40920.40000000,40714.81000000,40864.28000000,1204.75254000,60,60,False
1647838800000,1647842400000,40864.28000000,40965.69000000,40834.07000000,40945.18000000,782.10239000,60,60,False
1647842400000,1647846000000,40945.19000000,41087.00000000,40764.77000000,40846.04000000,1442.64059000,60,60,False
1647846000000,1647849600000,40846.05000000,41136.17000000,40771.23000000,41102.01000000,1434.74161000,60,60,False
1647849600000,1647853200000,41102.00000000,41356.18000000,41092.79000000,41154.08000000,1459.10651000,60,60,False
1647853200000,1647856800000,41154.07000000,41358.03000000,41084.01000000,41330.38000000,1278.90359000,60,60,False
1647856800000,1647860400000,41330.38000000,41442.70000000,41264.69000000,41332.32000000,963.20396000,60,60,False
1647860400000,1647864000000,41332.32000000,41492.14000000,41178.25000000,41244.28000000,1349.74441000,60,60,False
1647864000000,1647867600000,41244.27000000,41321.68000000,40915.00000000,41222.50000000,1883.05211000,60,60,False
1647867600000,1647871200000,41222.50000000,41544.22000000,41092.80000000,41104.03000000,2793.72895000,60,60,False
1647871200000,1647874800000,41104.03000000,41196.75000000,40738.48000000,41032.99000000,3206.69009000,60,60,False
1647874800000,1647878400000,41033.00000000,41249.81000000,40898.77000000,41224.48000000,2440.32493000,60,60,False
1647878400000,1647882000000,41224.48000000,41240.31000000,40779.38000000,40788.71000000,2234.13849000,60,60,False
1647882000000,1647885600000,40788.72000000,41072.69000000,40759.18000000,41056.40000000,1863.69359000,60,60,False
1647885600000,1647889200000,41056.40000000,41160.00000000,40937.00000000,40938.71000000,1560.05661000,60,60,False
1647889200000,1647892800000,40938.70000000,41197.50000000,40863.54000000,41180.55000000,1518.84961000,60,60,False
1647892800000,1647896400000,41180.54000000,41271.40000000,41119.80000000,41120.01000000,1023.29900000,60,60,False
1647896400000,1647900000000,41120.00000000,41315.77000000,41060.61000000,41305.52000000,1287.97562000,60,60,False
1647900000000,1647903600000,41305.53000000,41370.00000000,41120.00000000,41120.01000000,1469.42557000,60,60,False
1647903600000,1647907200000,41120.01000000,41165.86000000,40950.00000000,41002.25000000,968.81784000,60,60,False
1647907200000,1647910800000,41002.26000000,41173.60000000,40875.51000000,41133.83000000,1455.27137000,60,60,False
1647910800000,1647914400000,41133.82000000,41189.32000000,41035.20000000,41180.69000000,810.75376000,60,60,False
1647914400000,1647918000000,41180.69000000,42007.48000000,41154.28000000,41841.09000000,4992.20269000,60,60,False
1647918000000,1647921600000,41841.09000000,42497.00000000,41841.09000000,42236.46000000,4396.75961000,60,60,False
1647921600000,1647925200000,42236.46000000,43361.00000000,42236.46000000,42989.52000000,7723.76114000,60,60,False
1647925200000,1647928800000,42989.53000000,43099.68000000,42812.22000000,42850.00000000,2280.49337000,60,60,False
1647928800000,1647932400000,42850.00000000,42871.66000000,41995.01000000,42247.99000000,5753.14340000,60,60,False
1647932400000,1647936000000,42248.00000000,42384.20000000,42176.29000000,42215.94000000,2386.76231000,60,60,False
1647936000000,1647939600000,42215.95000000,42700.61000000,42085.74000000,42548.00000000,2905.26926000,60,60,False
1647939600000,1647943200000,42548.00000000,42597.86000000,42388.00000000,42460.99000000,1952.46572000,60,60,False
1647943200000,1647946800000,42461.00000000,42916.55000000,42445.92000000,42829.67000000,2508.44434000,60,60,False
1647946800000,1647950400000,42829.68000000,43030.20000000,42761.74000000,42983.00000000,2119.11777000,60,60,False
1647950400000,1647954000000,42983.00000000,43085.00000000,42745.85000000,42950.41000000,2173.09012000,60,60,False
1647954000000,1647957600000,42950.41000000,43024.08000000,42681.29000000,42826.15000000,2072.78254000,60,60,False
1647957600000,1647961200000,42826.32000000,43199.00000000,42731.59000000,42760.66000000,3515.13755000,60,60,False
1647961200000,1647964800000,42760.66000000,42788.00000000,42561.28000000,42573.81000000,2143.17019000,60,60,False
1647964800000,1647968400000,42573.80000000,42700.00000000,42453.70000000,42515.00000000,1836.69432000,60,60,False
1647968400000,1647972000000,42515.00000000,42627.48000000,42477.73000000,42616.99000000,839.21812000,60,60,False
1647972000000,1647975600000,42616.98000000,42624.58000000,42484.67000000,42563.33000000,1236.17170000,60,60,False
1647975600000,1647979200000,42563.33000000,42711.37000000,42263.01000000,42284.41000000,1535.41912000,60,60,False
1647979200000,1647982800000,42284.40000000,42629.00000000,42263.01000000,42588.59000000,1367.30361000,60,60,False
1647982800000,1647986400000,42588.58000000,42872.17000000,42565.22000000,42833.03000000,1090.84523000,60,60,False
1647986400000,1647990000000,42833.04000000,42833.04000000,42470.35000000,42529.15000000,1220.56452000,60,60,False
1647990000000,1647993600000,42529.15000000,42533.12000000,42258.68000000,42364.13000000,1140.10118000,60,60,False
1647993600000,1647997200000,42364.13000000,42492.15000000,42274.93000000,42402.56000000,1186.99886000,60,60,False
1647997200000,1648000800000,42402.55000000,42402.56000000,41884.00000000,42322.66000000,3100.95795000,60,60,False
1648000800000,1648004400000,42322.66000000,42529.99000000,42246.55000000,42324.96000000,1441.45194000,60,60,False
1648004400000,1648008000000,42324.95000000,42364.52000000,42049.96000000,42073.94000000,1116.94757000,60,60,False
1648008000000,1648011600000,42073.93000000,42196.71000000,41751.47000000,41944.35000000,2068.56443000,60,60,False
1648011600000,1648015200000,41944.35000000,42068.15000000,41782.10000000,42021.36000000,1054.23557000,60,60,False
1648015200000,1648018800000,42021.35000000,42255.40000000,41954.34000000,42232.31000000,1234.32175000,60,60,False
1648018800000,1648022400000,42232.30000000,42259.38000000,42033.10000000,42107.74000000,1033.26168000,60,60,False
1648022400000,1648026000000,42107.73000000,42345.32000000,41980.87000000,42229.43000000,1657.91724000,60,60,False
1648026000000,1648029600000,42229.42000000,42300.00000000,41994.69000000,42166.63000000,1631.38676000,60,60,False
1648029600000,1648033200000,42166.63000000,42273.57000000,42099.97000000,42156.52000000,1000.22592000,60,60,False
1648033200000,1648036800000,42156.52000000,42186.07000000,41878.82000000,42039.78000000,1361.04251000,60,60,False
1648036800000,1648040400000,42039.77000000,42438.71000000,41881.00000000,42359.04000000,2383.91223000,60,60,False
1648040400000,1648044000000,42359.04000000,42450.00000000,41976.87000000,42020.98000000,2587.90169000,60,60,False
1648044000000,1648047600000,42020.99000000,42400.01000000,41969.00000000,42392.81000000,2213.92556000,60,60,False
1648047600000,1648051200000,42392.81000000,42737.39000000,42302.81000000,42618.18000000,3337.61776000,60,60,False
1648051200000,1648054800000,42618.18000000,42775.10000000,42483.36000000,42580.51000000,2057.40489000,60,60,False
1648054800000,1648058400000,42580.50000000,42602.22000000,42059.00000000,42160.33000000,2640.55048000,60,60,False
1648058400000,1648062000000,42160.33000000,42224.16000000,42050.37000000,42087.94000000,1304.72895000,60,60,False
1648062000000,1648065600000,42087.94000000,42353.50000000,42070.91000000,42216.79000000,1337.34631000,60,60,False
1648065600000,1648069200000,42216.79000000,42407.67000000,42189.73000000,42349.72000000,947.46020000,60,60,False
1648069200000,1648072800000,42349.72000000,42410.00000000,42250.80000000,42385.37000000,570.85223000,60,60,False
1648072800000,1648076400000,42385.37000000,42555.99000000,42335.12000000,42488.67000000,1096.64606000,60,60,False
1648076400000,1648080000000,42488.66000000,43025.96000000,42398.98000000,42882.76000000,2463.21185000,60,60,False
1648080000000,1648083600000,42882.76000000,43276.12000000,42757.17000000,43034.72000000,4101.15304000,60,60,False
1648083600000,1648087200000,43034.73000000,43103.76000000,42700.00000000,42827.45000000,2381.16593000,60,60,False
1648087200000,1648090800000,42827.45000000,42967.45000000,42650.00000000,42952.53000000,1209.86900000,60,60,False
1648090800000,1648094400000,42952.54000000,42963.86000000,42679.01000000,42712.87000000,1213.75686000,60,60,False
1648094400000,1648098000000,42712.87000000,42951.29000000,42712.87000000,42901.03000000,1354.74486000,60,60,False
1648098000000,1648101600000,42901.04000000,43045.00000000,42782.01000000,43012.49000000,1150.81303000,60,60,False
1648101600000,1648105200000,43012.50000000,43478.00000000,42984.86000000,43198.40000000,2693.52233000,60,60,False
1648105200000,1648108800000,43198.41000000,43229.27000000,42900.00000000,43077.74000000,2025.36270000,60,60,False
1648108800000,1648112400000,43077.75000000,43167.58000000,42975.56000000,43049.54000000,2207.47141000,60,60,False
1648112400000,1648116000000,43049.54000000,43220.00000000,42840.92000000,43021.01000000,3259.86514000,60,60,False
1648116000000,1648119600000,43021.01000000,43101.76000000,42921.00000000,43002.96000000,1401.20533000,60,60,False
1648119600000,1648123200000,43002.96000000,43084.38000000,42867.33000000,42968.42000000,1337.77432000,60,60,False
1648123200000,1648126800000,42968.42000000,43072.59000000,42741.02000000,42810.84000000,3144.58362000,60,60,False
1648126800000,1648130400000,42810.84000000,43064.07000000,42560.46000000,42984.86000000,2594.87462000,60,60,False
1648130400000,1648134000000,42984.85000000,43595.01000000,42889.08000000,43582.11000000,4504.75521000,60,60,False
1648134000000,1648137600000,43582.11000000,44036.93000000,43468.63000000,44000.01000000,7701.78466000,60,60,False
1648137600000,1648141200000,44000.00000000,44186.78000000,43842.04000000,44002.19000000,3404.38289000,60,60,False
1648141200000,1648144800000,44002.19000000,44220.89000000,43803.00000000,43815.11000000,3057.67678000,60,60,False
1648144800000,1648148400000,43815.10000000,43995.00000000,43757.10000000,43993.17000000,1902.94206000,60,60,False
1648148400000,1648152000000,43993.18000000,44077.55000000,43880.53000000,43908.30000000,1443.20283000,60,60,False
1648152000000,1648155600000,43908.31000000,43943.88000000,43818.02000000,43869.99000000,979.40183000,60,60,False
1648155600000,1648159200000,43869.99000000,44083.85000000,43807.27000000,44031.77000000,1128.80179000,60,60,False
1648159200000,1648162800000,44031.76000000,44100.00000000,43901.60000000,43949.01000000,1153.68582000,60,60,False
1648162800000,1648166400000,43948.74000000,44005.68000000,43870.50000000,43991.46000000,842.32768000,60,60,False
1648166400000,1648170000000,43991.46000000,44017.76000000,43854.38000000,43970.00000000,1322.01343000,60,60,False
1648170000000,1648173600000,43970.01000000,44398.53000000,43940.70000000,44130.75000000,3606.19179000,60,60,False
1648173600000,1648177200000,44130.76000000,44158.99000000,43877.31000000,43946.79000000,2372.58120000,60,60,False
1648177200000,1648180800000,43946.80000000,43995.73000000,43870.00000000,43968.16000000,1060.48339000,60,60,False
1648180800000,1648184400000,43968.17000000,44096.79000000,43904.94000000,44096.78000000,1019.80770000,60,60,False
1648184400000,1648188000000,44096.79000000,44104.92000000,43992.00000000,44074.21000000,1097.68149000,60,60,False
1648188000000,1648191600000,44074.22000000,44200.00000000,43963.82000000,44099.90000000,1491.84258000,60,60,False
1648191600000,1648195200000,44099.90000000,44187.95000000,43901.10000000,43904.97000000,2109.80422000,60,60,False
1648195200000,1648198800000,43904.97000000,44076.83000000,43579.00000000,44000.67000000,3474.00171000,60,60,False
1648198800000,1648202400000,44000.67000000,44164.78000000,43902.56000000,44120.00000000,1612.24701000,60,60,False
1648202400000,1648206000000,44119.99000000,44317.29000000,44065.57000000,44233.28000000,1555.10547000,60,60,False
1648206000000,1648209600000,44233.29000000,44664.20000000,44201.32000000,44585.28000000,3692.39279000,60,60,False
1648209600000,1648213200000,44585.28000000,44916.70000000,44450.84000000,44835.23000000,3354.05070000,60,60,False
1648213200000,1648216800000,44835.24000000,45050.00000000,44700.19000000,44980.18000000,4163.25292000,60,60,False
1648216800000,1648220400000,44980.18000000,45094.14000000,44663.36000000,44865.46000000,2835.29032000,60,60,False
1648220400000,1648224000000,44865.45000000,44882.00000000,44187.69000000,44318.21000000,5782.73737000,60,60,False
1648224000000,1648227600000,44318.21000000,44596.29000000,44141.66000000,44150.00000000,4099.71326000,60,60,False
1648227600000,1648231200000,44150.00000000,44343.09000000,44013.11000000,44328.42000000,2933.49825000,60,60,False
1648231200000,1648234800000,44328.43000000,44517.27000000,44297.44000000,44459.22000000,1776.11616000,60,60,False
1648234800000,1648238400000,44459.22000000,44470.86000000,44164.97000000,44444.95000000,1409.65633000,60,60,False
1648238400000,1648242000000,44444.94000000,44646.06000000,44358.21000000,44550.51000000,1207.99425000,60,60,False
1648242000000,1648245600000,44550.50000000,44550.51000000,44408.00000000,44525.36000000,893.00233000,60,60,False
1648245600000,1648249200000,44525.35000000,44525.36000000,44264.33000000,44299.50000000,1016.48326000,60,60,False
1648249200000,1648252800000,44299.49000000,44386.24000000,44230.59000000,44313.16000000,728.48855000,60,60,False
1648252800000,1648256400000,44313.16000000,44453.48000000,44121.18000000,44150.85000000,1007.37256000,60,60,False
1648256400000,1648260000000,44150.85000000,44355.14000000,44071.97000000,44295.04000000,1050.64766000,60,60,False
1648260000000,1648263600000,44295.04000000,44383.16000000,44195.32000000,44289.01000000,951.39386000,60,60,False
1648263600000,1648267200000,44289.01000000,44430.00000000,44246.08000000,44394.03000000,964.88039000,60,60,False
1648267200000,1648270800000,44394.04000000,44466.73000000,44370.13000000,44408.50000000,717.68073000,60,60,False
1648270800000,1648274400000,44408.49000000,44517.23000000,44355.98000000,44498.45000000,832.24701000,60,60,False
1648274400000,1648278000000,44498.45000000,44548.24000000,44385.33000000,44446.80000000,822.17383000,60,60,False
1648278000000,1648281600000,44446.80000000,44546.82000000,44364.20000000,44510.07000000,875.53501000,60,60,False
1648281600000,1648285200000,44510.07000000,44578.00000000,44440.63000000,44499.00000000,808.09064000,60,60,False
1648285200000,1648288800000,44499.00000000,44515.80000000,44419.24000000,44472.19000000,649.95516000,60,60,False
1648288800000,1648292400000,44472.20000000,44494.46000000,44374.13000000,44427.99000000,566.97781000,60,60,False
1648292400000,1648296000000,44428.00000000,44489.30000000,44318.94000000,44334.49000000,660.43032000,60,60,False
1648296000000,1648299600000,44334.50000000,44392.58000000,44222.50000000,44350.01000000,1534.64644000,60,60,False
1648299600000,1648303200000,44350.01000000,44397.78000000,44167.52000000,44251.67000000,997.55616000,60,60,False
1648303200000,1648306800000,44251.68000000,44277.66000000,44153.94000000,44251.84000000,926.64832000,60,60,False
1648306800000,1648310400000,44251.84000000,44330.00000000,44194.58000000,44205.31000000,836.43509000,60,60,False
1648310400000,1648314000000,44205.30000000,44314.08000000,44140.76000000,44292.67000000,1044.30094000,60,60,False
1648314000000,1648317600000,44292.67000000,44431.75000000,44284.36000000,44372.81000000,800.10588000,60,60,False
1648317600000,1648321200000,44372.82000000,44464.92000000,44366.50000000,44436.03000000,569.03405000,60,60,False
1648321200000,1648324800000,44436.03000000,44461.88000000,44303.91000000,44367.49000000,1202.25234000,60,60,False
1648324800000,1648328400000,44367.49000000,44792.99000000,44363.47000000,44571.92000000,2748.83061000,60,60,False
1648328400000,1648332000000,44571.93000000,44584.37000000,44255.00000000,44444.99000000,1129.11314000,60,60,False
1648332000000,1648335600000,44444.98000000,44522.71000000,44363.54000000,44364.14000000,670.52968000,60,60,False
1648335600000,1648339200000,44364.13000000,44570.60000000,44364.13000000,44511.27000000,674.77978000,60,60,False
1648339200000,1648342800000,44511.27000000,44744.67000000,44484.11000000,44713.12000000,1307.41307000,60,60,False
1648342800000,1648346400000,44713.11000000,44770.17000000,44579.14000000,44724.97000000,1124.06903000,60,60,False
1648346400000,1648350000000,44724.96000000,44950.00000000,44661.35000000,44697.63000000,1398.48491000,60,60,False
1648350000000,1648353600000,44697.63000000,44718.21000000,44619.70000000,44713.01000000,639.63624000,60,60,False
1648353600000,1648357200000,44713.01000000,44759.17000000,44542.01000000,44580.51000000,722.49764000,60,60,False
1648357200000,1648360800000,44580.51000000,44712.30000000,44573.03000000,44639.00000000,430.30932000,60,60,False
1648360800000,1648364400000,44639.01000000,44730.00000000,44618.01000000,44656.40000000,586.41791000,60,60,False
1648364400000,1648368000000,44656.39000000,44750.00000000,44640.64000000,44734.06000000,581.61784000,60,60,False
1648368000000,1648371600000,44734.06000000,44747.94000000,44592.85000000,44604.49000000,591.07925000,60,60,False
1648371600000,1648375200000,44604.48000000,44698.94000000,44539.86000000,44539.86000000,734.51899000,60,60,False
1648375200000,1648378800000,44539.95000000,44619.14000000,44469.38000000,44527.00000000,739.41811000,60,60,False
1648378800000,1648382400000,44527.01000000,44636.34000000,44515.88000000,44569.50000000,708.75972000,60,60,False
1648382400000,1648386000000,44569.50000000,44606.86000000,44433.00000000,44436.10000000,1147.79965000,60,60,False
1648386000000,1648389600000,44436.09000000,44647.24000000,44421.46000000,44616.24000000,988.68354000,60,60,False
1648389600000,1648393200000,44616.23000000,44741.00000000,44583.52000000,44614.35000000,1121.70585000,60,60,False
1648393200000,1648396800000,44614.36000000,44933.45000000,44523.23000000,44857.52000000,1990.03084000,60,60,False
1648396800000,1648400400000,44857.53000000,45036.04000000,44740.00000000,44950.00000000,2519.73162000,60,60,False
1648400400000,1648404000000,44950.00000000,44966.00000000,44777.73000000,44919.53000000,936.13247000,60,60,False
1648404000000,1648407600000,44919.53000000,44980.70000000,44841.14000000,44841.14000000,629.50183000,60,60,False
1648407600000,1648411200000,44841.14000000,44885.28000000,44810.25000000,44830.66000000,502.02388000,60,60,False
1648411200000,1648414800000,44830.66000000,46616.14000000,44678.12000000,46115.80000000,9589.03530000,60,60,False
1648414800000,1648418400000,46115.79000000,46800.00000000,45838.15000000,46552.08000000,4741.53030000,60,60,False
1648418400000,1648422000000,46552.07000000,46999.00000000,46357.98000000,46613.00000000,6239.36776000,60,60,False
1648422000000,1648425600000,46613.00000000,46877.87000000,46559.59000000,46827.76000000,1905.14564000,60,60,False
1648425600000,1648429200000,46827.76000000,47650.00000000,46663.56000000,46920.99000000,6130.87093000,60,60,False
1648429200000,1648432800000,46921.00000000,47037.48000000,46700.00000000,46810.50000000,1740.67119000,60,60,False
1648432800000,1648436400000,46810.50000000,46945.59000000,46766.42000000,46924.82000000,1229.29712000,60,60,False
1648436400000,1648440000000,46924.82000000,47049.41000000,46850.49000000,47049.40000000,1448.18769000,60,60,False
1648440000000,1648443600000,47049.40000000,47218.88000000,46864.40000000,47124.80000000,1410.57346000,60,60,False
1648443600000,1648447200000,47124.80000000,47371.99000000,47011.38000000,47056.19000000,4718.79640000,60,60,False
1648447200000,1648450800000,47056.19000000,47106.24000000,46716.83000000,46904.73000000,3764.16181000,60,60,False
1648450800000,1648454400000,46904.72000000,47200.00000000,46884.84000000,46989.24000000,2119.94730000,60,60,False
1648454400000,1648458000000,46989.24000000,47053.25000000,46845.98000000,47021.24000000,1568.21655000,60,60,False
1648458000000,1648461600000,47021.24000000,47188.48000000,46974.32000000,47140.89000000,1619.11195000,60,60,False
1648461600000,1648465200000,47140.89000000,47275.00000000,47064.05000000,47218.33000000,1767.57465000,60,60,False
1648465200000,1648468800000,47218.33000000,47383.05000000,47118.08000000,47252.54000000,1978.57577000,60,60,False
1648468800000,1648472400000,47252.54000000,47376.74000000,47123.54000000,47210.53000000,1350.42013000,60,60,False
1648472400000,1648476000000,47210.53000000,47756.43000000,47176.67000000,47724.13000000,3539.20130000,60,60,False
1648476000000,1648479600000,47724.12000000,47739.97000000,47349.52000000,47603.50000000,2871.79157000,60,60,False
1648479600000,1648483200000,47603.51000000,47908.05000000,47400.89000000,47422.51000000,4087.35905000,60,60,False
1648483200000,1648486800000,47422.51000000,47550.00000000,47300.65000000,47466.55000000,1831.07995000,60,60,False
1648486800000,1648490400000,47466.54000000,47673.95000000,47331.69000000,47599.06000000,1514.26502000,60,60,False
1648490400000,1648494000000,47599.06000000,48085.00000000,47556.37000000,47970.99000000,3195.40658000,60,60,False
1648494000000,1648497600000,47970.98000000,48189.84000000,47689.38000000,47956.28000000,3217.07336000,60,60,False
1648497600000,1648501200000,47956.28000000,48030.50000000,47811.40000000,47934.68000000,1666.52922000,60,60,False
1648501200000,1648504800000,47934.69000000,48094.11000000,47444.08000000,47629.22000000,1955.25245000,60,60,False
1648504800000,1648508400000,47629.21000000,47753.24000000,47488.00000000,47540.59000000,1195.91802000,60,60,False
1648508400000,1648512000000,47540.58000000,47595.69000000,46885.44000000,47122.21000000,3028.97993000,60,60,False
1648512000000,1648515600000,47122.21000000,47606.01000000,47050.00000000,47397.88000000,2212.02482000,60,60,False
1648515600000,1648519200000,47397.89000000,47600.00000000,47336.01000000,47537.04000000,1114.65669000,60,60,False
1648519200000,1648522800000,47537.05000000,47596.50000000,47383.38000000,47408.56000000,1158.60687000,60,60,False
1648522800000,1648526400000,47408.56000000,47424.37000000,47315.00000000,47335.06000000,757.03065000,60,60,False
1648526400000,1648530000000,47335.06000000,47655.54000000,47320.65000000,47592.99000000,1249.90958000,60,60,False
1648530000000,1648533600000,47593.00000000,47671.24000000,47510.39000000,47641.03000000,854.55134000,60,60,False
1648533600000,1648537200000,47641.03000000,47753.75000000,47520.00000000,47570.59000000,1078.85380000,60,60,False
1648537200000,1648540800000,47570.58000000,47582.49000000,47344.44000000,47344.44000000,964.59123000,60,60,False
1648540800000,1648544400000,47344.45000000,47618.50000000,47334.69000000,47539.75000000,962.26733000,60,60,False
1648544400000,1648548000000,47539.75000000,47737.53000000,47523.02000000,47591.82000000,1293.54862000,60,60,False
1648548000000,1648551600000,47591.82000000,47614.10000000,47438.38000000,47602.34000000,805.36582000,60,60,False
1648551600000,1648555200000,47602.35000000,47963.24000000,47572.00000000,47896.10000000,1937.43856000,60,60,False
1648555200000,1648558800000,47896.09000000,48096.47000000,47811.01000000,47843.32000000,2705.29599000,60,60,False
1648558800000,1648562400000,47843.32000000,47897.49000000,47544.99000000,47695.81000000,2389.57973000,60,60,False
1648562400000,1648566000000,47695.81000000,47852.35000000,47596.85000000,47803.00000000,1827.99107000,60,60,False
1648566000000,1648569600000,47803.01000000,48020.00000000,47345.00000000,47440.00000000,2573.98500000,60,60,False
1648569600000,1648573200000,47440.00000000,47547.00000000,47105.50000000,47491.50000000,3147.06478000,60,60,False
1648573200000,1648576800000,47491.51000000,47499.99000000,47143.58000000,47456.48000000,1601.33514000,60,60,False
1648576800000,1648580400000,47456.48000000,47586.58000000,47368.40000000,47519.49000000,1083.65407000,60,60,False
1648580400000,1648584000000,47519.50000000,47871.02000000,47497.57000000,47701.49000000,1941.55433000,60,60,False
1648584000000,1648587600000,47701.49000000,47726.00000000,47318.94000000,47477.84000000,972.59607000,60,60,False
1648587600000,1648591200000,47477.85000000,47520.00000000,47180.00000000,47270.18000000,1038.22732000,60,60,False
1648591200000,1648594800000,47270.19000000,47397.89000000,46950.85000000,47331.12000000,2206.81099000,60,60,False
1648594800000,1648598400000,47331.13000000,47515.95000000,47297.73000000,47434.80000000,895.34477000,60,60,False
1648598400000,1648602000000,47434.79000000,47439.55000000,47092.55000000,47245.21000000,1179.51085000,60,60,False
1648602000000,1648605600000,47245.21000000,47245.22000000,46445.42000000,46865.28000000,3566.23704000,60,60,False
1648605600000,1648609200000,46865.28000000,47306.65000000,46800.00000000,47209.25000000,2860.38220000,60,60,False
1648609200000,1648612800000,47209.25000000,47457.16000000,47200.00000000,47435.46000000,1336.62288000,60,60,False
1648612800000,1648616400000,47435.46000000,47462.00000000,47140.46000000,47238.67000000,1294.76891000,60,60,False
1648616400000,1648620000000,47238.68000000,47550.64000000,47194.00000000,47484.99000000,1184.69930000,60,60,False
1648620000000,1648623600000,47484.99000000,47580.00000000,47349.92000000,47408.20000000,1102.10415000,60,60,False
1648623600000,1648627200000,47408.19000000,47521.13000000,47335.63000000,47384.44000000,1140.75646000,60,60,False
1648627200000,1648630800000,47384.44000000,47500.00000000,47190.86000000,47435.05000000,1864.29364000,60,60,False
1648630800000,1648634400000,47435.05000000,47456.08000000,47210.00000000,47257.91000000,952.91344000,60,60,False
1648634400000,1648638000000,47257.91000000,47327.99000000,47206.01000000,47269.99000000,990.85608000,60,60,False
1648638000000,1648641600000,47270.00000000,47465.65000000,47064.81000000,47319.91000000,1631.17178000,60,60,False
1648641600000,1648645200000,47319.92000000,47344.50000000,47150.49000000,47294.98000000,1319.59342000,60,60,False
1648645200000,1648648800000,47294.98000000,47309.02000000,46897.00000000,46984.00000000,2650.21970000,60,60,False
1648648800000,1648652400000,46984.01000000,47232.00000000,46869.00000000,47113.49000000,1945.04926000,60,60,False
1648652400000,1648656000000,47113.49000000,47180.74000000,46910.46000000,47160.81000000,1350.67523000,60,60,False
1648656000000,1648659600000,47160.82000000,47350.40000000,47024.46000000,47248.66000000,2117.17927000,60,60,False
1648659600000,1648663200000,47248.66000000,47700.22000000,47179.94000000,47659.50000000,2405.56087000,60,60,False
1648663200000,1648666800000,47659.50000000,47690.18000000,47070.26000000,47130.01000000,2066.25048000,60,60,False
1648666800000,1648670400000,47130.02000000,47187.49000000,46831.81000000,47073.89000000,2213.70753000,60,60,False
1648670400000,1648674000000,47073.89000000,47274.95000000,47009.96000000,47258.88000000,1070.98384000,60,60,False
1648674000000,1648677600000,47258.89000000,47292.68000000,46908.04000000,46987.49000000,1220.06753000,60,60,False
1648677600000,1648681200000,46987.49000000,47130.54000000,46850.00000000,47104.52000000,1772.73570000,60,60,False
1648681200000,1648684800000,47104.51000000,47239.06000000,47001.96000000,47067.99000000,1710.86894000,60,60,False
1648684800000,1648688400000,47067.99000000,47273.50000000,46973.91000000,47154.06000000,1252.43133000,60,60,False
1648688400000,1648692000000,47154.06000000,47425.21000000,47142.21000000,47400.00000000,1228.34803000,60,60,False
1648692000000,1648695600000,47400.00000000,47418.13000000,47172.51000000,47220.00000000,843.91850000,60,60,False
1648695600000,1648699200000,47219.99000000,47260.44000000,47070.01000000,47095.56000000,955.71377000,60,60,False
1648699200000,1648702800000,47095.55000000,47150.00000000,46987.15000000,47020.01000000,1167.47059000,60,60,False
1648702800000,1648706400000,47020.01000000,47138.87000000,46898.12000000,47095.23000000,1703.24242000,60,60,False
1648706400000,1648710000000,47095.23000000,47170.71000000,47027.27000000,47113.93000000,788.09302000,60,60,False
1648710000000,1648713600000,47113.94000000,47168.92000000,47050.05000000,47160.76000000,764.09285000,60,60,False
1648713600000,1648717200000,47160.75000000,47325.00000000,47000.00000000,47245.22000000,1820.46660000,60,60,False
1648717200000,1648720800000,47245.23000000,47343.75000000,47110.00000000,47301.02000000,1360.37142000,60,60,False
1648720800000,1648724400000,47301.03000000,47386.70000000,47210.93000000,47276.37000000,1212.74158000,60,60,False
1648724400000,1648728000000,47276.36000000,47279.70000000,47080.00000000,47152.01000000,1113.78039000,60,60,False
1648728000000,1648731600000,47152.00000000,47540.46000000,47108.37000000,47395.76000000,2233.31954000,60,60,False
1648731600000,1648735200000,47395.75000000,47600.00000000,46913.12000000,46913.13000000,3811.97389000,60,60,False
1648735200000,1648738800000,46913.13000000,46913.51000000,46230.00000000,46690.48000000,6938.03160000,60,60,False
1648738800000,1648742400000,46690.48000000,46799.00000000,46356.23000000,46453.81000000,2398.12841000,60,60,False
1648742400000,1648746000000,46453.81000000,46492.65000000,45669.00000000,45688.80000000,6315.81153000,60,60,False
1648746000000,1648749600000,45688.80000000,45891.94000000,45651.35000000,45820.00000000,2363.95325000,60,60,False
1648749600000,1648753200000,45819.99000000,45962.08000000,45595.28000000,45957.27000000,1822.32955000,60,60,False
1648753200000,1648756800000,45957.27000000,45987.94000000,45500.00000000,45581.97000000,2165.48834000,60,60,False
1648756800000,1648760400000,45581.98000000,45790.00000000,45519.03000000,45745.46000000,1550.11357000,60,60,False
1648760400000,1648764000000,45745.45000000,45849.99000000,45647.01000000,45757.19000000,887.89890000,60,60,False
1648764000000,1648767600000,45757.19000000,45820.34000000,45660.68000000,45787.85000000,1058.12591000,60,60,False
1648767600000,1648771200000,45787.85000000,45787.86000000,45200.00000000,45510.34000000,2889.28168000,60,60,False
1648771200000,1648774800000,45510.35000000,45644.86000000,45351.73000000,45541.50000000,1838.20071000,60,60,False
1648774800000,1648778400000,45542.16000000,45542.17000000,44868.00000000,44923.77000000,4127.99675000,60,60,False
1648778400000,1648782000000,44923.77000000,45049.03000000,44200.00000000,44392.71000000,5752.16535000,60,60,False
1648782000000,1648785600000,44392.71000000,44599.99000000,44273.44000000,44599.98000000,2692.58541000,60,60,False
1648785600000,1648789200000,44599.98000000,44780.01000000,44547.11000000,44642.44000000,1723.22376000,60,60,False
1648789200000,1648792800000,44642.44000000,44789.99000000,44583.23000000,44646.16000000,1456.34706000,60,60,False
1648792800000,1648796400000,44646.15000000,44848.44000000,44567.94000000,44803.70000000,1404.92923000,60,60,False
1648796400000,1648800000000,44803.70000000,45110.81000000,44801.00000000,45015.69000000,2596.94132000,60,60,False
1648800000000,1648803600000,45015.68000000,45323.91000000,45008.24000000,45137.06000000,2537.07775000,60,60,False
1648803600000,1648807200000,45137.05000000,45243.20000000,44990.48000000,45076.00000000,2072.54564000,60,60,False
1648807200000,1648810800000,45076.01000000,45234.56000000,45019.80000000,45223.00000000,1090.16037000,60,60,False
1648810800000,1648814400000,45223.00000000,45283.17000000,45022.82000000,45064.26000000,1890.82640000,60,60,False
1648814400000,1648818000000,45064.25000000,45416.98000000,44701.01000000,45245.66000000,3791.81322000,60,60,False
1648818000000,1648821600000,45245.66000000,45603.85000000,45237.91000000,45430.12000000,2943.26062000,60,60,False
1648821600000,1648825200000,45430.12000000,46180.77000000,45420.00000000,46128.91000000,3713.30259000,60,60,False
1648825200000,1648828800000,46128.92000000,46720.09000000,46113.08000000,46532.00000000,5320.03900000,60,60,False
1648828800000,1648832400000,46531.99000000,46587.81000000,46025.29000000,46025.29000000,2822.94745000,60,60,False
1648832400000,1648836000000,46025.29000000,46549.31000000,45893.98000000,46465.50000000,2055.44446000,60,60,False
1648836000000,1648839600000,46465.48000000,46602.00000000,46250.00000000,46334.63000000,1713.01446000,60,60,False
1648839600000,1648843200000,46334.62000000,46394.64000000,46140.00000000,46361.68000000,1361.13144000,60,60,False
1648843200000,1648846800000,46361.68000000,46380.16000000,46075.85000000,46145.38000000,889.16549000,60,60,False
1648846800000,1648850400000,46145.37000000,46439.56000000,46142.00000000,46305.07000000,704.81870000,60,60,False
1648850400000,1648854000000,46305.07000000,46398.00000000,46150.00000000,46368.41000000,1035.63658000,60,60,False
1648854000000,1648857600000,46368.42000000,46368.42000000,46120.20000000,46283.49000000,737.49098000,60,60,False
1648857600000,1648861200000,46283.49000000,47213.00000000,46081.93000000,46894.92000000,4001.40201000,60,60,False
1648861200000,1648864800000,46894.91000000,47073.67000000,46501.00000000,46745.50000000,2867.03679000,60,60,False
1648864800000,1648868400000,46745.49000000,46844.59000000,46233.83000000,46497.90000000,1920.91296000,60,60,False
1648868400000,1648872000000,46497.90000000,46599.94000000,46371.00000000,46599.93000000,775.09354000,60,60,False
1648872000000,1648875600000,46599.93000000,46684.40000000,46489.50000000,46529.71000000,791.21832000,60,60,False
1648875600000,1648879200000,46529.70000000,46600.00000000,46410.63000000,46541.38000000,658.54109000,60,60,False
1648879200000,1648882800000,46541.38000000,46648.73000000,46462.79000000,46632.28000000,916.97927000,60,60,False
1648882800000,1648886400000,46632.28000000,46644.42000000,46419.38000000,46584.49000000,945.54588000,60,60,False
1648886400000,1648890000000,46584.49000000,46589.64000000,46490.00000000,46551.39000000,999.53272000,60,60,False
1648890000000,1648893600000,46551.40000000,46734.76000000,46515.75000000,46682.50000000,1110.14138000,60,60,False
1648893600000,1648897200000,46682.50000000,46719.49000000,46548.41000000,46719.49000000,919.09468000,60,60,False
1648897200000,1648900800000,46719.49000000,46753.15000000,46542.84000000,46542.84000000,782.48373000,60,60,False
1648900800000,1648904400000,46542.84000000,46880.97000000,46225.75000000,46717.49000000,3429.52786000,60,60,False
1648904400000,1648908000000,46717.49000000,46941.11000000,46648.68000000,46735.11000000,1652.80154000,60,60,False
1648908000000,1648911600000,46735.10000000,46801.50000000,46571.59000000,46617.07000000,1010.07016000,60,60,False
1648911600000,1648915200000,46617.08000000,46617.08000000,46130.03000000,46295.06000000,2383.16797000,60,60,False
1648915200000,1648918800000,46295.06000000,46425.49000000,46155.00000000,46307.06000000,1402.52837000,60,60,False
1648918800000,1648922400000,46307.06000000,46487.01000000,46252.44000000,46359.10000000,1042.49929000,60,60,False
1648922400000,1648926000000,46359.10000000,46394.77000000,45620.00000000,45831.61000000,4041.02577000,60,60,False
1648926000000,1648929600000,45831.61000000,46252.21000000,45811.03000000,46120.24000000,1267.14345000,60,60,False
1648929600000,1648933200000,46120.25000000,46350.00000000,46026.88000000,46181.06000000,1426.80984000,60,60,False
1648933200000,1648936800000,46181.06000000,46317.85000000,45909.04000000,46231.00000000,831.63584000,60,60,False
1648936800000,1648940400000,46231.00000000,46333.26000000,46040.55000000,46110.77000000,813.51338000,60,60,False
1648940400000,1648944000000,46110.77000000,46148.74000000,45756.94000000,45811.00000000,1084.82998000,60,60,False
1648944000000,1648947600000,45810.99000000,46065.21000000,45774.64000000,46065.21000000,1461.10347000,60,60,False
1648947600000,1648951200000,46065.21000000,46065.83000000,45530.92000000,45846.00000000,2005.70992000,60,60,False
1648951200000,1648954800000,45845.99000000,45960.55000000,45760.25000000,45776.83000000,808.43964000,60,60,False
1648954800000,1648958400000,45776.84000000,45970.00000000,45718.23000000,45943.25000000,678.82675000,60,60,False
1648958400000,1648962000000,45943.26000000,46364.19000000,45927.83000000,46364.18000000,896.84849000,60,60,False
1648962000000,1648965600000,46364.18000000,46380.96000000,46225.00000000,46355.93000000,735.75202000,60,60,False
1648965600000,1648969200000,46355.93000000,46570.00000000,46312.04000000,46432.70000000,1561.68757000,60,60,False
1648969200000,1648972800000,46432.69000000,46465.55000000,46291.56000000,46363.82000000,947.44176000,60,60,False
1648972800000,1648976400000,46363.83000000,46416.75000000,46219.08000000,46271.68000000,634.83020000,60,60,False
1648976400000,1648980000000,46271.67000000,46446.80000000,46168.92000000,46362.66000000,986.69853000,60,60,False
1648980000000,1648983600000,46362.66000000,46400.00000000,46122.62000000,46180.00000000,794.41828000,60,60,False
1648983600000,1648987200000,46180.00000000,46332.83000000,46076.92000000,46252.59000000,736.22899000,60,60,False
1648987200000,1648990800000,46252.59000000,46435.08000000,46188.00000000,46383.12000000,836.19483000,60,60,False
1648990800000,1648994400000,46383.12000000,46670.04000000,46272.44000000,46441.27000000,2559.85630000,60,60,False
1648994400000,1648998000000,46441.27000000,46633.75000000,46301.67000000,46633.75000000,1011.00006000,60,60,False
1648998000000,1649001600000,46633.74000000,46723.00000000,46381.00000000,46412.49000000,1369.61349000,60,60,False
1649001600000,1649005200000,46412.49000000,46519.35000000,46220.16000000,46293.50000000,1220.80719000,60,60,False
1649005200000,1649008800000,46293.49000000,46411.11000000,46240.46000000,46394.95000000,992.49464000,60,60,False
1649008800000,1649012400000,46394.96000000,46770.65000000,46352.04000000,46586.31000000,1291.76765000,60,60,False
1649012400000,1649016000000,46586.31000000,46698.82000000,46400.41000000,46405.50000000,1661.83352000,60,60,False
1649016000000,1649019600000,46405.49000000,46482.33000000,46363.96000000,46365.02000000,590.68009000,60,60,False
1649019600000,1649023200000,46365.01000000,46980.00000000,46332.25000000,46980.00000000,1526.86140000,60,60,False
1649023200000,1649026800000,46980.00000000,47444.11000000,46584.63000000,46695.11000000,5819.85205000,60,60,False
1649026800000,1649030400000,46695.10000000,46711.58000000,46248.84000000,46407.35000000,2265.73110000,60,60,False
1649030400000,1649034000000,46407.36000000,46461.14000000,45744.77000000,45862.08000000,4363.15119000,60,60,False
1649034000000,1649037600000,45862.08000000,46049.04000000,45757.41000000,45863.28000000,1242.48919000,60,60,False
1649037600000,1649041200000,45863.28000000,46068.38000000,45756.94000000,46036.97000000,1078.88949000,60,60,False
1649041200000,1649044800000,46036.96000000,46174.46000000,46000.00000000,46005.44000000,691.29706000,60,60,False
1649044800000,1649048400000,46005.43000000,46153.84000000,45834.39000000,46075.85000000,1369.82887000,60,60,False
1649048400000,1649052000000,46075.85000000,46244.01000000,46025.27000000,46231.67000000,890.94553000,60,60,False
1649052000000,1649055600000,46231.67000000,46293.38000000,46162.63000000,46200.00000000,770.30602000,60,60,False
1649055600000,1649059200000,46200.00000000,46227.00000000,46083.62000000,46173.99000000,965.67336000,60,60,False
1649059200000,1649062800000,46174.00000000,46287.97000000,45964.20000000,46158.42000000,1390.83747000,60,60,False
1649062800000,1649066400000,46158.41000000,46158.42000000,45863.91000000,45904.99000000,1434.95981000,60,60,False
1649066400000,1649070000000,45905.00000000,46048.36000000,45787.00000000,45996.00000000,1846.30390000,60,60,False
1649070000000,1649073600000,45996.00000000,46199.11000000,45921.01000000,46160.09000000,1141.58599000,60,60,False
1649073600000,1649077200000,46160.08000000,46249.00000000,45902.00000000,46006.58000000,1240.20844000,60,60,False
1649077200000,1649080800000,46006.59000000,46239.14000000,45869.00000000,46168.57000000,1653.24432000,60,60,False
1649080800000,1649084400000,46168.56000000,46359.00000000,45868.27000000,45896.98000000,2824.34268000,60,60,False
1649084400000,1649088000000,45896.98000000,45957.49000000,45555.00000000,45633.88000000,2842.31142000,60,60,False
1649088000000,1649091600000,45633.88000000,45815.82000000,45566.37000000,45700.01000000,1290.24719000,60,60,False
1649091600000,1649095200000,45700.01000000,45766.40000000,45176.90000000,45375.27000000,3436.09838000,60,60,False
1649095200000,1649098800000,45375.28000000,45531.42000000,45118.00000000,45507.44000000,2231.03520000,60,60,False
1649098800000,1649102400000,45507.45000000,45940.35000000,45507.44000000,45925.76000000,1775.72292000,60,60,False
1649102400000,1649106000000,45925.77000000,46377.84000000,45626.02000000,46307.50000000,4249.00509000,60,60,False
1649106000000,1649109600000,46307.51000000,46588.85000000,46177.49000000,46449.06000000,2177.02783000,60,60,False
1649109600000,1649113200000,46449.07000000,46856.35000000,46372.05000000,46666.67000000,1841.99003000,60,60,False
1649113200000,1649116800000,46666.67000000,46890.71000000,46547.25000000,46580.51000000,1894.37376000,60,60,False
1649116800000,1649120400000,46580.50000000,46649.42000000,46412.62000000,46512.01000000,1516.16322000,60,60,False
1649120400000,1649124000000,46512.01000000,46694.66000000,46451.78000000,46632.24000000,885.83959000,60,60,False
1649124000000,1649127600000,46632.23000000,46759.79000000,46555.55000000,46626.00000000,1080.19918000,60,60,False
1649127600000,1649131200000,46626.01000000,46777.77000000,46594.27000000,46645.82000000,840.28456000,60,60,False
1649131200000,1649134800000,46645.83000000,46884.49000000,46617.77000000,46770.01000000,1367.20325000,60,60,False
1649134800000,1649138400000,46770.00000000,46833.06000000,46699.00000000,46699.99000000,711.54241000,60,60,False
1649138400000,1649142000000,46700.00000000,46754.76000000,46549.82000000,46609.29000000,825.93973000,60,60,False
1649142000000,1649145600000,46609.29000000,46742.50000000,46567.67000000,46709.99000000,801.32796000,60,60,False
1649145600000,1649149200000,46710.00000000,46737.89000000,46561.92000000,46665.89000000,925.32366000,60,60,False
1649149200000,1649152800000,46665.88000000,46703.99000000,46558.80000000,46571.41000000,1464.89769000,60,60,False
1649152800000,1649156400000,46571.42000000,46680.50000000,46522.52000000,46648.71000000,1587.17444000,60,60,False
1649156400000,1649160000000,46648.71000000,46740.00000000,46560.69000000,46683.37000000,869.06378000,60,60,False
1649160000000,1649163600000,46683.37000000,47200.00000000,46676.00000000,46767.99000000,3726.58321000,60,60,False
1649163600000,1649167200000,46767.99000000,46861.53000000,46333.00000000,46423.92000000,3580.82842000,60,60,False
1649167200000,1649170800000,46423.91000000,46466.13000000,45754.39000000,45820.00000000,5785.47439000,60,60,False
1649170800000,1649174400000,45820.00000000,45920.39000000,45667.40000000,45763.72000000,2203.25121000,60,60,False
1649174400000,1649178000000,45763.73000000,46022.33000000,45600.00000000,45928.96000000,2288.19097000,60,60,False
1649178000000,1649181600000,45928.97000000,46191.00000000,45896.61000000,45969.01000000,2260.56843000,60,60,False
1649181600000,1649185200000,45969.01000000,45987.19000000,45867.36000000,45893.04000000,827.14477000,60,60,False
1649185200000,1649188800000,45893.04000000,46050.00000000,45457.89000000,46032.50000000,3496.10832000,60,60,False
1649188800000,1649192400000,46032.49000000,46107.58000000,45627.42000000,45877.97000000,1643.51855000,60,60,False
1649192400000,1649196000000,45877.97000000,45958.81000000,45744.52000000,45953.55000000,893.79551000,60,60,False
1649196000000,1649199600000,45953.56000000,46050.22000000,45790.72000000,45854.49000000,767.40231000,60,60,False
1649199600000,1649203200000,45854.50000000,45885.70000000,45353.81000000,45497.55000000,1844.92296000,60,60,False
1649203200000,1649206800000,45497.54000000,45506.67000000,44412.00000000,45005.88000000,6445.51922000,60,60,False
1649206800000,1649210400000,45005.88000000,45365.48000000,44963.13000000,45188.86000000,1677.29334000,60,60,False
1649210400000,1649214000000,45188.87000000,45368.29000000,45150.00000000,45220.87000000,848.14718000,60,60,False
1649214000000,1649217600000,45220.86000000,45289.48000000,45139.93000000,45215.88000000,736.20798000,60,60,False
1649217600000,1649221200000,45215.88000000,45375.38000000,45119.00000000,45335.34000000,875.62253000,60,60,False
1649221200000,1649224800000,45335.34000000,45444.83000000,45302.00000000,45375.00000000,735.96483000,60,60,False
1649224800000,1649228400000,45374.99000000,45482.50000000,45251.43000000,45464.26000000,1327.43298000,60,60,False
1649228400000,1649232000000,45464.27000000,45507.14000000,45233.59000000,45276.04000000,1262.25479000,60,60,False
1649232000000,1649235600000,45276.04000000,45399.28000000,45177.48000000,45366.85000000,1214.65814000,60,60,False
1649235600000,1649239200000,45366.85000000,45393.25000000,45205.01000000,45330.20000000,842.65329000,60,60,False
1649239200000,1649242800000,45330.19000000,45453.94000000,45008.02000000,45072.53000000,1997.85052000,60,60,False
1649242800000,1649246400000,45072.54000000,45114.27000000,44665.91000000,44819.19000000,3700.53654000,60,60,False
1649246400000,1649250000000,44819.19000000,44999.99000000,44670.01000000,44751.00000000,2355.35781000,60,60,False
1649250000000,1649253600000,44751.00000000,44965.83000000,44130.12000000,44165.90000000,4798.23749000,60,60,False
1649253600000,1649257200000,44165.90000000,44496.97000000,43769.17000000,44258.99000000,6039.95689000,60,60,False
1649257200000,1649260800000,44258.99000000,44305.39000000,43705.64000000,44168.35000000,3945.39906000,60,60,False
1649260800000,1649264400000,44168.36000000,44274.80000000,43566.01000000,43781.30000000,3986.53099000,60,60,False
1649264400000,1649268000000,43781.30000000,43940.38000000,43393.74000000,43815.28000000,3205.11503000,60,60,False
1649268000000,1649271600000,43815.28000000,44298.61000000,43177.11000000,43837.63000000,6483.66757000,60,60,False
1649271600000,1649275200000,43837.64000000,43973.01000000,43527.09000000,43754.57000000,2766.10858000,60,60,False
1649275200000,1649278800000,43754.56000000,44041.10000000,43725.34000000,43877.45000000,1353.94246000,60,60,False
1649278800000,1649282400000,43877.45000000,43999.00000000,43792.47000000,43845.82000000,977.96036000,60,60,False
1649282400000,1649286000000,43845.81000000,43865.27000000,43484.71000000,43511.33000000,1126.17817000,60,60,False
1649286000000,1649289600000,43511.33000000,43609.56000000,43121.00000000,43170.47000000,2146.73361000,60,60,False
1649289600000,1649293200000,43170.47000000,43559.09000000,42727.35000000,42894.30000000,3738.44955000,60,60,False
1649293200000,1649296800000,42894.30000000,43410.16000000,42868.81000000,43374.97000000,2224.96790000,60,60,False
1649296800000,1649300400000,43374.97000000,43430.00000000,43120.14000000,43350.91000000,1226.51086000,60,60,False
1649300400000,1649304000000,43350.92000000,43409.96000000,43157.00000000,43294.04000000,1255.75246000,60,60,False
1649304000000,1649307600000,43294.04000000,43494.48000000,43210.47000000,43395.57000000,1169.59279000,60,60,False
1649307600000,1649311200000,43395.57000000,43465.18000000,43225.00000000,43399.99000000,1217.55336000,60,60,False
1649311200000,1649314800000,43399.99000000,43497.63000000,43300.00000000,43380.94000000,929.11382000,60,60,False
1649314800000,1649318400000,43380.94000000,43545.74000000,43366.01000000,43445.33000000,1246.42515000,60,60,False
1649318400000,1649322000000,43445.34000000,43553.14000000,43421.31000000,43521.92000000,964.22773000,60,60,False
1649322000000,1649325600000,43521.92000000,43521.93000000,43269.50000000,43457.98000000,1191.87092000,60,60,False
1649325600000,1649329200000,43457.98000000,43484.27000000,43328.99000000,43409.73000000,954.90136000,60,60,False
1649329200000,1649332800000,43409.74000000,43834.52000000,43302.01000000,43766.74000000,2809.47051000,60,60,False
1649332800000,1649336400000,43766.75000000,43900.99000000,43551.74000000,43554.97000000,1631.63551000,60,60,False
1649336400000,1649340000000,43554.97000000,43683.86000000,43330.09000000,43659.98000000,2268.17802000,60,60,False
1649340000000,1649343600000,43659.98000000,43781.97000000,43352.98000000,43420.69000000,2109.61707000,60,60,False
1649343600000,1649347200000,43420.69000000,43572.81000000,43024.86000000,43331.81000000,2804.13397000,60,60,False
1649347200000,1649350800000,43331.82000000,43497.28000000,43266.68000000,43494.00000000,1567.91119000,60,60,False
1649350800000,1649354400000,43494.00000000,43695.12000000,43472.05000000,43657.68000000,1634.74431000,60,60,False
1649354400000,1649358000000,43657.68000000,43819.99000000,43514.01000000,43702.95000000,1635.98052000,60,60,False
1649358000000,1649361600000,43702.96000000,43772.52000000,43375.36000000,43388.92000000,1261.65436000,60,60,False
1649361600000,1649365200000,43388.93000000,43600.06000000,43376.23000000,43567.36000000,714.68054000,60,60,False
1649365200000,1649368800000,43567.35000000,43596.30000000,43208.00000000,43520.07000000,954.30979000,60,60,False
1649368800000,1649372400000,43520.07000000,43635.24000000,43466.64000000,43629.73000000,800.61276000,60,60,False
1649372400000,1649376000000,43629.72000000,43750.00000000,43425.22000000,43444.19000000,1084.24711000,60,60,False
1649376000000,1649379600000,43444.20000000,43527.36000000,43305.57000000,43327.46000000,1004.29322000,60,60,False
1649379600000,1649383200000,43327.47000000,43647.92000000,43310.00000000,43607.61000000,1021.10737000,60,60,False
1649383200000,1649386800000,43607.61000000,43694.15000000,43566.38000000,43615.63000000,772.47903000,60,60,False
1649386800000,1649390400000,43615.63000000,43691.83000000,43550.00000000,43605.96000000,547.45765000,60,60,False
1649390400000,1649394000000,43605.95000000,43659.83000000,43491.46000000,43543.02000000,509.97862000,60,60,False
1649394000000,1649397600000,43543.03000000,43678.20000000,43476.97000000,43654.30000000,659.14366000,60,60,False
1649397600000,1649401200000,43654.30000000,43672.53000000,43484.28000000,43573.45000000,1187.43884000,60,60,False
1649401200000,1649404800000,43573.45000000,43780.32000000,43416.74000000,43763.52000000,1556.40290000,60,60,False
1649404800000,1649408400000,43763.53000000,43970.62000000,43650.00000000,43700.33000000,2334.89149000,60,60,False
1649408400000,1649412000000,43700.33000000,43772.45000000,43499.83000000,43588.73000000,1233.32916000,60,60,False
1649412000000,1649415600000,43588.72000000,43621.85000000,43500.10000000,43558.51000000,887.95801000,60,60,False
1649415600000,1649419200000,43558.51000000,43561.37000000,43260.76000000,43298.79000000,1880.17355000,60,60,False
1649419200000,1649422800000,43298.79000000,43417.96000000,43079.05000000,43151.75000000,1713.44905000,60,60,False
1649422800000,1649426400000,43151.75000000,43193.90000000,42751.01000000,42906.67000000,3636.19827000,60,60,False
1649426400000,1649430000000,42906.66000000,43846.15000000,42888.80000000,43750.14000000,3948.19621000,60,60,False
1649430000000,1649433600000,43750.15000000,43961.99000000,43587.23000000,43648.01000000,2407.37189000,60,60,False
1649433600000,1649437200000,43648.01000000,43714.97000000,43395.90000000,43433.71000000,1490.41591000,60,60,False
1649437200000,1649440800000,43433.71000000,43457.18000000,42801.26000000,43004.38000000,3040.57954000,60,60,False
1649440800000,1649444400000,43004.37000000,43320.76000000,42414.00000000,42957.57000000,4995.30505000,60,60,False
1649444400000,1649448000000,42957.56000000,43192.67000000,42657.50000000,42730.84000000,1959.31305000,60,60,False
1649448000000,1649451600000,42730.84000000,42870.70000000,42532.96000000,42798.74000000,1269.49201000,60,60,False
1649451600000,1649455200000,42798.75000000,42862.06000000,42450.88000000,42563.36000000,997.61688000,60,60,False
1649455200000,1649458800000,42563.36000000,42660.03000000,42241.00000000,42300.99000000,1803.83308000,60,60,False
1649458800000,1649462400000,42300.98000000,42370.06000000,42107.14000000,42252.01000000,1518.61759000,60,60,False
1649462400000,1649466000000,42252.02000000,42455.66000000,42160.00000000,42435.02000000,1403.09674000,60,60,False
1649466000000,1649469600000,42435.03000000,42466.87000000,42294.33000000,42433.40000000,748.41319000,60,60,False
1649469600000,1649473200000,42433.40000000,42448.16000000,42160.63000000,42180.00000000,894.66743000,60,60,False
1649473200000,1649476800000,42180.00000000,42439.22000000,42125.48000000,42380.00000000,1000.62984000,60,60,False
1649476800000,1649480400000,42380.00000000,42560.99000000,42341.79000000,42406.82000000,849.16273000,60,60,False
1649480400000,1649484000000,42406.82000000,42640.00000000,42406.01000000,42586.04000000,721.25421000,60,60,False
1649484000000,1649487600000,42586.04000000,42601.84000000,42399.72000000,42440.00000000,606.86637000,60,60,False
1649487600000,1649491200000,42440.01000000,42515.00000000,42364.25000000,42481.09000000,596.68457000,60,60,False
1649491200000,1649494800000,42481.08000000,42509.04000000,42372.54000000,42463.51000000,594.39467000,60,60,False
1649494800000,1649498400000,42463.50000000,42485.44000000,42397.66000000,42443.11000000,475.82385000,60,60,False
1649498400000,1649502000000,42443.11000000,42485.44000000,42322.72000000,42480.56000000,584.01232000,60,60,False
1649502000000,1649505600000,42480.56000000,42540.00000000,42434.36000000,42445.10000000,580.50260000,60,60,False
1649505600000,1649509200000,42445.09000000,42522.44000000,42397.39000000,42506.35000000,707.57097000,60,60,False
1649509200000,1649512800000,42506.34000000,42519.29000000,42445.72000000,42456.86000000,576.52790000,60,60,False
1649512800000,1649516400000,42456.86000000,42500.20000000,42361.01000000,42460.00000000,892.78165000,60,60,False
1649516400000,1649520000000,42459.99000000,42466.91000000,42158.67000000,42260.77000000,1331.57722000,60,60,False
1649520000000,1649523600000,42253.02000000,42522.57000000,42183.60000000,42445.64000000,1228.98827000,60,60,False
1649523600000,1649527200000,42445.65000000,42613.80000000,42410.00000000,42575.67000000,694.01053000,60,60,False
1649527200000,1649530800000,42575.67000000,42631.69000000,42454.62000000,42467.82000000,436.61166000,60,60,False
1649530800000,1649534400000,42467.82000000,42583.90000000,42448.11000000,42511.94000000,609.09460000,60,60,False
1649534400000,1649538000000,42511.95000000,42638.00000000,42423.18000000,42423.18000000,419.45489000,60,60,False
1649538000000,1649541600000,42423.18000000,42584.49000000,42390.00000000,42558.06000000,425.13616000,60,60,False
1649541600000,1649545200000,42558.06000000,42634.88000000,42501.31000000,42543.42000000,439.09087000,60,60,False
1649545200000,1649548800000,42543.42000000,42800.00000000,42488.23000000,42753.97000000,1075.30723000,60,60,False
1649548800000,1649552400000,42753.96000000,42776.62000000,42591.00000000,42632.32000000,609.62172000,60,60,False
1649552400000,1649556000000,42632.31000000,42786.02000000,42597.90000000,42767.23000000,489.67289000,60,60,False
1649556000000,1649559600000,42767.22000000,42896.64000000,42731.10000000,42833.03000000,507.70146000,60,60,False
1649559600000,1649563200000,42833.03000000,42891.91000000,42775.74000000,42785.72000000,507.09099000,60,60,False
1649563200000,1649566800000,42785.72000000,42791.24000000,42706.35000000,42740.86000000,345.20871000,60,60,False
1649566800000,1649570400000,42740.86000000,42799.00000000,42650.00000000,42656.70000000,471.15811000,60,60,False
1649570400000,1649574000000,42656.70000000,42793.21000000,42645.50000000,42785.32000000,439.85009000,60,60,False
1649574000000,1649577600000,42785.33000000,42796.01000000,42575.40000000,42633.59000000,568.83472000,60,60,False
1649577600000,1649581200000,42633.59000000,42716.75000000,42564.20000000,42642.54000000,513.84297000,60,60,False
1649581200000,1649584800000,42642.55000000,42655.94000000,42489.01000000,42523.95000000,630.29251000,60,60,False
1649584800000,1649588400000,42523.94000000,42563.62000000,42433.49000000,42530.00000000,592.10781000,60,60,False
1649588400000,1649592000000,42530.00000000,42715.84000000,42517.01000000,42680.36000000,614.98094000,60,60,False
1649592000000,1649595600000,42680.35000000,42850.00000000,42525.00000000,42590.00000000,1188.11992000,60,60,False
1649595600000,1649599200000,42589.99000000,42663.68000000,42525.44000000,42575.53000000,563.57179000,60,60,False
1649599200000,1649602800000,42575.54000000,42748.08000000,42541.50000000,42698.38000000,647.81139000,60,60,False
1649602800000,1649606400000,42698.38000000,42776.77000000,42650.02000000,42747.47000000,651.20995000,60,60,False
1649606400000,1649610000000,42747.48000000,42799.00000000,42659.64000000,42784.43000000,745.74316000,60,60,False
1649610000000,1649613600000,42784.43000000,43310.15000000,42784.43000000,43103.62000000,2448.37291000,60,60,False
1649613600000,1649617200000,43103.61000000,43258.83000000,43080.00000000,43107.60000000,863.39192000,60,60,False
1649617200000,1649620800000,43107.61000000,43290.00000000,43075.00000000,43235.77000000,645.97898000,60,60,False
1649620800000,1649624400000,43235.77000000,43410.30000000,43101.19000000,43101.23000000,924.48097000,60,60,False
1649624400000,1649628000000,43101.23000000,43198.20000000,42654.93000000,42706.00000000,1103.88956000,60,60,False
1649628000000,1649631600000,42706.71000000,42740.88000000,41868.00000000,42111.94000000,4409.45383000,60,60,False
1649631600000,1649635200000,42111.93000000,42434.51000000,41980.28000000,42158.85000000,2288.70673000,60,60,False
1649635200000,1649638800000,42158.85000000,42394.71000000,41755.00000000,42303.26000000,2724.82272000,60,60,False
1649638800000,1649642400000,42303.26000000,42414.71000000,42153.06000000,42159.32000000,1029.59676000,60,60,False
1649642400000,1649646000000,42159.32000000,42225.77000000,41800.00000000,41929.34000000,3752.11732000,60,60,False
1649646000000,1649649600000,41929.33000000,42148.69000000,41828.74000000,42111.22000000,1326.16362000,60,60,False
1649649600000,1649653200000,42111.21000000,42283.45000000,42084.56000000,42259.43000000,989.29185000,60,60,False
1649653200000,1649656800000,42259.44000000,42312.75000000,42183.50000000,42287.60000000,830.96408000,60,60,False
1649656800000,1649660400000,42287.61000000,42340.09000000,42153.80000000,42250.00000000,824.20199000,60,60,False
1649660400000,1649664000000,42249.99000000,42350.29000000,42161.45000000,42305.75000000,963.65274000,60,60,False
1649664000000,1649667600000,42305.74000000,42350.00000000,42079.56000000,42200.00000000,1452.29216000,60,60,False
1649667600000,1649671200000,42200.00000000,42202.79000000,41392.80000000,41416.22000000,3808.12893000,60,60,False
1649671200000,1649674800000,41416.22000000,41646.55000000,41215.00000000,41595.99000000,4364.96597000,60,60,False
1649674800000,1649678400000,41595.98000000,41595.99000000,40968.11000000,41067.63000000,4229.29764000,60,60,False
1649678400000,1649682000000,41067.64000000,41246.61000000,40916.01000000,41145.46000000,2739.34023000,60,60,False
1649682000000,1649685600000,41145.45000000,41184.00000000,40684.80000000,41141.13000000,4059.87941000,60,60,False
1649685600000,1649689200000,41141.13000000,41220.90000000,40716.37000000,40803.87000000,2705.43168000,60,60,False
1649689200000,1649692800000,40803.86000000,40989.99000000,40560.00000000,40581.51000000,2062.39390000,60,60,False
1649692800000,1649696400000,40581.52000000,40832.55000000,40485.12000000,40764.79000000,3114.81231000,60,60,False
1649696400000,1649700000000,40764.79000000,40896.83000000,40250.00000000,40459.07000000,3270.42247000,60,60,False
1649700000000,1649703600000,40459.07000000,40520.45000000,40238.00000000,40509.98000000,1441.60443000,60,60,False
1649703600000,1649707200000,40509.97000000,40598.43000000,39770.35000000,39985.33000000,5230.21519000,60,60,False
1649707200000,1649710800000,39985.34000000,40269.60000000,39500.00000000,39838.26000000,4362.21223000,60,60,False
1649710800000,1649714400000,39838.26000000,39916.45000000,39275.68000000,39395.29000000,2737.45528000,60,60,False
1649714400000,1649718000000,39395.29000000,39978.62000000,39200.00000000,39766.39000000,3367.38574000,60,60,False
1649718000000,1649721600000,39766.39000000,39840.39000000,39372.35000000,39530.45000000,2173.79856000,60,60,False
1649721600000,1649725200000,39530.45000000,39852.95000000,39357.64000000,39544.31000000,3026.11925000,60,60,False
1649725200000,1649728800000,39544.32000000,39727.80000000,39408.16000000,39504.54000000,2077.08447000,60,60,False
1649728800000,1649732400000,39504.54000000,39550.48000000,39290.00000000,39490.00000000,1836.21963000,60,60,False
1649732400000,1649736000000,39489.99000000,39750.01000000,39478.73000000,39747.13000000,1654.82549000,60,60,False
1649736000000,1649739600000,39747.14000000,39950.00000000,39624.71000000,39921.19000000,2169.61794000,60,60,False
1649739600000,1649743200000,39921.18000000,40145.00000000,39870.71000000,40105.78000000,2447.21004000,60,60,False
1649743200000,1649746800000,40105.78000000,40186.36000000,39834.98000000,39935.23000000,2016.83778000,60,60,False
1649746800000,1649750400000,39935.24000000,40196.39000000,39866.31000000,40183.97000000,2746.76562000,60,60,False
1649750400000,1649754000000,40183.97000000,40344.60000000,40108.31000000,40182.03000000,2076.09475000,60,60,False
1649754000000,1649757600000,40182.02000000,40245.48000000,40016.09000000,40212.26000000,1472.44762000,60,60,False
1649757600000,1649761200000,40212.25000000,40273.24000000,40094.66000000,40149.99000000,1387.97695000,60,60,False
1649761200000,1649764800000,40150.00000000,40464.00000000,40105.00000000,40378.00000000,1985.98708000,60,60,False
1649764800000,1649768400000,40378.00000000,40699.00000000,40196.48000000,40618.37000000,5896.31434000,60,60,False
1649768400000,1649772000000,40618.37000000,40627.48000000,40154.99000000,40401.03000000,4269.32189000,60,60,False
1649772000000,1649775600000,40401.03000000,40436.31000000,39800.00000000,39990.39000000,3856.30400000,60,60,False
1649775600000,1649779200000,39990.38000000,40370.00000000,39959.21000000,40179.13000000,2422.61727000,60,60,False
1649779200000,1649782800000,40179.12000000,40376.80000000,39922.98000000,40097.23000000,2470.46725000,60,60,False
1649782800000,1649786400000,40097.23000000,40227.03000000,39940.02000000,40014.72000000,1921.53762000,60,60,False
1649786400000,1649790000000,40014.71000000,40056.52000000,39632.00000000,39667.85000000,2529.40412000,60,60,False
1649790000000,1649793600000,39667.85000000,39721.70000000,39261.39000000,39303.10000000,3111.24907000,60,60,False
1649793600000,1649797200000,39303.10000000,39597.94000000,39254.63000000,39519.99000000,1716.66943000,60,60,False
1649797200000,1649800800000,39519.99000000,39750.15000000,39473.91000000,39693.79000000,1252.26075000,60,60,False
1649800800000,1649804400000,39693.80000000,39927.00000000,39555.51000000,39827.96000000,1626.56329000,60,60,False
1649804400000,1649808000000,39827.97000000,40289.02000000,39819.00000000,40074.94000000,1781.12213000,60,60,False
1649808000000,1649811600000,40074.95000000,40189.00000000,39892.43000000,39936.17000000,1168.21926000,60,60,False
1649811600000,1649815200000,39936.17000000,39936.17000000,39588.54000000,39882.90000000,1514.99829000,60,60,False
1649815200000,1649818800000,39882.90000000,40189.27000000,39706.19000000,40059.14000000,1295.71610000,60,60,False
1649818800000,1649822400000,40059.15000000,40275.00000000,40013.79000000,40076.05000000,954.46905000,60,60,False
1649822400000,1649826000000,40076.05000000,40142.60000000,39931.51000000,40134.51000000,672.83924000,60,60,False
1649826000000,1649829600000,40134.50000000,40211.90000000,40063.51000000,40187.90000000,763.44194000,60,60,False
1649829600000,1649833200000,40187.89000000,40228.41000000,39858.34000000,39958.45000000,984.30171000,60,60,False
1649833200000,1649836800000,39958.44000000,40226.07000000,39910.07000000,40130.00000000,1293.85167000,60,60,False
1649836800000,1649840400000,40129.99000000,40200.03000000,40005.00000000,40162.32000000,1092.54646000,60,60,False
1649840400000,1649844000000,40162.32000000,40212.75000000,40029.86000000,40079.99000000,918.60258000,60,60,False
1649844000000,1649847600000,40080.00000000,40142.11000000,39728.59000000,39808.11000000,1421.31832000,60,60,False
1649847600000,1649851200000,39808.10000000,39990.00000000,39656.10000000,39722.64000000,1437.29346000,60,60,False
1649851200000,1649854800000,39722.63000000,39935.30000000,39648.78000000,39700.01000000,1843.98930000,60,60,False
1649854800000,1649858400000,39700.01000000,40569.99000000,39622.87000000,40521.75000000,4002.65579000,60,60,False
1649858400000,1649862000000,40521.75000000,40957.00000000,40365.00000000,40642.10000000,4840.88732000,60,60,False
1649862000000,1649865600000,40642.10000000,41411.00000000,40640.00000000,41158.18000000,4436.77629000,60,60,False
1649865600000,1649869200000,41158.18000000,41347.69000000,40938.14000000,41005.58000000,2487.51173000,60,60,False
1649869200000,1649872800000,41005.59000000,41141.57000000,40829.00000000,41043.91000000,2550.19169000,60,60,False
1649872800000,1649876400000,41043.91000000,41374.20000000,40990.62000000,41363.01000000,1420.36184000,60,60,False
1649876400000,1649880000000,41363.01000000,41561.31000000,41024.49000000,41059.30000000,2088.32850000,60,60,False
1649880000000,1649883600000,41059.31000000,41319.86000000,41000.00000000,41241.16000000,1093.07359000,60,60,False
1649883600000,1649887200000,41241.17000000,41337.00000000,41080.01000000,41219.72000000,687.31731000,60,60,False
1649887200000,1649890800000,41219.73000000,41404.58000000,41151.71000000,41279.05000000,1099.34099000,60,60,False
1649890800000,1649894400000,41279.04000000,41340.00000000,41075.04000000,41147.79000000,1274.24011000,60,60,False
1649894400000,1649898000000,41147.78000000,41272.19000000,41064.35000000,41186.23000000,1275.32515000,60,60,False
1649898000000,1649901600000,41186.22000000,41500.00000000,41177.94000000,41470.01000000,1489.01258000,60,60,False
1649901600000,1649905200000,41470.00000000,41473.24000000,41347.58000000,41419.99000000,1016.68136000,60,60,False
1649905200000,1649908800000,41420.00000000,41450.00000000,41271.08000000,41320.00000000,1036.40448000,60,60,False
1649908800000,1649912400000,41320.00000000,41413.11000000,41230.56000000,41290.81000000,975.51404000,60,60,False
1649912400000,1649916000000,41290.81000000,41343.62000000,41242.97000000,41308.44000000,551.62149000,60,60,False
1649916000000,1649919600000,41308.45000000,41332.70000000,41161.12000000,41195.39000000,947.46841000,60,60,False
1649919600000,1649923200000,41195.39000000,41360.00000000,41156.90000000,41271.66000000,934.16859000,60,60,False
1649923200000,1649926800000,41271.66000000,41324.93000000,41165.00000000,41172.72000000,1020.29445000,60,60,False
1649926800000,1649930400000,41172.72000000,41218.70000000,40973.51000000,41186.69000000,1661.27352000,60,60,False
1649930400000,1649934000000,41186.70000000,41225.00000000,40941.69000000,40946.47000000,1601.70113000,60,60,False
1649934000000,1649937600000,40946.47000000,41070.76000000,40851.50000000,40919.99000000,1222.59425000,60,60,False
1649937600000,1649941200000,40919.99000000,41186.90000000,40873.66000000,41149.98000000,1754.23484000,60,60,False
1649941200000,1649944800000,41149.98000000,41300.00000000,40516.48000000,40605.62000000,3760.42470000,60,60,False
1649944800000,1649948400000,40605.63000000,40659.82000000,40310.41000000,40435.04000000,3552.21665000,60,60,False
1649948400000,1649952000000,40435.03000000,40483.66000000,39925.21000000,39964.02000000,3229.43185000,60,60,False
1649952000000,1649955600000,39964.01000000,40069.00000000,39772.58000000,39951.10000000,3049.26909000,60,60,False
1649955600000,1649959200000,39951.11000000,40060.05000000,39842.00000000,39986.83000000,1440.41784000,60,60,False
1649959200000,1649962800000,39986.84000000,40028.94000000,39626.06000000,39659.00000000,1719.77026000,60,60,False
1649962800000,1649966400000,39658.99000000,39847.79000000,39551.94000000,39775.82000000,1463.19751000,60,60,False
1649966400000,1649970000000,39775.81000000,39910.00000000,39662.46000000,39909.99000000,1191.67137000,60,60,False
1649970000000,1649973600000,39909.99000000,40000.00000000,39861.31000000,39970.00000000,629.27941000,60,60,False
1649973600000,1649977200000,39969.99000000,40017.26000000,39806.25000000,39843.71000000,877.56531000,60,60,False
1649977200000,1649980800000,39843.71000000,39946.94000000,39828.95000000,39942.38000000,407.47573000,60,60,False
1649980800000,1649984400000,39942.37000000,40180.00000000,39766.40000000,39859.99000000,1357.42561000,60,60,False
1649984400000,1649988000000,39859.99000000,39978.66000000,39833.87000000,39941.00000000,940.72787000,60,60,False
1649988000000,1649991600000,39941.01000000,40075.35000000,39909.06000000,40017.20000000,642.37189000,60,60,False
1649991600000,1649995200000,40017.19000000,40207.25000000,40000.00000000,40200.94000000,829.28757000,60,60,False
1649995200000,1649998800000,40200.95000000,40266.47000000,40062.61000000,40103.26000000,784.39545000,60,60,False
1649998800000,1650002400000,40103.25000000,40214.59000000,40081.41000000,40132.73000000,719.80807000,60,60,False
1650002400000,1650006000000,40132.74000000,40164.19000000,39967.72000000,40040.00000000,766.75630000,60,60,False
1650006000000,1650009600000,40040.00000000,40449.96000000,39953.20000000,40239.43000000,1858.30014000,60,60,False
1650009600000,1650013200000,40239.43000000,40396.59000000,40100.00000000,40153.97000000,1633.77665000,60,60,False
1650013200000,1650016800000,40153.98000000,40194.67000000,40036.06000000,40112.16000000,774.88876000,60,60,False
1650016800000,1650020400000,40112.17000000,40399.00000000,40087.47000000,40268.24000000,1032.42238000,60,60,False
1650020400000,1650024000000,40268.23000000,40363.01000000,40100.00000000,40220.00000000,870.47033000,60,60,False
1650024000000,1650027600000,40220.00000000,40258.26000000,40106.54000000,40149.99000000,754.45673000,60,60,False
1650027600000,1650031200000,40150.00000000,40234.81000000,40010.20000000,40039.87000000,1166.26078000,60,60,False
1650031200000,1650034800000,40039.87000000,40870.36000000,39900.00000000,40450.00000000,2711.56276000,60,60,False
1650034800000,1650038400000,40450.00000000,40578.16000000,40354.54000000,40412.20000000,1614.52281000,60,60,False
1650038400000,1650042000000,40412.21000000,40449.23000000,40203.68000000,40383.09000000,1206.55006000,60,60,False
1650042000000,1650045600000,40383.10000000,40650.01000000,40356.71000000,40436.01000000,1323.42996000,60,60,False
1650045600000,1650049200000,40436.01000000,40472.25000000,40360.14000000,40388.11000000,598.67288000,60,60,False
1650049200000,1650052800000,40388.11000000,40395.50000000,40276.00000000,40313.35000000,581.56669000,60,60,False
1650052800000,1650056400000,40313.35000000,40403.26000000,40281.35000000,40396.69000000,412.66455000,60,60,False
1650056400000,1650060000000,40396.70000000,40465.00000000,40362.37000000,40426.00000000,387.30679000,60,60,False
1650060000000,1650063600000,40425.99000000,40504.67000000,40341.12000000,40467.48000000,558.36510000,60,60,False
1650063600000,1650067200000,40467.48000000,40602.00000000,40420.00000000,40551.90000000,500.36726000,60,60,False
1650067200000,1650070800000,40551.90000000,40573.68000000,40468.25000000,40560.00000000,548.17832000,60,60,False
1650070800000,1650074400000,40560.00000000,40709.35000000,40525.67000000,40579.99000000,656.88441000,60,60,False
1650074400000,1650078000000,40579.99000000,40595.02000000,40499.70000000,40522.34000000,502.06116000,60,60,False
1650078000000,1650081600000,40522.34000000,40522.34000000,40410.75000000,40434.12000000,563.82673000,60,60,False
1650081600000,1650085200000,40434.11000000,40563.46000000,40417.29000000,40539.47000000,518.75393000,60,60,False
1650085200000,1650088800000,40539.46000000,40539.47000000,40373.91000000,40456.82000000,531.50506000,60,60,False
1650088800000,1650092400000,40456.82000000,40456.82000000,40367.50000000,40419.52000000,402.69155000,60,60,False
1650092400000,1650096000000,40419.52000000,40450.00000000,40353.54000000,40393.77000000,467.82541000,60,60,False
1650096000000,1650099600000,40393.77000000,40447.71000000,40344.92000000,40369.99000000,443.87433000,60,60,False
1650099600000,1650103200000,40370.00000000,40414.58000000,40277.00000000,40328.79000000,825.48297000,60,60,False
1650103200000,1650106800000,40328.80000000,40484.70000000,40310.05000000,40413.91000000,712.24734000,60,60,False
1650106800000,1650110400000,40413.91000000,40492.91000000,40390.55000000,40416.95000000,686.41342000,60,60,False
1650110400000,1650114000000,40416.94000000,40472.01000000,40341.83000000,40449.11000000,756.47976000,60,60,False
1650114000000,1650117600000,40449.10000000,40461.73000000,40377.00000000,40438.15000000,579.16652000,60,60,False
1650117600000,1650121200000,40438.16000000,40505.52000000,40400.00000000,40493.32000000,497.09589000,60,60,False
1650121200000,1650124800000,40493.31000000,40577.57000000,39991.55000000,40062.68000000,2329.14942000,60,60,False
1650124800000,1650128400000,40062.67000000,40236.01000000,40005.78000000,40203.33000000,763.54151000,60,60,False
1650128400000,1650132000000,40203.33000000,40236.01000000,40096.40000000,40153.00000000,447.04961000,60,60,False
1650132000000,1650135600000,40152.99000000,40197.42000000,40106.98000000,40183.90000000,305.51699000,60,60,False
1650135600000,1650139200000,40183.91000000,40250.00000000,40170.00000000,40210.00000000,442.46418000,60,60,False
1650139200000,1650142800000,40210.01000000,40394.39000000,40185.45000000,40280.00000000,415.06685000,60,60,False
1650142800000,1650146400000,40280.00000000,40600.00000000,40280.00000000,40485.28000000,703.25763000,60,60,False
1650146400000,1650150000000,40485.28000000,40699.55000000,40392.50000000,40405.86000000,1271.72769000,60,60,False
1650150000000,1650153600000,40405.85000000,40499.00000000,40360.11000000,40378.71000000,435.18650000,60,60,False
1650153600000,1650157200000,40378.70000000,40413.14000000,40300.84000000,40374.13000000,505.34015000,60,60,False
1650157200000,1650160800000,40374.13000000,40423.00000000,40326.87000000,40387.43000000,240.24556000,60,60,False
1650160800000,1650164400000,40387.44000000,40387.44000000,40122.05000000,40166.93000000,693.66937000,60,60,False
1650164400000,1650168000000,40166.93000000,40295.00000000,40124.99000000,40230.86000000,434.99368000,60,60,False
1650168000000,1650171600000,40230.87000000,40340.00000000,40226.55000000,40282.58000000,291.55063000,60,60,False
1650171600000,1650175200000,40282.58000000,40430.00000000,40253.10000000,40364.48000000,325.65266000,60,60,False
1650175200000,1650178800000,40364.47000000,40391.71000000,40311.66000000,40323.16000000,358.55481000,60,60,False
1650178800000,1650182400000,40323.15000000,40359.74000000,40234.79000000,40285.15000000,337.17292000,60,60,False
1650182400000,1650186000000,40285.15000000,40424.01000000,40280.00000000,40390.16000000,573.22600000,60,60,False
1650186000000,1650189600000,40390.15000000,40529.79000000,40390.15000000,40419.82000000,688.77151000,60,60,False
1650189600000,1650193200000,40419.82000000,40461.64000000,40377.77000000,40412.88000000,396.17757000,60,60,False
1650193200000,1650196800000,40412.89000000,40485.00000000,40363.60000000,40464.77000000,502.42203000,60,60,False
1650196800000,1650200400000,40464.77000000,40490.88000000,40366.98000000,40421.72000000,437.96495000,60,60,False
1650200400000,1650204000000,40421.72000000,40595.67000000,40250.02000000,40306.56000000,1647.94177000,60,60,False
1650204000000,1650207600000,40306.53000000,40421.15000000,40200.00000000,40359.19000000,804.50541000,60,60,False
1650207600000,1650211200000,40359.19000000,40485.82000000,40321.92000000,40445.30000000,645.51978000,60,60,False
1650211200000,1650214800000,40445.30000000,40476.07000000,40125.89000000,40200.01000000,996.43042000,60,60,False
1650214800000,1650218400000,40200.00000000,40276.00000000,40050.00000000,40101.72000000,926.98236000,60,60,False
1650218400000,1650222000000,40101.72000000,40160.00000000,39833.31000000,40119.99000000,1660.56701000,60,60,False
1650222000000,1650225600000,40119.99000000,40450.00000000,40087.19000000,40370.46000000,1028.90747000,60,60,False
1650225600000,1650229200000,40370.46000000,40459.52000000,40232.62000000,40263.19000000,734.27847000,60,60,False
1650229200000,1650232800000,40263.19000000,40285.56000000,40127.00000000,40208.14000000,587.11214000,60,60,False
1650232800000,1650236400000,40208.15000000,40340.22000000,39932.66000000,40000.00000000,1788.05433000,60,60,False
1650236400000,1650240000000,39999.99000000,40002.97000000,39546.17000000,39678.12000000,3382.45159000,60,60,False
1650240000000,1650243600000,39678.11000000,39784.98000000,39580.05000000,39732.92000000,1597.81786000,60,60,False
1650243600000,1650247200000,39732.92000000,39828.62000000,39667.63000000,39752.13000000,936.15216000,60,60,False
1650247200000,1650250800000,39752.13000000,39838.45000000,39721.24000000,39796.91000000,836.60540000,60,60,False
1650250800000,1650254400000,39796.91000000,39896.98000000,39743.64000000,39813.17000000,694.52326000,60,60,False
1650254400000,1650258000000,39813.17000000,39847.24000000,38673.18000000,38819.06000000,5910.36415000,60,60,False
1650258000000,1650261600000,38819.07000000,38986.20000000,38536.51000000,38922.21000000,2664.91735000,60,60,False
1650261600000,1650265200000,38922.21000000,39070.05000000,38883.88000000,38980.39000000,1252.17316000,60,60,False
1650265200000,1650268800000,38980.40000000,39068.96000000,38791.73000000,38919.85000000,1801.61014000,60,60,False
1650268800000,1650272400000,38919.85000000,39064.97000000,38851.57000000,38874.87000000,1140.00086000,60,60,False
1650272400000,1650276000000,38874.87000000,38990.89000000,38799.00000000,38976.39000000,1362.37489000,60,60,False
1650276000000,1650279600000,38976.39000000,39138.49000000,38920.62000000,38923.98000000,1290.77413000,60,60,False
1650279600000,1650283200000,38923.98000000,39107.99000000,38923.98000000,38998.54000000,1136.99587000,60,60,False
1650283200000,1650286800000,38998.54000000,39529.77000000,38998.54000000,39400.02000000,2598.94732000,60,60,False
1650286800000,1650290400000,39400.01000000,39620.80000000,39233.13000000,39326.13000000,3524.72302000,60,60,False
1650290400000,1650294000000,39326.13000000,39569.92000000,39302.15000000,39340.00000000,2647.31019000,60,60,False
1650294000000,1650297600000,39340.00000000,39370.00000000,39122.78000000,39254.50000000,1857.04882000,60,60,False
1650297600000,1650301200000,39254.50000000,39622.15000000,39000.00000000,39464.46000000,2649.34546000,60,60,False
1650301200000,1650304800000,39464.46000000,40370.80000000,39463.21000000,40211.03000000,6018.08022000,60,60,False
1650304800000,1650308400000,40211.03000000,41116.73000000,40211.03000000,40646.01000000,6382.58595000,60,60,False
1650308400000,1650312000000,40646.01000000,40747.02000000,40421.67000000,40680.68000000,2392.74189000,60,60,False
1650312000000,1650315600000,40680.68000000,40909.08000000,40632.51000000,40664.26000000,1637.34137000,60,60,False
1650315600000,1650319200000,40664.25000000,41099.00000000,40664.25000000,40801.30000000,1731.31620000,60,60,False
1650319200000,1650322800000,40801.29000000,40949.93000000,40710.00000000,40923.74000000,976.57394000,60,60,False
1650322800000,1650326400000,40923.75000000,40972.77000000,40721.25000000,40801.13000000,1203.17214000,60,60,False
1650326400000,1650330000000,40801.13000000,41263.43000000,40792.45000000,40880.79000000,2760.44917000,60,60,False
1650330000000,1650333600000,40880.79000000,40935.96000000,40699.09000000,40750.05000000,829.52749000,60,60,False
1650333600000,1650337200000,40750.05000000,40764.92000000,40601.00000000,40611.00000000,943.03519000,60,60,False
1650337200000,1650340800000,40611.01000000,40790.85000000,40609.30000000,40693.79000000,1045.17887000,60,60,False
1650340800000,1650344400000,40693.79000000,40883.99000000,40658.15000000,40864.27000000,894.52211000,60,60,False
1650344400000,1650348000000,40864.27000000,40877.50000000,40649.15000000,40660.96000000,644.49310000,60,60,False
1650348000000,1650351600000,40660.96000000,40805.69000000,40660.96000000,40711.60000000,696.79506000,60,60,False
1650351600000,1650355200000,40711.61000000,40750.00000000,40571.00000000,40683.14000000,1022.86614000,60,60,False
1650355200000,1650358800000,40683.13000000,40854.82000000,40666.90000000,40725.91000000,939.91756000,60,60,False
1650358800000,1650362400000,40725.91000000,40768.42000000,40580.00000000,40665.40000000,1032.06058000,60,60,False
1650362400000,1650366000000,40665.40000000,40815.87000000,40636.74000000,40795.62000000,1102.04205000,60,60,False
1650366000000,1650369600000,40795.61000000,41026.89000000,40665.05000000,40687.30000000,1361.26984000,60,60,False
1650369600000,1650373200000,40687.30000000,41104.00000000,40662.26000000,40975.11000000,1843.39091000,60,60,False
1650373200000,1650376800000,40975.12000000,41472.34000000,40841.65000000,41451.52000000,4784.33766000,60,60,False
1650376800000,1650380400000,41451.52000000,41687.14000000,41380.50000000,41565.91000000,3945.51147000,60,60,False
1650380400000,1650384000000,41565.92000000,41760.00000000,41371.81000000,41445.87000000,2627.42342000,60,60,False
1650384000000,1650387600000,41445.88000000,41546.63000000,41236.55000000,41342.26000000,2102.87183000,60,60,False
1650387600000,1650391200000,41342.25000000,41370.01000000,41167.92000000,41345.63000000,1420.25709000,60,60,False
1650391200000,1650394800000,41345.63000000,41503.76000000,41312.31000000,41400.55000000,1132.24277000,60,60,False
1650394800000,1650398400000,41400.56000000,41547.65000000,41362.02000000,41417.24000000,1340.95499000,60,60,False
1650398400000,1650402000000,41417.23000000,41417.25000000,41212.94000000,41293.15000000,1157.40014000,60,60,False
1650402000000,1650405600000,41293.15000000,41391.24000000,41260.00000000,41313.07000000,609.70504000,60,60,False
1650405600000,1650409200000,41313.08000000,41460.52000000,41265.86000000,41395.39000000,702.11000000,60,60,False
1650409200000,1650412800000,41395.38000000,41539.90000000,41395.38000000,41493.18000000,850.49595000,60,60,False
1650412800000,1650416400000,41493.19000000,41541.23000000,41250.26000000,41295.37000000,1226.31947000,60,60,False
1650416400000,1650420000000,41295.37000000,41385.72000000,41229.96000000,41351.39000000,647.12059000,60,60,False
1650420000000,1650423600000,41351.39000000,41399.00000000,41311.69000000,41372.13000000,875.53208000,60,60,False
1650423600000,1650427200000,41372.13000000,41394.75000000,41296.01000000,41386.14000000,892.34588000,60,60,False
1650427200000,1650430800000,41386.14000000,41396.67000000,41261.58000000,41337.09000000,892.73771000,60,60,False
1650430800000,1650434400000,41337.09000000,41446.28000000,41290.00000000,41443.99000000,1146.59102000,60,60,False
1650434400000,1650438000000,41443.99000000,41472.34000000,41383.02000000,41472.34000000,909.11247000,60,60,False
1650438000000,1650441600000,41472.33000000,41631.47000000,41291.88000000,41340.05000000,1793.86028000,60,60,False
1650441600000,1650445200000,41340.04000000,41520.00000000,41302.02000000,41477.51000000,1178.59868000,60,60,False
1650445200000,1650448800000,41477.52000000,41720.00000000,41452.54000000,41540.01000000,1401.51165000,60,60,False
1650448800000,1650452400000,41540.01000000,41892.89000000,41448.35000000,41821.38000000,2889.19698000,60,60,False
1650452400000,1650456000000,41821.37000000,42199.00000000,41712.76000000,42090.00000000,3650.31306000,60,60,False
1650456000000,1650459600000,42090.01000000,42173.38000000,41943.55000000,42102.57000000,2209.03836000,60,60,False
1650459600000,1650463200000,42102.57000000,42110.07000000,41388.11000000,41591.55000000,3905.96200000,60,60,False
1650463200000,1650466800000,41591.54000000,41756.49000000,41509.01000000,41549.13000000,2558.77015000,60,60,False
1650466800000,1650470400000,41549.13000000,41559.99000000,41054.10000000,41261.73000000,3504.19188000,60,60,False
1650470400000,1650474000000,41261.72000000,41438.51000000,41037.11000000,41371.85000000,2082.06070000,60,60,False
1650474000000,1650477600000,41371.85000000,41452.46000000,41283.61000000,41370.25000000,1341.44451000,60,60,False
1650477600000,1650481200000,41370.26000000,41370.26000000,40820.00000000,40965.95000000,2102.38273000,60,60,False
1650481200000,1650484800000,40965.94000000,41269.79000000,40938.06000000,41193.89000000,1609.14556000,60,60,False
1650484800000,1650488400000,41193.89000000,41434.88000000,41140.00000000,41413.27000000,1222.81044000,60,60,False
1650488400000,1650492000000,41413.27000000,41645.09000000,41371.33000000,41496.45000000,1087.85810000,60,60,False
1650492000000,1650495600000,41496.45000000,41616.89000000,41431.00000000,41467.66000000,1005.58613000,60,60,False
1650495600000,1650499200000,41467.65000000,41483.53000000,41286.53000000,41358.19000000,744.85998000,60,60,False
1650499200000,1650502800000,41358.19000000,41569.04000000,41320.47000000,41528.10000000,1090.87219000,60,60,False
1650502800000,1650506400000,41528.10000000,41785.48000000,41468.61000000,41674.49000000,1373.61786000,60,60,False
1650506400000,1650510000000,41674.48000000,41723.84000000,41567.42000000,41623.24000000,903.41797000,60,60,False
1650510000000,1650513600000,41623.24000000,41711.71000000,41551.68000000,41693.58000000,861.17131000,60,60,False
1650513600000,1650517200000,41693.58000000,41750.00000000,41525.00000000,41610.01000000,1138.64337000,60,60,False
1650517200000,1650520800000,41610.01000000,41699.00000000,41434.44000000,41462.76000000,1229.25936000,60,60,False
1650520800000,1650524400000,41462.75000000,41600.00000000,41419.20000000,41522.38000000,1049.71244000,60,60,False
1650524400000,1650528000000,41522.38000000,41940.00000000,41451.00000000,41855.69000000,1928.48091000,60,60,False
1650528000000,1650531600000,41855.69000000,42050.30000000,41741.10000000,41922.97000000,2518.04090000,60,60,False
1650531600000,1650535200000,41922.96000000,41971.90000000,41743.96000000,41803.70000000,1655.76993000,60,60,False
1650535200000,1650538800000,41803.70000000,42470.00000000,41782.71000000,42254.13000000,4751.66160000,60,60,False
1650538800000,1650542400000,42254.13000000,42690.00000000,42240.00000000,42440.00000000,3535.31476000,60,60,False
1650542400000,1650546000000,42440.01000000,42779.99000000,42343.97000000,42666.02000000,3379.88615000,60,60,False
1650546000000,1650549600000,42666.03000000,42976.00000000,42607.60000000,42693.00000000,4401.61058000,60,60,False
1650549600000,1650553200000,42693.00000000,42708.27000000,42415.63000000,42498.41000000,2706.33571000,60,60,False
1650553200000,1650556800000,42498.41000000,42568.75000000,42085.65000000,42135.33000000,3509.94007000,60,60,False
1650556800000,1650560400000,42135.34000000,42184.04000000,41814.92000000,41814.92000000,2864.46072000,60,60,False
1650560400000,1650564000000,41814.92000000,41927.56000000,41487.58000000,41554.00000000,3225.02027000,60,60,False
1650564000000,1650567600000,41554.00000000,41670.21000000,41393.68000000,41462.09000000,1936.30782000,60,60,False
1650567600000,1650571200000,41462.10000000,41555.16000000,41207.22000000,41218.81000000,2372.25302000,60,60,False
1650571200000,1650574800000,41218.82000000,41309.67000000,40541.56000000,40609.25000000,4030.09473000,60,60,False
1650574800000,1650578400000,40609.26000000,40846.14000000,40557.32000000,40726.46000000,1535.30332000,60,60,False
1650578400000,1650582000000,40726.46000000,40815.60000000,39751.00000000,40412.01000000,5472.90173000,60,60,False
1650582000000,1650585600000,40412.00000000,40561.63000000,40323.58000000,40480.01000000,1846.19985000,60,60,False
1650585600000,1650589200000,40480.01000000,40658.19000000,40232.63000000,40427.23000000,2936.59285000,60,60,False
1650589200000,1650592800000,40427.23000000,40565.22000000,40312.91000000,40501.22000000,1741.23287000,60,60,False
1650592800000,1650596400000,40501.23000000,40638.98000000,40425.31000000,40486.19000000,1476.82464000,60,60,False
1650596400000,1650600000000,40486.19000000,40634.49000000,40447.16000000,40502.11000000,1198.29783000,60,60,False
1650600000000,1650603600000,40502.10000000,40635.00000000,40458.12000000,40628.73000000,951.05621000,60,60,False
1650603600000,1650607200000,40628.74000000,40730.15000000,40596.69000000,40669.26000000,1307.07653000,60,60,False
1650607200000,1650610800000,40669.26000000,40795.06000000,40625.94000000,40678.09000000,964.70904000,60,60,False
1650610800000,1650614400000,40678.10000000,40788.19000000,40293.00000000,40709.59000000,2736.35765000,60,60,False
1650614400000,1650618000000,40709.60000000,40783.54000000,40352.69000000,40407.33000000,1922.06783000,60,60,False
1650618000000,1650621600000,40407.33000000,40476.63000000,40200.00000000,40298.26000000,1989.30313000,60,60,False
1650621600000,1650625200000,40298.26000000,40498.00000000,40138.03000000,40459.92000000,1644.75512000,60,60,False
1650625200000,1650628800000,40459.92000000,40600.00000000,40429.67000000,40585.54000000,1162.36968000,60,60,False
1650628800000,1650632400000,40585.54000000,40618.69000000,40362.06000000,40409.49000000,1190.06478000,60,60,False
1650632400000,1650636000000,40409.48000000,40640.00000000,40050.00000000,40244.96000000,3660.30415000,60,60,False
1650636000000,1650639600000,40244.96000000,40448.31000000,39804.72000000,39867.00000000,3796.87953000,60,60,False
1650639600000,1650643200000,39866.99000000,40012.70000000,39320.02000000,39433.60000000,5080.01325000,60,60,False
1650643200000,1650646800000,39433.60000000,39531.43000000,39177.00000000,39382.80000000,3376.04520000,60,60,False
1650646800000,1650650400000,39382.79000000,39536.51000000,39296.20000000,39340.61000000,1617.72150000,60,60,False
1650650400000,1650654000000,39340.61000000,39652.26000000,39203.52000000,39525.29000000,2113.77894000,60,60,False
1650654000000,1650657600000,39525.28000000,39786.62000000,39418.95000000,39502.92000000,2082.05792000,60,60,False
1650657600000,1650661200000,39502.92000000,39624.52000000,39401.00000000,39623.54000000,1050.80485000,60,60,False
1650661200000,1650664800000,39623.53000000,39710.00000000,39541.59000000,39615.22000000,776.51445000,60,60,False
1650664800000,1650668400000,39615.22000000,39750.00000000,39433.73000000,39711.22000000,1055.61156000,60,60,False
1650668400000,1650672000000,39711.22000000,39835.23000000,39663.12000000,39709.18000000,833.58009000,60,60,False
1650672000000,1650675600000,39709.19000000,39872.64000000,39557.21000000,39566.45000000,1225.39450000,60,60,False
1650675600000,1650679200000,39566.46000000,39699.00000000,39564.14000000,39608.78000000,679.47072000,60,60,False
1650679200000,1650682800000,39608.78000000,39611.31000000,39429.31000000,39495.49000000,701.84000000,60,60,False
1650682800000,1650686400000,39495.48000000,39553.01000000,39406.25000000,39463.02000000,817.71652000,60,60,False
1650686400000,1650690000000,39463.01000000,39567.60000000,39285.00000000,39533.62000000,1329.06777000,60,60,False
1650690000000,1650693600000,39533.62000000,39627.18000000,39508.36000000,39570.00000000,836.01507000,60,60,False
1650693600000,1650697200000,39570.00000000,39687.77000000,39549.21000000,39588.25000000,776.46869000,60,60,False
1650697200000,1650700800000,39588.25000000,39654.24000000,39551.59000000,39600.98000000,685.77740000,60,60,False
1650700800000,1650704400000,39600.98000000,39686.64000000,39535.05000000,39639.22000000,715.38987000,60,60,False
1650704400000,1650708000000,39639.21000000,39653.96000000,39501.41000000,39520.82000000,707.09540000,60,60,False
1650708000000,1650711600000,39520.82000000,39661.37000000,39520.81000000,39600.28000000,910.92404000,60,60,False
1650711600000,1650715200000,39600.28000000,39684.00000000,39580.00000000,39602.93000000,813.41329000,60,60,False
1650715200000,1650718800000,39602.93000000,39777.77000000,39535.22000000,39695.13000000,1111.22549000,60,60,False
1650718800000,1650722400000,39695.12000000,39797.37000000,39642.79000000,39703.86000000,1143.72614000,60,60,False
1650722400000,1650726000000,39703.86000000,39758.93000000,39645.00000000,39715.31000000,574.13078000,60,60,False
1650726000000,1650729600000,39715.31000000,39820.62000000,39664.10000000,39792.65000000,810.04111000,60,60,False
1650729600000,1650733200000,39792.65000000,39980.00000000,39715.96000000,39828.68000000,1703.93767000,60,60,False
1650733200000,1650736800000,39828.68000000,39832.89000000,39710.02000000,39815.89000000,744.22201000,60,60,False
1650736800000,1650740400000,39815.88000000,39839.99000000,39658.09000000,39683.92000000,501.91997000,60,60,False
1650740400000,1650744000000,39683.91000000,39777.03000000,39666.02000000,39755.32000000,466.97089000,60,60,False
1650744000000,1650747600000,39755.31000000,39822.95000000,39748.74000000,39794.24000000,461.52787000,60,60,False
1650747600000,1650751200000,39794.23000000,39948.27000000,39778.93000000,39895.00000000,428.53398000,60,60,False
1650751200000,1650754800000,39895.01000000,39928.04000000,39786.08000000,39816.37000000,460.78042000,60,60,False
1650754800000,1650758400000,39816.36000000,39820.81000000,39327.58000000,39441.60000000,1685.83415000,60,60,False
1650758400000,1650762000000,39441.61000000,39654.56000000,39414.18000000,39560.56000000,1009.33710000,60,60,False
1650762000000,1650765600000,39560.55000000,39637.93000000,39467.70000000,39476.23000000,894.96060000,60,60,False
1650765600000,1650769200000,39476.22000000,39606.10000000,39420.11000000,39539.62000000,683.83461000,60,60,False
1650769200000,1650772800000,39539.62000000,39828.00000000,39511.57000000,39776.57000000,1149.06776000,60,60,False
1650772800000,1650776400000,39776.56000000,39815.42000000,39656.86000000,39703.67000000,646.45634000,60,60,False
1650776400000,1650780000000,39703.68000000,39720.98000000,39629.99000000,39667.21000000,426.64912000,60,60,False
1650780000000,1650783600000,39667.21000000,39800.01000000,39649.00000000,39744.43000000,796.42452000,60,60,False
1650783600000,1650787200000,39744.42000000,39810.02000000,39725.97000000,39751.38000000,543.98132000,60,60,False
1650787200000,1650790800000,39751.38000000,39803.74000000,39714.00000000,39723.88000000,464.85010000,60,60,False
1650790800000,1650794400000,39723.88000000,39779.26000000,39662.48000000,39750.11000000,504.12721000,60,60,False
1650794400000,1650798000000,39750.11000000,39784.66000000,39642.07000000,39695.42000000,503.43748000,60,60,False
1650798000000,1650801600000,39695.42000000,39720.00000000,39544.91000000,39609.11000000,744.59011000,60,60,False
1650801600000,1650805200000,39609.11000000,39660.00000000,39525.49000000,39582.37000000,802.98939000,60,60,False
1650805200000,1650808800000,39582.38000000,39636.12000000,39351.58000000,39579.70000000,1903.34386000,60,60,False
1650808800000,1650812400000,39579.70000000,39940.00000000,39371.46000000,39752.40000000,2319.75715000,60,60,False
1650812400000,1650816000000,39752.40000000,39842.64000000,39632.92000000,39656.49000000,1012.54675000,60,60,False
1650816000000,1650819600000,39656.49000000,39782.34000000,38929.62000000,39490.01000000,4493.65295000,60,60,False
1650819600000,1650823200000,39490.00000000,39531.52000000,39138.21000000,39421.19000000,2298.96750000,60,60,False
1650823200000,1650826800000,39421.18000000,39699.98000000,39408.61000000,39661.57000000,1073.09004000,60,60,False
1650826800000,1650830400000,39661.56000000,39807.94000000,39633.78000000,39703.74000000,1140.16508000,60,60,False
1650830400000,1650834000000,39703.74000000,39728.55000000,39469.32000000,39500.00000000,954.21607000,60,60,False
1650834000000,1650837600000,39499.99000000,39646.35000000,39454.62000000,39633.37000000,612.27148000,60,60,False
1650837600000,1650841200000,39633.37000000,39771.60000000,39530.00000000,39548.32000000,980.39238000,60,60,False
1650841200000,1650844800000,39548.31000000,39584.87000000,39426.01000000,39450.13000000,744.50294000,60,60,False
1650844800000,1650848400000,39450.12000000,39500.84000000,38674.00000000,38855.47000000,4228.78013000,60,60,False
1650848400000,1650852000000,38855.47000000,39154.38000000,38747.51000000,39095.81000000,2336.46392000,60,60,False
1650852000000,1650855600000,39095.81000000,39153.94000000,38961.64000000,39091.17000000,1205.51583000,60,60,False
1650855600000,1650859200000,39091.17000000,39294.76000000,39086.37000000,39253.71000000,1443.33178000,60,60,False
1650859200000,1650862800000,39253.70000000,39256.28000000,39055.71000000,39139.74000000,896.85541000,60,60,False
1650862800000,1650866400000,39139.74000000,39230.50000000,38947.42000000,38975.22000000,1057.48997000,60,60,False
1650866400000,1650870000000,38975.21000000,39057.97000000,38590.00000000,38636.35000000,2814.97162000,60,60,False
1650870000000,1650873600000,38636.35000000,38675.68000000,38200.00000000,38453.92000000,4738.63889000,60,60,False
1650873600000,1650877200000,38453.92000000,38578.84000000,38375.00000000,38418.06000000,2061.37000000,60,60,False
1650877200000,1650880800000,38418.06000000,38636.86000000,38209.36000000,38588.20000000,1919.44107000,60,60,False
1650880800000,1650884400000,38588.20000000,38663.27000000,38400.00000000,38426.02000000,1341.76982000,60,60,False
1650884400000,1650888000000,38426.02000000,38947.89000000,38335.95000000,38832.29000000,3329.51776000,60,60,False
1650888000000,1650891600000,38832.29000000,39009.83000000,38743.92000000,38802.63000000,2125.40642000,60,60,False
1650891600000,1650895200000,38802.64000000,39299.00000000,38629.06000000,38735.61000000,4808.50742000,60,60,False
1650895200000,1650898800000,38735.61000000,39420.00000000,38578.60000000,39060.88000000,5175.05850000,60,60,False
1650898800000,1650902400000,39060.89000000,39390.03000000,38925.01000000,38976.76000000,3275.16997000,60,60,False
1650902400000,1650906000000,38976.76000000,39665.35000000,38911.57000000,39469.64000000,4300.19796000,60,60,False
1650906000000,1650909600000,39469.65000000,39574.42000000,39351.49000000,39394.92000000,2369.39553000,60,60,False
1650909600000,1650913200000,39394.93000000,40358.17000000,39297.61000000,39887.03000000,4173.81336000,60,60,False
1650913200000,1650916800000,39887.04000000,40384.61000000,39765.83000000,40225.97000000,4286.36176000,60,60,False
1650916800000,1650920400000,40225.98000000,40324.50000000,40046.34000000,40185.34000000,1678.94883000,60,60,False
1650920400000,1650924000000,40185.34000000,40249.93000000,40069.55000000,40227.58000000,609.73303000,60,60,False
1650924000000,1650927600000,40227.57000000,40616.00000000,40141.92000000,40346.97000000,1590.76407000,60,60,False
1650927600000,1650931200000,40346.97000000,40570.00000000,40242.65000000,40426.08000000,1269.62479000,60,60,False
1650931200000,1650934800000,40426.08000000,40773.65000000,40387.55000000,40554.70000000,2178.73925000,60,60,False
1650934800000,1650938400000,40554.71000000,40625.00000000,40450.00000000,40474.99000000,1274.43079000,60,60,False
1650938400000,1650942000000,40474.98000000,40596.45000000,40374.23000000,40524.32000000,1174.12170000,60,60,False
1650942000000,1650945600000,40524.32000000,40640.78000000,40490.45000000,40535.29000000,1119.51751000,60,60,False
1650945600000,1650949200000,40535.29000000,40620.00000000,40488.80000000,40560.01000000,888.62583000,60,60,False
1650949200000,1650952800000,40560.01000000,40690.47000000,40521.57000000,40589.58000000,1149.09977000,60,60,False
1650952800000,1650956400000,40589.58000000,40616.02000000,40435.72000000,40524.27000000,1739.08993000,60,60,False
1650956400000,1650960000000,40524.27000000,40656.93000000,40375.01000000,40584.50000000,1656.91332000,60,60,False
1650960000000,1650963600000,40584.50000000,40797.31000000,40444.30000000,40511.94000000,1791.78634000,60,60,False
1650963600000,1650967200000,40511.93000000,40534.74000000,40328.90000000,40382.28000000,1599.62868000,60,60,False
1650967200000,1650970800000,40382.29000000,40457.22000000,40325.03000000,40372.00000000,973.61049000,60,60,False
1650970800000,1650974400000,40372.00000000,40579.32000000,40229.41000000,40467.03000000,1649.78231000,60,60,False
1650974400000,1650978000000,40467.03000000,40625.00000000,40187.55000000,40286.35000000,2059.75856000,60,60,False
1650978000000,1650981600000,40286.36000000,40348.51000000,39792.43000000,39823.53000000,4780.67798000,60,60,False
1650981600000,1650985200000,39823.52000000,39823.78000000,39222.67000000,39274.40000000,5781.09647000,60,60,False
1650985200000,1650988800000,39274.40000000,39361.21000000,38550.00000000,38563.94000000,6041.66790000,60,60,False
1650988800000,1650992400000,38563.94000000,38886.51000000,38342.11000000,38667.14000000,6587.82295000,60,60,False
1650992400000,1650996000000,38667.14000000,38676.77000000,38000.18000000,38399.09000000,5627.56135000,60,60,False
1650996000000,1650999600000,38399.09000000,38473.96000000,38214.86000000,38408.86000000,2573.00415000,60,60,False
1650999600000,1651003200000,38408.86000000,38577.77000000,37842.49000000,38270.03000000,5384.53831000,60,60,False
1651003200000,1651006800000,38270.03000000,38423.85000000,37713.31000000,38129.14000000,4679.12721000,60,60,False
1651006800000,1651010400000,38129.14000000,38444.12000000,38028.46000000,38330.02000000,1356.22492000,60,60,False
1651010400000,1651014000000,38330.03000000,38463.40000000,38159.97000000,38221.01000000,1364.06271000,60,60,False
1651014000000,1651017600000,38221.00000000,38268.46000000,37702.26000000,38112.65000000,3219.36957000,60,60,False
1651017600000,1651021200000,38112.64000000,38261.17000000,37881.31000000,38179.53000000,2328.07957000,60,60,False
1651021200000,1651024800000,38179.53000000,38323.01000000,38166.40000000,38310.79000000,1573.20453000,60,60,False
1651024800000,1651028400000,38310.79000000,38444.80000000,38269.40000000,38426.55000000,1132.13030000,60,60,False
1651028400000,1651032000000,38426.56000000,38486.87000000,38326.44000000,38343.18000000,1150.34402000,60,60,False
1651032000000,1651035600000,38343.17000000,38460.00000000,38311.30000000,38410.93000000,1122.80363000,60,60,False
1651035600000,1651039200000,38410.93000000,38570.01000000,38372.30000000,38410.13000000,929.14733000,60,60,False
1651039200000,1651042800000,38410.13000000,38703.98000000,38401.17000000,38646.71000000,1422.85312000,60,60,False
1651042800000,1651046400000,38646.71000000,39113.72000000,38599.15000000,39112.74000000,3062.16940000,60,60,False
1651046400000,1651050000000,39113.06000000,39221.65000000,38694.60000000,38980.00000000,4542.00057000,60,60,False
1651050000000,1651053600000,38980.01000000,39107.64000000,38823.66000000,39053.68000000,1969.45221000,60,60,False
1651053600000,1651057200000,39053.69000000,39146.08000000,38955.47000000,39108.57000000,1331.45062000,60,60,False
1651057200000,1651060800000,39108.58000000,39119.10000000,38645.42000000,39017.19000000,2505.86769000,60,60,False
1651060800000,1651064400000,39017.19000000,39139.17000000,38862.48000000,38893.18000000,2654.31448000,60,60,False
1651064400000,1651068000000,38893.19000000,39474.72000000,38774.93000000,39344.70000000,5294.57623000,60,60,False
1651068000000,1651071600000,39344.69000000,39409.99000000,38435.95000000,38672.62000000,6521.53965000,60,60,False
1651071600000,1651075200000,38672.62000000,39141.86000000,38635.91000000,39005.76000000,4629.44553000,60,60,False
1651075200000,1651078800000,39005.77000000,39309.00000000,38918.43000000,39191.58000000,3302.86668000,60,60,False
1651078800000,1651082400000,39191.59000000,39260.48000000,38959.96000000,39109.99000000,2764.64899000,60,60,False
1651082400000,1651086000000,39109.99000000,39189.47000000,38750.48000000,38785.71000000,2072.28320000,60,60,False
1651086000000,1651089600000,38785.72000000,38915.38000000,38668.20000000,38858.26000000,2333.47935000,60,60,False
1651089600000,1651093200000,38858.27000000,39270.12000000,38831.73000000,39099.99000000,2098.57245000,60,60,False
1651093200000,1651096800000,39100.00000000,39399.99000000,39081.73000000,39221.97000000,827.47953000,60,60,False
1651096800000,1651100400000,39221.97000000,39270.00000000,38991.40000000,39074.34000000,884.48570000,60,60,False
1651100400000,1651104000000,39074.35000000,39290.81000000,39056.41000000,39235.72000000,629.92794000,60,60,False
1651104000000,1651107600000,39235.72000000,39455.00000000,39152.96000000,39385.87000000,1321.56279000,60,60,False
1651107600000,1651111200000,39385.87000000,39689.49000000,39178.11000000,39230.01000000,2191.17797000,60,60,False
1651111200000,1651114800000,39230.01000000,39472.54000000,39161.08000000,39429.10000000,1222.02594000,60,60,False
1651114800000,1651118400000,39429.10000000,39522.20000000,39323.64000000,39342.07000000,1761.49920000,60,60,False
1651118400000,1651122000000,39342.06000000,39400.00000000,39260.76000000,39388.50000000,813.40127000,60,60,False
1651122000000,1651125600000,39388.51000000,39436.73000000,39226.49000000,39321.03000000,785.56374000,60,60,False
1651125600000,1651129200000,39321.02000000,39436.93000000,39280.66000000,39415.45000000,811.11269000,60,60,False
1651129200000,1651132800000,39415.46000000,39660.00000000,39382.99000000,39385.01000000,1830.86783000,60,60,False
1651132800000,1651136400000,39385.01000000,39788.53000000,39359.63000000,39634.27000000,2399.02060000,60,60,False
1651136400000,1651140000000,39634.26000000,39882.38000000,39634.26000000,39773.98000000,2277.87713000,60,60,False
1651140000000,1651143600000,39773.99000000,39829.99000000,39599.96000000,39714.94000000,1325.64833000,60,60,False
1651143600000,1651147200000,39714.94000000,39765.90000000,39613.92000000,39679.31000000,915.49313000,60,60,False
1651147200000,1651150800000,39679.31000000,39865.10000000,39517.00000000,39560.12000000,2160.94944000,60,60,False
1651150800000,1651154400000,39560.13000000,39567.23000000,39052.63000000,39094.46000000,4467.90859000,60,60,False
1651154400000,1651158000000,39094.46000000,39398.78000000,38881.43000000,39287.09000000,3831.26030000,60,60,False
1651158000000,1651161600000,39287.09000000,40300.00000000,39088.84000000,39438.01000000,8976.11062000,60,60,False
1651161600000,1651165200000,39438.12000000,40127.00000000,39314.05000000,39899.44000000,4605.83883000,60,60,False
1651165200000,1651168800000,39899.43000000,40288.49000000,39860.01000000,40283.72000000,3465.95837000,60,60,False
1651168800000,1651172400000,40283.71000000,40372.63000000,40052.51000000,40083.32000000,2318.66324000,60,60,False
1651172400000,1651176000000,40083.32000000,40234.11000000,39918.00000000,39983.77000000,2201.77355000,60,60,False
1651176000000,1651179600000,39983.77000000,40216.27000000,39734.53000000,39870.00000000,3155.80915000,60,60,False
1651179600000,1651183200000,39870.00000000,39987.99000000,39761.52000000,39853.02000000,854.03598000,60,60,False
1651183200000,1651186800000,39853.02000000,39875.01000000,39606.92000000,39794.89000000,1537.53769000,60,60,False
1651186800000,1651190400000,39794.89000000,39853.28000000,39666.66000000,39742.07000000,855.57512000,60,60,False
1651190400000,1651194000000,39742.06000000,39869.28000000,39675.46000000,39845.00000000,1133.07982000,60,60,False
1651194000000,1651197600000,39844.99000000,39925.25000000,39769.98000000,39820.48000000,1087.33563000,60,60,False
1651197600000,1651201200000,39820.47000000,39831.85000000,39457.13000000,39522.12000000,1776.65661000,60,60,False
1651201200000,1651204800000,39522.12000000,39557.87000000,39286.01000000,39533.01000000,1777.88524000,60,60,False
1651204800000,1651208400000,39533.02000000,39598.30000000,39368.97000000,39542.94000000,1436.13149000,60,60,False
1651208400000,1651212000000,39542.94000000,39641.30000000,39481.45000000,39501.26000000,1154.06913000,60,60,False
1651212000000,1651215600000,39501.26000000,39574.05000000,39374.12000000,39459.00000000,1099.61828000,60,60,False
1651215600000,1651219200000,39459.00000000,39624.64000000,39413.45000000,39610.14000000,1336.83822000,60,60,False
1651219200000,1651222800000,39610.14000000,39634.12000000,39394.58000000,39410.22000000,1410.25162000,60,60,False
1651222800000,1651226400000,39410.22000000,39410.23000000,39070.38000000,39147.85000000,2349.04135000,60,60,False
1651226400000,1651230000000,39147.86000000,39243.54000000,38666.10000000,38805.41000000,2926.26292000,60,60,False
1651230000000,1651233600000,38805.40000000,38944.25000000,38616.46000000,38749.54000000,2496.75599000,60,60,False
1651233600000,1651237200000,38749.54000000,39136.02000000,38634.52000000,38916.71000000,2870.99782000,60,60,False
1651237200000,1651240800000,38916.72000000,39406.37000000,38800.00000000,39277.05000000,4306.93222000,60,60,False
1651240800000,1651244400000,39277.06000000,39323.86000000,38801.84000000,38958.44000000,3817.47257000,60,60,False
1651244400000,1651248000000,38958.44000000,39144.00000000,38846.24000000,39004.86000000,2781.06336000,60,60,False
1651248000000,1651251600000,39004.87000000,39078.30000000,38435.42000000,38522.33000000,4837.25824000,60,60,False
1651251600000,1651255200000,38522.32000000,38736.13000000,38467.15000000,38642.24000000,2404.26408000,60,60,False
1651255200000,1651258800000,38642.25000000,38673.27000000,38335.92000000,38543.11000000,2572.71039000,60,60,False
1651258800000,1651262400000,38543.11000000,38609.73000000,38175.00000000,38331.54000000,3763.64774000,60,60,False
1651262400000,1651266000000,38331.55000000,38584.00000000,38310.90000000,38564.44000000,1993.04933000,60,60,False
1651266000000,1651269600000,38564.38000000,38649.99000000,38450.47000000,38560.15000000,795.69830000,60,60,False
1651269600000,1651273200000,38560.14000000,38635.29000000,38430.03000000,38608.63000000,658.46652000,60,60,False
1651273200000,1651276800000,38608.63000000,38665.36000000,38555.98000000,38596.11000000,668.17028000,60,60,False
1651276800000,1651280400000,38596.11000000,38795.38000000,38551.12000000,38639.95000000,1150.93059000,60,60,False
1651280400000,1651284000000,38639.96000000,38764.26000000,38630.00000000,38701.96000000,722.99954000,60,60,False
1651284000000,1651287600000,38701.96000000,38772.56000000,38656.17000000,38692.99000000,819.77555000,60,60,False
1651287600000,1651291200000,38693.00000000,38706.11000000,38586.65000000,38656.37000000,591.45664000,60,60,False
1651291200000,1651294800000,38656.37000000,38699.63000000,38493.52000000,38553.36000000,851.41207000,60,60,False
1651294800000,1651298400000,38553.35000000,38778.79000000,38523.28000000,38703.01000000,857.17850000,60,60,False
1651298400000,1651302000000,38703.01000000,38734.63000000,38646.69000000,38701.11000000,639.14028000,60,60,False
1651302000000,1651305600000,38701.11000000,38746.15000000,38634.24000000,38650.34000000,867.42132000,60,60,False
1651305600000,1651309200000,38650.35000000,38688.72000000,38536.66000000,38577.06000000,1542.29491000,60,60,False
1651309200000,1651312800000,38577.07000000,38644.03000000,38540.98000000,38622.50000000,881.80886000,60,60,False
1651312800000,1651316400000,38622.51000000,38658.72000000,38564.46000000,38566.49000000,804.52260000,60,60,False
1651316400000,1651320000000,38566.49000000,38636.21000000,38563.40000000,38580.01000000,727.99685000,60,60,False
1651320000000,1651323600000,38580.00000000,38610.00000000,38525.34000000,38536.23000000,767.52198000,60,60,False
1651323600000,1651327200000,38536.23000000,38638.24000000,38501.00000000,38506.33000000,1275.79399000,60,60,False
1651327200000,1651330800000,38506.32000000,38638.38000000,38211.00000000,38258.27000000,4427.80048000,60,60,False
1651330800000,1651334400000,38258.27000000,38529.98000000,38156.04000000,38466.56000000,2450.18860000,60,60,False
1651334400000,1651338000000,38466.56000000,38610.15000000,38404.29000000,38426.31000000,1799.91996000,60,60,False
1651338000000,1651341600000,38426.31000000,38448.25000000,38201.78000000,38286.36000000,2674.01195000,60,60,False
1651341600000,1651345200000,38286.35000000,38353.69000000,38203.32000000,38345.82000000,1087.94608000,60,60,False
1651345200000,1651348800000,38345.82000000,38499.00000000,38303.34000000,38466.83000000,1007.10894000,60,60,False
1651348800000,1651352400000,38466.82000000,38466.83000000,38282.08000000,38326.45000000,676.71369000,60,60,False
1651352400000,1651356000000,38326.45000000,38370.84000000,38248.66000000,38301.14000000,591.07890000,60,60,False
1651356000000,1651359600000,38301.13000000,38370.00000000,38160.00000000,38250.44000000,1376.34685000,60,60,False
1651359600000,1651363200000,38250.43000000,38277.77000000,37578.20000000,37630.80000000,6729.82076000,60,60,False
1651363200000,1651366800000,37630.80000000,37806.79000000,37500.00000000,37680.67000000,2313.83572000,60,60,False
1651366800000,1651370400000,37680.66000000,38077.10000000,37386.38000000,37937.07000000,2622.65157000,60,60,False
1651370400000,1651374000000,37937.07000000,38053.68000000,37771.81000000,37817.79000000,1081.24561000,60,60,False
1651374000000,1651377600000,37817.78000000,38064.39000000,37801.52000000,38041.44000000,966.53850000,60,60,False
1651377600000,1651381200000,38041.44000000,38063.41000000,37885.30000000,37948.39000000,1405.77554000,60,60,False
1651381200000,1651384800000,37948.39000000,38165.12000000,37899.21000000,38060.05000000,2186.40640000,60,60,False
1651384800000,1651388400000,38060.06000000,38149.92000000,37950.00000000,37952.66000000,1033.82880000,60,60,False
1651388400000,1651392000000,37952.67000000,37999.00000000,37897.20000000,37970.27000000,1379.16792000,60,60,False
1651392000000,1651395600000,37970.27000000,38058.46000000,37924.13000000,38031.51000000,805.63863000,60,60,False
1651395600000,1651399200000,38031.51000000,38056.59000000,37866.62000000,37974.54000000,764.61621000,60,60,False
1651399200000,1651402800000,37974.55000000,38094.16000000,37951.64000000,38026.25000000,808.54641000,60,60,False
1651402800000,1651406400000,38026.24000000,38057.97000000,37903.70000000,37942.78000000,858.40103000,60,60,False
1651406400000,1651410000000,37942.78000000,38030.00000000,37841.90000000,37969.99000000,1049.30301000,60,60,False
1651410000000,1651413600000,37969.99000000,38026.85000000,37915.49000000,37922.85000000,620.23453000,60,60,False
1651413600000,1651417200000,37922.84000000,38022.65000000,37891.90000000,37991.17000000,1110.63058000,60,60,False
1651417200000,1651420800000,37991.17000000,38641.46000000,37981.14000000,38490.00000000,3629.17873000,60,60,False
1651420800000,1651424400000,38490.01000000,38675.00000000,38390.79000000,38504.49000000,2185.17012000,60,60,False
1651424400000,1651428000000,38504.49000000,38595.00000000,38370.00000000,38382.47000000,1289.11080000,60,60,False
1651428000000,1651431600000,38382.47000000,38417.48000000,37913.15000000,37934.91000000,2445.37601000,60,60,False
1651431600000,1651435200000,37934.90000000,38009.73000000,37750.00000000,37807.87000000,2107.59599000,60,60,False
1651435200000,1651438800000,37807.87000000,38349.98000000,37686.26000000,38313.23000000,1694.68393000,60,60,False
1651438800000,1651442400000,38313.23000000,38439.76000000,38083.07000000,38342.63000000,1581.42898000,60,60,False
1651442400000,1651446000000,38342.63000000,38574.50000000,38089.84000000,38306.63000000,2649.14143000,60,60,False
1651446000000,1651449600000,38306.63000000,38630.00000000,38241.37000000,38468.35000000,2223.73459000,60,60,False
1651449600000,1651453200000,38468.35000000,38810.73000000,38448.84000000,38672.88000000,2460.83144000,60,60,False
1651453200000,1651456800000,38672.88000000,38739.49000000,38487.91000000,38493.58000000,1149.05327000,60,60,False
1651456800000,1651460400000,38493.57000000,38654.54000000,38376.38000000,38621.62000000,1369.64886000,60,60,False
1651460400000,1651464000000,38621.62000000,38723.06000000,38621.62000000,38674.10000000,1052.89223000,60,60,False
1651464000000,1651467600000,38674.11000000,39122.77000000,38600.03000000,38975.11000000,2117.50358000,60,60,False
1651467600000,1651471200000,38975.11000000,39037.50000000,38881.19000000,39008.71000000,1589.33152000,60,60,False
1651471200000,1651474800000,39008.71000000,39167.34000000,38923.56000000,38926.11000000,1441.76394000,60,60,False
1651474800000,1651478400000,38926.11000000,39041.81000000,38826.70000000,38881.47000000,1379.24850000,60,60,False
1651478400000,1651482000000,38881.46000000,38996.84000000,38782.29000000,38922.16000000,1765.85866000,60,60,False
1651482000000,1651485600000,38922.16000000,39075.00000000,38772.81000000,38780.01000000,1243.43260000,60,60,False
1651485600000,1651489200000,38780.00000000,38866.04000000,38653.77000000,38711.88000000,1331.67926000,60,60,False
1651489200000,1651492800000,38711.87000000,38762.76000000,38482.41000000,38528.77000000,1858.15894000,60,60,False
1651492800000,1651496400000,38528.78000000,38705.00000000,38422.92000000,38500.41000000,1530.24970000,60,60,False
1651496400000,1651500000000,38500.42000000,39155.47000000,38242.51000000,38910.00000000,7532.50985000,60,60,False
1651500000000,1651503600000,38916.27000000,39104.02000000,38606.21000000,38840.00000000,6534.61749000,60,60,False
1651503600000,1651507200000,38840.00000000,38901.37000000,38605.71000000,38696.05000000,2520.98223000,60,60,False
1651507200000,1651510800000,38696.05000000,38868.88000000,38519.56000000,38551.00000000,2409.60287000,60,60,False
1651510800000,1651514400000,38550.99000000,38610.16000000,38193.66000000,38370.56000000,2585.95603000,60,60,False
1651514400000,1651518000000,38370.56000000,38454.31000000,38052.00000000,38209.49000000,3182.97637000,60,60,False
1651518000000,1651521600000,38209.50000000,38584.63000000,38152.81000000,38563.38000000,2996.22114000,60,60,False
1651521600000,1651525200000,38563.39000000,38614.81000000,38305.06000000,38316.36000000,1096.86055000,60,60,False
1651525200000,1651528800000,38316.36000000,38770.00000000,38280.76000000,38639.67000000,1315.62981000,60,60,False
1651528800000,1651532400000,38639.67000000,38908.56000000,38572.32000000,38591.04000000,1390.19759000,60,60,False
1651532400000,1651536000000,38591.03000000,38747.46000000,38458.90000000,38525.16000000,1345.71985000,60,60,False
1651536000000,1651539600000,38525.16000000,38573.82000000,38384.60000000,38410.01000000,1405.58114000,60,60,False
1651539600000,1651543200000,38410.00000000,38518.12000000,38358.00000000,38518.03000000,1089.59244000,60,60,False
1651543200000,1651546800000,38518.04000000,38609.27000000,38317.06000000,38404.99000000,1351.53465000,60,60,False
1651546800000,1651550400000,38404.99000000,38625.00000000,38396.06000000,38521.64000000,1195.63997000,60,60,False
1651550400000,1651554000000,38521.63000000,38561.10000000,38450.00000000,38501.06000000,867.48442000,60,60,False
1651554000000,1651557600000,38501.06000000,38544.39000000,38385.67000000,38526.52000000,969.37978000,60,60,False
1651557600000,1651561200000,38526.53000000,38579.77000000,38443.66000000,38470.79000000,974.56399000,60,60,False
1651561200000,1651564800000,38470.80000000,38569.62000000,38420.53000000,38559.99000000,1197.62370000,60,60,False
1651564800000,1651568400000,38559.99000000,38651.51000000,38530.00000000,38530.01000000,1080.30246000,60,60,False
1651568400000,1651572000000,38530.00000000,38568.69000000,38440.42000000,38454.54000000,1022.77054000,60,60,False
1651572000000,1651575600000,38454.55000000,38475.03000000,38363.63000000,38421.33000000,1013.45453000,60,60,False
1651575600000,1651579200000,38421.33000000,38570.01000000,38261.16000000,38570.01000000,2169.77953000,60,60,False
1651579200000,1651582800000,38570.01000000,38607.09000000,38416.81000000,38446.62000000,1222.31276000,60,60,False
1651582800000,1651586400000,38446.63000000,38475.00000000,38152.00000000,38364.82000000,3346.89297000,60,60,False
1651586400000,1651590000000,38364.82000000,38480.02000000,38173.16000000,38278.70000000,2524.66193000,60,60,False
1651590000000,1651593600000,38278.69000000,38420.00000000,38214.38000000,38326.36000000,1739.08407000,60,60,False
1651593600000,1651597200000,38326.37000000,38396.05000000,38050.00000000,38149.23000000,2461.67997000,60,60,False
1651597200000,1651600800000,38149.24000000,38315.00000000,38052.00000000,38052.01000000,1633.08513000,60,60,False
1651600800000,1651604400000,38052.00000000,38052.01000000,37570.50000000,37763.78000000,5697.76699000,60,60,False
1651604400000,1651608000000,37763.79000000,37786.32000000,37517.80000000,37717.49000000,2597.52270000,60,60,False
1651608000000,1651611600000,37717.50000000,37879.99000000,37530.01000000,37785.80000000,1420.97968000,60,60,False
1651611600000,1651615200000,37785.79000000,38036.46000000,37625.93000000,37795.58000000,1446.66315000,60,60,False
1651615200000,1651618800000,37795.59000000,37880.00000000,37730.00000000,37739.69000000,952.00281000,60,60,False
1651618800000,1651622400000,37739.68000000,37763.68000000,37632.54000000,37728.95000000,936.09427000,60,60,False
1651622400000,1651626000000,37728.95000000,37943.66000000,37670.00000000,37902.06000000,1198.37701000,60,60,False
1651626000000,1651629600000,37902.06000000,37995.06000000,37872.83000000,37888.01000000,905.29317000,60,60,False
1651629600000,1651633200000,37888.02000000,38050.00000000,37882.37000000,37962.62000000,895.27606000,60,60,False
1651633200000,1651636800000,37962.62000000,38100.00000000,37961.83000000,38013.62000000,1034.66280000,60,60,False
1651636800000,1651640400000,38013.62000000,38094.07000000,37944.25000000,37998.69000000,718.07780000,60,60,False
1651640400000,1651644000000,37998.70000000,38136.00000000,37970.00000000,38091.40000000,1087.92617000,60,60,False
1651644000000,1651647600000,38091.40000000,38436.74000000,38082.85000000,38409.20000000,2539.42064000,60,60,False
1651647600000,1651651200000,38409.20000000,38757.27000000,38303.90000000,38701.32000000,5129.01115000,60,60,False
1651651200000,1651654800000,38701.32000000,39100.00000000,38670.00000000,38968.53000000,4011.26324000,60,60,False
1651654800000,1651658400000,38968.53000000,39088.00000000,38813.45000000,38884.13000000,2967.08993000,60,60,False
1651658400000,1651662000000,38884.13000000,39066.44000000,38850.37000000,38995.84000000,1834.68713000,60,60,False
1651662000000,1651665600000,38995.84000000,39047.96000000,38867.29000000,39002.30000000,1472.57657000,60,60,False
1651665600000,1651669200000,39002.31000000,39182.00000000,38860.31000000,38964.28000000,2641.97440000,60,60,False
1651669200000,1651672800000,38964.29000000,39097.01000000,38691.50000000,38712.06000000,2375.76976000,60,60,False
1651672800000,1651676400000,38712.05000000,38876.34000000,38658.96000000,38786.21000000,2464.99890000,60,60,False
1651676400000,1651680000000,38786.22000000,39091.13000000,38718.53000000,38973.20000000,2243.92571000,60,60,False
1651680000000,1651683600000,38973.20000000,39475.00000000,38868.15000000,39189.99000000,3675.07925000,60,60,False
1651683600000,1651687200000,39189.99000000,39249.99000000,38811.28000000,38985.30000000,2995.38887000,60,60,False
1651687200000,1651690800000,38985.31000000,39800.00000000,38590.97000000,39617.08000000,12007.23476000,60,60,False
1651690800000,1651694400000,39617.08000000,40023.77000000,39534.68000000,39859.22000000,5118.12031000,60,60,False
1651694400000,1651698000000,39859.23000000,39942.35000000,39753.98000000,39811.15000000,1576.92621000,60,60,False
1651698000000,1651701600000,39811.16000000,39891.12000000,39714.10000000,39741.08000000,967.44747000,60,60,False
1651701600000,1651705200000,39741.08000000,39774.60000000,39678.00000000,39681.81000000,1123.51725000,60,60,False
1651705200000,1651708800000,39681.80000000,39735.28000000,39614.54000000,39690.00000000,1590.57280000,60,60,False
1651708800000,1651712400000,39690.00000000,39743.47000000,39536.66000000,39661.34000000,1779.74058000,60,60,False
1651712400000,1651716000000,39661.35000000,39708.96000000,39600.00000000,39629.70000000,1173.62234000,60,60,False
1651716000000,1651719600000,39629.71000000,39798.09000000,39554.46000000,39773.33000000,1487.13236000,60,60,False
1651719600000,1651723200000,39773.32000000,39773.33000000,39673.01000000,39729.41000000,993.42354000,60,60,False
1651723200000,1651726800000,39729.40000000,39764.70000000,39678.97000000,39752.93000000,667.46685000,60,60,False
1651726800000,1651730400000,39752.93000000,39845.51000000,39568.43000000,39602.65000000,1260.55890000,60,60,False
1651730400000,1651734000000,39602.65000000,39689.93000000,39534.02000000,39549.28000000,1018.68906000,60,60,False
1651734000000,1651737600000,39549.28000000,39619.94000000,39516.92000000,39588.84000000,1028.20748000,60,60,False
1651737600000,1651741200000,39588.85000000,39629.85000000,39444.01000000,39482.98000000,1185.50920000,60,60,False
1651741200000,1651744800000,39482.98000000,39560.00000000,39407.17000000,39485.25000000,982.55894000,60,60,False
1651744800000,1651748400000,39485.25000000,39619.37000000,39456.02000000,39513.66000000,1313.98027000,60,60,False
1651748400000,1651752000000,39513.67000000,39576.00000000,39451.42000000,39492.83000000,1024.50753000,60,60,False
1651752000000,1651755600000,39492.84000000,39545.66000000,39455.34000000,39503.95000000,1256.24239000,60,60,False
1651755600000,1651759200000,39503.96000000,39503.96000000,38960.53000000,38992.54000000,4140.28447000,60,60,False
1651759200000,1651762800000,38992.53000000,39053.69000000,38090.29000000,38209.00000000,9350.98056000,60,60,False
1651762800000,1651766400000,38209.01000000,38220.88000000,36514.29000000,36909.67000000,20886.39771000,60,60,False
1651766400000,1651770000000,36909.67000000,37322.00000000,36784.87000000,37036.55000000,8019.20947000,60,60,False
1651770000000,1651773600000,37036.55000000,37162.48000000,36770.05000000,36816.56000000,4067.64270000,60,60,False
1651773600000,1651777200000,36816.55000000,36852.65000000,36001.00000000,36387.03000000,8490.56166000,60,60,False
1651777200000,1651780800000,36386.83000000,36390.00000000,35571.90000000,36316.00000000,10383.49886000,60,60,False
1651780800000,1651784400000,36316.01000000,36477.71000000,36132.85000000,36466.44000000,3130.20550000,60,60,False
1651784400000,1651788000000,36466.44000000,36600.00000000,36328.80000000,36458.58000000,1797.64214000,60,60,False
1651788000000,1651791600000,36458.58000000,36495.00000000,36211.89000000,36238.63000000,1455.11242000,60,60,False
1651791600000,1651795200000,36238.62000000,36600.00000000,36238.62000000,36552.97000000,1829.25862000,60,60,False
1651795200000,1651798800000,36552.97000000,36675.63000000,36290.00000000,36373.41000000,1902.46840000,60,60,False
1651798800000,1651802400000,36373.42000000,36406.33000000,36163.44000000,36311.56000000,1571.87355000,60,60,False
1651802400000,1651806000000,36311.57000000,36553.33000000,36311.56000000,36433.40000000,1891.82188000,60,60,False
1651806000000,1651809600000,36433.41000000,36474.60000000,36360.31000000,36461.82000000,1038.05498000,60,60,False
1651809600000,1651813200000,36461.81000000,36472.91000000,36287.46000000,36435.42000000,1090.06777000,60,60,False
1651813200000,1651816800000,36435.43000000,36509.69000000,36381.56000000,36501.45000000,1246.57820000,60,60,False
1651816800000,1651820400000,36501.46000000,36550.00000000,36393.12000000,36409.12000000,994.10719000,60,60,False
1651820400000,1651824000000,36409.12000000,36448.00000000,35833.01000000,36371.94000000,6194.23548000,60,60,False
1651824000000,1651827600000,36371.94000000,36514.63000000,36163.92000000,36218.08000000,2431.69974000,60,60,False
1651827600000,1651831200000,36218.07000000,36432.16000000,36169.39000000,36406.54000000,1315.44494000,60,60,False
1651831200000,1651834800000,36406.54000000,36426.52000000,35793.81000000,35944.81000000,2433.55990000,60,60,False
1651834800000,1651838400000,35944.82000000,36128.31000000,35587.10000000,35780.84000000,4030.87270000,60,60,False
1651838400000,1651842000000,35780.83000000,36339.26000000,35688.60000000,35826.22000000,5544.11513000,60,60,False
1651842000000,1651845600000,35826.22000000,36063.72000000,35258.00000000,35747.51000000,9334.99281000,60,60,False
1651845600000,1651849200000,35747.51000000,36246.49000000,35637.21000000,36140.18000000,9080.25783000,60,60,False
1651849200000,1651852800000,36140.17000000,36436.20000000,35950.00000000,36004.34000000,4301.90684000,60,60,False
1651852800000,1651856400000,36004.33000000,36235.29000000,35928.48000000,36218.01000000,3508.87788000,60,60,False
1651856400000,1651860000000,36218.02000000,36239.40000000,35848.13000000,35896.43000000,2674.86580000,60,60,False
1651860000000,1651863600000,35896.42000000,36100.00000000,35834.03000000,35940.01000000,2014.33399000,60,60,False
1651863600000,1651867200000,35940.00000000,36151.79000000,35841.63000000,36001.35000000,2695.40864000,60,60,False
1651867200000,1651870800000,36001.34000000,36113.89000000,35863.59000000,36082.53000000,873.96055000,60,60,False
1651870800000,1651874400000,36082.53000000,36102.40000000,35894.91000000,35959.47000000,644.42578000,60,60,False
1651874400000,1651878000000,35959.47000000,36072.57000000,35881.55000000,35999.24000000,940.44475000,60,60,False
1651878000000,1651881600000,35999.23000000,36116.81000000,35999.23000000,36013.77000000,683.42714000,60,60,False
1651881600000,1651885200000,36013.77000000,36077.98000000,35945.00000000,35995.93000000,848.16112000,60,60,False
1651885200000,1651888800000,35995.94000000,36045.21000000,35918.67000000,36017.05000000,763.45220000,60,60,False
1651888800000,1651892400000,36017.06000000,36030.00000000,35936.28000000,35953.64000000,691.28860000,60,60,False
1651892400000,1651896000000,35953.63000000,35959.99000000,35760.00000000,35812.21000000,950.37032000,60,60,False
1651896000000,1651899600000,35812.22000000,35882.67000000,35725.72000000,35746.63000000,1038.35464000,60,60,False
1651899600000,1651903200000,35746.62000000,35900.00000000,35722.24000000,35898.95000000,897.23593000,60,60,False
1651903200000,1651906800000,35898.96000000,35909.75000000,35790.02000000,35806.27000000,890.85528000,60,60,False
1651906800000,1651910400000,35806.28000000,35961.05000000,35800.00000000,35921.60000000,1485.78602000,60,60,False
1651910400000,1651914000000,35921.60000000,36069.01000000,35879.96000000,36015.01000000,1371.14032000,60,60,False
1651914000000,1651917600000,36015.00000000,36060.83000000,35965.14000000,35986.05000000,836.27782000,60,60,False
1651917600000,1651921200000,35986.04000000,36144.00000000,35955.17000000,36087.43000000,1178.46370000,60,60,False
1651921200000,1651924800000,36087.44000000,36146.30000000,35999.99000000,36055.86000000,1003.23062000,60,60,False
1651924800000,1651928400000,36055.86000000,36055.86000000,35970.09000000,36033.40000000,967.04985000,60,60,False
1651928400000,1651932000000,36033.40000000,36049.42000000,35866.00000000,35900.74000000,1503.22605000,60,60,False
1651932000000,1651935600000,35900.73000000,35995.99000000,35882.10000000,35962.96000000,711.79511000,60,60,False
1651935600000,1651939200000,35962.96000000,36085.50000000,35946.19000000,35962.47000000,728.02159000,60,60,False
1651939200000,1651942800000,35962.47000000,35979.42000000,35885.01000000,35965.83000000,607.53671000,60,60,False
1651942800000,1651946400000,35965.83000000,35965.84000000,35865.89000000,35886.31000000,574.35299000,60,60,False
1651946400000,1651950000000,35886.31000000,35997.14000000,35869.79000000,35896.35000000,636.48154000,60,60,False
1651950000000,1651953600000,35896.35000000,35925.62000000,35852.06000000,35876.36000000,569.30680000,60,60,False
1651953600000,1651957200000,35876.37000000,35876.37000000,35752.35000000,35785.69000000,1780.79166000,60,60,False
1651957200000,1651960800000,35785.69000000,35820.91000000,35000.00000000,35026.37000000,4828.39846000,60,60,False
1651960800000,1651964400000,35026.37000000,35328.47000000,34785.00000000,35046.06000000,5308.12687000,60,60,False
1651964400000,1651968000000,35046.07000000,35769.69000000,35015.53000000,35472.39000000,4112.00262000,60,60,False
1651968000000,1651971600000,35472.40000000,35514.22000000,35071.97000000,35107.02000000,2609.76893000,60,60,False
1651971600000,1651975200000,35107.02000000,35237.33000000,34690.50000000,34824.17000000,4195.88615000,60,60,False
1651975200000,1651978800000,34824.18000000,34925.50000000,34315.78000000,34575.77000000,7462.50016000,60,60,False
1651978800000,1651982400000,34575.76000000,34634.52000000,34210.00000000,34480.24000000,6890.02533000,60,60,False
1651982400000,1651986000000,34480.23000000,34678.97000000,34397.46000000,34400.81000000,3035.06811000,60,60,False
1651986000000,1651989600000,34400.81000000,34477.39000000,34318.46000000,34449.15000000,1790.10229000,60,60,False
1651989600000,1651993200000,34449.14000000,34952.50000000,34449.14000000,34778.10000000,2296.80627000,60,60,False
1651993200000,1651996800000,34778.09000000,34906.04000000,34579.17000000,34596.55000000,2077.95450000,60,60,False
1651996800000,1652000400000,34596.55000000,34729.79000000,34501.57000000,34664.04000000,1855.46270000,60,60,False
1652000400000,1652004000000,34664.05000000,34705.90000000,34520.32000000,34571.29000000,1433.55239000,60,60,False
1652004000000,1652007600000,34571.29000000,34799.71000000,34515.45000000,34730.95000000,2124.18139000,60,60,False
1652007600000,1652011200000,34730.94000000,34870.88000000,34715.94000000,34786.24000000,1586.89476000,60,60,False
1652011200000,1652014800000,34786.25000000,34843.01000000,34600.00000000,34627.60000000,1636.55610000,60,60,False
1652014800000,1652018400000,34627.59000000,34679.83000000,34361.00000000,34371.16000000,3521.06810000,60,60,False
1652018400000,1652022000000,34371.16000000,34586.62000000,34301.01000000,34450.84000000,2194.42226000,60,60,False
1652022000000,1652025600000,34450.83000000,34594.07000000,34350.00000000,34357.92000000,1897.28592000,60,60,False
1652025600000,1652029200000,34357.91000000,34550.00000000,34312.00000000,34383.19000000,2106.57974000,60,60,False
1652029200000,1652032800000,34383.18000000,34389.10000000,33713.95000000,34068.70000000,10331.77785000,60,60,False
1652032800000,1652036400000,34068.70000000,34629.53000000,33821.50000000,34515.54000000,3341.39830000,60,60,False
1652036400000,1652040000000,34515.54000000,34763.34000000,34488.92000000,34587.64000000,1867.20792000,60,60,False
1652040000000,1652043600000,34587.64000000,34640.00000000,34216.54000000,34229.76000000,2425.53128000,60,60,False
1652043600000,1652047200000,34229.75000000,34476.35000000,34229.75000000,34460.70000000,1336.45092000,60,60,False
1652047200000,1652050800000,34460.70000000,34479.28000000,34031.54000000,34275.27000000,2190.42821000,60,60,False
1652050800000,1652054400000,34275.27000000,34289.52000000,33930.00000000,34038.40000000,2238.73386000,60,60,False
1652054400000,1652058000000,34038.39000000,34231.72000000,33986.57000000,34142.51000000,2960.79450000,60,60,False
1652058000000,1652061600000,34142.50000000,34243.15000000,34022.76000000,34053.61000000,2180.04167000,60,60,False
1652061600000,1652065200000,34053.60000000,34068.44000000,33267.26000000,33496.16000000,11986.08765000,60,60,False
1652065200000,1652068800000,33496.16000000,33823.52000000,33363.06000000,33563.15000000,5650.98008000,60,60,False
1652068800000,1652072400000,33563.15000000,33838.42000000,33520.57000000,33648.89000000,1767.05822000,60,60,False
1652072400000,1652076000000,33648.90000000,33731.60000000,33462.06000000,33510.60000000,1757.12156000,60,60,False
1652076000000,1652079600000,33510.60000000,33593.27000000,33340.29000000,33571.73000000,2535.33027000,60,60,False
1652079600000,1652083200000,33571.74000000,33749.45000000,33504.73000000,33523.27000000,2346.64721000,60,60,False
1652083200000,1652086800000,33523.27000000,33759.78000000,33150.00000000,33671.42000000,4424.49156000,60,60,False
1652086800000,1652090400000,33671.42000000,33777.00000000,33423.00000000,33501.69000000,2730.51195000,60,60,False
1652090400000,1652094000000,33501.68000000,33547.00000000,32650.39000000,32822.22000000,11779.78699900,60,60,False
1652094000000,1652097600000,32822.21000000,33180.24000000,32663.82000000,33122.31000000,5843.43339000,60,60,False
1652097600000,1652101200000,33122.31000000,33134.28000000,32812.85000000,32858.81000000,4725.67078000,60,60,False
1652101200000,1652104800000,32858.82000000,33424.21000000,32733.46000000,33036.38000000,11628.38875000,60,60,False
1652104800000,1652108400000,33037.29000000,33068.28000000,32420.00000000,32455.61000000,8665.02839400,60,60,False
1652108400000,1652112000000,32455.61000000,32676.23000000,32061.29000000,32341.53000000,9734.98918200,60,60,False
1652112000000,1652115600000,32341.53000000,32588.20000000,31581.11000000,31692.10000000,12422.22493500,60,60,False
1652115600000,1652119200000,31692.09000000,31982.22000000,31000.00000000,31268.10000000,20015.33830600,60,60,False
1652119200000,1652122800000,31268.10000000,31454.13000000,30334.07000000,30786.98000000,20390.51822400,60,60,False
1652122800000,1652126400000,30786.97000000,31101.83000000,30369.85000000,30944.82000000,13028.93575000,60,60,False
1652126400000,1652130000000,30940.62000000,31899.99000000,30635.89000000,30954.25000000,13515.94823000,60,60,False
1652130000000,1652133600000,30954.25000000,31542.35000000,30758.19000000,30835.14000000,6972.44514000,60,60,False
1652133600000,1652137200000,30835.15000000,31340.66000000,30646.54000000,31087.89000000,5703.53028000,60,60,False
1652137200000,1652140800000,31087.88000000,31220.62000000,30033.33000000,30076.31000000,9111.62339800,60,60,False
1652140800000,1652144400000,30074.23000000,30991.44000000,29730.40000000,30800.11000000,17431.98576000,60,60,False
1652144400000,1652148000000,30800.11000000,31463.42000000,30662.15000000,30888.81000000,11708.46301000,60,60,False
1652148000000,1652151600000,30888.80000000,31402.04000000,30777.14000000,31041.99000000,7959.36565000,60,60,False
1652151600000,1652155200000,31041.99000000,31182.78000000,30625.00000000,30642.55000000,6084.48924000,60,60,False
1652155200000,1652158800000,30642.55000000,31350.00000000,30600.00000000,31219.46000000,6497.08804000,60,60,False
1652158800000,1652162400000,31219.46000000,31983.86000000,31206.60000000,31827.87000000,8317.62771000,60,60,False
1652162400000,1652166000000,31827.87000000,32658.99000000,31810.60000000,32080.02000000,10314.40819000,60,60,False
1652166000000,1652169600000,32080.01000000,32204.08000000,31605.69000000,31609.78000000,7111.53673000,60,60,False
1652169600000,1652173200000,31609.79000000,32016.66000000,31540.72000000,31749.81000000,6650.62935000,60,60,False
1652173200000,1652176800000,31749.81000000,31932.36000000,31313.13000000,31397.69000000,7805.10016000,60,60,False
1652176800000,1652180400000,31397.68000000,31575.70000000,31240.00000000,31305.27000000,5537.96580000,60,60,False
1652180400000,1652184000000,31305.27000000,31828.24000000,31249.09000000,31622.24000000,6008.72445000,60,60,False
1652184000000,1652187600000,31622.24000000,32311.22000000,31518.17000000,32158.11000000,6745.55651000,60,60,False
1652187600000,1652191200000,32158.12000000,32383.80000000,31540.00000000,31815.77000000,8226.83831000,60,60,False
1652191200000,1652194800000,31815.76000000,32194.66000000,30819.98000000,31085.34000000,9228.22969000,60,60,False
1652194800000,1652198400000,31085.33000000,31536.12000000,30860.00000000,31320.00000000,7643.09814000,60,60,False
1652198400000,1652202000000,31320.00000000,31447.97000000,30962.90000000,31217.91000000,4764.02134000,60,60,False
1652202000000,1652205600000,31217.92000000,31805.15000000,31198.37000000,31682.51000000,4322.28920000,60,60,False
1652205600000,1652209200000,31683.41000000,31787.59000000,31415.75000000,31624.51000000,2879.03488000,60,60,False
1652209200000,1652212800000,31624.52000000,31700.00000000,31205.39000000,31330.03000000,3110.36285000,60,60,False
1652212800000,1652216400000,31330.00000000,31353.43000000,30914.56000000,31009.27000000,2343.29073000,60,60,False
1652216400000,1652220000000,31009.28000000,31152.28000000,30239.04000000,30239.04000000,4488.31707000,60,60,False
1652220000000,1652223600000,30239.04000000,30948.83000000,30147.78000000,30785.18000000,6497.01416000,60,60,False
1652223600000,1652227200000,30785.18000000,31260.97000000,30691.34000000,31017.10000000,3856.56614000,60,60,False
1652227200000,1652230800000,31017.11000000,31348.91000000,30802.28000000,31043.78000000,4163.64281000,60,60,False
1652230800000,1652234400000,31043.79000000,31093.31000000,30695.09000000,30768.31000000,2440.49431000,60,60,False
1652234400000,1652238000000,30768.31000000,31545.19000000,30626.22000000,31479.82000000,4519.48708000,60,60,False
1652238000000,1652241600000,31479.82000000,31691.89000000,31157.77000000,31205.96000000,3183.23114000,60,60,False
1652241600000,1652245200000,31205.95000000,31398.24000000,31049.25000000,31218.02000000,3472.08749000,60,60,False
1652245200000,1652248800000,31218.01000000,31888.85000000,31077.32000000,31438.77000000,6991.97090000,60,60,False
1652248800000,1652252400000,31438.77000000,31522.44000000,30351.09000000,30498.04000000,6771.75859000,60,60,False
1652252400000,1652256000000,30498.04000000,30808.64000000,30200.00000000,30614.99000000,12280.57439000,60,60,False
1652256000000,1652259600000,30614.99000000,31419.88000000,30376.61000000,31406.80000000,9587.78125000,60,60,False
1652259600000,1652263200000,31406.79000000,31789.47000000,31089.81000000,31755.24000000,7029.05259000,60,60,False
1652263200000,1652266800000,31755.25000000,32162.59000000,31579.44000000,31843.87000000,6445.07347000,60,60,False
1652266800000,1652270400000,31843.87000000,31906.53000000,31467.35000000,31533.15000000,5039.74841000,60,60,False
1652270400000,1652274000000,31533.14000000,31785.51000000,29039.54000000,29329.30000000,28246.61975700,60,60,False
1652274000000,1652277600000,29329.30000000,31888.77000000,29150.67000000,31231.96000000,28613.98381000,60,60,False
1652277600000,1652281200000,31228.05000000,32000.00000000,30700.00000000,31811.78000000,16265.83667000,60,60,False
1652281200000,1652284800000,31811.78000000,31850.00000000,30783.74000000,30977.61000000,7541.84291000,60,60,False
1652284800000,1652288400000,30977.61000000,31131.58000000,30206.30000000,30327.19000000,5657.92082000,60,60,False
1652288400000,1652292000000,30327.20000000,30380.00000000,29402.00000000,29924.38000000,8436.15417000,60,60,False
1652292000000,1652295600000,29924.38000000,30266.10000000,29750.00000000,29915.90000000,4928.23052000,60,60,False
1652295600000,1652299200000,29915.90000000,30046.00000000,29190.00000000,29372.22000000,5061.33820000,60,60,False
1652299200000,1652302800000,29372.21000000,29652.63000000,28200.00000000,28486.14000000,9983.98607400,60,60,False
1652302800000,1652306400000,28499.94000000,29361.19000000,27785.00000000,29117.98000000,9992.76356700,60,60,False
1652306400000,1652310000000,29117.98000000,29358.58000000,28537.73000000,28863.11000000,6822.59727000,60,60,False
1652310000000,1652313600000,28863.12000000,29130.36000000,28629.40000000,29103.94000000,3587.56308000,60,60,False
1652313600000,1652317200000,29103.94000000,30243.00000000,28963.61000000,29831.35000000,8385.16757000,60,60,False
1652317200000,1652320800000,29831.36000000,30018.20000000,29113.01000000,29227.17000000,5398.89417000,60,60,False
1652320800000,1652324400000,29227.18000000,29474.29000000,28691.50000000,28809.82000000,7273.30511000,60,60,False
1652324400000,1652328000000,28809.83000000,29000.01000000,28367.07000000,28406.15000000,7690.33250000,60,60,False
1652328000000,1652331600000,28406.15000000,28478.70000000,27113.00000000,27793.62000000,18762.45474000,60,60,False
1652331600000,1652335200000,27793.63000000,27867.97000000,26700.00000000,27128.94000000,19603.25430800,60,60,False
1652335200000,1652338800000,27128.93000000,27999.73000000,26973.28000000,27114.84000000,14726.67283000,60,60,False
1652338800000,1652342400000,27114.84000000,28643.93000000,26750.00000000,28193.40000000,21433.68996000,60,60,False
1652342400000,1652346000000,28193.40000000,28323.90000000,27477.70000000,28112.80000000,10474.28206000,60,60,False
1652346000000,1652349600000,28112.81000000,28535.07000000,27906.64000000,28061.73000000,7016.58804000,60,60,False
1652349600000,1652353200000,28061.74000000,28929.85000000,27750.00000000,28622.32000000,7442.23889000,60,60,False
1652353200000,1652356800000,28622.31000000,29294.00000000,28325.00000000,28472.98000000,7086.66545000,60,60,False
1652356800000,1652360400000,28472.98000000,28777.28000000,27955.00000000,28506.30000000,6607.15895000,60,60,False
1652360400000,1652364000000,28506.30000000,28891.00000000,27902.95000000,28208.31000000,8011.80828000,60,60,False
1652364000000,1652367600000,28208.32000000,29672.35000000,27970.82000000,29580.94000000,10217.30276000,60,60,False
1652367600000,1652371200000,29580.94000000,29813.00000000,29018.94000000,29021.27000000,8833.36733000,60,60,False
1652371200000,1652374800000,29021.26000000,29967.03000000,28928.58000000,29701.10000000,8843.03004000,60,60,False
1652374800000,1652378400000,29708.84000000,29763.41000000,28536.41000000,28648.87000000,5818.21765000,60,60,False
1652378400000,1652382000000,28648.86000000,28812.06000000,28186.74000000,28352.18000000,4091.54693000,60,60,False
1652382000000,1652385600000,28352.19000000,28897.19000000,28286.56000000,28641.15000000,4004.11610000,60,60,False
1652385600000,1652389200000,28640.00000000,28982.48000000,28500.00000000,28617.10000000,2729.03060000,60,60,False
1652389200000,1652392800000,28614.38000000,28623.38000000,28001.00000000,28445.20000000,2776.60680000,60,60,False
1652392800000,1652396400000,28445.20000000,28843.70000000,28344.98000000,28821.52000000,3446.31937000,60,60,False
1652396400000,1652400000000,28824.10000000,29300.00000000,28821.20000000,29029.75000000,3835.21270000,60,60,False
1652400000000,1652403600000,29029.74000000,29605.00000000,28751.67000000,29545.39000000,4778.69819000,60,60,False
1652403600000,1652407200000,29545.38000000,29747.70000000,29255.25000000,29522.93000000,3986.91116000,60,60,False
1652407200000,1652410800000,29522.94000000,30225.02000000,29420.01000000,30140.97000000,6633.08826000,60,60,False
1652410800000,1652414400000,30140.98000000,30800.00000000,30025.00000000,30582.54000000,7075.86497000,60,60,False
1652414400000,1652418000000,30582.54000000,30624.77000000,30266.92000000,30471.60000000,3680.05664000,60,60,False
1652418000000,1652421600000,30471.59000000,31083.37000000,30425.85000000,30532.64000000,6509.45949000,60,60,False
1652421600000,1652425200000,30531.19000000,30690.00000000,30327.56000000,30390.75000000,2924.42294000,60,60,False
1652425200000,1652428800000,30390.76000000,30513.12000000,30154.24000000,30171.13000000,4502.19123000,60,60,False
1652428800000,1652432400000,30171.13000000,30459.15000000,30171.13000000,30335.38000000,3012.60834000,60,60,False
1652432400000,1652436000000,30335.38000000,30767.38000000,30333.33000000,30442.54000000,3896.06074000,60,60,False
1652436000000,1652439600000,30442.54000000,30600.69000000,30180.00000000,30475.72000000,2537.82262000,60,60,False
1652439600000,1652443200000,30475.71000000,30762.71000000,30246.92000000,30668.08000000,3783.81184000,60,60,False
1652443200000,1652446800000,30668.07000000,30837.00000000,30451.00000000,30719.31000000,4103.04595000,60,60,False
1652446800000,1652450400000,30719.30000000,30870.00000000,30346.51000000,30749.99000000,5712.20131000,60,60,False
1652450400000,1652454000000,30750.00000000,31033.00000000,30619.00000000,30692.08000000,4856.67053000,60,60,False
1652454000000,1652457600000,30692.08000000,30730.00000000,30227.62000000,30339.99000000,3555.08734000,60,60,False
1652457600000,1652461200000,30340.00000000,30537.78000000,29733.00000000,29939.96000000,6102.55466000,60,60,False
1652461200000,1652464800000,29939.96000000,30299.00000000,29561.00000000,29599.65000000,4775.93752000,60,60,False
1652464800000,1652468400000,29599.65000000,30250.00000000,29382.66000000,30131.98000000,5701.69046000,60,60,False
1652468400000,1652472000000,30131.99000000,30236.81000000,29950.07000000,30084.11000000,2592.04538000,60,60,False
1652472000000,1652475600000,30084.10000000,30125.02000000,29781.73000000,29798.11000000,1545.29480000,60,60,False
1652475600000,1652479200000,29798.11000000,30100.00000000,29704.13000000,30046.65000000,883.97470000,60,60,False
1652479200000,1652482800000,30046.65000000,30139.16000000,29801.00000000,29809.47000000,1218.72625000,60,60,False
1652482800000,1652486400000,29809.47000000,29850.00000000,29200.00000000,29287.05000000,3504.14425000,60,60,False
1652486400000,1652490000000,29287.05000000,29622.69000000,29219.37000000,29507.47000000,2140.68787000,60,60,False
1652490000000,1652493600000,29507.47000000,29824.69000000,29368.23000000,29706.36000000,2144.64476000,60,60,False
1652493600000,1652497200000,29706.35000000,29769.27000000,29513.37000000,29524.44000000,1467.34231000,60,60,False
1652497200000,1652500800000,29524.45000000,29688.00000000,29466.84000000,29569.89000000,1681.71065000,60,60,False
1652500800000,1652504400000,29569.89000000,29591.71000000,29200.00000000,29355.87000000,2046.54519000,60,60,False
1652504400000,1652508000000,29355.87000000,29526.83000000,29271.84000000,29451.96000000,1197.19198000,60,60,False
1652508000000,1652511600000,29451.95000000,29611.70000000,29390.20000000,29510.26000000,1046.08964000,60,60,False
1652511600000,1652515200000,29510.26000000,29584.10000000,29400.00000000,29431.59000000,1057.35956000,60,60,False
1652515200000,1652518800000,29431.58000000,29599.51000000,29361.01000000,29538.33000000,1194.95280000,60,60,False
1652518800000,1652522400000,29538.32000000,29599.41000000,29364.00000000,29495.68000000,1850.89921000,60,60,False
1652522400000,1652526000000,29495.69000000,29590.99000000,29252.19000000,29321.18000000,1953.16818000,60,60,False
1652526000000,1652529600000,29321.18000000,29374.14000000,28830.00000000,29074.24000000,5336.92990000,60,60,False
1652529600000,1652533200000,29074.24000000,29260.29000000,28949.35000000,29102.21000000,2171.69093000,60,60,False
1652533200000,1652536800000,29102.21000000,29169.10000000,28786.76000000,28835.22000000,2671.76609000,60,60,False
1652536800000,1652540400000,28835.23000000,28981.50000000,28660.76000000,28942.74000000,2454.75831000,60,60,False
1652540400000,1652544000000,28942.73000000,29098.08000000,28768.00000000,28818.06000000,1633.85050000,60,60,False
1652544000000,1652547600000,28818.05000000,29694.15000000,28630.00000000,29351.51000000,3995.66511000,60,60,False
1652547600000,1652551200000,29351.50000000,29626.06000000,29250.00000000,29613.10000000,2215.29536000,60,60,False
1652551200000,1652554800000,29613.09000000,29942.82000000,29464.07000000,29526.58000000,3567.72511000,60,60,False
1652554800000,1652558400000,29526.57000000,29650.00000000,29285.19000000,29338.78000000,1836.70139000,60,60,False
1652558400000,1652562000000,29338.79000000,29653.69000000,29300.00000000,29380.36000000,1366.23736000,60,60,False
1652562000000,1652565600000,29380.36000000,29886.68000000,29365.20000000,29701.15000000,1274.72069000,60,60,False
1652565600000,1652569200000,29701.15000000,30343.27000000,29578.28000000,30239.33000000,2660.41806000,60,60,False
1652569200000,1652572800000,30239.33000000,30300.00000000,29900.00000000,30086.74000000,2129.52767000,60,60,False
1652572800000,1652576400000,30086.74000000,30273.21000000,29933.73000000,29963.54000000,1993.34578000,60,60,False
1652576400000,1652580000000,29963.55000000,29996.62000000,29818.85000000,29936.69000000,1445.66819000,60,60,False
1652580000000,1652583600000,29936.70000000,30076.08000000,29746.00000000,29849.99000000,1431.24665000,60,60,False
1652583600000,1652587200000,29850.00000000,29900.69000000,29553.47000000,29721.65000000,1098.92167000,60,60,False
1652587200000,1652590800000,29721.66000000,29799.00000000,29480.00000000,29614.12000000,1111.16595000,60,60,False
1652590800000,1652594400000,29614.11000000,29839.56000000,29495.62000000,29802.34000000,1202.26267000,60,60,False
1652594400000,1652598000000,29802.33000000,30008.33000000,29716.46000000,29961.08000000,1325.40016000,60,60,False
1652598000000,1652601600000,29961.08000000,30061.54000000,29785.56000000,29825.99000000,1616.69760000,60,60,False
1652601600000,1652605200000,29826.00000000,29859.55000000,29547.48000000,29587.86000000,1320.55139000,60,60,False
1652605200000,1652608800000,29587.86000000,29794.53000000,29551.92000000,29757.22000000,1121.00979000,60,60,False
1652608800000,1652612400000,29757.23000000,29952.01000000,29564.47000000,29947.03000000,1351.45212000,60,60,False
1652612400000,1652616000000,29947.04000000,30327.68000000,29783.78000000,30241.46000000,3154.01210000,60,60,False
1652616000000,1652619600000,30241.46000000,30561.37000000,30178.55000000,30310.00000000,2931.84734000,60,60,False
1652619600000,1652623200000,30309.99000000,30400.00000000,30100.00000000,30181.92000000,1968.76131000,60,60,False
1652623200000,1652626800000,30181.92000000,30223.34000000,29782.01000000,29974.67000000,2491.08910000,60,60,False
1652626800000,1652630400000,29974.67000000,30178.41000000,29847.82000000,30013.47000000,1516.24710000,60,60,False
1652630400000,1652634000000,30013.46000000,30296.36000000,29950.01000000,30213.05000000,1946.54500000,60,60,False
1652634000000,1652637600000,30213.05000000,30293.22000000,29962.95000000,29990.00000000,1233.80988000,60,60,False
1652637600000,1652641200000,29990.01000000,30423.00000000,29936.49000000,30312.10000000,1902.52848000,60,60,False
1652641200000,1652644800000,30312.11000000,30500.00000000,30190.00000000,30457.88000000,1443.98443000,60,60,False
1652644800000,1652648400000,30457.88000000,31180.00000000,30355.22000000,31058.19000000,5900.34861000,60,60,False
1652648400000,1652652000000,31058.19000000,31220.00000000,30858.01000000,31075.87000000,2055.70975000,60,60,False
1652652000000,1652655600000,31075.87000000,31460.00000000,31075.36000000,31090.70000000,3106.74290000,60,60,False
1652655600000,1652659200000,31090.70000000,31397.93000000,31047.61000000,31328.89000000,1606.32115000,60,60,False
1652659200000,1652662800000,31328.89000000,31328.90000000,31048.00000000,31111.50000000,2286.18686000,60,60,False
1652662800000,1652666400000,31111.50000000,31159.52000000,30686.55000000,30776.06000000,3244.77632000,60,60,False
1652666400000,1652670000000,30776.05000000,30780.00000000,30376.00000000,30496.35000000,2662.42791000,60,60,False
1652670000000,1652673600000,30496.36000000,30520.87000000,30211.32000000,30323.23000000,1621.39927000,60,60,False
1652673600000,1652677200000,30323.23000000,30443.04000000,30132.86000000,30330.01000000,1703.80175000,60,60,False
1652677200000,1652680800000,30330.00000000,30473.31000000,30250.01000000,30291.11000000,1476.27189000,60,60,False
1652680800000,1652684400000,30291.12000000,30291.12000000,29376.20000000,29578.31000000,6918.51500000,60,60,False
1652684400000,1652688000000,29578.30000000,29741.28000000,29258.00000000,29593.89000000,3162.79210000,60,60,False
1652688000000,1652691600000,29593.89000000,29900.00000000,29574.06000000,29797.90000000,2603.53405000,60,60,False
1652691600000,1652695200000,29797.90000000,29797.91000000,29470.00000000,29611.29000000,2713.75496000,60,60,False
1652695200000,1652698800000,29611.29000000,30205.00000000,29433.90000000,30177.89000000,4060.74717000,60,60,False
1652698800000,1652702400000,30177.89000000,30202.18000000,29918.81000000,29950.95000000,2414.71277000,60,60,False
1652702400000,1652706000000,29950.95000000,30252.77000000,29583.83000000,29893.45000000,5443.13390000,60,60,False
1652706000000,1652709600000,29893.44000000,30082.91000000,29450.00000000,29519.14000000,5732.86986000,60,60,False
1652709600000,1652713200000,29519.14000000,29842.88000000,29450.53000000,29489.45000000,3161.48561000,60,60,False
1652713200000,1652716800000,29489.46000000,29734.63000000,29313.48000000,29676.56000000,4119.14717000,60,60,False
1652716800000,1652720400000,29676.56000000,29746.26000000,29087.04000000,29317.97000000,4438.19006000,60,60,False
1652720400000,1652724000000,29317.98000000,29819.72000000,29255.68000000,29727.47000000,2963.85305000,60,60,False
1652724000000,1652727600000,29727.47000000,29985.30000000,29673.67000000,29906.86000000,2633.86299000,60,60,False
1652727600000,1652731200000,29906.86000000,29976.94000000,29543.27000000,29576.70000000,2409.71380000,60,60,False
1652731200000,1652734800000,29576.70000000,29958.18000000,29543.46000000,29943.48000000,1406.14585000,60,60,False
1652734800000,1652738400000,29943.47000000,30259.78000000,29906.59000000,30170.00000000,2203.09323000,60,60,False
1652738400000,1652742000000,30170.01000000,30225.94000000,29980.02000000,30018.45000000,2121.64277000,60,60,False
1652742000000,1652745600000,30018.45000000,30107.85000000,29827.92000000,29874.01000000,1580.13824000,60,60,False
1652745600000,1652749200000,29874.01000000,30227.79000000,29807.16000000,30150.03000000,1790.10534000,60,60,False
1652749200000,1652752800000,30150.03000000,30180.78000000,29780.97000000,29998.27000000,1820.45520000,60,60,False
1652752800000,1652756400000,29998.26000000,30140.89000000,29894.72000000,30065.00000000,1006.19778000,60,60,False
1652756400000,1652760000000,30064.99000000,30508.00000000,30020.30000000,30363.59000000,2611.63950000,60,60,False
1652760000000,1652763600000,30363.59000000,30438.95000000,30244.52000000,30384.61000000,1333.88873000,60,60,False
1652763600000,1652767200000,30384.61000000,30530.00000000,30282.76000000,30466.17000000,1527.06104000,60,60,False
1652767200000,1652770800000,30466.17000000,30544.80000000,30351.14000000,30529.99000000,1205.70619000,60,60,False
1652770800000,1652774400000,30530.00000000,30578.14000000,30352.00000000,30412.06000000,1276.67210000,60,60,False
1652774400000,1652778000000,30412.05000000,30788.37000000,30395.00000000,30577.16000000,1972.84706000,60,60,False
1652778000000,1652781600000,30577.16000000,30732.97000000,30566.92000000,30643.05000000,1512.75715000,60,60,False
1652781600000,1652785200000,30643.05000000,30650.30000000,30448.48000000,30456.89000000,1336.62797000,60,60,False
1652785200000,1652788800000,30456.89000000,30529.69000000,30271.21000000,30319.47000000,2264.85476000,60,60,False
1652788800000,1652792400000,30319.48000000,30650.00000000,30290.00000000,30585.44000000,2767.36127000,60,60,False
1652792400000,1652796000000,30585.45000000,30748.00000000,30388.22000000,30516.67000000,3269.62275000,60,60,False
1652796000000,1652799600000,30516.66000000,30557.48000000,29944.48000000,30066.01000000,5046.28050000,60,60,False
1652799600000,1652803200000,30066.01000000,30232.80000000,29976.37000000,30153.74000000,3080.91116000,60,60,False
1652803200000,1652806800000,30153.74000000,30223.00000000,29883.91000000,30145.93000000,2930.21932000,60,60,False
1652806800000,1652810400000,30145.93000000,30272.38000000,30084.72000000,30090.76000000,2256.77400000,60,60,False
1652810400000,1652814000000,30090.75000000,30244.00000000,29450.38000000,29851.95000000,6529.62536000,60,60,False
1652814000000,1652817600000,29851.95000000,30320.00000000,29807.45000000,30097.09000000,4044.01764000,60,60,False
1652817600000,1652821200000,30097.10000000,30219.51000000,30045.85000000,30106.56000000,1363.67315000,60,60,False
1652821200000,1652824800000,30106.56000000,30669.00000000,30080.00000000,30551.79000000,2010.38883000,60,60,False
1652824800000,1652828400000,30551.80000000,30609.25000000,30237.18000000,30351.47000000,2284.81718000,60,60,False
1652828400000,1652832000000,30351.46000000,30569.99000000,30351.46000000,30444.93000000,1481.62909000,60,60,False
1652832000000,1652835600000,30444.93000000,30709.99000000,30416.34000000,30501.58000000,1512.07660000,60,60,False
1652835600000,1652839200000,30501.57000000,30513.77000000,30063.18000000,30125.40000000,1664.13591000,60,60,False
1652839200000,1652842800000,30125.41000000,30237.27000000,30087.70000000,30216.22000000,1371.38328000,60,60,False
1652842800000,1652846400000,30216.22000000,30221.41000000,29732.49000000,29831.40000000,2812.35207000,60,60,False
1652846400000,1652850000000,29831.40000000,29934.13000000,29754.60000000,29830.00000000,1780.21955000,60,60,False
1652850000000,1652853600000,29829.99000000,30051.02000000,29799.99000000,30032.20000000,2466.70875000,60,60,False
1652853600000,1652857200000,30032.19000000,30090.51000000,29739.02000000,29742.23000000,1746.35981000,60,60,False
1652857200000,1652860800000,29742.23000000,29918.20000000,29682.97000000,29910.25000000,1861.88412000,60,60,False
1652860800000,1652864400000,29910.25000000,29952.93000000,29742.99000000,29875.17000000,1620.48063000,60,60,False
1652864400000,1652868000000,29875.17000000,30023.85000000,29760.42000000,29957.35000000,2314.67153000,60,60,False
1652868000000,1652871600000,29957.34000000,30046.79000000,29903.37000000,29950.93000000,2238.64600000,60,60,False
1652871600000,1652875200000,29950.94000000,29972.08000000,29753.66000000,29833.58000000,1610.15741000,60,60,False
1652875200000,1652878800000,29833.59000000,29909.66000000,29514.13000000,29549.51000000,2553.04538000,60,60,False
1652878800000,1652882400000,29549.50000000,29680.00000000,29289.23000000,29348.78000000,5254.46966000,60,60,False
1652882400000,1652886000000,29348.79000000,29500.00000000,29064.74000000,29240.01000000,3495.13411000,60,60,False
1652886000000,1652889600000,29240.00000000,29241.85000000,28875.00000000,28984.99000000,4392.70808000,60,60,False
1652889600000,1652893200000,28984.98000000,29290.00000000,28750.00000000,29222.94000000,4157.82241000,60,60,False
1652893200000,1652896800000,29222.93000000,29227.43000000,28929.41000000,28986.62000000,2451.11228000,60,60,False
1652896800000,1652900400000,28986.63000000,29263.24000000,28881.35000000,29207.12000000,2825.09476000,60,60,False
1652900400000,1652904000000,29207.12000000,29538.19000000,29185.00000000,29276.55000000,3283.51527000,60,60,False
1652904000000,1652907600000,29276.55000000,29293.40000000,28960.87000000,29236.47000000,2141.94198000,60,60,False
1652907600000,1652911200000,29236.48000000,29349.21000000,29100.00000000,29208.32000000,1212.56031000,60,60,False
1652911200000,1652914800000,29208.31000000,29411.07000000,28911.05000000,28976.15000000,2563.27329000,60,60,False
1652914800000,1652918400000,28976.15000000,29100.00000000,28654.47000000,28715.32000000,2419.40480000,60,60,False
1652918400000,1652922000000,28715.33000000,29056.56000000,28700.01000000,28915.78000000,2025.92751000,60,60,False
1652922000000,1652925600000,28915.79000000,29044.29000000,28723.00000000,28766.72000000,1389.16532000,60,60,False
1652925600000,1652929200000,28766.73000000,29337.52000000,28691.38000000,29167.98000000,2948.32136000,60,60,False
1652929200000,1652932800000,29167.97000000,29322.80000000,29086.80000000,29196.78000000,2487.55093000,60,60,False
1652932800000,1652936400000,29196.77000000,29286.32000000,29085.26000000,29096.77000000,1254.46341000,60,60,False
1652936400000,1652940000000,29096.77000000,29200.00000000,29029.88000000,29059.99000000,1647.65045000,60,60,False
1652940000000,1652943600000,29059.99000000,29432.80000000,29059.99000000,29319.92000000,2352.03160000,60,60,False
1652943600000,1652947200000,29319.92000000,29353.80000000,29084.00000000,29192.13000000,2071.90100000,60,60,False
1652947200000,1652950800000,29192.13000000,29259.46000000,28950.06000000,28966.75000000,1877.87840000,60,60,False
1652950800000,1652954400000,28966.75000000,29061.94000000,28855.42000000,29010.00000000,2529.06491000,60,60,False
1652954400000,1652958000000,29009.99000000,29274.12000000,28932.63000000,29205.84000000,2408.97293000,60,60,False
1652958000000,1652961600000,29205.84000000,29540.00000000,29122.08000000,29500.20000000,3035.70713000,60,60,False
1652961600000,1652965200000,29499.81000000,29659.33000000,29380.89000000,29498.45000000,3403.10975000,60,60,False
1652965200000,1652968800000,29498.45000000,29777.00000000,29353.82000000,29517.33000000,5299.66903000,60,60,False
1652968800000,1652972400000,29517.32000000,29900.00000000,29504.68000000,29867.71000000,4561.55588000,60,60,False
1652972400000,1652976000000,29867.70000000,30545.18000000,29802.72000000,30389.45000000,7993.23976000,60,60,False
1652976000000,1652979600000,30389.45000000,30456.56000000,30086.84000000,30153.02000000,4384.76778000,60,60,False
1652979600000,1652983200000,30153.02000000,30266.41000000,29961.70000000,30191.17000000,3303.94509000,60,60,False
1652983200000,1652986800000,30191.17000000,30357.81000000,30136.74000000,30224.06000000,2672.73680000,60,60,False
1652986800000,1652990400000,30224.06000000,30306.64000000,29967.20000000,29967.40000000,2584.35903000,60,60,False
1652990400000,1652994000000,29967.40000000,30270.20000000,29950.45000000,30270.19000000,1633.87615000,60,60,False
1652994000000,1652997600000,30270.20000000,30486.57000000,30204.13000000,30276.23000000,2161.43399000,60,60,False
1652997600000,1653001200000,30276.24000000,30278.95000000,30110.00000000,30185.18000000,1537.95654000,60,60,False
1653001200000,1653004800000,30185.18000000,30450.11000000,30153.60000000,30319.23000000,2312.07940000,60,60,False
1653004800000,1653008400000,30319.22000000,30363.69000000,30142.93000000,30264.01000000,1324.28374000,60,60,False
1653008400000,1653012000000,30264.00000000,30777.33000000,30130.48000000,30475.57000000,4218.55549000,60,60,False
1653012000000,1653015600000,30475.58000000,30512.80000000,30228.63000000,30336.34000000,1661.00444000,60,60,False
1653015600000,1653019200000,30336.34000000,30345.24000000,30136.08000000,30175.03000000,1631.13443000,60,60,False
1653019200000,1653022800000,30175.04000000,30249.10000000,30012.00000000,30099.67000000,1621.85469000,60,60,False
1653022800000,1653026400000,30099.66000000,30194.27000000,30025.45000000,30185.39000000,1258.50356000,60,60,False
1653026400000,1653030000000,30185.39000000,30187.81000000,29850.51000000,30005.76000000,2104.50897000,60,60,False
1653030000000,1653033600000,30005.77000000,30362.16000000,29965.21000000,30256.74000000,2716.81758000,60,60,False
1653033600000,1653037200000,30256.74000000,30409.89000000,30151.89000000,30183.99000000,2095.49382000,60,60,False
1653037200000,1653040800000,30183.99000000,30390.00000000,30110.04000000,30301.81000000,1803.12593000,60,60,False
1653040800000,1653044400000,30301.81000000,30430.16000000,30262.28000000,30418.99000000,1518.64498000,60,60,False
1653044400000,1653048000000,30418.99000000,30535.40000000,30239.08000000,30414.07000000,2490.74402000,60,60,False
1653048000000,1653051600000,30414.06000000,30449.98000000,30080.74000000,30250.25000000,2170.27010000,60,60,False
1653051600000,1653055200000,30250.25000000,30425.00000000,30103.06000000,30362.53000000,3690.10434000,60,60,False
1653055200000,1653058800000,30362.55000000,30367.29000000,29400.00000000,29489.33000000,5657.19893000,60,60,False
1653058800000,1653062400000,29489.32000000,29491.84000000,29071.39000000,29152.90000000,5363.95160000,60,60,False
1653062400000,1653066000000,29152.90000000,29152.91000000,28730.00000000,28901.08000000,5405.72354000,60,60,False
1653066000000,1653069600000,28901.09000000,29025.25000000,28734.00000000,28959.22000000,3643.01702000,60,60,False
1653069600000,1653073200000,28959.22000000,29093.32000000,28813.45000000,29010.00000000,2222.21454000,60,60,False
1653073200000,1653076800000,29009.99000000,29359.23000000,28934.28000000,29291.55000000,3188.34541000,60,60,False
1653076800000,1653080400000,29291.55000000,29357.72000000,29123.77000000,29141.88000000,1581.87295000,60,60,False
1653080400000,1653084000000,29141.89000000,29311.38000000,29134.99000000,29183.60000000,913.41767000,60,60,False
1653084000000,1653087600000,29183.59000000,29326.82000000,29140.00000000,29152.93000000,1054.48586000,60,60,False
1653087600000,1653091200000,29152.93000000,29391.40000000,29152.00000000,29201.01000000,1181.97964000,60,60,False
1653091200000,1653094800000,29201.01000000,29347.52000000,29164.95000000,29279.17000000,803.22404000,60,60,False
1653094800000,1653098400000,29279.16000000,29300.00000000,28947.28000000,29150.00000000,1490.97084000,60,60,False
1653098400000,1653102000000,29150.00000000,29258.57000000,29076.14000000,29228.98000000,729.63095000,60,60,False
1653102000000,1653105600000,29228.97000000,29288.01000000,29124.59000000,29258.18000000,711.88315000,60,60,False
1653105600000,1653109200000,29258.17000000,29272.18000000,29205.23000000,29255.16000000,450.96651000,60,60,False
1653109200000,1653112800000,29255.16000000,29325.00000000,29223.52000000,29286.28000000,710.75511000,60,60,False
1653112800000,1653116400000,29286.28000000,29376.10000000,29230.03000000,29362.93000000,624.52065000,60,60,False
1653116400000,1653120000000,29362.93000000,29566.00000000,29320.00000000,29423.18000000,1553.52420000,60,60,False
1653120000000,1653123600000,29423.18000000,29481.10000000,29357.76000000,29375.04000000,763.04671000,60,60,False
1653123600000,1653127200000,29375.04000000,29384.31000000,29246.74000000,29342.89000000,693.20507000,60,60,False
1653127200000,1653130800000,29342.88000000,29432.29000000,29218.49000000,29299.87000000,985.38704000,60,60,False
1653130800000,1653134400000,29299.88000000,29319.99000000,29168.68000000,29288.00000000,749.58983000,60,60,False
1653134400000,1653138000000,29288.00000000,29347.56000000,29190.00000000,29293.05000000,767.28339000,60,60,False
1653138000000,1653141600000,29293.04000000,29371.28000000,29240.00000000,29308.93000000,595.35987000,60,60,False
1653141600000,1653145200000,29308.94000000,29484.90000000,29258.99000000,29405.92000000,1114.27013000,60,60,False
1653145200000,1653148800000,29405.91000000,29645.70000000,29277.77000000,29552.47000000,1867.02437000,60,60,False
1653148800000,1653152400000,29552.47000000,29656.18000000,29495.93000000,29563.17000000,1253.02269000,60,60,False
1653152400000,1653156000000,29563.17000000,29600.00000000,29390.62000000,29408.74000000,1058.60180000,60,60,False
1653156000000,1653159600000,29408.74000000,29493.40000000,29404.25000000,29478.06000000,790.55474000,60,60,False
1653159600000,1653163200000,29478.06000000,29580.02000000,29428.65000000,29464.31000000,1031.24076000,60,60,False
1653163200000,1653166800000,29464.32000000,29523.98000000,29350.00000000,29429.29000000,616.85678000,60,60,False
1653166800000,1653170400000,29429.29000000,29464.65000000,29340.00000000,29352.56000000,523.57591000,60,60,False
1653170400000,1653174000000,29352.55000000,29414.26000000,29311.07000000,29414.26000000,438.38109000,60,60,False
1653174000000,1653177600000,29414.25000000,29538.66000000,29408.36000000,29445.06000000,664.25561000,60,60,False
1653177600000,1653181200000,29445.07000000,29505.00000000,29396.20000000,29474.80000000,528.17425000,60,60,False
1653181200000,1653184800000,29474.81000000,29545.75000000,29474.80000000,29505.70000000,543.13315000,60,60,False
1653184800000,1653188400000,29505.70000000,29516.23000000,29365.88000000,29400.17000000,901.13087000,60,60,False
1653188400000,1653192000000,29400.18000000,29490.00000000,29331.26000000,29363.50000000,807.51194000,60,60,False
1653192000000,1653195600000,29363.50000000,29363.51000000,29255.11000000,29286.10000000,692.02029000,60,60,False
1653195600000,1653199200000,29286.09000000,29418.23000000,29286.09000000,29369.68000000,606.47384000,60,60,False
1653199200000,1653202800000,29369.69000000,29415.00000000,29363.74000000,29404.73000000,444.94882000,60,60,False
1653202800000,1653206400000,29404.74000000,29457.89000000,29358.83000000,29441.78000000,562.99536000,60,60,False
1653206400000,1653210000000,29441.78000000,29594.07000000,29421.53000000,29555.02000000,1039.36609000,60,60,False
1653210000000,1653213600000,29555.03000000,30201.00000000,29538.16000000,30140.78000000,4570.07476000,60,60,False
1653213600000,1653217200000,30140.79000000,30311.31000000,30102.11000000,30187.84000000,3037.23391000,60,60,False
1653217200000,1653220800000,30187.84000000,30259.69000000,29800.00000000,29897.52000000,3807.36507000,60,60,False
1653220800000,1653224400000,29897.52000000,30236.63000000,29892.18000000,30170.10000000,2077.76878000,60,60,False
1653224400000,1653228000000,30170.09000000,30172.67000000,29974.20000000,30080.00000000,1273.64337000,60,60,False
1653228000000,1653231600000,30080.00000000,30148.90000000,29929.98000000,29964.77000000,1933.18732000,60,60,False
1653231600000,1653235200000,29964.78000000,29981.25000000,29668.51000000,29844.01000000,1946.26341000,60,60,False
1653235200000,1653238800000,29844.01000000,29973.98000000,29738.57000000,29926.67000000,1223.10287000,60,60,False
1653238800000,1653242400000,29926.68000000,30177.93000000,29885.52000000,29931.68000000,2078.93841000,60,60,False
1653242400000,1653246000000,29931.67000000,30053.99000000,29844.95000000,30036.19000000,970.15957000,60,60,False
1653246000000,1653249600000,30036.19000000,30088.16000000,29906.79000000,29936.01000000,831.59656000,60,60,False
1653249600000,1653253200000,29936.02000000,30099.21000000,29910.14000000,29938.75000000,947.09289000,60,60,False
1653253200000,1653256800000,29938.75000000,30079.55000000,29911.09000000,30017.71000000,785.26623000,60,60,False
1653256800000,1653260400000,30017.70000000,30486.32000000,30017.70000000,30275.59000000,3204.54738000,60,60,False
1653260400000,1653264000000,30275.58000000,30487.99000000,30275.58000000,30293.94000000,1346.99234000,60,60,False
1653264000000,1653267600000,30293.93000000,30459.56000000,30193.53000000,30280.51000000,1515.75247000,60,60,False
1653267600000,1653271200000,30280.51000000,30280.52000000,30167.18000000,30220.00000000,837.85423000,60,60,False
1653271200000,1653274800000,30220.00000000,30220.00000000,30048.77000000,30128.50000000,1471.74620000,60,60,False
1653274800000,1653278400000,30128.51000000,30205.69000000,30097.28000000,30171.32000000,831.81805000,60,60,False
1653278400000,1653282000000,30171.32000000,30242.22000000,30101.07000000,30126.63000000,1097.64722000,60,60,False
1653282000000,1653285600000,30126.64000000,30330.01000000,30108.98000000,30301.46000000,1233.70524000,60,60,False
1653285600000,1653289200000,30301.46000000,30655.00000000,30284.91000000,30487.77000000,2977.24082000,60,60,False
1653289200000,1653292800000,30487.77000000,30670.51000000,30418.98000000,30457.01000000,2259.63317000,60,60,False
1653292800000,1653296400000,30457.01000000,30523.51000000,30281.89000000,30345.73000000,2508.01525000,60,60,False
1653296400000,1653300000000,30345.73000000,30520.00000000,30299.99000000,30441.94000000,1658.92556000,60,60,False
1653300000000,1653303600000,30441.94000000,30556.28000000,30410.20000000,30484.01000000,1513.51940000,60,60,False
1653303600000,1653307200000,30484.00000000,30616.18000000,30336.42000000,30397.11000000,1925.20251000,60,60,False
1653307200000,1653310800000,30397.12000000,30625.98000000,30352.18000000,30385.02000000,2030.25880000,60,60,False
1653310800000,1653314400000,30385.01000000,30559.56000000,30160.00000000,30323.07000000,4624.38230000,60,60,False
1653314400000,1653318000000,30323.06000000,30345.00000000,29967.07000000,30256.51000000,5573.80056000,60,60,False
1653318000000,1653321600000,30256.51000000,30480.00000000,30232.52000000,30373.53000000,2189.35969000,60,60,False
1653321600000,1653325200000,30373.53000000,30529.90000000,30162.95000000,30255.95000000,2759.37539000,60,60,False
1653325200000,1653328800000,30255.96000000,30256.85000000,30042.09000000,30099.22000000,2424.41600000,60,60,False
1653328800000,1653332400000,30099.22000000,30160.00000000,29820.55000000,29879.36000000,2182.09660000,60,60,False
1653332400000,1653336000000,29879.36000000,29883.44000000,29078.30000000,29089.90000000,8407.03264000,60,60,False
1653336000000,1653339600000,29089.91000000,29459.45000000,29041.54000000,29345.89000000,4103.87872000,60,60,False
1653339600000,1653343200000,29345.88000000,29499.03000000,29286.77000000,29346.34000000,1690.24433000,60,60,False
1653343200000,1653346800000,29346.33000000,29346.34000000,29035.58000000,29211.24000000,4062.98069000,60,60,False
1653346800000,1653350400000,29211.24000000,29211.25000000,28866.35000000,29109.15000000,4022.61348000,60,60,False
1653350400000,1653354000000,29109.14000000,29257.39000000,29056.70000000,29147.93000000,2120.99891000,60,60,False
1653354000000,1653357600000,29147.93000000,29243.17000000,29106.26000000,29224.82000000,1192.06029000,60,60,False
1653357600000,1653361200000,29224.83000000,29298.91000000,29190.01000000,29267.45000000,1242.95279000,60,60,False
1653361200000,1653364800000,29267.46000000,29326.74000000,29237.09000000,29299.92000000,1217.62011000,60,60,False
1653364800000,1653368400000,29299.91000000,29439.26000000,29251.41000000,29358.74000000,1537.66288000,60,60,False
1653368400000,1653372000000,29358.74000000,29428.31000000,29295.74000000,29347.86000000,1275.38756000,60,60,False
1653372000000,1653375600000,29347.86000000,29396.06000000,29241.61000000,29338.98000000,1836.62137000,60,60,False
1653375600000,1653379200000,29338.98000000,29432.52000000,29312.85000000,29404.55000000,1114.55104000,60,60,False
1653379200000,1653382800000,29404.54000000,29404.55000000,29155.03000000,29158.44000000,1554.27963000,60,60,False
1653382800000,1653386400000,29158.43000000,29359.99000000,29123.89000000,29340.00000000,2016.26528000,60,60,False
1653386400000,1653390000000,29339.99000000,29371.12000000,29265.12000000,29344.34000000,1574.16436000,60,60,False
1653390000000,1653393600000,29344.34000000,29430.83000000,29240.98000000,29295.74000000,1486.99700000,60,60,False
1653393600000,1653397200000,29295.75000000,29345.49000000,29150.00000000,29258.03000000,1642.09785000,60,60,False
1653397200000,1653400800000,29258.04000000,29326.92000000,28910.00000000,28960.87000000,5213.89760000,60,60,False
1653400800000,1653404400000,28960.87000000,29122.75000000,28669.00000000,29069.03000000,6982.07459000,60,60,False
1653404400000,1653408000000,29069.04000000,29650.00000000,28979.93000000,29382.31000000,6526.97230000,60,60,False
1653408000000,1653411600000,29382.32000000,29593.77000000,29241.95000000,29328.15000000,3735.17497000,60,60,False
1653411600000,1653415200000,29328.16000000,29398.09000000,29150.81000000,29341.02000000,3229.58049000,60,60,False
1653415200000,1653418800000,29341.02000000,29487.67000000,29101.00000000,29176.16000000,3551.70415000,60,60,False
1653418800000,1653422400000,29176.16000000,29470.50000000,29161.40000000,29391.62000000,3211.11923000,60,60,False
1653422400000,1653426000000,29391.62000000,29493.99000000,29250.22000000,29462.95000000,1282.22516000,60,60,False
1653426000000,1653429600000,29462.95000000,29650.00000000,29416.74000000,29586.76000000,1462.87890000,60,60,False
1653429600000,1653433200000,29586.76000000,29638.51000000,29531.84000000,29605.60000000,1302.91668000,60,60,False
1653433200000,1653436800000,29605.60000000,29845.86000000,29582.11000000,29654.58000000,3132.75722000,60,60,False
1653436800000,1653440400000,29654.58000000,29688.92000000,29557.36000000,29625.21000000,1237.37556000,60,60,False
1653440400000,1653444000000,29625.20000000,29803.22000000,29573.04000000,29789.69000000,1121.74731000,60,60,False
1653444000000,1653447600000,29789.69000000,30180.85000000,29734.07000000,30114.78000000,3774.15671000,60,60,False
1653447600000,1653451200000,30114.78000000,30222.87000000,30069.59000000,30198.09000000,2026.12239000,60,60,False
1653451200000,1653454800000,30198.09000000,30223.74000000,30068.65000000,30103.44000000,1949.18985000,60,60,False
1653454800000,1653458400000,30103.43000000,30140.01000000,29844.36000000,29869.25000000,2006.90412000,60,60,False
1653458400000,1653462000000,29869.25000000,29913.81000000,29666.67000000,29807.98000000,2596.36781000,60,60,False
1653462000000,1653465600000,29807.97000000,29851.02000000,29691.41000000,29701.46000000,1352.57768000,60,60,False
1653465600000,1653469200000,29701.47000000,29941.41000000,29560.67000000,29821.03000000,2532.18696000,60,60,False
1653469200000,1653472800000,29821.04000000,29876.75000000,29685.26000000,29813.00000000,2011.16618000,60,60,False
1653472800000,1653476400000,29813.00000000,29857.60000000,29683.20000000,29724.27000000,1236.95202000,60,60,False
1653476400000,1653480000000,29724.27000000,29758.38000000,29294.21000000,29409.01000000,5017.92808000,60,60,False
1653480000000,1653483600000,29409.01000000,29625.00000000,29339.57000000,29567.64000000,2961.03098000,60,60,False
1653483600000,1653487200000,29567.65000000,29862.06000000,29490.01000000,29713.00000000,3948.50712000,60,60,False
1653487200000,1653490800000,29713.01000000,29909.00000000,29661.55000000,29783.35000000,4573.36079000,60,60,False
1653490800000,1653494400000,29783.35000000,29828.40000000,29600.00000000,29629.36000000,2191.57829000,60,60,False
1653494400000,1653498000000,29629.35000000,29700.01000000,29430.54000000,29563.36000000,2610.59973000,60,60,False
1653498000000,1653501600000,29563.36000000,29783.24000000,29540.00000000,29711.63000000,1718.24890000,60,60,False
1653501600000,1653505200000,29711.64000000,30034.37000000,29535.02000000,29885.61000000,7069.81695000,60,60,False
1653505200000,1653508800000,29885.61000000,29976.90000000,29570.55000000,29599.10000000,2595.28863000,60,60,False
1653508800000,1653512400000,29599.10000000,29804.08000000,29560.71000000,29792.24000000,1552.80360000,60,60,False
1653512400000,1653516000000,29792.25000000,29849.52000000,29741.78000000,29824.98000000,805.00315000,60,60,False
1653516000000,1653519600000,29824.99000000,29880.00000000,29747.82000000,29785.55000000,986.41657000,60,60,False
1653519600000,1653523200000,29785.56000000,29787.05000000,29537.31000000,29542.15000000,1662.05721000,60,60,False
1653523200000,1653526800000,29542.14000000,29877.42000000,29503.72000000,29786.79000000,1705.67220000,60,60,False
1653526800000,1653530400000,29786.80000000,29819.90000000,29661.28000000,29677.27000000,1080.45821000,60,60,False
1653530400000,1653534000000,29677.28000000,29886.64000000,29677.27000000,29809.55000000,1103.97905000,60,60,False
1653534000000,1653537600000,29809.56000000,29857.00000000,29675.00000000,29837.16000000,1341.07160000,60,60,False
1653537600000,1653541200000,29837.16000000,29876.72000000,29747.60000000,29772.13000000,988.94185000,60,60,False
1653541200000,1653544800000,29772.13000000,29850.00000000,29664.52000000,29720.54000000,1471.17717000,60,60,False
1653544800000,1653548400000,29720.55000000,29750.37000000,29337.77000000,29681.29000000,2778.19259000,60,60,False
1653548400000,1653552000000,29681.30000000,29746.94000000,29564.94000000,29733.70000000,1899.70862000,60,60,False
1653552000000,1653555600000,29733.71000000,29744.25000000,28877.00000000,29009.59000000,10145.88705000,60,60,False
1653555600000,1653559200000,29009.58000000,29255.45000000,28881.75000000,29193.66000000,3941.88933000,60,60,False
1653559200000,1653562800000,29193.66000000,29256.68000000,29117.22000000,29144.26000000,1619.00862000,60,60,False
1653562800000,1653566400000,29144.26000000,29186.10000000,28925.33000000,28998.40000000,5653.88388000,60,60,False
1653566400000,1653570000000,28998.40000000,29144.38000000,28800.00000000,28951.46000000,7013.28126000,60,60,False
1653570000000,1653573600000,28951.46000000,28981.41000000,28019.56000000,28811.00000000,18414.47459000,60,60,False
1653573600000,1653577200000,28811.00000000,29361.89000000,28792.46000000,29250.71000000,11579.74126000,60,60,False
1653577200000,1653580800000,29250.70000000,29495.00000000,29222.15000000,29393.10000000,4359.73629000,60,60,False
1653580800000,1653584400000,29393.10000000,29787.69000000,29370.00000000,29586.31000000,5130.96042000,60,60,False
1653584400000,1653588000000,29586.31000000,29677.96000000,29464.81000000,29638.62000000,2065.11332000,60,60,False
1653588000000,1653591600000,29638.61000000,29645.79000000,29479.99000000,29605.21000000,2214.08134000,60,60,False
1653591600000,1653595200000,29605.21000000,29619.79000000,29373.35000000,29379.76000000,2483.00926000,60,60,False
1653595200000,1653598800000,29379.76000000,29593.70000000,29285.13000000,29460.01000000,1822.48199000,60,60,False
1653598800000,1653602400000,29460.01000000,29682.84000000,29460.00000000,29578.92000000,1487.30219000,60,60,False
1653602400000,1653606000000,29578.92000000,29669.63000000,29489.27000000,29508.87000000,1267.56700000,60,60,False
1653606000000,1653609600000,29508.88000000,29556.47000000,29174.00000000,29201.35000000,3014.03554000,60,60,False
1653609600000,1653613200000,29201.35000000,29390.34000000,29025.30000000,29074.51000000,3668.71360000,60,60,False
1653613200000,1653616800000,29074.50000000,29131.65000000,28880.00000000,28959.82000000,4209.86129000,60,60,False
1653616800000,1653620400000,28959.82000000,29088.88000000,28840.39000000,28988.95000000,3376.29015000,60,60,False
1653620400000,1653624000000,28988.94000000,29155.26000000,28970.92000000,29020.01000000,1910.76971000,60,60,False
1653624000000,1653627600000,29020.01000000,29113.89000000,28873.06000000,28927.29000000,2917.24574000,60,60,False
1653627600000,1653631200000,28927.30000000,29051.60000000,28643.89000000,28799.99000000,7258.46856000,60,60,False
1653631200000,1653634800000,28799.99000000,29039.00000000,28650.00000000,28974.53000000,7939.07277000,60,60,False
1653634800000,1653638400000,28974.53000000,29214.00000000,28900.17000000,28992.99000000,3551.75130000,60,60,False
1653638400000,1653642000000,28993.00000000,29142.75000000,28785.56000000,28940.95000000,3674.40041000,60,60,False
1653642000000,1653645600000,28940.95000000,29085.18000000,28884.21000000,29033.24000000,2434.92877000,60,60,False
1653645600000,1653649200000,29033.25000000,29051.54000000,28779.40000000,28834.75000000,2437.52558000,60,60,False
1653649200000,1653652800000,28834.76000000,29054.48000000,28810.00000000,28912.96000000,2399.24588000,60,60,False
1653652800000,1653656400000,28912.95000000,29397.66000000,28861.77000000,29259.90000000,4473.35383000,60,60,False
1653656400000,1653660000000,29259.91000000,29379.54000000,29125.68000000,29324.71000000,4280.17138000,60,60,False
1653660000000,1653663600000,29324.72000000,29341.41000000,28742.92000000,28787.42000000,4033.05023000,60,60,False
1653663600000,1653667200000,28787.42000000,28965.41000000,28639.26000000,28850.45000000,4428.96097000,60,60,False
1653667200000,1653670800000,28850.46000000,28936.44000000,28659.00000000,28733.99000000,3215.20924000,60,60,False
1653670800000,1653674400000,28734.00000000,28868.93000000,28340.00000000,28388.14000000,8825.60958000,60,60,False
1653674400000,1653678000000,28388.13000000,28489.99000000,28282.90000000,28466.67000000,3838.29979000,60,60,False
1653678000000,1653681600000,28466.68000000,29056.00000000,28414.00000000,28880.00000000,3781.24873000,60,60,False
1653681600000,1653685200000,28880.00000000,29025.00000000,28699.99000000,28755.88000000,3286.62526000,60,60,False
1653685200000,1653688800000,28755.88000000,28842.46000000,28700.00000000,28718.71000000,1085.27382000,60,60,False
1653688800000,1653692400000,28718.71000000,28907.13000000,28650.01000000,28822.96000000,864.55848000,60,60,False
1653692400000,1653696000000,28822.96000000,28856.31000000,28504.64000000,28629.80000000,3107.88503000,60,60,False
1653696000000,1653699600000,28629.81000000,28825.44000000,28558.24000000,28806.30000000,1875.59197000,60,60,False
1653699600000,1653703200000,28806.30000000,28842.93000000,28450.00000000,28615.82000000,5775.34689000,60,60,False
1653703200000,1653706800000,28615.83000000,28743.02000000,28598.43000000,28685.95000000,1288.08616000,60,60,False
1653706800000,1653710400000,28685.94000000,28854.05000000,28630.81000000,28819.20000000,1787.27409000,60,60,False
1653710400000,1653714000000,28819.20000000,28890.00000000,28754.40000000,28833.13000000,1362.65989000,60,60,False
1653714000000,1653717600000,28833.12000000,28949.39000000,28777.02000000,28876.96000000,1812.58195000,60,60,False
1653717600000,1653721200000,28876.96000000,28917.98000000,28770.78000000,28865.21000000,1267.23219000,60,60,False
1653721200000,1653724800000,28865.20000000,28917.15000000,28819.20000000,28885.72000000,983.03562000,60,60,False
1653724800000,1653728400000,28885.71000000,28925.00000000,28766.68000000,28838.49000000,1433.54976000,60,60,False
1653728400000,1653732000000,28838.49000000,28884.55000000,28768.20000000,28804.82000000,926.09019000,60,60,False
1653732000000,1653735600000,28804.81000000,28849.79000000,28771.38000000,28804.90000000,876.92555000,60,60,False
1653735600000,1653739200000,28804.89000000,28930.81000000,28779.49000000,28828.02000000,1414.11096000,60,60,False
1653739200000,1653742800000,28828.02000000,29032.00000000,28795.78000000,28979.86000000,1560.29485000,60,60,False
1653742800000,1653746400000,28979.85000000,29266.00000000,28945.71000000,29071.81000000,2609.18058000,60,60,False
1653746400000,1653750000000,29071.81000000,29101.64000000,28930.00000000,28957.23000000,1098.68856000,60,60,False
1653750000000,1653753600000,28957.23000000,29089.32000000,28890.00000000,28988.21000000,1372.67136000,60,60,False
1653753600000,1653757200000,28988.20000000,29050.00000000,28902.84000000,28907.50000000,1084.13049000,60,60,False
1653757200000,1653760800000,28907.50000000,29030.00000000,28784.48000000,28886.61000000,2238.88338000,60,60,False
1653760800000,1653764400000,28886.61000000,29019.16000000,28886.60000000,29001.74000000,599.37685000,60,60,False
1653764400000,1653768000000,29001.74000000,29067.01000000,28943.03000000,29019.82000000,665.98027000,60,60,False
1653768000000,1653771600000,29019.81000000,29042.22000000,28985.43000000,29026.27000000,525.28400000,60,60,False
1653771600000,1653775200000,29026.27000000,29060.00000000,28991.90000000,29017.47000000,450.20101000,60,60,False
1653775200000,1653778800000,29017.46000000,29040.00000000,28960.00000000,28992.65000000,413.19818000,60,60,False
1653778800000,1653782400000,28992.65000000,29154.61000000,28991.05000000,29031.33000000,1058.97652000,60,60,False
1653782400000,1653786000000,29031.33000000,29045.34000000,28970.30000000,29005.47000000,786.45225000,60,60,False
1653786000000,1653789600000,29005.46000000,29024.65000000,28900.00000000,28925.85000000,940.66592000,60,60,False
1653789600000,1653793200000,28925.85000000,28925.86000000,28839.21000000,28904.13000000,1227.04778000,60,60,False
1653793200000,1653796800000,28904.12000000,28997.21000000,28876.08000000,28984.32000000,719.15298000,60,60,False
1653796800000,1653800400000,28984.31000000,28984.32000000,28914.96000000,28941.09000000,456.89978000,60,60,False
1653800400000,1653804000000,28941.10000000,29049.39000000,28932.97000000,29043.09000000,542.01008000,60,60,False
1653804000000,1653807600000,29043.10000000,29060.32000000,28987.52000000,29034.84000000,576.53965000,60,60,False
1653807600000,1653811200000,29034.84000000,29037.98000000,28996.42000000,29008.35000000,498.38752000,60,60,False
1653811200000,1653814800000,29008.35000000,29190.00000000,28987.24000000,29063.30000000,1520.46730000,60,60,False
1653814800000,1653818400000,29063.29000000,29075.00000000,28952.70000000,28990.46000000,1206.82047000,60,60,False
1653818400000,1653822000000,28990.46000000,29216.76000000,28990.45000000,29159.49000000,1768.40223000,60,60,False
1653822000000,1653825600000,29159.50000000,29235.76000000,29112.01000000,29213.85000000,1557.66031000,60,60,False
1653825600000,1653829200000,29213.85000000,29489.00000000,29198.01000000,29380.43000000,3053.96027000,60,60,False
1653829200000,1653832800000,29380.43000000,29483.57000000,29312.00000000,29332.97000000,1238.61076000,60,60,False
1653832800000,1653836400000,29332.96000000,29382.94000000,29289.10000000,29298.95000000,1039.78051000,60,60,False
1653836400000,1653840000000,29298.95000000,29298.96000000,29166.51000000,29215.98000000,1486.62814000,60,60,False
1653840000000,1653843600000,29215.97000000,29339.95000000,29215.97000000,29285.25000000,974.67788000,60,60,False
1653843600000,1653847200000,29285.25000000,29355.50000000,29179.81000000,29222.97000000,795.15167000,60,60,False
1653847200000,1653850800000,29222.96000000,29253.28000000,29162.07000000,29165.95000000,660.51153000,60,60,False
1653850800000,1653854400000,29165.95000000,29199.57000000,29077.98000000,29126.41000000,1116.17307000,60,60,False
1653854400000,1653858000000,29126.40000000,29182.95000000,29091.67000000,29182.95000000,806.89307000,60,60,False
1653858000000,1653861600000,29182.95000000,29242.93000000,29171.10000000,29235.64000000,530.86826000,60,60,False
1653861600000,1653865200000,29235.64000000,29587.78000000,29175.29000000,29426.81000000,3083.20527000,60,60,False
1653865200000,1653868800000,29426.81000000,29499.80000000,29400.45000000,29468.10000000,980.38094000,60,60,False
1653868800000,1653872400000,29468.10000000,29470.61000000,29299.62000000,29322.46000000,1174.28881000,60,60,False
1653872400000,1653876000000,29322.45000000,29775.99000000,29320.21000000,29770.01000000,3296.75040000,60,60,False
1653876000000,1653879600000,29770.00000000,30279.15000000,29761.48000000,30216.71000000,7189.13189000,60,60,False
1653879600000,1653883200000,30216.70000000,30400.00000000,30209.62000000,30353.07000000,3204.19374000,60,60,False
1653883200000,1653886800000,30353.07000000,30432.12000000,30236.55000000,30332.84000000,2659.89887000,60,60,False
1653886800000,1653890400000,30332.83000000,30479.87000000,30297.05000000,30462.09000000,2574.84692000,60,60,False
1653890400000,1653894000000,30462.08000000,30928.71000000,30421.19000000,30702.52000000,7152.94322000,60,60,False
1653894000000,1653897600000,30702.52000000,30742.97000000,30542.14000000,30636.12000000,2880.22779000,60,60,False
1653897600000,1653901200000,30636.12000000,30736.00000000,30571.04000000,30731.78000000,1863.21411000,60,60,False
1653901200000,1653904800000,30731.78000000,30765.09000000,30593.72000000,30716.03000000,2843.55486000,60,60,False
1653904800000,1653908400000,30716.02000000,30758.49000000,30556.63000000,30596.27000000,2826.03603000,60,60,False
1653908400000,1653912000000,30596.27000000,30706.44000000,30581.52000000,30665.37000000,1818.86969000,60,60,False
1653912000000,1653915600000,30665.38000000,30931.00000000,30354.47000000,30537.25000000,5155.24941000,60,60,False
1653915600000,1653919200000,30537.25000000,30572.13000000,30269.22000000,30519.30000000,3069.35712000,60,60,False
1653919200000,1653922800000,30519.30000000,30748.64000000,30440.20000000,30467.42000000,3374.50978000,60,60,False
1653922800000,1653926400000,30467.42000000,30679.00000000,30450.00000000,30634.08000000,1933.56178000,60,60,False
1653926400000,1653930000000,30634.08000000,30714.22000000,30566.54000000,30622.04000000,1908.30848000,60,60,False
1653930000000,1653933600000,30622.04000000,30786.49000000,30582.70000000,30706.84000000,1788.90178000,60,60,False
1653933600000,1653937200000,30706.85000000,30720.00000000,30643.04000000,30674.80000000,796.66290000,60,60,False
1653937200000,1653940800000,30674.79000000,30878.10000000,30586.27000000,30643.11000000,3952.95040000,60,60,False
1653940800000,1653944400000,30643.10000000,31438.48000000,30500.00000000,31277.18000000,13450.89959000,60,60,False
1653944400000,1653948000000,31277.18000000,32222.00000000,30992.34000000,31807.98000000,12707.97414000,60,60,False
1653948000000,1653951600000,31807.99000000,31912.79000000,31400.00000000,31768.45000000,6284.84685000,60,60,False
1653951600000,1653955200000,31768.45000000,31894.60000000,31623.17000000,31734.22000000,2878.76904000,60,60,False
1653955200000,1653958800000,31734.23000000,31861.55000000,31445.59000000,31573.73000000,3174.01244000,60,60,False
1653958800000,1653962400000,31573.74000000,31619.38000000,31440.52000000,31558.69000000,1695.94950000,60,60,False
1653962400000,1653966000000,31558.69000000,31718.00000000,31520.87000000,31695.53000000,1361.95407000,60,60,False
1653966000000,1653969600000,31695.54000000,31835.73000000,31627.79000000,31772.82000000,4484.96790000,60,60,False
1653969600000,1653973200000,31772.81000000,31800.67000000,31654.72000000,31691.50000000,1181.40009000,60,60,False
1653973200000,1653976800000,31691.51000000,31739.48000000,31621.02000000,31641.63000000,1526.98987000,60,60,False
1653976800000,1653980400000,31641.64000000,31662.22000000,31434.66000000,31499.46000000,2719.85773000,60,60,False
1653980400000,1653984000000,31499.46000000,31585.14000000,31480.95000000,31573.77000000,1482.11959000,60,60,False
1653984000000,1653987600000,31573.76000000,31726.18000000,31570.12000000,31624.82000000,1750.68548000,60,60,False
1653987600000,1653991200000,31624.82000000,31640.77000000,31496.09000000,31546.01000000,1831.62888000,60,60,False
1653991200000,1653994800000,31546.01000000,31698.34000000,31518.39000000,31669.99000000,1634.79732000,60,60,False
1653994800000,1653998400000,31670.00000000,31842.69000000,31662.62000000,31767.00000000,1993.87778000,60,60,False
1653998400000,1654002000000,31766.99000000,31803.62000000,31547.93000000,31613.68000000,2011.42295000,60,60,False
1654002000000,1654005600000,31613.68000000,31927.58000000,31200.01000000,31392.79000000,5852.04046000,60,60,False
1654005600000,1654009200000,31392.79000000,31740.00000000,31226.01000000,31684.45000000,4407.26718000,60,60,False
1654009200000,1654012800000,31684.45000000,32181.37000000,31558.82000000,32058.53000000,4460.93216000,60,60,False
1654012800000,1654016400000,32058.52000000,32399.00000000,31839.67000000,32158.03000000,6124.06408000,60,60,False
1654016400000,1654020000000,32158.04000000,32197.25000000,31891.03000000,32122.09000000,3005.99799000,60,60,False
1654020000000,1654023600000,32122.09000000,32161.99000000,31592.33000000,31682.91000000,3624.22881000,60,60,False
1654023600000,1654027200000,31682.09000000,31784.70000000,31570.53000000,31625.71000000,3215.28839000,60,60,False
1654027200000,1654030800000,31625.71000000,31813.65000000,31584.29000000,31813.65000000,1277.75606000,60,60,False
1654030800000,1654034400000,31813.65000000,31831.94000000,31657.26000000,31720.01000000,968.45304000,60,60,False
1654034400000,1654038000000,31720.00000000,31895.01000000,31683.90000000,31869.28000000,1443.70621000,60,60,False
1654038000000,1654041600000,31869.27000000,31936.50000000,31770.29000000,31801.04000000,1203.71834000,60,60,False
1654041600000,1654045200000,31801.05000000,31982.97000000,31688.01000000,31936.54000000,2237.33599000,60,60,False
1654045200000,1654048800000,31936.53000000,31947.26000000,31836.99000000,31926.12000000,1280.94083000,60,60,False
1654048800000,1654052400000,31926.13000000,31926.13000000,31731.01000000,31806.72000000,1647.05696000,60,60,False
1654052400000,1654056000000,31806.71000000,31806.72000000,31614.01000000,31627.30000000,1937.06614000,60,60,False
1654056000000,1654059600000,31627.29000000,31670.00000000,31371.45000000,31566.60000000,2528.78791000,60,60,False
1654059600000,1654063200000,31566.60000000,31626.93000000,31445.76000000,31622.28000000,1293.69241000,60,60,False
1654063200000,1654066800000,31622.28000000,31669.01000000,31568.69000000,31584.62000000,1058.34091000,60,60,False
1654066800000,1654070400000,31584.62000000,31642.68000000,31474.40000000,31482.43000000,1693.71781000,60,60,False
1654070400000,1654074000000,31482.42000000,31647.31000000,31450.00000000,31624.91000000,2005.46649000,60,60,False
1654074000000,1654077600000,31624.90000000,31708.39000000,31614.00000000,31695.99000000,1187.22373000,60,60,False
1654077600000,1654081200000,31696.00000000,31709.99000000,31540.46000000,31553.00000000,1399.10858000,60,60,False
1654081200000,1654084800000,31552.99000000,31670.69000000,31444.00000000,31609.16000000,2405.21730000,60,60,False
1654084800000,1654088400000,31609.15000000,31846.27000000,31533.66000000,31727.65000000,2698.50253000,60,60,False
1654088400000,1654092000000,31727.65000000,31901.34000000,31649.43000000,31739.45000000,3429.33158000,60,60,False
1654092000000,1654095600000,31739.44000000,31819.02000000,30955.00000000,31172.49000000,7201.07578000,60,60,False
1654095600000,1654099200000,31172.48000000,31239.14000000,30600.00000000,30742.59000000,10280.12197000,60,60,False
1654099200000,1654102800000,30742.59000000,30744.19000000,30291.67000000,30419.62000000,14127.39573000,60,60,False
1654102800000,1654106400000,30419.62000000,30429.71000000,29901.29000000,30179.67000000,11518.46140000,60,60,False
1654106400000,1654110000000,30179.68000000,30445.00000000,30119.41000000,30167.69000000,5554.23114000,60,60,False
1654110000000,1654113600000,30167.69000000,30351.74000000,30002.92000000,30126.72000000,6735.20838000,60,60,False
1654113600000,1654117200000,30126.71000000,30162.44000000,29301.00000000,29636.09000000,13421.54865000,60,60,False
1654117200000,1654120800000,29636.10000000,29772.15000000,29576.72000000,29592.93000000,2013.80831000,60,60,False
1654120800000,1654124400000,29592.92000000,29769.61000000,29519.58000000,29747.16000000,2091.86169000,60,60,False
1654124400000,1654128000000,29747.17000000,30074.95000000,29728.80000000,29805.83000000,3650.13160000,60,60,False
1654128000000,1654131600000,29805.84000000,29817.89000000,29594.55000000,29680.00000000,2826.62933000,60,60,False
1654131600000,1654135200000,29680.01000000,29888.02000000,29640.18000000,29811.89000000,1742.44118000,60,60,False
1654135200000,1654138800000,29811.90000000,29903.74000000,29778.12000000,29826.16000000,1292.33107000,60,60,False
1654138800000,1654142400000,29826.16000000,29856.93000000,29703.05000000,29730.12000000,1690.59886000,60,60,False
1654142400000,1654146000000,29730.12000000,29824.11000000,29650.93000000,29817.24000000,1223.11546000,60,60,False
1654146000000,1654149600000,29817.24000000,29885.29000000,29683.82000000,29875.72000000,1545.78454000,60,60,False
1654149600000,1654153200000,29875.72000000,29951.73000000,29806.79000000,29915.24000000,1213.29204000,60,60,False
1654153200000,1654156800000,29915.24000000,30123.35000000,29901.01000000,29968.26000000,2812.52841000,60,60,False
1654156800000,1654160400000,29968.27000000,30020.84000000,29914.14000000,29938.48000000,1508.58728000,60,60,False
1654160400000,1654164000000,29938.47000000,30019.23000000,29871.00000000,29934.50000000,1468.23464000,60,60,False
1654164000000,1654167600000,29934.50000000,30171.82000000,29865.00000000,30034.37000000,2138.70768000,60,60,False
1654167600000,1654171200000,30034.37000000,30210.18000000,29961.04000000,30173.67000000,2236.38850000,60,60,False
1654171200000,1654174800000,30173.66000000,30186.64000000,30051.36000000,30089.29000000,1889.59851000,60,60,False
1654174800000,1654178400000,30089.29000000,30251.96000000,29597.01000000,29895.28000000,8229.09439000,60,60,False
1654178400000,1654182000000,29895.29000000,30144.93000000,29768.27000000,30052.08000000,5264.79605000,60,60,False
1654182000000,1654185600000,30052.08000000,30387.84000000,30040.97000000,30212.73000000,4196.22918000,60,60,False
1654185600000,1654189200000,30212.73000000,30408.54000000,30184.72000000,30294.44000000,2694.37916000,60,60,False
1654189200000,1654192800000,30294.45000000,30353.51000000,30166.42000000,30193.95000000,2162.49035000,60,60,False
1654192800000,1654196400000,30193.95000000,30330.00000000,29977.45000000,30138.75000000,1977.71791000,60,60,False
1654196400000,1654200000000,30138.74000000,30301.14000000,30068.96000000,30293.01000000,1748.67124000,60,60,False
1654200000000,1654203600000,30293.00000000,30389.56000000,30243.15000000,30243.74000000,1295.32193000,60,60,False
1654203600000,1654207200000,30243.74000000,30382.69000000,30235.70000000,30367.37000000,691.25502000,60,60,False
1654207200000,1654210800000,30367.37000000,30689.00000000,30324.10000000,30482.95000000,3426.21289000,60,60,False
1654210800000,1654214400000,30482.95000000,30642.79000000,30433.05000000,30452.62000000,1687.02366000,60,60,False
1654214400000,1654218000000,30452.63000000,30515.20000000,30359.54000000,30401.53000000,1755.69048000,60,60,False
1654218000000,1654221600000,30401.53000000,30699.00000000,30384.92000000,30628.38000000,2067.01970000,60,60,False
1654221600000,1654225200000,30628.39000000,30667.33000000,30532.34000000,30549.76000000,1105.54346000,60,60,False
1654225200000,1654228800000,30549.77000000,30562.15000000,30468.17000000,30529.96000000,1115.90936000,60,60,False
1654228800000,1654232400000,30529.96000000,30547.20000000,30422.62000000,30425.00000000,1199.14326000,60,60,False
1654232400000,1654236000000,30425.01000000,30561.32000000,30413.08000000,30540.64000000,1043.07229000,60,60,False
1654236000000,1654239600000,30540.64000000,30543.95000000,30363.07000000,30363.08000000,1035.46628000,60,60,False
1654239600000,1654243200000,30363.07000000,30489.71000000,30282.29000000,30443.74000000,1807.68814000,60,60,False
1654243200000,1654246800000,30443.70000000,30529.07000000,30393.46000000,30440.97000000,1536.67750000,60,60,False
1654246800000,1654250400000,30440.97000000,30475.48000000,30156.41000000,30250.00000000,2799.59414000,60,60,False
1654250400000,1654254000000,30249.99000000,30268.05000000,29745.37000000,29821.30000000,4220.79740000,60,60,False
1654254000000,1654257600000,29821.30000000,29954.67000000,29680.00000000,29758.19000000,3524.68684000,60,60,False
1654257600000,1654261200000,29758.20000000,29889.49000000,29486.10000000,29531.45000000,6514.17152000,60,60,False
1654261200000,1654264800000,29531.35000000,29773.50000000,29439.71000000,29722.17000000,5560.21352000,60,60,False
1654264800000,1654268400000,29722.18000000,29767.62000000,29282.36000000,29478.65000000,5028.32153000,60,60,False
1654268400000,1654272000000,29478.65000000,29576.35000000,29339.63000000,29506.24000000,2678.20877000,60,60,False
1654272000000,1654275600000,29506.25000000,29558.16000000,29401.00000000,29544.18000000,1811.41965000,60,60,False
1654275600000,1654279200000,29544.19000000,29677.14000000,29436.30000000,29507.86000000,2315.48089000,60,60,False
1654279200000,1654282800000,29507.85000000,29560.00000000,29465.40000000,29549.97000000,1261.59698000,60,60,False
1654282800000,1654286400000,29549.97000000,29620.00000000,29491.09000000,29572.52000000,1375.87989000,60,60,False
1654286400000,1654290000000,29572.52000000,29741.76000000,29558.30000000,29662.43000000,1087.51887000,60,60,False
1654290000000,1654293600000,29662.43000000,29863.25000000,29652.24000000,29807.10000000,1088.90461000,60,60,False
1654293600000,1654297200000,29807.10000000,29887.56000000,29704.81000000,29730.41000000,1207.62764000,60,60,False
1654297200000,1654300800000,29730.41000000,29744.21000000,29648.20000000,29700.21000000,926.81455000,60,60,False
1654300800000,1654304400000,29700.21000000,29763.35000000,29680.36000000,29717.59000000,719.79255000,60,60,False
1654304400000,1654308000000,29717.59000000,29747.13000000,29546.86000000,29584.26000000,1295.12164000,60,60,False
1654308000000,1654311600000,29584.26000000,29619.15000000,29500.00000000,29568.26000000,2212.70647000,60,60,False
1654311600000,1654315200000,29568.26000000,29643.55000000,29549.55000000,29560.12000000,1225.98934000,60,60,False
1654315200000,1654318800000,29560.12000000,29734.49000000,29546.78000000,29715.67000000,1548.15348000,60,60,False
1654318800000,1654322400000,29715.67000000,29723.49000000,29654.87000000,29682.10000000,404.50481000,60,60,False
1654322400000,1654326000000,29682.11000000,29714.00000000,29655.38000000,29694.90000000,612.11494000,60,60,False
1654326000000,1654329600000,29694.90000000,29705.81000000,29646.27000000,29700.96000000,478.26152000,60,60,False
1654329600000,1654333200000,29700.96000000,29800.00000000,29681.16000000,29750.03000000,825.71662000,60,60,False
1654333200000,1654336800000,29750.03000000,29771.32000000,29673.64000000,29724.96000000,884.11620000,60,60,False
1654336800000,1654340400000,29724.96000000,29791.04000000,29706.70000000,29729.90000000,831.17642000,60,60,False
1654340400000,1654344000000,29729.90000000,29742.09000000,29594.91000000,29681.69000000,897.04996000,60,60,False
1654344000000,1654347600000,29681.68000000,29703.64000000,29516.01000000,29538.00000000,1134.57345000,60,60,False
1654347600000,1654351200000,29538.00000000,29654.52000000,29522.99000000,29596.11000000,960.73462000,60,60,False
1654351200000,1654354800000,29596.11000000,29988.88000000,29485.00000000,29777.32000000,2794.76263000,60,60,False
1654354800000,1654358400000,29777.31000000,29888.01000000,29750.29000000,29858.80000000,1492.70826000,60,60,False
1654358400000,1654362000000,29858.79000000,29858.80000000,29747.63000000,29751.41000000,1138.48775000,60,60,False
1654362000000,1654365600000,29751.41000000,29755.24000000,29613.26000000,29712.52000000,1017.79595000,60,60,False
1654365600000,1654369200000,29712.52000000,29799.82000000,29712.51000000,29768.67000000,762.28045000,60,60,False
1654369200000,1654372800000,29768.68000000,29775.37000000,29634.05000000,29655.41000000,741.55965000,60,60,False
1654372800000,1654376400000,29655.41000000,29750.00000000,29632.05000000,29749.77000000,620.23887000,60,60,False
1654376400000,1654380000000,29749.77000000,29862.57000000,29745.51000000,29846.33000000,612.78480000,60,60,False
1654380000000,1654383600000,29846.33000000,29977.99000000,29791.65000000,29808.01000000,1658.35818000,60,60,False
1654383600000,1654387200000,29808.02000000,29869.40000000,29771.22000000,29864.04000000,748.91257000,60,60,False
1654387200000,1654390800000,29864.03000000,29897.18000000,29729.37000000,29740.64000000,782.85069000,60,60,False
1654390800000,1654394400000,29740.64000000,29755.23000000,29681.85000000,29691.74000000,862.23099000,60,60,False
1654394400000,1654398000000,29691.73000000,29799.99000000,29678.50000000,29793.99000000,592.84149000,60,60,False
1654398000000,1654401600000,29793.99000000,29819.95000000,29748.88000000,29766.95000000,474.10191000,60,60,False
1654401600000,1654405200000,29766.95000000,29782.19000000,29686.00000000,29722.90000000,646.57341000,60,60,False
1654405200000,1654408800000,29722.90000000,29819.85000000,29722.89000000,29793.95000000,439.88382000,60,60,False
1654408800000,1654412400000,29793.94000000,29796.83000000,29729.70000000,29729.71000000,376.08204000,60,60,False
1654412400000,1654416000000,29729.71000000,29810.20000000,29645.67000000,29645.67000000,666.95377000,60,60,False
1654416000000,1654419600000,29645.68000000,29738.73000000,29643.93000000,29691.81000000,615.97894000,60,60,False
1654419600000,1654423200000,29691.82000000,29691.82000000,29531.42000000,29639.46000000,1159.92989000,60,60,False
1654423200000,1654426800000,29639.46000000,29710.00000000,29600.00000000,29641.65000000,493.53234000,60,60,False
1654426800000,1654430400000,29641.65000000,29742.13000000,29588.95000000,29718.69000000,718.61891000,60,60,False
1654430400000,1654434000000,29718.69000000,29780.65000000,29675.24000000,29717.99000000,564.95400000,60,60,False
1654434000000,1654437600000,29718.00000000,29754.89000000,29640.73000000,29656.46000000,508.84233000,60,60,False
1654437600000,1654441200000,29656.45000000,29837.86000000,29626.65000000,29791.71000000,1035.92173000,60,60,False
1654441200000,1654444800000,29791.72000000,29981.00000000,29781.70000000,29972.22000000,1570.92494000,60,60,False
1654444800000,1654448400000,29972.23000000,30189.00000000,29761.00000000,29866.94000000,3160.67496000,60,60,False
1654448400000,1654452000000,29866.95000000,30132.47000000,29846.38000000,30021.99000000,1856.99172000,60,60,False
1654452000000,1654455600000,30022.00000000,30092.09000000,29979.44000000,29996.31000000,904.97902000,60,60,False
1654455600000,1654459200000,29996.31000000,30100.00000000,29956.07000000,30049.86000000,744.61866000,60,60,False
1654459200000,1654462800000,30049.85000000,30127.47000000,29945.84000000,29945.84000000,793.84855000,60,60,False
1654462800000,1654466400000,29945.85000000,29996.75000000,29815.75000000,29965.23000000,1006.36058000,60,60,False
1654466400000,1654470000000,29965.23000000,30070.83000000,29875.01000000,30022.67000000,1946.38215000,60,60,False
1654470000000,1654473600000,30022.67000000,30050.92000000,29894.89000000,29919.21000000,1215.85126000,60,60,False
1654473600000,1654477200000,29919.20000000,30396.99000000,29890.23000000,30301.70000000,2491.61974000,60,60,False
1654477200000,1654480800000,30301.69000000,30924.56000000,30301.69000000,30844.07000000,5378.11621000,60,60,False
1654480800000,1654484400000,30844.06000000,31145.32000000,30844.06000000,30926.11000000,4177.22499000,60,60,False
1654484400000,1654488000000,30926.12000000,31276.87000000,30926.11000000,31251.00000000,6152.95419000,60,60,False
1654488000000,1654491600000,31250.99000000,31357.00000000,31148.43000000,31222.91000000,2376.70920000,60,60,False
1654491600000,1654495200000,31222.91000000,31283.34000000,31153.60000000,31169.05000000,1937.11907000,60,60,False
1654495200000,1654498800000,31169.05000000,31434.75000000,31160.42000000,31274.23000000,2619.20575000,60,60,False
1654498800000,1654502400000,31274.23000000,31393.15000000,31196.74000000,31292.77000000,2240.20227000,60,60,False
1654502400000,1654506000000,31292.76000000,31483.28000000,31281.00000000,31469.28000000,2697.09011000,60,60,False
1654506000000,1654509600000,31469.27000000,31550.00000000,31380.00000000,31475.14000000,2231.52074000,60,60,False
1654509600000,1654513200000,31475.13000000,31535.90000000,31390.00000000,31483.19000000,1653.15499000,60,60,False
1654513200000,1654516800000,31483.19000000,31599.37000000,31338.37000000,31396.71000000,2651.56181000,60,60,False
1654516800000,1654520400000,31396.72000000,31479.57000000,31346.95000000,31408.96000000,1933.57207000,60,60,False
1654520400000,1654524000000,31408.97000000,31527.90000000,31256.00000000,31442.96000000,4312.83641000,60,60,False
1654524000000,1654527600000,31442.96000000,31765.64000000,31421.73000000,31506.69000000,4918.62416000,60,60,False
1654527600000,1654531200000,31506.69000000,31559.41000000,31162.55000000,31541.42000000,5502.63391000,60,60,False
1654531200000,1654534800000,31541.41000000,31555.75000000,31223.78000000,31310.95000000,3354.61617000,60,60,False
1654534800000,1654538400000,31310.95000000,31372.99000000,31000.01000000,31346.12000000,3330.05141000,60,60,False
1654538400000,1654542000000,31346.12000000,31437.60000000,31230.24000000,31349.50000000,2019.47844000,60,60,False
1654542000000,1654545600000,31349.50000000,31483.96000000,31244.99000000,31470.72000000,1765.41874000,60,60,False
1654545600000,1654549200000,31470.72000000,31542.66000000,31272.39000000,31462.49000000,1816.14991000,60,60,False
1654549200000,1654552800000,31462.49000000,31599.85000000,31410.23000000,31488.86000000,1300.12136000,60,60,False
1654552800000,1654556400000,31488.86000000,31543.40000000,31381.58000000,31395.55000000,964.87495000,60,60,False
1654556400000,1654560000000,31395.55000000,31431.14000000,31317.61000000,31373.10000000,1012.06796000,60,60,False
1654560000000,1654563600000,31373.10000000,31381.03000000,30131.01000000,30197.77000000,10182.07375000,60,60,False
1654563600000,1654567200000,30197.77000000,30257.14000000,29295.18000000,29568.47000000,11463.15517000,60,60,False
1654567200000,1654570800000,29568.47000000,29568.48000000,29218.96000000,29402.08000000,6359.73876000,60,60,False
1654570800000,1654574400000,29402.09000000,29668.10000000,29340.00000000,29563.62000000,6120.68755000,60,60,False
1654574400000,1654578000000,29563.61000000,29608.00000000,29455.40000000,29522.42000000,3289.71517000,60,60,False
1654578000000,1654581600000,29522.42000000,29632.49000000,29401.00000000,29478.41000000,3878.02366000,60,60,False
1654581600000,1654585200000,29478.40000000,29561.26000000,29441.92000000,29521.24000000,1489.61972000,60,60,False
1654585200000,1654588800000,29521.23000000,29598.75000000,29493.92000000,29585.12000000,1628.00425000,60,60,False
1654588800000,1654592400000,29585.12000000,29733.63000000,29560.54000000,29652.76000000,2128.62612000,60,60,False
1654592400000,1654596000000,29652.76000000,29663.91000000,29550.00000000,29561.54000000,1388.65084000,60,60,False
1654596000000,1654599600000,29561.53000000,29655.96000000,29532.50000000,29597.79000000,1142.84869000,60,60,False
1654599600000,1654603200000,29597.79000000,29617.57000000,29345.00000000,29521.50000000,3012.27658000,60,60,False
1654603200000,1654606800000,29521.51000000,29570.00000000,29401.44000000,29504.21000000,2637.31256000,60,60,False
1654606800000,1654610400000,29504.21000000,29715.57000000,29430.01000000,29564.48000000,3272.75616000,60,60,False
1654610400000,1654614000000,29564.47000000,30041.25000000,29506.33000000,29908.73000000,5812.94357000,60,60,False
1654614000000,1654617600000,29908.72000000,30027.01000000,29775.80000000,29891.17000000,3357.91031000,60,60,False
1654617600000,1654621200000,29891.17000000,29950.00000000,29747.62000000,29918.31000000,1742.51734000,60,60,False
1654621200000,1654624800000,29918.32000000,29989.30000000,29863.20000000,29943.75000000,1230.33646000,60,60,False
1654624800000,1654628400000,29943.76000000,30268.65000000,29925.19000000,30193.41000000,2532.70536000,60,60,False
1654628400000,1654632000000,30193.42000000,31429.85000000,30189.78000000,31059.71000000,9207.19644000,60,60,False
1654632000000,1654635600000,31059.71000000,31589.60000000,31048.99000000,31350.33000000,8526.58092000,60,60,False
1654635600000,1654639200000,31350.33000000,31547.56000000,31271.10000000,31401.21000000,3571.36425000,60,60,False
1654639200000,1654642800000,31401.21000000,31568.00000000,30300.00000000,31259.96000000,10302.91669000,60,60,False
1654642800000,1654646400000,31259.96000000,31386.46000000,30914.26000000,31125.33000000,6396.55626000,60,60,False
1654646400000,1654650000000,31125.32000000,31327.22000000,31050.83000000,31079.67000000,3357.85846000,60,60,False
1654650000000,1654653600000,31079.67000000,31230.00000000,30738.51000000,31118.19000000,4038.99251000,60,60,False
1654653600000,1654657200000,31118.19000000,31244.16000000,30948.83000000,30973.14000000,1803.16908000,60,60,False
1654657200000,1654660800000,30973.13000000,31028.92000000,29843.88000000,30026.72000000,10457.20765000,60,60,False
1654660800000,1654664400000,30026.71000000,30396.00000000,29872.55000000,30248.45000000,6228.52668000,60,60,False
1654664400000,1654668000000,30248.45000000,30650.02000000,30213.34000000,30548.89000000,2681.82617000,60,60,False
1654668000000,1654671600000,30548.89000000,30686.63000000,30352.58000000,30534.75000000,2395.55103000,60,60,False
1654671600000,1654675200000,30534.74000000,30637.84000000,30314.45000000,30561.77000000,2004.93254000,60,60,False
1654675200000,1654678800000,30561.77000000,30616.85000000,30431.48000000,30505.23000000,1813.73793000,60,60,False
1654678800000,1654682400000,30505.24000000,30575.76000000,30373.17000000,30530.60000000,1709.95412000,60,60,False
1654682400000,1654686000000,30530.60000000,30535.31000000,30336.81000000,30382.78000000,1204.75170000,60,60,False
1654686000000,1654689600000,30382.79000000,30510.01000000,30340.72000000,30410.85000000,1599.65981000,60,60,False
1654689600000,1654693200000,30410.85000000,30450.22000000,30111.01000000,30137.78000000,2626.91411000,60,60,False
1654693200000,1654696800000,30137.79000000,30901.67000000,30051.16000000,30766.49000000,6583.01654000,60,60,False
1654696800000,1654700400000,30766.50000000,30797.00000000,30338.75000000,30425.75000000,4147.98896000,60,60,False
1654700400000,1654704000000,30425.76000000,30558.06000000,30375.39000000,30476.77000000,2186.63599000,60,60,False
1654704000000,1654707600000,30476.77000000,30552.64000000,30213.92000000,30331.51000000,2307.38440000,60,60,False
1654707600000,1654711200000,30331.51000000,30457.43000000,30287.62000000,30382.62000000,1419.43620000,60,60,False
1654711200000,1654714800000,30382.61000000,30421.05000000,29916.45000000,30234.87000000,3684.77528000,60,60,False
1654714800000,1654718400000,30234.86000000,30307.94000000,30075.17000000,30140.14000000,1975.02956000,60,60,False
1654718400000,1654722000000,30140.14000000,30321.92000000,30102.86000000,30202.53000000,997.73060000,60,60,False
1654722000000,1654725600000,30202.53000000,30499.00000000,30200.16000000,30424.25000000,1134.90422000,60,60,False
1654725600000,1654729200000,30424.24000000,30457.23000000,30283.32000000,30310.55000000,1061.03909000,60,60,False
1654729200000,1654732800000,30310.55000000,30370.17000000,30189.22000000,30204.77000000,1121.59013000,60,60,False
1654732800000,1654736400000,30204.77000000,30274.24000000,30070.24000000,30223.76000000,1757.26206000,60,60,False
1654736400000,1654740000000,30223.76000000,30323.51000000,30090.39000000,30090.50000000,1214.83639000,60,60,False
1654740000000,1654743600000,30090.51000000,30213.18000000,30075.42000000,30203.15000000,895.42981000,60,60,False
1654743600000,1654747200000,30203.14000000,30303.51000000,30189.54000000,30293.49000000,741.38966000,60,60,False
1654747200000,1654750800000,30293.50000000,30302.05000000,30235.85000000,30267.46000000,692.12559000,60,60,False
1654750800000,1654754400000,30267.46000000,30465.59000000,30250.35000000,30315.29000000,1806.68925000,60,60,False
1654754400000,1654758000000,30315.29000000,30350.00000000,30283.57000000,30334.47000000,976.76919000,60,60,False
1654758000000,1654761600000,30334.46000000,30487.54000000,30317.21000000,30487.54000000,1629.82850000,60,60,False
1654761600000,1654765200000,30487.53000000,30569.00000000,30360.27000000,30510.57000000,2169.33239000,60,60,False
1654765200000,1654768800000,30510.56000000,30700.00000000,30482.82000000,30549.46000000,2243.71821000,60,60,False
1654768800000,1654772400000,30549.45000000,30600.04000000,30384.66000000,30433.81000000,1530.23911000,60,60,False
1654772400000,1654776000000,30433.81000000,30453.40000000,30251.89000000,30299.47000000,1984.95739000,60,60,False
1654776000000,1654779600000,30299.46000000,30366.68000000,30004.77000000,30112.88000000,6144.09476000,60,60,False
1654779600000,1654783200000,30112.87000000,30258.99000000,29944.10000000,30167.30000000,3931.82547000,60,60,False
1654783200000,1654786800000,30167.30000000,30287.07000000,30059.29000000,30116.57000000,3021.19869000,60,60,False
1654786800000,1654790400000,30116.56000000,30389.05000000,30036.19000000,30302.24000000,2361.31360000,60,60,False
1654790400000,1654794000000,30302.23000000,30375.34000000,30180.20000000,30351.93000000,2294.70656000,60,60,False
1654794000000,1654797600000,30351.94000000,30450.00000000,30207.92000000,30323.53000000,2148.16414000,60,60,False
1654797600000,1654801200000,30323.54000000,30347.00000000,30141.91000000,30148.23000000,1734.47661000,60,60,False
1654801200000,1654804800000,30148.23000000,30173.22000000,29976.00000000,30017.12000000,1811.20259000,60,60,False
1654804800000,1654808400000,30017.12000000,30197.77000000,29970.51000000,30185.93000000,1703.27776000,60,60,False
1654808400000,1654812000000,30185.92000000,30250.00000000,30134.61000000,30139.31000000,785.53064000,60,60,False
1654812000000,1654815600000,30139.30000000,30155.66000000,30017.00000000,30067.61000000,1243.30469000,60,60,False
1654815600000,1654819200000,30067.61000000,30124.04000000,30000.00000000,30109.93000000,1469.51344000,60,60,False
1654819200000,1654822800000,30109.93000000,30145.38000000,29578.96000000,29755.12000000,7314.09681000,60,60,False
1654822800000,1654826400000,29755.11000000,30057.51000000,29739.90000000,29885.72000000,2057.48623000,60,60,False
1654826400000,1654830000000,29885.73000000,30039.13000000,29874.06000000,30024.00000000,1053.64458000,60,60,False
1654830000000,1654833600000,30024.00000000,30382.80000000,30024.00000000,30114.38000000,5084.61057000,60,60,False
1654833600000,1654837200000,30114.38000000,30147.20000000,30042.13000000,30093.00000000,1034.93661000,60,60,False
1654837200000,1654840800000,30093.00000000,30185.00000000,30087.94000000,30104.12000000,830.74518000,60,60,False
1654840800000,1654844400000,30104.11000000,30226.79000000,30067.97000000,30095.48000000,1832.60554000,60,60,False
1654844400000,1654848000000,30095.48000000,30135.68000000,30052.43000000,30052.43000000,1218.44265000,60,60,False
1654848000000,1654851600000,30052.44000000,30114.25000000,30005.00000000,30020.81000000,2466.99599000,60,60,False
1654851600000,1654855200000,30020.80000000,30078.84000000,29868.00000000,29897.09000000,4351.84185000,60,60,False
1654855200000,1654858800000,29897.09000000,30012.88000000,29875.09000000,30000.65000000,1474.98796000,60,60,False
1654858800000,1654862400000,30000.64000000,30089.51000000,29968.91000000,30020.56000000,972.21828000,60,60,False
1654862400000,1654866000000,30020.56000000,30184.40000000,29501.00000000,29642.60000000,9211.55757000,60,60,False
1654866000000,1654869600000,29642.60000000,29717.10000000,29258.00000000,29396.04000000,7957.49460000,60,60,False
1654869600000,1654873200000,29396.04000000,29694.47000000,29222.67000000,29565.01000000,5099.29830000,60,60,False
1654873200000,1654876800000,29565.01000000,29622.59000000,29353.81000000,29454.53000000,3005.30966000,60,60,False
1654876800000,1654880400000,29454.52000000,29484.45000000,28850.00000000,29045.46000000,8018.10386000,60,60,False
1654880400000,1654884000000,29045.47000000,29197.10000000,28922.72000000,29115.01000000,3115.73850000,60,60,False
1654884000000,1654887600000,29115.01000000,29142.06000000,28976.67000000,29056.80000000,1861.85843000,60,60,False
1654887600000,1654891200000,29056.79000000,29160.00000000,28945.63000000,28980.02000000,2454.90746000,60,60,False
1654891200000,1654894800000,28980.03000000,29261.39000000,28970.00000000,29204.02000000,1866.36728000,60,60,False
1654894800000,1654898400000,29204.01000000,29400.00000000,29154.81000000,29200.01000000,852.92226000,60,60,False
1654898400000,1654902000000,29200.01000000,29304.21000000,29100.00000000,29178.15000000,1475.44774000,60,60,False
1654902000000,1654905600000,29178.15000000,29212.80000000,29031.52000000,29091.88000000,1592.63189000,60,60,False
1654905600000,1654909200000,29091.87000000,29248.42000000,29047.93000000,29233.79000000,1512.25566000,60,60,False
1654909200000,1654912800000,29233.79000000,29266.75000000,29180.81000000,29209.05000000,998.29537000,60,60,False
1654912800000,1654916400000,29209.05000000,29300.17000000,29185.69000000,29269.68000000,921.52076000,60,60,False
1654916400000,1654920000000,29269.68000000,29315.21000000,29229.87000000,29272.43000000,904.16938000,60,60,False
1654920000000,1654923600000,29272.43000000,29386.38000000,29251.17000000,29383.20000000,810.84406000,60,60,False
1654923600000,1654927200000,29383.20000000,29440.41000000,29253.25000000,29283.45000000,1230.43828000,60,60,False
1654927200000,1654930800000,29283.45000000,29314.78000000,29265.26000000,29314.50000000,796.86594000,60,60,False
1654930800000,1654934400000,29314.50000000,29358.65000000,29279.99000000,29326.83000000,880.62621000,60,60,False
1654934400000,1654938000000,29326.83000000,29345.11000000,28990.00000000,28994.03000000,2844.64066000,60,60,False
1654938000000,1654941600000,28994.04000000,29184.10000000,28742.38000000,29073.02000000,6274.53111000,60,60,False
1654941600000,1654945200000,29073.02000000,29122.39000000,28850.00000000,28922.01000000,1924.20810000,60,60,False
1654945200000,1654948800000,28922.01000000,28961.46000000,28590.00000000,28734.01000000,5524.36901000,60,60,False
1654948800000,1654952400000,28734.01000000,28870.00000000,28479.60000000,28479.61000000,4616.89908000,60,60,False
1654952400000,1654956000000,28479.60000000,28869.63000000,28348.78000000,28780.11000000,6035.12404000,60,60,False
1654956000000,1654959600000,28780.11000000,28781.98000000,28386.70000000,28429.65000000,3745.76199000,60,60,False
1654959600000,1654963200000,28429.65000000,28605.15000000,28251.00000000,28405.54000000,6262.02068000,60,60,False
1654963200000,1654966800000,28405.55000000,28505.61000000,28099.99000000,28470.80000000,6469.48510000,60,60,False
1654966800000,1654970400000,28470.79000000,28582.06000000,28390.38000000,28499.25000000,2492.88157000,60,60,False
1654970400000,1654974000000,28499.24000000,28794.46000000,28454.69000000,28611.35000000,2666.56328000,60,60,False
1654974000000,1654977600000,28611.34000000,28759.29000000,28592.66000000,28595.28000000,1242.70446000,60,60,False
1654977600000,1654981200000,28595.27000000,28623.63000000,28378.37000000,28408.17000000,1854.27393000,60,60,False
1654981200000,1654984800000,28408.18000000,28620.27000000,28389.91000000,28561.05000000,1046.18359000,60,60,False
1654984800000,1654988400000,28561.04000000,28683.54000000,28538.14000000,28635.76000000,1681.65202000,60,60,False
1654988400000,1654992000000,28635.75000000,28645.00000000,28250.04000000,28424.70000000,3165.08467000,60,60,False
1654992000000,1654995600000,28424.71000000,28544.96000000,28376.11000000,28506.53000000,1537.89985000,60,60,False
1654995600000,1654999200000,28506.53000000,28516.94000000,28171.00000000,28244.71000000,2323.57501000,60,60,False
1654999200000,1655002800000,28244.70000000,28346.72000000,27307.32000000,27427.48000000,13225.95243000,60,60,False
1655002800000,1655006400000,27427.48000000,27764.64000000,27249.00000000,27553.23000000,4214.70095000,60,60,False
1655006400000,1655010000000,27553.22000000,27656.05000000,27428.48000000,27436.64000000,2183.10906000,60,60,False
1655010000000,1655013600000,27436.63000000,27473.14000000,27190.00000000,27270.79000000,4662.37988000,60,60,False
1655013600000,1655017200000,27270.79000000,27553.12000000,27245.70000000,27485.79000000,3053.59487000,60,60,False
1655017200000,1655020800000,27485.80000000,27677.18000000,27395.60000000,27645.89000000,1946.30787000,60,60,False
1655020800000,1655024400000,27645.88000000,27726.15000000,27532.80000000,27568.21000000,2350.33425000,60,60,False
1655024400000,1655028000000,27568.21000000,27611.13000000,27455.17000000,27469.84000000,1811.19261000,60,60,False
1655028000000,1655031600000,27469.97000000,27580.00000000,27360.16000000,27444.46000000,2436.45547000,60,60,False
1655031600000,1655035200000,27444.46000000,27526.59000000,27342.82000000,27457.39000000,2094.76174000,60,60,False
1655035200000,1655038800000,27457.39000000,27583.10000000,27424.74000000,27436.71000000,1331.19369000,60,60,False
1655038800000,1655042400000,27436.72000000,27475.06000000,27234.55000000,27313.36000000,2687.45763000,60,60,False
1655042400000,1655046000000,27313.35000000,27965.76000000,26890.00000000,27815.00000000,10301.73719000,60,60,False
1655046000000,1655049600000,27814.99000000,28347.89000000,27776.99000000,28094.42000000,8311.67826000,60,60,False
1655049600000,1655053200000,28094.42000000,28177.64000000,27812.00000000,27932.60000000,3091.91952000,60,60,False
1655053200000,1655056800000,27932.60000000,28238.58000000,27921.78000000,28124.01000000,2818.28778000,60,60,False
1655056800000,1655060400000,28124.01000000,28141.34000000,27876.95000000,27908.06000000,2084.84016000,60,60,False
1655060400000,1655064000000,27908.07000000,27939.18000000,27423.73000000,27424.71000000,3644.44153000,60,60,False
1655064000000,1655067600000,27424.71000000,27557.05000000,27359.19000000,27377.00000000,2175.22878000,60,60,False
1655067600000,1655071200000,27376.99000000,27532.07000000,27333.33000000,27369.34000000,1300.18637000,60,60,False
1655071200000,1655074800000,27369.35000000,27454.38000000,26925.27000000,26995.44000000,6595.47181000,60,60,False
1655074800000,1655078400000,26995.44000000,27190.00000000,26560.00000000,26574.53000000,6291.89209900,60,60,False
1655078400000,1655082000000,26574.53000000,26895.84000000,26285.56000000,26307.16000000,11892.25570900,60,60,False
1655082000000,1655085600000,26307.16000000,26470.53000000,25602.17000000,25771.59000000,14019.02340600,60,60,False
1655085600000,1655089200000,25771.60000000,25862.98000000,25334.66000000,25341.40000000,10863.86056100,60,60,False
1655089200000,1655092800000,25341.39000000,25672.59000000,24900.00000000,25520.05000000,16677.08880700,60,60,False
1655092800000,1655096400000,25520.05000000,26257.31000000,25371.82000000,25389.99000000,10154.68654000,60,60,False
1655096400000,1655100000000,25388.71000000,25849.99000000,25190.27000000,25234.44000000,6932.25581000,60,60,False
1655100000000,1655103600000,25234.44000000,25607.00000000,25057.33000000,25358.14000000,8367.78234000,60,60,False
1655103600000,1655107200000,25358.15000000,25472.58000000,24555.00000000,24811.59000000,12873.89100300,60,60,False
1655107200000,1655110800000,24811.59000000,24941.17000000,24152.88000000,24182.60000000,15274.24818400,60,60,False
1655110800000,1655114400000,24182.60000000,24651.17000000,23788.00000000,24052.83000000,18839.12540800,60,60,False
1655114400000,1655118000000,24052.82000000,24324.19000000,23841.57000000,23990.63000000,10421.93522000,60,60,False
1655118000000,1655121600000,23990.63000000,24104.70000000,23500.00000000,23729.43000000,10305.80134500,60,60,False
1655121600000,1655125200000,23729.43000000,24376.09000000,23633.66000000,23683.31000000,9142.38054000,60,60,False
1655125200000,1655128800000,23683.30000000,23979.67000000,23338.73000000,23651.94000000,15801.87677500,60,60,False
1655128800000,1655132400000,23651.94000000,23740.00000000,22600.00000000,22804.62000000,19134.71625000,60,60,False
1655132400000,1655136000000,22804.62000000,23507.48000000,22618.63000000,23271.54000000,13322.86186000,60,60,False
1655136000000,1655139600000,23271.53000000,24204.55000000,23123.97000000,23733.48000000,11860.59394000,60,60,False
1655139600000,1655143200000,23732.85000000,23761.40000000,23106.20000000,23538.33000000,5778.72850000,60,60,False
1655143200000,1655146800000,23538.32000000,23810.87000000,23363.61000000,23375.01000000,3950.63054000,60,60,False
1655146800000,1655150400000,23375.02000000,23410.83000000,23101.01000000,23218.22000000,4403.48687000,60,60,False
1655150400000,1655154000000,23215.97000000,23787.30000000,23191.48000000,23245.83000000,3549.75188000,60,60,False
1655154000000,1655157600000,23245.82000000,23390.54000000,22862.09000000,23061.45000000,3068.98870000,60,60,False
1655157600000,1655161200000,23061.44000000,23131.51000000,22563.00000000,22587.90000000,4302.86791900,60,60,False
1655161200000,1655164800000,22587.90000000,22650.00000000,21925.77000000,22487.41000000,13672.19685900,60,60,False
1655164800000,1655168400000,22485.27000000,22796.71000000,21756.73000000,21759.51000000,11644.29347300,60,60,False
1655168400000,1655172000000,21759.51000000,21887.84000000,20855.00000000,20855.00000000,22595.64469700,60,60,False
1655172000000,1655175600000,20855.00000000,21790.00000000,20846.00000000,21548.74000000,18705.61297000,60,60,False
1655175600000,1655179200000,21548.74000000,22300.00000000,21327.36000000,22127.91000000,11194.43061000,60,60,False
1655179200000,1655182800000,22127.92000000,22466.88000000,21763.71000000,21977.83000000,10250.83244000,60,60,False
1655182800000,1655186400000,21977.83000000,23362.88000000,21918.66000000,22747.24000000,15621.63646000,60,60,False
1655186400000,1655190000000,22747.25000000,22909.50000000,22323.78000000,22633.82000000,8974.26356000,60,60,False
1655190000000,1655193600000,22633.81000000,23041.27000000,22171.00000000,22877.52000000,9045.80315000,60,60,False
1655193600000,1655197200000,22877.52000000,22979.96000000,22572.35000000,22609.91000000,5775.72228000,60,60,False
1655197200000,1655200800000,22609.90000000,22700.00000000,22289.36000000,22298.92000000,4764.54332000,60,60,False
1655200800000,1655204400000,22298.92000000,22648.13000000,22250.43000000,22381.28000000,4582.83630000,60,60,False
1655204400000,1655208000000,22381.27000000,22422.10000000,21725.22000000,21994.56000000,7370.92217000,60,60,False
1655208000000,1655211600000,21994.56000000,22455.91000000,21811.01000000,22150.85000000,6788.73610000,60,60,False
1655211600000,1655215200000,22150.85000000,22591.78000000,21967.00000000,22411.33000000,8229.72466000,60,60,False
1655215200000,1655218800000,22416.91000000,22555.00000000,22019.06000000,22513.72000000,7373.15864000,60,60,False
1655218800000,1655222400000,22513.71000000,22800.00000000,22260.94000000,22680.38000000,6773.63786000,60,60,False
1655222400000,1655226000000,22680.38000000,22777.07000000,22421.16000000,22484.69000000,3386.62560000,60,60,False
1655226000000,1655229600000,22484.69000000,22740.00000000,22325.00000000,22361.56000000,3019.36466000,60,60,False
1655229600000,1655233200000,22361.94000000,22590.72000000,22219.23000000,22297.16000000,2711.97933000,60,60,False
1655233200000,1655236800000,22297.16000000,22331.77000000,22126.40000000,22196.28000000,2347.20373000,60,60,False
1655236800000,1655240400000,22190.93000000,22244.44000000,21839.48000000,21989.87000000,3107.48157000,60,60,False
1655240400000,1655244000000,21989.88000000,22099.57000000,21358.00000000,21484.73000000,4074.72978000,60,60,False
1655244000000,1655247600000,21484.74000000,21659.00000000,21475.87000000,21598.93000000,3069.91582000,60,60,False
1655247600000,1655251200000,21598.92000000,22344.00000000,21579.07000000,22136.41000000,5792.54753000,60,60,False
1655251200000,1655254800000,22136.42000000,22153.20000000,21741.59000000,21808.32000000,3921.70541000,60,60,False
1655254800000,1655258400000,21808.33000000,22297.37000000,21770.68000000,22163.99000000,4223.39193000,60,60,False
1655258400000,1655262000000,22164.00000000,22174.98000000,21851.39000000,21985.86000000,2756.33431000,60,60,False
1655262000000,1655265600000,21985.85000000,22044.44000000,21406.68000000,21455.80000000,4638.98575000,60,60,False
1655265600000,1655269200000,21455.80000000,21490.67000000,20923.51000000,21148.79000000,11547.41245000,60,60,False
1655269200000,1655272800000,21148.80000000,21350.00000000,20750.00000000,21226.31000000,8756.79893300,60,60,False
1655272800000,1655276400000,21226.31000000,21412.29000000,20965.03000000,21336.00000000,6425.58338000,60,60,False
1655276400000,1655280000000,21336.01000000,21445.71000000,20652.18000000,20722.92000000,10181.92016000,60,60,False
1655280000000,1655283600000,20722.92000000,20755.80000000,20185.00000000,20265.06000000,18440.16488900,60,60,False
1655283600000,1655287200000,20265.07000000,20425.01000000,20111.62000000,20238.04000000,10728.19217500,60,60,False
1655287200000,1655290800000,20238.03000000,20819.37000000,20200.58000000,20573.58000000,13664.50954000,60,60,False
1655290800000,1655294400000,20573.59000000,21290.00000000,20394.80000000,21177.03000000,10360.69930000,60,60,False
1655294400000,1655298000000,21177.04000000,21580.00000000,21045.13000000,21197.61000000,8343.09996000,60,60,False
1655298000000,1655301600000,21197.62000000,21798.95000000,21149.82000000,21561.50000000,7815.11646000,60,60,False
1655301600000,1655305200000,21561.49000000,21773.34000000,21080.26000000,21215.09000000,6073.13627000,60,60,False
1655305200000,1655308800000,21215.08000000,21500.00000000,21133.00000000,21419.10000000,3868.26010000,60,60,False
1655308800000,1655312400000,21419.09000000,21545.60000000,20632.84000000,20723.00000000,6647.36560000,60,60,False
1655312400000,1655316000000,20723.00000000,21507.04000000,20500.00000000,21117.26000000,8610.49357000,60,60,False
1655316000000,1655319600000,21117.26000000,22496.52000000,20250.00000000,21540.07000000,26390.27323000,60,60,False
1655319600000,1655323200000,21540.07000000,22280.00000000,21449.74000000,21632.04000000,8629.94579000,60,60,False
1655323200000,1655326800000,21632.03000000,21927.43000000,21450.00000000,21681.79000000,3813.74363000,60,60,False
1655326800000,1655330400000,21681.79000000,22445.53000000,21642.46000000,22214.02000000,3866.67365000,60,60,False
1655330400000,1655334000000,22214.03000000,22800.00000000,22207.10000000,22474.41000000,8077.44415000,60,60,False
1655334000000,1655337600000,22474.42000000,22686.81000000,22422.67000000,22583.72000000,2993.24283000,60,60,False
1655337600000,1655341200000,22583.72000000,22806.59000000,22484.93000000,22680.00000000,4551.35597000,60,60,False
1655341200000,1655344800000,22680.00000000,22995.73000000,22352.56000000,22368.42000000,4848.76679000,60,60,False
1655344800000,1655348400000,22368.42000000,22543.93000000,22324.22000000,22454.07000000,3067.44076000,60,60,False
1655348400000,1655352000000,22454.06000000,22530.00000000,22167.08000000,22211.62000000,2933.61256000,60,60,False
1655352000000,1655355600000,22211.62000000,22361.98000000,22037.67000000,22093.97000000,2745.11311000,60,60,False
1655355600000,1655359200000,22093.96000000,22198.99000000,21915.24000000,21941.97000000,2371.16060000,60,60,False
1655359200000,1655362800000,21941.98000000,22006.32000000,21712.00000000,21797.51000000,2824.63942000,60,60,False
1655362800000,1655366400000,21797.51000000,21939.66000000,21646.64000000,21764.17000000,3849.49820000,60,60,False
1655366400000,1655370000000,21764.18000000,21888.00000000,21604.14000000,21786.97000000,3068.11349000,60,60,False
1655370000000,1655373600000,21786.97000000,21793.58000000,21125.03000000,21273.85000000,6673.11058000,60,60,False
1655373600000,1655377200000,21273.86000000,21361.26000000,20852.35000000,21243.04000000,6892.28020000,60,60,False
1655377200000,1655380800000,21247.90000000,21295.80000000,20893.69000000,21044.55000000,4312.07086000,60,60,False
1655380800000,1655384400000,21044.56000000,21510.20000000,20921.99000000,21144.79000000,5194.96209000,60,60,False
1655384400000,1655388000000,21144.80000000,21364.00000000,20901.01000000,21022.04000000,5445.38015000,60,60,False
1655388000000,1655391600000,21022.04000000,21140.93000000,20745.00000000,20924.33000000,5742.24321000,60,60,False
1655391600000,1655395200000,20924.32000000,21278.77000000,20917.33000000,21074.77000000,3855.17142000,60,60,False
1655395200000,1655398800000,21074.77000000,21250.01000000,20818.00000000,21186.10000000,4998.55978000,60,60,False
1655398800000,1655402400000,21186.10000000,21500.00000000,21055.00000000,21068.65000000,3819.30218000,60,60,False
1655402400000,1655406000000,21068.64000000,21123.48000000,20914.27000000,21029.37000000,2946.10659000,60,60,False
1655406000000,1655409600000,21029.36000000,21130.84000000,20860.01000000,20875.48000000,3028.68186000,60,60,False
1655409600000,1655413200000,20875.48000000,21048.38000000,20502.00000000,20712.58000000,4025.51668000,60,60,False
1655413200000,1655416800000,20712.58000000,20932.00000000,20631.01000000,20685.50000000,2035.35819000,60,60,False
1655416800000,1655420400000,20685.50000000,20707.78000000,20343.22000000,20364.99000000,4621.68329000,60,60,False
1655420400000,1655424000000,20364.98000000,20492.52000000,20232.00000000,20401.31000000,5823.46631000,60,60,False
1655424000000,1655427600000,20400.60000000,20630.00000000,20246.66000000,20363.63000000,4725.47209000,60,60,False
1655427600000,1655431200000,20363.64000000,20949.20000000,20347.03000000,20880.80000000,6104.53991000,60,60,False
1655431200000,1655434800000,20880.81000000,21059.68000000,20543.09000000,20580.30000000,3930.02860000,60,60,False
1655434800000,1655438400000,20580.29000000,20680.50000000,20352.67000000,20383.38000000,2663.77548000,60,60,False
1655438400000,1655442000000,20383.37000000,20633.65000000,20326.00000000,20536.92000000,2633.99746000,60,60,False
1655442000000,1655445600000,20536.91000000,20974.71000000,20526.69000000,20807.76000000,3328.20044000,60,60,False
1655445600000,1655449200000,20807.77000000,20994.28000000,20616.20000000,20898.02000000,4067.38570000,60,60,False
1655449200000,1655452800000,20898.02000000,21286.01000000,20829.05000000,21100.64000000,5654.94925000,60,60,False
1655452800000,1655456400000,21100.65000000,21365.43000000,21022.21000000,21069.39000000,3909.35129000,60,60,False
1655456400000,1655460000000,21069.39000000,21137.93000000,20877.17000000,20972.66000000,3251.20975000,60,60,False
1655460000000,1655463600000,20972.66000000,21150.00000000,20847.49000000,21119.50000000,3088.03145000,60,60,False
1655463600000,1655467200000,21119.50000000,21218.00000000,20943.56000000,20972.04000000,2992.05756000,60,60,False
1655467200000,1655470800000,20972.04000000,21047.41000000,20588.00000000,20654.49000000,4422.41977000,60,60,False
1655470800000,1655474400000,20654.50000000,20920.65000000,20569.63000000,20801.35000000,5267.60470000,60,60,False
1655474400000,1655478000000,20801.34000000,20810.76000000,20386.93000000,20550.71000000,6026.00197000,60,60,False
1655478000000,1655481600000,20550.71000000,20749.24000000,20524.84000000,20663.70000000,3768.70917000,60,60,False
1655481600000,1655485200000,20661.95000000,20791.96000000,20530.00000000,20571.21000000,3648.99953000,60,60,False
1655485200000,1655488800000,20571.20000000,20714.23000000,20510.06000000,20592.60000000,3024.89403000,60,60,False
1655488800000,1655492400000,20592.59000000,20653.13000000,20468.88000000,20517.62000000,2388.92940000,60,60,False
1655492400000,1655496000000,20517.62000000,20547.06000000,20440.92000000,20515.59000000,2289.67730000,60,60,False
1655496000000,1655499600000,20515.59000000,20723.00000000,20515.13000000,20652.65000000,2990.76131000,60,60,False
1655499600000,1655503200000,20652.65000000,20680.00000000,20513.03000000,20554.16000000,1655.07405000,60,60,False
1655503200000,1655506800000,20554.16000000,20605.58000000,20368.20000000,20451.19000000,3311.49068000,60,60,False
1655506800000,1655510400000,20451.19000000,20544.43000000,20428.22000000,20468.81000000,1550.77574000,60,60,False
1655510400000,1655514000000,20468.81000000,20792.06000000,20440.82000000,20569.14000000,3598.90375000,60,60,False
1655514000000,1655517600000,20569.14000000,20599.29000000,20375.16000000,20390.01000000,2874.25323000,60,60,False
1655517600000,1655521200000,20390.02000000,20523.25000000,20322.08000000,20475.28000000,3973.65498000,60,60,False
1655521200000,1655524800000,20475.28000000,20498.75000000,20380.70000000,20459.65000000,2596.52691000,60,60,False
1655524800000,1655528400000,20459.65000000,20499.67000000,20397.06000000,20493.37000000,1692.29487000,60,60,False
1655528400000,1655532000000,20493.38000000,20537.34000000,20394.46000000,20424.05000000,1571.28239000,60,60,False
1655532000000,1655535600000,20424.04000000,20446.52000000,19120.00000000,19439.26000000,16590.79560900,60,60,False
1655535600000,1655539200000,19439.26000000,19600.00000000,19066.80000000,19258.58000000,16079.78318000,60,60,False
1655539200000,1655542800000,19258.58000000,19393.00000000,18742.50000000,19008.88000000,17850.70139900,60,60,False
1655542800000,1655546400000,19008.89000000,19218.18000000,18901.01000000,19173.92000000,6472.11707000,60,60,False
1655546400000,1655550000000,19173.91000000,19540.00000000,19149.27000000,19395.33000000,7696.44156000,60,60,False
1655550000000,1655553600000,19395.33000000,19464.15000000,19237.05000000,19243.98000000,4699.67246000,60,60,False
1655553600000,1655557200000,19243.99000000,19291.99000000,19125.01000000,19155.45000000,4418.52100000,60,60,False
1655557200000,1655560800000,19155.46000000,19233.71000000,19090.92000000,19200.11000000,3893.64991000,60,60,False
1655560800000,1655564400000,19200.12000000,19261.75000000,19069.68000000,19077.58000000,3039.66279000,60,60,False
1655564400000,1655568000000,19077.58000000,19123.97000000,18942.75000000,18953.76000000,4758.23093000,60,60,False
1655568000000,1655571600000,18953.76000000,19101.28000000,18811.00000000,18875.25000000,5520.84591000,60,60,False
1655571600000,1655575200000,18875.25000000,18964.93000000,18511.00000000,18621.13000000,13060.29656800,60,60,False
1655575200000,1655578800000,18621.12000000,18653.57000000,18128.00000000,18215.78000000,14773.23679200,60,60,False
1655578800000,1655582400000,18215.77000000,18358.75000000,18031.13000000,18067.60000000,9216.46070500,60,60,False
1655582400000,1655586000000,18067.61000000,18177.41000000,17622.00000000,17809.00000000,23329.13612100,60,60,False
1655586000000,1655589600000,17808.99000000,18919.78000000,17763.38000000,18517.72000000,13789.82116000,60,60,False
1655589600000,1655593200000,18517.71000000,19493.23000000,18425.56000000,19186.93000000,10325.10569000,60,60,False
1655593200000,1655596800000,19186.92000000,19269.99000000,18908.96000000,18970.79000000,4620.26054000,60,60,False
1655596800000,1655600400000,18970.79000000,19198.00000000,18859.29000000,18972.29000000,5217.72237000,60,60,False
1655600400000,1655604000000,18972.28000000,19042.48000000,18410.79000000,18480.10000000,5423.07867000,60,60,False
1655604000000,1655607600000,18480.10000000,18529.32000000,18224.98000000,18380.10000000,4696.99078000,60,60,False
1655607600000,1655611200000,18380.10000000,18750.00000000,18262.56000000,18311.09000000,4218.74032000,60,60,False
1655611200000,1655614800000,18311.10000000,18621.57000000,18264.66000000,18504.96000000,2603.49217000,60,60,False
1655614800000,1655618400000,18504.96000000,18543.47000000,17960.41000000,18126.08000000,6123.12877000,60,60,False
1655618400000,1655622000000,18126.08000000,18481.31000000,18053.13000000,18256.55000000,4309.78717000,60,60,False
1655622000000,1655625600000,18256.54000000,18546.00000000,18245.00000000,18306.93000000,3634.55104000,60,60,False
1655625600000,1655629200000,18307.39000000,18712.06000000,18264.67000000,18671.79000000,4289.56862000,60,60,False
1655629200000,1655632800000,18671.78000000,19314.91000000,18577.25000000,19006.11000000,8160.00557000,60,60,False
1655632800000,1655636400000,19006.11000000,20057.20000000,18898.74000000,19907.41000000,15953.30282000,60,60,False
1655636400000,1655640000000,19907.41000000,20150.00000000,19573.30000000,19692.50000000,5625.21770000,60,60,False
1655640000000,1655643600000,19692.49000000,19944.52000000,19284.50000000,19344.27000000,7514.61224000,60,60,False
1655643600000,1655647200000,19344.26000000,19592.57000000,19130.84000000,19185.87000000,3738.37319000,60,60,False
1655647200000,1655650800000,19185.86000000,19514.14000000,19156.22000000,19472.24000000,3052.85422000,60,60,False
1655650800000,1655654400000,19472.24000000,19945.88000000,19327.44000000,19824.97000000,6738.79065000,60,60,False
1655654400000,1655658000000,19824.96000000,19872.18000000,19350.08000000,19520.84000000,3797.28877000,60,60,False
1655658000000,1655661600000,19521.68000000,19597.64000000,19388.82000000,19445.99000000,2006.14140000,60,60,False
1655661600000,1655665200000,19445.60000000,20263.29000000,19413.44000000,20254.52000000,4671.57279000,60,60,False
1655665200000,1655668800000,20254.52000000,20344.91000000,19840.93000000,20124.08000000,7907.43097000,60,60,False
1655668800000,1655672400000,20124.07000000,20716.25000000,20050.47000000,20639.48000000,7750.16027000,60,60,False
1655672400000,1655676000000,20639.48000000,20660.44000000,20287.00000000,20395.64000000,3042.38225000,60,60,False
1655676000000,1655679600000,20395.63000000,20815.95000000,20313.00000000,20695.22000000,5281.10582000,60,60,False
1655679600000,1655683200000,20695.22000000,20713.77000000,20412.47000000,20574.00000000,2564.57738000,60,60,False
1655683200000,1655686800000,20574.00000000,20687.99000000,20056.01000000,20060.39000000,6676.88781000,60,60,False
1655686800000,1655690400000,20060.40000000,20161.19000000,19637.03000000,19795.52000000,6402.80583000,60,60,False
1655690400000,1655694000000,19795.53000000,20117.77000000,19670.74000000,19946.18000000,4536.73322000,60,60,False
1655694000000,1655697600000,19946.17000000,20197.28000000,19854.68000000,19980.49000000,3460.46218000,60,60,False
1655697600000,1655701200000,19980.49000000,20182.02000000,19813.30000000,19857.89000000,2617.58341000,60,60,False
1655701200000,1655704800000,19857.90000000,20118.36000000,19776.58000000,20107.81000000,3089.50205000,60,60,False
1655704800000,1655708400000,20107.81000000,20258.29000000,19925.00000000,20140.04000000,3200.58837000,60,60,False
1655708400000,1655712000000,20140.05000000,20158.83000000,19876.01000000,20086.63000000,2916.22251000,60,60,False
1655712000000,1655715600000,20086.62000000,20658.70000000,20023.14000000,20568.22000000,7842.38410000,60,60,False
1655715600000,1655719200000,20568.23000000,21022.00000000,20475.61000000,20652.36000000,8080.57311000,60,60,False
1655719200000,1655722800000,20652.36000000,20990.00000000,20468.10000000,20884.11000000,6728.53150000,60,60,False
1655722800000,1655726400000,20884.10000000,20962.65000000,20677.57000000,20801.79000000,4211.13317000,60,60,False
1655726400000,1655730000000,20801.79000000,20820.00000000,20364.33000000,20555.68000000,5277.13120000,60,60,False
1655730000000,1655733600000,20555.67000000,20715.88000000,20385.15000000,20525.56000000,5481.97965000,60,60,False
1655733600000,1655737200000,20525.55000000,20931.00000000,20509.99000000,20845.95000000,4241.64368000,60,60,False
1655737200000,1655740800000,20845.94000000,21090.00000000,20571.86000000,20824.74000000,5540.16717000,60,60,False
1655740800000,1655744400000,20824.74000000,20832.82000000,20206.11000000,20280.93000000,4318.62869000,60,60,False
1655744400000,1655748000000,20280.93000000,20450.00000000,19967.01000000,19977.60000000,4743.31651000,60,60,False
1655748000000,1655751600000,19977.59000000,20110.84000000,19832.95000000,20046.43000000,3985.97749000,60,60,False
1655751600000,1655755200000,20046.44000000,20200.00000000,19886.27000000,20072.81000000,3505.19992000,60,60,False
1655755200000,1655758800000,20072.80000000,20529.74000000,20001.53000000,20455.54000000,3338.66721000,60,60,False
1655758800000,1655762400000,20455.55000000,20633.88000000,20320.13000000,20418.45000000,2677.15009000,60,60,False
1655762400000,1655766000000,20418.44000000,20582.25000000,20251.59000000,20489.62000000,3061.36499000,60,60,False
1655766000000,1655769600000,20489.62000000,20784.77000000,20378.22000000,20573.89000000,3094.30768000,60,60,False
1655769600000,1655773200000,20573.90000000,20705.74000000,20396.77000000,20672.30000000,4235.77392000,60,60,False
1655773200000,1655776800000,20672.30000000,20783.99000000,20504.89000000,20670.88000000,3892.91412000,60,60,False
1655776800000,1655780400000,20670.87000000,20699.93000000,20348.40000000,20433.49000000,2876.88928000,60,60,False
1655780400000,1655784000000,20433.49000000,20665.26000000,20365.00000000,20614.04000000,3306.77018000,60,60,False
1655784000000,1655787600000,20614.04000000,20740.72000000,20474.41000000,20656.17000000,2925.33542000,60,60,False
1655787600000,1655791200000,20656.17000000,21029.93000000,20621.14000000,20890.77000000,6516.65611000,60,60,False
1655791200000,1655794800000,20890.77000000,21202.00000000,20890.77000000,21192.08000000,6114.51662000,60,60,False
1655794800000,1655798400000,21192.08000000,21333.00000000,20952.46000000,21120.28000000,5433.40262000,60,60,False
1655798400000,1655802000000,21120.28000000,21500.01000000,21051.25000000,21356.32000000,6241.36801000,60,60,False
1655802000000,1655805600000,21356.32000000,21470.00000000,21166.94000000,21200.00000000,4961.57496000,60,60,False
1655805600000,1655809200000,21200.01000000,21307.83000000,21061.54000000,21299.27000000,3982.47578000,60,60,False
1655809200000,1655812800000,21299.02000000,21361.03000000,20911.13000000,20962.42000000,4685.42524000,60,60,False
1655812800000,1655816400000,20962.42000000,21163.24000000,20853.36000000,21106.20000000,5596.26303000,60,60,False
1655816400000,1655820000000,21106.19000000,21650.00000000,20995.64000000,21619.31000000,8667.59080000,60,60,False
1655820000000,1655823600000,21619.31000000,21723.00000000,21427.82000000,21590.79000000,6295.02429000,60,60,False
1655823600000,1655827200000,21590.79000000,21604.27000000,21339.07000000,21392.19000000,3809.54622000,60,60,False
1655827200000,1655830800000,21392.18000000,21550.39000000,21355.77000000,21401.52000000,2422.14785000,60,60,False
1655830800000,1655834400000,21401.52000000,21457.82000000,21195.70000000,21242.94000000,3755.82919000,60,60,False
1655834400000,1655838000000,21242.93000000,21256.99000000,21076.48000000,21100.01000000,2820.40675000,60,60,False
1655838000000,1655841600000,21100.00000000,21306.51000000,20870.01000000,20888.64000000,4015.33528000,60,60,False
1655841600000,1655845200000,20888.63000000,20987.38000000,20666.00000000,20859.86000000,4442.87596000,60,60,False
1655845200000,1655848800000,20859.86000000,21054.99000000,20808.00000000,20972.91000000,1813.56236000,60,60,False
1655848800000,1655852400000,20972.91000000,21003.70000000,20741.03000000,20897.00000000,2945.61650000,60,60,False
1655852400000,1655856000000,20897.00000000,20943.17000000,20551.00000000,20723.52000000,2613.77441000,60,60,False
1655856000000,1655859600000,20723.51000000,20736.68000000,20421.38000000,20587.01000000,4195.85400000,60,60,False
1655859600000,1655863200000,20587.01000000,20719.21000000,20388.01000000,20411.24000000,3271.91589000,60,60,False
1655863200000,1655866800000,20411.23000000,20526.67000000,20330.00000000,20466.47000000,3588.32401000,60,60,False
1655866800000,1655870400000,20466.47000000,20567.60000000,20253.96000000,20317.88000000,2923.22522000,60,60,False
1655870400000,1655874000000,20317.89000000,20469.50000000,20275.34000000,20435.08000000,2375.99842000,60,60,False
1655874000000,1655877600000,20435.08000000,20595.42000000,20364.74000000,20368.76000000,2740.16317000,60,60,False
1655877600000,1655881200000,20368.77000000,20450.99000000,19950.34000000,20112.97000000,5405.35939000,60,60,False
1655881200000,1655884800000,20112.97000000,20249.71000000,19966.62000000,20099.62000000,3610.85035000,60,60,False
1655884800000,1655888400000,20099.62000000,20257.00000000,20038.85000000,20235.07000000,2234.15756000,60,60,False
1655888400000,1655892000000,20235.06000000,20499.90000000,20232.29000000,20428.56000000,4035.91694000,60,60,False
1655892000000,1655895600000,20428.57000000,20550.00000000,20357.14000000,20419.23000000,2897.44157000,60,60,False
1655895600000,1655899200000,20419.24000000,20676.70000000,20399.01000000,20506.30000000,3047.62939000,60,60,False
1655899200000,1655902800000,20506.30000000,20573.37000000,20106.06000000,20365.50000000,4105.11750000,60,60,False
1655902800000,1655906400000,20365.49000000,20772.61000000,20235.08000000,20723.95000000,6458.44579000,60,60,False
1655906400000,1655910000000,20723.95000000,20900.00000000,20640.00000000,20693.98000000,5897.88574000,60,60,False
1655910000000,1655913600000,20693.98000000,20702.79000000,20035.54000000,20080.10000000,7307.38353000,60,60,False
1655913600000,1655917200000,20080.85000000,20345.76000000,19840.86000000,20322.73000000,7406.84975000,60,60,False
1655917200000,1655920800000,20322.72000000,20380.00000000,20150.00000000,20267.42000000,3395.33844000,60,60,False
1655920800000,1655924400000,20267.43000000,20378.47000000,20200.00000000,20218.15000000,2284.80699000,60,60,False
1655924400000,1655928000000,20218.15000000,20266.32000000,19913.00000000,20117.34000000,3269.37855000,60,60,False
1655928000000,1655931600000,20117.34000000,20239.87000000,19770.51000000,19879.97000000,4765.55052000,60,60,False
1655931600000,1655935200000,19879.98000000,20064.67000000,19831.19000000,20005.30000000,2198.46208000,60,60,False
1655935200000,1655938800000,20005.30000000,20169.09000000,19918.31000000,20103.32000000,2537.37762000,60,60,False
1655938800000,1655942400000,20103.32000000,20139.53000000,19960.51000000,19987.99000000,2180.54696000,60,60,False
1655942400000,1655946000000,19988.00000000,20510.00000000,19890.07000000,20419.14000000,6421.67625000,60,60,False
1655946000000,1655949600000,20419.15000000,20612.22000000,20339.13000000,20375.49000000,3802.15465000,60,60,False
1655949600000,1655953200000,20375.48000000,20492.01000000,20347.63000000,20363.00000000,2020.62660000,60,60,False
1655953200000,1655956800000,20363.01000000,20376.72000000,20211.43000000,20213.79000000,2119.20217000,60,60,False
1655956800000,1655960400000,20213.78000000,20394.99000000,20168.26000000,20357.17000000,2352.45447000,60,60,False
1655960400000,1655964000000,20357.17000000,20474.36000000,20273.90000000,20349.16000000,2112.42225000,60,60,False
1655964000000,1655967600000,20349.16000000,20657.14000000,20303.76000000,20548.51000000,3804.93360000,60,60,False
1655967600000,1655971200000,20548.52000000,20623.87000000,20424.98000000,20461.83000000,2756.88456000,60,60,False
1655971200000,1655974800000,20461.83000000,20659.46000000,20454.32000000,20576.66000000,2809.73259000,60,60,False
1655974800000,1655978400000,20576.65000000,20785.52000000,20488.02000000,20746.40000000,4890.13334000,60,60,False
1655978400000,1655982000000,20746.40000000,20812.12000000,20662.53000000,20699.54000000,4049.45026000,60,60,False
1655982000000,1655985600000,20699.54000000,20719.69000000,20591.53000000,20638.79000000,2452.72447000,60,60,False
1655985600000,1655989200000,20638.89000000,20829.21000000,20493.21000000,20563.48000000,4373.01444000,60,60,False
1655989200000,1655992800000,20563.48000000,20653.80000000,20365.13000000,20459.94000000,3975.16430000,60,60,False
1655992800000,1655996400000,20459.94000000,20615.94000000,20397.59000000,20609.71000000,3297.57809000,60,60,False
1655996400000,1656000000000,20609.71000000,20615.93000000,20287.41000000,20351.91000000,3125.64992000,60,60,False
1656000000000,1656003600000,20351.91000000,20366.98000000,20211.66000000,20284.28000000,2579.20894000,60,60,False
1656003600000,1656007200000,20284.28000000,20395.08000000,20170.00000000,20319.32000000,2189.46222000,60,60,False
1656007200000,1656010800000,20319.32000000,20456.00000000,20288.91000000,20431.92000000,2165.97677000,60,60,False
1656010800000,1656014400000,20431.92000000,20945.55000000,20390.82000000,20910.06000000,6133.33473000,60,60,False
1656014400000,1656018000000,20910.06000000,21123.00000000,20743.75000000,20815.25000000,5020.87077000,60,60,False
1656018000000,1656021600000,20815.26000000,20852.44000000,20672.72000000,20687.76000000,1717.53633000,60,60,False
1656021600000,1656025200000,20687.75000000,21233.00000000,20683.20000000,20991.75000000,6352.96759000,60,60,False
1656025200000,1656028800000,20991.75000000,21203.70000000,20975.88000000,21110.13000000,2603.92785000,60,60,False
1656028800000,1656032400000,21110.12000000,21199.88000000,20973.68000000,21007.18000000,3083.07263000,60,60,False
1656032400000,1656036000000,21007.18000000,21183.78000000,20985.14000000,21047.60000000,2403.56962000,60,60,False
1656036000000,1656039600000,21047.59000000,21369.85000000,21015.14000000,21173.46000000,3640.16248000,60,60,False
1656039600000,1656043200000,21173.47000000,21277.50000000,21040.00000000,21073.73000000,2433.55824000,60,60,False
1656043200000,1656046800000,21073.73000000,21154.62000000,20983.01000000,21050.15000000,2355.51277000,60,60,False
1656046800000,1656050400000,21050.15000000,21168.13000000,20864.84000000,20910.89000000,2563.26841000,60,60,False
1656050400000,1656054000000,20910.89000000,20962.17000000,20780.59000000,20842.16000000,2581.91419000,60,60,False
1656054000000,1656057600000,20842.16000000,21000.59000000,20736.72000000,20913.72000000,3744.70567000,60,60,False
1656057600000,1656061200000,20913.73000000,21094.00000000,20900.00000000,21053.33000000,2464.14621000,60,60,False
1656061200000,1656064800000,21053.33000000,21077.12000000,20745.01000000,20824.99000000,2494.24302000,60,60,False
1656064800000,1656068400000,20824.99000000,21000.30000000,20792.59000000,20995.36000000,2054.89951000,60,60,False
1656068400000,1656072000000,20995.36000000,21326.52000000,20979.81000000,21169.53000000,6170.22788000,60,60,False
1656072000000,1656075600000,21169.53000000,21457.00000000,21086.01000000,21215.25000000,5431.94046000,60,60,False
1656075600000,1656079200000,21215.24000000,21376.00000000,21142.86000000,21199.99000000,4429.77620000,60,60,False
1656079200000,1656082800000,21199.98000000,21374.99000000,21053.72000000,21120.78000000,3862.47179000,60,60,False
1656082800000,1656086400000,21120.77000000,21129.86000000,20822.90000000,20884.17000000,4646.41722000,60,60,False
1656086400000,1656090000000,20884.17000000,21100.00000000,20784.76000000,21044.61000000,4471.39466000,60,60,False
1656090000000,1656093600000,21044.61000000,21228.92000000,20933.32000000,20972.40000000,3740.74106000,60,60,False
1656093600000,1656097200000,20972.41000000,21132.07000000,20904.02000000,21126.61000000,2015.65132000,60,60,False
1656097200000,1656100800000,21126.61000000,21267.36000000,21027.19000000,21253.61000000,2109.47734000,60,60,False
1656100800000,1656104400000,21253.79000000,21341.97000000,21146.00000000,21200.42000000,2644.06654000,60,60,False
1656104400000,1656108000000,21200.41000000,21365.00000000,21182.80000000,21317.48000000,1843.26043000,60,60,False
1656108000000,1656111600000,21317.47000000,21558.41000000,21300.00000000,21310.99000000,3723.00706000,60,60,False
1656111600000,1656115200000,21310.73000000,21394.35000000,21194.01000000,21237.69000000,2522.88151000,60,60,False
1656115200000,1656118800000,21237.68000000,21302.81000000,21121.72000000,21194.12000000,2837.28222000,60,60,False
1656118800000,1656122400000,21194.12000000,21342.86000000,21147.84000000,21331.33000000,1888.11197000,60,60,False
1656122400000,1656126000000,21331.33000000,21379.65000000,21151.38000000,21177.36000000,2476.83305000,60,60,False
1656126000000,1656129600000,21177.36000000,21345.89000000,21157.41000000,21300.62000000,1631.90125000,60,60,False
1656129600000,1656133200000,21300.62000000,21306.55000000,21206.68000000,21234.48000000,1581.23490000,60,60,False
1656133200000,1656136800000,21234.49000000,21323.48000000,21214.59000000,21216.88000000,1454.07888000,60,60,False
1656136800000,1656140400000,21216.87000000,21308.08000000,21180.40000000,21303.62000000,1717.51700000,60,60,False
1656140400000,1656144000000,21303.61000000,21614.50000000,21297.93000000,21508.13000000,4221.95206000,60,60,False
1656144000000,1656147600000,21508.09000000,21555.71000000,21353.97000000,21395.38000000,2092.97019000,60,60,False
1656147600000,1656151200000,21395.37000000,21500.39000000,21358.88000000,21432.69000000,1343.33303000,60,60,False
1656151200000,1656154800000,21432.69000000,21484.47000000,21385.14000000,21433.15000000,1162.95918000,60,60,False
1656154800000,1656158400000,21433.16000000,21475.00000000,21318.63000000,21340.22000000,1624.69474000,60,60,False
1656158400000,1656162000000,21340.22000000,21372.89000000,21031.92000000,21147.94000000,4716.24383000,60,60,False
1656162000000,1656165600000,21147.95000000,21245.77000000,21070.93000000,21165.45000000,2789.81432000,60,60,False
1656165600000,1656169200000,21165.45000000,21223.21000000,21080.00000000,21128.90000000,2139.95608000,60,60,False
1656169200000,1656172800000,21128.90000000,21184.55000000,20906.62000000,20961.89000000,3215.34266000,60,60,False
1656172800000,1656176400000,20961.89000000,21070.00000000,20915.00000000,21053.63000000,1915.61078000,60,60,False
1656176400000,1656180000000,21053.63000000,21164.21000000,21014.32000000,21096.77000000,1549.02838000,60,60,False
1656180000000,1656183600000,21096.76000000,21256.96000000,21043.75000000,21236.85000000,1657.32073000,60,60,False
1656183600000,1656187200000,21236.84000000,21271.62000000,21154.87000000,21206.20000000,1308.22315000,60,60,False
1656187200000,1656190800000,21206.21000000,21250.00000000,21146.04000000,21226.14000000,1018.69927000,60,60,False
1656190800000,1656194400000,21226.14000000,21523.14000000,21207.70000000,21512.07000000,2919.97356000,60,60,False
1656194400000,1656198000000,21512.07000000,21526.41000000,21390.68000000,21431.33000000,2256.87374000,60,60,False
1656198000000,1656201600000,21431.32000000,21588.43000000,21428.28000000,21491.19000000,1911.72297000,60,60,False
1656201600000,1656205200000,21491.18000000,21544.49000000,21393.63000000,21468.29000000,1649.31488000,60,60,False
1656205200000,1656208800000,21468.29000000,21538.55000000,21328.39000000,21395.07000000,1738.26219000,60,60,False
1656208800000,1656212400000,21395.08000000,21421.06000000,21282.13000000,21352.77000000,1375.10116000,60,60,False
1656212400000,1656216000000,21352.78000000,21456.12000000,21333.22000000,21426.23000000,1002.30556000,60,60,False
1656216000000,1656219600000,21426.23000000,21479.81000000,21359.57000000,21424.82000000,1025.80665000,60,60,False
1656219600000,1656223200000,21424.81000000,21484.98000000,21373.84000000,21442.01000000,1029.84758000,60,60,False
1656223200000,1656226800000,21442.01000000,21526.00000000,21336.96000000,21476.19000000,1951.11043000,60,60,False
1656226800000,1656230400000,21476.19000000,21484.93000000,21365.05000000,21396.52000000,1240.61188000,60,60,False
1656230400000,1656234000000,21396.52000000,21470.77000000,21384.99000000,21453.21000000,1441.54788000,60,60,False
1656234000000,1656237600000,21453.22000000,21480.82000000,21365.15000000,21414.83000000,1412.07258000,60,60,False
1656237600000,1656241200000,21414.84000000,21449.81000000,21378.69000000,21417.86000000,1030.73506000,60,60,False
1656241200000,1656244800000,21417.87000000,21777.00000000,21398.90000000,21708.60000000,3974.28087000,60,60,False
1656244800000,1656248400000,21708.60000000,21888.00000000,21413.57000000,21456.36000000,6988.83858000,60,60,False
1656248400000,1656252000000,21456.37000000,21486.75000000,21307.09000000,21408.93000000,4599.39891000,60,60,False
1656252000000,1656255600000,21408.94000000,21493.67000000,21395.87000000,21411.58000000,1428.21013000,60,60,False
1656255600000,1656259200000,21411.58000000,21416.72000000,21197.12000000,21326.11000000,3713.68549000,60,60,False
1656259200000,1656262800000,21325.98000000,21445.88000000,21273.77000000,21352.02000000,1708.56071000,60,60,False
1656262800000,1656266400000,21352.03000000,21366.59000000,21128.41000000,21260.66000000,2321.65768000,60,60,False
1656266400000,1656270000000,21260.66000000,21269.01000000,21115.30000000,21186.64000000,2142.57191000,60,60,False
1656270000000,1656273600000,21186.64000000,21309.09000000,21182.62000000,21283.60000000,1185.31596000,60,60,False
1656273600000,1656277200000,21283.60000000,21425.00000000,21236.86000000,21401.73000000,1405.30494000,60,60,False
1656277200000,1656280800000,21401.73000000,21421.88000000,21327.52000000,21381.85000000,1139.55684000,60,60,False
1656280800000,1656284400000,21381.86000000,21403.05000000,20964.73000000,21143.78000000,4908.25915000,60,60,False
1656284400000,1656288000000,21143.78000000,21235.73000000,20971.59000000,21038.07000000,2865.74762000,60,60,False
1656288000000,1656291600000,21038.08000000,21119.29000000,20975.97000000,21048.72000000,2993.72157000,60,60,False
1656291600000,1656295200000,21048.71000000,21137.86000000,20926.01000000,21090.55000000,2856.60002000,60,60,False
1656295200000,1656298800000,21090.55000000,21190.10000000,21046.67000000,21131.30000000,1956.34289000,60,60,False
1656298800000,1656302400000,21131.30000000,21186.70000000,21112.13000000,21171.32000000,1308.64648000,60,60,False
1656302400000,1656306000000,21171.33000000,21318.66000000,21149.09000000,21246.58000000,2216.98013000,60,60,False
1656306000000,1656309600000,21246.58000000,21268.05000000,21142.86000000,21182.60000000,1593.77788000,60,60,False
1656309600000,1656313200000,21182.60000000,21278.50000000,21166.42000000,21267.60000000,1150.55018000,60,60,False
1656313200000,1656316800000,21267.59000000,21404.52000000,21260.00000000,21363.22000000,2325.79824000,60,60,False
1656316800000,1656320400000,21363.23000000,21539.85000000,21338.50000000,21489.80000000,3573.96036000,60,60,False
1656320400000,1656324000000,21489.81000000,21500.58000000,21422.97000000,21454.57000000,1831.27075000,60,60,False
1656324000000,1656327600000,21454.58000000,21492.42000000,21393.94000000,21437.18000000,1690.51043000,60,60,False
1656327600000,1656331200000,21437.18000000,21450.00000000,21285.48000000,21304.55000000,1935.69902000,60,60,False
1656331200000,1656334800000,21304.56000000,21343.83000000,21169.97000000,21235.84000000,2831.34528000,60,60,False
1656334800000,1656338400000,21235.84000000,21285.00000000,20722.04000000,20737.81000000,7499.50923000,60,60,False
1656338400000,1656342000000,20737.82000000,20845.37000000,20590.00000000,20820.51000000,7174.28946000,60,60,False
1656342000000,1656345600000,20820.50000000,20851.51000000,20675.11000000,20754.73000000,3241.02673000,60,60,False
1656345600000,1656349200000,20754.74000000,20811.68000000,20660.01000000,20759.66000000,2265.35284000,60,60,False
1656349200000,1656352800000,20759.65000000,20783.66000000,20700.11000000,20726.78000000,1393.78135000,60,60,False
1656352800000,1656356400000,20726.77000000,20945.00000000,20510.00000000,20821.05000000,5342.83933000,60,60,False
1656356400000,1656360000000,20821.05000000,20894.22000000,20723.34000000,20855.37000000,2117.49678000,60,60,False
1656360000000,1656363600000,20855.38000000,20966.73000000,20855.37000000,20913.56000000,1613.94194000,60,60,False
1656363600000,1656367200000,20913.57000000,20916.90000000,20783.15000000,20803.24000000,1093.61442000,60,60,False
1656367200000,1656370800000,20803.25000000,20950.00000000,20762.80000000,20814.42000000,2552.76729000,60,60,False
1656370800000,1656374400000,20814.42000000,20887.99000000,20680.00000000,20742.56000000,1915.17870000,60,60,False
1656374400000,1656378000000,20742.57000000,20873.82000000,20684.00000000,20770.50000000,2620.37096000,60,60,False
1656378000000,1656381600000,20770.50000000,20814.70000000,20553.04000000,20619.45000000,2874.79364000,60,60,False
1656381600000,1656385200000,20619.44000000,20684.39000000,20510.00000000,20640.98000000,3109.11374000,60,60,False
1656385200000,1656388800000,20640.99000000,20758.16000000,20630.98000000,20735.03000000,1658.46245000,60,60,False
1656388800000,1656392400000,20735.03000000,20795.09000000,20703.30000000,20771.57000000,1386.02065000,60,60,False
1656392400000,1656396000000,20771.58000000,20829.10000000,20735.42000000,20741.30000000,1466.51374000,60,60,False
1656396000000,1656399600000,20741.29000000,20900.00000000,20741.29000000,20862.65000000,1860.47094000,60,60,False
1656399600000,1656403200000,20862.64000000,20933.00000000,20830.43000000,20879.39000000,1919.57452000,60,60,False
1656403200000,1656406800000,20879.39000000,21150.29000000,20870.01000000,21119.32000000,3974.47695000,60,60,False
1656406800000,1656410400000,21119.32000000,21212.10000000,21046.89000000,21060.10000000,3384.99675000,60,60,False
1656410400000,1656414000000,21060.10000000,21090.70000000,20994.87000000,21023.26000000,1594.45243000,60,60,False
1656414000000,1656417600000,21023.25000000,21086.87000000,20904.74000000,20998.13000000,2194.73446000,60,60,False
1656417600000,1656421200000,20998.14000000,21128.88000000,20944.04000000,20953.31000000,2187.03942000,60,60,False
1656421200000,1656424800000,20953.31000000,21129.19000000,20869.20000000,21058.34000000,4091.22920000,60,60,False
1656424800000,1656428400000,21058.34000000,21088.95000000,20716.67000000,20845.08000000,4402.46905000,60,60,False
1656428400000,1656432000000,20845.09000000,20845.09000000,20588.00000000,20606.40000000,3496.66737000,60,60,False
1656432000000,1656435600000,20606.40000000,20771.80000000,20552.00000000,20715.58000000,3094.74309000,60,60,False
1656435600000,1656439200000,20715.57000000,20725.00000000,20596.34000000,20630.01000000,2276.57503000,60,60,False
1656439200000,1656442800000,20630.02000000,20638.70000000,20259.33000000,20349.08000000,5878.76482000,60,60,False
1656442800000,1656446400000,20349.07000000,20362.47000000,20218.00000000,20255.01000000,2601.61738000,60,60,False
1656446400000,1656450000000,20255.01000000,20321.92000000,20202.01000000,20277.57000000,1982.02776000,60,60,False
1656450000000,1656453600000,20277.58000000,20397.47000000,20274.31000000,20393.44000000,1198.43183000,60,60,False
1656453600000,1656457200000,20393.43000000,20463.20000000,20268.05000000,20308.02000000,2040.49278000,60,60,False
1656457200000,1656460800000,20308.01000000,20367.41000000,20210.00000000,20281.29000000,2507.04424000,60,60,False
1656460800000,1656464400000,20281.28000000,20388.79000000,20152.00000000,20289.83000000,3027.28428000,60,60,False
1656464400000,1656468000000,20289.83000000,20385.00000000,20236.34000000,20357.67000000,1552.19252000,60,60,False
1656468000000,1656471600000,20357.66000000,20398.00000000,20283.87000000,20347.46000000,1452.02140000,60,60,False
1656471600000,1656475200000,20347.47000000,20390.84000000,20231.23000000,20282.96000000,3372.00771000,60,60,False
1656475200000,1656478800000,20282.96000000,20371.75000000,20250.00000000,20307.37000000,2160.07491000,60,60,False
1656478800000,1656482400000,20307.38000000,20381.10000000,20071.64000000,20182.80000000,4067.93985000,60,60,False
1656482400000,1656486000000,20182.81000000,20211.89000000,19889.00000000,19941.82000000,5436.80547000,60,60,False
1656486000000,1656489600000,19941.82000000,20133.10000000,19900.57000000,20093.75000000,3517.48345000,60,60,False
1656489600000,1656493200000,20093.74000000,20149.00000000,19961.81000000,19990.38000000,2410.37206000,60,60,False
1656493200000,1656496800000,19990.38000000,20233.98000000,19971.01000000,20063.27000000,3598.30508000,60,60,False
1656496800000,1656500400000,20063.26000000,20147.12000000,20025.00000000,20097.00000000,3038.00098000,60,60,False
1656500400000,1656504000000,20097.00000000,20122.43000000,19854.92000000,20104.80000000,4656.69536000,60,60,False
1656504000000,1656507600000,20104.81000000,20189.13000000,19977.18000000,20014.12000000,4072.63617000,60,60,False
1656507600000,1656511200000,20014.12000000,20141.89000000,19892.97000000,20083.99000000,5185.96671000,60,60,False
1656511200000,1656514800000,20083.99000000,20254.20000000,20036.71000000,20126.02000000,4232.78407000,60,60,False
1656514800000,1656518400000,20126.01000000,20142.79000000,20000.00000000,20084.48000000,3160.51730000,60,60,False
1656518400000,1656522000000,20084.48000000,20100.00000000,19980.71000000,20020.87000000,2763.29072000,60,60,False
1656522000000,1656525600000,20020.87000000,20081.38000000,19921.85000000,20081.37000000,2684.01876000,60,60,False
1656525600000,1656529200000,20081.38000000,20123.00000000,20036.30000000,20052.68000000,1823.35762000,60,60,False
1656529200000,1656532800000,20052.67000000,20268.00000000,20036.94000000,20223.63000000,2158.13156000,60,60,False
1656532800000,1656536400000,20223.63000000,20432.31000000,20128.00000000,20224.04000000,3566.06839000,60,60,False
1656536400000,1656540000000,20224.04000000,20357.06000000,20196.80000000,20295.35000000,1443.38271000,60,60,False
1656540000000,1656543600000,20295.35000000,20326.12000000,20151.77000000,20213.64000000,5882.17945000,60,60,False
1656543600000,1656547200000,20213.64000000,20218.89000000,20052.74000000,20123.01000000,2047.52726000,60,60,False
1656547200000,1656550800000,20123.00000000,20179.08000000,20011.17000000,20037.92000000,2386.15679000,60,60,False
1656550800000,1656554400000,20037.91000000,20084.99000000,19951.08000000,20018.44000000,2705.05313000,60,60,False
1656554400000,1656558000000,20018.45000000,20121.74000000,20001.50000000,20083.78000000,1203.29408000,60,60,False
1656558000000,1656561600000,20083.78000000,20097.09000000,20047.73000000,20077.01000000,1191.54381000,60,60,False
1656561600000,1656565200000,20077.01000000,20091.15000000,20010.83000000,20052.28000000,1661.51776000,60,60,False
1656565200000,1656568800000,20052.28000000,20070.00000000,19964.55000000,20001.75000000,1907.58711000,60,60,False
1656568800000,1656572400000,20001.75000000,20028.47000000,19355.00000000,19420.34000000,7724.25079000,60,60,False
1656572400000,1656576000000,19420.33000000,19467.79000000,19310.00000000,19435.90000000,3770.07950000,60,60,False
1656576000000,1656579600000,19435.89000000,19440.73000000,19134.02000000,19234.06000000,4483.33740000,60,60,False
1656579600000,1656583200000,19234.06000000,19260.60000000,18921.59000000,19154.16000000,7821.54081000,60,60,False
1656583200000,1656586800000,19154.16000000,19171.82000000,18987.88000000,19108.64000000,3714.02821000,60,60,False
1656586800000,1656590400000,19108.64000000,19188.97000000,19013.35000000,19101.36000000,3439.68712000,60,60,False
1656590400000,1656594000000,19101.35000000,19341.26000000,19064.30000000,19204.37000000,4422.93394000,60,60,False
1656594000000,1656597600000,19204.36000000,19266.70000000,18756.71000000,18868.29000000,7320.70684000,60,60,False
1656597600000,1656601200000,18868.30000000,19160.00000000,18860.00000000,19123.18000000,4632.72393000,60,60,False
1656601200000,1656604800000,19123.19000000,19258.43000000,19091.88000000,19143.98000000,3977.53041000,60,60,False
1656604800000,1656608400000,19143.97000000,19295.89000000,19068.64000000,19140.42000000,3342.90538000,60,60,False
1656608400000,1656612000000,19140.42000000,19222.00000000,19071.43000000,19105.67000000,2094.71075000,60,60,False
1656612000000,1656615600000,19105.67000000,19126.26000000,18961.90000000,18973.86000000,2899.31594000,60,60,False
1656615600000,1656619200000,18973.86000000,19046.39000000,18850.21000000,18927.34000000,3385.78219000,60,60,False
1656619200000,1656622800000,18927.33000000,19075.49000000,18626.00000000,18755.93000000,4502.28225000,60,60,False
1656622800000,1656626400000,18755.93000000,18967.57000000,18724.18000000,18819.80000000,2580.28814000,60,60,False
1656626400000,1656630000000,18819.79000000,18957.08000000,18740.83000000,18894.54000000,3006.62719000,60,60,False
1656630000000,1656633600000,18894.53000000,19980.00000000,18881.51000000,19942.21000000,9672.76459000,60,60,False
1656633600000,1656637200000,19942.21000000,20918.35000000,19658.97000000,20295.08000000,15102.27957000,60,60,False
1656637200000,1656640800000,20295.09000000,20475.15000000,20260.00000000,20416.46000000,5242.15213000,60,60,False
1656640800000,1656644400000,20416.45000000,20552.29000000,20269.95000000,20300.69000000,3668.92227000,60,60,False
1656644400000,1656648000000,20300.68000000,20309.55000000,19688.00000000,19730.76000000,6570.88765000,60,60,False
1656648000000,1656651600000,19730.77000000,19773.71000000,19366.89000000,19409.23000000,7334.11812000,60,60,False
1656651600000,1656655200000,19409.23000000,19579.43000000,19315.91000000,19465.37000000,4453.06582000,60,60,False
1656655200000,1656658800000,19465.37000000,19492.00000000,19361.55000000,19401.67000000,3292.15042000,60,60,False
1656658800000,1656662400000,19401.66000000,19669.42000000,19337.00000000,19579.11000000,4650.69356000,60,60,False
1656662400000,1656666000000,19579.11000000,19821.28000000,19476.48000000,19524.57000000,4565.68497000,60,60,False
1656666000000,1656669600000,19524.56000000,19561.87000000,19371.55000000,19424.45000000,3713.83428000,60,60,False
1656669600000,1656673200000,19424.45000000,19496.80000000,19000.00000000,19070.56000000,6005.69316000,60,60,False
1656673200000,1656676800000,19070.57000000,19226.68000000,18975.00000000,19191.03000000,4148.55010000,60,60,False
1656676800000,1656680400000,19191.02000000,19346.92000000,19130.21000000,19288.12000000,3430.31258000,60,60,False
1656680400000,1656684000000,19288.12000000,19669.22000000,19208.64000000,19450.24000000,7443.08508000,60,60,False
1656684000000,1656687600000,19450.24000000,19535.71000000,19290.35000000,19408.92000000,6098.96932000,60,60,False
1656687600000,1656691200000,19408.91000000,19483.41000000,19212.62000000,19290.94000000,4410.11595000,60,60,False
1656691200000,1656694800000,19290.95000000,19465.00000000,19253.01000000,19347.96000000,3191.38323000,60,60,False
1656694800000,1656698400000,19347.97000000,19530.00000000,19323.72000000,19487.94000000,3190.68278000,60,60,False
1656698400000,1656702000000,19487.93000000,19544.52000000,19390.51000000,19440.28000000,2435.71439000,60,60,False
1656702000000,1656705600000,19440.28000000,19442.85000000,19279.03000000,19390.17000000,2562.45052000,60,60,False
1656705600000,1656709200000,19390.17000000,19686.71000000,19349.29000000,19431.77000000,3815.61986000,60,60,False
1656709200000,1656712800000,19431.78000000,19522.55000000,19336.63000000,19397.02000000,1372.69122000,60,60,False
1656712800000,1656716400000,19397.03000000,19416.67000000,19290.00000000,19300.62000000,2205.38019000,60,60,False
1656716400000,1656720000000,19300.62000000,19461.53000000,19221.03000000,19279.80000000,2940.15777000,60,60,False
1656720000000,1656723600000,19279.80000000,19387.44000000,19157.58000000,19179.58000000,3761.76852000,60,60,False
1656723600000,1656727200000,19179.58000000,19295.02000000,19144.29000000,19229.98000000,2231.98025000,60,60,False
1656727200000,1656730800000,19229.97000000,19283.39000000,19110.00000000,19197.58000000,2705.62512000,60,60,False
1656730800000,1656734400000,19197.58000000,19226.99000000,19063.52000000,19130.90000000,2356.01558000,60,60,False
1656734400000,1656738000000,19130.90000000,19236.82000000,19113.00000000,19195.88000000,1924.98006000,60,60,False
1656738000000,1656741600000,19195.88000000,19299.00000000,19177.53000000,19238.26000000,1454.95226000,60,60,False
1656741600000,1656745200000,19238.26000000,19283.16000000,19188.28000000,19216.69000000,1105.66641000,60,60,False
1656745200000,1656748800000,19216.69000000,19273.62000000,19112.51000000,19126.81000000,1623.04060000,60,60,False
1656748800000,1656752400000,19126.81000000,19195.60000000,19082.69000000,19113.83000000,1749.38038000,60,60,False
1656752400000,1656756000000,19113.84000000,19185.20000000,18977.01000000,19170.15000000,3089.17733000,60,60,False
1656756000000,1656759600000,19170.14000000,19285.01000000,19134.10000000,19240.34000000,2146.49752000,60,60,False
1656759600000,1656763200000,19240.34000000,19270.90000000,19160.33000000,19195.21000000,1769.49480000,60,60,False
1656763200000,1656766800000,19195.21000000,19467.39000000,19152.13000000,19344.57000000,3607.30358000,60,60,False
1656766800000,1656770400000,19344.56000000,19346.76000000,19223.16000000,19266.64000000,1567.14517000,60,60,False
1656770400000,1656774000000,19266.63000000,19359.74000000,19255.17000000,19283.33000000,1787.65080000,60,60,False
1656774000000,1656777600000,19283.34000000,19298.79000000,19171.77000000,19229.39000000,1602.69312000,60,60,False
1656777600000,1656781200000,19229.39000000,19335.71000000,19191.91000000,19294.03000000,1867.42532000,60,60,False
1656781200000,1656784800000,19294.02000000,19346.93000000,19285.22000000,19299.36000000,1321.99417000,60,60,False
1656784800000,1656788400000,19299.37000000,19399.86000000,19259.37000000,19320.15000000,1699.88762000,60,60,False
1656788400000,1656792000000,19320.15000000,19408.01000000,19196.00000000,19273.27000000,2209.18115000,60,60,False
1656792000000,1656795600000,19273.27000000,19286.74000000,19201.99000000,19263.30000000,1054.92054000,60,60,False
1656795600000,1656799200000,19263.29000000,19383.01000000,19250.16000000,19355.24000000,1350.63502000,60,60,False
1656799200000,1656802800000,19355.24000000,19371.69000000,19314.73000000,19331.34000000,1046.94854000,60,60,False
1656802800000,1656806400000,19331.35000000,19342.63000000,19200.00000000,19252.81000000,1145.93824000,60,60,False
1656806400000,1656810000000,19252.82000000,19292.04000000,19173.46000000,19246.54000000,1444.52072000,60,60,False
1656810000000,1656813600000,19246.54000000,19259.92000000,19174.06000000,19189.31000000,1040.27000000,60,60,False
1656813600000,1656817200000,19189.31000000,19284.16000000,19183.68000000,19261.41000000,879.02716000,60,60,False
1656817200000,1656820800000,19261.42000000,19307.42000000,19238.00000000,19264.29000000,930.41691000,60,60,False
1656820800000,1656824400000,19264.29000000,19325.94000000,18781.00000000,19263.59000000,7026.95705000,60,60,False
1656824400000,1656828000000,19263.58000000,19400.00000000,19030.00000000,19043.60000000,5361.62808000,60,60,False
1656828000000,1656831600000,19043.59000000,19245.58000000,19033.73000000,19150.00000000,2203.60653000,60,60,False
1656831600000,1656835200000,19150.00000000,19160.21000000,19091.84000000,19139.74000000,1216.94462000,60,60,False
1656835200000,1656838800000,19139.75000000,19155.44000000,18930.19000000,19014.88000000,2176.40020000,60,60,False
1656838800000,1656842400000,19014.89000000,19079.11000000,18955.42000000,19042.27000000,1828.95332000,60,60,False
1656842400000,1656846000000,19042.26000000,19119.28000000,19028.19000000,19072.03000000,1172.23853000,60,60,False
1656846000000,1656849600000,19072.04000000,19144.78000000,19063.01000000,19089.80000000,965.11724000,60,60,False
1656849600000,1656853200000,19089.79000000,19121.05000000,18982.20000000,19069.51000000,1663.33696000,60,60,False
1656853200000,1656856800000,19069.51000000,19083.40000000,18967.13000000,18977.22000000,1784.73797000,60,60,False
1656856800000,1656860400000,18977.21000000,19100.00000000,18964.00000000,19078.94000000,1266.19930000,60,60,False
1656860400000,1656864000000,19078.95000000,19136.43000000,19033.10000000,19046.78000000,1440.97448000,60,60,False
1656864000000,1656867600000,19046.78000000,19200.00000000,19011.66000000,19157.23000000,2274.64400000,60,60,False
1656867600000,1656871200000,19157.24000000,19247.38000000,19114.35000000,19221.77000000,1428.88593000,60,60,False
1656871200000,1656874800000,19221.76000000,19299.00000000,19182.64000000,19236.74000000,1631.47903000,60,60,False
1656874800000,1656878400000,19236.73000000,19565.05000000,19224.88000000,19492.16000000,3647.04707000,60,60,False
1656878400000,1656882000000,19492.15000000,19647.63000000,19414.89000000,19445.43000000,4265.52263000,60,60,False
1656882000000,1656885600000,19445.44000000,19469.57000000,19265.00000000,19300.92000000,1976.69145000,60,60,False
1656885600000,1656889200000,19300.92000000,19379.84000000,19231.38000000,19299.99000000,1899.92465000,60,60,False
1656889200000,1656892800000,19299.99000000,19340.59000000,19213.58000000,19315.83000000,1561.94248000,60,60,False
1656892800000,1656896400000,19315.83000000,19343.43000000,19216.29000000,19263.40000000,2188.09902000,60,60,False
1656896400000,1656900000000,19263.40000000,19270.23000000,19140.01000000,19226.60000000,2109.92149000,60,60,False
1656900000000,1656903600000,19226.59000000,19235.14000000,19058.58000000,19072.49000000,1954.18566000,60,60,False
1656903600000,1656907200000,19072.49000000,19130.50000000,19055.31000000,19103.54000000,1517.93206000,60,60,False
1656907200000,1656910800000,19103.54000000,19145.94000000,19082.92000000,19125.19000000,1022.11358000,60,60,False
1656910800000,1656914400000,19125.19000000,19150.00000000,19115.02000000,19137.19000000,769.55275000,60,60,False
1656914400000,1656918000000,19137.19000000,19189.00000000,19084.19000000,19101.42000000,1296.50582000,60,60,False
1656918000000,1656921600000,19101.43000000,19140.54000000,19084.29000000,19120.60000000,1461.55337000,60,60,False
1656921600000,1656925200000,19120.60000000,19174.15000000,19110.04000000,19147.25000000,1260.26650000,60,60,False
1656925200000,1656928800000,19147.25000000,19445.48000000,19140.19000000,19367.05000000,4510.71372000,60,60,False
1656928800000,1656932400000,19367.06000000,19554.97000000,19367.05000000,19470.65000000,4752.88148000,60,60,False
1656932400000,1656936000000,19470.64000000,19855.70000000,19463.63000000,19806.49000000,6575.38314000,60,60,False
1656936000000,1656939600000,19806.48000000,19888.00000000,19644.80000000,19712.80000000,5787.91668000,60,60,False
1656939600000,1656943200000,19712.80000000,19756.07000000,19526.30000000,19530.55000000,3696.28420000,60,60,False
1656943200000,1656946800000,19530.54000000,19641.86000000,19496.84000000,19609.71000000,2880.24395000,60,60,False
1656946800000,1656950400000,19609.72000000,20143.02000000,19609.70000000,19801.47000000,7620.56292000,60,60,False
1656950400000,1656954000000,19801.48000000,19831.21000000,19676.90000000,19740.96000000,2788.42963000,60,60,False
1656954000000,1656957600000,19740.95000000,20050.00000000,19719.83000000,19899.41000000,4666.76153000,60,60,False
1656957600000,1656961200000,19899.41000000,19993.46000000,19826.25000000,19930.71000000,2352.43474000,60,60,False
1656961200000,1656964800000,19930.71000000,19961.89000000,19758.21000000,19829.99000000,2284.23596000,60,60,False
1656964800000,1656968400000,19829.98000000,19876.77000000,19733.95000000,19782.79000000,1669.25259000,60,60,False
1656968400000,1656972000000,19782.79000000,20031.58000000,19749.51000000,19958.75000000,1935.62286000,60,60,False
1656972000000,1656975600000,19958.76000000,20252.22000000,19871.88000000,20163.67000000,4841.72952000,60,60,False
1656975600000,1656979200000,20163.66000000,20354.01000000,20113.91000000,20236.71000000,4871.46284000,60,60,False
1656979200000,1656982800000,20236.71000000,20478.40000000,20179.74000000,20395.59000000,4846.09500000,60,60,False
1656982800000,1656986400000,20395.60000000,20423.45000000,20249.65000000,20299.14000000,2692.62216000,60,60,False
1656986400000,1656990000000,20299.14000000,20299.99000000,20159.59000000,20173.87000000,1819.08109000,60,60,False
1656990000000,1656993600000,20173.87000000,20318.00000000,20173.86000000,20312.98000000,1366.06218000,60,60,False
1656993600000,1656997200000,20312.99000000,20316.45000000,20183.80000000,20272.38000000,1655.94889000,60,60,False
1656997200000,1657000800000,20272.39000000,20470.78000000,20226.95000000,20296.30000000,4672.72436000,60,60,False
1657000800000,1657004400000,20296.30000000,20437.86000000,20291.18000000,20387.81000000,1906.07562000,60,60,False
1657004400000,1657008000000,20387.82000000,20397.88000000,20177.00000000,20215.69000000,2548.40051000,60,60,False
1657008000000,1657011600000,20215.68000000,20215.69000000,19802.87000000,19894.92000000,5485.43869000,60,60,False
1657011600000,1657015200000,19894.93000000,19936.62000000,19636.86000000,19770.30000000,4220.24693000,60,60,False
1657015200000,1657018800000,19770.30000000,19821.95000000,19700.39000000,19740.94000000,2491.04195000,60,60,False
1657018800000,1657022400000,19740.94000000,19808.46000000,19478.00000000,19520.39000000,3905.18140000,60,60,False
1657022400000,1657026000000,19520.40000000,19545.45000000,19359.00000000,19373.75000000,5291.42411000,60,60,False
1657026000000,1657029600000,19373.74000000,19536.27000000,19304.40000000,19403.35000000,5634.13406000,60,60,False
1657029600000,1657033200000,19403.34000000,19594.52000000,19375.00000000,19464.53000000,4532.82601000,60,60,False
1657033200000,1657036800000,19464.52000000,19540.00000000,19322.04000000,19519.98000000,4114.22440000,60,60,False
1657036800000,1657040400000,19519.98000000,19715.06000000,19479.53000000,19552.40000000,4779.03021000,60,60,False
1657040400000,1657044000000,19552.41000000,19788.00000000,19543.79000000,19703.85000000,3647.64295000,60,60,False
1657044000000,1657047600000,19703.85000000,20142.60000000,19673.12000000,20117.50000000,4808.60520000,60,60,False
1657047600000,1657051200000,20117.49000000,20500.00000000,20063.29000000,20398.21000000,7970.48056000,60,60,False
1657051200000,1657054800000,20398.21000000,20750.00000000,20361.34000000,20458.93000000,8924.49210000,60,60,False
1657054800000,1657058400000,20458.93000000,20495.62000000,20175.00000000,20373.12000000,4065.57125000,60,60,False
1657058400000,1657062000000,20373.12000000,20439.99000000,20252.38000000,20435.25000000,2096.58841000,60,60,False
1657062000000,1657065600000,20435.24000000,20435.99000000,20103.05000000,20175.83000000,2567.19952000,60,60,False
1657065600000,1657069200000,20175.84000000,20414.01000000,20087.02000000,20261.88000000,3732.85185000,60,60,False
1657069200000,1657072800000,20261.89000000,20314.28000000,19828.71000000,19877.48000000,4909.99636000,60,60,False
1657072800000,1657076400000,19877.48000000,19977.18000000,19796.92000000,19860.60000000,2561.11119000,60,60,False
1657076400000,1657080000000,19860.60000000,19985.68000000,19761.25000000,19951.47000000,2301.63459000,60,60,False
1657080000000,1657083600000,19951.47000000,20337.84000000,19895.72000000,20098.75000000,5174.97219000,60,60,False
1657083600000,1657087200000,20098.75000000,20195.59000000,19909.53000000,20048.08000000,3559.05978000,60,60,False
1657087200000,1657090800000,20048.08000000,20100.00000000,19864.45000000,20089.67000000,2828.03781000,60,60,False
1657090800000,1657094400000,20089.67000000,20243.83000000,20080.46000000,20162.22000000,3206.25585000,60,60,False
1657094400000,1657098000000,20162.21000000,20303.65000000,20085.93000000,20184.57000000,3559.04955000,60,60,False
1657098000000,1657101600000,20184.36000000,20285.76000000,20121.76000000,20202.75000000,2542.09717000,60,60,False
1657101600000,1657105200000,20202.76000000,20220.00000000,20045.00000000,20132.99000000,2826.07880000,60,60,False
1657105200000,1657108800000,20133.00000000,20159.43000000,20033.37000000,20103.43000000,2060.33199000,60,60,False
1657108800000,1657112400000,20103.44000000,20185.21000000,19961.02000000,20154.77000000,3468.86551000,60,60,False
1657112400000,1657116000000,20154.77000000,20366.20000000,20042.85000000,20228.36000000,6610.45749000,60,60,False
1657116000000,1657119600000,20228.35000000,20297.25000000,20102.36000000,20198.56000000,4452.71413000,60,60,False
1657119600000,1657123200000,20198.56000000,20200.98000000,20059.01000000,20148.86000000,2430.86193000,60,60,False
1657123200000,1657126800000,20148.85000000,20328.16000000,20133.55000000,20301.84000000,2984.60375000,60,60,False
1657126800000,1657130400000,20301.85000000,20396.72000000,20234.37000000,20266.09000000,2364.86410000,60,60,False
1657130400000,1657134000000,20266.09000000,20448.19000000,20185.85000000,20383.36000000,5802.82880000,60,60,False
1657134000000,1657137600000,20383.37000000,20478.08000000,20277.75000000,20328.55000000,2720.12559000,60,60,False
1657137600000,1657141200000,20328.55000000,20444.71000000,20277.04000000,20399.74000000,2240.11400000,60,60,False
1657141200000,1657144800000,20399.73000000,20433.15000000,20299.80000000,20354.91000000,1724.02518000,60,60,False
1657144800000,1657148400000,20354.90000000,20611.00000000,20343.85000000,20513.76000000,4402.29386000,60,60,False
1657148400000,1657152000000,20513.77000000,20675.22000000,20491.53000000,20564.51000000,3976.34933000,60,60,False
1657152000000,1657155600000,20564.51000000,20594.77000000,20480.45000000,20533.49000000,2489.62194000,60,60,False
1657155600000,1657159200000,20533.48000000,20568.15000000,20467.26000000,20515.63000000,2006.42305000,60,60,False
1657159200000,1657162800000,20515.64000000,20545.00000000,20385.87000000,20419.98000000,2244.60248000,60,60,False
1657162800000,1657166400000,20419.98000000,20489.84000000,20393.75000000,20480.61000000,1290.28481000,60,60,False
1657166400000,1657170000000,20480.60000000,20493.72000000,20358.00000000,20416.42000000,1408.61559000,60,60,False
1657170000000,1657173600000,20416.42000000,20446.10000000,20251.68000000,20302.18000000,2242.29826000,60,60,False
1657173600000,1657177200000,20302.18000000,20369.29000000,20280.40000000,20339.18000000,1417.60043000,60,60,False
1657177200000,1657180800000,20339.19000000,20468.16000000,20330.46000000,20440.01000000,2221.23267000,60,60,False
1657180800000,1657184400000,20440.01000000,20555.00000000,20391.16000000,20523.09000000,2638.10985000,60,60,False
1657184400000,1657188000000,20523.08000000,20619.50000000,20467.54000000,20559.15000000,2892.68170000,60,60,False
1657188000000,1657191600000,20559.16000000,20585.77000000,20463.61000000,20502.08000000,2109.42381000,60,60,False
1657191600000,1657195200000,20502.09000000,20510.00000000,20429.99000000,20507.83000000,1386.24190000,60,60,False
1657195200000,1657198800000,20507.83000000,20510.00000000,20383.36000000,20428.59000000,2059.46733000,60,60,False
1657198800000,1657202400000,20428.60000000,20559.93000000,20378.16000000,20539.87000000,2997.72824000,60,60,False
1657202400000,1657206000000,20539.87000000,20969.00000000,20504.72000000,20918.97000000,10246.21924000,60,60,False
1657206000000,1657209600000,20918.97000000,21035.00000000,20830.01000000,20888.44000000,4392.14490000,60,60,False
1657209600000,1657213200000,20888.44000000,21200.00000000,20866.38000000,21093.04000000,5619.84186000,60,60,False
1657213200000,1657216800000,21093.03000000,21106.23000000,20837.67000000,20910.65000000,3316.55881000,60,60,False
1657216800000,1657220400000,20910.65000000,21406.89000000,20880.58000000,21357.71000000,6530.57111000,60,60,False
1657220400000,1657224000000,21357.70000000,21837.74000000,21325.00000000,21812.47000000,10863.12542000,60,60,False
1657224000000,1657227600000,21812.46000000,21838.10000000,21526.40000000,21624.03000000,6209.04379000,60,60,False
1657227600000,1657231200000,21624.03000000,21727.87000000,21567.56000000,21667.99000000,2988.24284000,60,60,False
1657231200000,1657234800000,21667.99000000,21760.38000000,21589.69000000,21628.17000000,2924.97211000,60,60,False
1657234800000,1657238400000,21628.18000000,21720.00000000,21567.56000000,21624.98000000,2519.53047000,60,60,False
1657238400000,1657242000000,21624.99000000,21740.67000000,21578.14000000,21724.73000000,2656.73980000,60,60,False
1657242000000,1657245600000,21724.74000000,22527.37000000,21640.00000000,22137.21000000,7814.45320000,60,60,False
1657245600000,1657249200000,22137.21000000,22156.97000000,21878.46000000,21990.20000000,3258.48907000,60,60,False
1657249200000,1657252800000,21990.21000000,22132.28000000,21936.84000000,22130.56000000,1932.76855000,60,60,False
1657252800000,1657256400000,22130.57000000,22242.29000000,21966.01000000,21982.43000000,2965.21657000,60,60,False
1657256400000,1657260000000,21982.43000000,22063.94000000,21750.00000000,21843.33000000,3446.41756000,60,60,False
1657260000000,1657263600000,21843.34000000,21873.63000000,21760.99000000,21826.13000000,2849.48706000,60,60,False
1657263600000,1657267200000,21826.13000000,21860.59000000,21710.56000000,21797.64000000,2261.44714000,60,60,False
1657267200000,1657270800000,21797.65000000,21822.10000000,21427.52000000,21436.79000000,3825.47153000,60,60,False
1657270800000,1657274400000,21436.80000000,21580.07000000,21317.00000000,21568.85000000,4798.08358000,60,60,False
1657274400000,1657278000000,21568.84000000,21732.77000000,21491.02000000,21536.54000000,2987.07242000,60,60,False
1657278000000,1657281600000,21536.55000000,21670.76000000,21465.04000000,21583.98000000,2403.85009000,60,60,False
1657281600000,1657285200000,21583.99000000,21714.99000000,21189.26000000,21380.00000000,6958.77404000,60,60,False
1657285200000,1657288800000,21380.01000000,21483.73000000,21206.42000000,21272.60000000,4730.39698000,60,60,False
1657288800000,1657292400000,21272.61000000,21856.37000000,21196.45000000,21769.09000000,68623.10943000,60,60,False
1657292400000,1657296000000,21769.09000000,22130.00000000,21701.24000000,21962.52000000,137207.18860000,60,60,False
1657296000000,1657299600000,21964.30000000,21979.51000000,21550.00000000,21689.36000000,38592.15054000,60,60,False
1657299600000,1657303200000,21690.73000000,21837.64000000,21629.96000000,21767.47000000,46232.24319000,60,60,False
1657303200000,1657306800000,21758.71000000,21886.40000000,21661.22000000,21736.26000000,18425.27776000,60,60,False
1657306800000,1657310400000,21736.35000000,21876.93000000,21664.14000000,21811.90000000,14809.65447000,60,60,False
1657310400000,1657314000000,21811.90000000,22045.91000000,21771.42000000,21855.41000000,9713.43125000,60,60,False
1657314000000,1657317600000,21855.41000000,22020.00000000,21692.85000000,21700.37000000,5171.26231000,60,60,False
1657317600000,1657321200000,21700.37000000,21844.83000000,21684.75000000,21773.03000000,5469.45006000,60,60,False
1657321200000,1657324800000,21775.30000000,21962.48000000,21580.71000000,21594.75000000,5949.13829000,60,60,False
1657324800000,1657328400000,21594.75000000,21696.39000000,21430.00000000,21547.42000000,12175.28757000,60,60,False
1657328400000,1657332000000,21547.42000000,21600.20000000,21403.24000000,21505.55000000,9016.68940000,60,60,False
1657332000000,1657335600000,21506.82000000,21656.00000000,21495.49000000,21586.37000000,9009.16810000,60,60,False
1657335600000,1657339200000,21584.27000000,21630.00000000,21465.19000000,21612.62000000,7559.61122000,60,60,False
1657339200000,1657342800000,21612.62000000,21636.23000000,21507.37000000,21554.52000000,8180.33695000,60,60,False
1657342800000,1657346400000,21554.52000000,21611.00000000,21485.82000000,21517.76000000,6014.99808000,60,60,False
1657346400000,1657350000000,21517.13000000,21578.84000000,21488.92000000,21560.10000000,6597.78506000,60,60,False
1657350000000,1657353600000,21561.09000000,21728.63000000,21554.89000000,21654.72000000,8032.12628000,60,60,False
1657353600000,1657357200000,21654.72000000,21735.00000000,21600.20000000,21722.94000000,5566.17345000,60,60,False
1657357200000,1657360800000,21722.94000000,21729.72000000,21601.77000000,21654.79000000,5714.27369000,60,60,False
1657360800000,1657364400000,21654.03000000,21750.00000000,21624.54000000,21735.33000000,6732.39895000,60,60,False
1657364400000,1657368000000,21735.89000000,21778.73000000,21322.12000000,21447.29000000,9577.11036000,60,60,False
1657368000000,1657371600000,21447.29000000,21558.49000000,21379.64000000,21514.78000000,8800.06748000,60,60,False
1657371600000,1657375200000,21514.78000000,21625.92000000,21499.63000000,21563.50000000,10397.49927000,60,60,False
1657375200000,1657378800000,21562.00000000,21717.62000000,21535.21000000,21594.55000000,9714.31479000,60,60,False
1657378800000,1657382400000,21596.03000000,21650.00000000,21536.98000000,21546.90000000,6580.21590000,60,60,False
1657382400000,1657386000000,21545.89000000,21718.34000000,21530.32000000,21693.15000000,6634.94020000,60,60,False
1657386000000,1657389600000,21693.15000000,21980.00000000,21666.15000000,21880.69000000,10050.72843000,60,60,False
1657389600000,1657393200000,21880.69000000,21916.61000000,21734.76000000,21750.87000000,6625.09651000,60,60,False
1657393200000,1657396800000,21750.87000000,21771.71000000,21517.87000000,21621.40000000,6754.32162000,60,60,False
1657396800000,1657400400000,21621.49000000,21699.99000000,21582.74000000,21680.60000000,6089.27724000,60,60,False
1657400400000,1657404000000,21680.60000000,21750.00000000,21635.35000000,21708.05000000,3517.70523000,60,60,False
1657404000000,1657407600000,21709.07000000,21754.00000000,21593.32000000,21627.51000000,3702.01742000,60,60,False
1657407600000,1657411200000,21627.51000000,21650.00000000,21546.06000000,21591.83000000,5375.70148000,60,60,False
1657411200000,1657414800000,21592.15000000,21607.65000000,21366.70000000,21372.91000000,9775.98606000,60,60,False
1657414800000,1657418400000,21372.91000000,21498.79000000,21336.48000000,21414.18000000,8365.80822000,60,60,False
1657418400000,1657422000000,21413.10000000,21493.11000000,21091.81000000,21311.11000000,11922.59827000,60,60,False
1657422000000,1657425600000,21310.01000000,21347.81000000,21227.25000000,21294.98000000,8203.65029000,60,60,False
1657425600000,1657429200000,21295.76000000,21310.00000000,21161.36000000,21276.18000000,8031.73748000,60,60,False
1657429200000,1657432800000,21276.98000000,21373.48000000,21266.62000000,21358.75000000,7898.26690000,60,60,False
1657432800000,1657436400000,21360.14000000,21363.19000000,21225.73000000,21295.65000000,6599.96962000,60,60,False
1657436400000,1657440000000,21297.28000000,21360.58000000,21245.15000000,21338.12000000,6558.20641000,60,60,False
1657440000000,1657443600000,21339.46000000,21424.67000000,21255.25000000,21324.16000000,7891.41116000,60,60,False
1657443600000,1657447200000,21325.36000000,21361.52000000,21286.00000000,21325.00000000,6132.31280000,60,60,False
1657447200000,1657450800000,21326.13000000,21355.85000000,21220.53000000,21277.09000000,7750.73745000,60,60,False
1657450800000,1657454400000,21277.09000000,21304.96000000,21161.67000000,21301.84000000,8215.91876000,60,60,False
1657454400000,1657458000000,21301.84000000,21345.14000000,21270.46000000,21307.22000000,6534.24428000,60,60,False
1657458000000,1657461600000,21307.23000000,21313.99000000,20951.01000000,21080.00000000,10590.96812000,60,60,False
1657461600000,1657465200000,21078.97000000,21080.00000000,20835.73000000,20865.63000000,12342.07856000,60,60,False
1657465200000,1657468800000,20863.92000000,20979.76000000,20839.23000000,20899.76000000,8869.51007000,60,60,False
1657468800000,1657472400000,20898.44000000,21052.47000000,20655.00000000,20932.35000000,12305.11302000,60,60,False
1657472400000,1657476000000,20932.35000000,20954.67000000,20879.42000000,20902.05000000,6957.90561000,60,60,False
1657476000000,1657479600000,20902.05000000,20915.93000000,20757.33000000,20844.81000000,6331.12952000,60,60,False
1657479600000,1657483200000,20844.82000000,20929.34000000,20731.86000000,20920.54000000,6110.23427000,60,60,False
1657483200000,1657486800000,20921.40000000,21022.08000000,20827.71000000,20987.27000000,7322.68784000,60,60,False
1657486800000,1657490400000,20987.27000000,21180.92000000,20963.92000000,21038.24000000,4386.08827000,60,60,False
1657490400000,1657494000000,21035.22000000,21038.92000000,20698.90000000,20839.80000000,9418.52108000,60,60,False
1657494000000,1657497600000,20839.80000000,20883.01000000,20760.75000000,20862.47000000,3673.13150000,60,60,False
1657497600000,1657501200000,20861.11000000,20868.48000000,20675.11000000,20809.56000000,5980.82533000,60,60,False
1657501200000,1657504800000,20812.80000000,20815.87000000,20518.43000000,20555.18000000,5661.29445000,60,60,False
1657504800000,1657508400000,20552.75000000,20599.44000000,20453.36000000,20548.82000000,5439.74940000,60,60,False
1657508400000,1657512000000,20551.29000000,20668.14000000,20482.53000000,20540.69000000,5996.01638000,60,60,False
1657512000000,1657515600000,20540.68000000,20606.11000000,20425.00000000,20527.84000000,5129.00908000,60,60,False
1657515600000,1657519200000,20528.71000000,20580.13000000,20468.00000000,20506.53000000,3696.43521000,60,60,False
1657519200000,1657522800000,20504.40000000,20525.25000000,20353.72000000,20402.91000000,5881.98194000,60,60,False
1657522800000,1657526400000,20402.91000000,20478.79000000,20381.52000000,20439.91000000,4175.11079000,60,60,False
1657526400000,1657530000000,20439.17000000,20557.92000000,20411.56000000,20530.00000000,4800.20324000,60,60,False
1657530000000,1657533600000,20530.00000000,20626.78000000,20501.17000000,20552.02000000,4824.76141000,60,60,False
1657533600000,1657537200000,20549.18000000,20632.59000000,20511.19000000,20533.00000000,5370.64143000,60,60,False
1657537200000,1657540800000,20533.00000000,20584.56000000,20426.39000000,20473.06000000,4313.59599000,60,60,False
1657540800000,1657544400000,20474.55000000,20617.48000000,20416.11000000,20587.68000000,5159.72372000,60,60,False
1657544400000,1657548000000,20587.68000000,20762.02000000,20271.10000000,20373.40000000,11866.91607000,60,60,False
1657548000000,1657551600000,20377.32000000,20488.99000000,20285.54000000,20387.23000000,7170.28772000,60,60,False
1657551600000,1657555200000,20387.23000000,20468.00000000,20360.00000000,20437.44000000,4975.55372000,60,60,False
1657555200000,1657558800000,20440.00000000,20520.89000000,20400.00000000,20418.96000000,4657.12238000,60,60,False
1657558800000,1657562400000,20420.61000000,20653.27000000,20414.47000000,20616.23000000,5923.66283000,60,60,False
1657562400000,1657566000000,20616.23000000,20716.29000000,20553.73000000,20569.36000000,5358.30059000,60,60,False
1657566000000,1657569600000,20568.70000000,20591.59000000,20420.00000000,20509.47000000,5444.37460000,60,60,False
1657569600000,1657573200000,20509.47000000,20565.05000000,20390.92000000,20431.78000000,4230.27595000,60,60,False
1657573200000,1657576800000,20434.33000000,20441.75000000,20154.01000000,20239.38000000,4327.58714000,60,60,False
1657576800000,1657580400000,20239.42000000,20242.58000000,19961.80000000,20007.25000000,10545.52329000,60,60,False
1657580400000,1657584000000,20007.25000000,20055.22000000,19875.23000000,19963.61000000,6606.45458000,60,60,False
1657584000000,1657587600000,19963.61000000,20006.54000000,19786.46000000,19809.84000000,7317.86219000,60,60,False
1657587600000,1657591200000,19812.93000000,19956.16000000,19802.18000000,19890.34000000,4692.24231000,60,60,False
1657591200000,1657594800000,19890.47000000,19986.84000000,19882.72000000,19971.06000000,3627.23506000,60,60,False
1657594800000,1657598400000,19971.06000000,19976.80000000,19877.06000000,19942.33000000,3535.77619000,60,60,False
1657598400000,1657602000000,19942.33000000,20037.98000000,19927.76000000,20004.57000000,3382.49199000,60,60,False
1657602000000,1657605600000,20004.57000000,20059.42000000,19948.50000000,19956.82000000,3732.05649000,60,60,False
1657605600000,1657609200000,19954.48000000,19956.82000000,19802.15000000,19847.14000000,6344.14285000,60,60,False
1657609200000,1657612800000,19847.14000000,19871.24000000,19620.00000000,19730.99000000,11650.57603000,60,60,False
1657612800000,1657616400000,19731.00000000,19819.34000000,19665.67000000,19772.21000000,6278.25875000,60,60,False
1657616400000,1657620000000,19770.32000000,19807.26000000,19558.12000000,19603.42000000,7162.42286000,60,60,False
1657620000000,1657623600000,19601.29000000,19720.50000000,19594.09000000,19619.36000000,4865.16001000,60,60,False
1657623600000,1657627200000,19617.79000000,19836.60000000,19598.01000000,19773.90000000,6457.00053000,60,60,False
1657627200000,1657630800000,19775.56000000,19968.00000000,19770.00000000,19874.12000000,6062.38813000,60,60,False
1657630800000,1657634400000,19874.12000000,20010.00000000,19765.01000000,19784.54000000,8176.02867000,60,60,False
1657634400000,1657638000000,19784.54000000,19939.27000000,19695.30000000,19918.24000000,6707.45082000,60,60,False
1657638000000,1657641600000,19916.46000000,19999.00000000,19859.00000000,19886.33000000,5053.27893000,60,60,False
1657641600000,1657645200000,19886.33000000,20007.23000000,19880.00000000,19903.57000000,4453.68991000,60,60,False
1657645200000,1657648800000,19901.87000000,19926.98000000,19823.10000000,19878.25000000,3638.08328000,60,60,False
1657648800000,1657652400000,19879.21000000,19890.65000000,19702.41000000,19731.18000000,3931.60760000,60,60,False
1657652400000,1657656000000,19730.73000000,19732.50000000,19278.00000000,19398.74000000,12185.65560000,60,60,False
1657656000000,1657659600000,19398.74000000,19555.00000000,19379.07000000,19461.99000000,5585.68958000,60,60,False
1657659600000,1657663200000,19460.56000000,19528.00000000,19345.00000000,19349.50000000,2534.92260000,60,60,False
1657663200000,1657666800000,19348.59000000,19479.99000000,19240.00000000,19375.37000000,6368.56747000,60,60,False
1657666800000,1657670400000,19377.18000000,19451.33000000,19253.37000000,19328.75000000,5763.87077000,60,60,False
1657670400000,1657674000000,19331.28000000,19450.02000000,19265.40000000,19428.23000000,6171.55523000,60,60,False
1657674000000,1657677600000,19428.23000000,19478.00000000,19378.37000000,19427.28000000,4161.07052000,60,60,False
1657677600000,1657681200000,19429.20000000,19545.00000000,19427.03000000,19506.34000000,4987.06679000,60,60,False
1657681200000,1657684800000,19506.35000000,19582.51000000,19460.00000000,19473.68000000,4014.32697000,60,60,False
1657684800000,1657688400000,19473.68000000,19524.70000000,19420.00000000,19480.61000000,3145.53114000,60,60,False
1657688400000,1657692000000,19480.61000000,19581.45000000,19442.96000000,19520.00000000,3694.14386000,60,60,False
1657692000000,1657695600000,19518.92000000,19557.37000000,19469.84000000,19547.22000000,3433.06177000,60,60,False
1657695600000,1657699200000,19547.22000000,19875.00000000,19490.41000000,19705.25000000,8625.74215000,60,60,False
1657699200000,1657702800000,19707.06000000,19930.00000000,19670.02000000,19853.92000000,8899.98358000,60,60,False
1657702800000,1657706400000,19851.96000000,19899.64000000,19769.07000000,19810.00000000,5151.74186000,60,60,False
1657706400000,1657710000000,19807.77000000,19818.42000000,19702.00000000,19788.37000000,4518.04959000,60,60,False
1657710000000,1657713600000,19787.96000000,19888.44000000,19755.52000000,19843.89000000,5532.34467000,60,60,False
1657713600000,1657717200000,19845.33000000,20128.39000000,18910.94000000,19165.01000000,29524.10930000,60,60,False
1657717200000,1657720800000,19165.01000000,19350.07000000,18917.26000000,19293.33000000,20556.72655000,60,60,False
1657720800000,1657724400000,19294.00000000,19688.00000000,19194.66000000,19574.57000000,18058.58740000,60,60,False
1657724400000,1657728000000,19574.57000000,19699.00000000,19384.73000000,19456.20000000,11917.53642000,60,60,False
1657728000000,1657731600000,19454.99000000,19640.00000000,19230.00000000,19631.78000000,12423.13684000,60,60,False
1657731600000,1657735200000,19631.78000000,20046.15000000,19618.22000000,19884.07000000,14233.91918000,60,60,False
1657735200000,1657738800000,19882.94000000,19893.43000000,19676.18000000,19845.02000000,7910.70954000,60,60,False
1657738800000,1657742400000,19846.67000000,19870.27000000,19633.34000000,19652.15000000,6069.18976000,60,60,False
1657742400000,1657746000000,19652.15000000,19761.43000000,19584.37000000,19670.02000000,4501.19847000,60,60,False
1657746000000,1657749600000,19670.02000000,19958.00000000,19646.24000000,19923.51000000,4535.08807000,60,60,False
1657749600000,1657753200000,19925.05000000,20030.67000000,19828.71000000,19846.97000000,6253.71069000,60,60,False
1657753200000,1657756800000,19845.41000000,20366.61000000,19835.15000000,20234.87000000,10931.71853000,60,60,False
1657756800000,1657760400000,20234.87000000,20430.76000000,20164.06000000,20306.05000000,8507.47726000,60,60,False
1657760400000,1657764000000,20304.55000000,20435.72000000,20226.64000000,20277.84000000,6851.29598000,60,60,False
1657764000000,1657767600000,20277.84000000,20312.95000000,20180.21000000,20257.10000000,5019.25140000,60,60,False
1657767600000,1657771200000,20258.77000000,20376.73000000,20205.39000000,20224.24000000,5302.76357000,60,60,False
1657771200000,1657774800000,20224.24000000,20276.90000000,20057.31000000,20083.01000000,7015.75153000,60,60,False
1657774800000,1657778400000,20083.01000000,20218.77000000,20048.99000000,20114.33000000,5139.05195000,60,60,False
1657778400000,1657782000000,20116.44000000,20149.83000000,19894.76000000,20023.69000000,6783.93983000,60,60,False
1657782000000,1657785600000,20026.25000000,20052.06000000,19923.56000000,19990.72000000,5298.57993000,60,60,False
1657785600000,1657789200000,19990.72000000,20057.03000000,19737.33000000,19764.62000000,7777.54580000,60,60,False
1657789200000,1657792800000,19764.62000000,19839.65000000,19678.26000000,19823.11000000,7946.64672000,60,60,False
1657792800000,1657796400000,19822.54000000,19852.41000000,19732.08000000,19781.13000000,6411.05484000,60,60,False
1657796400000,1657800000000,19779.20000000,19808.75000000,19635.22000000,19738.13000000,6905.55330000,60,60,False
1657800000000,1657803600000,19738.13000000,19878.92000000,19616.07000000,19783.60000000,8641.49576000,60,60,False
1657803600000,1657807200000,19782.16000000,19822.64000000,19645.80000000,19762.87000000,8131.34959000,60,60,False
1657807200000,1657810800000,19765.35000000,19957.35000000,19671.91000000,19893.58000000,7594.56197000,60,60,False
1657810800000,1657814400000,19895.57000000,20466.00000000,19893.46000000,20390.50000000,17179.51269000,60,60,False
1657814400000,1657818000000,20390.00000000,20485.92000000,20143.96000000,20223.21000000,10940.07493000,60,60,False
1657818000000,1657821600000,20220.75000000,20786.12000000,20187.73000000,20738.17000000,13612.30645000,60,60,False
1657821600000,1657825200000,20738.17000000,20789.46000000,20625.19000000,20695.70000000,6735.98620000,60,60,False
1657825200000,1657828800000,20695.70000000,20900.00000000,20587.43000000,20605.75000000,7353.46515000,60,60,False
1657828800000,1657832400000,20608.36000000,20705.06000000,20520.90000000,20682.33000000,4830.42406000,60,60,False
1657832400000,1657836000000,20682.33000000,20720.00000000,20438.12000000,20478.23000000,3049.24955000,60,60,False
1657836000000,1657839600000,20475.90000000,20565.87000000,20446.68000000,20501.54000000,4332.01843000,60,60,False
1657839600000,1657843200000,20501.54000000,20606.31000000,20469.24000000,20588.84000000,3449.86007000,60,60,False
1657843200000,1657846800000,20588.84000000,20606.86000000,20382.36000000,20397.79000000,5069.49779000,60,60,False
1657846800000,1657850400000,20399.21000000,20658.46000000,20382.29000000,20628.23000000,4298.55035000,60,60,False
1657850400000,1657854000000,20629.27000000,20833.00000000,20436.01000000,20489.64000000,9241.40802000,60,60,False
1657854000000,1657857600000,20489.64000000,20633.61000000,20444.96000000,20611.83000000,3920.15907000,60,60,False
1657857600000,1657861200000,20613.21000000,20705.62000000,20494.29000000,20542.86000000,5663.57007000,60,60,False
1657861200000,1657864800000,20542.86000000,20676.95000000,20518.78000000,20666.10000000,3472.70562000,60,60,False
1657864800000,1657868400000,20667.43000000,20695.87000000,20594.22000000,20603.22000000,3927.61627000,60,60,False
1657868400000,1657872000000,20603.22000000,20936.00000000,20562.53000000,20835.38000000,8689.18947000,60,60,False
1657872000000,1657875600000,20835.38000000,21044.56000000,20720.16000000,20869.81000000,8299.16836000,60,60,False
1657875600000,1657879200000,20867.10000000,21059.32000000,20842.37000000,20896.45000000,8243.74424000,60,60,False
1657879200000,1657882800000,20896.45000000,20922.00000000,20801.40000000,20868.33000000,5069.38990000,60,60,False
1657882800000,1657886400000,20869.96000000,20950.62000000,20759.94000000,20769.74000000,5858.42244000,60,60,False
1657886400000,1657890000000,20769.74000000,21041.00000000,20759.39000000,20986.53000000,8311.76691000,60,60,False
1657890000000,1657893600000,20986.53000000,21090.00000000,20791.84000000,20861.02000000,9615.57842000,60,60,False
1657893600000,1657897200000,20859.94000000,21003.69000000,20858.05000000,20890.53000000,8452.03645000,60,60,False
1657897200000,1657900800000,20890.53000000,20964.99000000,20777.00000000,20792.19000000,5217.78542000,60,60,False
1657900800000,1657904400000,20792.19000000,20819.60000000,20636.70000000,20756.16000000,6572.64990000,60,60,False
1657904400000,1657908000000,20759.35000000,20928.00000000,20740.63000000,20786.11000000,4810.58236000,60,60,False
1657908000000,1657911600000,20786.09000000,21052.38000000,20772.79000000,21037.25000000,4699.77600000,60,60,False
1657911600000,1657915200000,21034.13000000,21189.00000000,20940.69000000,21165.85000000,5824.49284000,60,60,False
1657915200000,1657918800000,21165.85000000,21200.00000000,20894.94000000,20933.89000000,7417.08379000,60,60,False
1657918800000,1657922400000,20936.41000000,21020.00000000,20830.02000000,20967.40000000,3080.63943000,60,60,False
1657922400000,1657926000000,20967.40000000,20989.56000000,20799.80000000,20890.79000000,3672.04268000,60,60,False
1657926000000,1657929600000,20891.25000000,20946.44000000,20760.00000000,20830.04000000,3915.44910000,60,60,False
1657929600000,1657933200000,20830.04000000,20865.38000000,20666.00000000,20681.21000000,5135.82464000,60,60,False
1657933200000,1657936800000,20681.21000000,20757.19000000,20630.00000000,20716.00000000,3297.97893000,60,60,False
1657936800000,1657940400000,20717.24000000,20746.37000000,20600.00000000,20702.60000000,3574.04956000,60,60,False
1657940400000,1657944000000,20702.60000000,20769.01000000,20686.78000000,20738.00000000,2632.99667000,60,60,False
1657944000000,1657947600000,20738.00000000,20764.83000000,20650.00000000,20745.97000000,3245.61938000,60,60,False
1657947600000,1657951200000,20745.97000000,20750.00000000,20557.77000000,20595.04000000,3174.09487000,60,60,False
1657951200000,1657954800000,20595.04000000,20620.00000000,20478.61000000,20548.15000000,5412.92411000,60,60,False
1657954800000,1657958400000,20548.15000000,20618.00000000,20499.79000000,20546.18000000,2766.63809000,60,60,False
1657958400000,1657962000000,20546.18000000,20661.99000000,20539.85000000,20606.76000000,2905.92205000,60,60,False
1657962000000,1657965600000,20606.76000000,20638.00000000,20573.33000000,20612.11000000,2265.31397000,60,60,False
1657965600000,1657969200000,20612.11000000,20685.90000000,20591.80000000,20633.94000000,2632.75964000,60,60,False
1657969200000,1657972800000,20633.94000000,20676.52000000,20600.28000000,20616.69000000,2502.66600000,60,60,False
1657972800000,1657976400000,20616.69000000,20743.92000000,20588.72000000,20697.12000000,3409.94807000,60,60,False
1657976400000,1657980000000,20697.12000000,20862.72000000,20681.60000000,20839.60000000,6084.10156000,60,60,False
1657980000000,1657983600000,20839.60000000,20873.10000000,20732.65000000,20816.10000000,4477.46505000,60,60,False
1657983600000,1657987200000,20814.39000000,20957.46000000,20811.74000000,20943.02000000,5992.33477000,60,60,False
1657987200000,1657990800000,20943.02000000,21490.00000000,20921.07000000,21466.78000000,20681.08824000,60,60,False
1657990800000,1657994400000,21464.13000000,21588.94000000,21216.91000000,21246.65000000,11357.58341000,60,60,False
1657994400000,1657998000000,21246.65000000,21362.05000000,21198.07000000,21289.51000000,5830.35035000,60,60,False
1657998000000,1658001600000,21292.24000000,21394.04000000,21150.00000000,21192.04000000,5552.71872000,60,60,False
1658001600000,1658005200000,21190.00000000,21225.56000000,20911.64000000,21211.36000000,7012.45206000,60,60,False
1658005200000,1658008800000,21213.78000000,21345.99000000,21086.44000000,21196.69000000,3790.01873000,60,60,False
1658008800000,1658012400000,21196.69000000,21316.27000000,21137.45000000,21296.65000000,3571.67782000,60,60,False
1658012400000,1658016000000,21296.65000000,21304.50000000,21155.23000000,21195.60000000,3705.14724000,60,60,False
1658016000000,1658019600000,21195.60000000,21348.86000000,21187.19000000,21295.57000000,4988.02364000,60,60,False
1658019600000,1658023200000,21292.88000000,21339.52000000,21082.80000000,21155.33000000,4609.19762000,60,60,False
1658023200000,1658026800000,21155.33000000,21236.96000000,21128.22000000,21159.93000000,3278.80750000,60,60,False
1658026800000,1658030400000,21159.93000000,21460.85000000,21155.89000000,21324.18000000,5671.56032000,60,60,False
1658030400000,1658034000000,21322.27000000,21475.64000000,21231.01000000,21258.45000000,3658.51571000,60,60,False
1658034000000,1658037600000,21259.61000000,21400.65000000,21251.00000000,21357.66000000,4069.93307000,60,60,False
1658037600000,1658041200000,21356.25000000,21597.88000000,21344.58000000,21575.05000000,5907.00279000,60,60,False
1658041200000,1658044800000,21576.82000000,21684.54000000,21463.24000000,21467.61000000,5683.08463000,60,60,False
1658044800000,1658048400000,21467.61000000,21518.87000000,21373.56000000,21456.52000000,6171.03674000,60,60,False
1658048400000,1658052000000,21456.52000000,21549.00000000,21275.12000000,21367.06000000,6003.12630000,60,60,False
1658052000000,1658055600000,21364.94000000,21398.51000000,21209.71000000,21386.16000000,5934.26719000,60,60,False
1658055600000,1658059200000,21383.69000000,21483.03000000,21292.20000000,21456.79000000,4956.38181000,60,60,False
1658059200000,1658062800000,21459.35000000,21500.00000000,21340.73000000,21382.44000000,4300.39801000,60,60,False
1658062800000,1658066400000,21380.78000000,21388.51000000,21113.73000000,21117.48000000,8563.61821000,60,60,False
1658066400000,1658070000000,21117.48000000,21260.94000000,21075.07000000,21203.82000000,4432.03615000,60,60,False
1658070000000,1658073600000,21205.22000000,21278.00000000,21123.40000000,21170.09000000,4067.95263000,60,60,False
1658073600000,1658077200000,21170.09000000,21215.62000000,21002.00000000,21149.79000000,5215.06135000,60,60,False
1658077200000,1658080800000,21148.36000000,21355.00000000,20824.00000000,20921.42000000,8331.34956000,60,60,False
1658080800000,1658084400000,20921.43000000,21064.53000000,20853.47000000,20973.90000000,5034.44487000,60,60,False
1658084400000,1658088000000,20976.03000000,21082.11000000,20933.57000000,21026.85000000,3147.09512000,60,60,False
1658088000000,1658091600000,21029.12000000,21046.00000000,20910.23000000,20935.47000000,2769.85149000,60,60,False
1658091600000,1658095200000,20935.47000000,21055.00000000,20883.01000000,21018.99000000,3698.77213000,60,60,False
1658095200000,1658098800000,21018.99000000,21080.00000000,20921.88000000,21002.15000000,3440.61146000,60,60,False
1658098800000,1658102400000,21002.15000000,21008.00000000,20750.01000000,20798.16000000,4297.32420000,60,60,False
1658102400000,1658106000000,20799.58000000,20924.31000000,20762.45000000,20822.85000000,5527.85198000,60,60,False
1658106000000,1658109600000,20822.85000000,21013.35000000,20814.80000000,20977.91000000,4945.90867000,60,60,False
1658109600000,1658113200000,20978.87000000,21377.48000000,20960.00000000,21335.52000000,10301.65240000,60,60,False
1658113200000,1658116800000,21336.55000000,21379.99000000,21193.01000000,21280.02000000,6404.07757000,60,60,False
1658116800000,1658120400000,21282.60000000,21328.42000000,21170.01000000,21300.29000000,5614.22619000,60,60,False
1658120400000,1658124000000,21302.78000000,21880.04000000,21290.21000000,21862.01000000,15345.39418000,60,60,False
1658124000000,1658127600000,21862.00000000,22358.23000000,21771.53000000,22194.47000000,16129.09684000,60,60,False
1658127600000,1658131200000,22197.69000000,22400.00000000,22101.88000000,22245.93000000,11307.45260000,60,60,False
1658131200000,1658134800000,22245.93000000,22515.00000000,22152.01000000,22289.81000000,13911.07738000,60,60,False
1658134800000,1658138400000,22289.81000000,22400.00000000,22220.00000000,22242.04000000,8473.85211000,60,60,False
1658138400000,1658142000000,22241.00000000,22367.92000000,22137.79000000,22199.64000000,8406.76710000,60,60,False
1658142000000,1658145600000,22199.64000000,22330.00000000,21960.71000000,22133.31000000,11391.92220000,60,60,False
1658145600000,1658149200000,22132.08000000,22320.00000000,21898.00000000,22287.05000000,12319.29615000,60,60,False
1658149200000,1658152800000,22287.05000000,22318.00000000,22069.00000000,22139.16000000,10266.66099000,60,60,False
1658152800000,1658156400000,22136.28000000,22240.00000000,21988.05000000,22213.08000000,10820.32148000,60,60,False
1658156400000,1658160000000,22211.87000000,22777.63000000,22158.30000000,22675.83000000,11484.26096000,60,60,False
1658160000000,1658163600000,22675.83000000,22713.28000000,22110.77000000,22202.00000000,14011.67607000,60,60,False
1658163600000,1658167200000,22200.57000000,22222.40000000,21821.05000000,21878.06000000,9841.70317000,60,60,False
1658167200000,1658170800000,21876.30000000,22010.70000000,21801.56000000,21832.70000000,8485.22266000,60,60,False
1658170800000,1658174400000,21835.17000000,21879.53000000,21388.00000000,21617.92000000,12357.14260000,60,60,False
1658174400000,1658178000000,21617.92000000,21678.43000000,21434.35000000,21493.18000000,6609.75391000,60,60,False
1658178000000,1658181600000,21491.79000000,21756.30000000,21445.25000000,21659.73000000,5080.34446000,60,60,False
1658181600000,1658185200000,21660.90000000,21860.28000000,21556.00000000,21792.51000000,7577.49998000,60,60,False
1658185200000,1658188800000,21792.73000000,22650.00000000,21768.92000000,22432.58000000,13329.56967000,60,60,False
1658188800000,1658192400000,22432.58000000,22961.72000000,22166.71000000,22345.94000000,25417.02407000,60,60,False
1658192400000,1658196000000,22342.67000000,22393.02000000,22000.01000000,22054.99000000,12627.55240000,60,60,False
1658196000000,1658199600000,22054.99000000,22173.34000000,21926.84000000,22096.71000000,8586.64625000,60,60,False
1658199600000,1658203200000,22096.94000000,22280.00000000,21807.46000000,21903.55000000,8986.30369000,60,60,False
1658203200000,1658206800000,21903.55000000,21955.33000000,21701.32000000,21892.58000000,8227.05657000,60,60,False
1658206800000,1658210400000,21895.04000000,22119.60000000,21826.11000000,21997.23000000,7133.73650000,60,60,False
1658210400000,1658214000000,21997.23000000,22133.89000000,21579.54000000,21760.43000000,11986.24267000,60,60,False
1658214000000,1658217600000,21760.43000000,21880.97000000,21687.24000000,21764.88000000,8490.58453000,60,60,False
1658217600000,1658221200000,21764.88000000,21937.04000000,21696.60000000,21922.08000000,7088.01621000,60,60,False
1658221200000,1658224800000,21922.08000000,21969.80000000,21805.67000000,21905.75000000,5463.73464000,60,60,False
1658224800000,1658228400000,21903.36000000,22113.23000000,21810.00000000,22004.92000000,7566.72584000,60,60,False
1658228400000,1658232000000,22002.01000000,22230.00000000,21909.00000000,21974.49000000,8777.75558000,60,60,False
1658232000000,1658235600000,21977.19000000,22199.04000000,21971.84000000,22175.50000000,8630.14173000,60,60,False
1658235600000,1658239200000,22175.50000000,22440.67000000,22041.45000000,22320.63000000,13736.46489000,60,60,False
1658239200000,1658242800000,22317.63000000,22640.12000000,22101.40000000,22626.42000000,11572.98005000,60,60,False
1658242800000,1658246400000,22626.18000000,23199.90000000,22461.05000000,23136.08000000,29208.75727000,60,60,False
1658246400000,1658250000000,23128.31000000,23441.38000000,22950.21000000,23234.23000000,22425.39036000,60,60,False
1658250000000,1658253600000,23236.66000000,23529.00000000,23072.22000000,23460.08000000,11702.10720000,60,60,False
1658253600000,1658257200000,23460.08000000,23525.96000000,23221.48000000,23410.55000000,10007.44257000,60,60,False
1658257200000,1658260800000,23410.55000000,23706.26000000,23346.43000000,23401.99000000,9879.81782000,60,60,False
1658260800000,1658264400000,23399.88000000,23443.57000000,23147.14000000,23300.14000000,7519.21665000,60,60,False
1658264400000,1658268000000,23303.93000000,23800.00000000,23253.38000000,23650.26000000,6995.05476000,60,60,False
1658268000000,1658271600000,23650.26000000,23659.15000000,23334.76000000,23501.76000000,5315.26048000,60,60,False
1658271600000,1658275200000,23498.35000000,23630.00000000,23227.85000000,23396.62000000,6426.75301000,60,60,False
1658275200000,1658278800000,23398.48000000,23439.38000000,22922.00000000,23034.49000000,13170.04666000,60,60,False
1658278800000,1658282400000,23034.49000000,23338.30000000,22931.42000000,23259.48000000,8963.61312000,60,60,False
1658282400000,1658286000000,23256.89000000,23502.00000000,23205.77000000,23370.43000000,7286.49026000,60,60,False
1658286000000,1658289600000,23371.35000000,23522.40000000,23267.27000000,23436.85000000,7434.10414000,60,60,False
1658289600000,1658293200000,23438.01000000,23519.69000000,23303.43000000,23394.12000000,5553.36671000,60,60,False
1658293200000,1658296800000,23394.12000000,23562.00000000,23315.00000000,23498.44000000,6033.51470000,60,60,False
1658296800000,1658300400000,23498.44000000,23822.31000000,23485.41000000,23781.71000000,9320.82682000,60,60,False
1658300400000,1658304000000,23783.59000000,23864.15000000,23371.68000000,23381.18000000,9995.27864000,60,60,False
1658304000000,1658307600000,23381.18000000,23519.53000000,23314.70000000,23366.87000000,8824.18075000,60,60,False
1658307600000,1658311200000,23369.19000000,23578.87000000,23313.90000000,23524.84000000,7426.03626000,60,60,False
1658311200000,1658314800000,23524.66000000,23888.04000000,23502.99000000,23709.06000000,12954.95016000,60,60,False
1658314800000,1658318400000,23709.06000000,23835.00000000,23583.80000000,23728.55000000,8322.69371000,60,60,False
1658318400000,1658322000000,23728.55000000,23935.00000000,23567.91000000,23804.01000000,13044.14991000,60,60,False
1658322000000,1658325600000,23804.54000000,24075.99000000,23761.36000000,23781.35000000,13798.29087000,60,60,False
1658325600000,1658329200000,23781.35000000,24199.74000000,23687.00000000,24191.35000000,12386.31044000,60,60,False
1658329200000,1658332800000,24191.35000000,24276.74000000,24040.22000000,24172.63000000,12430.40165000,60,60,False
1658332800000,1658336400000,24172.64000000,24201.94000000,23546.19000000,23683.97000000,14797.80719000,60,60,False
1658336400000,1658340000000,23686.63000000,23749.99000000,23400.00000000,23515.48000000,11236.03620000,60,60,False
1658340000000,1658343600000,23515.48000000,23867.39000000,23509.05000000,23762.85000000,8316.25058000,60,60,False
1658343600000,1658347200000,23765.37000000,23950.00000000,23556.57000000,23660.38000000,7694.83074000,60,60,False
1658347200000,1658350800000,23663.24000000,23767.73000000,22906.19000000,23259.70000000,20570.95303000,60,60,False
1658350800000,1658354400000,23262.32000000,23799.62000000,23238.07000000,23608.15000000,6937.09253000,60,60,False
1658354400000,1658358000000,23607.06000000,23641.78000000,23304.56000000,23309.06000000,5176.52817000,60,60,False
1658358000000,1658361600000,23309.06000000,23401.88000000,23111.00000000,23223.30000000,7088.41770000,60,60,False
1658361600000,1658365200000,23223.30000000,23386.56000000,23122.34000000,23249.70000000,6524.92893000,60,60,False
1658365200000,1658368800000,23249.70000000,23442.77000000,23160.50000000,23235.64000000,6558.37742000,60,60,False
1658368800000,1658372400000,23233.61000000,23338.51000000,22689.42000000,22694.58000000,10942.88177000,60,60,False
1658372400000,1658376000000,22692.06000000,22866.14000000,22666.00000000,22777.20000000,7319.16992000,60,60,False
1658376000000,1658379600000,22779.12000000,22943.18000000,22638.53000000,22881.41000000,8282.86352000,60,60,False
1658379600000,1658383200000,22881.41000000,22993.71000000,22813.27000000,22942.00000000,5390.57860000,60,60,False
1658383200000,1658386800000,22943.15000000,22967.57000000,22750.14000000,22790.23000000,5236.29583000,60,60,False
1658386800000,1658390400000,22790.23000000,23099.51000000,22773.49000000,22931.56000000,7601.42980000,60,60,False
1658390400000,1658394000000,22929.28000000,22971.34000000,22797.03000000,22878.77000000,5865.44738000,60,60,False
1658394000000,1658397600000,22878.77000000,23022.54000000,22855.29000000,23003.58000000,5586.09590000,60,60,False
1658397600000,1658401200000,23003.58000000,23074.12000000,22846.95000000,22869.55000000,5411.94236000,60,60,False
1658401200000,1658404800000,22870.88000000,22906.87000000,22466.34000000,22606.04000000,12341.16162000,60,60,False
1658404800000,1658408400000,22607.92000000,22850.00000000,22542.14000000,22800.20000000,9839.15857000,60,60,False
1658408400000,1658412000000,22802.82000000,22812.77000000,22561.27000000,22704.96000000,10543.33923000,60,60,False
1658412000000,1658415600000,22702.30000000,22761.77000000,22341.46000000,22558.20000000,12186.72997000,60,60,False
1658415600000,1658419200000,22555.31000000,22679.24000000,22520.17000000,22642.34000000,6414.29306000,60,60,False
1658419200000,1658422800000,22639.37000000,23199.15000000,22632.72000000,23034.00000000,13599.51063000,60,60,False
1658422800000,1658426400000,23031.27000000,23207.94000000,22772.05000000,22852.28000000,9236.62776000,60,60,False
1658426400000,1658430000000,22852.28000000,23005.42000000,22818.01000000,22928.77000000,4856.90773000,60,60,False
1658430000000,1658433600000,22932.32000000,23200.00000000,22916.10000000,23194.40000000,7801.06405000,60,60,False
1658433600000,1658437200000,23194.40000000,23308.80000000,23089.97000000,23120.65000000,9085.92105000,60,60,False
1658437200000,1658440800000,23120.65000000,23250.00000000,23077.30000000,23207.99000000,3458.93212000,60,60,False
1658440800000,1658444400000,23207.99000000,23231.35000000,22931.35000000,23017.08000000,6007.12907000,60,60,False
1658444400000,1658448000000,23017.08000000,23233.09000000,23000.17000000,23152.19000000,4726.89562000,60,60,False
1658448000000,1658451600000,23152.19000000,23352.53000000,23090.00000000,23270.16000000,5581.95925000,60,60,False
1658451600000,1658455200000,23269.20000000,23308.74000000,23066.04000000,23103.05000000,4517.47317000,60,60,False
1658455200000,1658458800000,23103.05000000,23134.49000000,22962.45000000,22987.42000000,3710.24499000,60,60,False
1658458800000,1658462400000,22987.42000000,23043.35000000,22861.43000000,22909.90000000,4365.77566000,60,60,False
1658462400000,1658466000000,22907.25000000,22992.63000000,22805.89000000,22969.85000000,4003.36919000,60,60,False
1658466000000,1658469600000,22968.45000000,23173.41000000,22886.94000000,23146.46000000,5381.83839000,60,60,False
1658469600000,1658473200000,23148.46000000,23227.44000000,23084.06000000,23166.26000000,5361.98846000,60,60,False
1658473200000,1658476800000,23166.26000000,23320.00000000,23015.00000000,23118.79000000,8487.13635000,60,60,False
1658476800000,1658480400000,23121.63000000,23320.00000000,23068.00000000,23301.73000000,9220.35704000,60,60,False
1658480400000,1658484000000,23304.92000000,23524.52000000,23262.72000000,23448.78000000,12244.08794000,60,60,False
1658484000000,1658487600000,23450.64000000,23590.56000000,23413.04000000,23438.05000000,6402.18281000,60,60,False
1658487600000,1658491200000,23434.38000000,23634.40000000,23404.01000000,23610.58000000,6423.64581000,60,60,False
1658491200000,1658494800000,23612.15000000,23696.95000000,23558.59000000,23590.07000000,7675.35843000,60,60,False
1658494800000,1658498400000,23588.13000000,23756.49000000,23430.00000000,23456.28000000,12306.32298000,60,60,False
1658498400000,1658502000000,23456.27000000,23675.36000000,23327.29000000,23661.82000000,13003.03520000,60,60,False
1658502000000,1658505600000,23664.07000000,23665.59000000,23227.81000000,23290.68000000,10332.55593000,60,60,False
1658505600000,1658509200000,23290.71000000,23344.62000000,23050.09000000,23108.14000000,9929.78468000,60,60,False
1658509200000,1658512800000,23110.53000000,23199.00000000,22887.00000000,23017.79000000,9363.28746000,60,60,False
1658512800000,1658516400000,23017.79000000,23071.65000000,22915.00000000,23026.01000000,5448.64922000,60,60,False
1658516400000,1658520000000,23026.01000000,23138.45000000,22543.64000000,22586.26000000,12135.46592000,60,60,False
1658520000000,1658523600000,22582.88000000,22729.90000000,22500.00000000,22604.97000000,6978.15160000,60,60,False
1658523600000,1658527200000,22603.36000000,22785.95000000,22572.33000000,22737.99000000,3243.88230000,60,60,False
1658527200000,1658530800000,22737.99000000,22780.18000000,22637.31000000,22726.27000000,2875.81876000,60,60,False
1658530800000,1658534400000,22724.27000000,22770.07000000,22653.91000000,22684.83000000,2606.06812000,60,60,False
1658534400000,1658538000000,22684.83000000,22818.97000000,22550.14000000,22767.19000000,4303.36591000,60,60,False
1658538000000,1658541600000,22766.55000000,22860.36000000,22736.33000000,22787.77000000,3082.68490000,60,60,False
1658541600000,1658545200000,22787.77000000,22904.39000000,22774.18000000,22834.24000000,3474.99265000,60,60,False
1658545200000,1658548800000,22833.04000000,22902.50000000,22795.22000000,22808.55000000,2966.73011000,60,60,False
1658548800000,1658552400000,22808.55000000,22987.93000000,22727.54000000,22895.40000000,5656.23658000,60,60,False
1658552400000,1658556000000,22896.56000000,23000.77000000,22842.65000000,22902.46000000,4452.59878000,60,60,False
1658556000000,1658559600000,22902.46000000,22935.97000000,22810.00000000,22827.46000000,3248.16883000,60,60,False
1658559600000,1658563200000,22827.46000000,22846.40000000,22675.12000000,22770.52000000,5577.41009000,60,60,False
1658563200000,1658566800000,22771.94000000,22877.26000000,22561.72000000,22610.54000000,6529.01623000,60,60,False
1658566800000,1658570400000,22608.56000000,22700.97000000,22524.36000000,22666.17000000,6535.23073000,60,60,False
1658570400000,1658574000000,22666.17000000,22717.31000000,22405.26000000,22516.58000000,6609.83077000,60,60,False
1658574000000,1658577600000,22516.58000000,22540.00000000,22210.67000000,22227.53000000,9234.66152000,60,60,False
1658577600000,1658581200000,22230.28000000,22364.29000000,22087.04000000,22280.96000000,8601.54137000,60,60,False
1658581200000,1658584800000,22282.72000000,22389.53000000,22264.38000000,22341.04000000,3457.06280000,60,60,False
1658584800000,1658588400000,22339.97000000,22363.60000000,22039.89000000,22150.14000000,5153.78879000,60,60,False
1658588400000,1658592000000,22147.70000000,22307.50000000,22117.42000000,22215.61000000,4984.63232000,60,60,False
1658592000000,1658595600000,22216.90000000,22290.57000000,22174.22000000,22189.54000000,3586.01499000,60,60,False
1658595600000,1658599200000,22189.54000000,22256.58000000,21947.22000000,22033.92000000,7055.08530000,60,60,False
1658599200000,1658602800000,22031.84000000,22239.18000000,21934.57000000,22076.02000000,6295.40825000,60,60,False
1658602800000,1658606400000,22076.02000000,22332.00000000,22031.31000000,22272.50000000,4872.55609000,60,60,False
1658606400000,1658610000000,22272.50000000,22380.69000000,22244.73000000,22325.82000000,3367.01875000,60,60,False
1658610000000,1658613600000,22323.02000000,22360.16000000,22221.54000000,22243.32000000,2268.16680000,60,60,False
1658613600000,1658617200000,22244.84000000,22517.10000000,22231.89000000,22469.08000000,6207.95182000,60,60,False
1658617200000,1658620800000,22469.08000000,22559.00000000,22426.72000000,22451.07000000,4617.61937000,60,60,False
1658620800000,1658624400000,22448.58000000,22677.37000000,22448.58000000,22549.18000000,5346.44400000,60,60,False
1658624400000,1658628000000,22550.51000000,22589.28000000,22372.54000000,22423.58000000,3605.76684000,60,60,False
1658628000000,1658631600000,22426.04000000,22483.28000000,22348.46000000,22469.09000000,3285.13041000,60,60,False
1658631600000,1658635200000,22469.09000000,22476.13000000,22288.00000000,22331.86000000,2723.72942000,60,60,False
1658635200000,1658638800000,22331.86000000,22412.43000000,22257.15000000,22396.51000000,2728.69300000,60,60,False
1658638800000,1658642400000,22396.51000000,22787.21000000,22390.24000000,22749.98000000,8067.04379000,60,60,False
1658642400000,1658646000000,22748.92000000,22768.36000000,22631.14000000,22679.00000000,4825.56751000,60,60,False
1658646000000,1658649600000,22680.38000000,22839.99000000,22667.13000000,22701.60000000,5261.22335000,60,60,False
1658649600000,1658653200000,22704.09000000,22744.37000000,22566.00000000,22681.91000000,4687.28807000,60,60,False
1658653200000,1658656800000,22681.91000000,22763.36000000,22598.50000000,22617.09000000,3794.09665000,60,60,False
1658656800000,1658660400000,22618.27000000,22681.10000000,22480.00000000,22521.80000000,4166.45175000,60,60,False
1658660400000,1658664000000,22521.80000000,22822.81000000,22507.74000000,22657.63000000,6687.37745000,60,60,False
1658664000000,1658667600000,22657.63000000,22774.56000000,22444.00000000,22495.59000000,6324.61375000,60,60,False
1658667600000,1658671200000,22495.59000000,22597.92000000,22447.44000000,22569.34000000,4050.07019000,60,60,False
1658671200000,1658674800000,22567.75000000,22800.00000000,22533.73000000,22774.30000000,7379.40968000,60,60,False
1658674800000,1658678400000,22774.30000000,22911.31000000,22741.40000000,22847.08000000,5505.14419000,60,60,False
1658678400000,1658682000000,22847.08000000,22880.87000000,22630.00000000,22709.01000000,5631.70121000,60,60,False
1658682000000,1658685600000,22709.01000000,22852.47000000,22661.76000000,22772.14000000,4349.53130000,60,60,False
1658685600000,1658689200000,22772.14000000,22794.55000000,22680.00000000,22712.48000000,2717.86344000,60,60,False
1658689200000,1658692800000,22712.48000000,22803.84000000,22663.44000000,22700.40000000,3236.08706000,60,60,False
1658692800000,1658696400000,22699.12000000,22805.69000000,22670.21000000,22718.33000000,2719.01882000,60,60,False
1658696400000,1658700000000,22718.33000000,22828.02000000,22671.41000000,22808.44000000,2965.26906000,60,60,False
1658700000000,1658703600000,22806.47000000,23014.64000000,22555.27000000,22657.20000000,8908.24793000,60,60,False
1658703600000,1658707200000,22661.22000000,22759.56000000,22513.70000000,22579.68000000,6223.90390000,60,60,False
1658707200000,1658710800000,22577.13000000,22666.00000000,22264.79000000,22320.27000000,9392.30200000,60,60,False
1658710800000,1658714400000,22322.47000000,22328.15000000,22117.48000000,22205.42000000,6701.76156000,60,60,False
1658714400000,1658718000000,22205.55000000,22211.42000000,21863.00000000,21953.27000000,9808.82887000,60,60,False
1658718000000,1658721600000,21951.46000000,21958.03000000,21753.57000000,21867.75000000,7216.14297000,60,60,False
1658721600000,1658725200000,21867.75000000,21912.20000000,21737.82000000,21894.80000000,6648.73436000,60,60,False
1658725200000,1658728800000,21892.53000000,21943.43000000,21808.01000000,21913.69000000,5519.21449000,60,60,False
1658728800000,1658732400000,21915.22000000,21948.00000000,21820.15000000,21910.67000000,5947.11600000,60,60,False
1658732400000,1658736000000,21910.67000000,22002.62000000,21880.40000000,21962.33000000,4473.72966000,60,60,False
1658736000000,1658739600000,21962.33000000,22107.63000000,21868.36000000,22049.00000000,6888.49911000,60,60,False
1658739600000,1658743200000,22050.75000000,22110.98000000,21983.44000000,21999.44000000,5478.93106000,60,60,False
1658743200000,1658746800000,21999.44000000,22081.60000000,21960.72000000,22051.51000000,4694.48690000,60,60,False
1658746800000,1658750400000,22051.51000000,22103.62000000,21913.46000000,21941.25000000,4986.26431000,60,60,False
1658750400000,1658754000000,21942.18000000,21994.23000000,21814.40000000,21976.18000000,5846.77670000,60,60,False
1658754000000,1658757600000,21973.74000000,22003.12000000,21767.30000000,21899.76000000,9910.66868000,60,60,False
1658757600000,1658761200000,21899.68000000,21932.95000000,21683.40000000,21886.42000000,9837.79511000,60,60,False
1658761200000,1658764800000,21885.75000000,21932.27000000,21748.05000000,21895.79000000,6563.86248000,60,60,False
1658764800000,1658768400000,21893.94000000,21982.75000000,21837.77000000,21952.20000000,6109.28795000,60,60,False
1658768400000,1658772000000,21951.48000000,22021.47000000,21838.90000000,21863.12000000,4732.95441000,60,60,False
1658772000000,1658775600000,21863.12000000,21942.62000000,21777.00000000,21824.28000000,4663.10645000,60,60,False
1658775600000,1658779200000,21824.28000000,21905.56000000,21552.53000000,21890.17000000,11695.11869000,60,60,False
1658779200000,1658782800000,21892.66000000,22259.98000000,21886.27000000,22167.91000000,13609.91070000,60,60,False
1658782800000,1658786400000,22167.91000000,22188.44000000,21962.86000000,22025.20000000,4699.29664000,60,60,False
1658786400000,1658790000000,22022.79000000,22028.14000000,21509.79000000,21658.38000000,13814.15326000,60,60,False
1658790000000,1658793600000,21661.66000000,21759.98000000,21250.00000000,21310.90000000,11105.82407000,60,60,False
1658793600000,1658797200000,21310.90000000,21347.82000000,20971.40000000,20996.90000000,16688.36372000,60,60,False
1658797200000,1658800800000,20994.94000000,21122.00000000,20970.05000000,21076.70000000,7641.95576000,60,60,False
1658800800000,1658804400000,21076.70000000,21126.73000000,21025.28000000,21071.81000000,4891.73237000,60,60,False
1658804400000,1658808000000,21068.65000000,21234.56000000,20856.48000000,21141.53000000,11318.42022000,60,60,False
1658808000000,1658811600000,21141.53000000,21272.21000000,21097.87000000,21126.91000000,5964.94785000,60,60,False
1658811600000,1658815200000,21128.52000000,21179.33000000,21062.96000000,21145.03000000,4781.80892000,60,60,False
1658815200000,1658818800000,21146.64000000,21167.05000000,21063.24000000,21079.27000000,5543.32043000,60,60,False
1658818800000,1658822400000,21076.98000000,21145.00000000,21017.21000000,21066.86000000,5707.27423000,60,60,False
1658822400000,1658826000000,21066.86000000,21113.00000000,20986.35000000,21065.30000000,5846.82359000,60,60,False
1658826000000,1658829600000,21067.26000000,21161.37000000,21060.41000000,21120.36000000,4522.90944000,60,60,False
1658829600000,1658833200000,21119.09000000,21151.58000000,21046.10000000,21075.84000000,4112.27871000,60,60,False
1658833200000,1658836800000,21077.53000000,21155.15000000,20932.70000000,21090.22000000,5860.84055000,60,60,False
1658836800000,1658840400000,21090.22000000,21196.58000000,20963.88000000,21033.31000000,8880.55389000,60,60,False
1658840400000,1658844000000,21033.31000000,21053.98000000,20774.74000000,20947.22000000,11498.36053000,60,60,False
1658844000000,1658847600000,20947.22000000,21038.52000000,20833.17000000,20949.43000000,8470.46131000,60,60,False
1658847600000,1658851200000,20947.42000000,20964.92000000,20706.50000000,20746.81000000,9220.50366000,60,60,False
1658851200000,1658854800000,20746.81000000,20951.38000000,20734.79000000,20937.41000000,6801.87187000,60,60,False
1658854800000,1658858400000,20937.41000000,21083.49000000,20901.43000000,20919.36000000,8702.84286000,60,60,False
1658858400000,1658862000000,20919.36000000,20999.30000000,20817.00000000,20905.71000000,6161.44876000,60,60,False
1658862000000,1658865600000,20905.71000000,20944.36000000,20805.00000000,20915.57000000,6252.57802000,60,60,False
1658865600000,1658869200000,20911.55000000,20993.90000000,20809.53000000,20983.99000000,7878.06757000,60,60,False
1658869200000,1658872800000,20985.30000000,21119.99000000,20820.80000000,20942.82000000,6139.01901000,60,60,False
1658872800000,1658876400000,20942.82000000,21165.51000000,20919.46000000,21110.33000000,7317.78448000,60,60,False
1658876400000,1658880000000,21114.24000000,21300.00000000,21061.39000000,21254.67000000,7613.07551000,60,60,False
1658880000000,1658883600000,21254.67000000,21284.00000000,21133.42000000,21208.13000000,6184.78886000,60,60,False
1658883600000,1658887200000,21207.23000000,21235.21000000,21136.17000000,21157.37000000,5517.38198000,60,60,False
1658887200000,1658890800000,21157.37000000,21204.11000000,21091.08000000,21186.70000000,5372.29459000,60,60,False
1658890800000,1658894400000,21186.16000000,21201.40000000,21042.53000000,21076.86000000,4807.24293000,60,60,False
1658894400000,1658898000000,21076.86000000,21137.77000000,21059.00000000,21108.72000000,4014.82603000,60,60,False
1658898000000,1658901600000,21108.72000000,21280.00000000,21094.13000000,21247.25000000,5553.57604000,60,60,False
1658901600000,1658905200000,21248.63000000,21267.95000000,21162.02000000,21256.38000000,5045.46830000,60,60,False
1658905200000,1658908800000,21256.38000000,21451.33000000,21240.00000000,21347.36000000,8228.86115000,60,60,False
1658908800000,1658912400000,21346.11000000,21439.29000000,21335.21000000,21355.33000000,5609.54225000,60,60,False
1658912400000,1658916000000,21354.45000000,21365.74000000,21250.54000000,21292.31000000,5356.73909000,60,60,False
1658916000000,1658919600000,21291.54000000,21336.20000000,21249.68000000,21287.50000000,4468.42009000,60,60,False
1658919600000,1658923200000,21287.50000000,21366.40000000,21129.65000000,21200.23000000,5673.38979000,60,60,False
1658923200000,1658926800000,21200.60000000,21421.71000000,21157.07000000,21371.93000000,7708.49381000,60,60,False
1658926800000,1658930400000,21371.93000000,21484.28000000,21280.81000000,21463.90000000,8913.94641000,60,60,False
1658930400000,1658934000000,21463.90000000,21493.69000000,21392.49000000,21459.90000000,7572.41644000,60,60,False
1658934000000,1658937600000,21459.90000000,21547.53000000,21421.02000000,21530.86000000,7264.85048000,60,60,False
1658937600000,1658941200000,21530.86000000,21713.69000000,21461.58000000,21533.89000000,12132.17506000,60,60,False
1658941200000,1658944800000,21530.71000000,21740.00000000,21455.25000000,21620.55000000,10582.73766000,60,60,False
1658944800000,1658948400000,21618.72000000,22700.00000000,21617.24000000,22554.45000000,36035.16959000,60,60,False
1658948400000,1658952000000,22554.45000000,23112.63000000,22554.45000000,22773.62000000,23590.65654000,60,60,False
1658952000000,1658955600000,22773.62000000,22913.83000000,22667.36000000,22776.58000000,9393.14547000,60,60,False
1658955600000,1658959200000,22776.58000000,22792.14000000,22576.00000000,22677.84000000,4814.83530000,60,60,False
1658959200000,1658962800000,22675.53000000,22960.00000000,22647.72000000,22873.39000000,10530.14452000,60,60,False
1658962800000,1658966400000,22875.97000000,22997.17000000,22805.58000000,22952.45000000,6600.09558000,60,60,False
1658966400000,1658970000000,22954.31000000,23062.90000000,22751.95000000,22785.32000000,8680.36864000,60,60,False
1658970000000,1658973600000,22785.34000000,22801.81000000,22717.27000000,22775.69000000,4752.47938000,60,60,False
1658973600000,1658977200000,22775.69000000,23460.58000000,22701.44000000,23282.54000000,13907.93643000,60,60,False
1658977200000,1658980800000,23282.54000000,23322.49000000,23096.88000000,23133.45000000,7936.60924000,60,60,False
1658980800000,1658984400000,23133.45000000,23196.09000000,23056.99000000,23066.63000000,5726.45987000,60,60,False
1658984400000,1658988000000,23067.86000000,23257.11000000,23032.00000000,23242.79000000,6100.04220000,60,60,False
1658988000000,1658991600000,23242.79000000,23273.81000000,23047.79000000,23124.86000000,6007.96594000,60,60,False
1658991600000,1658995200000,23122.37000000,23125.77000000,22887.00000000,22925.10000000,7445.48706000,60,60,False
1658995200000,1658998800000,22925.10000000,23028.68000000,22871.06000000,22965.67000000,5635.01293000,60,60,False
1658998800000,1659002400000,22963.68000000,23008.58000000,22816.26000000,22978.45000000,6648.09149000,60,60,False
1659002400000,1659006000000,22978.45000000,23100.00000000,22911.00000000,22979.17000000,5715.11657000,60,60,False
1659006000000,1659009600000,22981.61000000,23138.28000000,22956.32000000,23114.52000000,6942.50912000,60,60,False
1659009600000,1659013200000,23116.19000000,23200.00000000,22582.13000000,23034.04000000,18926.69019000,60,60,False
1659013200000,1659016800000,23034.04000000,23268.29000000,22766.08000000,22852.26000000,17953.04799000,60,60,False
1659016800000,1659020400000,22854.38000000,23140.18000000,22736.79000000,23130.78000000,13265.73961000,60,60,False
1659020400000,1659024000000,23130.78000000,23992.00000000,23109.59000000,23745.57000000,23857.12331000,60,60,False
1659024000000,1659027600000,23747.85000000,23944.84000000,23662.52000000,23764.13000000,13529.34211000,60,60,False
1659027600000,1659031200000,23762.71000000,24106.96000000,23747.55000000,23999.83000000,13261.02610000,60,60,False
1659031200000,1659034800000,23999.83000000,24007.49000000,23711.73000000,23800.53000000,9939.40194000,60,60,False
1659034800000,1659038400000,23801.67000000,23894.28000000,23675.34000000,23794.26000000,7727.54518000,60,60,False
1659038400000,1659042000000,23792.10000000,24199.72000000,23784.26000000,24025.88000000,13563.19444000,60,60,False
1659042000000,1659045600000,24025.88000000,24158.21000000,23836.09000000,23927.69000000,6483.26030000,60,60,False
1659045600000,1659049200000,23927.69000000,23988.32000000,23803.87000000,23961.92000000,6267.34083000,60,60,False
1659049200000,1659052800000,23961.92000000,23981.74000000,23711.00000000,23842.93000000,5757.28323000,60,60,False
1659052800000,1659056400000,23845.25000000,23947.73000000,23701.00000000,23880.60000000,8369.44988000,60,60,False
1659056400000,1659060000000,23882.01000000,23897.63000000,23744.35000000,23848.14000000,5923.69807000,60,60,False
1659060000000,1659063600000,23848.14000000,23911.21000000,23730.76000000,23780.39000000,6301.65873000,60,60,False
1659063600000,1659067200000,23780.39000000,23934.47000000,23755.78000000,23912.85000000,5084.94534000,60,60,False
1659067200000,1659070800000,23912.70000000,24037.56000000,23882.95000000,24013.87000000,5859.46778000,60,60,False
1659070800000,1659074400000,24013.87000000,24112.00000000,23864.18000000,23987.26000000,6995.74118000,60,60,False
1659074400000,1659078000000,23987.47000000,24442.66000000,23900.00000000,23940.35000000,10168.82987000,60,60,False
1659078000000,1659081600000,23940.35000000,23994.72000000,23820.27000000,23943.26000000,7493.81217000,60,60,False
1659081600000,1659085200000,23941.63000000,23983.99000000,23778.42000000,23927.08000000,7807.60157000,60,60,False
1659085200000,1659088800000,23927.08000000,24094.93000000,23860.00000000,24062.55000000,6872.39441000,60,60,False
1659088800000,1659092400000,24064.41000000,24131.54000000,23979.32000000,24006.04000000,6626.63608000,60,60,False
1659092400000,1659096000000,24007.10000000,24024.91000000,23530.96000000,23720.56000000,11790.92593000,60,60,False
1659096000000,1659099600000,23718.71000000,23752.22000000,23434.38000000,23512.45000000,12128.77339000,60,60,False
1659099600000,1659103200000,23510.89000000,23761.22000000,23414.03000000,23695.41000000,13779.31648000,60,60,False
1659103200000,1659106800000,23695.41000000,24222.00000000,23661.51000000,24036.61000000,18398.06806000,60,60,False
1659106800000,1659110400000,24034.81000000,24071.04000000,23870.59000000,24010.74000000,9973.65230000,60,60,False
1659110400000,1659114000000,24012.76000000,24024.80000000,23606.18000000,23845.48000000,11932.68299000,60,60,False
1659114000000,1659117600000,23845.48000000,23867.20000000,23625.69000000,23777.89000000,6958.12124000,60,60,False
1659117600000,1659121200000,23775.26000000,24051.22000000,23736.27000000,23929.72000000,8740.03293000,60,60,False
1659121200000,1659124800000,23929.72000000,23963.72000000,23750.00000000,23895.13000000,6515.40957000,60,60,False
1659124800000,1659128400000,23895.14000000,23977.86000000,23798.03000000,23941.24000000,5728.61072000,60,60,False
1659128400000,1659132000000,23941.24000000,23994.44000000,23702.52000000,23819.41000000,3741.62847000,60,60,False
1659132000000,1659135600000,23819.41000000,23970.73000000,23745.61000000,23942.89000000,4256.80017000,60,60,False
1659135600000,1659139200000,23942.89000000,24138.69000000,23700.00000000,23773.75000000,6850.24890000,60,60,False
1659139200000,1659142800000,23777.28000000,23943.64000000,23747.02000000,23919.79000000,5483.30572000,60,60,False
1659142800000,1659146400000,23919.79000000,23968.90000000,23674.14000000,23917.35000000,6939.42081000,60,60,False
1659146400000,1659150000000,23917.35000000,23927.59000000,23744.00000000,23835.07000000,5116.74159000,60,60,False
1659150000000,1659153600000,23835.07000000,23855.25000000,23742.81000000,23801.35000000,3826.43586000,60,60,False
1659153600000,1659157200000,23802.80000000,23823.87000000,23650.00000000,23739.21000000,5195.01390000,60,60,False
1659157200000,1659160800000,23740.91000000,23797.81000000,23711.10000000,23793.25000000,3249.84162000,60,60,False
1659160800000,1659164400000,23793.25000000,23849.24000000,23753.24000000,23812.12000000,3895.71093000,60,60,False
1659164400000,1659168000000,23812.12000000,23914.00000000,23807.86000000,23880.76000000,3885.09807000,60,60,False
1659168000000,1659171600000,23878.58000000,23955.00000000,23828.00000000,23895.01000000,5437.10537000,60,60,False
1659171600000,1659175200000,23895.01000000,23958.90000000,23835.51000000,23916.88000000,5040.53543000,60,60,False
1659175200000,1659178800000,23915.10000000,23935.00000000,23732.56000000,23809.94000000,6985.32553000,60,60,False
1659178800000,1659182400000,23809.94000000,24073.05000000,23807.84000000,23956.38000000,6286.31038000,60,60,False
1659182400000,1659186000000,23956.38000000,24390.00000000,23916.97000000,24377.50000000,10709.60229000,60,60,False
1659186000000,1659189600000,24377.50000000,24668.00000000,24330.00000000,24490.53000000,13601.01245000,60,60,False
1659189600000,1659193200000,24491.73000000,24588.36000000,24335.00000000,24352.53000000,7452.69389000,60,60,False
1659193200000,1659196800000,24349.83000000,24608.68000000,24347.30000000,24529.10000000,7155.61324000,60,60,False
1659196800000,1659200400000,24526.57000000,24583.57000000,24450.20000000,24577.29000000,5652.75125000,60,60,False
1659200400000,1659204000000,24574.07000000,24593.02000000,24450.16000000,24492.24000000,4947.18685000,60,60,False
1659204000000,1659207600000,24494.36000000,24567.89000000,24466.12000000,24511.94000000,3586.39278000,60,60,False
1659207600000,1659211200000,24513.60000000,24517.73000000,23862.00000000,23920.65000000,9914.67890000,60,60,False
1659211200000,1659214800000,23923.74000000,24078.94000000,23808.76000000,23963.03000000,8368.64278000,60,60,False
1659214800000,1659218400000,23963.03000000,24005.00000000,23836.46000000,23860.51000000,3719.15997000,60,60,False
1659218400000,1659222000000,23860.51000000,23863.12000000,23502.25000000,23700.98000000,9444.71013000,60,60,False
1659222000000,1659225600000,23699.58000000,23738.65000000,23545.98000000,23643.51000000,5166.84237000,60,60,False
1659225600000,1659229200000,23644.64000000,23782.00000000,23520.00000000,23747.03000000,6065.24324000,60,60,False
1659229200000,1659232800000,23745.67000000,23839.99000000,23680.00000000,23727.73000000,4637.94997000,60,60,False
1659232800000,1659236400000,23725.36000000,23886.92000000,23720.49000000,23794.81000000,4083.09444000,60,60,False
1659236400000,1659240000000,23794.81000000,23814.00000000,23682.26000000,23737.40000000,3661.13111000,60,60,False
1659240000000,1659243600000,23739.41000000,23832.34000000,23735.90000000,23802.86000000,3272.68391000,60,60,False
1659243600000,1659247200000,23801.30000000,23842.20000000,23701.23000000,23710.66000000,3517.80186000,60,60,False
1659247200000,1659250800000,23710.67000000,23801.21000000,23706.07000000,23775.82000000,3391.36083000,60,60,False
1659250800000,1659254400000,23777.30000000,23815.00000000,23670.00000000,23713.10000000,4605.82599000,60,60,False
1659254400000,1659258000000,23713.10000000,23747.00000000,23574.96000000,23596.18000000,4803.60455000,60,60,False
1659258000000,1659261600000,23595.17000000,23755.28000000,23558.21000000,23752.27000000,4350.28042000,60,60,False
1659261600000,1659265200000,23752.26000000,23850.00000000,23705.52000000,23825.63000000,4574.80597000,60,60,False
1659265200000,1659268800000,23825.62000000,23860.00000000,23745.69000000,23801.07000000,5080.87403000,60,60,False
1659268800000,1659272400000,23802.56000000,23861.83000000,23741.05000000,23810.34000000,4429.86177000,60,60,False
1659272400000,1659276000000,23810.34000000,23826.60000000,23666.83000000,23711.24000000,4545.30809000,60,60,False
1659276000000,1659279600000,23712.12000000,23833.45000000,23605.21000000,23720.86000000,5894.23142000,60,60,False
1659279600000,1659283200000,23721.79000000,23789.79000000,23648.05000000,23774.97000000,4365.21241000,60,60,False
1659283200000,1659286800000,23774.97000000,23820.67000000,23707.11000000,23768.30000000,5029.81772000,60,60,False
1659286800000,1659290400000,23768.30000000,23787.32000000,23700.00000000,23736.21000000,3731.52084000,60,60,False
1659290400000,1659294000000,23738.00000000,24194.82000000,23400.00000000,23746.77000000,18369.43138000,60,60,False
1659294000000,1659297600000,23748.65000000,23982.89000000,23700.37000000,23845.88000000,6209.96199000,60,60,False
1659297600000,1659301200000,23843.69000000,23892.43000000,23772.75000000,23797.15000000,3908.90949000,60,60,False
1659301200000,1659304800000,23797.22000000,23827.25000000,23531.61000000,23589.58000000,3905.49024000,60,60,False
1659304800000,1659308400000,23591.06000000,23593.45000000,23227.31000000,23377.48000000,9707.91071000,60,60,False
1659308400000,1659312000000,23379.82000000,23469.00000000,23266.60000000,23293.32000000,5601.01245000,60,60,False
1659312000000,1659315600000,23296.36000000,23394.97000000,23257.37000000,23374.96000000,5110.59195000,60,60,False
1659315600000,1659319200000,23376.65000000,23443.38000000,23323.52000000,23418.80000000,3835.70981000,60,60,False
1659319200000,1659322800000,23418.80000000,23466.55000000,23371.23000000,23420.08000000,3510.57616000,60,60,False
1659322800000,1659326400000,23420.08000000,23436.83000000,23313.38000000,23375.62000000,3051.23770000,60,60,False
1659326400000,1659330000000,23376.59000000,23417.76000000,23344.65000000,23392.40000000,3465.72905000,60,60,False
1659330000000,1659333600000,23390.90000000,23425.00000000,23273.06000000,23327.47000000,3863.33910000,60,60,False
1659333600000,1659337200000,23329.99000000,23346.42000000,23150.00000000,23223.77000000,5533.32447000,60,60,False
1659337200000,1659340800000,23223.77000000,23347.96000000,23112.00000000,23322.05000000,6019.41952000,60,60,False
1659340800000,1659344400000,23323.26000000,23379.00000000,23271.22000000,23287.76000000,4974.95267000,60,60,False
1659344400000,1659348000000,23287.76000000,23377.64000000,23260.50000000,23311.76000000,4170.22790000,60,60,False
1659348000000,1659351600000,23311.76000000,23319.84000000,22974.68000000,23037.35000000,8472.47166000,60,60,False
1659351600000,1659355200000,23037.35000000,23294.40000000,22939.57000000,23227.79000000,7965.41797000,60,60,False
1659355200000,1659358800000,23227.79000000,23318.15000000,23120.00000000,23140.09000000,6089.25018000,60,60,False
1659358800000,1659362400000,23140.09000000,23325.22000000,22961.60000000,23244.83000000,10724.83434000,60,60,False
1659362400000,1659366000000,23242.59000000,23509.68000000,23209.60000000,23437.41000000,12553.21721000,60,60,False
1659366000000,1659369600000,23437.41000000,23467.58000000,23280.23000000,23326.73000000,6303.50388000,60,60,False
1659369600000,1659373200000,23325.19000000,23355.00000000,23137.34000000,23198.94000000,7588.78912000,60,60,False
1659373200000,1659376800000,23198.94000000,23211.95000000,22876.74000000,22963.69000000,9230.29310000,60,60,False
1659376800000,1659380400000,22963.75000000,22996.82000000,22850.00000000,22953.36000000,6159.31354000,60,60,False
1659380400000,1659384000000,22953.39000000,23040.94000000,22872.27000000,22953.59000000,5353.52798000,60,60,False
1659384000000,1659387600000,22955.37000000,23131.61000000,22915.84000000,23118.88000000,4668.42952000,60,60,False
1659387600000,1659391200000,23115.91000000,23132.37000000,22981.80000000,23019.09000000,2774.40240000,60,60,False
1659391200000,1659394800000,23019.09000000,23195.00000000,22908.45000000,23164.79000000,5491.07472000,60,60,False
1659394800000,1659398400000,23166.10000000,23417.11000000,23164.59000000,23268.01000000,7300.52824000,60,60,False
1659398400000,1659402000000,23266.90000000,23447.62000000,23160.02000000,23187.65000000,6217.40017000,60,60,False
1659402000000,1659405600000,23187.65000000,23245.00000000,22944.00000000,22997.14000000,5332.19631000,60,60,False
1659405600000,1659409200000,22997.14000000,23080.37000000,22824.77000000,22912.95000000,6362.84295000,60,60,False
1659409200000,1659412800000,22912.95000000,22922.29000000,22780.00000000,22853.11000000,5949.36117000,60,60,False
1659412800000,1659416400000,22851.34000000,22900.93000000,22750.00000000,22862.28000000,5073.96401000,60,60,False
1659416400000,1659420000000,22860.83000000,22909.00000000,22834.56000000,22852.71000000,3872.99055000,60,60,False
1659420000000,1659423600000,22852.71000000,22937.50000000,22850.50000000,22874.63000000,3754.29164000,60,60,False
1659423600000,1659427200000,22873.35000000,22920.00000000,22715.61000000,22887.80000000,6855.66267000,60,60,False
1659427200000,1659430800000,22889.62000000,22910.34000000,22783.00000000,22809.74000000,4915.01711000,60,60,False
1659430800000,1659434400000,22809.74000000,22845.00000000,22654.37000000,22711.08000000,6028.10289000,60,60,False
1659434400000,1659438000000,22711.68000000,22868.00000000,22673.84000000,22858.17000000,5513.08462000,60,60,False
1659438000000,1659441600000,22858.17000000,22973.08000000,22836.00000000,22882.61000000,6118.62975000,60,60,False
1659441600000,1659445200000,22882.61000000,22910.35000000,22666.05000000,22735.46000000,6508.09848000,60,60,False
1659445200000,1659448800000,22737.06000000,22887.43000000,22700.00000000,22799.96000000,9008.03806000,60,60,False
1659448800000,1659452400000,22799.96000000,23151.24000000,22670.00000000,23025.61000000,16571.43170000,60,60,False
1659452400000,1659456000000,23025.61000000,23109.10000000,22806.52000000,22979.50000000,9314.78550000,60,60,False
1659456000000,1659459600000,22977.78000000,23459.89000000,22946.73000000,23378.71000000,12556.45112000,60,60,False
1659459600000,1659463200000,23380.12000000,23442.90000000,23149.30000000,23186.84000000,8193.26662000,60,60,False
1659463200000,1659466800000,23186.84000000,23282.33000000,22961.59000000,22981.11000000,7280.98943000,60,60,False
1659466800000,1659470400000,22982.89000000,23100.00000000,22870.10000000,22951.21000000,6473.98442000,60,60,False
1659470400000,1659474000000,22951.21000000,23063.60000000,22910.00000000,23030.58000000,4755.40242000,60,60,False
1659474000000,1659477600000,23028.83000000,23146.67000000,22943.29000000,23093.38000000,2931.75500000,60,60,False
1659477600000,1659481200000,23093.02000000,23148.60000000,23024.36000000,23100.92000000,4107.35690000,60,60,False
1659481200000,1659484800000,23100.92000000,23134.99000000,22927.61000000,22987.79000000,4378.17876000,60,60,False
1659484800000,1659488400000,22985.93000000,23079.39000000,22727.00000000,22793.56000000,7221.49504000,60,60,False
1659488400000,1659492000000,22793.57000000,22836.00000000,22681.22000000,22801.57000000,5420.13145000,60,60,False
1659492000000,1659495600000,22803.27000000,22857.00000000,22725.50000000,22776.69000000,5036.01789000,60,60,False
1659495600000,1659499200000,22776.69000000,22882.40000000,22758.30000000,22862.72000000,4117.03166000,60,60,False
1659499200000,1659502800000,22863.65000000,22901.94000000,22822.40000000,22831.56000000,3692.98097000,60,60,False
1659502800000,1659506400000,22831.56000000,22962.72000000,22802.00000000,22916.75000000,4041.26715000,60,60,False
1659506400000,1659510000000,22915.59000000,23074.86000000,22913.66000000,23043.44000000,4545.00541000,60,60,False
1659510000000,1659513600000,23044.99000000,23055.00000000,22954.00000000,22989.96000000,4049.44896000,60,60,False
1659513600000,1659517200000,22989.16000000,23300.00000000,22987.46000000,23294.80000000,7411.06418000,60,60,False
1659517200000,1659520800000,23293.27000000,23400.00000000,23286.24000000,23383.55000000,7002.52079000,60,60,False
1659520800000,1659524400000,23385.48000000,23453.35000000,23326.43000000,23410.54000000,6486.94851000,60,60,False
1659524400000,1659528000000,23410.53000000,23471.50000000,23291.07000000,23402.83000000,6659.78507000,60,60,False
1659528000000,1659531600000,23405.14000000,23647.68000000,23239.34000000,23264.69000000,11639.40093000,60,60,False
1659531600000,1659535200000,23263.57000000,23400.00000000,23229.28000000,23341.12000000,8255.89325000,60,60,False
1659535200000,1659538800000,23341.12000000,23430.19000000,23207.29000000,23301.49000000,8271.14791000,60,60,False
1659538800000,1659542400000,23300.01000000,23404.99000000,23257.95000000,23352.76000000,5894.84599000,60,60,False
1659542400000,1659546000000,23352.76000000,23528.17000000,23256.87000000,23440.93000000,6719.64849000,60,60,False
1659546000000,1659549600000,23440.93000000,23574.98000000,23400.61000000,23448.59000000,7064.29821000,60,60,False
1659549600000,1659553200000,23448.59000000,23531.46000000,23352.08000000,23487.95000000,5454.11258000,60,60,False
1659553200000,1659556800000,23487.95000000,23541.85000000,23414.51000000,23462.00000000,4929.13101000,60,60,False
1659556800000,1659560400000,23460.51000000,23486.48000000,23245.00000000,23322.38000000,4637.94587000,60,60,False
1659560400000,1659564000000,23323.84000000,23367.00000000,23252.00000000,23267.83000000,2349.03381000,60,60,False
1659564000000,1659567600000,23267.83000000,23282.00000000,22876.85000000,22932.21000000,7386.00534000,60,60,False
1659567600000,1659571200000,22932.21000000,22934.61000000,22720.00000000,22818.37000000,7663.64948000,60,60,False
1659571200000,1659574800000,22816.91000000,23023.82000000,22791.46000000,23006.01000000,7206.91975000,60,60,False
1659574800000,1659578400000,23006.00000000,23223.32000000,22998.18000000,23141.21000000,6677.46523000,60,60,False
1659578400000,1659582000000,23141.21000000,23192.44000000,23080.00000000,23134.92000000,4958.01269000,60,60,False
1659582000000,1659585600000,23133.45000000,23156.00000000,23028.09000000,23095.74000000,4345.30861000,60,60,False
1659585600000,1659589200000,23095.74000000,23174.45000000,23066.16000000,23084.45000000,3826.03186000,60,60,False
1659589200000,1659592800000,23085.58000000,23150.00000000,23051.43000000,23123.82000000,3736.18766000,60,60,False
1659592800000,1659596400000,23122.44000000,23185.35000000,22815.35000000,22937.73000000,9061.76039000,60,60,False
1659596400000,1659600000000,22937.73000000,23030.92000000,22908.30000000,22947.92000000,4713.74273000,60,60,False
1659600000000,1659603600000,22947.92000000,22950.00000000,22767.86000000,22798.24000000,6697.60808000,60,60,False
1659603600000,1659607200000,22799.80000000,22909.67000000,22786.78000000,22870.10000000,5070.46044000,60,60,False
1659607200000,1659610800000,22868.67000000,22956.41000000,22819.60000000,22863.83000000,5011.36339000,60,60,False
1659610800000,1659614400000,22863.83000000,22924.07000000,22800.00000000,22885.01000000,4796.23584000,60,60,False
1659614400000,1659618000000,22885.01000000,22985.60000000,22750.00000000,22895.80000000,8302.00137000,60,60,False
1659618000000,1659621600000,22897.12000000,23148.99000000,22840.00000000,23029.09000000,11914.37670000,60,60,False
1659621600000,1659625200000,23027.60000000,23141.00000000,22785.06000000,22922.38000000,11605.14444000,60,60,False
1659625200000,1659628800000,22921.34000000,22953.68000000,22765.73000000,22931.68000000,6911.65919000,60,60,False
1659628800000,1659632400000,22931.68000000,22980.00000000,22527.00000000,22587.50000000,9877.28422000,60,60,False
1659632400000,1659636000000,22585.47000000,22659.99000000,22550.57000000,22633.95000000,6911.35260000,60,60,False
1659636000000,1659639600000,22632.97000000,22719.99000000,22400.00000000,22539.02000000,9134.47998000,60,60,False
1659639600000,1659643200000,22541.68000000,22639.34000000,22427.27000000,22451.24000000,6050.56541000,60,60,False
1659643200000,1659646800000,22451.28000000,22555.00000000,22449.09000000,22511.22000000,4497.54371000,60,60,False
1659646800000,1659650400000,22511.22000000,22570.47000000,22481.70000000,22495.34000000,2516.70886000,60,60,False
1659650400000,1659654000000,22495.34000000,22639.77000000,22450.00000000,22622.52000000,6208.32552000,60,60,False
1659654000000,1659657600000,22622.52000000,22670.00000000,22570.00000000,22622.98000000,4824.13149000,60,60,False
1659657600000,1659661200000,22622.41000000,22682.65000000,22586.95000000,22632.00000000,4571.73014000,60,60,False
1659661200000,1659664800000,22632.00000000,22920.61000000,22627.24000000,22893.44000000,7250.91320000,60,60,False
1659664800000,1659668400000,22893.44000000,23115.38000000,22858.59000000,23044.91000000,9837.13280000,60,60,False
1659668400000,1659672000000,23044.91000000,23200.00000000,23040.00000000,23175.32000000,7415.99555000,60,60,False
1659672000000,1659675600000,23173.90000000,23247.84000000,23093.94000000,23152.02000000,5732.52901000,60,60,False
1659675600000,1659679200000,23152.02000000,23228.59000000,23065.82000000,23189.78000000,5425.93988000,60,60,False
1659679200000,1659682800000,23189.77000000,23432.51000000,23188.90000000,23282.02000000,7956.52743000,60,60,False
1659682800000,1659686400000,23282.02000000,23299.27000000,23157.49000000,23186.08000000,4984.31193000,60,60,False
1659686400000,1659690000000,23185.08000000,23254.92000000,23095.17000000,23151.46000000,5536.67841000,60,60,False
1659690000000,1659693600000,23151.46000000,23189.66000000,23120.48000000,23132.21000000,4048.88956000,60,60,False
1659693600000,1659697200000,23132.21000000,23253.39000000,23105.47000000,23196.04000000,5203.80640000,60,60,False
1659697200000,1659700800000,23195.46000000,23441.10000000,23151.04000000,23405.13000000,10607.82125000,60,60,False
1659700800000,1659704400000,23403.67000000,23472.86000000,22921.25000000,23018.93000000,17134.38188000,60,60,False
1659704400000,1659708000000,23018.93000000,23101.00000000,22879.42000000,23054.81000000,10640.45176000,60,60,False
1659708000000,1659711600000,23053.25000000,23360.00000000,23022.50000000,23177.08000000,12296.49544000,60,60,False
1659711600000,1659715200000,23177.08000000,23204.64000000,22957.98000000,22988.25000000,8809.01549000,60,60,False
1659715200000,1659718800000,22988.26000000,23076.69000000,22900.00000000,23034.35000000,7440.73005000,60,60,False
1659718800000,1659722400000,23034.35000000,23104.00000000,22800.00000000,22828.26000000,8366.91113000,60,60,False
1659722400000,1659726000000,22828.26000000,22892.73000000,22754.13000000,22806.02000000,5493.94588000,60,60,False
1659726000000,1659729600000,22806.02000000,22957.51000000,22775.23000000,22932.83000000,5700.82654000,60,60,False
1659729600000,1659733200000,22931.23000000,23004.34000000,22839.27000000,22983.39000000,4370.87889000,60,60,False
1659733200000,1659736800000,22981.30000000,23223.53000000,22980.00000000,23106.58000000,5539.43793000,60,60,False
1659736800000,1659740400000,23106.58000000,23281.98000000,23106.58000000,23243.41000000,5280.89043000,60,60,False
1659740400000,1659744000000,23244.67000000,23329.00000000,23154.70000000,23312.42000000,5605.45651000,60,60,False
1659744000000,1659747600000,23313.56000000,23354.36000000,23201.27000000,23264.97000000,5770.02445000,60,60,False
1659747600000,1659751200000,23264.97000000,23297.00000000,23187.62000000,23224.39000000,3460.10992000,60,60,False
1659751200000,1659754800000,23223.24000000,23288.52000000,23190.93000000,23266.26000000,3375.21779000,60,60,False
1659754800000,1659758400000,23266.22000000,23283.72000000,23152.42000000,23173.65000000,3982.38759000,60,60,False
1659758400000,1659762000000,23173.65000000,23227.71000000,23160.27000000,23208.23000000,2400.00516000,60,60,False
1659762000000,1659765600000,23209.90000000,23236.93000000,23141.22000000,23195.99000000,3624.09863000,60,60,False
1659765600000,1659769200000,23194.70000000,23211.20000000,23140.02000000,23187.74000000,2823.60726000,60,60,False
1659769200000,1659772800000,23187.19000000,23236.55000000,23166.29000000,23205.87000000,3094.62555000,60,60,False
1659772800000,1659776400000,23204.77000000,23258.61000000,23100.00000000,23151.86000000,4579.00249000,60,60,False
1659776400000,1659780000000,23153.33000000,23196.64000000,23135.90000000,23170.28000000,2654.11133000,60,60,False
1659780000000,1659783600000,23170.28000000,23213.00000000,23167.37000000,23179.51000000,2416.90754000,60,60,False
1659783600000,1659787200000,23179.50000000,23201.69000000,23150.95000000,23157.42000000,2991.33811000,60,60,False
1659787200000,1659790800000,23157.42000000,23204.67000000,23153.59000000,23172.47000000,2602.40182000,60,60,False
1659790800000,1659794400000,23172.47000000,23236.49000000,23166.01000000,23188.74000000,3011.87560000,60,60,False
1659794400000,1659798000000,23189.90000000,23234.58000000,23172.20000000,23220.36000000,2701.20803000,60,60,False
1659798000000,1659801600000,23220.36000000,23232.22000000,23172.16000000,23202.21000000,2590.71218000,60,60,False
1659801600000,1659805200000,23201.18000000,23226.66000000,23143.04000000,23156.72000000,3189.54167000,60,60,False
1659805200000,1659808800000,23156.72000000,23256.37000000,22982.49000000,23128.83000000,7525.45014000,60,60,False
1659808800000,1659812400000,23130.69000000,23211.27000000,23083.69000000,23181.57000000,3634.37716000,60,60,False
1659812400000,1659816000000,23180.23000000,23205.00000000,23145.12000000,23185.12000000,2754.56330000,60,60,False
1659816000000,1659819600000,23186.32000000,23200.00000000,23103.03000000,23172.41000000,2760.40553000,60,60,False
1659819600000,1659823200000,23174.35000000,23207.65000000,23168.00000000,23178.84000000,1760.98895000,60,60,False
1659823200000,1659826800000,23178.84000000,23220.00000000,23147.45000000,23173.63000000,3054.21303000,60,60,False
1659826800000,1659830400000,23173.63000000,23174.97000000,22909.52000000,22954.21000000,7154.62984000,60,60,False
1659830400000,1659834000000,22954.21000000,23051.92000000,22844.62000000,22889.24000000,5343.43342000,60,60,False
1659834000000,1659837600000,22889.25000000,22938.00000000,22854.26000000,22911.34000000,4117.69791000,60,60,False
1659837600000,1659841200000,22910.32000000,23007.75000000,22903.60000000,22996.12000000,2859.50901000,60,60,False
1659841200000,1659844800000,22996.12000000,23042.31000000,22968.65000000,22990.10000000,3649.50686000,60,60,False
1659844800000,1659848400000,22990.10000000,23025.00000000,22938.47000000,22950.57000000,3507.57328000,60,60,False
1659848400000,1659852000000,22949.17000000,22998.93000000,22946.89000000,22969.39000000,2150.49454000,60,60,False
1659852000000,1659855600000,22969.39000000,23020.44000000,22965.45000000,23005.76000000,2225.20884000,60,60,False
1659855600000,1659859200000,23005.20000000,23029.62000000,22990.49000000,23015.95000000,2399.76585000,60,60,False
1659859200000,1659862800000,23014.60000000,23025.95000000,22902.16000000,22924.90000000,3747.39457000,60,60,False
1659862800000,1659866400000,22924.90000000,22980.27000000,22890.52000000,22977.27000000,3571.79140000,60,60,False
1659866400000,1659870000000,22978.05000000,23013.82000000,22957.47000000,22999.48000000,2453.50635000,60,60,False
1659870000000,1659873600000,22998.69000000,23055.00000000,22961.99000000,23038.48000000,3331.44675000,60,60,False
1659873600000,1659877200000,23038.48000000,23151.00000000,23035.00000000,23115.02000000,6003.94433000,60,60,False
1659877200000,1659880800000,23115.02000000,23184.21000000,23115.02000000,23152.76000000,4248.28127000,60,60,False
1659880800000,1659884400000,23153.02000000,23172.84000000,23055.94000000,23119.59000000,3971.76998000,60,60,False
1659884400000,1659888000000,23118.57000000,23123.63000000,23010.84000000,23023.14000000,3743.67044000,60,60,False
1659888000000,1659891600000,23021.97000000,23137.29000000,22994.00000000,23093.70000000,3781.37734000,60,60,False
1659891600000,1659895200000,23093.13000000,23300.00000000,23090.00000000,23240.40000000,5755.75131000,60,60,False
1659895200000,1659898800000,23238.33000000,23287.26000000,23184.36000000,23215.60000000,3372.28767000,60,60,False
1659898800000,1659902400000,23214.59000000,23224.11000000,23141.48000000,23161.02000000,2740.86815000,60,60,False
1659902400000,1659906000000,23162.46000000,23279.97000000,23151.63000000,23264.01000000,3412.95593000,60,60,False
1659906000000,1659909600000,23264.01000000,23402.00000000,23262.02000000,23311.34000000,3759.24792000,60,60,False
1659909600000,1659913200000,23311.34000000,23323.00000000,23215.60000000,23244.63000000,3588.40710000,60,60,False
1659913200000,1659916800000,23244.63000000,23252.92000000,23051.71000000,23174.39000000,5154.11855000,60,60,False
1659916800000,1659920400000,23174.39000000,23350.00000000,23154.25000000,23264.25000000,5160.37577000,60,60,False
1659920400000,1659924000000,23262.89000000,23275.15000000,23162.98000000,23220.08000000,3725.53410000,60,60,False
1659924000000,1659927600000,23218.93000000,23328.72000000,23203.82000000,23302.44000000,5132.50440000,60,60,False
1659927600000,1659931200000,23303.17000000,23344.00000000,23254.36000000,23306.63000000,4037.71722000,60,60,False
1659931200000,1659934800000,23306.62000000,23359.76000000,23278.14000000,23341.39000000,3286.07098000,60,60,False
1659934800000,1659938400000,23341.39000000,23467.00000000,23331.32000000,23430.31000000,5607.63136000,60,60,False
1659938400000,1659942000000,23430.31000000,23792.86000000,23430.31000000,23729.49000000,12470.75605000,60,60,False
1659942000000,1659945600000,23729.49000000,23852.43000000,23682.07000000,23807.68000000,8748.39534000,60,60,False
1659945600000,1659949200000,23807.53000000,24175.07000000,23771.01000000,24133.46000000,13627.83376000,60,60,False
1659949200000,1659952800000,24133.46000000,24189.43000000,24056.11000000,24090.38000000,8309.32898000,60,60,False
1659952800000,1659956400000,24092.18000000,24120.00000000,24000.00000000,24061.06000000,6079.56013000,60,60,False
1659956400000,1659960000000,24059.74000000,24182.30000000,24013.28000000,24166.12000000,6571.67230000,60,60,False
1659960000000,1659963600000,24166.12000000,24245.00000000,24066.87000000,24122.21000000,9789.32861000,60,60,False
1659963600000,1659967200000,24122.21000000,24211.99000000,24007.55000000,24160.36000000,10084.78142000,60,60,False
1659967200000,1659970800000,24160.27000000,24222.61000000,24076.53000000,24145.76000000,7953.67072000,60,60,False
1659970800000,1659974400000,24147.52000000,24211.42000000,23892.57000000,23991.38000000,10586.66334000,60,60,False
1659974400000,1659978000000,23991.38000000,24011.93000000,23841.60000000,23939.66000000,8293.61230000,60,60,False
1659978000000,1659981600000,23939.66000000,23992.78000000,23901.22000000,23964.99000000,5105.45098000,60,60,False
1659981600000,1659985200000,23963.73000000,23982.23000000,23875.44000000,23917.89000000,5251.72465000,60,60,False
1659985200000,1659988800000,23917.89000000,23957.63000000,23793.33000000,23926.83000000,5680.72939000,60,60,False
1659988800000,1659992400000,23926.84000000,24104.55000000,23908.96000000,24066.49000000,5167.76470000,60,60,False
1659992400000,1659996000000,24066.49000000,24068.31000000,23762.38000000,23850.33000000,5725.46482000,60,60,False
1659996000000,1659999600000,23850.33000000,23854.47000000,23670.88000000,23813.39000000,8402.25738000,60,60,False
1659999600000,1660003200000,23813.39000000,23922.70000000,23755.36000000,23810.00000000,6159.61282000,60,60,False
1660003200000,1660006800000,23810.98000000,23869.96000000,23727.95000000,23794.00000000,3670.44373000,60,60,False
1660006800000,1660010400000,23792.61000000,23839.16000000,23708.31000000,23733.96000000,4295.21852000,60,60,False
1660010400000,1660014000000,23732.97000000,23815.95000000,23626.87000000,23807.74000000,4397.15516000,60,60,False
1660014000000,1660017600000,23807.74000000,23849.00000000,23776.98000000,23828.96000000,3011.61828000,60,60,False
1660017600000,1660021200000,23828.98000000,23904.26000000,23792.11000000,23884.91000000,3468.44144000,60,60,False
1660021200000,1660024800000,23884.91000000,23933.25000000,23850.00000000,23873.74000000,3399.98472000,60,60,False
1660024800000,1660028400000,23873.74000000,23881.22000000,23754.51000000,23849.80000000,4878.56752000,60,60,False
1660028400000,1660032000000,23849.80000000,23906.78000000,23815.49000000,23878.12000000,4877.78561000,60,60,False
1660032000000,1660035600000,23878.12000000,23890.47000000,23768.04000000,23777.27000000,4791.64287000,60,60,False
1660035600000,1660039200000,23777.27000000,23829.00000000,23470.00000000,23472.62000000,10055.90053000,60,60,False
1660039200000,1660042800000,23472.62000000,23531.87000000,23336.15000000,23350.39000000,11390.69368000,60,60,False
1660042800000,1660046400000,23350.39000000,23414.35000000,23182.55000000,23263.92000000,10167.91590000,60,60,False
1660046400000,1660050000000,23263.34000000,23307.30000000,23200.27000000,23244.76000000,6710.68571000,60,60,False
1660050000000,1660053600000,23245.15000000,23327.07000000,23012.85000000,23068.42000000,10670.07679000,60,60,False
1660053600000,1660057200000,23068.42000000,23125.15000000,22865.00000000,23098.85000000,11832.48045000,60,60,False
1660057200000,1660060800000,23098.85000000,23157.89000000,23029.15000000,23075.00000000,5970.90076000,60,60,False
1660060800000,1660064400000,23075.00000000,23120.00000000,22988.09000000,23071.96000000,6820.89382000,60,60,False
1660064400000,1660068000000,23071.96000000,23132.11000000,22970.00000000,23053.98000000,5990.06509000,60,60,False
1660068000000,1660071600000,23053.98000000,23073.96000000,22986.00000000,23053.55000000,4731.44269000,60,60,False
1660071600000,1660075200000,23051.41000000,23098.00000000,23006.00000000,23053.82000000,4886.07604000,60,60,False
1660075200000,1660078800000,23053.82000000,23184.97000000,23050.00000000,23137.35000000,4211.54854000,60,60,False
1660078800000,1660082400000,23137.35000000,23217.57000000,23123.47000000,23191.60000000,3433.90433000,60,60,False
1660082400000,1660086000000,23191.60000000,23265.00000000,23117.92000000,23170.32000000,5250.19970000,60,60,False
1660086000000,1660089600000,23170.32000000,23242.23000000,23133.31000000,23149.95000000,4268.86670000,60,60,False
1660089600000,1660093200000,23151.32000000,23151.32000000,22664.69000000,22771.87000000,10395.73294000,60,60,False
1660093200000,1660096800000,22771.87000000,22949.09000000,22761.11000000,22886.25000000,6410.81259000,60,60,False
1660096800000,1660100400000,22885.90000000,22924.40000000,22760.00000000,22913.53000000,5552.14915000,60,60,False
1660100400000,1660104000000,22913.53000000,22939.52000000,22850.00000000,22863.75000000,4963.69170000,60,60,False
1660104000000,1660107600000,22863.75000000,23004.52000000,22849.46000000,22943.35000000,6023.37880000,60,60,False
1660107600000,1660111200000,22941.32000000,22966.62000000,22880.00000000,22900.86000000,3574.64105000,60,60,False
1660111200000,1660114800000,22899.26000000,22954.92000000,22829.17000000,22936.65000000,4249.58912000,60,60,False
1660114800000,1660118400000,22936.65000000,23011.50000000,22923.00000000,22963.67000000,4876.86095000,60,60,False
1660118400000,1660122000000,22963.67000000,23139.00000000,22961.96000000,23103.30000000,6759.17325000,60,60,False
1660122000000,1660125600000,23103.30000000,23129.58000000,23025.49000000,23082.32000000,4950.37770000,60,60,False
1660125600000,1660129200000,23083.81000000,23091.18000000,22983.08000000,23064.45000000,5176.68425000,60,60,False
1660129200000,1660132800000,23063.68000000,23204.00000000,23047.49000000,23123.95000000,6532.65401000,60,60,False
1660132800000,1660136400000,23122.36000000,24056.22000000,23004.58000000,23985.18000000,31921.89109000,60,60,False
1660136400000,1660140000000,23983.92000000,24178.00000000,23852.83000000,24018.75000000,20489.71161000,60,60,False
1660140000000,1660143600000,24016.31000000,24082.20000000,23830.05000000,24002.48000000,13222.85120000,60,60,False
1660143600000,1660147200000,24003.48000000,24078.00000000,23917.52000000,23997.10000000,8853.00313000,60,60,False
1660147200000,1660150800000,23997.10000000,24092.52000000,23930.39000000,23960.18000000,8070.99525000,60,60,False
1660150800000,1660154400000,23960.18000000,23969.36000000,23826.50000000,23915.64000000,6276.28374000,60,60,False
1660154400000,1660158000000,23915.50000000,23931.25000000,23475.40000000,23598.15000000,12118.61698000,60,60,False
1660158000000,1660161600000,23599.87000000,23708.81000000,23539.00000000,23638.95000000,7784.84531000,60,60,False
1660161600000,1660165200000,23638.95000000,23938.86000000,23622.96000000,23893.94000000,8131.18695000,60,60,False
1660165200000,1660168800000,23893.94000000,24226.00000000,23771.43000000,23958.64000000,10242.63292000,60,60,False
1660168800000,1660172400000,23957.96000000,24026.37000000,23803.35000000,23842.75000000,7363.89991000,60,60,False
1660172400000,1660176000000,23842.75000000,23967.61000000,23820.15000000,23954.05000000,4974.88593000,60,60,False
1660176000000,1660179600000,23954.05000000,24095.12000000,23912.39000000,24049.93000000,9388.17867000,60,60,False
1660179600000,1660183200000,24051.88000000,24491.22000000,24042.51000000,24436.84000000,15005.35791000,60,60,False
1660183200000,1660186800000,24438.33000000,24463.64000000,24195.23000000,24263.85000000,10104.42527000,60,60,False
1660186800000,1660190400000,24263.85000000,24379.46000000,24210.01000000,24324.38000000,9192.78626000,60,60,False
1660190400000,1660194000000,24324.37000000,24543.35000000,24287.47000000,24520.24000000,7926.17778000,60,60,False
1660194000000,1660197600000,24520.24000000,24660.00000000,24473.29000000,24559.66000000,12084.67354000,60,60,False
1660197600000,1660201200000,24558.36000000,24621.41000000,24478.01000000,24542.61000000,9129.70517000,60,60,False
1660201200000,1660204800000,24541.44000000,24745.00000000,24355.78000000,24431.88000000,13170.88662000,60,60,False
1660204800000,1660208400000,24431.88000000,24555.52000000,24345.08000000,24524.03000000,9622.50246000,60,60,False
1660208400000,1660212000000,24523.65000000,24538.00000000,24438.00000000,24441.13000000,6872.76512000,60,60,False
1660212000000,1660215600000,24441.13000000,24522.24000000,24381.23000000,24478.30000000,7042.18802000,60,60,False
1660215600000,1660219200000,24479.06000000,24685.20000000,24462.98000000,24559.37000000,8048.80257000,60,60,False
1660219200000,1660222800000,24559.37000000,24918.54000000,24531.05000000,24862.02000000,21539.67028000,60,60,False
1660222800000,1660226400000,24862.02000000,24880.00000000,24528.29000000,24731.75000000,17003.95162000,60,60,False
1660226400000,1660230000000,24731.75000000,24869.50000000,24425.63000000,24562.81000000,15228.35452000,60,60,False
1660230000000,1660233600000,24564.56000000,24584.58000000,24280.18000000,24343.68000000,14144.76186000,60,60,False
1660233600000,1660237200000,24343.68000000,24416.50000000,24245.00000000,24339.41000000,11372.35735000,60,60,False
1660237200000,1660240800000,24339.41000000,24418.50000000,24279.72000000,24342.78000000,7994.18853000,60,60,False
1660240800000,1660244400000,24342.78000000,24344.57000000,24081.22000000,24148.75000000,12435.40589000,60,60,False
1660244400000,1660248000000,24147.63000000,24229.29000000,24081.23000000,24221.81000000,7238.87251000,60,60,False
1660248000000,1660251600000,24222.73000000,24239.02000000,24037.58000000,24203.27000000,6654.43949000,60,60,False
1660251600000,1660255200000,24202.28000000,24334.46000000,24045.00000000,24183.29000000,5233.68242000,60,60,False
1660255200000,1660258800000,24183.30000000,24210.00000000,23890.67000000,23893.28000000,6780.18165000,60,60,False
1660258800000,1660262400000,23893.27000000,23962.11000000,23852.13000000,23934.39000000,6545.48006000,60,60,False
1660262400000,1660266000000,23933.09000000,24009.67000000,23761.84000000,23964.37000000,9059.49709000,60,60,False
1660266000000,1660269600000,23965.31000000,24000.00000000,23853.65000000,23906.32000000,5679.14504000,60,60,False
1660269600000,1660273200000,23906.32000000,24097.97000000,23795.41000000,24011.51000000,8748.23494000,60,60,False
1660273200000,1660276800000,24011.51000000,24070.44000000,23940.00000000,24010.11000000,5624.02904000,60,60,False
1660276800000,1660280400000,24011.25000000,24048.61000000,23911.12000000,23931.99000000,4767.96955000,60,60,False
1660280400000,1660284000000,23930.73000000,24060.00000000,23925.36000000,23949.96000000,5395.21516000,60,60,False
1660284000000,1660287600000,23949.96000000,23990.00000000,23880.00000000,23952.26000000,5385.59385000,60,60,False
1660287600000,1660291200000,23953.22000000,23985.41000000,23907.29000000,23960.99000000,5173.40664000,60,60,False
1660291200000,1660294800000,23960.99000000,23999.70000000,23910.48000000,23920.97000000,5017.63517000,60,60,False
1660294800000,1660298400000,23920.18000000,24143.00000000,23900.00000000,23983.42000000,8653.42865000,60,60,False
1660298400000,1660302000000,23983.42000000,24001.17000000,23707.31000000,23747.98000000,10262.91146000,60,60,False
1660302000000,1660305600000,23749.73000000,23813.38000000,23583.00000000,23672.99000000,9960.49893000,60,60,False
1660305600000,1660309200000,23672.98000000,23807.56000000,23653.66000000,23782.64000000,7279.57607000,60,60,False
1660309200000,1660312800000,23782.64000000,23900.00000000,23721.20000000,23829.49000000,11983.98680000,60,60,False
1660312800000,1660316400000,23828.98000000,23873.34000000,23704.78000000,23814.72000000,10108.03924000,60,60,False
1660316400000,1660320000000,23814.72000000,24012.21000000,23802.92000000,23980.66000000,8219.50846000,60,60,False
1660320000000,1660323600000,23979.58000000,24085.17000000,23952.03000000,23990.84000000,7039.48699000,60,60,False
1660323600000,1660327200000,23989.52000000,24053.51000000,23979.00000000,24009.06000000,4368.54123000,60,60,False
1660327200000,1660330800000,24009.06000000,24271.58000000,23980.30000000,24124.64000000,8212.91986000,60,60,False
1660330800000,1660334400000,24124.64000000,24256.79000000,24119.69000000,24177.57000000,6775.28142000,60,60,False
1660334400000,1660338000000,24177.57000000,24286.61000000,24048.29000000,24225.20000000,6970.61459000,60,60,False
1660338000000,1660341600000,24225.20000000,24247.68000000,24091.78000000,24114.68000000,3236.98124000,60,60,False
1660341600000,1660345200000,24115.61000000,24249.55000000,24073.97000000,24239.17000000,5520.52652000,60,60,False
1660345200000,1660348800000,24239.13000000,24456.50000000,24202.48000000,24403.68000000,10764.54246000,60,60,False
1660348800000,1660352400000,24401.70000000,24495.08000000,24334.37000000,24485.12000000,7300.96803000,60,60,False
1660352400000,1660356000000,24483.47000000,24600.02000000,24437.59000000,24554.47000000,8509.65975000,60,60,False
1660356000000,1660359600000,24555.04000000,24696.00000000,24513.26000000,24681.25000000,6174.19326000,60,60,False
1660359600000,1660363200000,24681.25000000,24811.24000000,24597.05000000,24796.53000000,11509.08262000,60,60,False
1660363200000,1660366800000,24796.53000000,24839.95000000,24694.00000000,24731.22000000,7238.36758000,60,60,False
1660366800000,1660370400000,24731.22000000,24750.01000000,24653.51000000,24710.86000000,6149.78176000,60,60,False
1660370400000,1660374000000,24711.58000000,24888.00000000,24602.92000000,24651.64000000,9257.63284000,60,60,False
1660374000000,1660377600000,24651.64000000,24705.82000000,24552.13000000,24572.12000000,6441.70908000,60,60,False
1660377600000,1660381200000,24574.03000000,24653.48000000,24364.59000000,24404.68000000,8062.08222000,60,60,False
1660381200000,1660384800000,24404.68000000,24648.95000000,24356.11000000,24584.04000000,8325.69363000,60,60,False
1660384800000,1660388400000,24584.04000000,24602.88000000,24413.13000000,24498.92000000,8650.82084000,60,60,False
1660388400000,1660392000000,24499.88000000,24505.98000000,24291.22000000,24435.91000000,6014.12945000,60,60,False
1660392000000,1660395600000,24435.91000000,24477.00000000,24300.00000000,24441.92000000,4731.15191000,60,60,False
1660395600000,1660399200000,24443.41000000,24528.25000000,24412.22000000,24461.56000000,4784.45913000,60,60,False
1660399200000,1660402800000,24461.56000000,24532.59000000,24422.34000000,24470.51000000,5068.84679000,60,60,False
1660402800000,1660406400000,24470.51000000,24600.88000000,24439.00000000,24512.66000000,6752.20796000,60,60,False
1660406400000,1660410000000,24512.66000000,24563.98000000,24451.22000000,24482.84000000,5523.24411000,60,60,False
1660410000000,1660413600000,24482.78000000,24578.20000000,24459.57000000,24572.21000000,4590.52992000,60,60,False
1660413600000,1660417200000,24570.63000000,24593.37000000,24393.89000000,24453.92000000,5864.76524000,60,60,False
1660417200000,1660420800000,24452.10000000,24497.48000000,24336.16000000,24398.56000000,5173.25706000,60,60,False
1660420800000,1660424400000,24398.56000000,24506.10000000,24319.09000000,24486.13000000,5106.42628000,60,60,False
1660424400000,1660428000000,24484.91000000,24545.00000000,24455.70000000,24498.46000000,3010.83867000,60,60,False
1660428000000,1660431600000,24498.46000000,24525.70000000,24384.10000000,24387.08000000,3989.24447000,60,60,False
1660431600000,1660435200000,24386.27000000,24495.00000000,24360.00000000,24441.38000000,4623.16175000,60,60,False
1660435200000,1660438800000,24443.06000000,24518.06000000,24343.30000000,24510.36000000,5129.26220000,60,60,False
1660438800000,1660442400000,24511.39000000,24640.00000000,24407.37000000,24586.30000000,8840.28097000,60,60,False
1660442400000,1660446000000,24584.79000000,24615.36000000,24500.16000000,24595.77000000,4133.29423000,60,60,False
1660446000000,1660449600000,24595.77000000,24625.00000000,24538.85000000,24570.02000000,3896.43245000,60,60,False
1660449600000,1660453200000,24570.33000000,24641.97000000,24500.00000000,24567.47000000,5088.45774000,60,60,False
1660453200000,1660456800000,24567.46000000,24619.14000000,24522.74000000,24588.64000000,4307.97934000,60,60,False
1660456800000,1660460400000,24588.64000000,24680.85000000,24582.43000000,24676.74000000,5004.67013000,60,60,False
1660460400000,1660464000000,24676.73000000,25047.56000000,24666.12000000,24873.32000000,15098.05591000,60,60,False
1660464000000,1660467600000,24873.32000000,24883.24000000,24594.83000000,24657.09000000,11430.49500000,60,60,False
1660467600000,1660471200000,24655.85000000,24795.36000000,24623.09000000,24751.31000000,6844.91489000,60,60,False
1660471200000,1660474800000,24751.31000000,24752.17000000,24603.01000000,24621.34000000,5283.70836000,60,60,False
1660474800000,1660478400000,24619.98000000,24676.92000000,24524.32000000,24564.49000000,5063.80842000,60,60,False
1660478400000,1660482000000,24564.50000000,24593.43000000,24470.74000000,24527.46000000,5769.93246000,60,60,False
1660482000000,1660485600000,24527.48000000,24534.04000000,24400.00000000,24477.07000000,7275.51456000,60,60,False
1660485600000,1660489200000,24475.67000000,24532.50000000,24460.12000000,24514.50000000,4411.90525000,60,60,False
1660489200000,1660492800000,24514.50000000,24540.00000000,24466.04000000,24524.54000000,4140.49945000,60,60,False
1660492800000,1660496400000,24525.51000000,24568.74000000,24302.50000000,24311.45000000,8632.62514000,60,60,False
1660496400000,1660500000000,24309.97000000,24329.32000000,24174.03000000,24226.46000000,10530.83098000,60,60,False
1660500000000,1660503600000,24229.10000000,24299.48000000,24144.00000000,24286.74000000,6303.41625000,60,60,False
1660503600000,1660507200000,24286.74000000,24326.57000000,24239.61000000,24284.07000000,3904.97266000,60,60,False
1660507200000,1660510800000,24284.07000000,24352.22000000,24251.22000000,24312.41000000,4169.55051000,60,60,False
1660510800000,1660514400000,24313.51000000,24435.00000000,24273.94000000,24343.67000000,4309.37601000,60,60,False
1660514400000,1660518000000,24344.88000000,24364.40000000,24172.40000000,24258.68000000,6704.19848000,60,60,False
1660518000000,1660521600000,24257.90000000,24353.10000000,24234.07000000,24305.24000000,4931.96334000,60,60,False
1660521600000,1660525200000,24305.25000000,24413.79000000,24164.10000000,24400.97000000,7109.86826000,60,60,False
1660525200000,1660528800000,24400.97000000,24656.75000000,24330.96000000,24645.14000000,9951.29620000,60,60,False
1660528800000,1660532400000,24645.14000000,24931.66000000,24638.80000000,24917.72000000,12913.92820000,60,60,False
1660532400000,1660536000000,24918.29000000,25211.32000000,24779.05000000,24867.39000000,18045.52022000,60,60,False
1660536000000,1660539600000,24866.12000000,24888.00000000,24690.08000000,24847.53000000,9431.32708000,60,60,False
1660539600000,1660543200000,24849.23000000,24982.70000000,24751.00000000,24817.62000000,9249.56609000,60,60,False
1660543200000,1660546800000,24817.62000000,24826.00000000,24081.79000000,24135.23000000,19911.58384000,60,60,False
1660546800000,1660550400000,24135.23000000,24218.92000000,23944.62000000,24027.05000000,16046.47728000,60,60,False
1660550400000,1660554000000,24027.05000000,24079.88000000,23869.46000000,24042.70000000,12100.18542000,60,60,False
1660554000000,1660557600000,24042.70000000,24205.77000000,23993.02000000,24172.18000000,9372.13305000,60,60,False
1660557600000,1660561200000,24170.69000000,24300.00000000,24128.58000000,24267.62000000,8664.50093000,60,60,False
1660561200000,1660564800000,24267.62000000,24314.28000000,23996.58000000,24049.48000000,9954.26092000,60,60,False
1660564800000,1660568400000,24048.91000000,24192.00000000,23900.00000000,23950.97000000,9915.28581000,60,60,False
1660568400000,1660572000000,23949.28000000,24198.51000000,23931.20000000,24155.97000000,13043.00658000,60,60,False
1660572000000,1660575600000,24155.97000000,24194.00000000,24080.33000000,24115.47000000,10134.04152000,60,60,False
1660575600000,1660579200000,24113.79000000,24265.74000000,24046.01000000,24226.00000000,8916.43689000,60,60,False
1660579200000,1660582800000,24226.00000000,24281.10000000,24151.91000000,24254.00000000,7757.41072000,60,60,False
1660582800000,1660586400000,24254.00000000,24274.85000000,24077.61000000,24116.79000000,7798.61521000,60,60,False
1660586400000,1660590000000,24116.79000000,24142.00000000,24030.77000000,24098.11000000,6209.42434000,60,60,False
1660590000000,1660593600000,24098.22000000,24158.00000000,23965.00000000,23982.54000000,8672.49214000,60,60,False
1660593600000,1660597200000,23983.54000000,24110.00000000,23973.38000000,24066.82000000,5726.59719000,60,60,False
1660597200000,1660600800000,24068.36000000,24145.43000000,23982.00000000,24026.63000000,3506.34869000,60,60,False
1660600800000,1660604400000,24027.43000000,24150.00000000,23969.09000000,24013.72000000,5610.98985000,60,60,False
1660604400000,1660608000000,24013.72000000,24192.83000000,23773.22000000,24094.82000000,12498.25115000,60,60,False
1660608000000,1660611600000,24093.04000000,24163.84000000,23958.54000000,24124.80000000,9038.51453000,60,60,False
1660611600000,1660615200000,24124.80000000,24247.49000000,24100.00000000,24108.33000000,7111.63367000,60,60,False
1660615200000,1660618800000,24109.10000000,24199.99000000,24018.75000000,24046.18000000,5872.95843000,60,60,False
1660618800000,1660622400000,24046.18000000,24181.13000000,23853.00000000,24083.42000000,9796.28825000,60,60,False
1660622400000,1660626000000,24083.25000000,24144.77000000,23934.87000000,23957.47000000,6337.64618000,60,60,False
1660626000000,1660629600000,23959.00000000,24011.01000000,23795.67000000,23948.01000000,9215.97496000,60,60,False
1660629600000,1660633200000,23948.01000000,24042.62000000,23911.53000000,23998.38000000,5921.00488000,60,60,False
1660633200000,1660636800000,23997.31000000,24067.98000000,23932.56000000,24066.93000000,5165.03400000,60,60,False
1660636800000,1660640400000,24067.77000000,24081.24000000,23968.78000000,23992.82000000,6102.51019000,60,60,False
1660640400000,1660644000000,23992.82000000,24125.29000000,23980.82000000,24082.75000000,6676.26164000,60,60,False
1660644000000,1660647600000,24083.34000000,24102.43000000,23995.00000000,24011.19000000,4883.90529000,60,60,False
1660647600000,1660651200000,24010.10000000,24150.00000000,23993.55000000,24038.03000000,7345.69064000,60,60,False
1660651200000,1660654800000,24036.86000000,24094.13000000,23892.99000000,23935.31000000,7412.84350000,60,60,False
1660654800000,1660658400000,23936.41000000,24029.14000000,23856.80000000,23896.55000000,9222.78512000,60,60,False
1660658400000,1660662000000,23896.55000000,23922.35000000,23680.00000000,23716.08000000,14540.41844000,60,60,False
1660662000000,1660665600000,23716.08000000,23929.71000000,23671.22000000,23901.27000000,10108.15191000,60,60,False
1660665600000,1660669200000,23901.00000000,23925.41000000,23691.06000000,23809.79000000,8489.93800000,60,60,False
1660669200000,1660672800000,23809.79000000,23896.26000000,23779.71000000,23867.04000000,6839.12836000,60,60,False
1660672800000,1660676400000,23867.04000000,24058.00000000,23710.19000000,23837.59000000,13947.49785000,60,60,False
1660676400000,1660680000000,23837.59000000,23971.39000000,23800.00000000,23930.24000000,7690.73586000,60,60,False
1660680000000,1660683600000,23930.24000000,23994.00000000,23900.17000000,23979.93000000,5144.72501000,60,60,False
1660683600000,1660687200000,23978.51000000,23993.71000000,23874.23000000,23949.06000000,2979.77174000,60,60,False
1660687200000,1660690800000,23947.92000000,23949.72000000,23809.00000000,23847.95000000,4828.08172000,60,60,False
1660690800000,1660694400000,23846.51000000,23900.00000000,23818.69000000,23854.74000000,4653.44804000,60,60,False
1660694400000,1660698000000,23856.15000000,24044.00000000,23824.99000000,24009.66000000,9146.13892000,60,60,False
1660698000000,1660701600000,24009.66000000,24067.00000000,23932.61000000,23942.92000000,6693.51855000,60,60,False
1660701600000,1660705200000,23942.92000000,24058.00000000,23900.40000000,23991.72000000,5792.65174000,60,60,False
1660705200000,1660708800000,23992.62000000,24085.00000000,23988.33000000,24006.66000000,5865.13305000,60,60,False
1660708800000,1660712400000,24006.66000000,24090.00000000,24002.64000000,24068.29000000,4339.63100000,60,60,False
1660712400000,1660716000000,24068.29000000,24171.48000000,24060.00000000,24165.26000000,7179.63808000,60,60,False
1660716000000,1660719600000,24165.26000000,24446.71000000,24158.07000000,24403.86000000,12452.88037000,60,60,False
1660719600000,1660723200000,24403.86000000,24427.03000000,23759.30000000,23786.42000000,18167.58788000,60,60,False
1660723200000,1660726800000,23788.32000000,23873.95000000,23735.00000000,23808.54000000,9600.15112000,60,60,False
1660726800000,1660730400000,23808.54000000,23924.97000000,23795.00000000,23833.71000000,6145.64636000,60,60,False
1660730400000,1660734000000,23832.90000000,23839.03000000,23698.69000000,23794.07000000,7616.01020000,60,60,False
1660734000000,1660737600000,23795.63000000,23828.63000000,23690.79000000,23746.65000000,6140.57448000,60,60,False
1660737600000,1660741200000,23746.65000000,23760.68000000,23527.22000000,23671.55000000,14548.86790000,60,60,False
1660741200000,1660744800000,23671.25000000,23683.29000000,23321.60000000,23424.41000000,17906.29677000,60,60,False
1660744800000,1660748400000,23424.41000000,23483.68000000,23322.90000000,23350.90000000,10229.04531000,60,60,False
1660748400000,1660752000000,23350.30000000,23469.04000000,23333.52000000,23391.90000000,7957.60443000,60,60,False
1660752000000,1660755600000,23391.90000000,23468.51000000,23333.00000000,23417.40000000,7795.69637000,60,60,False
1660755600000,1660759200000,23417.40000000,23484.03000000,23358.18000000,23472.13000000,5835.39221000,60,60,False
1660759200000,1660762800000,23472.13000000,23638.84000000,23357.43000000,23451.60000000,16710.71349000,60,60,False
1660762800000,1660766400000,23451.60000000,23497.24000000,23236.00000000,23275.04000000,9940.72559000,60,60,False
1660766400000,1660770000000,23276.89000000,23417.44000000,23180.40000000,23402.39000000,6950.93971000,60,60,False
1660770000000,1660773600000,23402.88000000,23407.74000000,23239.99000000,23331.93000000,4580.64591000,60,60,False
1660773600000,1660777200000,23331.73000000,23386.77000000,23253.00000000,23346.86000000,4810.47365000,60,60,False
1660777200000,1660780800000,23347.56000000,23378.49000000,23287.31000000,23342.66000000,4262.72457000,60,60,False
1660780800000,1660784400000,23342.66000000,23475.00000000,23285.23000000,23456.27000000,7551.67315000,60,60,False
1660784400000,1660788000000,23456.27000000,23499.19000000,23408.49000000,23470.73000000,4536.81805000,60,60,False
1660788000000,1660791600000,23469.40000000,23516.44000000,23415.70000000,23459.66000000,4510.33224000,60,60,False
1660791600000,1660795200000,23459.66000000,23496.00000000,23418.06000000,23433.31000000,3686.34171000,60,60,False
1660795200000,1660798800000,23434.25000000,23450.00000000,23337.38000000,23378.54000000,4281.39297000,60,60,False
1660798800000,1660802400000,23378.54000000,23466.67000000,23370.17000000,23391.82000000,3896.17410000,60,60,False
1660802400000,1660806000000,23392.72000000,23465.62000000,23345.02000000,23354.90000000,5229.45531000,60,60,False
1660806000000,1660809600000,23354.90000000,23440.19000000,23325.01000000,23414.21000000,5128.87206000,60,60,False
1660809600000,1660813200000,23414.21000000,23467.88000000,23344.20000000,23462.52000000,5620.50295000,60,60,False
1660813200000,1660816800000,23462.52000000,23544.45000000,23434.08000000,23533.67000000,5290.28302000,60,60,False
1660816800000,1660820400000,23532.46000000,23582.35000000,23460.88000000,23479.31000000,6338.45224000,60,60,False
1660820400000,1660824000000,23480.32000000,23537.04000000,23460.00000000,23534.43000000,4500.43982000,60,60,False
1660824000000,1660827600000,23534.43000000,23600.00000000,23466.54000000,23572.52000000,8612.54725000,60,60,False
1660827600000,1660831200000,23571.87000000,23574.23000000,23434.02000000,23450.25000000,8087.43890000,60,60,False
1660831200000,1660834800000,23449.46000000,23510.00000000,23355.73000000,23421.50000000,9178.02890000,60,60,False
1660834800000,1660838400000,23421.50000000,23487.30000000,23373.00000000,23452.28000000,7165.92697000,60,60,False
1660838400000,1660842000000,23451.45000000,23469.27000000,23249.66000000,23336.04000000,8533.45360000,60,60,False
1660842000000,1660845600000,23336.04000000,23421.00000000,23257.38000000,23272.80000000,6589.28179000,60,60,False
1660845600000,1660849200000,23271.57000000,23367.00000000,23235.28000000,23315.85000000,6249.83129000,60,60,False
1660849200000,1660852800000,23315.85000000,23434.41000000,23303.16000000,23344.88000000,6324.83066000,60,60,False
1660852800000,1660856400000,23344.88000000,23448.00000000,23320.00000000,23414.84000000,4374.78409000,60,60,False
1660856400000,1660860000000,23416.29000000,23427.39000000,23355.00000000,23362.78000000,2730.35283000,60,60,False
1660860000000,1660863600000,23362.78000000,23402.20000000,23320.68000000,23344.37000000,4603.70585000,60,60,False
1660863600000,1660867200000,23345.30000000,23386.86000000,23111.04000000,23191.20000000,11165.05036000,60,60,False
1660867200000,1660870800000,23191.45000000,23208.67000000,22877.00000000,22931.29000000,16488.91189000,60,60,False
1660870800000,1660874400000,22931.29000000,22964.78000000,22713.42000000,22761.81000000,12867.07962000,60,60,False
1660874400000,1660878000000,22760.42000000,22828.60000000,22711.11000000,22816.07000000,6616.36337000,60,60,False
1660878000000,1660881600000,22816.07000000,22829.61000000,22737.32000000,22769.05000000,5254.40942000,60,60,False
1660881600000,1660885200000,22768.97000000,22837.34000000,22746.52000000,22789.26000000,4646.38593000,60,60,False
1660885200000,1660888800000,22790.09000000,22834.97000000,22768.61000000,22808.73000000,4909.30693000,60,60,False
1660888800000,1660892400000,22808.73000000,22819.27000000,21447.76000000,21907.82000000,25324.71582000,60,60,False
1660892400000,1660896000000,21906.65000000,22145.99000000,21852.89000000,21905.88000000,17622.08849000,60,60,False
1660896000000,1660899600000,21907.37000000,21915.88000000,21677.77000000,21781.23000000,15568.64337000,60,60,False
1660899600000,1660903200000,21781.23000000,21828.00000000,21660.00000000,21751.97000000,10722.66350000,60,60,False
1660903200000,1660906800000,21751.95000000,21777.00000000,21571.94000000,21616.13000000,9730.91141000,60,60,False
1660906800000,1660910400000,21616.13000000,21637.76000000,21261.96000000,21467.91000000,19666.98117000,60,60,False
1660910400000,1660914000000,21467.91000000,21605.71000000,21265.77000000,21534.39000000,15615.45552000,60,60,False
1660914000000,1660917600000,21532.95000000,21568.15000000,21390.01000000,21402.27000000,11796.56931000,60,60,False
1660917600000,1660921200000,21402.27000000,21494.21000000,21322.48000000,21332.45000000,11128.64297000,60,60,False
1660921200000,1660924800000,21332.45000000,21475.32000000,21280.00000000,21443.36000000,9031.87539000,60,60,False
1660924800000,1660928400000,21443.36000000,21660.73000000,21412.93000000,21530.52000000,11581.25000000,60,60,False
1660928400000,1660932000000,21530.52000000,21582.54000000,21401.01000000,21463.41000000,7139.51811000,60,60,False
1660932000000,1660935600000,21463.41000000,21466.10000000,21320.29000000,21373.54000000,8106.52378000,60,60,False
1660935600000,1660939200000,21373.54000000,21459.57000000,21149.95000000,21329.66000000,11884.23702000,60,60,False
1660939200000,1660942800000,21329.65000000,21382.50000000,21163.97000000,21273.76000000,8690.28232000,60,60,False
1660942800000,1660946400000,21273.76000000,21311.41000000,20910.09000000,21078.77000000,9430.56501000,60,60,False
1660946400000,1660950000000,21081.62000000,21324.40000000,20915.89000000,20975.14000000,16011.73036000,60,60,False
1660950000000,1660953600000,20975.14000000,21049.99000000,20783.57000000,20834.39000000,14160.76676000,60,60,False
1660953600000,1660957200000,20834.39000000,21212.67000000,20792.92000000,20991.67000000,13247.29792000,60,60,False
1660957200000,1660960800000,20991.67000000,21103.67000000,20981.22000000,20996.12000000,6650.30542000,60,60,False
1660960800000,1660964400000,20995.02000000,21177.83000000,20990.01000000,21131.61000000,6903.15876000,60,60,False
1660964400000,1660968000000,21130.97000000,21177.67000000,21091.51000000,21140.34000000,6479.80268000,60,60,False
1660968000000,1660971600000,21139.97000000,21284.71000000,21077.56000000,21239.61000000,7333.24862000,60,60,False
1660971600000,1660975200000,21237.85000000,21252.82000000,21082.19000000,21128.68000000,8551.41616000,60,60,False
1660975200000,1660978800000,21127.77000000,21329.69000000,21122.01000000,21315.38000000,6721.61958000,60,60,False
1660978800000,1660982400000,21315.38000000,21370.00000000,21264.33000000,21307.25000000,7703.52055000,60,60,False
1660982400000,1660986000000,21307.99000000,21315.00000000,21175.43000000,21197.58000000,6638.71603000,60,60,False
1660986000000,1660989600000,21198.78000000,21232.19000000,21134.42000000,21208.80000000,6031.99168000,60,60,False
1660989600000,1660993200000,21210.02000000,21258.61000000,21118.50000000,21229.98000000,6443.51989000,60,60,False
1660993200000,1660996800000,21229.23000000,21281.22000000,21188.00000000,21233.66000000,5708.31453000,60,60,False
1660996800000,1661000400000,21233.66000000,21382.85000000,21200.00000000,21241.23000000,7930.13162000,60,60,False
1661000400000,1661004000000,21241.23000000,21343.21000000,21232.30000000,21321.53000000,5515.60442000,60,60,False
1661004000000,1661007600000,21321.53000000,21347.22000000,21224.23000000,21254.90000000,5308.70037000,60,60,False
1661007600000,1661011200000,21254.90000000,21317.74000000,21202.74000000,21299.44000000,5025.33069000,60,60,False
1661011200000,1661014800000,21300.50000000,21360.00000000,21229.43000000,21237.66000000,6342.61465000,60,60,False
1661014800000,1661018400000,21237.66000000,21320.00000000,21164.18000000,21257.33000000,7659.29759000,60,60,False
1661018400000,1661022000000,21255.86000000,21325.00000000,21082.50000000,21106.85000000,9232.65360000,60,60,False
1661022000000,1661025600000,21106.82000000,21149.00000000,20941.63000000,20988.36000000,12053.38969000,60,60,False
1661025600000,1661029200000,20988.52000000,21153.99000000,20797.30000000,20819.72000000,11572.43424000,60,60,False
1661029200000,1661032800000,20819.72000000,21140.00000000,20761.90000000,21120.19000000,9844.15423000,60,60,False
1661032800000,1661036400000,21121.70000000,21250.51000000,21054.72000000,21136.36000000,8348.98211000,60,60,False
1661036400000,1661040000000,21137.43000000,21224.99000000,21078.91000000,21140.07000000,5795.47860000,60,60,False
1661040000000,1661043600000,21140.07000000,21290.00000000,21118.71000000,21168.26000000,7041.49190000,60,60,False
1661043600000,1661047200000,21167.35000000,21279.72000000,21161.14000000,21259.10000000,4826.73018000,60,60,False
1661047200000,1661050800000,21259.96000000,21330.55000000,21217.36000000,21262.28000000,5177.58789000,60,60,False
1661050800000,1661054400000,21263.65000000,21270.43000000,21161.62000000,21208.72000000,4849.48551000,60,60,False
1661054400000,1661058000000,21210.06000000,21285.08000000,21180.33000000,21201.50000000,4634.13879000,60,60,False
1661058000000,1661061600000,21201.50000000,21244.57000000,21165.21000000,21229.52000000,4273.13188000,60,60,False
1661061600000,1661065200000,21229.52000000,21243.85000000,21071.00000000,21117.60000000,6586.39646000,60,60,False
1661065200000,1661068800000,21117.60000000,21254.19000000,21069.11000000,21251.38000000,6236.63069000,60,60,False
1661068800000,1661072400000,21250.21000000,21497.76000000,21224.48000000,21359.82000000,12648.45332000,60,60,False
1661072400000,1661076000000,21359.21000000,21500.00000000,21326.88000000,21433.44000000,8073.84022000,60,60,False
1661076000000,1661079600000,21433.44000000,21470.00000000,21366.69000000,21379.57000000,6524.90713000,60,60,False
1661079600000,1661083200000,21378.43000000,21570.00000000,21366.18000000,21524.39000000,7443.40160000,60,60,False
1661083200000,1661086800000,21525.57000000,21587.74000000,21470.00000000,21472.11000000,6998.85964000,60,60,False
1661086800000,1661090400000,21471.91000000,21501.70000000,21383.51000000,21397.04000000,6499.47594000,60,60,False
1661090400000,1661094000000,21397.04000000,21428.00000000,21314.88000000,21410.55000000,7238.93226000,60,60,False
1661094000000,1661097600000,21410.54000000,21441.83000000,21362.78000000,21420.20000000,4106.43163000,60,60,False
1661097600000,1661101200000,21419.00000000,21502.00000000,21330.75000000,21406.81000000,6605.62609000,60,60,False
1661101200000,1661104800000,21407.92000000,21488.87000000,21404.78000000,21459.14000000,4694.67947000,60,60,False
1661104800000,1661108400000,21460.34000000,21504.08000000,21381.34000000,21480.14000000,5050.20854000,60,60,False
1661108400000,1661112000000,21481.03000000,21557.26000000,21448.48000000,21512.01000000,4683.52391000,60,60,False
1661112000000,1661115600000,21512.01000000,21800.00000000,21462.89000000,21468.43000000,8239.77050000,60,60,False
1661115600000,1661119200000,21468.43000000,21700.00000000,21468.07000000,21533.83000000,7715.74130000,60,60,False
1661119200000,1661122800000,21535.40000000,21671.84000000,21277.73000000,21565.96000000,12746.49521000,60,60,False
1661122800000,1661126400000,21567.23000000,21645.80000000,21508.41000000,21515.61000000,6304.74404000,60,60,False
1661126400000,1661130000000,21516.70000000,21530.03000000,21388.99000000,21454.26000000,8406.68117000,60,60,False
1661130000000,1661133600000,21452.83000000,21482.68000000,21360.41000000,21443.79000000,6458.52121000,60,60,False
1661133600000,1661137200000,21443.79000000,21488.81000000,21375.01000000,21471.59000000,5361.91254000,60,60,False
1661137200000,1661140800000,21471.59000000,21510.80000000,21407.25000000,21414.86000000,4947.71547000,60,60,False
1661140800000,1661144400000,21413.67000000,21488.00000000,21341.91000000,21466.72000000,6675.71085000,60,60,False
1661144400000,1661148000000,21468.09000000,21494.44000000,21403.76000000,21428.66000000,5656.76496000,60,60,False
1661148000000,1661151600000,21428.66000000,21445.98000000,21287.79000000,21350.67000000,9081.87466000,60,60,False
1661151600000,1661155200000,21350.67000000,21378.32000000,21058.62000000,21097.72000000,12701.46225000,60,60,False
1661155200000,1661158800000,21098.01000000,21196.28000000,20890.18000000,21189.55000000,19759.09269000,60,60,False
1661158800000,1661162400000,21191.33000000,21259.64000000,21091.22000000,21175.06000000,10298.07677000,60,60,False
1661162400000,1661166000000,21174.09000000,21338.75000000,21107.14000000,21280.01000000,11355.08195000,60,60,False
1661166000000,1661169600000,21281.59000000,21329.48000000,21190.00000000,21248.71000000,8078.55799000,60,60,False
1661169600000,1661173200000,21249.78000000,21340.00000000,21150.25000000,21208.93000000,10810.25753000,60,60,False
1661173200000,1661176800000,21209.93000000,21380.36000000,21086.54000000,21304.14000000,16007.43964000,60,60,False
1661176800000,1661180400000,21304.14000000,21385.04000000,21180.00000000,21201.08000000,13694.99030000,60,60,False
1661180400000,1661184000000,21201.08000000,21444.72000000,21193.12000000,21400.47000000,11284.38946000,60,60,False
1661184000000,1661187600000,21400.47000000,21548.71000000,21315.12000000,21331.57000000,9544.63929000,60,60,False
1661187600000,1661191200000,21332.91000000,21344.91000000,21196.77000000,21233.01000000,7571.41979000,60,60,False
1661191200000,1661194800000,21233.01000000,21241.47000000,20963.00000000,21023.94000000,10303.48269000,60,60,False
1661194800000,1661198400000,21023.94000000,21123.17000000,20991.44000000,21057.25000000,8260.13289000,60,60,False
1661198400000,1661202000000,21055.48000000,21192.70000000,21046.87000000,21130.11000000,8239.85465000,60,60,False
1661202000000,1661205600000,21131.22000000,21142.00000000,21045.00000000,21101.67000000,3843.97045000,60,60,False
1661205600000,1661209200000,21101.67000000,21243.24000000,21085.99000000,21175.93000000,5725.91021000,60,60,False
1661209200000,1661212800000,21174.80000000,21423.74000000,21153.70000000,21399.83000000,8154.10585000,60,60,False
1661212800000,1661216400000,21400.75000000,21468.51000000,21285.02000000,21303.25000000,9264.93160000,60,60,False
1661216400000,1661220000000,21303.25000000,21407.59000000,21290.39000000,21306.86000000,5897.83057000,60,60,False
1661220000000,1661223600000,21306.86000000,21360.00000000,21260.05000000,21347.38000000,5115.81528000,60,60,False
1661223600000,1661227200000,21347.38000000,21376.99000000,21218.28000000,21239.18000000,5281.51877000,60,60,False
1661227200000,1661230800000,21239.18000000,21318.84000000,21224.85000000,21265.60000000,4982.14947000,60,60,False
1661230800000,1661234400000,21265.60000000,21289.13000000,20932.37000000,20965.89000000,10353.28286000,60,60,False
1661234400000,1661238000000,20964.10000000,21091.37000000,20890.14000000,21083.26000000,8972.01842000,60,60,False
1661238000000,1661241600000,21081.57000000,21309.98000000,21067.70000000,21305.34000000,10108.60965000,60,60,False
1661241600000,1661245200000,21305.34000000,21519.01000000,21301.61000000,21450.00000000,13184.72367000,60,60,False
1661245200000,1661248800000,21450.86000000,21550.00000000,21286.00000000,21442.58000000,11705.57539000,60,60,False
1661248800000,1661252400000,21442.58000000,21460.57000000,21314.49000000,21416.39000000,8741.20005000,60,60,False
1661252400000,1661256000000,21417.46000000,21495.00000000,21348.19000000,21456.34000000,7286.42398000,60,60,False
1661256000000,1661259600000,21455.97000000,21518.34000000,21334.28000000,21350.98000000,7934.20437000,60,60,False
1661259600000,1661263200000,21350.98000000,21598.00000000,21327.95000000,21520.58000000,13989.26256000,60,60,False
1661263200000,1661266800000,21518.52000000,21684.87000000,21441.55000000,21468.15000000,16046.27479000,60,60,False
1661266800000,1661270400000,21469.37000000,21582.16000000,21383.55000000,21474.67000000,10905.26018000,60,60,False
1661270400000,1661274000000,21473.01000000,21483.71000000,21358.38000000,21462.75000000,8719.37221000,60,60,False
1661274000000,1661277600000,21462.75000000,21519.90000000,21392.84000000,21414.72000000,6651.78986000,60,60,False
1661277600000,1661281200000,21414.72000000,21602.49000000,21394.19000000,21543.77000000,8645.81100000,60,60,False
1661281200000,1661284800000,21543.77000000,21578.00000000,21486.75000000,21522.01000000,5849.95942000,60,60,False
1661284800000,1661288400000,21522.01000000,21654.91000000,21454.86000000,21478.35000000,6451.33095000,60,60,False
1661288400000,1661292000000,21479.51000000,21510.00000000,21428.00000000,21489.36000000,2957.91070000,60,60,False
1661292000000,1661295600000,21489.36000000,21588.97000000,21471.25000000,21475.50000000,6154.97813000,60,60,False
1661295600000,1661299200000,21475.71000000,21605.44000000,21455.11000000,21529.12000000,5767.53776000,60,60,False
1661299200000,1661302800000,21529.11000000,21555.84000000,21332.80000000,21385.79000000,8032.00919000,60,60,False
1661302800000,1661306400000,21385.79000000,21431.22000000,21172.48000000,21264.71000000,8089.45150000,60,60,False
1661306400000,1661310000000,21264.71000000,21368.08000000,21145.00000000,21200.06000000,7771.60019000,60,60,False
1661310000000,1661313600000,21200.06000000,21291.19000000,21167.58000000,21264.01000000,5892.87163000,60,60,False
1661313600000,1661317200000,21264.01000000,21362.77000000,21237.57000000,21328.56000000,4919.42586000,60,60,False
1661317200000,1661320800000,21329.47000000,21504.97000000,21311.49000000,21421.18000000,8434.11364000,60,60,False
1661320800000,1661324400000,21421.18000000,21469.86000000,21318.09000000,21404.55000000,6746.25286000,60,60,False
1661324400000,1661328000000,21404.55000000,21452.00000000,21243.29000000,21317.85000000,9573.76912000,60,60,False
1661328000000,1661331600000,21319.27000000,21440.07000000,21300.00000000,21341.40000000,7185.92744000,60,60,False
1661331600000,1661335200000,21341.40000000,21397.20000000,21293.39000000,21314.67000000,5646.55573000,60,60,False
1661335200000,1661338800000,21314.67000000,21385.01000000,21261.00000000,21282.16000000,5679.76892000,60,60,False
1661338800000,1661342400000,21282.16000000,21476.23000000,21271.64000000,21438.92000000,7089.80780000,60,60,False
1661342400000,1661346000000,21439.84000000,21512.00000000,21421.22000000,21486.75000000,8392.54188000,60,60,False
1661346000000,1661349600000,21485.60000000,21508.53000000,21373.43000000,21439.86000000,9335.99877000,60,60,False
1661349600000,1661353200000,21438.62000000,21558.00000000,21400.01000000,21467.61000000,9331.63610000,60,60,False
1661353200000,1661356800000,21467.61000000,21645.65000000,21452.82000000,21618.45000000,9474.22124000,60,60,False
1661356800000,1661360400000,21618.46000000,21900.00000000,21609.09000000,21717.89000000,13574.70464000,60,60,False
1661360400000,1661364000000,21719.06000000,21781.89000000,21605.00000000,21633.24000000,7172.13213000,60,60,False
1661364000000,1661367600000,21633.24000000,21731.22000000,21624.02000000,21674.91000000,5183.34812000,60,60,False
1661367600000,1661371200000,21674.91000000,21809.00000000,21672.00000000,21707.58000000,6177.85231000,60,60,False
1661371200000,1661374800000,21709.32000000,21761.92000000,21677.31000000,21691.93000000,4379.21230000,60,60,False
1661374800000,1661378400000,21691.93000000,21720.00000000,21554.00000000,21592.07000000,3270.55376000,60,60,False
1661378400000,1661382000000,21590.77000000,21655.50000000,21450.00000000,21493.73000000,7954.92987000,60,60,False
1661382000000,1661385600000,21492.91000000,21532.99000000,21361.60000000,21368.08000000,5074.53546000,60,60,False
1661385600000,1661389200000,21368.05000000,21488.68000000,21310.15000000,21481.32000000,7688.96129000,60,60,False
1661389200000,1661392800000,21481.21000000,21637.89000000,21462.31000000,21553.87000000,7150.49502000,60,60,False
1661392800000,1661396400000,21552.83000000,21581.22000000,21511.99000000,21526.96000000,5132.68023000,60,60,False
1661396400000,1661400000000,21527.96000000,21600.03000000,21427.00000000,21468.93000000,5689.11809000,60,60,False
1661400000000,1661403600000,21468.12000000,21563.80000000,21461.53000000,21540.79000000,3910.12207000,60,60,False
1661403600000,1661407200000,21540.08000000,21591.60000000,21492.13000000,21559.17000000,4180.18824000,60,60,False
1661407200000,1661410800000,21559.17000000,21748.69000000,21550.00000000,21692.19000000,11406.57195000,60,60,False
1661410800000,1661414400000,21692.19000000,21762.00000000,21672.19000000,21743.29000000,8224.02878000,60,60,False
1661414400000,1661418000000,21744.22000000,21819.88000000,21678.00000000,21686.64000000,9802.83275000,60,60,False
1661418000000,1661421600000,21687.35000000,21723.70000000,21632.71000000,21705.62000000,7567.68240000,60,60,False
1661421600000,1661425200000,21706.99000000,21721.38000000,21611.22000000,21620.02000000,6358.99589000,60,60,False
1661425200000,1661428800000,21621.07000000,21740.47000000,21612.82000000,21720.31000000,7384.64938000,60,60,False
1661428800000,1661432400000,21720.31000000,21779.00000000,21625.53000000,21675.19000000,10288.00695000,60,60,False
1661432400000,1661436000000,21675.19000000,21741.22000000,21571.55000000,21706.70000000,10894.39583000,60,60,False
1661436000000,1661439600000,21706.70000000,21762.20000000,21645.01000000,21657.95000000,9147.64821000,60,60,False
1661439600000,1661443200000,21657.95000000,21670.11000000,21483.38000000,21565.12000000,10308.21756000,60,60,False
1661443200000,1661446800000,21563.92000000,21588.31000000,21422.43000000,21445.00000000,9049.50527000,60,60,False
1661446800000,1661450400000,21445.00000000,21599.90000000,21430.00000000,21571.16000000,7873.14944000,60,60,False
1661450400000,1661454000000,21572.44000000,21589.91000000,21496.67000000,21539.70000000,5394.00033000,60,60,False
1661454000000,1661457600000,21540.54000000,21646.27000000,21510.36000000,21605.20000000,5477.16447000,60,60,False
1661457600000,1661461200000,21607.25000000,21672.00000000,21551.72000000,21646.11000000,5392.02600000,60,60,False
1661461200000,1661464800000,21646.11000000,21685.00000000,21561.48000000,21583.00000000,2864.81294000,60,60,False
1661464800000,1661468400000,21583.01000000,21626.19000000,21540.24000000,21576.26000000,4034.89923000,60,60,False
1661468400000,1661472000000,21575.17000000,21622.61000000,21514.89000000,21559.04000000,4695.63069000,60,60,False
1661472000000,1661475600000,21559.04000000,21569.00000000,21431.22000000,21477.12000000,8728.33324000,60,60,False
1661475600000,1661479200000,21478.37000000,21564.70000000,21465.35000000,21558.13000000,4666.13723000,60,60,False
1661479200000,1661482800000,21558.70000000,21614.89000000,21543.35000000,21599.10000000,4417.56421000,60,60,False
1661482800000,1661486400000,21599.10000000,21608.23000000,21548.35000000,21552.17000000,3998.50136000,60,60,False
1661486400000,1661490000000,21552.17000000,21564.82000000,21510.48000000,21530.53000000,4111.46648000,60,60,False
1661490000000,1661493600000,21529.69000000,21534.12000000,21343.01000000,21404.25000000,9625.14722000,60,60,False
1661493600000,1661497200000,21403.11000000,21464.56000000,21369.34000000,21425.00000000,5424.30160000,60,60,False
1661497200000,1661500800000,21425.00000000,21457.30000000,21326.66000000,21452.90000000,7715.87317000,60,60,False
1661500800000,1661504400000,21452.90000000,21468.76000000,21392.00000000,21415.12000000,5412.54760000,60,60,False
1661504400000,1661508000000,21415.69000000,21456.79000000,21405.00000000,21438.22000000,4995.20956000,60,60,False
1661508000000,1661511600000,21436.69000000,21447.28000000,21346.99000000,21395.01000000,6209.52127000,60,60,False
1661511600000,1661515200000,21395.01000000,21417.22000000,21106.31000000,21189.77000000,13327.23939000,60,60,False
1661515200000,1661518800000,21191.27000000,21692.09000000,21156.58000000,21639.79000000,18776.11569000,60,60,False
1661518800000,1661522400000,21638.88000000,21886.77000000,21614.96000000,21753.46000000,22111.56876000,60,60,False
1661522400000,1661526000000,21754.84000000,21809.64000000,21136.98000000,21159.93000000,39005.29487000,60,60,False
1661526000000,1661529600000,21159.93000000,21166.45000000,20635.12000000,20781.08000000,33890.47093000,60,60,False
1661529600000,1661533200000,20780.86000000,20832.23000000,20529.74000000,20722.76000000,17175.01523000,60,60,False
1661533200000,1661536800000,20722.72000000,20777.77000000,20632.18000000,20651.75000000,9377.23011000,60,60,False
1661536800000,1661540400000,20651.75000000,20738.86000000,20534.25000000,20692.17000000,11159.10832000,60,60,False
1661540400000,1661544000000,20692.17000000,20733.37000000,20616.05000000,20644.47000000,6985.64475000,60,60,False
1661544000000,1661547600000,20643.01000000,20749.98000000,20638.57000000,20647.78000000,6711.13925000,60,60,False
1661547600000,1661551200000,20647.77000000,20683.76000000,20568.38000000,20639.32000000,3890.48105000,60,60,False
1661551200000,1661554800000,20639.32000000,20690.00000000,20580.08000000,20612.54000000,5429.12627000,60,60,False
1661554800000,1661558400000,20612.54000000,20630.72000000,20107.90000000,20241.05000000,20668.58199000,60,60,False
1661558400000,1661562000000,20239.14000000,20402.93000000,20141.32000000,20306.71000000,11216.14388000,60,60,False
1661562000000,1661565600000,20307.87000000,20334.24000000,20244.32000000,20276.58000000,5631.21721000,60,60,False
1661565600000,1661569200000,20277.99000000,20295.07000000,20135.04000000,20204.77000000,7298.07599000,60,60,False
1661569200000,1661572800000,20204.25000000,20249.65000000,20188.22000000,20203.18000000,5172.98352000,60,60,False
1661572800000,1661576400000,20204.23000000,20231.18000000,20120.10000000,20145.54000000,5543.59044000,60,60,False
1661576400000,1661580000000,20146.82000000,20166.09000000,19920.00000000,20128.38000000,11260.12967000,60,60,False
1661580000000,1661583600000,20128.38000000,20265.95000000,20092.22000000,20161.36000000,7164.45946000,60,60,False
1661583600000,1661587200000,20161.36000000,20277.38000000,20132.00000000,20272.25000000,7442.32398000,60,60,False
1661587200000,1661590800000,20269.90000000,20279.61000000,20186.41000000,20201.02000000,5393.30285000,60,60,False
1661590800000,1661594400000,20202.23000000,20212.42000000,20135.89000000,20148.25000000,5101.20436000,60,60,False
1661594400000,1661598000000,20149.91000000,20246.41000000,20145.00000000,20180.80000000,5819.41059000,60,60,False
1661598000000,1661601600000,20181.92000000,20255.46000000,20166.72000000,20211.21000000,5385.30935000,60,60,False
1661601600000,1661605200000,20211.21000000,20242.02000000,20178.82000000,20191.25000000,4690.83601000,60,60,False
1661605200000,1661608800000,20189.66000000,20237.70000000,20097.22000000,20171.93000000,7741.52035000,60,60,False
1661608800000,1661612400000,20173.16000000,20213.88000000,20030.93000000,20060.82000000,6461.39031000,60,60,False
1661612400000,1661616000000,20061.17000000,20098.30000000,19800.00000000,19977.36000000,14027.97755000,60,60,False
1661616000000,1661619600000,19976.08000000,20029.00000000,19838.80000000,20002.67000000,10408.29498000,60,60,False
1661619600000,1661623200000,20002.67000000,20100.00000000,19971.22000000,19985.67000000,6822.97998000,60,60,False
1661623200000,1661626800000,19985.67000000,20033.92000000,19945.16000000,19958.41000000,4434.89305000,60,60,False
1661626800000,1661630400000,19959.20000000,20048.00000000,19931.36000000,20018.00000000,4885.56915000,60,60,False
1661630400000,1661634000000,20018.00000000,20040.40000000,19941.83000000,20007.99000000,4374.04918000,60,60,False
1661634000000,1661637600000,20007.99000000,20029.84000000,19870.01000000,19873.06000000,2779.32428000,60,60,False
1661637600000,1661641200000,19874.25000000,20103.57000000,19858.43000000,20020.08000000,8501.92653000,60,60,False
1661641200000,1661644800000,20021.35000000,20087.65000000,19992.55000000,20037.60000000,5025.54765000,60,60,False
1661644800000,1661648400000,20037.60000000,20051.22000000,19926.78000000,19992.16000000,5346.54381000,60,60,False
1661648400000,1661652000000,19991.62000000,20083.07000000,19970.23000000,20019.75000000,4552.38544000,60,60,False
1661652000000,1661655600000,20019.39000000,20171.18000000,19990.00000000,20004.47000000,5491.79511000,60,60,False
1661655600000,1661659200000,20004.47000000,20059.14000000,19970.59000000,19990.58000000,3671.52904000,60,60,False
1661659200000,1661662800000,19991.39000000,20011.93000000,19955.79000000,19995.62000000,3648.28248000,60,60,False
1661662800000,1661666400000,19995.62000000,20055.00000000,19937.90000000,20054.75000000,4026.55270000,60,60,False
1661666400000,1661670000000,20054.75000000,20074.43000000,20020.80000000,20033.94000000,4063.24662000,60,60,False
1661670000000,1661673600000,20034.25000000,20085.00000000,20005.29000000,20056.62000000,4167.91503000,60,60,False
1661673600000,1661677200000,20055.85000000,20107.52000000,19997.76000000,20036.69000000,4978.61704000,60,60,False
1661677200000,1661680800000,20035.59000000,20048.07000000,19995.57000000,20020.00000000,3696.71886000,60,60,False
1661680800000,1661684400000,20019.14000000,20033.85000000,19961.52000000,19995.45000000,4581.08318000,60,60,False
1661684400000,1661688000000,19996.27000000,20041.22000000,19943.00000000,20034.97000000,5489.39812000,60,60,False
1661688000000,1661691600000,20033.87000000,20059.99000000,19890.00000000,19924.17000000,6431.28369000,60,60,False
1661691600000,1661695200000,19924.17000000,19982.80000000,19910.10000000,19938.04000000,5318.01004000,60,60,False
1661695200000,1661698800000,19939.67000000,20006.24000000,19811.00000000,19920.01000000,10417.69243000,60,60,False
1661698800000,1661702400000,19920.01000000,20050.03000000,19903.79000000,20022.03000000,6204.47109000,60,60,False
1661702400000,1661706000000,20022.03000000,20155.62000000,19979.29000000,19991.34000000,10379.62193000,60,60,False
1661706000000,1661709600000,19992.60000000,20061.22000000,19960.00000000,19982.09000000,5313.74576000,60,60,False
1661709600000,1661713200000,19983.19000000,20042.79000000,19974.48000000,20011.21000000,3591.71689000,60,60,False
1661713200000,1661716800000,20012.22000000,20065.99000000,19955.10000000,19973.76000000,4315.11930000,60,60,False
1661716800000,1661720400000,19972.31000000,20046.32000000,19963.24000000,19988.03000000,3914.65619000,60,60,False
1661720400000,1661724000000,19987.62000000,20049.96000000,19940.32000000,19964.01000000,2878.33133000,60,60,False
1661724000000,1661727600000,19964.82000000,20032.15000000,19873.99000000,19903.85000000,10255.69432000,60,60,False
1661727600000,1661731200000,19903.85000000,19920.60000000,19520.00000000,19555.61000000,16573.54936000,60,60,False
1661731200000,1661734800000,19555.61000000,19757.67000000,19550.79000000,19641.03000000,12167.09147000,60,60,False
1661734800000,1661738400000,19641.03000000,19684.96000000,19584.37000000,19660.75000000,7185.30886000,60,60,False
1661738400000,1661742000000,19662.02000000,19793.74000000,19645.05000000,19764.25000000,6847.91963000,60,60,False
1661742000000,1661745600000,19764.25000000,19966.56000000,19732.44000000,19868.14000000,9546.72127000,60,60,False
1661745600000,1661749200000,19866.29000000,19941.22000000,19782.29000000,19804.93000000,6752.01080000,60,60,False
1661749200000,1661752800000,19806.17000000,19837.12000000,19739.74000000,19753.84000000,6107.70301000,60,60,False
1661752800000,1661756400000,19753.84000000,19894.92000000,19752.66000000,19851.86000000,6210.90586000,60,60,False
1661756400000,1661760000000,19850.90000000,19911.03000000,19789.85000000,19897.01000000,7823.10425000,60,60,False
1661760000000,1661763600000,19897.01000000,19923.63000000,19792.78000000,19793.72000000,6757.84896000,60,60,False
1661763600000,1661767200000,19794.94000000,19860.72000000,19788.04000000,19842.90000000,6625.65769000,60,60,False
1661767200000,1661770800000,19842.90000000,19865.00000000,19803.09000000,19827.53000000,5749.85314000,60,60,False
1661770800000,1661774400000,19827.53000000,19842.11000000,19762.30000000,19825.09000000,6505.76097000,60,60,False
1661774400000,1661778000000,19824.20000000,20049.35000000,19805.00000000,19895.12000000,13044.25381000,60,60,False
1661778000000,1661781600000,19895.66000000,20148.99000000,19894.65000000,20081.61000000,17281.25928000,60,60,False
1661781600000,1661785200000,20080.43000000,20384.25000000,20073.28000000,20166.54000000,19636.21147000,60,60,False
1661785200000,1661788800000,20166.19000000,20285.97000000,20152.94000000,20262.28000000,10768.71324000,60,60,False
1661788800000,1661792400000,20263.62000000,20433.62000000,20243.00000000,20315.96000000,12396.44285000,60,60,False
1661792400000,1661796000000,20315.96000000,20332.94000000,20190.99000000,20276.30000000,8654.47628000,60,60,False
1661796000000,1661799600000,20276.30000000,20290.00000000,20116.62000000,20174.71000000,7905.21316000,60,60,False
1661799600000,1661803200000,20176.23000000,20201.23000000,20078.92000000,20098.65000000,6977.72869000,60,60,False
1661803200000,1661806800000,20098.65000000,20199.99000000,20075.00000000,20175.81000000,6124.92548000,60,60,False
1661806800000,1661810400000,20176.34000000,20227.59000000,20127.75000000,20203.57000000,3370.91546000,60,60,False
1661810400000,1661814000000,20203.57000000,20245.00000000,20155.98000000,20203.87000000,6197.01957000,60,60,False
1661814000000,1661817600000,20205.10000000,20351.53000000,20122.43000000,20285.73000000,9872.45025000,60,60,False
1661817600000,1661821200000,20287.20000000,20298.75000000,20185.55000000,20256.25000000,8894.48360000,60,60,False
1661821200000,1661824800000,20254.91000000,20284.41000000,20110.00000000,20163.16000000,8584.38207000,60,60,False
1661824800000,1661828400000,20163.16000000,20205.31000000,20125.67000000,20197.26000000,5313.13235000,60,60,False
1661828400000,1661832000000,20197.26000000,20280.81000000,20159.94000000,20273.36000000,5965.17089000,60,60,False
1661832000000,1661835600000,20273.36000000,20548.00000000,20257.32000000,20466.23000000,13216.76910000,60,60,False
1661835600000,1661839200000,20466.23000000,20470.72000000,20364.80000000,20417.59000000,7568.36682000,60,60,False
1661839200000,1661842800000,20416.36000000,20442.52000000,20374.31000000,20396.22000000,7096.40085000,60,60,False
1661842800000,1661846400000,20396.01000000,20576.25000000,20381.22000000,20434.16000000,11983.04414000,60,60,False
1661846400000,1661850000000,20433.65000000,20503.82000000,20381.30000000,20402.68000000,8010.61050000,60,60,False
1661850000000,1661853600000,20401.70000000,20448.73000000,20384.00000000,20423.09000000,6728.79510000,60,60,False
1661853600000,1661857200000,20423.09000000,20511.30000000,20331.99000000,20394.09000000,10557.44513000,60,60,False
1661857200000,1661860800000,20395.22000000,20419.97000000,20360.00000000,20403.80000000,6598.72350000,60,60,False
1661860800000,1661864400000,20403.80000000,20446.64000000,20285.00000000,20334.61000000,10585.12433000,60,60,False
1661864400000,1661868000000,20335.40000000,20450.00000000,20249.12000000,20271.25000000,13919.62416000,60,60,False
1661868000000,1661871600000,20271.42000000,20303.02000000,19715.95000000,19832.03000000,21483.54446000,60,60,False
1661871600000,1661875200000,19832.33000000,19840.84000000,19650.00000000,19756.24000000,17059.52099000,60,60,False
1661875200000,1661878800000,19756.24000000,19942.27000000,19540.00000000,19616.65000000,17249.80074000,60,60,False
1661878800000,1661882400000,19615.37000000,19699.29000000,19571.22000000,19685.99000000,11801.06316000,60,60,False
1661882400000,1661886000000,19684.69000000,19811.22000000,19673.41000000,19776.43000000,10086.79821000,60,60,False
1661886000000,1661889600000,19776.70000000,20099.81000000,19755.45000000,19947.20000000,20100.52067000,60,60,False
1661889600000,1661893200000,19947.20000000,20059.66000000,19843.35000000,19975.32000000,10540.83784000,60,60,False
1661893200000,1661896800000,19975.32000000,20009.99000000,19815.00000000,19884.30000000,5610.80217000,60,60,False
1661896800000,1661900400000,19882.89000000,19912.58000000,19773.00000000,19907.04000000,9741.69603000,60,60,False
1661900400000,1661904000000,19907.04000000,19928.46000000,19745.43000000,19811.66000000,7937.69848000,60,60,False
1661904000000,1661907600000,19813.03000000,19989.90000000,19797.94000000,19960.23000000,8822.52662000,60,60,False
1661907600000,1661911200000,19961.01000000,20256.45000000,19937.41000000,20236.27000000,12279.59803000,60,60,False
1661911200000,1661914800000,20236.27000000,20417.51000000,20233.98000000,20335.19000000,12242.15628000,60,60,False
1661914800000,1661918400000,20335.19000000,20459.32000000,20295.00000000,20402.87000000,10090.71304000,60,60,False
1661918400000,1661922000000,20401.46000000,20446.37000000,20333.47000000,20343.02000000,8326.66053000,60,60,False
1661922000000,1661925600000,20343.55000000,20386.79000000,20308.77000000,20353.21000000,7775.86099000,60,60,False
1661925600000,1661929200000,20353.66000000,20490.00000000,20205.97000000,20249.84000000,13871.23197000,60,60,False
1661929200000,1661932800000,20249.84000000,20309.61000000,20188.00000000,20258.09000000,10585.02311000,60,60,False
1661932800000,1661936400000,20258.09000000,20331.80000000,20123.09000000,20235.81000000,13891.05159000,60,60,False
1661936400000,1661940000000,20235.81000000,20240.60000000,20161.48000000,20178.14000000,10389.60875000,60,60,False
1661940000000,1661943600000,20178.14000000,20410.21000000,20155.23000000,20334.05000000,11988.61238000,60,60,False
1661943600000,1661947200000,20335.45000000,20390.65000000,20262.55000000,20314.78000000,10003.75231000,60,60,False
1661947200000,1661950800000,20314.78000000,20422.00000000,20185.12000000,20308.88000000,15949.67604000,60,60,False
1661950800000,1661954400000,20307.04000000,20423.38000000,20219.93000000,20306.55000000,16685.99520000,60,60,False
1661954400000,1661958000000,20306.55000000,20347.64000000,20094.43000000,20108.27000000,17994.93575000,60,60,False
1661958000000,1661961600000,20106.97000000,20166.05000000,19870.00000000,20140.63000000,18757.08852000,60,60,False
1661961600000,1661965200000,20142.26000000,20218.98000000,20016.06000000,20040.39000000,11545.27133000,60,60,False
1661965200000,1661968800000,20040.39000000,20144.79000000,19881.22000000,19982.31000000,12893.10145000,60,60,False
1661968800000,1661972400000,19982.31000000,20047.58000000,19939.53000000,20002.41000000,9888.39583000,60,60,False
1661972400000,1661976000000,20001.18000000,20328.46000000,19987.72000000,20228.57000000,14801.57029000,60,60,False
1661976000000,1661979600000,20228.57000000,20243.97000000,20161.47000000,20195.10000000,6181.43435000,60,60,False
1661979600000,1661983200000,20193.43000000,20299.97000000,20160.00000000,20280.54000000,3515.16259000,60,60,False
1661983200000,1661986800000,20280.54000000,20292.75000000,20085.70000000,20155.00000000,9926.63922000,60,60,False
1661986800000,1661990400000,20155.00000000,20157.53000000,19966.00000000,20050.02000000,8540.54148000,60,60,False
1661990400000,1661994000000,20048.44000000,20138.15000000,19917.01000000,20064.43000000,11108.70225000,60,60,False
1661994000000,1661997600000,20064.43000000,20185.09000000,20051.22000000,20127.45000000,7942.65870000,60,60,False
1661997600000,1662001200000,20127.45000000,20208.37000000,20069.35000000,20118.09000000,7256.77429000,60,60,False
1662001200000,1662004800000,20119.43000000,20181.22000000,19931.00000000,20022.97000000,9197.00362000,60,60,False
1662004800000,1662008400000,20023.82000000,20095.00000000,19991.45000000,20055.59000000,6641.98427000,60,60,False
1662008400000,1662012000000,20055.59000000,20139.00000000,20032.63000000,20038.97000000,7495.19589000,60,60,False
1662012000000,1662015600000,20038.97000000,20057.09000000,19948.58000000,19982.50000000,9008.24886000,60,60,False
1662015600000,1662019200000,19981.60000000,19983.26000000,19801.38000000,19895.66000000,12827.94942000,60,60,False
1662019200000,1662022800000,19894.97000000,19939.97000000,19820.60000000,19928.09000000,9010.22704000,60,60,False
1662022800000,1662026400000,19928.09000000,19984.12000000,19822.00000000,19934.57000000,10439.44941000,60,60,False
1662026400000,1662030000000,19934.57000000,20029.99000000,19914.63000000,20020.45000000,9376.70444000,60,60,False
1662030000000,1662033600000,20020.46000000,20126.23000000,19975.17000000,20074.01000000,12156.43583000,60,60,False
1662033600000,1662037200000,20074.91000000,20096.39000000,19887.48000000,19995.74000000,13505.55025000,60,60,False
1662037200000,1662040800000,19996.71000000,20045.00000000,19906.00000000,19972.45000000,14112.71809000,60,60,False
1662040800000,1662044400000,19972.45000000,19990.82000000,19660.37000000,19693.10000000,18683.58731000,60,60,False
1662044400000,1662048000000,19693.10000000,19843.82000000,19652.79000000,19782.59000000,11870.66903000,60,60,False
1662048000000,1662051600000,19783.03000000,19822.37000000,19565.66000000,19659.51000000,12056.22719000,60,60,False
1662051600000,1662055200000,19659.51000000,19938.00000000,19634.07000000,19724.43000000,12408.52352000,60,60,False
1662055200000,1662058800000,19724.43000000,19936.00000000,19703.70000000,19812.93000000,11145.37267000,60,60,False
1662058800000,1662062400000,19812.93000000,19907.00000000,19780.11000000,19871.68000000,8463.44571000,60,60,False
1662062400000,1662066000000,19871.68000000,20099.83000000,19841.45000000,20068.72000000,10970.63433000,60,60,False
1662066000000,1662069600000,20070.25000000,20169.41000000,20039.91000000,20084.23000000,5616.73402000,60,60,False
1662069600000,1662073200000,20085.27000000,20180.00000000,20066.45000000,20078.34000000,7763.50721000,60,60,False
1662073200000,1662076800000,20079.03000000,20150.52000000,20053.81000000,20131.46000000,6231.66928000,60,60,False
1662076800000,1662080400000,20132.64000000,20137.13000000,20047.61000000,20072.73000000,6596.35671000,60,60,False
1662080400000,1662084000000,20072.73000000,20097.33000000,20008.65000000,20050.84000000,6023.42328000,60,60,False
1662084000000,1662087600000,20049.83000000,20082.08000000,19957.78000000,20033.01000000,6853.62093000,60,60,False
1662087600000,1662091200000,20033.01000000,20245.89000000,20029.83000000,20157.01000000,10870.15267000,60,60,False
1662091200000,1662094800000,20157.01000000,20298.00000000,20140.37000000,20161.07000000,7988.89076000,60,60,False
1662094800000,1662098400000,20160.10000000,20174.46000000,20080.40000000,20125.29000000,7623.12675000,60,60,False
1662098400000,1662102000000,20125.29000000,20134.95000000,20058.74000000,20106.90000000,7011.77294000,60,60,False
1662102000000,1662105600000,20106.68000000,20123.22000000,20037.14000000,20111.24000000,7006.03992000,60,60,False
1662105600000,1662109200000,20111.24000000,20143.87000000,20066.42000000,20092.62000000,6526.18812000,60,60,False
1662109200000,1662112800000,20092.62000000,20167.46000000,20072.75000000,20134.05000000,7028.17228000,60,60,False
1662112800000,1662116400000,20134.05000000,20179.19000000,20041.34000000,20067.33000000,8552.52535000,60,60,False
1662116400000,1662120000000,20067.33000000,20100.19000000,19991.00000000,20090.81000000,7312.01190000,60,60,False
1662120000000,1662123600000,20090.81000000,20355.00000000,20020.06000000,20282.82000000,23070.24502000,60,60,False
1662123600000,1662127200000,20282.82000000,20402.24000000,20245.27000000,20266.12000000,20871.05981000,60,60,False
1662127200000,1662130800000,20266.11000000,20441.26000000,20200.00000000,20362.19000000,14830.28127000,60,60,False
1662130800000,1662134400000,20363.48000000,20401.22000000,20283.38000000,20355.85000000,10189.34357000,60,60,False
1662134400000,1662138000000,20355.85000000,20387.30000000,20091.69000000,20129.78000000,14637.47585000,60,60,False
1662138000000,1662141600000,20128.56000000,20129.88000000,19761.03000000,19802.27000000,19158.12364000,60,60,False
1662141600000,1662145200000,19802.19000000,20078.90000000,19755.29000000,19934.51000000,17713.34618000,60,60,False
1662145200000,1662148800000,19935.87000000,19989.53000000,19781.26000000,19910.43000000,12847.61745000,60,60,False
1662148800000,1662152400000,19909.23000000,19981.79000000,19858.40000000,19964.68000000,6240.94706000,60,60,False
1662152400000,1662156000000,19964.68000000,20026.66000000,19924.33000000,19977.31000000,3796.92617000,60,60,False
1662156000000,1662159600000,19976.09000000,20019.93000000,19876.87000000,19989.49000000,7726.53765000,60,60,False
1662159600000,1662163200000,19989.49000000,20002.33000000,19922.15000000,19951.86000000,5512.41802000,60,60,False
1662163200000,1662166800000,19950.98000000,20055.93000000,19917.00000000,20001.34000000,7300.74401000,60,60,False
1662166800000,1662170400000,20001.34000000,20008.99000000,19928.00000000,19954.41000000,5966.60503000,60,60,False
1662170400000,1662174000000,19953.95000000,19966.87000000,19888.91000000,19939.00000000,6068.01863000,60,60,False
1662174000000,1662177600000,19939.00000000,19940.49000000,19866.77000000,19899.69000000,6652.53228000,60,60,False
1662177600000,1662181200000,19899.69000000,19937.09000000,19884.37000000,19923.46000000,4987.75595000,60,60,False
1662181200000,1662184800000,19923.46000000,19968.11000000,19923.46000000,19944.32000000,4875.30570000,60,60,False
1662184800000,1662188400000,19943.93000000,19949.99000000,19823.38000000,19883.08000000,6112.50384000,60,60,False
1662188400000,1662192000000,19884.32000000,19912.00000000,19754.77000000,19815.63000000,7426.14133000,60,60,False
1662192000000,1662195600000,19815.63000000,19854.12000000,19765.00000000,19785.31000000,7788.89006000,60,60,False
1662195600000,1662199200000,19785.31000000,19822.16000000,19726.10000000,19796.83000000,7405.14222000,60,60,False
1662199200000,1662202800000,19795.94000000,19868.86000000,19793.04000000,19849.13000000,5939.02176000,60,60,False
1662202800000,1662206400000,19849.13000000,19857.55000000,19768.23000000,19798.76000000,6035.82096000,60,60,False
1662206400000,1662210000000,19798.73000000,19860.00000000,19787.56000000,19850.72000000,6066.57225000,60,60,False
1662210000000,1662213600000,19850.72000000,19904.68000000,19819.09000000,19863.84000000,5769.29878000,60,60,False
1662213600000,1662217200000,19863.16000000,19867.13000000,19774.95000000,19816.75000000,5963.70412000,60,60,False
1662217200000,1662220800000,19816.75000000,19832.67000000,19748.88000000,19772.95000000,6793.42534000,60,60,False
1662220800000,1662224400000,19772.95000000,19835.00000000,19771.46000000,19787.81000000,5827.52194000,60,60,False
1662224400000,1662228000000,19787.81000000,19828.83000000,19753.24000000,19816.00000000,6213.18541000,60,60,False
1662228000000,1662231600000,19816.00000000,19829.95000000,19736.20000000,19753.26000000,5001.86934000,60,60,False
1662231600000,1662235200000,19753.26000000,19818.45000000,19652.72000000,19710.00000000,10396.48408000,60,60,False
1662235200000,1662238800000,19710.00000000,19749.91000000,19677.29000000,19742.68000000,6391.30570000,60,60,False
1662238800000,1662242400000,19743.82000000,19777.00000000,19728.35000000,19750.76000000,2519.19954000,60,60,False
1662242400000,1662246000000,19750.06000000,19824.00000000,19749.79000000,19793.70000000,4792.23998000,60,60,False
1662246000000,1662249600000,19794.83000000,19850.00000000,19762.07000000,19831.90000000,4345.74379000,60,60,False
1662249600000,1662253200000,19832.45000000,19861.94000000,19799.69000000,19807.29000000,4959.52168000,60,60,False
1662253200000,1662256800000,19807.29000000,19836.05000000,19773.16000000,19778.92000000,3671.41229000,60,60,False
1662256800000,1662260400000,19779.74000000,19813.58000000,19771.23000000,19792.33000000,3552.18529000,60,60,False
1662260400000,1662264000000,19792.33000000,19814.62000000,19740.07000000,19772.79000000,4122.66878000,60,60,False
1662264000000,1662267600000,19772.81000000,19812.19000000,19755.00000000,19801.74000000,3497.59498000,60,60,False
1662267600000,1662271200000,19801.74000000,19807.13000000,19761.43000000,19768.97000000,3618.90522000,60,60,False
1662271200000,1662274800000,19768.94000000,19787.25000000,19679.01000000,19700.96000000,6128.14239000,60,60,False
1662274800000,1662278400000,19700.96000000,19733.81000000,19615.00000000,19632.40000000,6206.63254000,60,60,False
1662278400000,1662282000000,19630.95000000,19759.83000000,19583.10000000,19736.20000000,9372.81815000,60,60,False
1662282000000,1662285600000,19737.02000000,19832.48000000,19727.48000000,19777.12000000,7289.67094000,60,60,False
1662285600000,1662289200000,19777.13000000,19799.60000000,19744.20000000,19757.27000000,5356.21454000,60,60,False
1662289200000,1662292800000,19756.28000000,19852.92000000,19707.15000000,19850.79000000,5914.59460000,60,60,False
1662292800000,1662296400000,19849.89000000,19940.00000000,19777.00000000,19874.98000000,9534.51154000,60,60,False
1662296400000,1662300000000,19874.98000000,19886.54000000,19685.15000000,19712.64000000,8184.80139000,60,60,False
1662300000000,1662303600000,19713.60000000,19754.88000000,19650.00000000,19746.71000000,7401.05993000,60,60,False
1662303600000,1662307200000,19747.54000000,19793.32000000,19682.84000000,19789.90000000,5443.21289000,60,60,False
1662307200000,1662310800000,19790.84000000,19917.53000000,19722.00000000,19890.41000000,8428.52217000,60,60,False
1662310800000,1662314400000,19890.41000000,19956.54000000,19829.22000000,19838.47000000,7347.45801000,60,60,False
1662314400000,1662318000000,19838.47000000,19884.34000000,19800.00000000,19847.00000000,5381.46008000,60,60,False
1662318000000,1662321600000,19847.69000000,19922.01000000,19821.21000000,19882.69000000,4674.12147000,60,60,False
1662321600000,1662325200000,19883.18000000,19932.38000000,19863.97000000,19901.81000000,4092.41042000,60,60,False
1662325200000,1662328800000,19900.84000000,19933.34000000,19830.00000000,19860.66000000,3508.44345000,60,60,False
1662328800000,1662332400000,19860.66000000,19887.70000000,19815.00000000,19833.72000000,7125.36502000,60,60,False
1662332400000,1662336000000,19834.86000000,20029.23000000,19823.73000000,20000.30000000,10777.05116000,60,60,False
1662336000000,1662339600000,20000.30000000,20057.27000000,19878.02000000,19914.13000000,10824.02768000,60,60,False
1662339600000,1662343200000,19914.13000000,19971.22000000,19815.00000000,19839.57000000,9245.25757000,60,60,False
1662343200000,1662346800000,19839.57000000,19867.49000000,19809.56000000,19853.40000000,8017.48555000,60,60,False
1662346800000,1662350400000,19852.73000000,19906.38000000,19813.07000000,19884.91000000,7515.48347000,60,60,False
1662350400000,1662354000000,19884.88000000,19913.09000000,19837.09000000,19886.99000000,7291.69193000,60,60,False
1662354000000,1662357600000,19886.99000000,19888.78000000,19681.22000000,19726.04000000,13386.16721000,60,60,False
1662357600000,1662361200000,19726.04000000,19802.00000000,19703.98000000,19787.20000000,8805.06161000,60,60,False
1662361200000,1662364800000,19786.75000000,19797.42000000,19706.41000000,19750.00000000,8581.21932000,60,60,False
1662364800000,1662368400000,19750.51000000,19792.76000000,19721.78000000,19781.65000000,7396.87913000,60,60,False
1662368400000,1662372000000,19781.65000000,19805.47000000,19729.00000000,19768.59000000,7505.74556000,60,60,False
1662372000000,1662375600000,19768.59000000,19787.68000000,19655.00000000,19691.07000000,10410.46630000,60,60,False
1662375600000,1662379200000,19691.07000000,19723.99000000,19633.83000000,19701.95000000,9974.83620000,60,60,False
1662379200000,1662382800000,19701.95000000,19755.31000000,19667.02000000,19727.37000000,10031.01343000,60,60,False
1662382800000,1662386400000,19726.45000000,19795.88000000,19710.51000000,19744.01000000,9370.69083000,60,60,False
1662386400000,1662390000000,19743.22000000,19880.00000000,19725.65000000,19843.21000000,10278.38284000,60,60,False
1662390000000,1662393600000,19843.81000000,19950.70000000,19832.30000000,19854.59000000,15526.80831000,60,60,False
1662393600000,1662397200000,19854.59000000,19912.40000000,19821.22000000,19845.97000000,10757.66577000,60,60,False
1662397200000,1662400800000,19845.97000000,19858.46000000,19790.78000000,19826.49000000,7421.89084000,60,60,False
1662400800000,1662404400000,19826.49000000,19846.65000000,19670.14000000,19741.39000000,12137.33988000,60,60,False
1662404400000,1662408000000,19741.78000000,19778.00000000,19692.00000000,19708.64000000,7460.33377000,60,60,False
1662408000000,1662411600000,19708.64000000,19794.99000000,19697.10000000,19739.70000000,7636.04202000,60,60,False
1662411600000,1662415200000,19740.62000000,19800.00000000,19700.00000000,19750.01000000,4805.35547000,60,60,False
1662415200000,1662418800000,19750.01000000,19820.77000000,19723.70000000,19804.57000000,8172.84173000,60,60,False
1662418800000,1662422400000,19805.95000000,19870.80000000,19752.88000000,19796.84000000,9990.32415000,60,60,False
1662422400000,1662426000000,19795.34000000,20174.58000000,19776.67000000,20101.01000000,18887.74022000,60,60,False
1662426000000,1662429600000,20100.26000000,20180.00000000,19755.05000000,19771.81000000,19653.50113000,60,60,False
1662429600000,1662433200000,19771.81000000,19828.78000000,19673.44000000,19816.58000000,19355.07434000,60,60,False
1662433200000,1662436800000,19816.36000000,19827.00000000,19701.55000000,19790.01000000,10850.51777000,60,60,False
1662436800000,1662440400000,19790.01000000,19855.49000000,19755.00000000,19761.82000000,9873.41296000,60,60,False
1662440400000,1662444000000,19761.95000000,19842.70000000,19730.74000000,19780.90000000,11391.48241000,60,60,False
1662444000000,1662447600000,19782.10000000,19894.58000000,19763.54000000,19858.23000000,11154.42064000,60,60,False
1662447600000,1662451200000,19858.23000000,19948.14000000,19846.84000000,19905.79000000,12193.82769000,60,60,False
1662451200000,1662454800000,19906.88000000,20027.29000000,19861.40000000,20016.57000000,12504.41357000,60,60,False
1662454800000,1662458400000,20017.81000000,20030.82000000,19877.08000000,19915.05000000,11783.19427000,60,60,False
1662458400000,1662462000000,19915.05000000,20003.64000000,19900.16000000,19914.91000000,9111.03394000,60,60,False
1662462000000,1662465600000,19915.44000000,19962.00000000,19860.66000000,19918.33000000,11088.95527000,60,60,False
1662465600000,1662469200000,19918.33000000,19993.67000000,19846.39000000,19854.93000000,13998.78785000,60,60,False
1662469200000,1662472800000,19852.88000000,19908.73000000,19710.00000000,19781.57000000,17262.90628000,60,60,False
1662472800000,1662476400000,19780.65000000,19864.75000000,19663.70000000,19838.81000000,21170.98111000,60,60,False
1662476400000,1662480000000,19838.81000000,19888.26000000,19772.89000000,19818.37000000,15159.18749000,60,60,False
1662480000000,1662483600000,19818.37000000,19855.00000000,19677.31000000,19747.25000000,14040.25042000,60,60,False
1662483600000,1662487200000,19747.25000000,19756.33000000,18900.00000000,19102.32000000,36618.67851000,60,60,False
1662487200000,1662490800000,19102.30000000,19135.48000000,18945.05000000,18958.66000000,18616.99875000,60,60,False
1662490800000,1662494400000,18958.66000000,19019.61000000,18733.97000000,18824.41000000,18571.29777000,60,60,False
1662494400000,1662498000000,18823.48000000,19011.22000000,18649.51000000,18982.41000000,17755.15199000,60,60,False
1662498000000,1662501600000,18983.59000000,19120.00000000,18922.30000000,18978.60000000,6955.24684000,60,60,False
1662501600000,1662505200000,18978.60000000,19000.00000000,18880.62000000,18909.14000000,8469.17668000,60,60,False
1662505200000,1662508800000,18908.09000000,18920.00000000,18782.13000000,18790.61000000,9848.81928000,60,60,False
1662508800000,1662512400000,18790.61000000,18873.17000000,18656.19000000,18833.11000000,15856.22484000,60,60,False
1662512400000,1662516000000,18833.11000000,18861.22000000,18764.15000000,18787.65000000,10727.61927000,60,60,False
1662516000000,1662519600000,18787.65000000,18828.53000000,18510.77000000,18611.13000000,15366.98897000,60,60,False
1662519600000,1662523200000,18610.75000000,18749.33000000,18608.16000000,18745.85000000,11261.60114000,60,60,False
1662523200000,1662526800000,18745.01000000,18760.60000000,18671.22000000,18721.62000000,9598.91800000,60,60,False
1662526800000,1662530400000,18720.89000000,18799.68000000,18707.23000000,18759.07000000,8967.77585000,60,60,False
1662530400000,1662534000000,18759.31000000,18843.68000000,18726.48000000,18792.95000000,9070.45287000,60,60,False
1662534000000,1662537600000,18793.80000000,18823.97000000,18722.98000000,18800.43000000,10220.87606000,60,60,False
1662537600000,1662541200000,18799.61000000,18859.98000000,18768.00000000,18804.98000000,9204.16043000,60,60,False
1662541200000,1662544800000,18804.99000000,18823.67000000,18764.04000000,18788.19000000,7343.08074000,60,60,False
1662544800000,1662548400000,18788.19000000,18804.35000000,18730.01000000,18748.71000000,8188.96027000,60,60,False
1662548400000,1662552000000,18748.71000000,18782.54000000,18691.22000000,18739.59000000,9886.09963000,60,60,False
1662552000000,1662555600000,18739.78000000,18786.47000000,18674.33000000,18779.90000000,10656.08588000,60,60,False
1662555600000,1662559200000,18779.90000000,18931.80000000,18773.39000000,18840.36000000,18942.42079000,60,60,False
1662559200000,1662562800000,18840.93000000,18968.58000000,18814.22000000,18905.71000000,14846.05438000,60,60,False
1662562800000,1662566400000,18905.71000000,18936.17000000,18849.67000000,18871.35000000,11228.50534000,60,60,False
1662566400000,1662570000000,18870.60000000,18981.22000000,18850.42000000,18916.41000000,13195.70226000,60,60,False
1662570000000,1662573600000,18916.41000000,19031.88000000,18906.00000000,18998.95000000,12093.76272000,60,60,False
1662573600000,1662577200000,18998.95000000,19188.50000000,18960.00000000,19074.73000000,16534.64511000,60,60,False
1662577200000,1662580800000,19074.73000000,19200.00000000,18990.01000000,18992.38000000,14080.69585000,60,60,False
1662580800000,1662584400000,18992.37000000,19454.05000000,18987.89000000,19387.62000000,22878.34990000,60,60,False
1662584400000,1662588000000,19387.62000000,19464.06000000,19273.46000000,19364.28000000,9577.33864000,60,60,False
1662588000000,1662591600000,19364.28000000,19427.00000000,19314.05000000,19337.21000000,9982.01993000,60,60,False
1662591600000,1662595200000,19337.20000000,19353.08000000,19246.24000000,19292.84000000,7686.43993000,60,60,False
1662595200000,1662598800000,19292.85000000,19384.81000000,19230.96000000,19304.51000000,9421.38680000,60,60,False
1662598800000,1662602400000,19304.51000000,19330.02000000,19151.48000000,19183.59000000,8638.09015000,60,60,False
1662602400000,1662606000000,19183.18000000,19257.53000000,19182.35000000,19238.62000000,6918.06016000,60,60,False
1662606000000,1662609600000,19238.62000000,19260.00000000,19191.23000000,19218.40000000,6921.56070000,60,60,False
1662609600000,1662613200000,19218.40000000,19391.22000000,19211.16000000,19352.29000000,10159.21982000,60,60,False
1662613200000,1662616800000,19351.56000000,19366.96000000,19285.09000000,19302.79000000,7029.05661000,60,60,False
1662616800000,1662620400000,19302.60000000,19351.64000000,19224.00000000,19234.31000000,8804.88316000,60,60,False
1662620400000,1662624000000,19234.94000000,19267.35000000,19056.00000000,19171.66000000,17613.60172000,60,60,False
1662624000000,1662627600000,19171.60000000,19233.07000000,19144.29000000,19227.74000000,9485.10041000,60,60,False
1662627600000,1662631200000,19226.90000000,19240.38000000,19142.29000000,19185.04000000,8605.41490000,60,60,False
1662631200000,1662634800000,19185.77000000,19350.99000000,19172.63000000,19307.68000000,11371.83701000,60,60,False
1662634800000,1662638400000,19307.68000000,19397.71000000,19279.08000000,19311.15000000,8983.03667000,60,60,False
1662638400000,1662642000000,19311.60000000,19378.19000000,19099.91000000,19143.12000000,17276.27335000,60,60,False
1662642000000,1662645600000,19143.12000000,19358.94000000,19012.00000000,19227.67000000,23631.72004000,60,60,False
1662645600000,1662649200000,19227.67000000,19320.44000000,19093.60000000,19315.83000000,19413.37003000,60,60,False
1662649200000,1662652800000,19314.44000000,19349.46000000,19226.02000000,19250.81000000,13058.16418000,60,60,False
1662652800000,1662656400000,19250.81000000,19263.16000000,19093.13000000,19189.80000000,14205.33226000,60,60,False
1662656400000,1662660000000,19189.78000000,19246.26000000,19118.46000000,19199.28000000,12777.60690000,60,60,False
1662660000000,1662663600000,19198.57000000,19246.68000000,19168.00000000,19201.24000000,9962.24108000,60,60,False
1662663600000,1662667200000,19200.43000000,19354.04000000,19181.30000000,19352.38000000,9722.83423000,60,60,False
1662667200000,1662670800000,19352.38000000,19458.25000000,19328.20000000,19376.49000000,10821.03865000,60,60,False
1662670800000,1662674400000,19376.49000000,19383.37000000,19283.57000000,19331.89000000,4151.25745000,60,60,False
1662674400000,1662678000000,19331.89000000,19333.20000000,19251.90000000,19306.12000000,7295.27205000,60,60,False
1662678000000,1662681600000,19305.46000000,19342.29000000,19281.00000000,19319.77000000,6546.92440000,60,60,False
1662681600000,1662685200000,19320.54000000,19399.81000000,19291.75000000,19367.99000000,8654.49193000,60,60,False
1662685200000,1662688800000,19367.37000000,19392.81000000,19327.05000000,19334.01000000,6998.50358000,60,60,False
1662688800000,1662692400000,19334.86000000,19451.89000000,19331.53000000,19398.31000000,8927.52944000,60,60,False
1662692400000,1662696000000,19398.31000000,19956.12000000,19390.06000000,19950.73000000,20866.84860000,60,60,False
1662696000000,1662699600000,19949.59000000,20454.58000000,19928.47000000,20361.17000000,27567.46597000,60,60,False
1662699600000,1662703200000,20361.16000000,20688.00000000,20341.32000000,20534.00000000,22742.07192000,60,60,False
1662703200000,1662706800000,20533.97000000,20800.00000000,20470.78000000,20693.48000000,17902.52565000,60,60,False
1662706800000,1662710400000,20693.13000000,20763.99000000,20586.66000000,20631.76000000,16472.09927000,60,60,False
1662710400000,1662714000000,20631.76000000,20976.20000000,20625.26000000,20779.91000000,18669.15990000,60,60,False
1662714000000,1662717600000,20779.91000000,20792.71000000,20631.60000000,20747.46000000,15072.94265000,60,60,False
1662717600000,1662721200000,20747.46000000,21200.00000000,20715.00000000,21074.56000000,25861.30913000,60,60,False
1662721200000,1662724800000,21074.89000000,21090.83000000,20879.10000000,20937.72000000,18363.03383000,60,60,False
1662724800000,1662728400000,20937.72000000,21261.22000000,20918.44000000,21074.36000000,23141.72086000,60,60,False
1662728400000,1662732000000,21075.04000000,21096.30000000,20912.37000000,21004.97000000,21728.52383000,60,60,False
1662732000000,1662735600000,21003.75000000,21124.40000000,20964.42000000,21100.12000000,20358.07517000,60,60,False
1662735600000,1662739200000,21100.69000000,21337.72000000,21057.02000000,21266.79000000,24648.22974000,60,60,False
1662739200000,1662742800000,21266.76000000,21403.05000000,21143.53000000,21295.52000000,26768.93854000,60,60,False
1662742800000,1662746400000,21297.42000000,21437.90000000,21171.22000000,21246.72000000,21161.98848000,60,60,False
1662746400000,1662750000000,21245.55000000,21254.29000000,21129.00000000,21168.86000000,16647.30412000,60,60,False
1662750000000,1662753600000,21168.86000000,21314.02000000,21152.96000000,21291.62000000,15029.52419000,60,60,False
1662753600000,1662757200000,21291.62000000,21340.00000000,21205.81000000,21294.50000000,9878.99999000,60,60,False
1662757200000,1662760800000,21293.71000000,21334.42000000,21186.07000000,21250.38000000,6168.09540000,60,60,False
1662760800000,1662764400000,21250.38000000,21399.99000000,21225.20000000,21347.09000000,12784.08572000,60,60,False
1662764400000,1662768000000,21346.47000000,21597.22000000,21247.74000000,21360.11000000,22506.27861000,60,60,False
1662768000000,1662771600000,21361.62000000,21391.65000000,21163.25000000,21258.74000000,18546.09215000,60,60,False
1662771600000,1662775200000,21258.39000000,21346.20000000,21251.22000000,21289.63000000,9901.43136000,60,60,False
1662775200000,1662778800000,21289.63000000,21316.25000000,21195.08000000,21301.74000000,9371.31613000,60,60,False
1662778800000,1662782400000,21302.94000000,21376.49000000,21279.31000000,21303.07000000,8426.91104000,60,60,False
1662782400000,1662786000000,21301.88000000,21456.13000000,21292.30000000,21453.23000000,12277.50762000,60,60,False
1662786000000,1662789600000,21453.94000000,21672.24000000,21417.88000000,21543.98000000,19805.56587000,60,60,False
1662789600000,1662793200000,21544.66000000,21585.00000000,21462.39000000,21525.26000000,12200.30177000,60,60,False
1662793200000,1662796800000,21525.26000000,21560.93000000,21251.59000000,21283.87000000,15119.02470000,60,60,False
1662796800000,1662800400000,21283.89000000,21385.23000000,21278.54000000,21327.82000000,12273.03351000,60,60,False
1662800400000,1662804000000,21327.82000000,21393.99000000,21300.01000000,21321.97000000,9408.49911000,60,60,False
1662804000000,1662807600000,21322.50000000,21386.94000000,21253.50000000,21340.75000000,11598.50410000,60,60,False
1662807600000,1662811200000,21341.17000000,21375.60000000,21282.02000000,21285.11000000,9331.22774000,60,60,False
1662811200000,1662814800000,21285.11000000,21363.01000000,21169.25000000,21309.23000000,15873.83320000,60,60,False
1662814800000,1662818400000,21308.63000000,21313.15000000,21132.00000000,21174.38000000,12863.46587000,60,60,False
1662818400000,1662822000000,21172.82000000,21283.23000000,21111.13000000,21242.48000000,12413.59896000,60,60,False
1662822000000,1662825600000,21242.48000000,21296.10000000,21190.09000000,21219.36000000,11468.68974000,60,60,False
1662825600000,1662829200000,21220.18000000,21446.97000000,21171.44000000,21407.08000000,16491.44534000,60,60,False
1662829200000,1662832800000,21408.24000000,21423.80000000,21280.06000000,21287.12000000,10735.44534000,60,60,False
1662832800000,1662836400000,21287.84000000,21487.99000000,21281.10000000,21447.62000000,13029.20702000,60,60,False
1662836400000,1662840000000,21446.86000000,21646.00000000,21433.40000000,21579.10000000,13883.40578000,60,60,False
1662840000000,1662843600000,21579.10000000,21598.95000000,21361.64000000,21423.53000000,12546.24781000,60,60,False
1662843600000,1662847200000,21423.53000000,21796.18000000,21420.36000000,21606.07000000,11016.02678000,60,60,False
1662847200000,1662850800000,21606.07000000,21810.80000000,21580.00000000,21758.00000000,17082.44701000,60,60,False
1662850800000,1662854400000,21757.98000000,21792.63000000,21641.02000000,21648.34000000,12334.10709000,60,60,False
1662854400000,1662858000000,21647.21000000,21682.60000000,21537.58000000,21548.91000000,10049.83834000,60,60,False
1662858000000,1662861600000,21548.91000000,21671.32000000,21530.11000000,21610.85000000,10448.95624000,60,60,False
1662861600000,1662865200000,21610.15000000,21625.64000000,21450.01000000,21507.10000000,9854.97204000,60,60,False
1662865200000,1662868800000,21505.86000000,21565.11000000,21504.44000000,21542.42000000,7502.01819000,60,60,False
1662868800000,1662872400000,21542.42000000,21643.61000000,21537.18000000,21556.42000000,8822.66499000,60,60,False
1662872400000,1662876000000,21555.12000000,21617.53000000,21524.20000000,21590.30000000,8402.73532000,60,60,False
1662876000000,1662879600000,21590.30000000,21634.40000000,21350.00000000,21442.22000000,14291.14932000,60,60,False
1662879600000,1662883200000,21442.22000000,21620.95000000,21428.56000000,21611.49000000,11704.38756000,60,60,False
1662883200000,1662886800000,21610.82000000,21726.60000000,21557.38000000,21670.68000000,12618.30349000,60,60,False
1662886800000,1662890400000,21670.68000000,21698.35000000,21584.22000000,21604.00000000,9945.23222000,60,60,False
1662890400000,1662894000000,21604.14000000,21676.52000000,21571.43000000,21593.97000000,8961.43819000,60,60,False
1662894000000,1662897600000,21594.82000000,21698.36000000,21593.20000000,21613.03000000,11192.09236000,60,60,False
1662897600000,1662901200000,21613.03000000,21653.15000000,21500.00000000,21615.47000000,13756.46709000,60,60,False
1662901200000,1662904800000,21616.74000000,21627.32000000,21506.30000000,21542.93000000,11333.41072000,60,60,False
1662904800000,1662908400000,21542.93000000,21568.18000000,21455.00000000,21511.69000000,11872.53723000,60,60,False
1662908400000,1662912000000,21511.69000000,21753.75000000,21496.37000000,21643.16000000,16507.10279000,60,60,False
1662912000000,1662915600000,21642.07000000,21723.63000000,21591.79000000,21679.07000000,12322.90889000,60,60,False
1662915600000,1662919200000,21679.07000000,21860.00000000,21600.00000000,21628.35000000,16062.38028000,60,60,False
1662919200000,1662922800000,21628.35000000,21682.52000000,21530.00000000,21548.83000000,12359.72722000,60,60,False
1662922800000,1662926400000,21549.78000000,21629.55000000,21540.35000000,21617.99000000,9050.27545000,60,60,False
1662926400000,1662930000000,21617.99000000,21680.70000000,21456.67000000,21635.72000000,16364.93994000,60,60,False
1662930000000,1662933600000,21634.98000000,21736.49000000,21463.00000000,21511.51000000,10315.91105000,60,60,False
1662933600000,1662937200000,21511.51000000,21684.36000000,21509.97000000,21635.88000000,14271.15470000,60,60,False
1662937200000,1662940800000,21635.88000000,21850.00000000,21576.65000000,21826.87000000,12691.94787000,60,60,False
1662940800000,1662944400000,21826.87000000,21855.51000000,21632.89000000,21637.99000000,14759.33137000,60,60,False
1662944400000,1662948000000,21638.38000000,22374.00000000,21569.10000000,22044.29000000,26039.43365000,60,60,False
1662948000000,1662951600000,22044.75000000,22101.47000000,21659.26000000,21768.53000000,25541.64916000,60,60,False
1662951600000,1662955200000,21769.77000000,21833.61000000,21538.51000000,21656.87000000,19347.97010000,60,60,False
1662955200000,1662958800000,21656.43000000,21749.00000000,21627.34000000,21715.19000000,12078.71807000,60,60,False
1662958800000,1662962400000,21714.49000000,21793.13000000,21671.23000000,21785.59000000,12506.23481000,60,60,False
1662962400000,1662966000000,21785.59000000,21847.82000000,21699.20000000,21818.89000000,13505.53762000,60,60,False
1662966000000,1662969600000,21817.99000000,22232.09000000,21802.00000000,22193.64000000,25815.47700000,60,60,False
1662969600000,1662973200000,22195.78000000,22328.90000000,22111.52000000,22228.44000000,22996.53055000,60,60,False
1662973200000,1662976800000,22227.66000000,22258.91000000,22122.30000000,22167.34000000,15921.62201000,60,60,False
1662976800000,1662980400000,22167.34000000,22222.08000000,21970.43000000,22154.46000000,16864.98566000,60,60,False
1662980400000,1662984000000,22154.46000000,22472.68000000,22102.61000000,22312.75000000,21748.21608000,60,60,False
1662984000000,1662987600000,22313.57000000,22424.69000000,22202.21000000,22355.25000000,18180.95669000,60,60,False
1662987600000,1662991200000,22355.25000000,22467.35000000,22277.24000000,22394.96000000,17729.53910000,60,60,False
1662991200000,1662994800000,22394.96000000,22488.00000000,22293.88000000,22316.39000000,16655.20439000,60,60,False
1662994800000,1662998400000,22316.40000000,22347.00000000,22000.00000000,22114.50000000,18209.48069000,60,60,False
1662998400000,1663002000000,22112.59000000,22273.59000000,22010.96000000,22217.41000000,16320.47272000,60,60,False
1663002000000,1663005600000,22218.23000000,22385.70000000,22137.43000000,22355.80000000,14466.63758000,60,60,False
1663005600000,1663009200000,22355.80000000,22415.00000000,22270.00000000,22398.91000000,14180.08909000,60,60,False
1663009200000,1663012800000,22397.23000000,22454.00000000,22356.77000000,22426.08000000,12385.70363000,60,60,False
1663012800000,1663016400000,22428.25000000,22480.71000000,22363.11000000,22402.97000000,11242.35144000,60,60,False
1663016400000,1663020000000,22402.97000000,22429.00000000,22252.37000000,22337.28000000,8250.67838000,60,60,False
1663020000000,1663023600000,22337.28000000,22405.29000000,22259.44000000,22323.50000000,10963.92393000,60,60,False
1663023600000,1663027200000,22323.50000000,22404.00000000,22311.13000000,22395.74000000,9684.87456000,60,60,False
1663027200000,1663030800000,22395.44000000,22445.86000000,22106.66000000,22213.49000000,16484.36275000,60,60,False
1663030800000,1663034400000,22213.49000000,22289.89000000,22151.63000000,22237.35000000,12672.27484000,60,60,False
1663034400000,1663038000000,22236.79000000,22280.00000000,22054.07000000,22255.89000000,14552.62775000,60,60,False
1663038000000,1663041600000,22255.86000000,22284.80000000,22156.98000000,22231.58000000,10758.39928000,60,60,False
1663041600000,1663045200000,22232.72000000,22367.82000000,22178.57000000,22285.56000000,10764.16219000,60,60,False
1663045200000,1663048800000,22285.00000000,22434.77000000,22264.97000000,22385.33000000,13169.03854000,60,60,False
1663048800000,1663052400000,22384.52000000,22627.00000000,22247.51000000,22317.85000000,18473.02033000,60,60,False
1663052400000,1663056000000,22318.06000000,22441.06000000,22257.58000000,22273.09000000,20317.15067000,60,60,False
1663056000000,1663059600000,22271.59000000,22310.00000000,22182.09000000,22230.41000000,14323.10701000,60,60,False
1663059600000,1663063200000,22230.48000000,22433.92000000,22227.05000000,22381.47000000,15723.12056000,60,60,False
1663063200000,1663066800000,22382.38000000,22596.00000000,22347.82000000,22531.18000000,15005.77133000,60,60,False
1663066800000,1663070400000,22531.96000000,22713.92000000,22482.00000000,22522.74000000,20330.90707000,60,60,False
1663070400000,1663074000000,22522.74000000,22799.00000000,21342.00000000,21398.32000000,43966.86446000,60,60,False
1663074000000,1663077600000,21398.32000000,21520.00000000,21171.22000000,21193.61000000,31232.82803000,60,60,False
1663077600000,1663081200000,21196.25000000,21263.27000000,20850.76000000,21010.72000000,29149.42312000,60,60,False
1663081200000,1663084800000,21009.74000000,21069.30000000,20751.00000000,20829.77000000,22904.39128000,60,60,False
1663084800000,1663088400000,20829.77000000,20905.90000000,20678.07000000,20766.79000000,20307.33549000,60,60,False
1663088400000,1663092000000,20766.79000000,20927.73000000,20723.37000000,20764.12000000,15811.75402000,60,60,False
1663092000000,1663095600000,20763.31000000,20790.41000000,20230.78000000,20246.35000000,20731.66373000,60,60,False
1663095600000,1663099200000,20248.52000000,20346.00000000,20030.00000000,20283.58000000,19949.15336000,60,60,False
1663099200000,1663102800000,20284.89000000,20421.15000000,20224.10000000,20233.14000000,11263.72471000,60,60,False
1663102800000,1663106400000,20233.14000000,20281.00000000,19860.00000000,20131.58000000,12954.19030000,60,60,False
1663106400000,1663110000000,20131.58000000,20265.00000000,20068.85000000,20224.16000000,12591.56219000,60,60,False
1663110000000,1663113600000,20224.16000000,20245.00000000,20098.87000000,20173.57000000,8478.20032000,60,60,False
1663113600000,1663117200000,20173.62000000,20220.38000000,20042.15000000,20198.49000000,13176.18185000,60,60,False
1663117200000,1663120800000,20198.49000000,20318.51000000,20182.36000000,20301.29000000,12836.82248000,60,60,False
1663120800000,1663124400000,20301.29000000,20541.48000000,20287.65000000,20444.29000000,14589.70824000,60,60,False
1663124400000,1663128000000,20444.29000000,20465.00000000,20300.11000000,20323.04000000,11762.31328000,60,60,False
1663128000000,1663131600000,20323.04000000,20405.77000000,20282.09000000,20390.10000000,10126.54677000,60,60,False
1663131600000,1663135200000,20390.10000000,20392.30000000,20297.57000000,20315.56000000,7967.91090000,60,60,False
1663135200000,1663138800000,20314.81000000,20329.68000000,20218.15000000,20239.64000000,11707.64081000,60,60,False
1663138800000,1663142400000,20239.64000000,20329.53000000,20130.98000000,20243.89000000,12959.33484000,60,60,False
1663142400000,1663146000000,20243.22000000,20419.83000000,20190.24000000,20384.88000000,15738.23668000,60,60,False
1663146000000,1663149600000,20383.97000000,20405.00000000,20311.93000000,20347.79000000,11044.67154000,60,60,False
1663149600000,1663153200000,20347.79000000,20388.15000000,20310.06000000,20340.78000000,9752.54180000,60,60,False
1663153200000,1663156800000,20340.00000000,20362.08000000,20091.19000000,20225.35000000,15010.20751000,60,60,False
1663156800000,1663160400000,20224.74000000,20347.91000000,20070.00000000,20309.11000000,23491.94453000,60,60,False
1663160400000,1663164000000,20309.08000000,20389.99000000,20182.44000000,20310.64000000,21260.29961000,60,60,False
1663164000000,1663167600000,20310.64000000,20316.76000000,20104.02000000,20293.60000000,21472.69767000,60,60,False
1663167600000,1663171200000,20292.56000000,20332.09000000,20150.00000000,20178.79000000,15945.50966000,60,60,False
1663171200000,1663174800000,20178.16000000,20219.41000000,20108.58000000,20142.01000000,15114.49048000,60,60,False
1663174800000,1663178400000,20142.01000000,20238.71000000,20093.23000000,20105.17000000,12402.13835000,60,60,False
1663178400000,1663182000000,20104.16000000,20132.93000000,19617.62000000,19777.83000000,26754.60983000,60,60,False
1663182000000,1663185600000,19777.83000000,20002.59000000,19712.84000000,19952.11000000,17158.66278000,60,60,False
1663185600000,1663189200000,19951.83000000,19990.86000000,19892.85000000,19946.22000000,9336.14020000,60,60,False
1663189200000,1663192800000,19945.04000000,20229.15000000,19851.21000000,20201.81000000,9279.58394000,60,60,False
1663192800000,1663196400000,20202.83000000,20393.37000000,20133.46000000,20296.11000000,13572.67200000,60,60,False
1663196400000,1663200000000,20296.22000000,20313.15000000,20188.36000000,20226.71000000,8365.53576000,60,60,False
1663200000000,1663203600000,20227.17000000,20270.61000000,20140.50000000,20157.77000000,11767.68243000,60,60,False
1663203600000,1663207200000,20158.42000000,20199.00000000,19955.50000000,20194.61000000,12889.52135000,60,60,False
1663207200000,1663210800000,20194.61000000,20197.23000000,20015.81000000,20098.45000000,9632.59859000,60,60,False
1663210800000,1663214400000,20098.45000000,20107.99000000,19920.00000000,20023.59000000,14804.45755000,60,60,False
1663214400000,1663218000000,20023.59000000,20092.66000000,19955.43000000,20025.33000000,12367.63674000,60,60,False
1663218000000,1663221600000,20025.91000000,20195.00000000,20002.00000000,20145.89000000,11184.44909000,60,60,False
1663221600000,1663225200000,20145.82000000,20313.59000000,19980.00000000,20100.14000000,25071.88624000,60,60,False
1663225200000,1663228800000,20098.77000000,20330.24000000,20063.20000000,20204.23000000,19578.12810000,60,60,False
1663228800000,1663232400000,20204.23000000,20225.00000000,20025.00000000,20149.31000000,15423.71112000,60,60,False
1663232400000,1663236000000,20149.31000000,20199.75000000,20052.60000000,20132.40000000,11743.18989000,60,60,False
1663236000000,1663239600000,20133.01000000,20209.97000000,20102.80000000,20155.71000000,10188.51724000,60,60,False
1663239600000,1663243200000,20154.89000000,20200.00000000,20085.97000000,20148.35000000,10585.32411000,60,60,False
1663243200000,1663246800000,20149.59000000,20194.12000000,20060.00000000,20126.84000000,13811.11915000,60,60,False
1663246800000,1663250400000,20125.65000000,20148.86000000,19985.30000000,20119.47000000,16116.25536000,60,60,False
1663250400000,1663254000000,20119.47000000,20175.40000000,19643.01000000,19703.51000000,25140.24771000,60,60,False
1663254000000,1663257600000,19706.02000000,19848.00000000,19497.00000000,19737.36000000,26385.38616000,60,60,False
1663257600000,1663261200000,19737.36000000,19873.79000000,19644.10000000,19864.16000000,15480.29209000,60,60,False
1663261200000,1663264800000,19864.74000000,19947.56000000,19790.03000000,19829.86000000,12910.01006000,60,60,False
1663264800000,1663268400000,19829.86000000,19880.00000000,19726.53000000,19762.28000000,10154.52406000,60,60,False
1663268400000,1663272000000,19762.28000000,19844.00000000,19670.00000000,19782.36000000,12079.08239000,60,60,False
1663272000000,1663275600000,19780.71000000,19855.42000000,19755.80000000,19850.32000000,7471.16481000,60,60,False
1663275600000,1663279200000,19849.10000000,19894.99000000,19784.27000000,19828.85000000,5002.39818000,60,60,False
1663279200000,1663282800000,19829.55000000,19830.68000000,19578.00000000,19729.11000000,12912.26652000,60,60,False
1663282800000,1663286400000,19729.11000000,19758.95000000,19634.70000000,19701.88000000,10369.91182000,60,60,False
1663286400000,1663290000000,19701.88000000,19788.74000000,19582.05000000,19786.41000000,14350.93747000,60,60,False
1663290000000,1663293600000,19787.46000000,19814.99000000,19705.71000000,19729.12000000,8742.02709000,60,60,False
1663293600000,1663297200000,19730.10000000,19769.19000000,19675.79000000,19749.50000000,9397.24449000,60,60,False
1663297200000,1663300800000,19749.49000000,19779.99000000,19690.00000000,19744.77000000,7204.24908000,60,60,False
1663300800000,1663304400000,19744.77000000,19859.99000000,19740.18000000,19824.95000000,9050.94367000,60,60,False
1663304400000,1663308000000,19824.95000000,19842.10000000,19741.02000000,19752.75000000,7548.91123000,60,60,False
1663308000000,1663311600000,19752.75000000,19806.89000000,19730.01000000,19764.18000000,7930.23988000,60,60,False
1663311600000,1663315200000,19764.18000000,19799.27000000,19728.00000000,19739.10000000,8273.94250000,60,60,False
1663315200000,1663318800000,19739.10000000,19759.27000000,19610.13000000,19684.61000000,13220.76139000,60,60,False
1663318800000,1663322400000,19684.61000000,19790.99000000,19681.38000000,19757.54000000,9759.85783000,60,60,False
1663322400000,1663326000000,19757.54000000,19844.41000000,19740.30000000,19795.79000000,9230.40885000,60,60,False
1663326000000,1663329600000,19795.01000000,19890.00000000,19774.55000000,19867.82000000,10649.03929000,60,60,False
1663329600000,1663333200000,19868.75000000,19875.61000000,19674.69000000,19689.85000000,12376.22223000,60,60,False
1663333200000,1663336800000,19689.39000000,19776.62000000,19442.76000000,19526.78000000,18800.84959000,60,60,False
1663336800000,1663340400000,19527.24000000,19800.00000000,19497.64000000,19661.82000000,22360.21389000,60,60,False
1663340400000,1663344000000,19661.82000000,19745.03000000,19571.00000000,19661.24000000,16084.95873000,60,60,False
1663344000000,1663347600000,19661.24000000,19661.89000000,19460.31000000,19535.54000000,15657.50533000,60,60,False
1663347600000,1663351200000,19535.54000000,19556.44000000,19320.01000000,19441.99000000,22387.46219000,60,60,False
1663351200000,1663354800000,19441.00000000,19582.26000000,19378.68000000,19557.54000000,17142.48797000,60,60,False
1663354800000,1663358400000,19557.54000000,19650.00000000,19550.00000000,19618.91000000,14804.30669000,60,60,False
1663358400000,1663362000000,19617.34000000,19758.05000000,19612.42000000,19756.29000000,9317.04631000,60,60,False
1663362000000,1663365600000,19756.29000000,19819.22000000,19712.01000000,19746.03000000,4949.08899000,60,60,False
1663365600000,1663369200000,19746.03000000,19775.58000000,19698.01000000,19728.84000000,7702.25331000,60,60,False
1663369200000,1663372800000,19729.88000000,19808.20000000,19693.05000000,19803.30000000,6850.11264000,60,60,False
1663372800000,1663376400000,19803.30000000,20071.09000000,19770.00000000,19948.03000000,12494.33356000,60,60,False
1663376400000,1663380000000,19949.72000000,20059.00000000,19945.52000000,20000.39000000,9250.70604000,60,60,False
1663380000000,1663383600000,20001.05000000,20016.16000000,19866.29000000,19909.33000000,7441.17002000,60,60,False
1663383600000,1663387200000,19910.07000000,19926.01000000,19875.27000000,19884.93000000,4997.87743000,60,60,False
1663387200000,1663390800000,19884.50000000,19988.89000000,19876.42000000,19936.55000000,6066.88673000,60,60,False
1663390800000,1663394400000,19935.29000000,19937.52000000,19819.00000000,19860.26000000,7755.87751000,60,60,False
1663394400000,1663398000000,19860.26000000,19879.00000000,19785.49000000,19839.70000000,6228.61897000,60,60,False
1663398000000,1663401600000,19840.72000000,19863.45000000,19795.55000000,19842.09000000,6502.46975000,60,60,False
1663401600000,1663405200000,19842.22000000,19894.70000000,19841.64000000,19877.69000000,6377.84024000,60,60,False
1663405200000,1663408800000,19877.69000000,19916.61000000,19860.57000000,19876.42000000,6198.27728000,60,60,False
1663408800000,1663412400000,19875.59000000,19902.86000000,19811.58000000,19863.67000000,8114.45310000,60,60,False
1663412400000,1663416000000,19864.44000000,19873.17000000,19806.64000000,19810.22000000,6699.03346000,60,60,False
1663416000000,1663419600000,19810.22000000,19876.69000000,19748.08000000,19858.42000000,8920.97043000,60,60,False
1663419600000,1663423200000,19858.42000000,19907.99000000,19844.06000000,19899.30000000,6232.15414000,60,60,False
1663423200000,1663426800000,19899.30000000,19957.46000000,19872.33000000,19922.89000000,8402.77467000,60,60,False
1663426800000,1663430400000,19922.89000000,20037.99000000,19879.17000000,19963.34000000,7891.26018000,60,60,False
1663430400000,1663434000000,19963.34000000,20189.00000000,19935.08000000,20126.95000000,15801.25910000,60,60,False
1663434000000,1663437600000,20126.95000000,20182.73000000,20040.15000000,20079.74000000,8550.18345000,60,60,False
1663437600000,1663441200000,20080.78000000,20101.94000000,20021.52000000,20068.08000000,5897.23789000,60,60,False
1663441200000,1663444800000,20068.07000000,20077.37000000,19979.43000000,20009.21000000,6403.36630000,60,60,False
1663444800000,1663448400000,20009.27000000,20088.71000000,19982.90000000,20077.99000000,5303.84408000,60,60,False
1663448400000,1663452000000,20077.99000000,20092.64000000,19940.00000000,20034.83000000,4600.43710000,60,60,False
1663452000000,1663455600000,20034.83000000,20139.33000000,20022.20000000,20126.21000000,6713.16957000,60,60,False
1663455600000,1663459200000,20126.21000000,20145.76000000,20091.20000000,20113.62000000,6506.04238000,60,60,False
1663459200000,1663462800000,20112.61000000,20117.26000000,19949.95000000,19982.96000000,9901.50950000,60,60,False
1663462800000,1663466400000,19984.06000000,20055.87000000,19971.75000000,19996.25000000,7060.06750000,60,60,False
1663466400000,1663470000000,19997.30000000,20047.31000000,19995.00000000,20032.41000000,5123.25892000,60,60,False
1663470000000,1663473600000,20032.92000000,20038.65000000,19951.00000000,20000.33000000,6559.30453000,60,60,False
1663473600000,1663477200000,20000.33000000,20033.37000000,19953.58000000,20010.57000000,5760.80635000,60,60,False
1663477200000,1663480800000,20010.57000000,20085.14000000,19995.96000000,20071.80000000,4748.91706000,60,60,False
1663480800000,1663484400000,20071.80000000,20098.00000000,20029.88000000,20038.55000000,5746.91721000,60,60,False
1663484400000,1663488000000,20039.62000000,20089.73000000,20034.06000000,20053.17000000,6562.76015000,60,60,False
1663488000000,1663491600000,20052.57000000,20102.16000000,20022.13000000,20053.75000000,6343.77209000,60,60,False
1663491600000,1663495200000,20054.11000000,20076.30000000,19800.00000000,19833.34000000,12459.62937000,60,60,False
1663495200000,1663498800000,19833.95000000,20043.61000000,19765.01000000,19916.48000000,16977.82838000,60,60,False
1663498800000,1663502400000,19915.39000000,19950.46000000,19878.33000000,19922.92000000,8024.29781000,60,60,False
1663502400000,1663506000000,19922.29000000,20029.81000000,19850.91000000,19989.29000000,10979.02635000,60,60,False
1663506000000,1663509600000,19988.92000000,20015.00000000,19938.77000000,19963.04000000,8362.72068000,60,60,False
1663509600000,1663513200000,19963.66000000,19967.08000000,19725.00000000,19810.95000000,14442.40212000,60,60,False
1663513200000,1663516800000,19810.95000000,19877.18000000,19772.92000000,19814.63000000,12102.57950000,60,60,False
1663516800000,1663520400000,19814.63000000,19879.44000000,19640.25000000,19746.54000000,19629.76214000,60,60,False
1663520400000,1663524000000,19744.94000000,19762.90000000,19607.26000000,19632.42000000,14246.52924000,60,60,False
1663524000000,1663527600000,19632.33000000,19719.85000000,19562.45000000,19635.80000000,13095.30902000,60,60,False
1663527600000,1663531200000,19635.80000000,19745.43000000,19600.00000000,19725.87000000,11844.55397000,60,60,False
1663531200000,1663534800000,19725.58000000,19753.95000000,19668.04000000,19722.36000000,9944.47720000,60,60,False
1663534800000,1663538400000,19722.36000000,19724.14000000,19401.09000000,19463.67000000,18310.38255000,60,60,False
1663538400000,1663542000000,19463.67000000,19482.38000000,19335.62000000,19446.88000000,14613.98729000,60,60,False
1663542000000,1663545600000,19446.88000000,19531.71000000,19376.96000000,19416.18000000,11376.67011000,60,60,False
1663545600000,1663549200000,19417.45000000,19518.17000000,19389.72000000,19458.20000000,9285.13628000,60,60,False
1663549200000,1663552800000,19458.62000000,19499.95000000,19395.18000000,19447.69000000,8209.97325000,60,60,False
1663552800000,1663556400000,19447.92000000,19479.21000000,18670.00000000,18765.15000000,24568.45353000,60,60,False
1663556400000,1663560000000,18766.39000000,18834.06000000,18700.00000000,18776.93000000,15710.21871000,60,60,False
1663560000000,1663563600000,18775.89000000,18879.08000000,18767.10000000,18813.88000000,12974.39993000,60,60,False
1663563600000,1663567200000,18813.88000000,18831.31000000,18386.00000000,18459.71000000,14687.27313000,60,60,False
1663567200000,1663570800000,18459.10000000,18579.63000000,18232.56000000,18475.08000000,20351.34046000,60,60,False
1663570800000,1663574400000,18475.07000000,18509.51000000,18391.46000000,18468.74000000,20516.72660000,60,60,False
1663574400000,1663578000000,18468.74000000,18524.06000000,18408.10000000,18416.63000000,12920.37558000,60,60,False
1663578000000,1663581600000,18415.69000000,18473.77000000,18367.88000000,18463.09000000,14621.49953000,60,60,False
1663581600000,1663585200000,18462.12000000,18786.90000000,18438.05000000,18777.36000000,20676.65591000,60,60,False
1663585200000,1663588800000,18777.71000000,18800.00000000,18617.02000000,18684.87000000,17627.33125000,60,60,False
1663588800000,1663592400000,18685.77000000,18865.30000000,18676.47000000,18818.93000000,15820.32939000,60,60,False
1663592400000,1663596000000,18818.93000000,19180.00000000,18739.49000000,19107.19000000,20931.40039000,60,60,False
1663596000000,1663599600000,19107.19000000,19433.48000000,19017.56000000,19303.37000000,26679.53771000,60,60,False
1663599600000,1663603200000,19303.37000000,19346.59000000,19051.00000000,19080.49000000,20697.73875000,60,60,False
1663603200000,1663606800000,19081.24000000,19231.27000000,19063.55000000,19207.61000000,11617.87392000,60,60,False
1663606800000,1663610400000,19207.61000000,19219.17000000,18926.83000000,18964.59000000,13102.03544000,60,60,False
1663610400000,1663614000000,18963.78000000,19166.13000000,18877.00000000,19159.54000000,12496.92584000,60,60,False
1663614000000,1663617600000,19160.39000000,19560.35000000,19153.68000000,19514.80000000,23381.35401000,60,60,False
1663617600000,1663621200000,19514.80000000,19645.00000000,19413.53000000,19518.93000000,14824.33438000,60,60,False
1663621200000,1663624800000,19518.93000000,19686.20000000,19477.60000000,19518.49000000,8742.89951000,60,60,False
1663624800000,1663628400000,19516.67000000,19680.00000000,19459.54000000,19603.17000000,10901.50683000,60,60,False
1663628400000,1663632000000,19601.35000000,19638.35000000,19513.11000000,19537.02000000,9167.08273000,60,60,False
1663632000000,1663635600000,19537.02000000,19634.62000000,19432.66000000,19516.89000000,13764.63947000,60,60,False
1663635600000,1663639200000,19517.82000000,19521.82000000,19373.73000000,19465.42000000,11023.34911000,60,60,False
1663639200000,1663642800000,19464.28000000,19487.85000000,19410.01000000,19468.03000000,8326.38160000,60,60,False
1663642800000,1663646400000,19468.03000000,19473.98000000,19174.74000000,19364.19000000,12718.78213000,60,60,False
1663646400000,1663650000000,19364.19000000,19368.07000000,19265.55000000,19331.50000000,8112.22565000,60,60,False
1663650000000,1663653600000,19331.50000000,19433.37000000,19315.76000000,19372.87000000,7554.10375000,60,60,False
1663653600000,1663657200000,19372.30000000,19403.98000000,19307.00000000,19379.89000000,7003.86284000,60,60,False
1663657200000,1663660800000,19379.17000000,19589.00000000,19233.38000000,19357.93000000,17300.64629000,60,60,False
1663660800000,1663664400000,19358.87000000,19424.29000000,19287.34000000,19304.35000000,12312.77112000,60,60,False
1663664400000,1663668000000,19304.35000000,19331.69000000,19150.00000000,19229.99000000,12621.38324000,60,60,False
1663668000000,1663671600000,19230.75000000,19320.00000000,19174.76000000,19309.83000000,10888.70884000,60,60,False
1663671600000,1663675200000,19310.36000000,19344.99000000,19201.19000000,19219.49000000,11618.86905000,60,60,False
1663675200000,1663678800000,19219.49000000,19230.38000000,19056.53000000,19124.94000000,16990.35278000,60,60,False
1663678800000,1663682400000,19125.86000000,19137.11000000,18777.00000000,18921.37000000,21676.63864000,60,60,False
1663682400000,1663686000000,18922.57000000,19113.92000000,18870.07000000,19069.58000000,21445.64960000,60,60,False
1663686000000,1663689600000,19068.55000000,19269.17000000,18989.86000000,19238.10000000,18295.06122000,60,60,False
1663689600000,1663693200000,19238.09000000,19319.28000000,18969.23000000,19101.99000000,19373.16896000,60,60,False
1663693200000,1663696800000,19101.99000000,19112.11000000,18711.87000000,18766.83000000,20704.47620000,60,60,False
1663696800000,1663700400000,18767.91000000,19014.93000000,18753.17000000,18974.22000000,18087.61256000,60,60,False
1663700400000,1663704000000,18974.22000000,19103.00000000,18950.56000000,18993.33000000,16984.22499000,60,60,False
1663704000000,1663707600000,18993.33000000,19077.66000000,18938.17000000,18972.20000000,9868.02519000,60,60,False
1663707600000,1663711200000,18971.12000000,19093.45000000,18875.80000000,18875.80000000,7776.70573000,60,60,False
1663711200000,1663714800000,18876.47000000,18968.52000000,18830.00000000,18960.60000000,10150.06956000,60,60,False
1663714800000,1663718400000,18960.60000000,18968.96000000,18785.01000000,18875.00000000,9500.62008000,60,60,False
1663718400000,1663722000000,18874.31000000,18958.35000000,18829.30000000,18933.62000000,10708.67863000,60,60,False
1663722000000,1663725600000,18933.50000000,18966.94000000,18872.28000000,18886.04000000,7322.51855000,60,60,False
1663725600000,1663729200000,18886.92000000,19060.26000000,18880.42000000,19013.91000000,8281.02543000,60,60,False
1663729200000,1663732800000,19013.17000000,19029.99000000,18979.33000000,19021.17000000,5454.80008000,60,60,False
1663732800000,1663736400000,19022.24000000,19033.41000000,18961.46000000,19003.35000000,6052.61929000,60,60,False
1663736400000,1663740000000,19002.80000000,19135.57000000,18901.00000000,18923.10000000,8905.88011000,60,60,False
1663740000000,1663743600000,18923.10000000,18992.92000000,18791.20000000,18876.75000000,14471.59327000,60,60,False
1663743600000,1663747200000,18876.75000000,18973.44000000,18797.10000000,18947.82000000,10197.35437000,60,60,False
1663747200000,1663750800000,18946.80000000,18952.48000000,18823.53000000,18870.51000000,8284.57670000,60,60,False
1663750800000,1663754400000,18871.41000000,19029.72000000,18840.50000000,18997.66000000,10497.04177000,60,60,False
1663754400000,1663758000000,18998.34000000,19154.96000000,18944.11000000,19103.65000000,13044.09931000,60,60,False
1663758000000,1663761600000,19104.54000000,19205.93000000,19080.19000000,19165.93000000,12183.95223000,60,60,False
1663761600000,1663765200000,19165.18000000,19282.80000000,19114.46000000,19247.78000000,14578.35306000,60,60,False
1663765200000,1663768800000,19247.78000000,19339.41000000,19223.22000000,19271.55000000,16981.97914000,60,60,False
1663768800000,1663772400000,19272.74000000,19477.77000000,19213.12000000,19253.29000000,20008.08868000,60,60,False
1663772400000,1663776000000,19252.61000000,19311.12000000,19084.17000000,19191.17000000,16712.14663000,60,60,False
1663776000000,1663779600000,19191.81000000,19366.52000000,19169.37000000,19235.21000000,12349.28150000,60,60,False
1663779600000,1663783200000,19235.21000000,19897.00000000,19224.73000000,19867.93000000,21153.29081000,60,60,False
1663783200000,1663786800000,19867.91000000,19956.00000000,18666.00000000,19636.01000000,62287.89540000,60,60,False
1663786800000,1663790400000,19637.81000000,19699.99000000,18978.94000000,19001.03000000,33870.32207000,60,60,False
1663790400000,1663794000000,19002.76000000,19072.72000000,18841.68000000,18926.26000000,18538.84780000,60,60,False
1663794000000,1663797600000,18926.26000000,18926.27000000,18325.00000000,18466.87000000,19548.52365000,60,60,False
1663797600000,1663801200000,18466.87000000,18500.00000000,18125.98000000,18488.93000000,19059.86694000,60,60,False
1663801200000,1663804800000,18487.94000000,18593.30000000,18420.39000000,18461.36000000,14541.36479000,60,60,False
1663804800000,1663808400000,18461.36000000,18548.55000000,18356.39000000,18389.22000000,16250.51153000,60,60,False
1663808400000,1663812000000,18389.22000000,18526.55000000,18358.67000000,18513.44000000,13612.42428000,60,60,False
1663812000000,1663815600000,18513.44000000,18770.00000000,18480.42000000,18744.02000000,14976.54134000,60,60,False
1663815600000,1663819200000,18744.02000000,18789.04000000,18638.02000000,18690.39000000,14464.83018000,60,60,False
1663819200000,1663822800000,18690.39000000,18808.34000000,18662.50000000,18705.42000000,11848.64029000,60,60,False
1663822800000,1663826400000,18704.40000000,18730.83000000,18617.41000000,18669.21000000,11603.03185000,60,60,False
1663826400000,1663830000000,18669.13000000,18879.98000000,18661.07000000,18767.74000000,16151.04152000,60,60,False
1663830000000,1663833600000,18768.14000000,18969.87000000,18730.01000000,18934.29000000,14932.35124000,60,60,False
1663833600000,1663837200000,18934.29000000,19285.12000000,18906.10000000,19203.01000000,20447.25743000,60,60,False
1663837200000,1663840800000,19203.90000000,19235.55000000,19091.96000000,19179.81000000,14599.55811000,60,60,False
1663840800000,1663844400000,19179.81000000,19243.77000000,19078.25000000,19149.56000000,13397.05258000,60,60,False
1663844400000,1663848000000,19148.97000000,19272.06000000,19030.39000000,19229.81000000,17539.10731000,60,60,False
1663848000000,1663851600000,19229.81000000,19317.66000000,19141.00000000,19203.61000000,18409.49563000,60,60,False
1663851600000,1663855200000,19203.61000000,19221.26000000,18889.34000000,18903.67000000,21541.08918000,60,60,False
1663855200000,1663858800000,18902.81000000,19073.50000000,18849.67000000,18880.22000000,22021.38447000,60,60,False
1663858800000,1663862400000,18881.50000000,19026.58000000,18794.06000000,18986.89000000,17903.46836000,60,60,False
1663862400000,1663866000000,18985.96000000,19095.40000000,18780.01000000,19042.07000000,17079.74234000,60,60,False
1663866000000,1663869600000,19041.10000000,19118.00000000,18944.57000000,19068.84000000,15508.39443000,60,60,False
1663869600000,1663873200000,19069.37000000,19218.00000000,18969.17000000,19193.35000000,17326.64566000,60,60,False
1663873200000,1663876800000,19192.32000000,19499.00000000,19191.65000000,19311.19000000,22855.57611000,60,60,False
1663876800000,1663880400000,19309.43000000,19360.33000000,19240.92000000,19248.48000000,12520.46005000,60,60,False
1663880400000,1663884000000,19248.48000000,19288.26000000,19150.00000000,19175.20000000,7334.70902000,60,60,False
1663884000000,1663887600000,19175.20000000,19437.85000000,19170.19000000,19397.56000000,13965.87516000,60,60,False
1663887600000,1663891200000,19397.56000000,19550.17000000,19358.90000000,19401.63000000,13032.53304000,60,60,False
1663891200000,1663894800000,19401.63000000,19467.00000000,19304.03000000,19307.46000000,12093.74990000,60,60,False
1663894800000,1663898400000,19307.46000000,19381.60000000,19225.73000000,19355.30000000,12503.00906000,60,60,False
1663898400000,1663902000000,19354.98000000,19363.00000000,19232.00000000,19295.00000000,10798.19314000,60,60,False
1663902000000,1663905600000,19293.96000000,19449.74000000,19284.42000000,19394.62000000,11570.85212000,60,60,False
1663905600000,1663909200000,19393.14000000,19500.00000000,19314.65000000,19412.62000000,11602.95139000,60,60,False
1663909200000,1663912800000,19411.95000000,19465.11000000,19356.31000000,19357.39000000,10258.60293000,60,60,False
1663912800000,1663916400000,19357.39000000,19417.99000000,19312.85000000,19330.36000000,9357.10875000,60,60,False
1663916400000,1663920000000,19331.69000000,19335.49000000,19200.00000000,19223.27000000,13656.96002000,60,60,False
1663920000000,1663923600000,19223.27000000,19273.52000000,19026.00000000,19069.34000000,16611.48822000,60,60,False
1663923600000,1663927200000,19069.34000000,19148.10000000,18964.66000000,19083.78000000,16186.61452000,60,60,False
1663927200000,1663930800000,19083.78000000,19121.15000000,18930.00000000,18964.41000000,15801.31326000,60,60,False
1663930800000,1663934400000,18964.41000000,18994.90000000,18835.00000000,18862.72000000,18382.01567000,60,60,False
1663934400000,1663938000000,18862.72000000,18956.98000000,18825.00000000,18896.74000000,14717.47963000,60,60,False
1663938000000,1663941600000,18896.74000000,19077.02000000,18624.05000000,18641.04000000,22155.93254000,60,60,False
1663941600000,1663945200000,18640.69000000,18749.02000000,18531.42000000,18674.45000000,26280.65592000,60,60,False
1663945200000,1663948800000,18674.41000000,18855.00000000,18586.00000000,18711.86000000,23180.47645000,60,60,False
1663948800000,1663952400000,18712.08000000,18788.42000000,18572.55000000,18765.54000000,21096.48128000,60,60,False
1663952400000,1663956000000,18766.72000000,18852.28000000,18633.25000000,18770.00000000,21128.74863000,60,60,False
1663956000000,1663959600000,18770.00000000,18834.42000000,18620.28000000,18635.02000000,21562.25099000,60,60,False
1663959600000,1663963200000,18636.12000000,18829.71000000,18620.31000000,18807.57000000,20617.96022000,60,60,False
1663963200000,1663966800000,18807.57000000,18956.85000000,18807.57000000,18852.17000000,14795.74700000,60,60,False
1663966800000,1663970400000,18853.46000000,19044.02000000,18803.00000000,19010.43000000,7749.80073000,60,60,False
1663970400000,1663974000000,19010.43000000,19341.09000000,18995.08000000,19333.18000000,17836.41446000,60,60,False
1663974000000,1663977600000,19332.39000000,19406.73000000,19231.05000000,19289.91000000,15942.11146000,60,60,False
1663977600000,1663981200000,19288.57000000,19316.14000000,19070.61000000,19146.12000000,15461.74283000,60,60,False
1663981200000,1663984800000,19146.90000000,19223.51000000,19075.03000000,19118.23000000,11466.69284000,60,60,False
1663984800000,1663988400000,19118.23000000,19195.54000000,19077.00000000,19126.91000000,10854.01531000,60,60,False
1663988400000,1663992000000,19127.44000000,19150.00000000,19029.80000000,19121.92000000,9981.79181000,60,60,False
1663992000000,1663995600000,19121.92000000,19189.00000000,19083.17000000,19164.33000000,10048.35855000,60,60,False
1663995600000,1663999200000,19164.33000000,19173.90000000,19094.97000000,19136.04000000,10242.75616000,60,60,False
1663999200000,1664002800000,19136.90000000,19164.25000000,19055.79000000,19078.19000000,8934.26734000,60,60,False
1664002800000,1664006400000,19078.19000000,19084.27000000,18925.94000000,18997.14000000,11653.39145000,60,60,False
1664006400000,1664010000000,18996.63000000,19086.41000000,18940.23000000,19081.53000000,11151.29231000,60,60,False
1664010000000,1664013600000,19080.70000000,19119.75000000,18963.19000000,19025.51000000,8552.22171000,60,60,False
1664013600000,1664017200000,19025.51000000,19069.01000000,18976.79000000,19038.11000000,7949.04237000,60,60,False
1664017200000,1664020800000,19038.78000000,19097.39000000,19003.53000000,19051.63000000,8305.21431000,60,60,False
1664020800000,1664024400000,19052.24000000,19200.00000000,19051.62000000,19154.29000000,10564.72560000,60,60,False
1664024400000,1664028000000,19155.08000000,19225.92000000,19108.17000000,19119.75000000,11085.73481000,60,60,False
1664028000000,1664031600000,19119.78000000,19140.17000000,19057.56000000,19085.36000000,10611.83304000,60,60,False
1664031600000,1664035200000,19085.91000000,19127.56000000,19012.49000000,19124.14000000,10809.44926000,60,60,False
1664035200000,1664038800000,19124.14000000,19195.00000000,19080.52000000,19093.86000000,10860.59728000,60,60,False
1664038800000,1664042400000,19093.65000000,19173.12000000,19054.20000000,19085.65000000,8420.20654000,60,60,False
1664042400000,1664046000000,19085.65000000,19136.87000000,19050.03000000,19128.11000000,7357.97517000,60,60,False
1664046000000,1664049600000,19126.90000000,19135.95000000,19086.27000000,19103.30000000,6847.83535000,60,60,False
1664049600000,1664053200000,19102.68000000,19150.81000000,19075.70000000,19141.08000000,6040.04260000,60,60,False
1664053200000,1664056800000,19142.04000000,19149.54000000,18845.92000000,18950.78000000,8972.52341000,60,60,False
1664056800000,1664060400000,18950.30000000,18951.56000000,18805.34000000,18886.34000000,13125.40721000,60,60,False
1664060400000,1664064000000,18886.34000000,18954.11000000,18858.95000000,18920.50000000,10199.45020000,60,60,False
1664064000000,1664067600000,18921.99000000,18984.78000000,18913.43000000,18963.13000000,9778.47552000,60,60,False
1664067600000,1664071200000,18962.23000000,18995.76000000,18918.01000000,18976.44000000,6508.42823000,60,60,False
1664071200000,1664074800000,18976.44000000,18982.70000000,18918.76000000,18948.89000000,7478.62464000,60,60,False
1664074800000,1664078400000,18948.89000000,19062.00000000,18931.17000000,19053.67000000,7765.42982000,60,60,False
1664078400000,1664082000000,19052.83000000,19070.10000000,19002.64000000,19008.91000000,4721.69840000,60,60,False
1664082000000,1664085600000,19008.91000000,19037.00000000,18937.62000000,18992.75000000,5859.99293000,60,60,False
1664085600000,1664089200000,18992.75000000,19067.62000000,18983.14000000,19024.31000000,4954.86243000,60,60,False
1664089200000,1664092800000,19024.91000000,19132.21000000,19006.61000000,19098.09000000,7522.17882000,60,60,False
1664092800000,1664096400000,19098.09000000,19123.57000000,19072.71000000,19083.33000000,5703.62232000,60,60,False
1664096400000,1664100000000,19082.37000000,19092.69000000,19027.80000000,19041.88000000,5827.03901000,60,60,False
1664100000000,1664103600000,19042.73000000,19103.59000000,18982.00000000,19069.47000000,6677.81579000,60,60,False
1664103600000,1664107200000,19070.06000000,19180.21000000,19067.00000000,19117.94000000,8172.18621000,60,60,False
1664107200000,1664110800000,19117.95000000,19144.23000000,19049.00000000,19087.88000000,7755.04779000,60,60,False
1664110800000,1664114400000,19088.25000000,19089.19000000,18867.98000000,18934.88000000,12052.96249000,60,60,False
1664114400000,1664118000000,18935.52000000,18958.30000000,18841.91000000,18916.39000000,9371.44627000,60,60,False
1664118000000,1664121600000,18916.39000000,19010.06000000,18910.75000000,18988.74000000,6608.26486000,60,60,False
1664121600000,1664125200000,18988.74000000,19123.27000000,18946.56000000,18972.58000000,9619.19486000,60,60,False
1664125200000,1664128800000,18972.50000000,19036.00000000,18867.51000000,19004.01000000,9910.05183000,60,60,False
1664128800000,1664132400000,19004.01000000,19013.34000000,18863.00000000,18933.16000000,6315.18189000,60,60,False
1664132400000,1664136000000,18934.22000000,18997.52000000,18850.01000000,18915.49000000,6342.54736000,60,60,False
1664136000000,1664139600000,18915.49000000,18953.56000000,18885.61000000,18902.20000000,4997.26786000,60,60,False
1664139600000,1664143200000,18902.20000000,18940.29000000,18716.97000000,18743.10000000,6727.02599000,60,60,False
1664143200000,1664146800000,18743.10000000,18910.00000000,18629.20000000,18788.38000000,17113.76152000,60,60,False
1664146800000,1664150400000,18787.64000000,18845.09000000,18730.00000000,18807.38000000,13408.34236000,60,60,False
1664150400000,1664154000000,18809.13000000,18932.35000000,18746.66000000,18772.96000000,16884.71629000,60,60,False
1664154000000,1664157600000,18772.96000000,18913.95000000,18721.02000000,18879.43000000,14488.05360000,60,60,False
1664157600000,1664161200000,18879.43000000,18940.00000000,18838.61000000,18855.02000000,14757.82752000,60,60,False
1664161200000,1664164800000,18853.82000000,18948.11000000,18831.02000000,18868.39000000,14176.20258000,60,60,False
1664164800000,1664168400000,18869.07000000,18918.96000000,18797.84000000,18808.23000000,11659.19988000,60,60,False
1664168400000,1664172000000,18808.23000000,18824.34000000,18735.87000000,18769.81000000,15076.34457000,60,60,False
1664172000000,1664175600000,18769.14000000,18829.89000000,18689.41000000,18701.20000000,17202.55375000,60,60,False
1664175600000,1664179200000,18699.55000000,18935.00000000,18680.72000000,18911.18000000,23169.24382000,60,60,False
1664179200000,1664182800000,18911.18000000,19289.06000000,18900.01000000,19272.83000000,26740.08523000,60,60,False
1664182800000,1664186400000,19273.55000000,19318.96000000,19063.64000000,19082.72000000,26678.09152000,60,60,False
1664186400000,1664190000000,19082.72000000,19187.34000000,19030.67000000,19093.17000000,20316.64025000,60,60,False
1664190000000,1664193600000,19094.34000000,19122.40000000,18803.13000000,18876.62000000,22639.59050000,60,60,False
1664193600000,1664197200000,18876.62000000,19147.51000000,18817.62000000,19094.36000000,24365.42971000,60,60,False
1664197200000,1664200800000,19095.35000000,19239.78000000,19026.43000000,19191.11000000,27909.65141000,60,60,False
1664200800000,1664204400000,19190.45000000,19280.00000000,19117.76000000,19136.64000000,24722.72394000,60,60,False
1664204400000,1664208000000,19138.08000000,19147.65000000,18980.01000000,19113.48000000,20275.71304000,60,60,False
1664208000000,1664211600000,19113.48000000,19120.76000000,18967.59000000,19085.07000000,20716.99698000,60,60,False
1664211600000,1664215200000,19085.07000000,19148.00000000,19007.58000000,19115.53000000,15931.12069000,60,60,False
1664215200000,1664218800000,19114.21000000,19220.00000000,19067.53000000,19171.32000000,17892.47325000,60,60,False
1664218800000,1664222400000,19173.02000000,19269.69000000,19120.00000000,19202.77000000,20303.05673000,60,60,False
1664222400000,1664226000000,19202.16000000,19212.93000000,19102.19000000,19113.86000000,11213.45785000,60,60,False
1664226000000,1664229600000,19114.59000000,19146.94000000,19070.05000000,19097.32000000,4942.78212000,60,60,False
1664229600000,1664233200000,19096.63000000,19209.99000000,19071.61000000,19138.41000000,13663.20109000,60,60,False
1664233200000,1664236800000,19138.41000000,19246.33000000,19113.01000000,19227.82000000,13514.06311000,60,60,False
1664236800000,1664240400000,19226.68000000,19373.00000000,19187.63000000,19346.30000000,21563.77657000,60,60,False
1664240400000,1664244000000,19345.34000000,19894.98000000,19335.28000000,19766.56000000,28771.99200000,60,60,False
1664244000000,1664247600000,19765.26000000,20097.45000000,19669.85000000,20080.97000000,23231.90070000,60,60,False
1664247600000,1664251200000,20073.33000000,20300.00000000,19959.49000000,20099.04000000,28861.92426000,60,60,False
1664251200000,1664254800000,20099.04000000,20136.36000000,19982.39000000,20047.40000000,20039.09061000,60,60,False
1664254800000,1664258400000,20047.40000000,20224.49000000,19958.85000000,20210.99000000,21758.68156000,60,60,False
1664258400000,1664262000000,20210.06000000,20350.00000000,20135.54000000,20194.41000000,24367.56421000,60,60,False
1664262000000,1664265600000,20195.87000000,20291.64000000,20169.52000000,20183.74000000,21150.60144000,60,60,False
1664265600000,1664269200000,20183.74000000,20229.28000000,20105.28000000,20145.81000000,19838.22310000,60,60,False
1664269200000,1664272800000,20146.73000000,20219.83000000,20091.30000000,20182.53000000,21878.98969000,60,60,False
1664272800000,1664276400000,20181.62000000,20283.09000000,20177.97000000,20221.67000000,19506.29629000,60,60,False
1664276400000,1664280000000,20221.67000000,20338.39000000,20175.00000000,20229.26000000,21868.57452000,60,60,False
1664280000000,1664283600000,20230.35000000,20385.86000000,20210.91000000,20270.88000000,23549.93453000,60,60,False
1664283600000,1664287200000,20270.88000000,20346.75000000,20094.27000000,20194.88000000,31485.77519000,60,60,False
1664287200000,1664290800000,20194.88000000,20239.75000000,20081.87000000,20204.36000000,30411.87158000,60,60,False
1664290800000,1664294400000,20204.36000000,20252.90000000,19865.00000000,19887.73000000,26552.58678000,60,60,False
1664294400000,1664298000000,19887.78000000,19954.49000000,18918.77000000,19110.79000000,48272.39208000,60,60,False
1664298000000,1664301600000,19110.79000000,19115.89000000,18863.01000000,18957.20000000,35230.16729000,60,60,False
1664301600000,1664305200000,18957.95000000,19159.83000000,18816.32000000,19140.98000000,32524.80986000,60,60,False
1664305200000,1664308800000,19140.98000000,19180.00000000,18963.57000000,19077.59000000,27682.65801000,60,60,False
1664308800000,1664312400000,19077.59000000,19104.05000000,18953.22000000,19073.46000000,20090.99258000,60,60,False
1664312400000,1664316000000,19073.46000000,19079.22000000,18929.15000000,18994.50000000,10372.37362000,60,60,False
1664316000000,1664319600000,18993.43000000,19101.30000000,18926.91000000,19080.20000000,17911.99732000,60,60,False
1664319600000,1664323200000,19079.50000000,19169.39000000,19066.36000000,19079.13000000,16337.56782000,60,60,False
1664323200000,1664326800000,19078.10000000,19238.28000000,19070.22000000,19096.83000000,21441.13215000,60,60,False
1664326800000,1664330400000,19095.87000000,19146.85000000,18936.49000000,19003.85000000,21054.97507000,60,60,False
1664330400000,1664334000000,19003.85000000,19016.16000000,18471.28000000,18634.02000000,28783.01284000,60,60,False
1664334000000,1664337600000,18633.67000000,18778.16000000,18622.74000000,18745.65000000,18609.13186000,60,60,False
1664337600000,1664341200000,18746.20000000,18830.82000000,18713.53000000,18763.47000000,14986.83273000,60,60,False
1664341200000,1664344800000,18764.20000000,18834.00000000,18655.54000000,18824.26000000,16187.76351000,60,60,False
1664344800000,1664348400000,18822.61000000,18883.04000000,18684.23000000,18696.95000000,17906.35811000,60,60,False
1664348400000,1664352000000,18696.95000000,18809.13000000,18622.00000000,18781.48000000,22013.48984000,60,60,False
1664352000000,1664355600000,18782.49000000,18795.00000000,18696.00000000,18741.17000000,17534.33227000,60,60,False
1664355600000,1664359200000,18741.17000000,18746.04000000,18565.00000000,18652.02000000,23587.57466000,60,60,False
1664359200000,1664362800000,18652.02000000,19155.08000000,18576.00000000,19004.44000000,36184.02773000,60,60,False
1664362800000,1664366400000,19005.13000000,19043.52000000,18857.17000000,18955.43000000,23746.05456000,60,60,False
1664366400000,1664370000000,18954.96000000,19127.46000000,18940.02000000,19072.62000000,22576.34939000,60,60,False
1664370000000,1664373600000,19072.62000000,19200.00000000,19012.00000000,19122.95000000,25643.91236000,60,60,False
1664373600000,1664377200000,19122.95000000,19477.62000000,19039.47000000,19382.25000000,32587.68926000,60,60,False
1664377200000,1664380800000,19382.25000000,19500.00000000,19363.93000000,19487.79000000,26945.25673000,60,60,False
1664380800000,1664384400000,19487.79000000,19666.66000000,19467.07000000,19507.67000000,28024.04111000,60,60,False
1664384400000,1664388000000,19508.44000000,19609.50000000,19256.07000000,19345.55000000,25830.48586000,60,60,False
1664388000000,1664391600000,19345.55000000,19635.56000000,19281.00000000,19555.58000000,25085.35791000,60,60,False
1664391600000,1664395200000,19555.58000000,19659.20000000,19464.29000000,19546.72000000,21622.84307000,60,60,False
1664395200000,1664398800000,19546.72000000,19627.21000000,19491.87000000,19568.23000000,14430.07286000,60,60,False
1664398800000,1664402400000,19569.61000000,19790.00000000,19525.84000000,19618.44000000,10604.42236000,60,60,False
1664402400000,1664406000000,19618.79000000,19666.48000000,19411.58000000,19485.75000000,14428.39974000,60,60,False
1664406000000,1664409600000,19485.75000000,19558.78000000,19386.22000000,19412.82000000,11571.93949000,60,60,False
1664409600000,1664413200000,19412.82000000,19529.04000000,19371.52000000,19437.99000000,16346.13095000,60,60,False
1664413200000,1664416800000,19438.16000000,19605.00000000,19420.16000000,19496.53000000,14381.57913000,60,60,False
1664416800000,1664420400000,19496.53000000,19532.81000000,19277.01000000,19438.05000000,23967.76337000,60,60,False
1664420400000,1664424000000,19437.61000000,19539.21000000,19385.00000000,19507.50000000,13386.09908000,60,60,False
1664424000000,1664427600000,19507.50000000,19629.00000000,19490.92000000,19583.30000000,13185.90917000,60,60,False
1664427600000,1664431200000,19583.30000000,19596.14000000,19412.87000000,19453.94000000,13346.98868000,60,60,False
1664431200000,1664434800000,19454.78000000,19455.18000000,19291.81000000,19385.02000000,16204.33609000,60,60,False
1664434800000,1664438400000,19385.74000000,19409.89000000,19267.00000000,19359.71000000,16716.44052000,60,60,False
1664438400000,1664442000000,19360.40000000,19400.56000000,19301.27000000,19344.34000000,12878.51925000,60,60,False
1664442000000,1664445600000,19345.18000000,19506.66000000,19322.54000000,19481.33000000,14115.15321000,60,60,False
1664445600000,1664449200000,19481.33000000,19496.17000000,19409.80000000,19438.44000000,9962.39040000,60,60,False
1664449200000,1664452800000,19437.39000000,19550.00000000,19376.09000000,19463.04000000,14512.71298000,60,60,False
1664452800000,1664456400000,19463.04000000,19476.16000000,19127.81000000,19211.63000000,26210.05286000,60,60,False
1664456400000,1664460000000,19211.63000000,19365.38000000,18917.00000000,18992.08000000,26689.34618000,60,60,False
1664460000000,1664463600000,18993.22000000,19261.70000000,18843.01000000,19197.36000000,31442.66192000,60,60,False
1664463600000,1664467200000,19197.36000000,19336.00000000,19163.81000000,19288.85000000,23053.42696000,60,60,False
1664467200000,1664470800000,19288.78000000,19645.52000000,19146.86000000,19444.28000000,25848.54993000,60,60,False
1664470800000,1664474400000,19446.00000000,19538.44000000,19253.71000000,19261.58000000,17488.52910000,60,60,False
1664474400000,1664478000000,19263.50000000,19426.70000000,19117.50000000,19299.89000000,21004.15174000,60,60,False
1664478000000,1664481600000,19301.25000000,19487.96000000,19296.68000000,19405.37000000,15817.49109000,60,60,False
1664481600000,1664485200000,19402.63000000,19540.71000000,19379.74000000,19505.64000000,9727.75583000,60,60,False
1664485200000,1664488800000,19507.09000000,19520.00000000,19417.87000000,19430.15000000,5310.54832000,60,60,False
1664488800000,1664492400000,19431.42000000,19539.56000000,19417.88000000,19456.07000000,11951.94972000,60,60,False
1664492400000,1664496000000,19455.06000000,19620.00000000,19430.04000000,19591.51000000,12876.44608000,60,60,False
1664496000000,1664499600000,19590.54000000,19700.00000000,19431.25000000,19545.35000000,21508.67100000,60,60,False
1664499600000,1664503200000,19545.35000000,19547.49000000,19438.77000000,19508.10000000,15328.24987000,60,60,False
1664503200000,1664506800000,19508.10000000,19510.69000000,19346.20000000,19360.51000000,15764.67440000,60,60,False
1664506800000,1664510400000,19361.06000000,19422.43000000,19311.99000000,19398.12000000,11950.33472000,60,60,False
1664510400000,1664514000000,19397.72000000,19468.18000000,19387.87000000,19430.33000000,8902.41867000,60,60,False
1664514000000,1664517600000,19430.33000000,19497.05000000,19420.84000000,19446.01000000,8738.78564000,60,60,False
1664517600000,1664521200000,19446.01000000,19504.65000000,19393.55000000,19445.14000000,10492.43097000,60,60,False
1664521200000,1664524800000,19445.14000000,19640.00000000,19438.71000000,19571.35000000,19369.99240000,60,60,False
1664524800000,1664528400000,19570.74000000,19635.53000000,19524.82000000,19623.80000000,12267.65535000,60,60,False
1664528400000,1664532000000,19623.80000000,19630.58000000,19491.11000000,19527.02000000,12658.85981000,60,60,False
1664532000000,1664535600000,19528.02000000,19562.12000000,19441.92000000,19485.77000000,15975.87996000,60,60,False
1664535600000,1664539200000,19485.77000000,19519.00000000,19400.32000000,19436.29000000,14939.73635000,60,60,False
1664539200000,1664542800000,19435.79000000,19503.90000000,19155.36000000,19297.19000000,31268.82643000,60,60,False
1664542800000,1664546400000,19298.59000000,19484.00000000,19234.88000000,19472.09000000,28423.64835000,60,60,False
1664546400000,1664550000000,19472.09000000,20058.24000000,19436.49000000,19993.09000000,46632.77191000,60,60,False
1664550000000,1664553600000,19994.45000000,20185.00000000,19689.68000000,19756.01000000,38532.89948000,60,60,False
1664553600000,1664557200000,19756.02000000,19873.50000000,19565.52000000,19712.63000000,28359.08951000,60,60,False
1664557200000,1664560800000,19715.03000000,19819.00000000,19600.10000000,19679.33000000,17779.85628000,60,60,False
1664560800000,1664564400000,19679.33000000,19838.36000000,19612.17000000,19667.91000000,16368.59510000,60,60,False
1664564400000,1664568000000,19666.83000000,19768.19000000,19470.29000000,19473.52000000,18501.28498000,60,60,False
1664568000000,1664571600000,19473.52000000,19542.72000000,19355.00000000,19424.31000000,18638.81116000,60,60,False
1664571600000,1664575200000,19424.31000000,19425.47000000,19284.85000000,19361.07000000,8501.14046000,60,60,False
1664575200000,1664578800000,19359.77000000,19400.14000000,19240.44000000,19384.86000000,13559.58480000,60,60,False
1664578800000,1664582400000,19384.86000000,19475.40000000,19358.67000000,19422.61000000,9858.75580000,60,60,False
1664582400000,1664586000000,19422.61000000,19484.00000000,19351.02000000,19402.88000000,8651.64878000,60,60,False
1664586000000,1664589600000,19401.84000000,19431.97000000,19365.84000000,19423.84000000,6312.08506000,60,60,False
1664589600000,1664593200000,19423.06000000,19436.00000000,19384.41000000,19413.79000000,5773.83532000,60,60,False
1664593200000,1664596800000,19413.96000000,19438.75000000,19361.05000000,19416.05000000,5861.49212000,60,60,False
1664596800000,1664600400000,19416.05000000,19423.63000000,19370.70000000,19407.43000000,5958.93517000,60,60,False
1664600400000,1664604000000,19407.43000000,19418.88000000,19270.59000000,19317.92000000,12420.01718000,60,60,False
1664604000000,1664607600000,19316.82000000,19324.94000000,19266.26000000,19292.82000000,7000.01196000,60,60,False
1664607600000,1664611200000,19293.49000000,19343.03000000,19258.53000000,19309.84000000,7907.18280000,60,60,False
1664611200000,1664614800000,19309.84000000,19349.31000000,19302.64000000,19335.03000000,5878.65763000,60,60,False
1664614800000,1664618400000,19335.03000000,19367.98000000,19301.11000000,19329.50000000,5063.78487000,60,60,False
1664618400000,1664622000000,19329.50000000,19365.39000000,19284.00000000,19327.95000000,6452.54559000,60,60,False
1664622000000,1664625600000,19329.00000000,19347.76000000,19159.42000000,19312.04000000,11406.45974000,60,60,False
1664625600000,1664629200000,19312.04000000,19314.00000000,19240.08000000,19296.57000000,7368.26743000,60,60,False
1664629200000,1664632800000,19295.60000000,19400.02000000,19277.08000000,19332.38000000,9729.03234000,60,60,False
1664632800000,1664636400000,19331.95000000,19346.53000000,19288.00000000,19321.72000000,7093.79878000,60,60,False
1664636400000,1664640000000,19321.70000000,19363.72000000,19304.40000000,19330.95000000,5174.76131000,60,60,False
1664640000000,1664643600000,19332.42000000,19353.81000000,19244.29000000,19291.16000000,9042.96834000,60,60,False
1664643600000,1664647200000,19291.72000000,19317.06000000,19245.42000000,19277.70000000,6464.85381000,60,60,False
1664647200000,1664650800000,19276.83000000,19310.00000000,19206.63000000,19298.73000000,6637.53778000,60,60,False
1664650800000,1664654400000,19298.73000000,19328.00000000,19212.95000000,19266.15000000,6791.17077000,60,60,False
1664654400000,1664658000000,19266.15000000,19281.40000000,19200.00000000,19250.25000000,5947.67830000,60,60,False
1664658000000,1664661600000,19250.95000000,19319.87000000,19244.58000000,19288.42000000,2764.17013000,60,60,False
1664661600000,1664665200000,19288.42000000,19338.94000000,19270.00000000,19324.28000000,5516.10869000,60,60,False
1664665200000,1664668800000,19325.32000000,19342.63000000,19288.58000000,19310.95000000,4408.13569000,60,60,False
1664668800000,1664672400000,19312.24000000,19327.28000000,19236.00000000,19277.97000000,6865.86884000,60,60,False
1664672400000,1664676000000,19278.09000000,19312.70000000,19256.04000000,19308.10000000,5791.37898000,60,60,False
1664676000000,1664679600000,19308.10000000,19345.88000000,19301.16000000,19318.36000000,5445.42583000,60,60,False
1664679600000,1664683200000,19318.36000000,19332.36000000,19282.05000000,19310.83000000,5404.34505000,60,60,False
1664683200000,1664686800000,19310.36000000,19337.96000000,19293.79000000,19333.97000000,5248.45831000,60,60,False
1664686800000,1664690400000,19333.96000000,19395.91000000,19298.00000000,19330.58000000,8555.84825000,60,60,False
1664690400000,1664694000000,19330.58000000,19383.61000000,19265.40000000,19278.81000000,8597.45238000,60,60,False
1664694000000,1664697600000,19279.97000000,19310.00000000,19227.73000000,19285.26000000,7587.59017000,60,60,False
1664697600000,1664701200000,19284.93000000,19300.55000000,19251.75000000,19283.34000000,6221.10155000,60,60,False
1664701200000,1664704800000,19283.34000000,19293.83000000,19221.61000000,19261.57000000,6391.96535000,60,60,False
1664704800000,1664708400000,19262.28000000,19265.00000000,19036.00000000,19101.05000000,15914.62642000,60,60,False
1664708400000,1664712000000,19100.64000000,19269.00000000,19078.33000000,19192.43000000,10677.49064000,60,60,False
1664712000000,1664715600000,19193.05000000,19247.00000000,19134.84000000,19159.33000000,8565.77126000,60,60,False
1664715600000,1664719200000,19159.34000000,19199.00000000,19127.52000000,19162.56000000,6607.30471000,60,60,False
1664719200000,1664722800000,19161.64000000,19182.89000000,19070.00000000,19104.63000000,8221.22664000,60,60,False
1664722800000,1664726400000,19104.61000000,19159.75000000,19100.02000000,19143.94000000,6594.05558000,60,60,False
1664726400000,1664730000000,19143.97000000,19235.38000000,19129.97000000,19201.43000000,8227.28689000,60,60,False
1664730000000,1664733600000,19201.72000000,19224.24000000,19166.11000000,19196.21000000,4764.70351000,60,60,False
1664733600000,1664737200000,19197.18000000,19222.18000000,19142.64000000,19218.75000000,5706.46214000,60,60,False
1664737200000,1664740800000,19219.59000000,19341.58000000,19218.75000000,19260.63000000,9858.41577000,60,60,False
1664740800000,1664744400000,19260.63000000,19277.77000000,19225.28000000,19231.58000000,4310.63687000,60,60,False
1664744400000,1664748000000,19232.19000000,19239.00000000,19103.09000000,19196.55000000,6712.57415000,60,60,False
1664748000000,1664751600000,19196.55000000,19304.06000000,19136.55000000,19170.64000000,17790.65341000,60,60,False
1664751600000,1664755200000,19170.64000000,19182.21000000,18920.35000000,19056.80000000,26751.82762000,60,60,False
1664755200000,1664758800000,19057.74000000,19129.00000000,18959.68000000,19091.24000000,15658.25952000,60,60,False
1664758800000,1664762400000,19091.99000000,19258.96000000,19088.61000000,19223.25000000,14889.84237000,60,60,False
1664762400000,1664766000000,19223.25000000,19241.17000000,19127.17000000,19139.19000000,12328.75791000,60,60,False
1664766000000,1664769600000,19138.61000000,19212.32000000,19138.61000000,19168.29000000,8505.71580000,60,60,False
1664769600000,1664773200000,19168.35000000,19177.05000000,19089.23000000,19094.93000000,8499.90473000,60,60,False
1664773200000,1664776800000,19095.45000000,19291.69000000,19059.68000000,19244.02000000,11375.74304000,60,60,False
1664776800000,1664780400000,19244.02000000,19315.00000000,19156.00000000,19196.38000000,12030.10293000,60,60,False
1664780400000,1664784000000,19197.03000000,19240.00000000,19147.68000000,19197.73000000,11874.88160000,60,60,False
1664784000000,1664787600000,19197.73000000,19225.27000000,19160.00000000,19195.29000000,8227.70873000,60,60,False
1664787600000,1664791200000,19195.87000000,19197.99000000,19122.67000000,19178.50000000,8009.17461000,60,60,False
1664791200000,1664794800000,19178.50000000,19235.78000000,19131.00000000,19232.66000000,9037.58885000,60,60,False
1664794800000,1664798400000,19232.30000000,19255.30000000,19181.37000000,19245.41000000,10836.94078000,60,60,False
1664798400000,1664802000000,19246.81000000,19281.00000000,19189.47000000,19253.62000000,11114.78831000,60,60,False
1664802000000,1664805600000,19252.60000000,19340.00000000,19134.23000000,19176.46000000,18990.68314000,60,60,False
1664805600000,1664809200000,19176.46000000,19489.43000000,19174.77000000,19416.25000000,22480.14880000,60,60,False
1664809200000,1664812800000,19416.25000000,19498.00000000,19321.60000000,19335.92000000,17520.54070000,60,60,False
1664812800000,1664816400000,19336.75000000,19419.99000000,19310.00000000,19409.62000000,13024.02828000,60,60,False
1664816400000,1664820000000,19410.78000000,19598.00000000,19407.87000000,19547.00000000,15646.32612000,60,60,False
1664820000000,1664823600000,19547.00000000,19650.00000000,19541.18000000,19611.65000000,14194.98046000,60,60,False
1664823600000,1664827200000,19613.00000000,19631.43000000,19431.06000000,19541.38000000,16265.07438000,60,60,False
1664827200000,1664830800000,19543.31000000,19606.55000000,19508.83000000,19592.43000000,8544.07246000,60,60,False
1664830800000,1664834400000,19592.43000000,19599.30000000,19525.00000000,19553.72000000,4431.12898000,60,60,False
1664834400000,1664838000000,19555.17000000,19604.99000000,19512.12000000,19519.02000000,7134.58275000,60,60,False
1664838000000,1664841600000,19518.80000000,19719.10000000,19518.23000000,19629.08000000,12964.77687000,60,60,False
1664841600000,1664845200000,19629.08000000,19722.60000000,19528.97000000,19562.41000000,11460.82003000,60,60,False
1664845200000,1664848800000,19562.41000000,19582.78000000,19501.11000000,19505.43000000,6655.96860000,60,60,False
1664848800000,1664852400000,19505.43000000,19556.60000000,19490.60000000,19543.26000000,6621.70664000,60,60,False
1664852400000,1664856000000,19543.26000000,19632.62000000,19536.72000000,19598.27000000,8458.80329000,60,60,False
1664856000000,1664859600000,19598.27000000,19647.42000000,19554.00000000,19592.98000000,8156.45021000,60,60,False
1664859600000,1664863200000,19593.07000000,19667.60000000,19582.16000000,19611.12000000,8423.30917000,60,60,False
1664863200000,1664866800000,19610.39000000,19870.00000000,19598.23000000,19840.96000000,16587.98548000,60,60,False
1664866800000,1664870400000,19839.67000000,19975.43000000,19835.04000000,19968.01000000,18080.01502000,60,60,False
1664870400000,1664874000000,19967.69000000,20152.00000000,19853.06000000,19884.29000000,25738.93938000,60,60,False
1664874000000,1664877600000,19885.12000000,19987.17000000,19808.00000000,19938.30000000,15012.27081000,60,60,False
1664877600000,1664881200000,19938.29000000,20050.00000000,19893.24000000,19961.05000000,12570.51490000,60,60,False
1664881200000,1664884800000,19961.62000000,19977.50000000,19867.55000000,19939.00000000,10688.35060000,60,60,False
1664884800000,1664888400000,19939.00000000,19988.00000000,19905.30000000,19979.65000000,11239.38410000,60,60,False
1664888400000,1664892000000,19979.65000000,20155.00000000,19950.00000000,20099.13000000,20656.99513000,60,60,False
1664892000000,1664895600000,20098.56000000,20270.00000000,20035.29000000,20108.32000000,23960.79051000,60,60,False
1664895600000,1664899200000,20108.32000000,20126.66000000,20046.15000000,20099.70000000,13331.17722000,60,60,False
1664899200000,1664902800000,20099.71000000,20116.18000000,19950.00000000,19992.69000000,17777.28321000,60,60,False
1664902800000,1664906400000,19992.69000000,20040.40000000,19872.02000000,20025.79000000,16058.77710000,60,60,False
1664906400000,1664910000000,20025.79000000,20170.00000000,20018.00000000,20126.97000000,13095.62203000,60,60,False
1664910000000,1664913600000,20125.21000000,20272.98000000,20041.50000000,20220.09000000,15378.81273000,60,60,False
1664913600000,1664917200000,20220.09000000,20475.00000000,20139.51000000,20326.40000000,20558.08849000,60,60,False
1664917200000,1664920800000,20326.40000000,20402.55000000,20256.91000000,20287.47000000,7650.76884000,60,60,False
1664920800000,1664924400000,20288.70000000,20332.14000000,20234.17000000,20299.60000000,8913.44040000,60,60,False
1664924400000,1664928000000,20300.66000000,20384.85000000,20270.62000000,20337.82000000,9935.72738000,60,60,False
1664928000000,1664931600000,20337.82000000,20365.60000000,20142.95000000,20181.95000000,13861.29955000,60,60,False
1664931600000,1664935200000,20181.95000000,20278.86000000,20174.25000000,20213.19000000,9420.74769000,60,60,False
1664935200000,1664938800000,20214.38000000,20250.00000000,20182.95000000,20191.73000000,6833.92271000,60,60,False
1664938800000,1664942400000,20191.12000000,20235.40000000,20157.58000000,20189.83000000,5932.72824000,60,60,False
1664942400000,1664946000000,20190.66000000,20226.42000000,20074.91000000,20120.97000000,8426.99544000,60,60,False
1664946000000,1664949600000,20120.97000000,20204.43000000,20102.28000000,20198.72000000,6879.59471000,60,60,False
1664949600000,1664953200000,20198.72000000,20299.99000000,20157.00000000,20254.23000000,9868.74637000,60,60,False
1664953200000,1664956800000,20254.23000000,20285.00000000,20200.00000000,20226.58000000,10455.77647000,60,60,False
1664956800000,1664960400000,20227.20000000,20245.58000000,20003.38000000,20133.98000000,17841.23639000,60,60,False
1664960400000,1664964000000,20133.98000000,20153.07000000,20055.19000000,20089.69000000,9184.25906000,60,60,False
1664964000000,1664967600000,20089.69000000,20152.99000000,20073.61000000,20124.30000000,9898.10376000,60,60,False
1664967600000,1664971200000,20124.30000000,20131.26000000,19952.12000000,20027.43000000,12909.52725000,60,60,False
1664971200000,1664974800000,20028.74000000,20071.44000000,19960.00000000,20021.87000000,13366.51128000,60,60,False
1664974800000,1664978400000,20021.87000000,20043.37000000,19812.34000000,19920.35000000,24815.50873000,60,60,False
1664978400000,1664982000000,19920.35000000,19944.00000000,19730.00000000,19879.16000000,25814.71644000,60,60,False
1664982000000,1664985600000,19879.06000000,20023.90000000,19861.62000000,20001.70000000,15560.98861000,60,60,False
1664985600000,1664989200000,20001.70000000,20296.67000000,19950.05000000,20231.58000000,21601.51747000,60,60,False
1664989200000,1664992800000,20231.58000000,20323.24000000,20154.00000000,20164.57000000,17535.59886000,60,60,False
1664992800000,1664996400000,20165.62000000,20270.90000000,20083.82000000,20264.58000000,16374.29497000,60,60,False
1664996400000,1665000000000,20265.19000000,20350.00000000,20104.17000000,20119.47000000,17148.24003000,60,60,False
1665000000000,1665003600000,20117.31000000,20173.30000000,19975.42000000,19984.32000000,11528.70721000,60,60,False
1665003600000,1665007200000,19982.69000000,20098.99000000,19979.78000000,20051.25000000,6336.16976000,60,60,False
1665007200000,1665010800000,20050.44000000,20215.17000000,20016.85000000,20190.44000000,11709.14793000,60,60,False
1665010800000,1665014400000,20189.60000000,20200.00000000,20114.73000000,20158.26000000,8935.41331000,60,60,False
1665014400000,1665018000000,20158.26000000,20389.00000000,20140.38000000,20266.82000000,19585.37474000,60,60,False
1665018000000,1665021600000,20266.82000000,20410.69000000,20240.53000000,20369.20000000,15611.12122000,60,60,False
1665021600000,1665025200000,20369.86000000,20445.52000000,20288.18000000,20327.39000000,14852.06927000,60,60,False
1665025200000,1665028800000,20327.39000000,20394.60000000,20275.86000000,20355.69000000,10664.06600000,60,60,False
1665028800000,1665032400000,20356.08000000,20456.60000000,20322.57000000,20356.24000000,11829.59512000,60,60,False
1665032400000,1665036000000,20355.63000000,20374.59000000,20250.00000000,20301.01000000,11262.68382000,60,60,False
1665036000000,1665039600000,20301.01000000,20304.90000000,20164.23000000,20174.54000000,13707.42617000,60,60,False
1665039600000,1665043200000,20172.68000000,20250.00000000,20156.00000000,20218.43000000,12477.82313000,60,60,False
1665043200000,1665046800000,20218.43000000,20254.20000000,20102.18000000,20142.30000000,13914.68234000,60,60,False
1665046800000,1665050400000,20142.30000000,20187.33000000,20085.53000000,20099.19000000,9663.01882000,60,60,False
1665050400000,1665054000000,20098.50000000,20157.48000000,20080.01000000,20129.07000000,8558.95343000,60,60,False
1665054000000,1665057600000,20129.07000000,20257.42000000,20123.75000000,20245.22000000,12339.82822000,60,60,False
1665057600000,1665061200000,20244.46000000,20324.94000000,20159.00000000,20193.31000000,16964.34933000,60,60,False
1665061200000,1665064800000,20192.59000000,20296.00000000,20039.48000000,20111.09000000,23291.33867000,60,60,False
1665064800000,1665068400000,20110.12000000,20118.16000000,19874.81000000,20101.01000000,28661.31725000,60,60,False
1665068400000,1665072000000,20101.01000000,20120.00000000,19988.42000000,20010.00000000,16381.42240000,60,60,False
1665072000000,1665075600000,20010.00000000,20108.98000000,19946.76000000,20052.31000000,14511.49045000,60,60,False
1665075600000,1665079200000,20053.87000000,20256.00000000,20016.35000000,20112.90000000,14971.73126000,60,60,False
1665079200000,1665082800000,20112.90000000,20118.38000000,19980.82000000,20017.47000000,11670.83151000,60,60,False
1665082800000,1665086400000,20017.47000000,20064.00000000,19989.00000000,20010.62000000,11312.55691000,60,60,False
1665086400000,1665090000000,20010.62000000,20072.03000000,19996.94000000,20047.04000000,6274.04373000,60,60,False
1665090000000,1665093600000,20047.04000000,20049.00000000,19887.43000000,19909.36000000,6934.80784000,60,60,False
1665093600000,1665097200000,19910.44000000,19949.39000000,19853.00000000,19901.35000000,8423.62988000,60,60,False
1665097200000,1665100800000,19900.36000000,19976.17000000,19870.00000000,19960.67000000,6258.00869000,60,60,False
1665100800000,1665104400000,19960.67000000,20054.41000000,19940.90000000,19990.00000000,7425.95908000,60,60,False
1665104400000,1665108000000,19990.70000000,20020.00000000,19963.35000000,19992.82000000,5048.59942000,60,60,False
1665108000000,1665111600000,19992.82000000,20054.00000000,19967.74000000,20014.91000000,4967.29129000,60,60,False
1665111600000,1665115200000,20015.00000000,20032.91000000,19975.80000000,19981.88000000,4888.95453000,60,60,False
1665115200000,1665118800000,19982.86000000,20011.76000000,19937.92000000,19940.63000000,3986.34246000,60,60,False
1665118800000,1665122400000,19940.63000000,19995.62000000,19905.87000000,19968.38000000,5766.35003000,60,60,False
1665122400000,1665126000000,19969.31000000,19979.28000000,19810.00000000,19853.02000000,8895.43594000,60,60,False
1665126000000,1665129600000,19853.02000000,19947.04000000,19842.47000000,19928.00000000,7373.65691000,60,60,False
1665129600000,1665133200000,19928.00000000,20020.33000000,19913.63000000,19973.75000000,7356.40782000,60,60,False
1665133200000,1665136800000,19972.59000000,20024.70000000,19958.00000000,19978.21000000,5098.72288000,60,60,False
1665136800000,1665140400000,19978.21000000,20009.00000000,19925.22000000,19995.97000000,5398.91652000,60,60,False
1665140400000,1665144000000,19995.97000000,20018.87000000,19959.28000000,19998.90000000,6441.69152000,60,60,False
1665144000000,1665147600000,20000.15000000,20068.82000000,19474.71000000,19616.92000000,32730.14359000,60,60,False
1665147600000,1665151200000,19617.91000000,19709.99000000,19505.00000000,19604.36000000,24443.38395000,60,60,False
1665151200000,1665154800000,19604.36000000,19705.58000000,19557.11000000,19645.22000000,14173.96094000,60,60,False
1665154800000,1665158400000,19645.20000000,19655.15000000,19524.21000000,19577.65000000,11820.68772000,60,60,False
1665158400000,1665162000000,19577.34000000,19606.52000000,19320.00000000,19404.50000000,18264.92281000,60,60,False
1665162000000,1665165600000,19404.50000000,19488.00000000,19365.76000000,19418.05000000,10289.76641000,60,60,False
1665165600000,1665169200000,19418.05000000,19479.10000000,19375.16000000,19456.63000000,8481.54439000,60,60,False
1665169200000,1665172800000,19456.63000000,19485.91000000,19410.01000000,19459.32000000,8680.10304000,60,60,False
1665172800000,1665176400000,19459.32000000,19570.36000000,19440.73000000,19548.80000000,6764.61601000,60,60,False
1665176400000,1665180000000,19548.80000000,19645.00000000,19526.06000000,19569.99000000,5347.60255000,60,60,False
1665180000000,1665183600000,19569.99000000,19599.32000000,19541.18000000,19549.65000000,3675.33432000,60,60,False
1665183600000,1665187200000,19548.79000000,19568.26000000,19507.82000000,19530.09000000,3554.44500000,60,60,False
1665187200000,1665190800000,19530.09000000,19627.38000000,19514.30000000,19569.31000000,4622.97990000,60,60,False
1665190800000,1665194400000,19568.58000000,19598.63000000,19542.82000000,19593.00000000,3446.77713000,60,60,False
1665194400000,1665198000000,19593.00000000,19602.11000000,19539.74000000,19564.25000000,3504.28538000,60,60,False
1665198000000,1665201600000,19564.25000000,19565.94000000,19494.00000000,19504.78000000,5012.99706000,60,60,False
1665201600000,1665205200000,19504.78000000,19520.98000000,19415.60000000,19442.73000000,5304.56107000,60,60,False
1665205200000,1665208800000,19442.73000000,19523.46000000,19436.05000000,19509.48000000,3841.69326000,60,60,False
1665208800000,1665212400000,19509.48000000,19544.00000000,19466.50000000,19511.15000000,4207.02296000,60,60,False
1665212400000,1665216000000,19512.62000000,19527.34000000,19491.54000000,19499.94000000,3468.15083000,60,60,False
1665216000000,1665219600000,19500.64000000,19516.57000000,19450.00000000,19468.02000000,3785.19467000,60,60,False
1665219600000,1665223200000,19468.02000000,19511.96000000,19466.85000000,19499.87000000,3301.53018000,60,60,False
1665223200000,1665226800000,19499.87000000,19525.00000000,19486.54000000,19503.20000000,3430.72348000,60,60,False
1665226800000,1665230400000,19503.20000000,19548.00000000,19486.69000000,19534.21000000,4668.41714000,60,60,False
1665230400000,1665234000000,19534.21000000,19543.23000000,19476.00000000,19515.49000000,4168.74578000,60,60,False
1665234000000,1665237600000,19516.28000000,19516.95000000,19469.23000000,19482.70000000,4419.88702000,60,60,False
1665237600000,1665241200000,19481.48000000,19503.35000000,19415.00000000,19499.41000000,5793.89997000,60,60,False
1665241200000,1665244800000,19499.41000000,19510.00000000,19462.01000000,19487.88000000,3440.01628000,60,60,False
1665244800000,1665248400000,19487.88000000,19534.41000000,19467.65000000,19527.93000000,4222.42667000,60,60,False
1665248400000,1665252000000,19527.93000000,19535.91000000,19476.12000000,19499.84000000,3016.22559000,60,60,False
1665252000000,1665255600000,19498.57000000,19513.30000000,19460.12000000,19477.91000000,3052.86085000,60,60,False
1665255600000,1665259200000,19477.91000000,19479.31000000,19438.99000000,19468.03000000,2955.33268000,60,60,False
1665259200000,1665262800000,19467.49000000,19480.00000000,19414.86000000,19452.08000000,4097.03170000,60,60,False
1665262800000,1665266400000,19452.08000000,19459.98000000,19237.14000000,19317.84000000,6511.88342000,60,60,False
1665266400000,1665270000000,19317.84000000,19375.58000000,19265.73000000,19360.74000000,6943.84914000,60,60,False
1665270000000,1665273600000,19360.74000000,19444.47000000,19356.24000000,19417.96000000,5263.60626000,60,60,False
1665273600000,1665277200000,19416.52000000,19455.00000000,19382.28000000,19395.67000000,4824.04633000,60,60,False
1665277200000,1665280800000,19396.76000000,19426.51000000,19362.11000000,19401.97000000,3658.74456000,60,60,False
1665280800000,1665284400000,19401.36000000,19414.89000000,19361.06000000,19364.86000000,3524.78712000,60,60,False
1665284400000,1665288000000,19364.86000000,19391.02000000,19327.77000000,19366.58000000,3614.47277000,60,60,False
1665288000000,1665291600000,19365.35000000,19388.65000000,19316.04000000,19387.75000000,4491.59522000,60,60,False
1665291600000,1665295200000,19387.44000000,19420.55000000,19376.08000000,19409.07000000,4206.58934000,60,60,False
1665295200000,1665298800000,19409.11000000,19439.87000000,19386.02000000,19426.39000000,4353.82876000,60,60,False
1665298800000,1665302400000,19426.39000000,19438.88000000,19401.00000000,19407.96000000,3200.83166000,60,60,False
1665302400000,1665306000000,19407.96000000,19432.62000000,19373.49000000,19396.31000000,3966.63703000,60,60,False
1665306000000,1665309600000,19396.31000000,19420.86000000,19380.74000000,19415.12000000,3739.47862000,60,60,False
1665309600000,1665313200000,19415.00000000,19548.00000000,19403.53000000,19489.95000000,6991.74201000,60,60,False
1665313200000,1665316800000,19489.60000000,19558.00000000,19460.01000000,19468.35000000,4964.05575000,60,60,False
1665316800000,1665320400000,19468.35000000,19545.00000000,19466.56000000,19499.28000000,5501.29148000,60,60,False
1665320400000,1665324000000,19498.39000000,19524.42000000,19462.70000000,19465.78000000,4351.60076000,60,60,False
1665324000000,1665327600000,19465.78000000,19528.80000000,19460.80000000,19500.23000000,5052.25035000,60,60,False
1665327600000,1665331200000,19500.23000000,19550.00000000,19500.14000000,19535.77000000,4881.23735000,60,60,False
1665331200000,1665334800000,19535.77000000,19555.89000000,19480.00000000,19504.70000000,5651.27636000,60,60,False
1665334800000,1665338400000,19504.70000000,19511.60000000,19470.99000000,19485.68000000,3402.94027000,60,60,False
1665338400000,1665342000000,19484.74000000,19529.58000000,19467.39000000,19521.78000000,3738.24159000,60,60,False
1665342000000,1665345600000,19521.78000000,19538.23000000,19353.00000000,19468.96000000,9266.01015000,60,60,False
1665345600000,1665349200000,19468.73000000,19488.97000000,19422.98000000,19480.96000000,4748.79350000,60,60,False
1665349200000,1665352800000,19480.97000000,19500.00000000,19446.20000000,19478.17000000,2918.34771000,60,60,False
1665352800000,1665356400000,19478.17000000,19481.26000000,19368.94000000,19397.86000000,7728.08008000,60,60,False
1665356400000,1665360000000,19397.86000000,19451.73000000,19368.10000000,19439.02000000,5123.94804000,60,60,False
1665360000000,1665363600000,19439.96000000,19521.58000000,19401.00000000,19491.42000000,7068.03061000,60,60,False
1665363600000,1665367200000,19491.42000000,19525.00000000,19466.72000000,19501.43000000,6454.06990000,60,60,False
1665367200000,1665370800000,19501.43000000,19502.60000000,19451.00000000,19471.55000000,5198.05580000,60,60,False
1665370800000,1665374400000,19471.55000000,19483.02000000,19427.16000000,19452.99000000,4151.39405000,60,60,False
1665374400000,1665378000000,19452.97000000,19477.00000000,19418.44000000,19466.83000000,4145.74557000,60,60,False
1665378000000,1665381600000,19466.83000000,19472.33000000,19384.31000000,19411.46000000,5222.91232000,60,60,False
1665381600000,1665385200000,19410.38000000,19437.54000000,19368.08000000,19391.71000000,6651.26520000,60,60,False
1665385200000,1665388800000,19391.71000000,19441.39000000,19386.09000000,19412.25000000,6678.72712000,60,60,False
1665388800000,1665392400000,19412.25000000,19419.78000000,19107.00000000,19234.30000000,19769.55010000,60,60,False
1665392400000,1665396000000,19235.90000000,19343.70000000,19224.33000000,19332.36000000,8851.43970000,60,60,False
1665396000000,1665399600000,19331.22000000,19351.00000000,19272.00000000,19277.72000000,6847.38532000,60,60,False
1665399600000,1665403200000,19276.53000000,19376.89000000,19274.44000000,19331.62000000,7070.93770000,60,60,False
1665403200000,1665406800000,19333.02000000,19433.98000000,19311.68000000,19419.89000000,8471.12374000,60,60,False
1665406800000,1665410400000,19419.89000000,19441.99000000,19295.91000000,19315.81000000,14093.25794000,60,60,False
1665410400000,1665414000000,19315.02000000,19396.54000000,19221.41000000,19258.78000000,16122.75054000,60,60,False
1665414000000,1665417600000,19257.56000000,19318.72000000,19226.29000000,19269.02000000,12705.89477000,60,60,False
1665417600000,1665421200000,19269.02000000,19290.00000000,19098.21000000,19143.73000000,13553.28704000,60,60,False
1665421200000,1665424800000,19143.73000000,19358.76000000,19121.49000000,19321.78000000,13762.62998000,60,60,False
1665424800000,1665428400000,19321.78000000,19332.73000000,19186.92000000,19220.63000000,10405.73992000,60,60,False
1665428400000,1665432000000,19221.39000000,19264.08000000,19189.32000000,19211.59000000,9649.07228000,60,60,False
1665432000000,1665435600000,19211.59000000,19259.82000000,19210.02000000,19241.73000000,4082.49131000,60,60,False
1665435600000,1665439200000,19241.73000000,19282.14000000,19223.53000000,19244.98000000,2976.84195000,60,60,False
1665439200000,1665442800000,19244.98000000,19250.96000000,19020.25000000,19130.30000000,12572.73711000,60,60,False
1665442800000,1665446400000,19130.30000000,19199.63000000,19119.40000000,19131.87000000,6003.75852000,60,60,False
1665446400000,1665450000000,19131.87000000,19133.52000000,18950.01000000,19045.22000000,17499.99661000,60,60,False
1665450000000,1665453600000,19044.32000000,19068.50000000,18959.48000000,19034.31000000,8677.50047000,60,60,False
1665453600000,1665457200000,19034.31000000,19059.92000000,18956.17000000,19056.03000000,7158.53500000,60,60,False
1665457200000,1665460800000,19056.03000000,19094.74000000,19031.68000000,19044.74000000,5277.69354000,60,60,False
1665460800000,1665464400000,19044.19000000,19081.15000000,19014.50000000,19041.67000000,5575.64009000,60,60,False
1665464400000,1665468000000,19041.67000000,19076.44000000,19022.41000000,19031.94000000,5300.44910000,60,60,False
1665468000000,1665471600000,19031.94000000,19117.89000000,19010.00000000,19060.39000000,7794.24800000,60,60,False
1665471600000,1665475200000,19059.10000000,19112.06000000,19025.00000000,19084.10000000,8056.57828000,60,60,False
1665475200000,1665478800000,19082.28000000,19143.00000000,19078.62000000,19106.64000000,7511.83906000,60,60,False
1665478800000,1665482400000,19106.64000000,19118.55000000,19031.23000000,19065.27000000,6523.83368000,60,60,False
1665482400000,1665486000000,19064.92000000,19108.45000000,19041.00000000,19093.63000000,6141.34626000,60,60,False
1665486000000,1665489600000,19092.49000000,19158.93000000,19071.00000000,19153.68000000,6811.01987000,60,60,False
1665489600000,1665493200000,19153.68000000,19268.09000000,19135.00000000,19144.92000000,13930.91003000,60,60,False
1665493200000,1665496800000,19144.92000000,19169.86000000,18970.06000000,18991.20000000,15407.60567000,60,60,False
1665496800000,1665500400000,18989.63000000,19095.43000000,18860.00000000,19035.02000000,17767.08880000,60,60,False
1665500400000,1665504000000,19033.61000000,19198.87000000,19030.00000000,19147.60000000,14297.59542000,60,60,False
1665504000000,1665507600000,19147.60000000,19185.52000000,19085.00000000,19154.11000000,14941.45009000,60,60,False
1665507600000,1665511200000,19155.17000000,19162.64000000,19103.40000000,19130.08000000,13494.64139000,60,60,False
1665511200000,1665514800000,19130.08000000,19136.58000000,18943.37000000,18976.09000000,16038.99430000,60,60,False
1665514800000,1665518400000,18976.09000000,19039.35000000,18918.01000000,18999.25000000,18388.41447000,60,60,False
1665518400000,1665522000000,18997.66000000,19061.14000000,18986.62000000,19021.78000000,7664.47818000,60,60,False
1665522000000,1665525600000,19022.93000000,19053.98000000,18993.12000000,19006.30000000,4994.67648000,60,60,False
1665525600000,1665529200000,19005.61000000,19060.79000000,18995.00000000,19040.12000000,7094.71867000,60,60,False
1665529200000,1665532800000,19039.49000000,19064.99000000,19003.25000000,19060.00000000,7124.58940000,60,60,False
1665532800000,1665536400000,19060.00000000,19132.93000000,19024.65000000,19092.17000000,10190.57131000,60,60,False
1665536400000,1665540000000,19092.17000000,19101.23000000,19030.63000000,19063.24000000,6431.61275000,60,60,False
1665540000000,1665543600000,19063.24000000,19080.61000000,19030.91000000,19066.42000000,5740.60223000,60,60,False
1665543600000,1665547200000,19065.69000000,19090.15000000,19042.61000000,19048.73000000,4711.28460000,60,60,False
1665547200000,1665550800000,19049.09000000,19123.38000000,19041.90000000,19099.51000000,7695.11601000,60,60,False
1665550800000,1665554400000,19098.75000000,19149.60000000,19069.65000000,19114.43000000,6744.55916000,60,60,False
1665554400000,1665558000000,19114.03000000,19203.14000000,19088.00000000,19151.83000000,9688.39215000,60,60,False
1665558000000,1665561600000,19151.83000000,19164.57000000,19080.01000000,19112.41000000,9230.30540000,60,60,False
1665561600000,1665565200000,19111.50000000,19157.00000000,19089.51000000,19141.43000000,7493.15287000,60,60,False
1665565200000,1665568800000,19141.43000000,19201.82000000,19133.46000000,19169.61000000,8547.09184000,60,60,False
1665568800000,1665572400000,19170.51000000,19187.99000000,19123.07000000,19154.01000000,6968.16061000,60,60,False
1665572400000,1665576000000,19154.01000000,19169.52000000,19105.59000000,19114.62000000,6793.08101000,60,60,False
1665576000000,1665579600000,19114.62000000,19182.18000000,18965.88000000,19075.99000000,18806.81515000,60,60,False
1665579600000,1665583200000,19075.88000000,19155.40000000,19031.92000000,19115.62000000,18656.29605000,60,60,False
1665583200000,1665586800000,19115.62000000,19139.52000000,19061.00000000,19088.59000000,13643.35447000,60,60,False
1665586800000,1665590400000,19088.60000000,19151.19000000,19085.81000000,19137.32000000,10858.78386000,60,60,False
1665590400000,1665594000000,19137.36000000,19153.33000000,19078.46000000,19099.14000000,9994.23204000,60,60,False
1665594000000,1665597600000,19097.86000000,19114.49000000,19062.19000000,19091.68000000,7061.35886000,60,60,False
1665597600000,1665601200000,19091.68000000,19163.20000000,19041.74000000,19117.63000000,17411.68968000,60,60,False
1665601200000,1665604800000,19117.63000000,19179.26000000,19100.73000000,19137.18000000,8594.18165000,60,60,False
1665604800000,1665608400000,19137.29000000,19171.92000000,19131.55000000,19171.56000000,4656.80552000,60,60,False
1665608400000,1665612000000,19171.56000000,19195.00000000,19161.55000000,19180.31000000,4076.52279000,60,60,False
1665612000000,1665615600000,19180.31000000,19238.31000000,19152.06000000,19155.37000000,6342.96931000,60,60,False
1665615600000,1665619200000,19155.16000000,19172.54000000,19140.85000000,19155.53000000,3489.32799000,60,60,False
1665619200000,1665622800000,19155.10000000,19175.13000000,19126.67000000,19148.33000000,5305.36655000,60,60,False
1665622800000,1665626400000,19148.16000000,19156.98000000,19090.01000000,19106.57000000,6576.49051000,60,60,False
1665626400000,1665630000000,19107.03000000,19113.89000000,19017.80000000,19087.91000000,10697.89519000,60,60,False
1665630000000,1665633600000,19087.91000000,19116.00000000,19076.17000000,19089.16000000,5354.31405000,60,60,False
1665633600000,1665637200000,19089.16000000,19098.58000000,19068.77000000,19094.12000000,4888.33852000,60,60,False
1665637200000,1665640800000,19094.12000000,19112.68000000,19037.97000000,19090.96000000,7744.14880000,60,60,False
1665640800000,1665644400000,19090.69000000,19100.48000000,19041.52000000,19059.72000000,8207.46038000,60,60,False
1665644400000,1665648000000,19060.49000000,19061.93000000,18950.00000000,19005.29000000,16303.87355000,60,60,False
1665648000000,1665651600000,19005.29000000,19038.90000000,18958.87000000,19009.16000000,8686.76387000,60,60,False
1665651600000,1665655200000,19009.16000000,19033.76000000,18977.68000000,18993.20000000,6761.77976000,60,60,False
1665655200000,1665658800000,18993.20000000,19004.74000000,18566.66000000,18690.22000000,28475.80894000,60,60,False
1665658800000,1665662400000,18689.44000000,18831.07000000,18657.00000000,18753.20000000,15520.52328000,60,60,False
1665662400000,1665666000000,18754.09000000,19030.00000000,18190.00000000,18385.30000000,46815.95336000,60,60,False
1665666000000,1665669600000,18385.30000000,18479.96000000,18273.00000000,18432.14000000,29411.02329000,60,60,False
1665669600000,1665673200000,18430.95000000,18496.65000000,18386.97000000,18415.00000000,24250.43976000,60,60,False
1665673200000,1665676800000,18415.65000000,19049.99000000,18403.65000000,18958.59000000,45452.83697000,60,60,False
1665676800000,1665680400000,18958.59000000,19197.61000000,18895.08000000,19086.39000000,28162.97885000,60,60,False
1665680400000,1665684000000,19084.62000000,19228.00000000,19065.89000000,19157.90000000,19234.24066000,60,60,False
1665684000000,1665687600000,19157.90000000,19513.79000000,19142.07000000,19422.01000000,24185.47275000,60,60,False
1665687600000,1665691200000,19420.14000000,19470.00000000,19311.36000000,19369.94000000,20938.94370000,60,60,False
1665691200000,1665694800000,19369.94000000,19494.56000000,19355.28000000,19382.61000000,13442.08361000,60,60,False
1665694800000,1665698400000,19382.61000000,19435.33000000,19328.72000000,19401.16000000,6609.03937000,60,60,False
1665698400000,1665702000000,19401.16000000,19457.00000000,19386.45000000,19431.00000000,8665.54657000,60,60,False
1665702000000,1665705600000,19431.91000000,19446.00000000,19353.88000000,19375.13000000,8065.36108000,60,60,False
1665705600000,1665709200000,19375.58000000,19445.96000000,19338.07000000,19407.66000000,10964.11453000,60,60,False
1665709200000,1665712800000,19407.66000000,19951.87000000,19393.86000000,19860.71000000,27251.91751000,60,60,False
1665712800000,1665716400000,19860.69000000,19899.00000000,19768.00000000,19829.18000000,19361.53382000,60,60,False
1665716400000,1665720000000,19829.18000000,19871.56000000,19780.13000000,19816.85000000,10959.05298000,60,60,False
1665720000000,1665723600000,19816.85000000,19847.15000000,19792.06000000,19812.52000000,9137.44037000,60,60,False
1665723600000,1665727200000,19813.22000000,19849.79000000,19720.00000000,19804.01000000,11700.06276000,60,60,False
1665727200000,1665730800000,19804.01000000,19830.00000000,19778.20000000,19793.71000000,10299.11056000,60,60,False
1665730800000,1665734400000,19793.71000000,19805.34000000,19568.33000000,19642.35000000,20389.24148000,60,60,False
1665734400000,1665738000000,19642.20000000,19674.64000000,19557.94000000,19616.73000000,14288.31314000,60,60,False
1665738000000,1665741600000,19617.60000000,19665.79000000,19530.00000000,19647.53000000,11576.53298000,60,60,False
1665741600000,1665745200000,19648.83000000,19745.00000000,19628.81000000,19687.22000000,14563.94104000,60,60,False
1665745200000,1665748800000,19687.22000000,19748.54000000,19588.22000000,19596.25000000,11855.00109000,60,60,False
1665748800000,1665752400000,19596.25000000,19854.48000000,19556.77000000,19802.96000000,20996.08519000,60,60,False
1665752400000,1665756000000,19802.96000000,19815.57000000,19624.52000000,19664.11000000,23642.81281000,60,60,False
1665756000000,1665759600000,19666.16000000,19669.88000000,19351.09000000,19463.15000000,36915.60792000,60,60,False
1665759600000,1665763200000,19463.15000000,19513.35000000,19301.00000000,19358.59000000,20024.64123000,60,60,False
1665763200000,1665766800000,19358.59000000,19403.60000000,19220.73000000,19303.26000000,17336.83350000,60,60,False
1665766800000,1665770400000,19303.26000000,19377.19000000,19286.77000000,19362.83000000,10051.79505000,60,60,False
1665770400000,1665774000000,19362.83000000,19363.27000000,19131.00000000,19213.84000000,13920.38367000,60,60,False
1665774000000,1665777600000,19213.84000000,19269.06000000,19106.16000000,19168.18000000,14038.45535000,60,60,False
1665777600000,1665781200000,19168.18000000,19217.64000000,19100.01000000,19175.65000000,6801.72861000,60,60,False
1665781200000,1665784800000,19174.43000000,19207.15000000,19070.37000000,19107.94000000,5330.36918000,60,60,False
1665784800000,1665788400000,19107.94000000,19166.41000000,19086.99000000,19159.83000000,5854.10575000,60,60,False
1665788400000,1665792000000,19159.83000000,19197.38000000,19141.28000000,19176.93000000,4375.24549000,60,60,False
1665792000000,1665795600000,19176.93000000,19227.68000000,19171.87000000,19200.86000000,4978.42383000,60,60,False
1665795600000,1665799200000,19200.87000000,19209.91000000,19171.76000000,19173.58000000,4223.08523000,60,60,False
1665799200000,1665802800000,19173.58000000,19206.23000000,19133.24000000,19197.08000000,5097.43649000,60,60,False
1665802800000,1665806400000,19197.54000000,19217.80000000,19178.59000000,19200.99000000,3597.59216000,60,60,False
1665806400000,1665810000000,19200.99000000,19211.98000000,19175.82000000,19187.86000000,3482.91769000,60,60,False
1665810000000,1665813600000,19187.86000000,19194.09000000,19153.00000000,19175.92000000,4116.33132000,60,60,False
1665813600000,1665817200000,19175.92000000,19187.20000000,19157.96000000,19168.20000000,4399.46671000,60,60,False
1665817200000,1665820800000,19167.88000000,19182.47000000,19133.16000000,19169.79000000,4199.01182000,60,60,False
1665820800000,1665824400000,19170.43000000,19176.27000000,19037.39000000,19070.68000000,9938.26623000,60,60,False
1665824400000,1665828000000,19069.85000000,19125.00000000,19063.39000000,19107.75000000,6534.58330000,60,60,False
1665828000000,1665831600000,19108.28000000,19179.63000000,19093.80000000,19155.33000000,5635.20028000,60,60,False
1665831600000,1665835200000,19156.35000000,19168.85000000,19139.10000000,19167.33000000,3351.25439000,60,60,False
1665835200000,1665838800000,19167.33000000,19199.00000000,19151.05000000,19168.62000000,4222.05112000,60,60,False
1665838800000,1665842400000,19168.47000000,19181.24000000,19094.01000000,19168.68000000,6914.40186000,60,60,False
1665842400000,1665846000000,19168.09000000,19184.99000000,19118.47000000,19144.29000000,4644.36470000,60,60,False
1665846000000,1665849600000,19144.29000000,19148.70000000,19117.08000000,19127.95000000,3029.89091000,60,60,False
1665849600000,1665853200000,19127.95000000,19163.39000000,19110.88000000,19125.56000000,4000.93497000,60,60,False
1665853200000,1665856800000,19126.24000000,19139.00000000,19095.84000000,19108.47000000,3752.37817000,60,60,False
1665856800000,1665860400000,19108.47000000,19139.22000000,19102.68000000,19117.78000000,3554.48032000,60,60,False
1665860400000,1665864000000,19117.78000000,19125.86000000,19052.00000000,19102.17000000,4272.83494000,60,60,False
1665864000000,1665867600000,19102.65000000,19110.74000000,19080.30000000,19094.92000000,2831.02392000,60,60,False
1665867600000,1665871200000,19094.92000000,19098.12000000,19049.00000000,19068.59000000,3247.58962000,60,60,False
1665871200000,1665874800000,19067.90000000,19091.42000000,19041.00000000,19061.09000000,4603.80392000,60,60,False
1665874800000,1665878400000,19060.02000000,19131.00000000,18975.18000000,19069.39000000,9220.31842000,60,60,False
1665878400000,1665882000000,19068.40000000,19146.07000000,19063.74000000,19139.32000000,5284.07914000,60,60,False
1665882000000,1665885600000,19139.32000000,19170.82000000,19106.71000000,19142.51000000,4094.85504000,60,60,False
1665885600000,1665889200000,19142.51000000,19167.32000000,19101.82000000,19114.74000000,3175.51720000,60,60,False
1665889200000,1665892800000,19114.74000000,19137.41000000,19103.77000000,19123.43000000,3084.98133000,60,60,False
1665892800000,1665896400000,19123.43000000,19159.87000000,19110.35000000,19135.38000000,4186.45847000,60,60,False
1665896400000,1665900000000,19135.38000000,19162.82000000,19121.95000000,19150.56000000,4456.55554000,60,60,False
1665900000000,1665903600000,19150.90000000,19154.94000000,19115.37000000,19133.10000000,3595.55046000,60,60,False
1665903600000,1665907200000,19133.10000000,19148.71000000,19115.00000000,19134.31000000,2868.37131000,60,60,False
1665907200000,1665910800000,19134.31000000,19195.00000000,19130.26000000,19165.58000000,5988.12516000,60,60,False
1665910800000,1665914400000,19165.58000000,19170.00000000,19135.88000000,19140.89000000,4401.44908000,60,60,False
1665914400000,1665918000000,19140.59000000,19152.81000000,19087.37000000,19129.37000000,5505.29033000,60,60,False
1665918000000,1665921600000,19129.37000000,19155.00000000,19117.20000000,19144.69000000,3575.34037000,60,60,False
1665921600000,1665925200000,19144.69000000,19151.30000000,19115.45000000,19133.61000000,4156.31915000,60,60,False
1665925200000,1665928800000,19133.94000000,19145.48000000,19118.40000000,19127.57000000,3671.04980000,60,60,False
1665928800000,1665932400000,19127.57000000,19140.00000000,19104.16000000,19130.36000000,5559.74345000,60,60,False
1665932400000,1665936000000,19130.64000000,19172.55000000,19124.17000000,19158.49000000,5224.01837000,60,60,False
1665936000000,1665939600000,19158.49000000,19168.98000000,19125.53000000,19139.03000000,4554.59390000,60,60,False
1665939600000,1665943200000,19139.93000000,19160.63000000,19128.58000000,19132.13000000,3216.21823000,60,60,False
1665943200000,1665946800000,19131.60000000,19149.52000000,19118.40000000,19134.11000000,2752.41957000,60,60,False
1665946800000,1665950400000,19134.11000000,19383.44000000,19130.00000000,19375.39000000,12902.63806000,60,60,False
1665950400000,1665954000000,19375.39000000,19425.84000000,19262.79000000,19329.63000000,10879.35646000,60,60,False
1665954000000,1665957600000,19329.63000000,19366.38000000,19101.00000000,19148.25000000,8143.90878000,60,60,False
1665957600000,1665961200000,19148.25000000,19367.04000000,19116.85000000,19302.08000000,13812.81431000,60,60,False
1665961200000,1665964800000,19301.35000000,19318.55000000,19226.22000000,19262.98000000,6804.96534000,60,60,False
1665964800000,1665968400000,19262.98000000,19309.06000000,19208.59000000,19230.44000000,7352.58682000,60,60,False
1665968400000,1665972000000,19230.44000000,19239.74000000,19168.87000000,19177.47000000,5773.46720000,60,60,False
1665972000000,1665975600000,19177.47000000,19212.22000000,19166.72000000,19204.36000000,4406.59364000,60,60,False
1665975600000,1665979200000,19204.36000000,19207.80000000,19152.03000000,19186.38000000,4785.72113000,60,60,False
1665979200000,1665982800000,19186.38000000,19238.85000000,19161.03000000,19226.25000000,5091.33190000,60,60,False
1665982800000,1665986400000,19226.25000000,19284.61000000,19224.18000000,19272.20000000,5994.20115000,60,60,False
1665986400000,1665990000000,19272.20000000,19318.28000000,19223.65000000,19241.75000000,6766.60039000,60,60,False
1665990000000,1665993600000,19241.75000000,19318.05000000,19232.25000000,19295.58000000,9432.34390000,60,60,False
1665993600000,1665997200000,19295.58000000,19304.27000000,19244.03000000,19259.83000000,6895.50859000,60,60,False
1665997200000,1666000800000,19260.40000000,19366.60000000,19249.62000000,19336.64000000,8381.80286000,60,60,False
1666000800000,1666004400000,19336.64000000,19421.78000000,19336.48000000,19398.46000000,11464.06224000,60,60,False
1666004400000,1666008000000,19398.46000000,19545.22000000,19370.33000000,19457.58000000,14565.00419000,60,60,False
1666008000000,1666011600000,19457.58000000,19584.39000000,19419.60000000,19518.00000000,13240.46219000,60,60,False
1666011600000,1666015200000,19516.97000000,19676.96000000,19516.97000000,19586.22000000,21859.49716000,60,60,False
1666015200000,1666018800000,19587.65000000,19650.00000000,19440.54000000,19473.84000000,19684.18437000,60,60,False
1666018800000,1666022400000,19474.66000000,19583.30000000,19430.00000000,19535.19000000,14383.83363000,60,60,False
1666022400000,1666026000000,19535.19000000,19592.55000000,19478.48000000,19511.00000000,11336.73552000,60,60,False
1666026000000,1666029600000,19511.00000000,19536.00000000,19456.49000000,19521.21000000,9787.54826000,60,60,False
1666029600000,1666033200000,19521.21000000,19547.03000000,19441.87000000,19516.74000000,8880.45801000,60,60,False
1666033200000,1666036800000,19516.74000000,19557.05000000,19483.97000000,19526.84000000,7483.15300000,60,60,False
1666036800000,1666040400000,19527.66000000,19557.95000000,19505.82000000,19526.97000000,5367.88637000,60,60,False
1666040400000,1666044000000,19527.50000000,19545.32000000,19489.62000000,19514.57000000,3920.80854000,60,60,False
1666044000000,1666047600000,19514.57000000,19626.91000000,19471.80000000,19514.23000000,10845.21523000,60,60,False
1666047600000,1666051200000,19514.23000000,19573.61000000,19504.20000000,19549.86000000,5114.87005000,60,60,False
1666051200000,1666054800000,19548.48000000,19614.16000000,19506.73000000,19596.34000000,8413.31718000,60,60,False
1666054800000,1666058400000,19596.34000000,19624.03000000,19517.31000000,19536.16000000,6372.77909000,60,60,False
1666058400000,1666062000000,19536.00000000,19547.74000000,19480.00000000,19488.73000000,6023.65104000,60,60,False
1666062000000,1666065600000,19488.73000000,19575.57000000,19488.34000000,19547.90000000,8456.92391000,60,60,False
1666065600000,1666069200000,19548.68000000,19614.28000000,19539.70000000,19580.61000000,8288.60194000,60,60,False
1666069200000,1666072800000,19580.61000000,19588.66000000,19536.61000000,19553.50000000,6532.72309000,60,60,False
1666072800000,1666076400000,19553.50000000,19706.66000000,19524.37000000,19643.57000000,11900.87425000,60,60,False
1666076400000,1666080000000,19643.55000000,19688.28000000,19561.51000000,19664.92000000,11245.31609000,60,60,False
1666080000000,1666083600000,19665.95000000,19673.00000000,19524.15000000,19534.45000000,11511.32767000,60,60,False
1666083600000,1666087200000,19535.29000000,19565.59000000,19470.00000000,19528.61000000,13364.22223000,60,60,False
1666087200000,1666090800000,19528.61000000,19583.35000000,19502.98000000,19532.16000000,8020.86041000,60,60,False
1666090800000,1666094400000,19532.17000000,19605.90000000,19528.83000000,19563.59000000,7994.03969000,60,60,False
1666094400000,1666098000000,19563.59000000,19650.31000000,19562.55000000,19626.76000000,9781.41456000,60,60,False
1666098000000,1666101600000,19626.02000000,19680.49000000,19527.86000000,19542.79000000,16075.99356000,60,60,False
1666101600000,1666105200000,19544.77000000,19575.34000000,19361.87000000,19416.96000000,20960.62427000,60,60,False
1666105200000,1666108800000,19415.77000000,19457.11000000,19280.11000000,19375.01000000,20692.74252000,60,60,False
1666108800000,1666112400000,19375.71000000,19442.00000000,19345.56000000,19411.75000000,12474.73485000,60,60,False
1666112400000,1666116000000,19412.65000000,19439.40000000,19362.60000000,19406.73000000,9745.65807000,60,60,False
1666116000000,1666119600000,19407.67000000,19412.94000000,19177.00000000,19220.87000000,14870.55807000,60,60,False
1666119600000,1666123200000,19220.87000000,19222.18000000,19091.00000000,19216.21000000,15559.60257000,60,60,False
1666123200000,1666126800000,19217.79000000,19433.43000000,19195.44000000,19365.96000000,13852.98669000,60,60,False
1666126800000,1666130400000,19364.74000000,19379.26000000,19217.00000000,19293.62000000,6073.84001000,60,60,False
1666130400000,1666134000000,19293.62000000,19335.44000000,19255.53000000,19320.50000000,6213.58009000,60,60,False
1666134000000,1666137600000,19321.45000000,19371.05000000,19305.10000000,19327.44000000,5886.70663000,60,60,False
1666137600000,1666141200000,19327.44000000,19360.16000000,19230.00000000,19234.00000000,8140.58971000,60,60,False
1666141200000,1666144800000,19233.04000000,19323.73000000,19213.99000000,19312.35000000,6427.17287000,60,60,False
1666144800000,1666148400000,19311.47000000,19320.47000000,19248.06000000,19290.66000000,5409.19502000,60,60,False
1666148400000,1666152000000,19291.55000000,19305.38000000,19255.39000000,19281.63000000,4861.15781000,60,60,False
1666152000000,1666155600000,19281.01000000,19306.70000000,19252.80000000,19277.02000000,5209.70139000,60,60,False
1666155600000,1666159200000,19276.16000000,19308.34000000,19235.01000000,19255.11000000,7040.29440000,60,60,False
1666159200000,1666162800000,19254.29000000,19280.00000000,19146.80000000,19190.20000000,9914.24481000,60,60,False
1666162800000,1666166400000,19189.25000000,19243.59000000,19170.35000000,19218.11000000,8674.07469000,60,60,False
1666166400000,1666170000000,19218.59000000,19233.55000000,19147.31000000,19194.42000000,7504.72943000,60,60,False
1666170000000,1666173600000,19195.41000000,19281.81000000,19190.88000000,19268.16000000,7010.21293000,60,60,False
1666173600000,1666177200000,19268.16000000,19276.28000000,19180.30000000,19216.48000000,6378.47377000,60,60,False
1666177200000,1666180800000,19217.58000000,19225.85000000,19140.01000000,19200.84000000,8903.42547000,60,60,False
1666180800000,1666184400000,19201.42000000,19203.99000000,19104.00000000,19163.19000000,8886.35613000,60,60,False
1666184400000,1666188000000,19163.19000000,19250.00000000,19065.97000000,19123.80000000,14531.59730000,60,60,False
1666188000000,1666191600000,19124.71000000,19233.93000000,19100.01000000,19154.96000000,14221.42937000,60,60,False
1666191600000,1666195200000,19154.96000000,19301.69000000,19136.06000000,19266.43000000,11781.40518000,60,60,False
1666195200000,1666198800000,19267.94000000,19279.31000000,19170.02000000,19179.27000000,8483.00764000,60,60,False
1666198800000,1666202400000,19178.38000000,19193.75000000,19095.00000000,19183.19000000,9557.36392000,60,60,False
1666202400000,1666206000000,19183.19000000,19220.00000000,19164.00000000,19186.32000000,5744.13594000,60,60,False
1666206000000,1666209600000,19186.32000000,19233.72000000,19152.37000000,19232.59000000,6603.06663000,60,60,False
1666209600000,1666213200000,19231.63000000,19249.51000000,19134.39000000,19194.71000000,6972.17224000,60,60,False
1666213200000,1666216800000,19193.90000000,19208.40000000,19156.21000000,19194.37000000,2235.53236000,60,60,False
1666216800000,1666220400000,19194.37000000,19199.50000000,19100.00000000,19140.38000000,6470.05646000,60,60,False
1666220400000,1666224000000,19141.05000000,19163.78000000,19084.23000000,19123.97000000,5177.89991000,60,60,False
1666224000000,1666227600000,19123.35000000,19165.34000000,18900.00000000,18972.69000000,11705.65906000,60,60,False
1666227600000,1666231200000,18972.69000000,19054.62000000,18928.37000000,19047.02000000,8434.06759000,60,60,False
1666231200000,1666234800000,19047.02000000,19082.91000000,19014.83000000,19062.77000000,5010.28164000,60,60,False
1666234800000,1666238400000,19062.77000000,19068.24000000,19014.03000000,19042.09000000,4673.95950000,60,60,False
1666238400000,1666242000000,19043.20000000,19210.00000000,19037.66000000,19183.68000000,10373.52693000,60,60,False
1666242000000,1666245600000,19183.67000000,19199.88000000,19116.82000000,19141.23000000,7534.33386000,60,60,False
1666245600000,1666249200000,19140.67000000,19146.61000000,19092.95000000,19133.03000000,6125.28171000,60,60,False
1666249200000,1666252800000,19132.25000000,19167.95000000,19094.74000000,19145.94000000,7624.78133000,60,60,False
1666252800000,1666256400000,19145.10000000,19167.56000000,19106.22000000,19114.67000000,5774.67504000,60,60,False
1666256400000,1666260000000,19114.67000000,19195.31000000,19105.99000000,19185.79000000,6385.47331000,60,60,False
1666260000000,1666263600000,19186.29000000,19253.33000000,19131.79000000,19202.48000000,11136.31109000,60,60,False
1666263600000,1666267200000,19202.48000000,19231.45000000,19186.80000000,19208.09000000,6874.47746000,60,60,False
1666267200000,1666270800000,19208.09000000,19282.68000000,19133.57000000,19134.65000000,14192.99879000,60,60,False
1666270800000,1666274400000,19135.64000000,19219.00000000,19128.24000000,19173.18000000,13340.67810000,60,60,False
1666274400000,1666278000000,19173.06000000,19347.82000000,19168.63000000,19326.31000000,15758.34531000,60,60,False
1666278000000,1666281600000,19325.61000000,19338.66000000,19247.77000000,19253.30000000,8806.21981000,60,60,False
1666281600000,1666285200000,19253.88000000,19256.55000000,19143.71000000,19183.91000000,13546.41210000,60,60,False
1666285200000,1666288800000,19183.14000000,19187.80000000,19063.89000000,19099.11000000,12792.21331000,60,60,False
1666288800000,1666292400000,19099.30000000,19101.55000000,18964.02000000,19062.89000000,16407.21592000,60,60,False
1666292400000,1666296000000,19063.93000000,19117.87000000,19028.36000000,19063.82000000,10286.36239000,60,60,False
1666296000000,1666299600000,19063.04000000,19088.00000000,18929.38000000,19031.08000000,10416.99095000,60,60,False
1666299600000,1666303200000,19031.01000000,19098.00000000,18994.42000000,19073.92000000,4726.06300000,60,60,False
1666303200000,1666306800000,19073.92000000,19094.44000000,19000.17000000,19034.04000000,6218.17595000,60,60,False
1666306800000,1666310400000,19034.04000000,19050.70000000,18979.17000000,19041.92000000,5385.62653000,60,60,False
1666310400000,1666314000000,19041.92000000,19066.23000000,18999.00000000,19049.62000000,8370.34035000,60,60,False
1666314000000,1666317600000,19048.83000000,19074.40000000,19022.36000000,19065.24000000,5416.67906000,60,60,False
1666317600000,1666321200000,19065.86000000,19131.39000000,19058.26000000,19110.37000000,6047.32632000,60,60,False
1666321200000,1666324800000,19109.49000000,19125.42000000,19043.52000000,19051.77000000,5370.16252000,60,60,False
1666324800000,1666328400000,19051.19000000,19082.40000000,19025.00000000,19047.46000000,6134.23761000,60,60,False
1666328400000,1666332000000,19046.74000000,19066.19000000,19026.47000000,19043.53000000,5036.80784000,60,60,False
1666332000000,1666335600000,19043.53000000,19071.96000000,19029.18000000,19036.68000000,5522.63148000,60,60,False
1666335600000,1666339200000,19036.68000000,19084.17000000,18991.69000000,19027.86000000,8473.07587000,60,60,False
1666339200000,1666342800000,19028.68000000,19041.96000000,18939.00000000,18980.39000000,11361.98326000,60,60,False
1666342800000,1666346400000,18981.00000000,19030.84000000,18900.00000000,19011.00000000,12323.68045000,60,60,False
1666346400000,1666350000000,19011.00000000,19018.52000000,18956.63000000,19003.17000000,8187.22723000,60,60,False
1666350000000,1666353600000,19003.63000000,19011.91000000,18940.78000000,18945.65000000,8168.22817000,60,60,False
1666353600000,1666357200000,18944.99000000,18948.31000000,18650.00000000,18879.27000000,25331.99058000,60,60,False
1666357200000,1666360800000,18879.27000000,19083.14000000,18856.40000000,19065.36000000,32384.98637000,60,60,False
1666360800000,1666364400000,19064.50000000,19129.44000000,18937.50000000,18976.14000000,25136.91939000,60,60,False
1666364400000,1666368000000,18976.14000000,19174.16000000,18947.82000000,19168.25000000,20846.55652000,60,60,False
1666368000000,1666371600000,19168.44000000,19229.00000000,19103.04000000,19127.76000000,19095.72365000,60,60,False
1666371600000,1666375200000,19127.76000000,19174.52000000,19089.00000000,19150.98000000,12443.99881000,60,60,False
1666375200000,1666378800000,19150.98000000,19205.39000000,19120.35000000,19139.66000000,11396.94650000,60,60,False
1666378800000,1666382400000,19140.52000000,19250.00000000,19135.00000000,19189.22000000,12163.27879000,60,60,False
1666382400000,1666386000000,19189.22000000,19249.73000000,19157.31000000,19177.82000000,8094.35949000,60,60,False
1666386000000,1666389600000,19177.82000000,19179.91000000,19137.68000000,19153.80000000,3850.45479000,60,60,False
1666389600000,1666393200000,19154.12000000,19192.91000000,19153.22000000,19189.37000000,4508.82526000,60,60,False
1666393200000,1666396800000,19189.37000000,19193.48000000,19160.00000000,19164.37000000,3644.33738000,60,60,False
1666396800000,1666400400000,19164.37000000,19179.61000000,19147.64000000,19164.71000000,4479.44380000,60,60,False
1666400400000,1666404000000,19164.39000000,19183.39000000,19145.30000000,19155.82000000,4021.17046000,60,60,False
1666404000000,1666407600000,19155.82000000,19164.54000000,19119.60000000,19128.58000000,4282.99174000,60,60,False
1666407600000,1666411200000,19128.78000000,19159.55000000,19112.72000000,19151.22000000,4821.38404000,60,60,False
1666411200000,1666414800000,19150.36000000,19163.25000000,19146.40000000,19148.21000000,3495.25767000,60,60,False
1666414800000,1666418400000,19148.21000000,19157.54000000,19137.36000000,19141.13000000,3306.47343000,60,60,False
1666418400000,1666422000000,19140.56000000,19150.00000000,19132.71000000,19144.58000000,3059.10079000,60,60,False
1666422000000,1666425600000,19144.58000000,19177.01000000,19143.71000000,19163.58000000,4538.35630000,60,60,False
1666425600000,1666429200000,19163.58000000,19176.94000000,19151.53000000,19155.28000000,4370.25205000,60,60,False
1666429200000,1666432800000,19154.67000000,19174.69000000,19140.00000000,19142.66000000,4221.31603000,60,60,False
1666432800000,1666436400000,19142.66000000,19171.67000000,19140.57000000,19167.28000000,3761.50509000,60,60,False
1666436400000,1666440000000,19167.28000000,19188.00000000,19158.78000000,19178.66000000,4815.93693000,60,60,False
1666440000000,1666443600000,19178.99000000,19204.40000000,19155.00000000,19182.02000000,6126.74818000,60,60,False
1666443600000,1666447200000,19182.03000000,19257.00000000,19181.91000000,19196.56000000,8854.36782000,60,60,False
1666447200000,1666450800000,19196.56000000,19250.21000000,19195.83000000,19236.20000000,5789.55276000,60,60,False
1666450800000,1666454400000,19235.84000000,19257.00000000,19208.06000000,19235.65000000,6212.36133000,60,60,False
1666454400000,1666458000000,19234.80000000,19248.85000000,19170.00000000,19193.86000000,7380.79674000,60,60,False
1666458000000,1666461600000,19193.86000000,19208.80000000,19140.30000000,19152.02000000,5288.17633000,60,60,False
1666461600000,1666465200000,19152.05000000,19179.99000000,19134.00000000,19170.15000000,5194.31860000,60,60,False
1666465200000,1666468800000,19169.93000000,19188.92000000,19163.09000000,19183.83000000,3743.83195000,60,60,False
1666468800000,1666472400000,19183.83000000,19224.99000000,19173.79000000,19216.76000000,3585.44143000,60,60,False
1666472400000,1666476000000,19216.01000000,19224.99000000,19190.46000000,19201.97000000,3074.33136000,60,60,False
1666476000000,1666479600000,19201.97000000,19208.90000000,19183.77000000,19192.32000000,3478.38479000,60,60,False
1666479600000,1666483200000,19192.97000000,19208.00000000,19190.00000000,19204.35000000,2502.40875000,60,60,False
1666483200000,1666486800000,19204.29000000,19219.76000000,19189.74000000,19195.63000000,3435.83210000,60,60,False
1666486800000,1666490400000,19195.64000000,19204.35000000,19163.32000000,19179.22000000,3563.03776000,60,60,False
1666490400000,1666494000000,19179.22000000,19208.53000000,19175.00000000,19196.97000000,4286.22107000,60,60,False
1666494000000,1666497600000,19196.98000000,19202.00000000,19184.37000000,19197.59000000,3475.04801000,60,60,False
1666497600000,1666501200000,19197.55000000,19221.71000000,19173.51000000,19185.28000000,4987.93340000,60,60,False
1666501200000,1666504800000,19185.28000000,19195.32000000,19170.00000000,19178.98000000,3849.71703000,60,60,False
1666504800000,1666508400000,19178.98000000,19188.50000000,19156.60000000,19177.36000000,3974.53783000,60,60,False
1666508400000,1666512000000,19176.64000000,19179.20000000,19148.01000000,19162.37000000,3982.02649000,60,60,False
1666512000000,1666515600000,19162.16000000,19186.04000000,19150.00000000,19184.09000000,3246.59783000,60,60,False
1666515600000,1666519200000,19184.09000000,19188.70000000,19176.77000000,19184.13000000,2989.48320000,60,60,False
1666519200000,1666522800000,19184.13000000,19188.08000000,19164.50000000,19170.01000000,3048.88004000,60,60,False
1666522800000,1666526400000,19170.00000000,19172.70000000,19125.63000000,19151.78000000,6186.13260000,60,60,False
1666526400000,1666530000000,19151.24000000,19158.84000000,19070.11000000,19150.81000000,7081.51890000,60,60,False
1666530000000,1666533600000,19151.54000000,19180.31000000,19142.00000000,19176.27000000,4613.19817000,60,60,False
1666533600000,1666537200000,19176.27000000,19210.54000000,19173.61000000,19187.66000000,5747.12672000,60,60,False
1666537200000,1666540800000,19187.17000000,19213.14000000,19178.31000000,19190.14000000,4682.45297000,60,60,False
1666540800000,1666544400000,19190.14000000,19203.98000000,19169.18000000,19178.34000000,4365.88969000,60,60,False
1666544400000,1666548000000,19178.69000000,19500.00000000,19171.00000000,19476.02000000,16962.35381000,60,60,False
1666548000000,1666551600000,19474.75000000,19553.96000000,19399.65000000,19437.83000000,18875.17234000,60,60,False
1666551600000,1666555200000,19438.41000000,19522.11000000,19436.73000000,19499.83000000,7647.73763000,60,60,False
1666555200000,1666558800000,19500.38000000,19522.95000000,19441.96000000,19496.63000000,8346.94465000,60,60,False
1666558800000,1666562400000,19496.03000000,19599.00000000,19445.68000000,19538.12000000,7443.46670000,60,60,False
1666562400000,1666566000000,19538.12000000,19695.00000000,19538.11000000,19592.96000000,22269.34564000,60,60,False
1666566000000,1666569600000,19592.96000000,19608.77000000,19517.93000000,19570.40000000,11996.54726000,60,60,False
1666569600000,1666573200000,19570.40000000,19601.15000000,19491.84000000,19518.82000000,13256.66937000,60,60,False
1666573200000,1666576800000,19518.14000000,19527.72000000,19366.00000000,19412.47000000,14512.13410000,60,60,False
1666576800000,1666580400000,19411.49000000,19477.45000000,19390.88000000,19414.68000000,8260.47764000,60,60,False
1666580400000,1666584000000,19414.97000000,19435.52000000,19342.33000000,19391.97000000,10196.90396000,60,60,False
1666584000000,1666587600000,19391.97000000,19392.41000000,19260.00000000,19336.06000000,10574.78988000,60,60,False
1666587600000,1666591200000,19336.06000000,19355.70000000,19292.65000000,19336.43000000,7984.15179000,60,60,False
1666591200000,1666594800000,19335.76000000,19366.00000000,19283.25000000,19295.21000000,10015.73096000,60,60,False
1666594800000,1666598400000,19293.50000000,19341.46000000,19250.59000000,19322.40000000,16546.84481000,60,60,False
1666598400000,1666602000000,19322.40000000,19344.51000000,19292.30000000,19340.28000000,8088.68661000,60,60,False
1666602000000,1666605600000,19340.28000000,19405.43000000,19312.00000000,19382.51000000,8730.15141000,60,60,False
1666605600000,1666609200000,19381.48000000,19444.44000000,19365.45000000,19403.21000000,12359.00236000,60,60,False
1666609200000,1666612800000,19402.10000000,19444.44000000,19362.13000000,19423.63000000,9500.34357000,60,60,False
1666612800000,1666616400000,19422.90000000,19450.90000000,19317.86000000,19373.05000000,13351.45858000,60,60,False
1666616400000,1666620000000,19373.62000000,19400.82000000,19294.33000000,19352.40000000,20602.34376000,60,60,False
1666620000000,1666623600000,19352.40000000,19356.56000000,19157.00000000,19276.76000000,25338.17520000,60,60,False
1666623600000,1666627200000,19277.53000000,19312.51000000,19245.14000000,19301.96000000,11851.06860000,60,60,False
1666627200000,1666630800000,19301.96000000,19318.64000000,19253.94000000,19272.81000000,8652.25701000,60,60,False
1666630800000,1666634400000,19272.81000000,19299.90000000,19223.00000000,19285.52000000,7147.37833000,60,60,False
1666634400000,1666638000000,19284.65000000,19349.55000000,19281.85000000,19334.65000000,7710.41258000,60,60,False
1666638000000,1666641600000,19334.65000000,19425.05000000,19330.00000000,19343.23000000,10079.96638000,60,60,False
1666641600000,1666645200000,19343.95000000,19381.47000000,19301.11000000,19378.53000000,6218.25049000,60,60,False
1666645200000,1666648800000,19378.53000000,19419.15000000,19329.66000000,19366.42000000,5921.40096000,60,60,False
1666648800000,1666652400000,19366.42000000,19373.95000000,19303.20000000,19361.13000000,5304.62127000,60,60,False
1666652400000,1666656000000,19360.39000000,19365.32000000,19320.73000000,19329.72000000,3964.92505000,60,60,False
1666656000000,1666659600000,19330.60000000,19339.60000000,19276.35000000,19308.75000000,6441.26261000,60,60,False
1666659600000,1666663200000,19309.53000000,19317.38000000,19250.00000000,19297.63000000,7087.08928000,60,60,False
1666663200000,1666666800000,19298.15000000,19316.67000000,19276.38000000,19311.90000000,3915.63896000,60,60,False
1666666800000,1666670400000,19311.10000000,19365.32000000,19305.39000000,19342.02000000,5445.61529000,60,60,False
1666670400000,1666674000000,19342.41000000,19377.10000000,19330.06000000,19341.96000000,3774.78405000,60,60,False
1666674000000,1666677600000,19341.96000000,19345.27000000,19290.36000000,19336.61000000,5122.45601000,60,60,False
1666677600000,1666681200000,19336.61000000,19366.31000000,19321.80000000,19329.98000000,6202.36036000,60,60,False
1666681200000,1666684800000,19329.98000000,19340.00000000,19272.85000000,19306.75000000,6588.99710000,60,60,False
1666684800000,1666688400000,19306.34000000,19322.42000000,19271.00000000,19296.98000000,4923.04336000,60,60,False
1666688400000,1666692000000,19296.41000000,19297.32000000,19255.04000000,19265.57000000,6834.10662000,60,60,False
1666692000000,1666695600000,19265.57000000,19298.67000000,19237.00000000,19296.50000000,6156.29294000,60,60,False
1666695600000,1666699200000,19296.50000000,19327.16000000,19277.54000000,19302.13000000,5843.42436000,60,60,False
1666699200000,1666702800000,19301.39000000,19344.62000000,19260.82000000,19328.30000000,8585.16100000,60,60,False
1666702800000,1666706400000,19328.30000000,19526.17000000,19326.90000000,19478.39000000,26534.21803000,60,60,False
1666706400000,1666710000000,19478.39000000,19544.44000000,19445.00000000,19490.06000000,19202.51018000,60,60,False
1666710000000,1666713600000,19490.04000000,19811.00000000,19484.54000000,19748.48000000,33636.02692000,60,60,False
1666713600000,1666717200000,19748.48000000,19840.70000000,19718.00000000,19813.64000000,23508.35210000,60,60,False
1666717200000,1666720800000,19813.64000000,20192.97000000,19810.51000000,20118.55000000,41354.19752000,60,60,False
1666720800000,1666724400000,20118.55000000,20412.80000000,20078.23000000,20273.80000000,32773.30295000,60,60,False
1666724400000,1666728000000,20273.80000000,20415.87000000,20205.04000000,20273.14000000,21461.25736000,60,60,False
1666728000000,1666731600000,20276.26000000,20296.92000000,20007.00000000,20188.99000000,24000.12808000,60,60,False
1666731600000,1666735200000,20188.99000000,20270.00000000,20100.00000000,20232.30000000,9360.63531000,60,60,False
1666735200000,1666738800000,20231.00000000,20235.41000000,19981.12000000,20063.30000000,9074.95346000,60,60,False
1666738800000,1666742400000,20063.30000000,20135.35000000,20039.29000000,20080.07000000,8544.85676000,60,60,False
1666742400000,1666746000000,20079.02000000,20175.99000000,20050.41000000,20167.02000000,12223.51304000,60,60,False
1666746000000,1666749600000,20165.80000000,20293.78000000,20083.59000000,20230.32000000,13211.39217000,60,60,False
1666749600000,1666753200000,20230.32000000,20260.85000000,20172.59000000,20210.63000000,9887.22217000,60,60,False
1666753200000,1666756800000,20211.94000000,20308.00000000,20181.99000000,20251.17000000,9868.02662000,60,60,False
1666756800000,1666760400000,20250.55000000,20276.77000000,20178.16000000,20203.42000000,9298.34314000,60,60,False
1666760400000,1666764000000,20204.08000000,20233.40000000,20129.24000000,20187.92000000,10100.84386000,60,60,False
1666764000000,1666767600000,20187.92000000,20249.00000000,20168.57000000,20217.19000000,11387.82112000,60,60,False
1666767600000,1666771200000,20217.19000000,20382.56000000,20199.60000000,20344.76000000,17734.82754000,60,60,False
1666771200000,1666774800000,20344.05000000,20783.27000000,20281.79000000,20671.04000000,28894.37133000,60,60,False
1666774800000,1666778400000,20671.04000000,20719.20000000,20542.51000000,20593.69000000,18015.14528000,60,60,False
1666778400000,1666782000000,20594.85000000,20685.84000000,20537.80000000,20668.12000000,13490.64915000,60,60,False
1666782000000,1666785600000,20668.12000000,20749.68000000,20570.00000000,20607.81000000,14117.48726000,60,60,False
1666785600000,1666789200000,20606.86000000,20622.00000000,20455.80000000,20548.59000000,16543.76641000,60,60,False
1666789200000,1666792800000,20549.73000000,20617.49000000,20338.75000000,20552.69000000,23891.42634000,60,60,False
1666792800000,1666796400000,20552.69000000,21020.00000000,20551.74000000,20833.48000000,46695.45076000,60,60,False
1666796400000,1666800000000,20833.48000000,20936.74000000,20785.37000000,20846.66000000,21506.62113000,60,60,False
1666800000000,1666803600000,20846.66000000,20997.13000000,20712.36000000,20762.32000000,22425.25446000,60,60,False
1666803600000,1666807200000,20762.32000000,20834.09000000,20669.25000000,20823.72000000,16190.08356000,60,60,False
1666807200000,1666810800000,20822.60000000,20869.18000000,20657.23000000,20696.83000000,14447.22609000,60,60,False
1666810800000,1666814400000,20696.83000000,20789.34000000,20639.98000000,20763.54000000,11713.53448000,60,60,False
1666814400000,1666818000000,20764.52000000,20852.94000000,20694.28000000,20743.92000000,13662.68226000,60,60,False
1666818000000,1666821600000,20745.13000000,20761.99000000,20701.14000000,20739.38000000,4366.25913000,60,60,False
1666821600000,1666825200000,20739.38000000,20905.05000000,20700.00000000,20817.07000000,11811.86326000,60,60,False
1666825200000,1666828800000,20816.75000000,20907.00000000,20737.19000000,20771.59000000,9008.88520000,60,60,False
1666828800000,1666832400000,20771.61000000,20847.90000000,20716.17000000,20754.53000000,10044.23968000,60,60,False
1666832400000,1666836000000,20754.99000000,20802.87000000,20700.62000000,20725.62000000,8761.76476000,60,60,False
1666836000000,1666839600000,20724.54000000,20796.51000000,20681.33000000,20685.06000000,9824.74548000,60,60,False
1666839600000,1666843200000,20685.06000000,20773.66000000,20581.49000000,20755.33000000,12463.64050000,60,60,False
1666843200000,1666846800000,20755.90000000,20870.00000000,20735.28000000,20801.10000000,8213.09208000,60,60,False
1666846800000,1666850400000,20800.18000000,20872.21000000,20786.43000000,20804.00000000,9105.99304000,60,60,False
1666850400000,1666854000000,20803.58000000,20836.00000000,20704.00000000,20719.26000000,11021.87430000,60,60,False
1666854000000,1666857600000,20718.04000000,20768.92000000,20680.72000000,20710.02000000,11603.99979000,60,60,False
1666857600000,1666861200000,20711.12000000,20750.90000000,20683.05000000,20709.00000000,10621.35544000,60,60,False
1666861200000,1666864800000,20709.00000000,20709.75000000,20521.00000000,20611.29000000,13508.20916000,60,60,False
1666864800000,1666868400000,20610.50000000,20622.37000000,20451.71000000,20549.58000000,15007.44405000,60,60,False
1666868400000,1666872000000,20547.55000000,20633.00000000,20530.06000000,20622.84000000,12579.03965000,60,60,False
1666872000000,1666875600000,20622.11000000,20780.00000000,20500.00000000,20723.78000000,26463.93223000,60,60,False
1666875600000,1666879200000,20723.78000000,20742.58000000,20430.00000000,20524.54000000,24887.32489000,60,60,False
1666879200000,1666882800000,20524.54000000,20730.00000000,20496.60000000,20567.12000000,24210.76090000,60,60,False
1666882800000,1666886400000,20567.12000000,20665.80000000,20540.76000000,20563.09000000,15961.43376000,60,60,False
1666886400000,1666890000000,20564.08000000,20600.45000000,20497.62000000,20571.60000000,11713.69227000,60,60,False
1666890000000,1666893600000,20570.51000000,20647.49000000,20547.51000000,20583.69000000,10200.06301000,60,60,False
1666893600000,1666897200000,20583.69000000,20600.00000000,20550.00000000,20583.60000000,6378.99857000,60,60,False
1666897200000,1666900800000,20583.60000000,20679.51000000,20581.09000000,20629.59000000,10840.62612000,60,60,False
1666900800000,1666904400000,20629.59000000,20637.90000000,20220.00000000,20395.80000000,34580.10272000,60,60,False
1666904400000,1666908000000,20395.80000000,20413.14000000,20317.94000000,20407.45000000,7949.96852000,60,60,False
1666908000000,1666911600000,20408.33000000,20426.03000000,20200.00000000,20269.57000000,12891.56859000,60,60,False
1666911600000,1666915200000,20270.89000000,20305.79000000,20201.75000000,20295.11000000,9809.70840000,60,60,False
1666915200000,1666918800000,20295.11000000,20337.80000000,20160.00000000,20284.81000000,14614.51358000,60,60,False
1666918800000,1666922400000,20283.34000000,20326.99000000,20227.89000000,20321.95000000,9156.65370000,60,60,False
1666922400000,1666926000000,20322.92000000,20323.32000000,20183.00000000,20223.47000000,11383.42414000,60,60,False
1666926000000,1666929600000,20223.47000000,20296.74000000,20207.20000000,20292.81000000,6444.05039000,60,60,False
1666929600000,1666933200000,20292.77000000,20308.00000000,20244.15000000,20251.95000000,6043.12913000,60,60,False
1666933200000,1666936800000,20251.95000000,20292.33000000,20218.78000000,20287.01000000,8145.50744000,60,60,False
1666936800000,1666940400000,20287.01000000,20312.32000000,20254.00000000,20259.74000000,7301.46017000,60,60,False
1666940400000,1666944000000,20260.02000000,20269.98000000,20060.00000000,20080.01000000,17621.44730000,60,60,False
1666944000000,1666947600000,20080.01000000,20211.00000000,20026.00000000,20182.85000000,17317.37631000,60,60,False
1666947600000,1666951200000,20183.15000000,20233.33000000,20152.96000000,20203.48000000,9086.62245000,60,60,False
1666951200000,1666954800000,20203.48000000,20248.64000000,20133.28000000,20177.01000000,9342.42462000,60,60,False
1666954800000,1666958400000,20177.01000000,20211.31000000,20116.55000000,20173.74000000,8923.01412000,60,60,False
1666958400000,1666962000000,20174.00000000,20292.85000000,20000.09000000,20209.78000000,19713.93795000,60,60,False
1666962000000,1666965600000,20209.96000000,20588.88000000,20185.06000000,20470.60000000,27716.69087000,60,60,False
1666965600000,1666969200000,20471.97000000,20565.02000000,20329.71000000,20497.66000000,24372.27172000,60,60,False
1666969200000,1666972800000,20498.94000000,20539.78000000,20411.03000000,20484.59000000,13897.34191000,60,60,False
1666972800000,1666976400000,20483.96000000,20750.00000000,20450.50000000,20702.73000000,21396.68888000,60,60,False
1666976400000,1666980000000,20703.85000000,20735.85000000,20627.35000000,20629.63000000,12600.85748000,60,60,False
1666980000000,1666983600000,20629.63000000,20667.00000000,20582.05000000,20628.83000000,9390.12122000,60,60,False
1666983600000,1666987200000,20629.97000000,20634.49000000,20542.00000000,20609.21000000,8734.88960000,60,60,False
1666987200000,1666990800000,20609.21000000,20735.86000000,20603.56000000,20629.96000000,10097.64243000,60,60,False
1666990800000,1666994400000,20630.70000000,20664.99000000,20566.00000000,20596.44000000,4755.40063000,60,60,False
1666994400000,1666998000000,20595.67000000,20638.07000000,20575.77000000,20630.03000000,5116.78776000,60,60,False
1666998000000,1667001600000,20630.94000000,20637.39000000,20576.22000000,20591.84000000,3867.69189000,60,60,False
1667001600000,1667005200000,20591.84000000,20627.32000000,20554.01000000,20621.49000000,6239.40858000,60,60,False
1667005200000,1667008800000,20620.73000000,20642.24000000,20605.66000000,20628.57000000,4401.41286000,60,60,False
1667008800000,1667012400000,20628.31000000,20782.01000000,20624.54000000,20736.78000000,10610.98136000,60,60,False
1667012400000,1667016000000,20736.16000000,20823.81000000,20666.20000000,20754.27000000,10615.75251000,60,60,False
1667016000000,1667019600000,20754.27000000,20771.88000000,20660.00000000,20678.91000000,6366.03692000,60,60,False
1667019600000,1667023200000,20679.60000000,20752.00000000,20620.81000000,20655.56000000,8904.06665000,60,60,False
1667023200000,1667026800000,20655.56000000,20715.30000000,20647.89000000,20685.97000000,5420.06418000,60,60,False
1667026800000,1667030400000,20686.82000000,20777.00000000,20664.61000000,20772.27000000,8976.36848000,60,60,False
1667030400000,1667034000000,20772.27000000,20985.25000000,20721.31000000,20922.87000000,25050.67595000,60,60,False
1667034000000,1667037600000,20923.45000000,20970.90000000,20875.36000000,20955.25000000,9796.31485000,60,60,False
1667037600000,1667041200000,20955.25000000,21085.00000000,20725.00000000,20773.86000000,22260.40294000,60,60,False
1667041200000,1667044800000,20773.86000000,20805.67000000,20650.21000000,20698.89000000,12423.33941000,60,60,False
1667044800000,1667048400000,20698.06000000,20776.80000000,20676.54000000,20769.57000000,10642.99443000,60,60,False
1667048400000,1667052000000,20769.57000000,20785.93000000,20690.24000000,20779.75000000,9276.60980000,60,60,False
1667052000000,1667055600000,20779.75000000,20939.68000000,20754.28000000,20806.78000000,15773.83680000,60,60,False
1667055600000,1667059200000,20807.48000000,20947.00000000,20794.00000000,20923.33000000,14689.59843000,60,60,False
1667059200000,1667062800000,20922.25000000,20970.00000000,20850.00000000,20862.06000000,14677.99670000,60,60,False
1667062800000,1667066400000,20862.06000000,20982.86000000,20777.00000000,20808.78000000,13905.17819000,60,60,False
1667066400000,1667070000000,20809.70000000,20873.57000000,20757.26000000,20852.82000000,11679.53208000,60,60,False
1667070000000,1667073600000,20853.70000000,20861.21000000,20791.41000000,20836.96000000,6609.08010000,60,60,False
1667073600000,1667077200000,20836.96000000,20877.55000000,20821.32000000,20850.71000000,6051.36067000,60,60,False
1667077200000,1667080800000,20850.71000000,20899.99000000,20840.01000000,20846.18000000,4655.28797000,60,60,False
1667080800000,1667084400000,20845.62000000,20865.00000000,20704.12000000,20757.79000000,10283.73244000,60,60,False
1667084400000,1667088000000,20757.79000000,20817.95000000,20728.71000000,20809.67000000,5571.74525000,60,60,False
1667088000000,1667091600000,20809.68000000,20841.11000000,20701.15000000,20710.57000000,7632.03366000,60,60,False
1667091600000,1667095200000,20710.57000000,20782.14000000,20701.32000000,20778.35000000,5567.31251000,60,60,False
1667095200000,1667098800000,20778.35000000,20797.80000000,20743.25000000,20752.51000000,6072.53164000,60,60,False
1667098800000,1667102400000,20753.40000000,20804.20000000,20750.86000000,20775.50000000,5625.46449000,60,60,False
1667102400000,1667106000000,20775.50000000,20788.62000000,20741.32000000,20745.67000000,4808.97518000,60,60,False
1667106000000,1667109600000,20745.52000000,20808.04000000,20742.37000000,20805.06000000,6372.17703000,60,60,False
1667109600000,1667113200000,20803.86000000,20910.00000000,20790.03000000,20890.93000000,11045.25456000,60,60,False
1667113200000,1667116800000,20891.52000000,20931.21000000,20821.41000000,20850.85000000,9610.74126000,60,60,False
1667116800000,1667120400000,20850.84000000,20887.34000000,20717.08000000,20784.05000000,11666.00465000,60,60,False
1667120400000,1667124000000,20783.18000000,20823.04000000,20635.00000000,20694.58000000,12042.41306000,60,60,False
1667124000000,1667127600000,20693.32000000,20719.00000000,20632.73000000,20685.62000000,8702.59934000,60,60,False
1667127600000,1667131200000,20686.76000000,20788.83000000,20661.71000000,20769.84000000,9475.07449000,60,60,False
1667131200000,1667134800000,20770.81000000,20781.50000000,20673.07000000,20726.05000000,8571.44606000,60,60,False
1667134800000,1667138400000,20725.23000000,20734.36000000,20589.18000000,20646.61000000,10192.96691000,60,60,False
1667138400000,1667142000000,20646.61000000,20742.03000000,20622.61000000,20738.44000000,8522.31529000,60,60,False
1667142000000,1667145600000,20738.44000000,20745.00000000,20635.84000000,20676.70000000,7663.30997000,60,60,False
1667145600000,1667149200000,20676.72000000,20700.91000000,20550.00000000,20599.62000000,11028.82150000,60,60,False
1667149200000,1667152800000,20598.46000000,20669.00000000,20561.07000000,20657.96000000,8711.86813000,60,60,False
1667152800000,1667156400000,20657.96000000,20700.00000000,20638.90000000,20677.48000000,5559.65279000,60,60,False
1667156400000,1667160000000,20677.48000000,20696.52000000,20633.60000000,20647.49000000,4914.59693000,60,60,False
1667160000000,1667163600000,20647.77000000,20739.00000000,20646.60000000,20681.73000000,5987.93121000,60,60,False
1667163600000,1667167200000,20681.17000000,20707.22000000,20665.02000000,20688.82000000,3553.85175000,60,60,False
1667167200000,1667170800000,20688.83000000,20695.79000000,20515.00000000,20586.67000000,12746.11693000,60,60,False
1667170800000,1667174400000,20587.75000000,20638.69000000,20550.02000000,20627.48000000,6722.14952000,60,60,False
1667174400000,1667178000000,20627.48000000,20675.00000000,20534.00000000,20542.43000000,10339.18383000,60,60,False
1667178000000,1667181600000,20543.04000000,20573.85000000,20454.55000000,20522.89000000,10906.92330000,60,60,False
1667181600000,1667185200000,20522.89000000,20542.71000000,20427.23000000,20470.93000000,10087.08134000,60,60,False
1667185200000,1667188800000,20471.11000000,20528.36000000,20462.27000000,20516.07000000,7504.70156000,60,60,False
1667188800000,1667192400000,20516.07000000,20577.23000000,20508.60000000,20563.04000000,6638.35283000,60,60,False
1667192400000,1667196000000,20562.72000000,20593.00000000,20523.40000000,20543.51000000,6975.41692000,60,60,False
1667196000000,1667199600000,20542.58000000,20564.27000000,20455.00000000,20516.60000000,8871.38402000,60,60,False
1667199600000,1667203200000,20515.55000000,20548.04000000,20460.68000000,20546.65000000,6986.68158000,60,60,False
1667203200000,1667206800000,20547.08000000,20549.00000000,20449.86000000,20487.76000000,9866.81142000,60,60,False
1667206800000,1667210400000,20486.77000000,20736.54000000,20464.18000000,20714.01000000,16180.36836000,60,60,False
1667210400000,1667214000000,20714.89000000,20845.92000000,20686.50000000,20750.56000000,17482.34809000,60,60,False
1667214000000,1667217600000,20750.56000000,20822.00000000,20714.55000000,20730.54000000,13191.62127000,60,60,False
1667217600000,1667221200000,20731.53000000,20749.72000000,20645.79000000,20698.27000000,14519.44764000,60,60,False
1667221200000,1667224800000,20699.23000000,20755.73000000,20300.00000000,20336.29000000,26694.66317000,60,60,False
1667224800000,1667228400000,20333.74000000,20430.72000000,20237.95000000,20336.22000000,31619.80297000,60,60,False
1667228400000,1667232000000,20336.22000000,20465.99000000,20291.74000000,20401.53000000,18928.44019000,60,60,False
1667232000000,1667235600000,20402.60000000,20533.00000000,20328.68000000,20371.87000000,20988.91618000,60,60,False
1667235600000,1667239200000,20370.92000000,20425.28000000,20345.06000000,20373.64000000,11827.33569000,60,60,False
1667239200000,1667242800000,20373.64000000,20468.89000000,20356.00000000,20433.90000000,11550.60960000,60,60,False
1667242800000,1667246400000,20433.90000000,20438.01000000,20360.37000000,20371.72000000,12193.69642000,60,60,False
1667246400000,1667250000000,20371.40000000,20441.99000000,20353.77000000,20401.49000000,7588.08696000,60,60,False
1667250000000,1667253600000,20401.49000000,20430.80000000,20390.23000000,20406.58000000,4043.39784000,60,60,False
1667253600000,1667257200000,20407.46000000,20501.76000000,20375.11000000,20479.48000000,11124.35235000,60,60,False
1667257200000,1667260800000,20480.45000000,20524.76000000,20461.56000000,20490.74000000,7457.99275000,60,60,False
1667260800000,1667264400000,20490.74000000,20505.62000000,20440.64000000,20456.57000000,10863.93121000,60,60,False
1667264400000,1667268000000,20455.80000000,20559.27000000,20454.86000000,20514.66000000,10940.24231000,60,60,False
1667268000000,1667271600000,20514.66000000,20589.67000000,20495.45000000,20579.00000000,10602.17836000,60,60,False
1667271600000,1667275200000,20578.75000000,20586.94000000,20475.77000000,20482.57000000,10123.83554000,60,60,False
1667275200000,1667278800000,20482.57000000,20521.87000000,20466.71000000,20495.53000000,8905.81588000,60,60,False
1667278800000,1667282400000,20495.99000000,20555.21000000,20491.85000000,20530.41000000,8071.52908000,60,60,False
1667282400000,1667286000000,20530.41000000,20662.80000000,20525.21000000,20624.57000000,14020.49773000,60,60,False
1667286000000,1667289600000,20625.53000000,20657.01000000,20560.27000000,20599.51000000,10699.52674000,60,60,False
1667289600000,1667293200000,20598.74000000,20644.78000000,20571.11000000,20584.63000000,9606.29616000,60,60,False
1667293200000,1667296800000,20583.63000000,20700.00000000,20545.45000000,20597.40000000,15556.65255000,60,60,False
1667296800000,1667300400000,20597.40000000,20655.00000000,20574.24000000,20617.76000000,13584.19733000,60,60,False
1667300400000,1667304000000,20617.76000000,20623.65000000,20489.92000000,20522.79000000,14621.37958000,60,60,False
1667304000000,1667307600000,20522.23000000,20570.07000000,20477.76000000,20541.12000000,12341.39523000,60,60,False
1667307600000,1667311200000,20542.52000000,20557.73000000,20353.90000000,20422.02000000,22032.64534000,60,60,False
1667311200000,1667314800000,20420.54000000,20483.62000000,20330.74000000,20406.45000000,25972.01751000,60,60,False
1667314800000,1667318400000,20406.45000000,20462.75000000,20391.49000000,20444.00000000,13379.78561000,60,60,False
1667318400000,1667322000000,20444.00000000,20517.77000000,20372.85000000,20409.01000000,16378.22204000,60,60,False
1667322000000,1667325600000,20409.01000000,20455.75000000,20400.00000000,20439.83000000,9786.75719000,60,60,False
1667325600000,1667329200000,20439.83000000,20475.56000000,20407.70000000,20462.68000000,9245.46764000,60,60,False
1667329200000,1667332800000,20463.55000000,20501.48000000,20431.57000000,20451.45000000,9708.88729000,60,60,False
1667332800000,1667336400000,20449.29000000,20493.72000000,20434.71000000,20483.34000000,6601.44783000,60,60,False
1667336400000,1667340000000,20482.14000000,20495.29000000,20429.35000000,20454.78000000,3352.68267000,60,60,False
1667340000000,1667343600000,20455.92000000,20486.00000000,20431.65000000,20478.50000000,7541.09471000,60,60,False
1667343600000,1667347200000,20477.53000000,20503.51000000,20455.08000000,20483.62000000,5995.95218000,60,60,False
1667347200000,1667350800000,20482.81000000,20540.70000000,20407.66000000,20518.48000000,13224.31791000,60,60,False
1667350800000,1667354400000,20517.46000000,20536.38000000,20500.03000000,20504.94000000,6173.60183000,60,60,False
1667354400000,1667358000000,20504.24000000,20531.37000000,20457.62000000,20513.38000000,8399.40833000,60,60,False
1667358000000,1667361600000,20514.02000000,20558.35000000,20498.89000000,20520.34000000,7938.80272000,60,60,False
1667361600000,1667365200000,20520.34000000,20555.92000000,20507.42000000,20520.28000000,8292.29384000,60,60,False
1667365200000,1667368800000,20521.16000000,20563.36000000,20477.02000000,20487.39000000,10158.96586000,60,60,False
1667368800000,1667372400000,20487.39000000,20493.37000000,20460.09000000,20476.59000000,6500.31771000,60,60,False
1667372400000,1667376000000,20476.96000000,20487.84000000,20356.75000000,20421.64000000,15255.75064000,60,60,False
1667376000000,1667379600000,20421.64000000,20506.09000000,20408.14000000,20505.37000000,9289.68199000,60,60,False
1667379600000,1667383200000,20504.59000000,20539.90000000,20420.02000000,20467.76000000,11967.57353000,60,60,False
1667383200000,1667386800000,20468.06000000,20472.82000000,20339.99000000,20409.77000000,13846.64268000,60,60,False
1667386800000,1667390400000,20409.77000000,20466.24000000,20407.85000000,20431.33000000,8323.13939000,60,60,False
1667390400000,1667394000000,20432.38000000,20447.99000000,20360.00000000,20396.49000000,12514.14385000,60,60,False
1667394000000,1667397600000,20395.82000000,20424.97000000,20361.86000000,20398.99000000,15134.16367000,60,60,False
1667397600000,1667401200000,20398.99000000,20457.29000000,20393.42000000,20432.44000000,13326.51305000,60,60,False
1667401200000,1667404800000,20432.44000000,20438.03000000,20400.70000000,20409.03000000,8114.32060000,60,60,False
1667404800000,1667408400000,20409.03000000,20548.31000000,20370.01000000,20523.33000000,13555.75639000,60,60,False
1667408400000,1667412000000,20522.50000000,20532.48000000,20355.37000000,20436.67000000,16637.52966000,60,60,False
1667412000000,1667415600000,20438.28000000,20800.00000000,20141.00000000,20456.26000000,74150.59231000,60,60,False
1667415600000,1667419200000,20456.23000000,20610.79000000,20048.04000000,20250.68000000,48023.32034000,60,60,False
1667419200000,1667422800000,20250.68000000,20282.60000000,20101.11000000,20175.60000000,21687.18612000,60,60,False
1667422800000,1667426400000,20176.52000000,20188.00000000,20060.08000000,20152.03000000,10709.82971000,60,60,False
1667426400000,1667430000000,20152.03000000,20173.44000000,20059.94000000,20109.83000000,11162.24325000,60,60,False
1667430000000,1667433600000,20110.98000000,20168.86000000,20074.64000000,20151.84000000,9330.17761000,60,60,False
1667433600000,1667437200000,20151.84000000,20222.33000000,20120.00000000,20203.49000000,11725.14694000,60,60,False
1667437200000,1667440800000,20202.69000000,20339.41000000,20195.00000000,20306.00000000,13798.35391000,60,60,False
1667440800000,1667444400000,20304.95000000,20339.99000000,20275.28000000,20285.67000000,10485.62653000,60,60,False
1667444400000,1667448000000,20285.67000000,20337.68000000,20284.39000000,20310.63000000,9277.23590000,60,60,False
1667448000000,1667451600000,20310.63000000,20393.32000000,20309.74000000,20357.95000000,9456.39875000,60,60,False
1667451600000,1667455200000,20357.95000000,20390.00000000,20339.35000000,20377.49000000,8522.54001000,60,60,False
1667455200000,1667458800000,20377.49000000,20386.37000000,20305.23000000,20307.25000000,9199.74320000,60,60,False
1667458800000,1667462400000,20307.55000000,20363.83000000,20281.01000000,20303.09000000,12457.06053000,60,60,False
1667462400000,1667466000000,20302.35000000,20333.99000000,20250.90000000,20297.22000000,13019.94277000,60,60,False
1667466000000,1667469600000,20297.99000000,20335.00000000,20281.05000000,20318.94000000,11721.10730000,60,60,False
1667469600000,1667473200000,20318.96000000,20338.99000000,20259.74000000,20267.65000000,11407.13440000,60,60,False
1667473200000,1667476800000,20268.53000000,20281.27000000,20052.00000000,20130.64000000,21083.55478000,60,60,False
1667476800000,1667480400000,20129.80000000,20178.95000000,20031.24000000,20109.80000000,20447.27768000,60,60,False
1667480400000,1667484000000,20109.80000000,20217.39000000,20093.24000000,20108.92000000,22546.62996000,60,60,False
1667484000000,1667487600000,20107.87000000,20339.86000000,20087.23000000,20318.59000000,30712.49137000,60,60,False
1667487600000,1667491200000,20318.59000000,20330.00000000,20208.56000000,20248.62000000,19408.45026000,60,60,False
1667491200000,1667494800000,20249.18000000,20315.80000000,20241.62000000,20295.37000000,15077.11354000,60,60,False
1667494800000,1667498400000,20295.37000000,20303.92000000,20221.26000000,20226.18000000,11386.26896000,60,60,False
1667498400000,1667502000000,20226.18000000,20267.71000000,20177.10000000,20242.65000000,12009.78042000,60,60,False
1667502000000,1667505600000,20242.65000000,20279.00000000,20231.69000000,20262.53000000,9906.08632000,60,60,False
1667505600000,1667509200000,20262.53000000,20269.76000000,20218.02000000,20237.25000000,7840.49057000,60,60,False
1667509200000,1667512800000,20237.54000000,20267.93000000,20230.00000000,20259.36000000,4562.53204000,60,60,False
1667512800000,1667516400000,20259.57000000,20271.00000000,20157.86000000,20195.41000000,13516.60692000,60,60,False
1667516400000,1667520000000,20195.41000000,20220.72000000,20161.36000000,20207.82000000,9617.58134000,60,60,False
1667520000000,1667523600000,20207.12000000,20309.65000000,20180.96000000,20280.23000000,14798.08192000,60,60,False
1667523600000,1667527200000,20280.85000000,20319.33000000,20245.00000000,20287.09000000,8990.96482000,60,60,False
1667527200000,1667530800000,20287.46000000,20326.09000000,20273.52000000,20312.30000000,9749.56612000,60,60,False
1667530800000,1667534400000,20312.30000000,20330.87000000,20279.75000000,20321.79000000,9534.15706000,60,60,False
1667534400000,1667538000000,20321.79000000,20355.37000000,20306.58000000,20329.79000000,10199.25022000,60,60,False
1667538000000,1667541600000,20329.39000000,20490.10000000,20322.01000000,20444.00000000,16269.53773000,60,60,False
1667541600000,1667545200000,20444.79000000,20688.00000000,20443.75000000,20606.95000000,26664.11878000,60,60,False
1667545200000,1667548800000,20606.08000000,20626.60000000,20543.05000000,20611.56000000,15567.59741000,60,60,False
1667548800000,1667552400000,20611.56000000,20658.57000000,20577.57000000,20583.39000000,15567.22743000,60,60,False
1667552400000,1667556000000,20583.39000000,20630.47000000,20567.33000000,20569.30000000,14092.79476000,60,60,False
1667556000000,1667559600000,20570.02000000,20681.91000000,20546.00000000,20655.09000000,14472.21987000,60,60,False
1667559600000,1667563200000,20655.09000000,20655.19000000,20550.00000000,20558.46000000,16897.06256000,60,60,False
1667563200000,1667566800000,20558.03000000,20774.22000000,20350.00000000,20757.64000000,43857.22025000,60,60,False
1667566800000,1667570400000,20757.68000000,20888.93000000,20690.49000000,20760.25000000,35882.12048000,60,60,False
1667570400000,1667574000000,20760.25000000,21302.05000000,20742.52000000,21218.29000000,38574.91766000,60,60,False
1667574000000,1667577600000,21218.29000000,21253.24000000,20831.64000000,20838.70000000,29217.80547000,60,60,False
1667577600000,1667581200000,20837.54000000,20903.74000000,20669.57000000,20783.30000000,32987.51601000,60,60,False
1667581200000,1667584800000,20783.99000000,20825.59000000,20676.55000000,20774.22000000,18318.15676000,60,60,False
1667584800000,1667588400000,20773.94000000,21054.65000000,20715.64000000,20953.13000000,22604.00269000,60,60,False
1667588400000,1667592000000,20953.13000000,21115.48000000,20914.80000000,21108.54000000,20986.58265000,60,60,False
1667592000000,1667595600000,21108.54000000,21149.91000000,21048.63000000,21130.15000000,14493.69344000,60,60,False
1667595600000,1667599200000,21130.65000000,21200.00000000,21071.91000000,21169.95000000,7070.52333000,60,60,False
1667599200000,1667602800000,21169.95000000,21209.16000000,21132.24000000,21178.03000000,9479.65724000,60,60,False
1667602800000,1667606400000,21179.06000000,21202.04000000,21128.32000000,21148.52000000,7419.61699000,60,60,False
1667606400000,1667610000000,21148.52000000,21460.01000000,21080.65000000,21434.33000000,22685.78516000,60,60,False
1667610000000,1667613600000,21434.33000000,21450.00000000,21319.01000000,21364.81000000,12642.55524000,60,60,False
1667613600000,1667617200000,21365.92000000,21413.64000000,21345.00000000,21387.53000000,10563.20159000,60,60,False
1667617200000,1667620800000,21386.94000000,21480.65000000,21373.72000000,21444.61000000,14126.99636000,60,60,False
1667620800000,1667624400000,21445.19000000,21467.93000000,21364.71000000,21367.24000000,10940.15774000,60,60,False
1667624400000,1667628000000,21367.24000000,21430.30000000,21364.34000000,21389.90000000,8409.52996000,60,60,False
1667628000000,1667631600000,21389.90000000,21443.80000000,21372.33000000,21401.40000000,9087.63480000,60,60,False
1667631600000,1667635200000,21401.93000000,21414.00000000,21381.53000000,21384.42000000,8030.86543000,60,60,False
1667635200000,1667638800000,21384.92000000,21391.51000000,21234.90000000,21291.00000000,15857.13627000,60,60,False
1667638800000,1667642400000,21291.00000000,21326.71000000,21236.53000000,21290.65000000,9403.69792000,60,60,False
1667642400000,1667646000000,21289.82000000,21321.79000000,21280.00000000,21318.14000000,7646.74153000,60,60,False
1667646000000,1667649600000,21317.47000000,21427.34000000,21311.18000000,21404.63000000,13279.97188000,60,60,False
1667649600000,1667653200000,21404.63000000,21420.84000000,21288.37000000,21310.59000000,10962.71704000,60,60,False
1667653200000,1667656800000,21309.71000000,21325.40000000,21249.17000000,21271.45000000,8454.08147000,60,60,False
1667656800000,1667660400000,21271.94000000,21331.83000000,21210.98000000,21279.35000000,11664.23570000,60,60,False
1667660400000,1667664000000,21279.35000000,21354.42000000,21265.99000000,21299.22000000,12729.69102000,60,60,False
1667664000000,1667667600000,21299.22000000,21345.00000000,21299.02000000,21324.73000000,9704.69665000,60,60,False
1667667600000,1667671200000,21324.73000000,21333.58000000,21269.22000000,21319.29000000,8879.23499000,60,60,False
1667671200000,1667674800000,21319.29000000,21330.16000000,21261.56000000,21292.57000000,8055.84134000,60,60,False
1667674800000,1667678400000,21291.79000000,21345.08000000,21283.39000000,21331.11000000,7078.21851000,60,60,False
1667678400000,1667682000000,21330.58000000,21380.00000000,21322.00000000,21352.42000000,5867.97227000,60,60,False
1667682000000,1667685600000,21352.42000000,21358.83000000,21321.87000000,21335.35000000,3138.29100000,60,60,False
1667685600000,1667689200000,21335.18000000,21346.91000000,21289.29000000,21296.95000000,6400.81252000,60,60,False
1667689200000,1667692800000,21296.17000000,21315.00000000,21233.33000000,21299.37000000,10011.91886000,60,60,False
1667692800000,1667696400000,21299.37000000,21365.27000000,21290.80000000,21325.19000000,10223.35957000,60,60,False
1667696400000,1667700000000,21325.88000000,21346.16000000,21190.00000000,21197.33000000,11431.87368000,60,60,False
1667700000000,1667703600000,21197.33000000,21280.64000000,21189.44000000,21238.58000000,9190.90183000,60,60,False
1667703600000,1667707200000,21238.22000000,21255.20000000,21203.51000000,21233.88000000,6253.73248000,60,60,False
1667707200000,1667710800000,21234.44000000,21252.54000000,21212.99000000,21227.73000000,5328.98596000,60,60,False
1667710800000,1667714400000,21228.62000000,21240.95000000,21143.27000000,21155.41000000,8342.18373000,60,60,False
1667714400000,1667718000000,21154.86000000,21191.17000000,21144.92000000,21171.47000000,7009.96578000,60,60,False
1667718000000,1667721600000,21171.47000000,21206.00000000,21157.23000000,21194.49000000,7838.69105000,60,60,False
1667721600000,1667725200000,21193.88000000,21310.00000000,21173.03000000,21253.70000000,12886.03997000,60,60,False
1667725200000,1667728800000,21253.70000000,21299.78000000,21231.46000000,21241.20000000,7489.51767000,60,60,False
1667728800000,1667732400000,21240.37000000,21280.00000000,21236.40000000,21263.67000000,6554.18383000,60,60,False
1667732400000,1667736000000,21263.67000000,21274.90000000,21178.01000000,21255.08000000,11416.97186000,60,60,False
1667736000000,1667739600000,21254.80000000,21269.99000000,21218.40000000,21227.01000000,8315.31939000,60,60,False
1667739600000,1667743200000,21227.82000000,21249.48000000,21206.62000000,21220.48000000,7613.24964000,60,60,False
1667743200000,1667746800000,21219.92000000,21258.65000000,21190.81000000,21225.84000000,10037.50833000,60,60,False
1667746800000,1667750400000,21226.20000000,21289.49000000,21223.78000000,21241.10000000,10517.27299000,60,60,False
1667750400000,1667754000000,21241.85000000,21275.00000000,21152.46000000,21257.44000000,17272.32094000,60,60,False
1667754000000,1667757600000,21257.74000000,21282.19000000,21218.56000000,21247.11000000,7172.83916000,60,60,False
1667757600000,1667761200000,21247.11000000,21252.74000000,21195.04000000,21223.55000000,9262.72654000,60,60,False
1667761200000,1667764800000,21223.24000000,21237.75000000,21170.00000000,21194.50000000,8308.39032000,60,60,False
1667764800000,1667768400000,21194.50000000,21204.73000000,21158.00000000,21203.30000000,6385.69475000,60,60,False
1667768400000,1667772000000,21204.13000000,21211.62000000,21110.56000000,21127.33000000,8033.62907000,60,60,False
1667772000000,1667775600000,21126.89000000,21175.70000000,21043.92000000,21139.22000000,10329.11032000,60,60,False
1667775600000,1667779200000,21138.63000000,21151.13000000,20886.13000000,20905.58000000,22822.50331000,60,60,False
1667779200000,1667782800000,20905.58000000,20952.00000000,20836.74000000,20899.11000000,17920.56490000,60,60,False
1667782800000,1667786400000,20899.11000000,21004.23000000,20820.00000000,20985.62000000,18865.37748000,60,60,False
1667786400000,1667790000000,20986.40000000,21069.77000000,20960.53000000,20987.21000000,14598.71574000,60,60,False
1667790000000,1667793600000,20987.21000000,20990.00000000,20878.00000000,20913.82000000,12037.02770000,60,60,False
1667793600000,1667797200000,20913.82000000,20914.60000000,20818.65000000,20892.42000000,11695.38476000,60,60,False
1667797200000,1667800800000,20891.82000000,20918.33000000,20843.75000000,20858.95000000,11163.70947000,60,60,False
1667800800000,1667804400000,20858.95000000,20909.72000000,20776.87000000,20861.43000000,16663.47023000,60,60,False
1667804400000,1667808000000,20861.56000000,20868.66000000,20612.67000000,20635.74000000,24588.61281000,60,60,False
1667808000000,1667811600000,20635.10000000,20726.49000000,20571.52000000,20716.86000000,22872.28897000,60,60,False
1667811600000,1667815200000,20716.86000000,20757.81000000,20680.54000000,20681.13000000,16002.83049000,60,60,False
1667815200000,1667818800000,20682.15000000,20811.92000000,20674.00000000,20757.61000000,15085.05205000,60,60,False
1667818800000,1667822400000,20757.61000000,20781.77000000,20720.09000000,20733.46000000,10165.20348000,60,60,False
1667822400000,1667826000000,20733.97000000,20773.77000000,20688.28000000,20761.00000000,14839.89429000,60,60,False
1667826000000,1667829600000,20761.00000000,20798.74000000,20697.58000000,20721.50000000,17036.68290000,60,60,False
1667829600000,1667833200000,20720.72000000,20764.29000000,20626.25000000,20654.36000000,25227.47776000,60,60,False
1667833200000,1667836800000,20655.04000000,20776.15000000,20644.29000000,20764.95000000,24401.73533000,60,60,False
1667836800000,1667840400000,20764.95000000,20803.41000000,20660.00000000,20662.98000000,17636.17229000,60,60,False
1667840400000,1667844000000,20662.98000000,20720.37000000,20652.52000000,20703.00000000,12044.48993000,60,60,False
1667844000000,1667847600000,20702.60000000,20733.70000000,20685.02000000,20711.71000000,11018.29113000,60,60,False
1667847600000,1667851200000,20711.71000000,20892.04000000,20706.63000000,20847.51000000,17294.92060000,60,60,False
1667851200000,1667854800000,20848.33000000,20890.71000000,20797.29000000,20804.19000000,12602.62566000,60,60,False
1667854800000,1667858400000,20802.69000000,20835.99000000,20616.34000000,20681.03000000,14051.84352000,60,60,False
1667858400000,1667862000000,20681.97000000,20685.00000000,20384.89000000,20461.43000000,17662.45614000,60,60,False
1667862000000,1667865600000,20460.41000000,20607.00000000,20445.58000000,20591.13000000,11502.77574000,60,60,False
1667865600000,1667869200000,20590.67000000,20629.67000000,20499.22000000,20514.25000000,13374.87694000,60,60,False
1667869200000,1667872800000,20515.11000000,20638.15000000,20494.53000000,20628.76000000,12244.43422000,60,60,False
1667872800000,1667876400000,20628.76000000,20673.38000000,20434.12000000,20444.52000000,15998.57577000,60,60,False
1667876400000,1667880000000,20443.44000000,20534.00000000,20116.13000000,20148.66000000,39587.94480000,60,60,False
1667880000000,1667883600000,20147.62000000,20242.40000000,19546.70000000,19637.09000000,55120.49298000,60,60,False
1667883600000,1667887200000,19636.07000000,19735.34000000,19344.00000000,19704.38000000,44274.72131000,60,60,False
1667887200000,1667890800000,19704.38000000,19856.08000000,19650.00000000,19783.01000000,26464.85531000,60,60,False
1667890800000,1667894400000,19782.20000000,19855.30000000,19720.00000000,19796.90000000,17690.20218000,60,60,False
1667894400000,1667898000000,19796.90000000,19801.39000000,19663.03000000,19729.90000000,18421.65229000,60,60,False
1667898000000,1667901600000,19729.90000000,19794.30000000,19695.46000000,19776.33000000,13578.03427000,60,60,False
1667901600000,1667905200000,19775.80000000,19786.31000000,19649.14000000,19690.25000000,12789.22464000,60,60,False
1667905200000,1667908800000,19690.25000000,19736.83000000,19580.33000000,19699.04000000,16578.59592000,60,60,False
1667908800000,1667912400000,19699.04000000,19746.78000000,19645.66000000,19722.32000000,12839.36089000,60,60,False
1667912400000,1667916000000,19723.21000000,19727.35000000,19500.01000000,19554.76000000,15979.84385000,60,60,False
1667916000000,1667919600000,19554.76000000,19650.00000000,19306.12000000,19412.32000000,39202.73923000,60,60,False
1667919600000,1667923200000,19416.85000000,19530.00000000,19229.00000000,19520.97000000,29105.80082000,60,60,False
1667923200000,1667926800000,19522.00000000,20700.88000000,19481.14000000,20371.06000000,70341.10094000,60,60,False
1667926800000,1667930400000,20369.58000000,20438.77000000,19324.99000000,19342.67000000,49445.28848000,60,60,False
1667930400000,1667934000000,19342.67000000,19550.00000000,18386.00000000,18600.51000000,82580.76074000,60,60,False
1667934000000,1667937600000,18600.51000000,18723.42000000,17166.83000000,18256.64000000,82344.54405300,60,60,False
1667937600000,1667941200000,18255.24000000,18489.80000000,17810.49000000,18159.77000000,42296.98449000,60,60,False
1667941200000,1667944800000,18159.77000000,18719.73000000,18135.00000000,18702.22000000,21797.22214000,60,60,False
1667944800000,1667948400000,18700.79000000,18730.00000000,18377.40000000,18459.68000000,13602.73275000,60,60,False
1667948400000,1667952000000,18459.68000000,18645.89000000,18370.00000000,18547.23000000,15045.37377000,60,60,False
1667952000000,1667955600000,18545.38000000,18587.76000000,18325.00000000,18335.76000000,20443.31011000,60,60,False
1667955600000,1667959200000,18334.39000000,18495.00000000,18293.36000000,18322.44000000,22204.10467000,60,60,False
1667959200000,1667962800000,18321.46000000,18428.30000000,18113.73000000,18127.94000000,20307.84932000,60,60,False
1667962800000,1667966400000,18127.94000000,18345.01000000,18000.00000000,18313.68000000,28478.65989000,60,60,False
1667966400000,1667970000000,18313.68000000,18391.46000000,18193.74000000,18256.11000000,19018.31503000,60,60,False
1667970000000,1667973600000,18256.09000000,18517.58000000,18173.09000000,18401.15000000,21757.60368000,60,60,False
1667973600000,1667977200000,18401.15000000,18459.79000000,18292.62000000,18304.35000000,15973.73862000,60,60,False
1667977200000,1667980800000,18304.35000000,18354.28000000,18202.59000000,18240.72000000,17110.55158000,60,60,False
1667980800000,1667984400000,18239.34000000,18256.85000000,18041.17000000,18150.60000000,25168.86615000,60,60,False
1667984400000,1667988000000,18152.27000000,18156.82000000,17623.04000000,17763.99000000,44433.71586000,60,60,False
1667988000000,1667991600000,17763.68000000,17870.33000000,17250.33000000,17689.30000000,58740.89974000,60,60,False
1667991600000,1667995200000,17689.30000000,17884.00000000,17552.39000000,17818.08000000,24099.90560000,60,60,False
1667995200000,1667998800000,17817.07000000,18015.00000000,17417.79000000,17619.85000000,36592.85286000,60,60,False
1667998800000,1668002400000,17617.84000000,17713.64000000,17298.90000000,17582.24000000,31960.99543000,60,60,False
1668002400000,1668006000000,17582.24000000,17816.39000000,17361.51000000,17649.62000000,30529.02317000,60,60,False
1668006000000,1668009600000,17649.62000000,17834.99000000,16918.83000000,17116.08000000,55944.90205400,60,60,False
1668009600000,1668013200000,17119.61000000,17333.33000000,16857.00000000,17084.92000000,45996.79736700,60,60,False
1668013200000,1668016800000,17084.94000000,17225.86000000,16800.00000000,16957.66000000,27894.05125800,60,60,False
1668016800000,1668020400000,16954.94000000,17021.98000000,16441.53000000,16602.53000000,39031.79170800,60,60,False
1668020400000,1668024000000,16602.53000000,17025.18000000,16590.00000000,16784.64000000,24522.57361000,60,60,False
1668024000000,1668027600000,16784.64000000,16900.00000000,16112.00000000,16237.79000000,32926.58096000,60,60,False
1668027600000,1668031200000,16237.79000000,16262.31000000,15671.00000000,15751.13000000,38881.75654200,60,60,False
1668031200000,1668034800000,15747.69000000,16095.00000000,15591.00000000,15874.66000000,21102.82903000,60,60,False
1668034800000,1668038400000,15875.17000000,16000.00000000,15588.00000000,15922.81000000,28805.25549000,60,60,False
1668038400000,1668042000000,15922.68000000,16342.64000000,15754.26000000,16272.46000000,39237.27879000,60,60,False
1668042000000,1668045600000,16270.00000000,16445.46000000,16080.00000000,16140.29000000,25975.63010000,60,60,False
1668045600000,1668049200000,16140.29000000,16263.15000000,16044.67000000,16211.61000000,19652.67884000,60,60,False
1668049200000,1668052800000,16210.23000000,16574.92000000,16184.10000000,16369.59000000,30551.40032000,60,60,False
1668052800000,1668056400000,16370.64000000,16506.98000000,16204.36000000,16499.68000000,21517.09779000,60,60,False
1668056400000,1668060000000,16498.26000000,16785.00000000,16493.06000000,16726.59000000,22000.32151000,60,60,False
1668060000000,1668063600000,16726.58000000,16907.14000000,16618.87000000,16706.30000000,19742.23544000,60,60,False
1668063600000,1668067200000,16705.02000000,16920.00000000,16637.37000000,16752.10000000,22770.46509000,60,60,False
1668067200000,1668070800000,16752.36000000,16959.99000000,16475.02000000,16844.49000000,28937.12658000,60,60,False
1668070800000,1668074400000,16846.00000000,16855.67000000,16646.49000000,16694.14000000,17512.30588000,60,60,False
1668074400000,1668078000000,16694.14000000,16744.60000000,16340.00000000,16403.74000000,22802.70656000,60,60,False
1668078000000,1668081600000,16403.74000000,16544.19000000,16258.74000000,16397.57000000,24149.78406000,60,60,False
1668081600000,1668085200000,16399.03000000,16897.47000000,16386.66000000,16672.03000000,33675.79312000,60,60,False
1668085200000,1668088800000,16675.47000000,17800.00000000,16548.14000000,17650.93000000,55935.85483000,60,60,False
1668088800000,1668092400000,17653.24000000,17749.00000000,17390.45000000,17636.39000000,34780.11776000,60,60,False
1668092400000,1668096000000,17636.39000000,17960.04000000,17383.62000000,17554.06000000,32435.00444000,60,60,False
1668096000000,1668099600000,17556.12000000,17989.00000000,17448.36000000,17786.53000000,29507.41056000,60,60,False
1668099600000,1668103200000,17788.14000000,17840.00000000,17120.94000000,17197.23000000,28095.49359000,60,60,False
1668103200000,1668106800000,17197.23000000,17480.47000000,17180.00000000,17360.81000000,19050.15471000,60,60,False
1668106800000,1668110400000,17362.93000000,17500.00000000,17226.42000000,17455.62000000,14287.17027000,60,60,False
1668110400000,1668114000000,17456.98000000,18199.00000000,17374.81000000,18108.48000000,23001.94040000,60,60,False
1668114000000,1668117600000,18105.16000000,18166.65000000,17766.91000000,17858.67000000,19586.37136000,60,60,False
1668117600000,1668121200000,17856.17000000,17892.74000000,17677.53000000,17823.27000000,9322.50191000,60,60,False
1668121200000,1668124800000,17825.07000000,17856.72000000,17478.00000000,17601.15000000,13921.52041000,60,60,False
1668124800000,1668128400000,17602.45000000,17660.00000000,17404.87000000,17553.81000000,14572.88485000,60,60,False
1668128400000,1668132000000,17553.81000000,17695.00000000,17202.38000000,17269.21000000,19175.52244000,60,60,False
1668132000000,1668135600000,17269.21000000,17362.01000000,17013.76000000,17204.27000000,21278.31313000,60,60,False
1668135600000,1668139200000,17203.11000000,17216.21000000,16888.76000000,17064.12000000,19692.13753000,60,60,False
1668139200000,1668142800000,17064.12000000,17184.39000000,17002.97000000,17084.41000000,14210.92629000,60,60,False
1668142800000,1668146400000,17083.18000000,17398.00000000,17055.82000000,17357.62000000,17212.62389000,60,60,False
1668146400000,1668150000000,17359.45000000,17430.33000000,17162.99000000,17268.77000000,13095.76249000,60,60,False
1668150000000,1668153600000,17268.77000000,17483.90000000,17153.84000000,17404.08000000,16902.80546000,60,60,False
1668153600000,1668157200000,17404.09000000,17537.00000000,17271.21000000,17397.56000000,16067.55945000,60,60,False
1668157200000,1668160800000,17398.85000000,17438.26000000,17307.64000000,17392.14000000,10655.47864000,60,60,False
1668160800000,1668164400000,17392.14000000,17422.55000000,17209.20000000,17336.64000000,10997.00855000,60,60,False
1668164400000,1668168000000,17334.41000000,17467.60000000,17294.01000000,17350.70000000,11024.83985000,60,60,False
1668168000000,1668171600000,17349.45000000,17414.52000000,17258.23000000,17400.33000000,10305.34322000,60,60,False
1668171600000,1668175200000,17399.17000000,17544.90000000,17292.38000000,17303.82000000,15804.49289000,60,60,False
1668175200000,1668178800000,17303.39000000,17328.00000000,16361.60000000,16916.02000000,55155.78814000,60,60,False
1668178800000,1668182400000,16916.02000000,17050.00000000,16673.06000000,16871.27000000,27760.21224000,60,60,False
1668182400000,1668186000000,16871.27000000,16934.50000000,16543.95000000,16836.28000000,19067.00151000,60,60,False
1668186000000,1668189600000,16836.28000000,16963.71000000,16750.10000000,16909.31000000,14008.49051000,60,60,False
1668189600000,1668193200000,16909.31000000,17045.09000000,16802.07000000,16837.11000000,12998.72229000,60,60,False
1668193200000,1668196800000,16838.56000000,16893.42000000,16672.29000000,16849.17000000,11057.28059000,60,60,False
1668196800000,1668200400000,16849.17000000,16868.17000000,16555.77000000,16626.64000000,12549.93757000,60,60,False
1668200400000,1668204000000,16626.64000000,16900.00000000,16614.21000000,16803.15000000,10738.91735000,60,60,False
1668204000000,1668207600000,16804.07000000,16989.10000000,16790.00000000,16920.95000000,7835.38458000,60,60,False
1668207600000,1668211200000,16922.96000000,17148.96000000,16834.37000000,17070.31000000,11385.43146000,60,60,False
1668211200000,1668214800000,17069.98000000,17119.10000000,16857.86000000,16901.29000000,11784.41932000,60,60,False
1668214800000,1668218400000,16901.29000000,16932.84000000,16801.17000000,16894.43000000,7048.79208000,60,60,False
1668218400000,1668222000000,16893.43000000,17001.98000000,16857.13000000,16890.49000000,6401.54615000,60,60,False
1668222000000,1668225600000,16889.02000000,16932.88000000,16774.00000000,16907.44000000,8584.94585000,60,60,False
1668225600000,1668229200000,16907.58000000,16938.20000000,16739.29000000,16766.72000000,10586.25804000,60,60,False
1668229200000,1668232800000,16766.72000000,16787.56000000,16631.39000000,16703.62000000,12799.03705000,60,60,False
1668232800000,1668236400000,16701.86000000,16818.71000000,16676.72000000,16760.30000000,8919.85699000,60,60,False
1668236400000,1668240000000,16760.67000000,16872.86000000,16753.73000000,16822.02000000,8714.30871000,60,60,False
1668240000000,1668243600000,16822.02000000,16905.85000000,16727.13000000,16842.46000000,8782.84109000,60,60,False
1668243600000,1668247200000,16841.35000000,16905.22000000,16800.00000000,16863.98000000,7237.96867000,60,60,False
1668247200000,1668250800000,16864.46000000,16977.45000000,16807.13000000,16843.88000000,9386.81678000,60,60,False
1668250800000,1668254400000,16842.66000000,16887.51000000,16790.30000000,16866.92000000,5794.82302000,60,60,False
1668254400000,1668258000000,16866.46000000,16918.29000000,16809.83000000,16862.99000000,6102.63112000,60,60,False
1668258000000,1668261600000,16863.46000000,16869.00000000,16757.00000000,16840.79000000,6108.37533000,60,60,False
1668261600000,1668265200000,16839.75000000,16964.90000000,16799.28000000,16900.01000000,8337.69552000,60,60,False
1668265200000,1668268800000,16901.33000000,16996.35000000,16873.84000000,16935.74000000,7285.35918000,60,60,False
1668268800000,1668272400000,16935.74000000,16964.37000000,16870.01000000,16888.68000000,5447.29967000,60,60,False
1668272400000,1668276000000,16889.57000000,16910.83000000,16857.47000000,16891.69000000,4726.00978000,60,60,False
1668276000000,1668279600000,16891.69000000,16899.99000000,16830.00000000,16871.49000000,4717.66276000,60,60,False
1668279600000,1668283200000,16871.49000000,16902.03000000,16846.82000000,16891.32000000,3322.18754000,60,60,False
1668283200000,1668286800000,16892.41000000,16897.68000000,16791.71000000,16820.32000000,3734.91429000,60,60,False
1668286800000,1668290400000,16820.98000000,16862.50000000,16767.73000000,16819.64000000,4589.13274000,60,60,False
1668290400000,1668294000000,16818.73000000,16858.04000000,16791.00000000,16835.63000000,2685.87497000,60,60,False
1668294000000,1668297600000,16835.63000000,16840.15000000,16760.00000000,16812.08000000,4721.20370000,60,60,False
1668297600000,1668301200000,16813.16000000,16886.00000000,16774.07000000,16842.60000000,5163.90056000,60,60,False
1668301200000,1668304800000,16841.84000000,16905.90000000,16840.10000000,16879.34000000,3907.13261000,60,60,False
1668304800000,1668308400000,16878.63000000,16905.19000000,16856.99000000,16895.56000000,4245.89137000,60,60,False
1668308400000,1668312000000,16894.79000000,16954.28000000,16865.08000000,16914.60000000,6414.68651000,60,60,False
1668312000000,1668315600000,16915.02000000,16926.15000000,16854.16000000,16863.77000000,4716.55029000,60,60,False
1668315600000,1668319200000,16864.60000000,16873.12000000,16837.18000000,16853.68000000,3975.49445000,60,60,False
1668319200000,1668322800000,16853.68000000,16867.88000000,16680.00000000,16684.45000000,9451.46691000,60,60,False
1668322800000,1668326400000,16684.45000000,16801.01000000,16562.82000000,16774.99000000,12826.74797000,60,60,False
1668326400000,1668330000000,16774.99000000,16795.92000000,16606.05000000,16650.36000000,7774.98590000,60,60,False
1668330000000,1668333600000,16650.89000000,16675.07000000,16435.23000000,16538.58000000,14511.31207000,60,60,False
1668333600000,1668337200000,16538.58000000,16625.82000000,16508.01000000,16585.14000000,8043.24545000,60,60,False
1668337200000,1668340800000,16585.14000000,16728.12000000,16562.43000000,16659.23000000,9553.92687000,60,60,False
1668340800000,1668344400000,16659.23000000,16671.76000000,16590.10000000,16609.22000000,6325.94910000,60,60,False
1668344400000,1668348000000,16609.78000000,16707.08000000,16590.02000000,16669.53000000,8591.51622000,60,60,False
1668348000000,1668351600000,16669.53000000,16714.26000000,16616.92000000,16632.93000000,8302.43320000,60,60,False
1668351600000,1668355200000,16633.82000000,16652.36000000,16517.85000000,16580.79000000,9866.58224000,60,60,False
1668355200000,1668358800000,16579.49000000,16621.23000000,16485.32000000,16586.45000000,7916.17211000,60,60,False
1668358800000,1668362400000,16586.45000000,16591.96000000,16463.68000000,16551.89000000,7794.09765000,60,60,False
1668362400000,1668366000000,16551.44000000,16568.64000000,16461.16000000,16527.06000000,6502.10289000,60,60,False
1668366000000,1668369600000,16527.06000000,16579.58000000,16498.00000000,16554.60000000,6222.07259000,60,60,False
1668369600000,1668373200000,16553.35000000,16583.15000000,16461.80000000,16488.49000000,6377.70791000,60,60,False
1668373200000,1668376800000,16488.03000000,16559.70000000,16229.00000000,16390.67000000,13785.73633000,60,60,False
1668376800000,1668380400000,16391.66000000,16479.00000000,16338.78000000,16438.35000000,5520.57088000,60,60,False
1668380400000,1668384000000,16440.02000000,16448.99000000,16276.20000000,16329.85000000,7170.50638000,60,60,False
1668384000000,1668387600000,16331.78000000,16411.99000000,16100.00000000,16259.64000000,13796.72522000,60,60,False
1668387600000,1668391200000,16260.11000000,16303.55000000,16000.00000000,16090.87000000,14787.46040000,60,60,False
1668391200000,1668394800000,16090.87000000,16223.23000000,15911.61000000,16177.83000000,14877.78980000,60,60,False
1668394800000,1668398400000,16178.86000000,16218.63000000,16119.73000000,16139.79000000,9559.54792000,60,60,False
1668398400000,1668402000000,16140.66000000,16147.54000000,15853.66000000,15988.79000000,16688.29515000,60,60,False
1668402000000,1668405600000,15988.80000000,16009.99000000,15815.21000000,15863.31000000,10950.15274000,60,60,False
1668405600000,1668409200000,15863.25000000,16748.66000000,15847.54000000,16635.49000000,28717.50331000,60,60,False
1668409200000,1668412800000,16639.75000000,16889.97000000,16385.11000000,16824.78000000,31586.51798000,60,60,False
1668412800000,1668416400000,16822.96000000,16935.59000000,16713.75000000,16764.23000000,19753.28349000,60,60,False
1668416400000,1668420000000,16764.23000000,16796.99000000,16640.01000000,16752.98000000,13648.56643000,60,60,False
1668420000000,1668423600000,16752.99000000,16840.00000000,16709.42000000,16781.35000000,10738.08210000,60,60,False
1668423600000,1668427200000,16781.35000000,16886.53000000,16733.68000000,16749.80000000,10415.50627000,60,60,False
1668427200000,1668430800000,16748.75000000,16838.88000000,16666.50000000,16823.58000000,11427.51383000,60,60,False
1668430800000,1668434400000,16821.66000000,17190.00000000,16502.00000000,16729.90000000,37861.04329000,60,60,False
1668434400000,1668438000000,16729.90000000,16806.60000000,16425.67000000,16605.05000000,25214.63114000,60,60,False
1668438000000,1668441600000,16606.71000000,16677.00000000,16452.67000000,16595.84000000,15898.78068000,60,60,False
1668441600000,1668445200000,16593.77000000,16625.34000000,16356.71000000,16470.14000000,16438.29706000,60,60,False
1668445200000,1668448800000,16470.14000000,16619.80000000,16444.30000000,16582.52000000,10953.34846000,60,60,False
1668448800000,1668452400000,16582.52000000,16674.97000000,16532.06000000,16613.12000000,7805.46287000,60,60,False
1668452400000,1668456000000,16614.82000000,16633.27000000,16181.00000000,16258.21000000,15978.99397000,60,60,False
1668456000000,1668459600000,16258.21000000,16339.98000000,16191.58000000,16274.83000000,13565.82057000,60,60,False
1668459600000,1668463200000,16276.51000000,16419.99000000,16261.81000000,16406.43000000,8304.16927000,60,60,False
1668463200000,1668466800000,16407.87000000,16455.70000000,16355.98000000,16410.56000000,5662.27899000,60,60,False
1668466800000,1668470400000,16412.36000000,16765.00000000,16405.00000000,16619.46000000,15581.00656000,60,60,False
1668470400000,1668474000000,16617.72000000,16682.09000000,16535.00000000,16565.14000000,11219.20150000,60,60,False
1668474000000,1668477600000,16564.16000000,16809.00000000,16527.72000000,16716.70000000,11245.63233000,60,60,False
1668477600000,1668481200000,16716.70000000,16806.16000000,16683.00000000,16765.91000000,8539.80369000,60,60,False
1668481200000,1668484800000,16765.92000000,16894.56000000,16764.11000000,16823.06000000,10742.81650000,60,60,False
1668484800000,1668488400000,16823.06000000,16857.85000000,16756.34000000,16768.84000000,7929.40727000,60,60,False
1668488400000,1668492000000,16768.12000000,16799.21000000,16638.59000000,16657.75000000,8549.93826000,60,60,False
1668492000000,1668495600000,16657.74000000,16758.85000000,16651.85000000,16750.37000000,7316.35398000,60,60,False
1668495600000,1668499200000,16751.34000000,16946.32000000,16744.77000000,16844.63000000,14221.30593000,60,60,False
1668499200000,1668502800000,16845.34000000,16989.00000000,16805.89000000,16921.32000000,12134.56399000,60,60,False
1668502800000,1668506400000,16920.56000000,16953.94000000,16731.58000000,16797.92000000,12863.53436000,60,60,False
1668506400000,1668510000000,16797.92000000,16888.00000000,16757.00000000,16883.12000000,9301.17934000,60,60,False
1668510000000,1668513600000,16883.12000000,16969.02000000,16708.31000000,16781.62000000,12685.98557000,60,60,False
1668513600000,1668517200000,16783.27000000,16889.09000000,16730.00000000,16835.31000000,9992.67742000,60,60,False
1668517200000,1668520800000,16835.31000000,17134.69000000,16823.00000000,17012.53000000,20816.93452000,60,60,False
1668520800000,1668524400000,17014.31000000,17014.31000000,16815.08000000,16937.71000000,17186.25126000,60,60,False
1668524400000,1668528000000,16936.50000000,17088.00000000,16880.00000000,16987.03000000,16673.09956000,60,60,False
1668528000000,1668531600000,16988.07000000,17071.43000000,16918.71000000,17009.37000000,13929.78275000,60,60,False
1668531600000,1668535200000,17010.28000000,17069.87000000,16967.04000000,16999.24000000,10893.58901000,60,60,False
1668535200000,1668538800000,16999.24000000,17013.08000000,16640.21000000,16734.53000000,20573.39185000,60,60,False
1668538800000,1668542400000,16733.00000000,16878.83000000,16614.61000000,16858.77000000,14664.03422000,60,60,False
1668542400000,1668546000000,16858.77000000,16939.99000000,16736.47000000,16839.81000000,11334.67417000,60,60,False
1668546000000,1668549600000,16839.81000000,16929.98000000,16778.21000000,16911.12000000,8463.11239000,60,60,False
1668549600000,1668553200000,16911.10000000,16913.56000000,16844.39000000,16880.49000000,4819.50077000,60,60,False
1668553200000,1668556800000,16880.49000000,16904.76000000,16835.58000000,16900.57000000,6365.07327000,60,60,False
1668556800000,1668560400000,16900.57000000,16935.39000000,16765.64000000,16786.29000000,10681.38595000,60,60,False
1668560400000,1668564000000,16787.44000000,16860.63000000,16777.00000000,16859.19000000,7679.23467000,60,60,False
1668564000000,1668567600000,16859.19000000,17015.92000000,16822.43000000,16941.96000000,11672.96972000,60,60,False
1668567600000,1668571200000,16943.00000000,16982.60000000,16917.15000000,16969.99000000,6776.09998000,60,60,False
1668571200000,1668574800000,16970.87000000,16979.22000000,16892.00000000,16909.42000000,7885.36181000,60,60,False
1668574800000,1668578400000,16910.06000000,16957.56000000,16877.04000000,16922.11000000,8423.05485000,60,60,False
1668578400000,1668582000000,16922.11000000,16939.88000000,16796.20000000,16866.23000000,14622.75760000,60,60,False
1668582000000,1668585600000,16866.62000000,16907.22000000,16821.89000000,16824.69000000,8235.89098000,60,60,False
1668585600000,1668589200000,16824.69000000,16850.27000000,16697.15000000,16789.84000000,14386.48987000,60,60,False
1668589200000,1668592800000,16789.84000000,16807.05000000,16670.43000000,16744.33000000,10334.86161000,60,60,False
1668592800000,1668596400000,16744.33000000,16779.00000000,16680.54000000,16731.47000000,10086.17882000,60,60,False
1668596400000,1668600000000,16731.48000000,16775.38000000,16650.29000000,16707.90000000,10110.50811000,60,60,False
1668600000000,1668603600000,16706.64000000,16721.23000000,16557.01000000,16659.82000000,13646.45790000,60,60,False
1668603600000,1668607200000,16659.33000000,16700.24000000,16449.41000000,16513.61000000,25479.61919000,60,60,False
1668607200000,1668610800000,16512.86000000,16580.26000000,16391.03000000,16484.78000000,21341.41066000,60,60,False
1668610800000,1668614400000,16484.78000000,16562.85000000,16378.61000000,16431.70000000,15606.64991000,60,60,False
1668614400000,1668618000000,16431.70000000,16556.34000000,16401.00000000,16498.65000000,10832.85319000,60,60,False
1668618000000,1668621600000,16498.65000000,16636.29000000,16491.99000000,16577.01000000,10050.06230000,60,60,False
1668621600000,1668625200000,16577.97000000,16643.23000000,16531.60000000,16549.90000000,7443.96970000,60,60,False
1668625200000,1668628800000,16549.05000000,16568.74000000,16452.07000000,16556.88000000,7436.79664000,60,60,False
1668628800000,1668632400000,16558.20000000,16602.82000000,16522.24000000,16582.26000000,6521.66560000,60,60,False
1668632400000,1668636000000,16582.26000000,16616.04000000,16532.10000000,16549.79000000,5304.87349000,60,60,False
1668636000000,1668639600000,16549.79000000,16704.09000000,16499.46000000,16669.61000000,5607.45492000,60,60,False
1668639600000,1668643200000,16669.61000000,16773.09000000,16630.00000000,16662.76000000,11326.80062000,60,60,False
1668643200000,1668646800000,16661.61000000,16751.00000000,16654.00000000,16702.61000000,8533.67510000,60,60,False
1668646800000,1668650400000,16702.61000000,16745.68000000,16682.38000000,16694.30000000,6947.91662000,60,60,False
1668650400000,1668654000000,16694.30000000,16704.98000000,16573.20000000,16577.42000000,8196.73394000,60,60,False
1668654000000,1668657600000,16577.42000000,16610.82000000,16505.00000000,16526.18000000,8788.34826000,60,60,False
1668657600000,1668661200000,16526.18000000,16539.46000000,16410.74000000,16504.00000000,10856.91951000,60,60,False
1668661200000,1668664800000,16503.31000000,16618.27000000,16497.62000000,16578.36000000,7146.02268000,60,60,False
1668664800000,1668668400000,16579.77000000,16620.00000000,16533.95000000,16570.05000000,9899.07351000,60,60,False
1668668400000,1668672000000,16571.69000000,16624.12000000,16535.70000000,16611.90000000,10679.58946000,60,60,False
1668672000000,1668675600000,16611.90000000,16635.82000000,16561.66000000,16570.30000000,8134.80887000,60,60,False
1668675600000,1668679200000,16571.04000000,16582.68000000,16471.36000000,16522.75000000,12077.76134000,60,60,False
1668679200000,1668682800000,16522.19000000,16557.00000000,16500.16000000,16526.51000000,7967.08030000,60,60,False
1668682800000,1668686400000,16526.51000000,16615.99000000,16523.45000000,16595.08000000,8807.63224000,60,60,False
1668686400000,1668690000000,16594.19000000,16604.71000000,16546.39000000,16577.35000000,7874.97768000,60,60,False
1668690000000,1668693600000,16577.35000000,16580.38000000,16430.00000000,16492.50000000,14752.36340000,60,60,False
1668693600000,1668697200000,16492.50000000,16553.76000000,16458.09000000,16511.21000000,10625.73336000,60,60,False
1668697200000,1668700800000,16511.21000000,16717.49000000,16500.01000000,16536.71000000,20208.23406000,60,60,False
1668700800000,1668704400000,16534.61000000,16682.00000000,16517.36000000,16655.09000000,14413.18731000,60,60,False
1668704400000,1668708000000,16655.09000000,16707.70000000,16615.80000000,16693.40000000,10580.00795000,60,60,False
1668708000000,1668711600000,16693.40000000,16748.94000000,16669.03000000,16703.16000000,9215.33764000,60,60,False
1668711600000,1668715200000,16702.44000000,16713.00000000,16602.41000000,16620.56000000,7102.77351000,60,60,False
1668715200000,1668718800000,16620.56000000,16701.48000000,16608.98000000,16694.16000000,6836.15661000,60,60,False
1668718800000,1668722400000,16694.35000000,16749.00000000,16682.05000000,16694.55000000,6109.22351000,60,60,False
1668722400000,1668726000000,16694.55000000,16735.00000000,16666.23000000,16710.92000000,4941.28357000,60,60,False
1668726000000,1668729600000,16710.92000000,16730.00000000,16650.49000000,16692.56000000,7344.13830000,60,60,False
1668729600000,1668733200000,16692.56000000,16971.99000000,16682.06000000,16950.74000000,19625.25803000,60,60,False
1668733200000,1668736800000,16950.74000000,17011.00000000,16854.37000000,16889.82000000,10831.31607000,60,60,False
1668736800000,1668740400000,16889.82000000,16980.10000000,16842.68000000,16920.13000000,9433.88401000,60,60,False
1668740400000,1668744000000,16919.39000000,16948.29000000,16850.00000000,16854.98000000,7327.97095000,60,60,False
1668744000000,1668747600000,16855.75000000,16869.08000000,16773.49000000,16808.69000000,8580.61690000,60,60,False
1668747600000,1668751200000,16808.69000000,16849.19000000,16782.47000000,16805.13000000,6079.41086000,60,60,False
1668751200000,1668754800000,16805.57000000,16823.19000000,16742.49000000,16794.65000000,7779.61182000,60,60,False
1668754800000,1668758400000,16794.13000000,16801.43000000,16724.32000000,16745.10000000,7341.89170000,60,60,False
1668758400000,1668762000000,16745.84000000,16749.89000000,16680.00000000,16737.44000000,10688.80957000,60,60,False
1668762000000,1668765600000,16737.44000000,16766.24000000,16719.45000000,16739.50000000,8433.73446000,60,60,False
1668765600000,1668769200000,16740.00000000,16854.33000000,16722.31000000,16767.85000000,11990.93328000,60,60,False
1668769200000,1668772800000,16767.25000000,16787.26000000,16712.04000000,16749.88000000,6866.27915000,60,60,False
1668772800000,1668776400000,16750.25000000,16792.17000000,16744.90000000,16777.98000000,7533.98873000,60,60,False
1668776400000,1668780000000,16778.29000000,16818.00000000,16729.23000000,16752.93000000,9545.87794000,60,60,False
1668780000000,1668783600000,16752.93000000,16785.14000000,16651.80000000,16700.52000000,12450.71490000,60,60,False
1668783600000,1668787200000,16699.35000000,16716.00000000,16608.80000000,16696.86000000,11539.23931000,60,60,False
1668787200000,1668790800000,16695.06000000,16732.85000000,16625.18000000,16654.80000000,9412.29631000,60,60,False
1668790800000,1668794400000,16654.79000000,16667.43000000,16550.19000000,16597.08000000,10945.26602000,60,60,False
1668794400000,1668798000000,16596.06000000,16613.03000000,16546.04000000,16587.43000000,7250.11595000,60,60,False
1668798000000,1668801600000,16588.11000000,16674.31000000,16567.28000000,16656.37000000,7900.06571000,60,60,False
1668801600000,1668805200000,16656.36000000,16683.00000000,16610.00000000,16639.06000000,8492.84980000,60,60,False
1668805200000,1668808800000,16639.06000000,16676.58000000,16630.05000000,16651.93000000,4562.13796000,60,60,False
1668808800000,1668812400000,16651.93000000,16671.80000000,16626.83000000,16665.73000000,3324.18292000,60,60,False
1668812400000,1668816000000,16665.73000000,16727.99000000,16628.94000000,16700.45000000,6287.72949000,60,60,False
1668816000000,1668819600000,16699.43000000,16708.77000000,16662.26000000,16664.26000000,3705.20810000,60,60,False
1668819600000,1668823200000,16664.77000000,16682.71000000,16650.72000000,16664.75000000,3366.46643000,60,60,False
1668823200000,1668826800000,16665.69000000,16665.70000000,16573.94000000,16624.24000000,6400.82337000,60,60,False
1668826800000,1668830400000,16624.24000000,16652.96000000,16611.89000000,16628.70000000,3636.33590000,60,60,False
1668830400000,1668834000000,16628.70000000,16649.00000000,16615.11000000,16635.14000000,3377.47881000,60,60,False
1668834000000,1668837600000,16635.14000000,16642.89000000,16553.53000000,16597.92000000,7702.60284000,60,60,False
1668837600000,1668841200000,16598.73000000,16622.62000000,16567.95000000,16609.44000000,4397.40838000,60,60,False
1668841200000,1668844800000,16609.44000000,16618.99000000,16597.05000000,16599.31000000,4077.33300000,60,60,False
1668844800000,1668848400000,16598.98000000,16663.27000000,16580.00000000,16643.27000000,5926.78826000,60,60,False
1668848400000,1668852000000,16643.08000000,16650.30000000,16626.12000000,16635.10000000,3479.41746000,60,60,False
1668852000000,1668855600000,16635.10000000,16646.92000000,16622.06000000,16636.33000000,3232.06687000,60,60,False
1668855600000,1668859200000,16636.33000000,16683.01000000,16636.33000000,16676.26000000,3731.05439000,60,60,False
1668859200000,1668862800000,16676.26000000,16686.86000000,16640.00000000,16654.20000000,4225.22539000,60,60,False
1668862800000,1668866400000,16654.61000000,16665.11000000,16634.01000000,16649.31000000,3191.40115000,60,60,False
1668866400000,1668870000000,16649.31000000,16668.97000000,16641.59000000,16651.82000000,4394.15868000,60,60,False
1668870000000,1668873600000,16651.82000000,16677.93000000,16646.27000000,16655.65000000,5342.09166000,60,60,False
1668873600000,1668877200000,16655.65000000,16664.00000000,16644.32000000,16655.00000000,3801.94928000,60,60,False
1668877200000,1668880800000,16655.00000000,16658.99000000,16608.35000000,16614.65000000,5054.50732000,60,60,False
1668880800000,1668884400000,16614.02000000,16646.84000000,16611.13000000,16625.22000000,3073.38541000,60,60,False
1668884400000,1668888000000,16625.22000000,16638.61000000,16621.45000000,16627.33000000,2641.60635000,60,60,False
1668888000000,1668891600000,16627.33000000,16648.73000000,16625.98000000,16633.75000000,2530.18636000,60,60,False
1668891600000,1668895200000,16634.15000000,16687.25000000,16633.00000000,16679.49000000,3216.93627000,60,60,False
1668895200000,1668898800000,16679.49000000,16822.41000000,16678.12000000,16738.20000000,9441.12254000,60,60,False
1668898800000,1668902400000,16738.20000000,16775.50000000,16691.30000000,16700.68000000,5017.60136000,60,60,False
1668902400000,1668906000000,16700.68000000,16738.77000000,16686.51000000,16719.98000000,4362.93277000,60,60,False
1668906000000,1668909600000,16719.98000000,16753.33000000,16669.92000000,16684.71000000,4653.08972000,60,60,False
1668909600000,1668913200000,16684.30000000,16710.12000000,16667.06000000,16684.35000000,3818.07020000,60,60,False
1668913200000,1668916800000,16684.36000000,16698.82000000,16666.47000000,16679.99000000,3308.38602000,60,60,False
1668916800000,1668920400000,16679.99000000,16698.00000000,16671.89000000,16684.24000000,2868.30162000,60,60,False
1668920400000,1668924000000,16684.24000000,16697.63000000,16671.00000000,16687.76000000,3013.10757000,60,60,False
1668924000000,1668927600000,16687.77000000,16698.00000000,16675.32000000,16687.34000000,2643.36313000,60,60,False
1668927600000,1668931200000,16686.97000000,16738.76000000,16681.13000000,16722.90000000,4365.41101000,60,60,False
1668931200000,1668934800000,16722.20000000,16736.41000000,16561.00000000,16615.67000000,10219.03962000,60,60,False
1668934800000,1668938400000,16615.67000000,16642.00000000,16596.19000000,16630.48000000,4338.07171000,60,60,False
1668938400000,1668942000000,16630.12000000,16683.00000000,16597.29000000,16626.44000000,7490.20225000,60,60,False
1668942000000,1668945600000,16626.44000000,16636.57000000,16462.46000000,16525.38000000,13408.35719000,60,60,False
1668945600000,1668949200000,16526.04000000,16585.22000000,16461.00000000,16523.52000000,10744.00261000,60,60,False
1668949200000,1668952800000,16524.24000000,16600.00000000,16517.34000000,16584.48000000,8070.82573000,60,60,False
1668952800000,1668956400000,16584.21000000,16593.40000000,16542.97000000,16549.84000000,4794.93008000,60,60,False
1668956400000,1668960000000,16550.25000000,16628.49000000,16533.78000000,16580.53000000,6227.08132000,60,60,False
1668960000000,1668963600000,16580.53000000,16590.49000000,16552.37000000,16583.93000000,4353.78852000,60,60,False
1668963600000,1668967200000,16583.93000000,16590.21000000,16530.22000000,16548.21000000,4251.84097000,60,60,False
1668967200000,1668970800000,16547.82000000,16588.47000000,16533.21000000,16586.93000000,4098.98327000,60,60,False
1668970800000,1668974400000,16587.40000000,16613.35000000,16552.00000000,16587.80000000,4038.44336000,60,60,False
1668974400000,1668978000000,16587.80000000,16595.85000000,16448.05000000,16537.99000000,9076.70046000,60,60,False
1668978000000,1668981600000,16538.84000000,16538.85000000,16212.59000000,16284.23000000,13549.80032000,60,60,False
1668981600000,1668985200000,16284.23000000,16358.00000000,16180.00000000,16296.94000000,11496.02556000,60,60,False
1668985200000,1668988800000,16296.94000000,16324.58000000,16222.47000000,16280.23000000,9651.37977000,60,60,False
1668988800000,1668992400000,16279.50000000,16295.00000000,16123.01000000,16268.73000000,14167.43968000,60,60,False
1668992400000,1668996000000,16268.12000000,16283.06000000,16191.00000000,16214.15000000,7872.39775000,60,60,False
1668996000000,1668999600000,16214.15000000,16219.99000000,15905.88000000,16010.70000000,23043.32117000,60,60,False
1668999600000,1669003200000,16010.31000000,16110.55000000,15897.15000000,16073.75000000,17133.07210000,60,60,False
1669003200000,1669006800000,16073.15000000,16319.00000000,16064.22000000,16149.97000000,18837.79424000,60,60,False
1669006800000,1669010400000,16149.34000000,16234.66000000,16138.97000000,16228.09000000,8403.74792000,60,60,False
1669010400000,1669014000000,16228.09000000,16256.16000000,16082.00000000,16091.53000000,11091.76280000,60,60,False
1669014000000,1669017600000,16091.53000000,16150.00000000,15955.99000000,16039.73000000,12829.28326000,60,60,False
1669017600000,1669021200000,16040.73000000,16068.13000000,15992.14000000,16035.42000000,9731.71632000,60,60,False
1669021200000,1669024800000,16035.87000000,16169.52000000,15964.00000000,16112.48000000,16084.11695000,60,60,False
1669024800000,1669028400000,16111.77000000,16153.90000000,16058.63000000,16131.26000000,9631.50436000,60,60,False
1669028400000,1669032000000,16131.25000000,16154.99000000,16055.82000000,16084.42000000,8791.26747000,60,60,False
1669032000000,1669035600000,16084.42000000,16140.95000000,16025.42000000,16113.86000000,8491.57154000,60,60,False
1669035600000,1669039200000,16113.86000000,16284.00000000,16098.83000000,16175.95000000,14566.23991000,60,60,False
1669039200000,1669042800000,16176.56000000,16250.00000000,16146.21000000,16163.83000000,10824.23650000,60,60,False
1669042800000,1669046400000,16163.83000000,16175.23000000,16109.74000000,16130.45000000,8677.70192000,60,60,False
1669046400000,1669050000000,16130.45000000,16139.19000000,15906.52000000,16032.24000000,19529.33030000,60,60,False
1669050000000,1669053600000,16032.24000000,16075.59000000,15977.77000000,16015.22000000,10845.23657000,60,60,False
1669053600000,1669057200000,16015.22000000,16040.53000000,15930.00000000,15971.36000000,12433.72132000,60,60,False
1669057200000,1669060800000,15971.36000000,16006.38000000,15589.68000000,15722.98000000,23509.49356000,60,60,False
1669060800000,1669064400000,15721.51000000,15894.74000000,15709.76000000,15785.27000000,15789.22091000,60,60,False
1669064400000,1669068000000,15785.27000000,15852.24000000,15476.00000000,15649.52000000,17912.03391300,60,60,False
1669068000000,1669071600000,15648.23000000,15869.41000000,15614.96000000,15740.27000000,15458.33805000,60,60,False
1669071600000,1669075200000,15739.38000000,15857.07000000,15726.38000000,15781.29000000,8442.44924000,60,60,False
1669075200000,1669078800000,15781.29000000,15967.76000000,15746.16000000,15866.48000000,12895.32049000,60,60,False
1669078800000,1669082400000,15866.48000000,15899.92000000,15800.00000000,15812.06000000,7380.93322000,60,60,False
1669082400000,1669086000000,15812.06000000,15920.33000000,15770.01000000,15900.14000000,9765.29030000,60,60,False
1669086000000,1669089600000,15900.14000000,15927.37000000,15833.60000000,15847.82000000,7245.21526000,60,60,False
1669089600000,1669093200000,15848.53000000,15868.00000000,15800.03000000,15822.79000000,5679.00944000,60,60,False
1669093200000,1669096800000,15822.79000000,15882.87000000,15773.78000000,15803.90000000,7397.45913000,60,60,False
1669096800000,1669100400000,15804.23000000,15821.71000000,15661.00000000,15687.47000000,11889.32461000,60,60,False
1669100400000,1669104000000,15687.47000000,15781.34000000,15616.63000000,15760.42000000,9883.54282000,60,60,False
1669104000000,1669107600000,15760.42000000,15769.99000000,15660.00000000,15729.98000000,10185.45339000,60,60,False
1669107600000,1669111200000,15729.98000000,15775.69000000,15669.24000000,15687.97000000,7744.25265000,60,60,False
1669111200000,1669114800000,15687.97000000,15824.16000000,15661.21000000,15797.30000000,8309.59152000,60,60,False
1669114800000,1669118400000,15796.44000000,15816.09000000,15701.00000000,15747.88000000,8048.25731000,60,60,False
1669118400000,1669122000000,15747.88000000,15863.20000000,15683.33000000,15836.41000000,12635.59884000,60,60,False
1669122000000,1669125600000,15835.30000000,16218.00000000,15827.55000000,16171.01000000,27127.36661000,60,60,False
1669125600000,1669129200000,16171.01000000,16218.00000000,16039.88000000,16117.28000000,14432.79801000,60,60,False
1669129200000,1669132800000,16117.28000000,16315.00000000,16113.88000000,16241.30000000,15824.16900000,60,60,False
1669132800000,1669136400000,16241.30000000,16290.27000000,16153.71000000,16171.69000000,10774.90417000,60,60,False
1669136400000,1669140000000,16171.69000000,16209.88000000,16060.01000000,16081.97000000,9054.79582000,60,60,False
1669140000000,1669143600000,16080.84000000,16174.23000000,16049.87000000,16140.29000000,9163.17157000,60,60,False
1669143600000,1669147200000,16139.44000000,16246.34000000,16100.82000000,16168.38000000,9022.86922000,60,60,False
1669147200000,1669150800000,16167.49000000,16193.07000000,16128.00000000,16135.92000000,5643.54363000,60,60,False
1669150800000,1669154400000,16134.85000000,16180.00000000,16085.54000000,16147.13000000,6442.72592000,60,60,False
1669154400000,1669158000000,16145.77000000,16254.99000000,16100.68000000,16184.90000000,6424.96746000,60,60,False
1669158000000,1669161600000,16186.00000000,16235.61000000,16156.50000000,16226.94000000,6577.50584000,60,60,False
1669161600000,1669165200000,16227.96000000,16261.58000000,16168.26000000,16183.16000000,7944.06412000,60,60,False
1669165200000,1669168800000,16183.16000000,16234.60000000,16160.20000000,16220.74000000,6708.24993000,60,60,False
1669168800000,1669172400000,16220.74000000,16570.02000000,16213.04000000,16512.44000000,23413.55565000,60,60,False
1669172400000,1669176000000,16512.44000000,16593.80000000,16462.20000000,16586.55000000,12227.50795000,60,60,False
1669176000000,1669179600000,16584.66000000,16589.99000000,16484.95000000,16508.13000000,8840.03896000,60,60,False
1669179600000,1669183200000,16508.13000000,16536.99000000,16444.00000000,16464.07000000,8429.29027000,60,60,False
1669183200000,1669186800000,16463.54000000,16522.20000000,16445.94000000,16499.80000000,9322.68789000,60,60,False
1669186800000,1669190400000,16499.81000000,16662.10000000,16461.93000000,16583.84000000,13769.51937000,60,60,False
1669190400000,1669194000000,16583.84000000,16637.00000000,16500.00000000,16541.86000000,11344.95982000,60,60,False
1669194000000,1669197600000,16541.86000000,16600.00000000,16519.71000000,16566.38000000,10104.88056000,60,60,False
1669197600000,1669201200000,16565.77000000,16677.25000000,16531.00000000,16611.45000000,12523.60081000,60,60,False
1669201200000,1669204800000,16610.97000000,16642.60000000,16566.66000000,16585.77000000,9879.55772000,60,60,False
1669204800000,1669208400000,16585.21000000,16604.10000000,16485.14000000,16513.59000000,10783.60526000,60,60,False
1669208400000,1669212000000,16514.03000000,16546.00000000,16382.90000000,16394.33000000,12626.26709000,60,60,False
1669212000000,1669215600000,16395.48000000,16488.25000000,16342.98000000,16464.98000000,14821.68313000,60,60,False
1669215600000,1669219200000,16464.98000000,16511.03000000,16401.97000000,16427.11000000,10308.55999000,60,60,False
1669219200000,1669222800000,16427.09000000,16465.63000000,16320.02000000,16334.35000000,9300.33001000,60,60,False
1669222800000,1669226400000,16335.33000000,16400.86000000,16328.11000000,16391.62000000,8216.33447000,60,60,False
1669226400000,1669230000000,16390.51000000,16582.22000000,16380.00000000,16527.81000000,10423.80667000,60,60,False
1669230000000,1669233600000,16527.81000000,16706.00000000,16395.16000000,16473.32000000,22319.91082000,60,60,False
1669233600000,1669237200000,16473.32000000,16625.00000000,16426.42000000,16617.47000000,9704.29413000,60,60,False
1669237200000,1669240800000,16617.47000000,16620.76000000,16478.57000000,16488.41000000,7312.38584000,60,60,False
1669240800000,1669244400000,16488.41000000,16541.50000000,16459.43000000,16512.51000000,4884.73057000,60,60,False
1669244400000,1669248000000,16511.59000000,16676.72000000,16497.21000000,16603.11000000,9717.88305000,60,60,False
1669248000000,1669251600000,16603.11000000,16627.06000000,16533.65000000,16564.07000000,8239.06493000,60,60,False
1669251600000,1669255200000,16562.99000000,16799.99000000,16537.44000000,16747.83000000,13006.15028000,60,60,False
1669255200000,1669258800000,16747.83000000,16812.63000000,16678.67000000,16695.18000000,11395.93178000,60,60,False
1669258800000,1669262400000,16695.18000000,16772.46000000,16685.00000000,16712.07000000,8405.99513000,60,60,False
1669262400000,1669266000000,16711.41000000,16740.01000000,16656.80000000,16697.69000000,8038.87223000,60,60,False
1669266000000,1669269600000,16697.27000000,16704.70000000,16645.08000000,16655.80000000,7982.01760000,60,60,False
1669269600000,1669273200000,16655.55000000,16726.00000000,16635.66000000,16710.50000000,10381.87754000,60,60,False
1669273200000,1669276800000,16710.50000000,16719.03000000,16614.75000000,16623.90000000,11368.51516000,60,60,False
1669276800000,1669280400000,16622.38000000,16642.18000000,16520.26000000,16590.98000000,13285.87074000,60,60,False
1669280400000,1669284000000,16590.97000000,16619.62000000,16553.55000000,16601.53000000,8854.80948000,60,60,False
1669284000000,1669287600000,16601.53000000,16615.00000000,16493.81000000,16558.61000000,10808.96915000,60,60,False
1669287600000,1669291200000,16557.81000000,16582.00000000,16530.89000000,16572.11000000,6911.90953000,60,60,False
1669291200000,1669294800000,16572.11000000,16588.94000000,16493.01000000,16538.45000000,9526.48023000,60,60,False
1669294800000,1669298400000,16538.45000000,16606.52000000,16531.51000000,16586.23000000,8062.26689000,60,60,False
1669298400000,1669302000000,16586.23000000,16592.00000000,16458.05000000,16532.59000000,9685.63421000,60,60,False
1669302000000,1669305600000,16532.59000000,16580.01000000,16497.57000000,16558.11000000,6937.14748000,60,60,False
1669305600000,1669309200000,16559.01000000,16676.00000000,16517.99000000,16622.53000000,12911.51358000,60,60,False
1669309200000,1669312800000,16622.52000000,16669.00000000,16581.53000000,16586.73000000,7597.96884000,60,60,False
1669312800000,1669316400000,16587.67000000,16604.48000000,16542.22000000,16583.31000000,6161.63307000,60,60,False
1669316400000,1669320000000,16583.31000000,16602.29000000,16554.00000000,16577.41000000,4381.79719000,60,60,False
1669320000000,1669323600000,16577.05000000,16595.48000000,16553.00000000,16567.36000000,4960.72797000,60,60,False
1669323600000,1669327200000,16567.36000000,16577.86000000,16535.01000000,16551.95000000,5135.77254000,60,60,False
1669327200000,1669330800000,16552.74000000,16639.00000000,16542.20000000,16612.48000000,4402.72097000,60,60,False
1669330800000,1669334400000,16612.48000000,16625.00000000,16560.27000000,16598.95000000,8122.27694000,60,60,False
1669334400000,1669338000000,16599.55000000,16622.64000000,16510.46000000,16528.79000000,10622.54512000,60,60,False
1669338000000,1669341600000,16529.37000000,16556.58000000,16511.47000000,16526.84000000,5010.84404000,60,60,False
1669341600000,1669345200000,16526.84000000,16532.32000000,16470.60000000,16525.78000000,8876.30200000,60,60,False
1669345200000,1669348800000,16525.78000000,16527.72000000,16470.00000000,16485.45000000,5921.99795000,60,60,False
1669348800000,1669352400000,16485.45000000,16502.19000000,16354.24000000,16391.26000000,10133.82587000,60,60,False
1669352400000,1669356000000,16391.93000000,16421.27000000,16360.63000000,16362.80000000,8014.73872000,60,60,False
1669356000000,1669359600000,16363.43000000,16444.99000000,16342.81000000,16424.40000000,8209.16864000,60,60,False
1669359600000,1669363200000,16424.94000000,16474.88000000,16415.07000000,16461.66000000,6751.84462000,60,60,False
1669363200000,1669366800000,16462.22000000,16495.59000000,16420.30000000,16449.37000000,6653.60103000,60,60,False
1669366800000,1669370400000,16449.37000000,16480.41000000,16430.12000000,16441.79000000,5756.13750000,60,60,False
1669370400000,1669374000000,16442.28000000,16521.62000000,16407.72000000,16477.50000000,8371.31784000,60,60,False
1669374000000,1669377600000,16477.93000000,16591.43000000,16470.03000000,16531.64000000,11662.04076000,60,60,False
1669377600000,1669381200000,16531.64000000,16584.48000000,16500.25000000,16507.19000000,9545.69471000,60,60,False
1669381200000,1669384800000,16507.18000000,16519.82000000,16472.13000000,16491.33000000,7493.67179000,60,60,False
1669384800000,1669388400000,16491.82000000,16549.66000000,16435.11000000,16538.89000000,10489.99469000,60,60,False
1669388400000,1669392000000,16538.89000000,16570.00000000,16477.00000000,16513.00000000,10610.00789000,60,60,False
1669392000000,1669395600000,16513.00000000,16516.98000000,16458.46000000,16485.66000000,7095.21116000,60,60,False
1669395600000,1669399200000,16485.14000000,16536.35000000,16474.29000000,16510.38000000,7262.26297000,60,60,False
1669399200000,1669402800000,16509.52000000,16528.60000000,16477.13000000,16495.43000000,4967.00543000,60,60,False
1669402800000,1669406400000,16495.43000000,16553.88000000,16494.01000000,16523.21000000,5276.79401000,60,60,False
1669406400000,1669410000000,16523.67000000,16666.00000000,16516.97000000,16526.13000000,8058.96070000,60,60,False
1669410000000,1669413600000,16526.13000000,16539.77000000,16492.57000000,16501.60000000,4796.70034000,60,60,False
1669413600000,1669417200000,16502.19000000,16539.10000000,16482.87000000,16529.17000000,4333.86269000,60,60,False
1669417200000,1669420800000,16529.02000000,16577.60000000,16494.06000000,16522.14000000,6174.96486000,60,60,False
1669420800000,1669424400000,16521.35000000,16591.03000000,16509.60000000,16579.50000000,8474.38887000,60,60,False
1669424400000,1669428000000,16579.27000000,16701.99000000,16573.52000000,16633.87000000,13822.50028000,60,60,False
1669428000000,1669431600000,16634.33000000,16670.00000000,16617.33000000,16627.90000000,7856.63396000,60,60,False
1669431600000,1669435200000,16628.17000000,16644.06000000,16602.78000000,16625.79000000,6699.54834000,60,60,False
1669435200000,1669438800000,16625.79000000,16644.72000000,16602.12000000,16630.32000000,9009.75508000,60,60,False
1669438800000,1669442400000,16630.32000000,16651.84000000,16619.20000000,16625.48000000,6968.00812000,60,60,False
1669442400000,1669446000000,16625.00000000,16626.35000000,16532.50000000,16559.50000000,10166.51669000,60,60,False
1669446000000,1669449600000,16559.00000000,16600.00000000,16530.00000000,16583.75000000,7375.87768000,60,60,False
1669449600000,1669453200000,16584.13000000,16596.36000000,16567.00000000,16573.03000000,4756.14843000,60,60,False
1669453200000,1669456800000,16573.01000000,16600.00000000,16571.57000000,16590.86000000,6184.40397000,60,60,False
1669456800000,1669460400000,16590.86000000,16638.23000000,16582.03000000,16596.56000000,8456.36954000,60,60,False
1669460400000,1669464000000,16595.82000000,16606.54000000,16556.66000000,16580.31000000,6746.64910000,60,60,False
1669464000000,1669467600000,16580.58000000,16598.50000000,16558.32000000,16580.59000000,5600.70998000,60,60,False
1669467600000,1669471200000,16580.59000000,16613.21000000,16577.05000000,16596.89000000,7821.52261000,60,60,False
1669471200000,1669474800000,16596.22000000,16680.57000000,16536.56000000,16567.05000000,13700.35639000,60,60,False
1669474800000,1669478400000,16566.95000000,16582.53000000,16483.25000000,16512.86000000,11100.82159000,60,60,False
1669478400000,1669482000000,16512.35000000,16532.91000000,16496.26000000,16508.22000000,5734.22673000,60,60,False
1669482000000,1669485600000,16507.75000000,16530.00000000,16490.76000000,16516.05000000,4920.19708000,60,60,False
1669485600000,1669489200000,16516.63000000,16526.39000000,16458.38000000,16477.77000000,4837.58069000,60,60,False
1669489200000,1669492800000,16477.73000000,16497.43000000,16420.45000000,16488.43000000,6863.97031000,60,60,False
1669492800000,1669496400000,16488.44000000,16514.98000000,16484.91000000,16500.90000000,3335.81205000,60,60,False
1669496400000,1669500000000,16500.95000000,16549.66000000,16495.61000000,16516.25000000,6386.34059000,60,60,False
1669500000000,1669503600000,16516.25000000,16520.00000000,16385.00000000,16425.29000000,7287.10999000,60,60,False
1669503600000,1669507200000,16425.29000000,16483.69000000,16416.20000000,16458.57000000,7699.36859000,60,60,False
1669507200000,1669510800000,16457.61000000,16503.91000000,16446.59000000,16462.67000000,8047.14353000,60,60,False
1669510800000,1669514400000,16462.67000000,16510.37000000,16461.13000000,16485.56000000,7376.21904000,60,60,False
1669514400000,1669518000000,16484.95000000,16536.86000000,16482.01000000,16528.20000000,8215.48285000,60,60,False
1669518000000,1669521600000,16528.48000000,16575.31000000,16517.08000000,16527.22000000,6851.48755000,60,60,False
1669521600000,1669525200000,16527.22000000,16600.00000000,16522.23000000,16565.70000000,11663.03527000,60,60,False
1669525200000,1669528800000,16565.70000000,16580.00000000,16531.11000000,16537.01000000,7191.99695000,60,60,False
1669528800000,1669532400000,16537.01000000,16594.97000000,16536.43000000,16554.51000000,7044.74526000,60,60,False
1669532400000,1669536000000,16554.52000000,16572.00000000,16548.04000000,16562.98000000,4910.18091000,60,60,False
1669536000000,1669539600000,16562.98000000,16583.43000000,16522.14000000,16531.75000000,7100.16843000,60,60,False
1669539600000,1669543200000,16531.75000000,16547.72000000,16514.01000000,16522.92000000,5532.96599000,60,60,False
1669543200000,1669546800000,16522.97000000,16593.91000000,16513.00000000,16541.82000000,8702.04811000,60,60,False
1669546800000,1669550400000,16541.82000000,16562.98000000,16527.57000000,16550.91000000,5660.22416000,60,60,False
1669550400000,1669554000000,16550.57000000,16578.66000000,16537.48000000,16559.55000000,6262.17506000,60,60,False
1669554000000,1669557600000,16559.86000000,16565.30000000,16524.00000000,16539.51000000,5547.98822000,60,60,False
1669557600000,1669561200000,16539.51000000,16557.05000000,16520.00000000,16539.48000000,5605.54866000,60,60,False
1669561200000,1669564800000,16539.48000000,16586.74000000,16520.26000000,16574.28000000,7570.14707000,60,60,False
1669564800000,1669568400000,16573.76000000,16581.60000000,16533.53000000,16537.55000000,6276.82933000,60,60,False
1669568400000,1669572000000,16537.55000000,16548.31000000,16520.88000000,16534.20000000,5403.40570000,60,60,False
1669572000000,1669575600000,16534.20000000,16567.23000000,16532.00000000,16564.77000000,4436.92318000,60,60,False
1669575600000,1669579200000,16564.77000000,16567.63000000,16531.75000000,16555.39000000,3313.92696000,60,60,False
1669579200000,1669582800000,16555.39000000,16573.60000000,16546.83000000,16558.87000000,3501.70724000,60,60,False
1669582800000,1669586400000,16558.87000000,16595.00000000,16555.41000000,16578.17000000,4333.05439000,60,60,False
1669586400000,1669590000000,16578.17000000,16597.36000000,16559.02000000,16573.03000000,4080.13384000,60,60,False
1669590000000,1669593600000,16573.03000000,16575.40000000,16401.00000000,16428.78000000,17397.93837000,60,60,False
1669593600000,1669597200000,16428.77000000,16487.04000000,16417.00000000,16446.79000000,8075.56504000,60,60,False
1669597200000,1669600800000,16446.79000000,16470.00000000,16090.00000000,16144.12000000,29041.48446000,60,60,False
1669600800000,1669604400000,16143.40000000,16191.58000000,16051.90000000,16117.63000000,17314.62529000,60,60,False
1669604400000,1669608000000,16118.22000000,16206.59000000,16104.62000000,16178.22000000,9630.79702000,60,60,False
1669608000000,1669611600000,16177.49000000,16246.98000000,16167.71000000,16209.96000000,7739.89125000,60,60,False
1669611600000,1669615200000,16210.30000000,16226.96000000,16146.04000000,16159.31000000,7852.92899000,60,60,False
1669615200000,1669618800000,16158.82000000,16217.71000000,16136.00000000,16212.45000000,7355.75701000,60,60,False
1669618800000,1669622400000,16213.36000000,16235.20000000,16190.24000000,16222.06000000,7070.23679000,60,60,False
1669622400000,1669626000000,16224.14000000,16270.59000000,16193.08000000,16235.26000000,8788.41433000,60,60,False
1669626000000,1669629600000,16235.26000000,16248.00000000,16187.01000000,16218.07000000,7590.61203000,60,60,False
1669629600000,1669633200000,16218.07000000,16225.62000000,16178.24000000,16196.75000000,7883.34883000,60,60,False
1669633200000,1669636800000,16197.21000000,16230.77000000,16190.97000000,16213.29000000,6850.56846000,60,60,False
1669636800000,1669640400000,16213.29000000,16239.31000000,16162.04000000,16185.77000000,10036.67174000,60,60,False
1669640400000,1669644000000,16185.77000000,16213.48000000,16150.35000000,16179.27000000,8784.82894000,60,60,False
1669644000000,1669647600000,16179.46000000,16310.43000000,16170.22000000,16216.40000000,14437.51627000,60,60,False
1669647600000,1669651200000,16216.47000000,16238.05000000,16120.38000000,16146.26000000,13952.75698000,60,60,False
1669651200000,1669654800000,16146.26000000,16399.69000000,15995.27000000,16311.56000000,26270.82545000,60,60,False
1669654800000,1669658400000,16310.53000000,16388.99000000,16192.55000000,16207.12000000,17411.33569000,60,60,False
1669658400000,1669662000000,16207.12000000,16232.83000000,16145.00000000,16158.71000000,8422.67949000,60,60,False
1669662000000,1669665600000,16159.59000000,16257.85000000,16150.00000000,16224.75000000,6655.63319000,60,60,False
1669665600000,1669669200000,16225.53000000,16271.09000000,16211.26000000,16256.33000000,6080.60912000,60,60,False
1669669200000,1669672800000,16256.33000000,16262.77000000,16186.00000000,16199.59000000,6780.81367000,60,60,False
1669672800000,1669676400000,16200.56000000,16235.21000000,16195.72000000,16220.76000000,3742.40807000,60,60,False
1669676400000,1669680000000,16220.36000000,16245.92000000,16195.63000000,16212.91000000,4925.09556000,60,60,False
1669680000000,1669683600000,16212.18000000,16224.83000000,16100.00000000,16179.02000000,11394.99817000,60,60,False
1669683600000,1669687200000,16178.74000000,16309.03000000,16171.17000000,16250.77000000,9098.01403000,60,60,False
1669687200000,1669690800000,16250.77000000,16306.13000000,16246.86000000,16265.83000000,9732.36819000,60,60,False
1669690800000,1669694400000,16265.83000000,16305.00000000,16259.51000000,16287.66000000,7299.42953000,60,60,False
1669694400000,1669698000000,16287.53000000,16491.99000000,16278.90000000,16432.98000000,18178.28180000,60,60,False
1669698000000,1669701600000,16432.22000000,16541.59000000,16432.19000000,16484.85000000,12930.90519000,60,60,False
1669701600000,1669705200000,16484.85000000,16515.37000000,16450.23000000,16462.91000000,8901.52700000,60,60,False
1669705200000,1669708800000,16462.91000000,16506.47000000,16458.95000000,16463.31000000,9933.42840000,60,60,False
1669708800000,1669712400000,16463.95000000,16548.71000000,16430.00000000,16498.61000000,16872.15937000,60,60,False
1669712400000,1669716000000,16498.03000000,16527.51000000,16480.59000000,16516.64000000,10409.67184000,60,60,False
1669716000000,1669719600000,16516.64000000,16534.18000000,16484.77000000,16504.35000000,9502.02805000,60,60,False
1669719600000,1669723200000,16505.01000000,16541.86000000,16488.47000000,16497.64000000,9801.41445000,60,60,False
1669723200000,1669726800000,16496.73000000,16508.04000000,16468.08000000,16486.66000000,9032.65754000,60,60,False
1669726800000,1669730400000,16486.67000000,16489.00000000,16380.89000000,16412.54000000,14822.12014000,60,60,False
1669730400000,1669734000000,16412.54000000,16463.00000000,16328.84000000,16361.78000000,18622.45093000,60,60,False
1669734000000,1669737600000,16362.64000000,16457.30000000,16343.47000000,16393.48000000,13665.80722000,60,60,False
1669737600000,1669741200000,16394.34000000,16429.28000000,16342.59000000,16410.67000000,10859.64402000,60,60,False
1669741200000,1669744800000,16410.67000000,16427.59000000,16358.87000000,16379.72000000,7310.75506000,60,60,False
1669744800000,1669748400000,16379.72000000,16438.99000000,16357.19000000,16419.68000000,7314.43476000,60,60,False
1669748400000,1669752000000,16419.68000000,16479.84000000,16417.54000000,16426.56000000,7256.74470000,60,60,False
1669752000000,1669755600000,16426.56000000,16512.39000000,16423.19000000,16496.48000000,8232.14992000,60,60,False
1669755600000,1669759200000,16495.74000000,16499.99000000,16453.12000000,16465.95000000,5349.85972000,60,60,False
1669759200000,1669762800000,16465.36000000,16500.39000000,16452.39000000,16495.59000000,4822.51684000,60,60,False
1669762800000,1669766400000,16494.61000000,16526.91000000,16426.24000000,16442.53000000,6762.88322000,60,60,False
1669766400000,1669770000000,16442.91000000,16899.10000000,16428.30000000,16845.72000000,25348.71369000,60,60,False
1669770000000,1669773600000,16846.85000000,16950.82000000,16825.16000000,16880.19000000,18139.63055000,60,60,False
1669773600000,1669777200000,16879.22000000,17162.20000000,16879.00000000,16961.35000000,19145.09370000,60,60,False
1669777200000,1669780800000,16961.35000000,16979.23000000,16840.02000000,16845.25000000,10913.45109000,60,60,False
1669780800000,1669784400000,16845.25000000,16891.02000000,16794.16000000,16879.53000000,10298.56792000,60,60,False
1669784400000,1669788000000,16879.53000000,16914.58000000,16861.39000000,16864.10000000,8355.99700000,60,60,False
1669788000000,1669791600000,16863.45000000,16870.77000000,16830.38000000,16860.61000000,8424.53584000,60,60,False
1669791600000,1669795200000,16860.61000000,16920.16000000,16858.90000000,16884.18000000,8956.14794000,60,60,False
1669795200000,1669798800000,16883.87000000,16930.66000000,16874.02000000,16890.65000000,7960.12284000,60,60,False
1669798800000,1669802400000,16890.65000000,16906.00000000,16835.75000000,16879.49000000,9376.39741000,60,60,False
1669802400000,1669806000000,16879.83000000,16899.56000000,16863.99000000,16865.06000000,6610.87018000,60,60,False
1669806000000,1669809600000,16865.49000000,16898.86000000,16864.29000000,16879.32000000,7103.43272000,60,60,False
1669809600000,1669813200000,16879.32000000,16888.00000000,16768.72000000,16777.24000000,11156.93737000,60,60,False
1669813200000,1669816800000,16777.24000000,16897.00000000,16766.68000000,16810.12000000,16334.82183000,60,60,False
1669816800000,1669820400000,16810.12000000,16888.00000000,16805.53000000,16847.01000000,10295.79743000,60,60,False
1669820400000,1669824000000,16847.01000000,16870.06000000,16796.89000000,16865.64000000,9430.64236000,60,60,False
1669824000000,1669827600000,16865.64000000,16907.90000000,16828.55000000,16861.98000000,11276.57361000,60,60,False
1669827600000,1669831200000,16861.98000000,16876.52000000,16720.56000000,16789.66000000,12003.12758000,60,60,False
1669831200000,1669834800000,16789.66000000,16986.00000000,16705.00000000,16921.44000000,20627.65732000,60,60,False
1669834800000,1669838400000,16920.45000000,17147.16000000,16917.30000000,17062.85000000,23959.64170000,60,60,False
1669838400000,1669842000000,17061.14000000,17103.52000000,17030.21000000,17097.19000000,10883.04170000,60,60,False
1669842000000,1669845600000,17098.37000000,17111.70000000,17028.37000000,17106.65000000,10824.19286000,60,60,False
1669845600000,1669849200000,17106.64000000,17249.00000000,17069.04000000,17148.29000000,10013.79086000,60,60,False
1669849200000,1669852800000,17148.29000000,17227.23000000,17109.98000000,17163.64000000,15580.62169000,60,60,False
1669852800000,1669856400000,17165.53000000,17236.29000000,17122.65000000,17161.55000000,14452.68614000,60,60,False
1669856400000,1669860000000,17161.55000000,17170.32000000,17105.37000000,17117.13000000,8649.60607000,60,60,False
1669860000000,1669863600000,17117.13000000,17142.99000000,17088.01000000,17123.98000000,7980.58514000,60,60,False
1669863600000,1669867200000,17124.53000000,17169.73000000,17122.18000000,17150.98000000,7343.39472000,60,60,False
1669867200000,1669870800000,17150.98000000,17168.00000000,17129.27000000,17142.23000000,6733.99332000,60,60,False
1669870800000,1669874400000,17142.23000000,17151.75000000,17059.58000000,17110.11000000,7903.84454000,60,60,False
1669874400000,1669878000000,17110.95000000,17130.00000000,17084.49000000,17120.89000000,6388.70353000,60,60,False
1669878000000,1669881600000,17120.35000000,17124.67000000,17064.11000000,17070.21000000,7932.97989000,60,60,False
1669881600000,1669885200000,17070.21000000,17137.75000000,17058.51000000,17110.79000000,9765.40835000,60,60,False
1669885200000,1669888800000,17110.79000000,17119.25000000,17086.01000000,17111.70000000,8415.12523000,60,60,False
1669888800000,1669892400000,17111.40000000,17113.98000000,17086.01000000,17096.31000000,6516.33488000,60,60,False
1669892400000,1669896000000,17096.31000000,17107.74000000,17042.37000000,17102.47000000,8940.59919000,60,60,False
1669896000000,1669899600000,17102.47000000,17156.33000000,17100.00000000,17136.27000000,10225.42078000,60,60,False
1669899600000,1669903200000,17136.27000000,17324.00000000,16974.44000000,17088.86000000,23716.00747000,60,60,False
1669903200000,1669906800000,17089.84000000,17143.78000000,17027.66000000,17104.27000000,17194.74213000,60,60,False
1669906800000,1669910400000,17104.27000000,17145.58000000,16895.02000000,16977.67000000,21844.50807000,60,60,False
1669910400000,1669914000000,16977.60000000,17000.00000000,16919.40000000,16981.76000000,10916.80757000,60,60,False
1669914000000,1669917600000,16981.76000000,16990.00000000,16928.20000000,16967.67000000,8552.51070000,60,60,False
1669917600000,1669921200000,16967.67000000,16976.33000000,16908.05000000,16931.04000000,7326.21353000,60,60,False
1669921200000,1669924800000,16931.74000000,16961.32000000,16897.15000000,16951.80000000,6439.38749000,60,60,False
1669924800000,1669928400000,16952.49000000,16967.79000000,16909.11000000,16916.12000000,5505.08568000,60,60,False
1669928400000,1669932000000,16917.05000000,16939.27000000,16855.01000000,16924.08000000,7159.06387000,60,60,False
1669932000000,1669935600000,16924.08000000,16987.29000000,16917.42000000,16965.24000000,6016.75879000,60,60,False
1669935600000,1669939200000,16965.90000000,16980.24000000,16940.83000000,16977.37000000,6898.41510000,60,60,False
1669939200000,1669942800000,16978.00000000,17046.45000000,16951.46000000,17037.82000000,10772.38556000,60,60,False
1669942800000,1669946400000,17037.82000000,17048.99000000,16869.57000000,16925.79000000,11946.92301000,60,60,False
1669946400000,1669950000000,16925.25000000,16942.22000000,16857.89000000,16920.59000000,10805.05307000,60,60,False
1669950000000,1669953600000,16920.59000000,16930.35000000,16890.05000000,16902.03000000,5728.58439000,60,60,False
1669953600000,1669957200000,16902.03000000,16934.10000000,16879.08000000,16927.78000000,6408.52407000,60,60,False
1669957200000,1669960800000,16927.78000000,16944.84000000,16922.73000000,16934.84000000,4958.86520000,60,60,False
1669960800000,1669964400000,16935.46000000,16953.55000000,16907.21000000,16910.53000000,5383.49179000,60,60,False
1669964400000,1669968000000,16910.82000000,16973.72000000,16906.99000000,16955.82000000,7343.94084000,60,60,False
1669968000000,1669971600000,16955.42000000,16972.00000000,16936.15000000,16964.56000000,5905.38487000,60,60,False
1669971600000,1669975200000,16964.56000000,16989.57000000,16956.00000000,16962.17000000,6427.60143000,60,60,False
1669975200000,1669978800000,16962.17000000,16976.15000000,16946.13000000,16969.21000000,6323.80651000,60,60,False
1669978800000,1669982400000,16969.21000000,17065.00000000,16954.45000000,16996.92000000,13932.95192000,60,60,False
1669982400000,1669986000000,16996.92000000,17047.28000000,16985.79000000,17031.50000000,8840.89962000,60,60,False
1669986000000,1669989600000,17031.50000000,17105.73000000,16787.85000000,16889.18000000,26581.99282000,60,60,False
1669989600000,1669993200000,16889.18000000,16989.23000000,16853.52000000,16909.54000000,12697.69510000,60,60,False
1669993200000,1669996800000,16909.01000000,16979.87000000,16892.59000000,16938.94000000,8556.40549000,60,60,False
1669996800000,1670000400000,16938.94000000,16948.75000000,16902.10000000,16936.51000000,7018.72118000,60,60,False
1670000400000,1670004000000,16936.75000000,16973.43000000,16930.21000000,16936.33000000,6043.21737000,60,60,False
1670004000000,1670007600000,16935.68000000,16967.55000000,16933.08000000,16953.93000000,4565.80809000,60,60,False
1670007600000,1670011200000,16954.63000000,16997.19000000,16930.03000000,16987.01000000,5889.85229000,60,60,False
1670011200000,1670014800000,16987.01000000,17057.42000000,16977.49000000,17029.59000000,7148.02645000,60,60,False
1670014800000,1670018400000,17029.59000000,17050.64000000,16994.59000000,17012.38000000,6011.02548000,60,60,False
1670018400000,1670022000000,17012.38000000,17079.00000000,17010.14000000,17041.94000000,5389.56665000,60,60,False
1670022000000,1670025600000,17041.26000000,17099.00000000,17041.18000000,17092.74000000,7691.48300000,60,60,False
1670025600000,1670029200000,17092.13000000,17188.98000000,17038.00000000,17047.93000000,10277.28688000,60,60,False
1670029200000,1670032800000,17047.93000000,17056.25000000,17012.34000000,17051.11000000,6536.55904000,60,60,False
1670032800000,1670036400000,17051.11000000,17058.95000000,17012.65000000,17028.46000000,5758.11669000,60,60,False
1670036400000,1670040000000,17028.46000000,17032.52000000,17011.00000000,17020.89000000,5561.03094000,60,60,False
1670040000000,1670043600000,17021.16000000,17036.24000000,17008.41000000,17015.45000000,5713.74967000,60,60,False
1670043600000,1670047200000,17015.45000000,17026.47000000,17011.00000000,17016.31000000,4728.22708000,60,60,False
1670047200000,1670050800000,17016.31000000,17018.49000000,16943.73000000,16976.72000000,8393.02897000,60,60,False
1670050800000,1670054400000,16976.11000000,16984.33000000,16925.55000000,16964.51000000,6985.41897000,60,60,False
1670054400000,1670058000000,16964.51000000,16967.38000000,16918.00000000,16947.09000000,7254.24542000,60,60,False
1670058000000,1670061600000,16947.09000000,16987.00000000,16929.81000000,16979.13000000,6663.92205000,60,60,False
1670061600000,1670065200000,16979.13000000,16984.50000000,16951.47000000,16963.51000000,5058.47007000,60,60,False
1670065200000,1670068800000,16963.51000000,16965.66000000,16880.88000000,16943.43000000,10092.93622000,60,60,False
1670068800000,1670072400000,16943.43000000,16968.99000000,16930.42000000,16965.71000000,6800.76735000,60,60,False
1670072400000,1670076000000,16966.19000000,16966.64000000,16942.56000000,16952.53000000,6445.50154000,60,60,False
1670076000000,1670079600000,16953.24000000,16955.31000000,16921.07000000,16947.15000000,6735.83911000,60,60,False
1670079600000,1670083200000,16947.15000000,16983.77000000,16940.54000000,16961.49000000,6109.85622000,60,60,False
1670083200000,1670086800000,16961.04000000,16967.54000000,16945.01000000,16954.60000000,4502.38450000,60,60,False
1670086800000,1670090400000,16954.60000000,16982.01000000,16938.88000000,16971.08000000,6042.18882000,60,60,False
1670090400000,1670094000000,16971.08000000,16983.65000000,16950.52000000,16969.45000000,3528.55300000,60,60,False
1670094000000,1670097600000,16969.36000000,16972.93000000,16937.84000000,16953.40000000,4184.58027000,60,60,False
1670097600000,1670101200000,16953.88000000,16959.61000000,16911.94000000,16934.23000000,4195.86613000,60,60,False
1670101200000,1670104800000,16934.16000000,16952.12000000,16875.00000000,16947.76000000,8390.14394000,60,60,False
1670104800000,1670108400000,16947.76000000,16952.36000000,16858.74000000,16901.27000000,8065.12666000,60,60,False
1670108400000,1670112000000,16901.27000000,16917.01000000,16870.69000000,16885.20000000,6518.77352000,60,60,False
1670112000000,1670115600000,16885.20000000,16967.53000000,16878.25000000,16948.14000000,8391.06666000,60,60,False
1670115600000,1670119200000,16948.56000000,17049.45000000,16935.00000000,16967.26000000,9367.08765000,60,60,False
1670119200000,1670122800000,16967.26000000,16986.85000000,16945.61000000,16973.96000000,4720.46881000,60,60,False
1670122800000,1670126400000,16973.70000000,16979.28000000,16948.00000000,16959.64000000,5203.89141000,60,60,False
1670126400000,1670130000000,16959.64000000,17020.90000000,16958.15000000,17007.70000000,7350.96256000,60,60,False
1670130000000,1670133600000,17007.70000000,17068.00000000,17000.11000000,17015.09000000,9863.00930000,60,60,False
1670133600000,1670137200000,17015.68000000,17047.00000000,16993.00000000,16999.02000000,7027.88642000,60,60,False
1670137200000,1670140800000,16999.02000000,17016.22000000,16989.00000000,16996.39000000,5915.36877000,60,60,False
1670140800000,1670144400000,16996.39000000,17050.00000000,16976.05000000,17012.10000000,7408.40801000,60,60,False
1670144400000,1670148000000,17012.10000000,17033.77000000,17000.00000000,17000.65000000,4930.56396000,60,60,False
1670148000000,1670151600000,17000.17000000,17008.99000000,16991.54000000,17001.95000000,5842.89202000,60,60,False
1670151600000,1670155200000,17001.43000000,17006.23000000,16905.01000000,16948.64000000,8543.19660000,60,60,False
1670155200000,1670158800000,16948.64000000,16962.89000000,16926.54000000,16956.92000000,6501.11355000,60,60,False
1670158800000,1670162400000,16957.33000000,16959.00000000,16915.00000000,16946.81000000,5984.64738000,60,60,False
1670162400000,1670166000000,16946.66000000,17014.18000000,16930.89000000,17006.96000000,9953.42889000,60,60,False
1670166000000,1670169600000,17007.72000000,17067.45000000,17006.99000000,17029.88000000,11022.03358000,60,60,False
1670169600000,1670173200000,17029.88000000,17100.00000000,17003.79000000,17016.60000000,8742.87354000,60,60,False
1670173200000,1670176800000,17016.60000000,17058.64000000,16972.36000000,17052.24000000,6213.80870000,60,60,False
1670176800000,1670180400000,17052.21000000,17159.00000000,17034.73000000,17064.60000000,14783.97080000,60,60,False
1670180400000,1670184000000,17064.61000000,17104.96000000,17047.41000000,17085.53000000,7980.61817000,60,60,False
1670184000000,1670187600000,17085.53000000,17127.88000000,17069.01000000,17091.76000000,4985.69776000,60,60,False
1670187600000,1670191200000,17091.18000000,17120.00000000,17072.38000000,17110.25000000,4070.85903000,60,60,False
1670191200000,1670194800000,17110.25000000,17133.40000000,17075.55000000,17103.53000000,3590.32678000,60,60,False
1670194800000,1670198400000,17103.29000000,17202.84000000,17080.00000000,17105.70000000,10224.95352000,60,60,False
1670198400000,1670202000000,17106.65000000,17268.38000000,17076.85000000,17216.15000000,15110.64538000,60,60,False
1670202000000,1670205600000,17216.15000000,17300.00000000,17196.19000000,17268.49000000,10509.74507000,60,60,False
1670205600000,1670209200000,17269.05000000,17349.99000000,17234.04000000,17245.12000000,12360.97746000,60,60,False
1670209200000,1670212800000,17245.12000000,17277.96000000,17185.78000000,17196.88000000,11773.83934000,60,60,False
1670212800000,1670216400000,17197.22000000,17424.25000000,17191.74000000,17354.32000000,14816.10155000,60,60,False
1670216400000,1670220000000,17354.32000000,17407.38000000,17303.02000000,17340.42000000,14087.26383000,60,60,False
1670220000000,1670223600000,17340.42000000,17347.00000000,17284.19000000,17308.88000000,7269.44626000,60,60,False
1670223600000,1670227200000,17308.28000000,17364.68000000,17293.87000000,17313.93000000,7766.18218000,60,60,False
1670227200000,1670230800000,17313.34000000,17386.00000000,17300.00000000,17359.53000000,15195.21734000,60,60,False
1670230800000,1670234400000,17359.21000000,17363.20000000,17281.42000000,17303.76000000,8323.06413000,60,60,False
1670234400000,1670238000000,17303.76000000,17327.83000000,17282.20000000,17299.28000000,5063.97221000,60,60,False
1670238000000,1670241600000,17298.85000000,17315.00000000,17282.95000000,17310.51000000,5934.78845000,60,60,False
1670241600000,1670245200000,17310.08000000,17313.48000000,17230.01000000,17254.05000000,6468.86567000,60,60,False
1670245200000,1670248800000,17254.63000000,17285.57000000,17211.00000000,17232.41000000,6464.26317000,60,60,False
1670248800000,1670252400000,17232.40000000,17238.76000000,17171.45000000,17206.82000000,7964.92573000,60,60,False
1670252400000,1670256000000,17206.82000000,17207.27000000,17015.32000000,17083.92000000,17669.84391000,60,60,False
1670256000000,1670259600000,17083.92000000,17106.14000000,16980.28000000,17043.22000000,10450.79540000,60,60,False
1670259600000,1670263200000,17043.22000000,17087.84000000,16999.84000000,17055.01000000,8750.24204000,60,60,False
1670263200000,1670266800000,17055.01000000,17129.72000000,17035.99000000,17048.07000000,7716.10948000,60,60,False
1670266800000,1670270400000,17048.98000000,17061.41000000,16867.00000000,16926.65000000,14925.92374000,60,60,False
1670270400000,1670274000000,16926.65000000,16951.40000000,16899.09000000,16938.55000000,5828.54394000,60,60,False
1670274000000,1670277600000,16938.55000000,16979.01000000,16931.00000000,16973.42000000,5099.54647000,60,60,False
1670277600000,1670281200000,16973.93000000,16975.00000000,16930.00000000,16944.00000000,5710.94457000,60,60,False
1670281200000,1670284800000,16944.00000000,16989.59000000,16917.35000000,16966.35000000,8442.04493000,60,60,False
1670284800000,1670288400000,16966.35000000,17050.61000000,16965.98000000,17043.86000000,8861.21844000,60,60,False
1670288400000,1670292000000,17044.26000000,17102.97000000,17025.46000000,17031.22000000,10592.09756000,60,60,False
1670292000000,1670295600000,17031.68000000,17083.37000000,17010.01000000,17033.74000000,7956.46953000,60,60,False
1670295600000,1670299200000,17034.34000000,17059.35000000,16996.51000000,17003.88000000,6470.31008000,60,60,False
1670299200000,1670302800000,17003.84000000,17015.59000000,16966.34000000,17003.90000000,7975.63606000,60,60,False
1670302800000,1670306400000,17003.33000000,17009.13000000,16962.18000000,16976.06000000,6517.01555000,60,60,False
1670306400000,1670310000000,16976.21000000,17023.41000000,16955.13000000,17001.51000000,6778.71328000,60,60,False
1670310000000,1670313600000,17001.51000000,17019.46000000,16988.20000000,17001.17000000,5756.85147000,60,60,False
1670313600000,1670317200000,17001.17000000,17041.96000000,16970.03000000,17034.17000000,9950.56921000,60,60,False
1670317200000,1670320800000,17034.31000000,17037.55000000,16972.00000000,16974.34000000,7305.82060000,60,60,False
1670320800000,1670324400000,16974.41000000,16985.64000000,16938.52000000,16966.84000000,10139.97476000,60,60,False
1670324400000,1670328000000,16967.47000000,16992.19000000,16906.37000000,16983.90000000,9639.76038000,60,60,False
1670328000000,1670331600000,16983.42000000,17022.33000000,16976.27000000,16996.90000000,9055.12859000,60,60,False
1670331600000,1670335200000,16996.90000000,17032.95000000,16975.13000000,16984.94000000,7699.13115000,60,60,False
1670335200000,1670338800000,16984.94000000,17018.67000000,16958.00000000,16972.26000000,14127.53521000,60,60,False
1670338800000,1670342400000,16972.26000000,17024.67000000,16930.00000000,16985.27000000,18345.01013000,60,60,False
1670342400000,1670346000000,16985.27000000,17021.56000000,16965.64000000,16986.40000000,12027.42753000,60,60,False
1670346000000,1670349600000,16986.91000000,17006.44000000,16944.77000000,16959.77000000,9768.51570000,60,60,False
1670349600000,1670353200000,16959.77000000,16998.42000000,16912.24000000,16971.71000000,10537.82754000,60,60,False
1670353200000,1670356800000,16972.49000000,16986.87000000,16925.00000000,16970.93000000,8166.99176000,60,60,False
1670356800000,1670360400000,16970.52000000,16997.90000000,16951.75000000,16989.60000000,7941.09567000,60,60,False
1670360400000,1670364000000,16988.99000000,17010.85000000,16974.73000000,16993.50000000,4908.89381000,60,60,False
1670364000000,1670367600000,16993.69000000,16997.99000000,16958.98000000,16973.83000000,3228.53697000,60,60,False
1670367600000,1670371200000,16973.83000000,17107.01000000,16972.36000000,17088.96000000,14980.23785000,60,60,False
1670371200000,1670374800000,17088.96000000,17142.21000000,17046.43000000,17064.79000000,11344.99112000,60,60,False
1670374800000,1670378400000,17065.32000000,17073.73000000,17018.94000000,17041.01000000,9734.43019000,60,60,False
1670378400000,1670382000000,17041.00000000,17067.64000000,17032.86000000,17055.11000000,5979.70070000,60,60,False
1670382000000,1670385600000,17055.11000000,17055.54000000,17020.02000000,17025.03000000,5613.31275000,60,60,False
1670385600000,1670389200000,17024.97000000,17043.76000000,17012.79000000,17040.56000000,6412.12172000,60,60,False
1670389200000,1670392800000,17040.56000000,17046.48000000,16973.26000000,17004.51000000,8568.33591000,60,60,False
1670392800000,1670396400000,17004.20000000,17006.58000000,16932.84000000,16956.03000000,10689.66403000,60,60,False
1670396400000,1670400000000,16956.03000000,16959.54000000,16729.35000000,16763.03000000,23060.62168000,60,60,False
1670400000000,1670403600000,16763.03000000,16816.00000000,16678.83000000,16793.36000000,14526.29084000,60,60,False
1670403600000,1670407200000,16792.46000000,16836.69000000,16788.24000000,16834.76000000,9678.54225000,60,60,False
1670407200000,1670410800000,16834.76000000,16835.38000000,16787.40000000,16825.53000000,8038.41202000,60,60,False
1670410800000,1670414400000,16826.09000000,16832.85000000,16780.33000000,16793.29000000,8411.21752000,60,60,False
1670414400000,1670418000000,16793.29000000,16810.81000000,16765.12000000,16794.22000000,8176.75442000,60,60,False
1670418000000,1670421600000,16794.21000000,16872.00000000,16793.00000000,16855.24000000,12520.82420000,60,60,False
1670421600000,1670425200000,16855.24000000,16897.38000000,16821.15000000,16837.91000000,11855.93357000,60,60,False
1670425200000,1670428800000,16838.86000000,16858.88000000,16810.01000000,16837.48000000,13029.04588000,60,60,False
1670428800000,1670432400000,16837.48000000,16850.24000000,16778.21000000,16810.75000000,11325.17870000,60,60,False
1670432400000,1670436000000,16809.68000000,16826.47000000,16798.30000000,16805.85000000,7170.13618000,60,60,False
1670436000000,1670439600000,16805.99000000,16839.38000000,16783.05000000,16783.88000000,6954.47225000,60,60,False
1670439600000,1670443200000,16783.88000000,16832.00000000,16783.07000000,16815.73000000,5931.73318000,60,60,False
1670443200000,1670446800000,16815.13000000,16844.50000000,16801.02000000,16822.12000000,5441.98532000,60,60,False
1670446800000,1670450400000,16821.63000000,16834.00000000,16807.29000000,16828.88000000,4315.61802000,60,60,False
1670450400000,1670454000000,16829.53000000,16855.00000000,16793.70000000,16841.87000000,5149.95436000,60,60,False
1670454000000,1670457600000,16841.87000000,16865.81000000,16825.00000000,16836.64000000,6728.13653000,60,60,False
1670457600000,1670461200000,16836.64000000,16890.01000000,16810.00000000,16812.53000000,9565.38523000,60,60,False
1670461200000,1670464800000,16813.01000000,16847.41000000,16780.01000000,16831.68000000,10810.82339000,60,60,False
1670464800000,1670468400000,16831.09000000,16883.51000000,16808.36000000,16843.46000000,7955.01904000,60,60,False
1670468400000,1670472000000,16843.84000000,16866.86000000,16823.79000000,16834.32000000,7767.40998000,60,60,False
1670472000000,1670475600000,16834.32000000,16851.00000000,16811.00000000,16816.89000000,8416.77225000,60,60,False
1670475600000,1670479200000,16816.89000000,16826.53000000,16801.03000000,16819.23000000,5991.89000000,60,60,False
1670479200000,1670482800000,16819.03000000,16819.62000000,16777.00000000,16804.77000000,6541.49530000,60,60,False
1670482800000,1670486400000,16805.18000000,16844.96000000,16800.03000000,16825.55000000,8163.46826000,60,60,False
1670486400000,1670490000000,16825.55000000,16839.99000000,16817.81000000,16832.77000000,5567.42517000,60,60,False
1670490000000,1670493600000,16832.00000000,16846.34000000,16793.00000000,16801.58000000,7654.41318000,60,60,False
1670493600000,1670497200000,16801.18000000,16834.66000000,16798.71000000,16822.91000000,5895.27037000,60,60,False
1670497200000,1670500800000,16822.91000000,16863.01000000,16733.49000000,16851.02000000,12875.07375000,60,60,False
1670500800000,1670504400000,16850.88000000,16879.16000000,16826.02000000,16829.14000000,10011.42837000,60,60,False
1670504400000,1670508000000,16829.14000000,16870.00000000,16802.88000000,16856.57000000,9436.25434000,60,60,False
1670508000000,1670511600000,16856.57000000,16939.84000000,16829.26000000,16897.41000000,11431.03294000,60,60,False
1670511600000,1670515200000,16897.98000000,16957.79000000,16881.26000000,16917.40000000,14275.25990000,60,60,False
1670515200000,1670518800000,16917.39000000,16957.88000000,16909.46000000,16947.80000000,9295.39462000,60,60,False
1670518800000,1670522400000,16947.80000000,16977.36000000,16933.65000000,16966.57000000,9924.42546000,60,60,False
1670522400000,1670526000000,16966.57000000,17282.15000000,16958.96000000,17248.03000000,23809.16576000,60,60,False
1670526000000,1670529600000,17248.03000000,17299.00000000,17187.00000000,17251.62000000,14227.48382000,60,60,False
1670529600000,1670533200000,17251.32000000,17297.65000000,17154.94000000,17195.91000000,9895.35777000,60,60,False
1670533200000,1670536800000,17195.91000000,17204.78000000,17169.25000000,17180.93000000,5355.85575000,60,60,False
1670536800000,1670540400000,17180.93000000,17246.88000000,17176.04000000,17201.83000000,9248.86114000,60,60,False
1670540400000,1670544000000,17202.36000000,17279.76000000,17201.23000000,17224.10000000,12303.01225000,60,60,False
1670544000000,1670547600000,17224.10000000,17259.00000000,17186.50000000,17204.52000000,9103.92910000,60,60,False
1670547600000,1670551200000,17204.52000000,17300.00000000,17198.12000000,17234.84000000,12465.77057000,60,60,False
1670551200000,1670554800000,17235.43000000,17255.61000000,17204.42000000,17216.38000000,8334.78355000,60,60,False
1670554800000,1670558400000,17215.82000000,17234.09000000,17191.05000000,17202.66000000,7762.11205000,60,60,False
1670558400000,1670562000000,17202.01000000,17229.00000000,17188.00000000,17225.41000000,8902.32223000,60,60,False
1670562000000,1670565600000,17225.41000000,17225.41000000,17200.80000000,17218.24000000,5980.05497000,60,60,False
1670565600000,1670569200000,17218.24000000,17220.00000000,17191.41000000,17218.00000000,8749.88274000,60,60,False
1670569200000,1670572800000,17218.00000000,17235.85000000,17210.54000000,17211.93000000,6651.60519000,60,60,False
1670572800000,1670576400000,17211.65000000,17216.00000000,17200.00000000,17206.31000000,6630.51867000,60,60,False
1670576400000,1670580000000,17206.31000000,17263.70000000,17201.76000000,17237.40000000,8762.70288000,60,60,False
1670580000000,1670583600000,17238.06000000,17269.39000000,17203.12000000,17216.21000000,10247.53562000,60,60,False
1670583600000,1670587200000,17216.21000000,17257.28000000,17209.29000000,17241.44000000,8751.57561000,60,60,False
1670587200000,1670590800000,17241.16000000,17360.00000000,17170.85000000,17256.24000000,20501.81159000,60,60,False
1670590800000,1670594400000,17257.31000000,17275.22000000,17058.21000000,17150.70000000,24062.35206000,60,60,False
1670594400000,1670598000000,17151.55000000,17173.94000000,17079.83000000,17156.25000000,16801.33790000,60,60,False
1670598000000,1670601600000,17156.25000000,17199.36000000,17136.94000000,17181.50000000,13206.96108000,60,60,False
1670601600000,1670605200000,17181.50000000,17187.51000000,17152.07000000,17159.90000000,10109.02569000,60,60,False
1670605200000,1670608800000,17159.12000000,17171.38000000,17150.61000000,17164.34000000,7041.61040000,60,60,False
1670608800000,1670612400000,17163.99000000,17164.48000000,17119.03000000,17147.42000000,8798.45318000,60,60,False
1670612400000,1670616000000,17147.42000000,17165.20000000,17122.48000000,17142.67000000,7842.75708000,60,60,False
1670616000000,1670619600000,17142.67000000,17151.63000000,17096.38000000,17101.31000000,9091.40119000,60,60,False
1670619600000,1670623200000,17101.31000000,17124.33000000,17067.10000000,17111.10000000,9176.52778000,60,60,False
1670623200000,1670626800000,17111.10000000,17132.97000000,17105.49000000,17132.97000000,4016.24743000,60,60,False
1670626800000,1670630400000,17132.87000000,17158.22000000,17117.11000000,17128.56000000,5430.78609000,60,60,False
1670630400000,1670634000000,17128.56000000,17169.09000000,17120.77000000,17152.88000000,7644.13824000,60,60,False
1670634000000,1670637600000,17152.44000000,17166.40000000,17146.64000000,17154.43000000,5509.05579000,60,60,False
1670637600000,1670641200000,17154.10000000,17159.31000000,17116.40000000,17141.04000000,5406.20072000,60,60,False
1670641200000,1670644800000,17141.37000000,17159.50000000,17134.58000000,17145.08000000,4987.16189000,60,60,False
1670644800000,1670648400000,17145.08000000,17163.51000000,17137.88000000,17152.17000000,4677.02456000,60,60,False
1670648400000,1670652000000,17152.09000000,17157.41000000,17132.50000000,17134.12000000,4668.39502000,60,60,False
1670652000000,1670655600000,17134.12000000,17163.98000000,17130.28000000,17147.21000000,6204.41202000,60,60,False
1670655600000,1670659200000,17147.18000000,17178.00000000,17139.26000000,17154.06000000,5658.37999000,60,60,False
1670659200000,1670662800000,17154.06000000,17157.72000000,17140.00000000,17141.82000000,5014.44718000,60,60,False
1670662800000,1670666400000,17141.82000000,17147.18000000,17112.52000000,17145.29000000,6683.77254000,60,60,False
1670666400000,1670670000000,17145.29000000,17173.44000000,17140.84000000,17163.94000000,6511.48480000,60,60,False
1670670000000,1670673600000,17163.54000000,17173.91000000,17151.33000000,17168.61000000,5967.95162000,60,60,False
1670673600000,1670677200000,17168.17000000,17178.16000000,17140.23000000,17159.01000000,5309.25822000,60,60,False
1670677200000,1670680800000,17159.12000000,17194.35000000,17141.55000000,17158.24000000,6648.62536000,60,60,False
1670680800000,1670684400000,17158.24000000,17175.71000000,17142.91000000,17166.34000000,6634.80197000,60,60,False
1670684400000,1670688000000,17166.16000000,17225.12000000,17160.72000000,17207.70000000,9868.41547000,60,60,False
1670688000000,1670691600000,17207.69000000,17227.72000000,17170.55000000,17189.29000000,7782.91862000,60,60,False
1670691600000,1670695200000,17189.81000000,17201.18000000,17160.14000000,17169.18000000,5794.09154000,60,60,False
1670695200000,1670698800000,17169.18000000,17194.76000000,17167.69000000,17185.62000000,3555.52314000,60,60,False
1670698800000,1670702400000,17185.23000000,17191.29000000,17165.14000000,17175.80000000,3758.10142000,60,60,False
1670702400000,1670706000000,17175.50000000,17183.87000000,17166.73000000,17171.31000000,3150.34459000,60,60,False
1670706000000,1670709600000,17171.31000000,17177.16000000,17125.00000000,17125.43000000,5614.07046000,60,60,False
1670709600000,1670713200000,17125.43000000,17159.82000000,17112.25000000,17138.24000000,5380.69750000,60,60,False
1670713200000,1670716800000,17138.24000000,17149.65000000,17092.00000000,17127.49000000,8144.70671000,60,60,False
1670716800000,1670720400000,17127.49000000,17146.80000000,17121.92000000,17141.07000000,4326.37555000,60,60,False
1670720400000,1670724000000,17140.78000000,17170.60000000,17135.19000000,17163.92000000,5071.92180000,60,60,False
1670724000000,1670727600000,17164.40000000,17166.90000000,17139.79000000,17143.85000000,4924.55731000,60,60,False
1670727600000,1670731200000,17143.85000000,17175.00000000,17140.03000000,17153.61000000,5851.07724000,60,60,False
1670731200000,1670734800000,17153.81000000,17172.14000000,17150.29000000,17168.54000000,5026.27517000,60,60,False
1670734800000,1670738400000,17168.74000000,17190.33000000,17152.53000000,17174.82000000,7429.47896000,60,60,False
1670738400000,1670742000000,17174.82000000,17200.00000000,17163.00000000,17172.22000000,6189.63230000,60,60,False
1670742000000,1670745600000,17172.22000000,17194.07000000,17152.94000000,17180.88000000,6637.65285000,60,60,False
1670745600000,1670749200000,17180.88000000,17187.67000000,17154.56000000,17176.67000000,6605.93618000,60,60,False
1670749200000,1670752800000,17176.67000000,17177.32000000,17160.01000000,17168.21000000,4272.15763000,60,60,False
1670752800000,1670756400000,17167.86000000,17174.66000000,17148.22000000,17167.04000000,5947.37164000,60,60,False
1670756400000,1670760000000,17166.81000000,17171.99000000,17140.01000000,17167.43000000,6358.17790000,60,60,False
1670760000000,1670763600000,17167.12000000,17169.76000000,17145.66000000,17160.19000000,5107.81250000,60,60,False
1670763600000,1670767200000,17159.90000000,17169.80000000,17127.96000000,17157.50000000,8757.70736000,60,60,False
1670767200000,1670770800000,17157.21000000,17159.58000000,17130.10000000,17154.75000000,6906.83371000,60,60,False
1670770800000,1670774400000,17154.94000000,17157.77000000,17139.67000000,17153.52000000,3715.38231000,60,60,False
1670774400000,1670778000000,17153.52000000,17169.40000000,17146.00000000,17163.97000000,4498.01201000,60,60,False
1670778000000,1670781600000,17164.13000000,17177.65000000,17163.68000000,17177.19000000,3309.71121000,60,60,False
1670781600000,1670785200000,17177.18000000,17214.78000000,17168.00000000,17202.15000000,4521.23881000,60,60,False
1670785200000,1670788800000,17203.00000000,17270.99000000,17136.00000000,17177.43000000,12992.50986000,60,60,False
1670788800000,1670792400000,17177.88000000,17179.40000000,17088.00000000,17100.97000000,13600.23343000,60,60,False
1670792400000,1670796000000,17100.97000000,17148.94000000,17089.10000000,17113.20000000,6548.24029000,60,60,False
1670796000000,1670799600000,17113.20000000,17129.03000000,17090.03000000,17101.41000000,5778.64246000,60,60,False
1670799600000,1670803200000,17101.41000000,17129.30000000,17071.00000000,17085.05000000,10909.54023000,60,60,False
1670803200000,1670806800000,17085.05000000,17087.67000000,16929.65000000,16950.25000000,22100.65014000,60,60,False
1670806800000,1670810400000,16949.76000000,16979.11000000,16921.00000000,16951.26000000,9785.86957000,60,60,False
1670810400000,1670814000000,16951.26000000,16959.42000000,16871.85000000,16902.51000000,16561.34114000,60,60,False
1670814000000,1670817600000,16902.51000000,16921.12000000,16875.73000000,16918.97000000,11136.04447000,60,60,False
1670817600000,1670821200000,16918.69000000,16938.21000000,16903.64000000,16932.45000000,8696.39782000,60,60,False
1670821200000,1670824800000,16933.01000000,16948.66000000,16923.91000000,16945.12000000,7241.20513000,60,60,False
1670824800000,1670828400000,16945.12000000,16945.31000000,16926.01000000,16939.47000000,6426.18601000,60,60,False
1670828400000,1670832000000,16939.34000000,16943.94000000,16906.05000000,16923.94000000,7726.99233000,60,60,False
1670832000000,1670835600000,16923.61000000,16941.31000000,16903.49000000,16935.11000000,8252.68972000,60,60,False
1670835600000,1670839200000,16935.11000000,16975.00000000,16930.69000000,16961.21000000,8652.58713000,60,60,False
1670839200000,1670842800000,16961.41000000,17008.40000000,16959.54000000,16987.47000000,7987.91202000,60,60,False
1670842800000,1670846400000,16987.47000000,16993.54000000,16978.74000000,16988.62000000,5444.78096000,60,60,False
1670846400000,1670850000000,16989.45000000,17010.00000000,16920.61000000,16961.55000000,15946.57531000,60,60,False
1670850000000,1670853600000,16962.13000000,17002.89000000,16960.00000000,16970.47000000,8429.23425000,60,60,False
1670853600000,1670857200000,16970.49000000,17054.79000000,16967.93000000,17018.29000000,13930.23128000,60,60,False
1670857200000,1670860800000,17017.89000000,17043.63000000,17003.80000000,17010.81000000,8815.74906000,60,60,False
1670860800000,1670864400000,17010.19000000,17022.02000000,16988.01000000,17002.49000000,7324.25017000,60,60,False
1670864400000,1670868000000,17002.50000000,17015.00000000,16981.03000000,17010.09000000,5600.61991000,60,60,False
1670868000000,1670871600000,17010.50000000,17032.00000000,17005.00000000,17023.15000000,4720.95726000,60,60,False
1670871600000,1670875200000,17023.15000000,17046.43000000,17005.70000000,17043.22000000,5117.96568000,60,60,False
1670875200000,1670878800000,17043.22000000,17124.99000000,17042.48000000,17123.19000000,9656.20815000,60,60,False
1670878800000,1670882400000,17123.57000000,17219.72000000,17118.00000000,17175.67000000,13707.27824000,60,60,False
1670882400000,1670886000000,17175.67000000,17193.04000000,17141.44000000,17157.98000000,4711.64419000,60,60,False
1670886000000,1670889600000,17157.98000000,17241.89000000,17153.60000000,17209.83000000,8254.12700000,60,60,False
1670889600000,1670893200000,17208.93000000,17238.70000000,17145.00000000,17159.10000000,8415.21900000,60,60,False
1670893200000,1670896800000,17159.10000000,17166.98000000,17140.09000000,17146.05000000,5687.76196000,60,60,False
1670896800000,1670900400000,17146.05000000,17158.99000000,17119.02000000,17151.39000000,6908.67626000,60,60,False
1670900400000,1670904000000,17151.74000000,17167.85000000,17135.00000000,17152.37000000,6998.11626000,60,60,False
1670904000000,1670907600000,17152.37000000,17189.42000000,17135.34000000,17168.95000000,7923.39932000,60,60,False
1670907600000,1670911200000,17169.31000000,17196.50000000,17161.32000000,17186.44000000,6492.57626000,60,60,False
1670911200000,1670914800000,17185.59000000,17208.47000000,17141.00000000,17151.56000000,10916.40746000,60,60,False
1670914800000,1670918400000,17151.56000000,17179.41000000,17080.14000000,17165.17000000,16319.70051000,60,60,False
1670918400000,1670922000000,17164.82000000,17187.18000000,17155.00000000,17160.16000000,9039.25545000,60,60,False
1670922000000,1670925600000,17160.14000000,17500.00000000,17155.50000000,17427.82000000,14334.83903000,60,60,False
1670925600000,1670929200000,17427.82000000,17477.06000000,17357.74000000,17392.26000000,20353.53820000,60,60,False
1670929200000,1670932800000,17392.63000000,17482.59000000,17387.02000000,17444.63000000,12566.81469000,60,60,False
1670932800000,1670936400000,17444.32000000,17500.00000000,17404.11000000,17426.84000000,12535.71593000,60,60,False
1670936400000,1670940000000,17427.02000000,18000.00000000,17395.00000000,17897.86000000,40724.68266000,60,60,False
1670940000000,1670943600000,17899.26000000,17951.83000000,17832.16000000,17871.78000000,19732.32768000,60,60,False
1670943600000,1670947200000,17871.78000000,17887.41000000,17731.00000000,17752.94000000,17326.49078000,60,60,False
1670947200000,1670950800000,17753.54000000,17840.00000000,17722.09000000,17757.07000000,12717.23033000,60,60,False
1670950800000,1670954400000,17758.27000000,17792.55000000,17618.38000000,17643.73000000,15474.39612000,60,60,False
1670954400000,1670958000000,17644.60000000,17732.00000000,17631.17000000,17713.69000000,9501.92016000,60,60,False
1670958000000,1670961600000,17713.69000000,17787.18000000,17695.30000000,17740.86000000,6646.92518000,60,60,False
1670961600000,1670965200000,17741.83000000,17781.97000000,17705.70000000,17747.22000000,6567.10980000,60,60,False
1670965200000,1670968800000,17748.32000000,17779.12000000,17730.23000000,17767.73000000,4833.20689000,60,60,False
1670968800000,1670972400000,17767.73000000,17788.20000000,17705.01000000,17776.88000000,5594.70744000,60,60,False
1670972400000,1670976000000,17776.88000000,17818.99000000,17741.47000000,17774.70000000,6851.89653000,60,60,False
1670976000000,1670979600000,17775.82000000,17834.05000000,17750.00000000,17818.88000000,8037.97438000,60,60,False
1670979600000,1670983200000,17818.40000000,17845.00000000,17771.92000000,17780.99000000,5888.33049000,60,60,False
1670983200000,1670986800000,17781.44000000,17810.70000000,17751.51000000,17794.93000000,5828.99283000,60,60,False
1670986800000,1670990400000,17794.44000000,17838.28000000,17780.21000000,17781.68000000,6849.37877000,60,60,False
1670990400000,1670994000000,17781.68000000,17789.65000000,17750.00000000,17769.29000000,5220.72602000,60,60,False
1670994000000,1670997600000,17769.29000000,17790.67000000,17734.19000000,17784.86000000,5885.33644000,60,60,False
1670997600000,1671001200000,17785.28000000,17796.79000000,17761.74000000,17783.33000000,5025.96668000,60,60,False
1671001200000,1671004800000,17784.13000000,17817.46000000,17777.73000000,17806.01000000,5726.47811000,60,60,False
1671004800000,1671008400000,17805.54000000,17878.50000000,17793.35000000,17840.19000000,9866.97281000,60,60,False
1671008400000,1671012000000,17840.71000000,17847.78000000,17785.00000000,17815.22000000,6760.98321000,60,60,False
1671012000000,1671015600000,17815.22000000,17838.33000000,17795.06000000,17828.13000000,5121.59077000,60,60,False
1671015600000,1671019200000,17827.67000000,17859.38000000,17807.24000000,17824.93000000,7252.40972000,60,60,False
1671019200000,1671022800000,17824.93000000,17934.78000000,17815.75000000,17914.27000000,12833.15904000,60,60,False
1671022800000,1671026400000,17913.65000000,17963.93000000,17861.59000000,17894.86000000,11724.04334000,60,60,False
1671026400000,1671030000000,17894.85000000,18095.00000000,17892.97000000,18062.07000000,19954.72081000,60,60,False
1671030000000,1671033600000,18062.82000000,18116.00000000,18019.32000000,18061.83000000,13111.59567000,60,60,False
1671033600000,1671037200000,18061.83000000,18157.40000000,18054.51000000,18103.26000000,14579.13900000,60,60,False
1671037200000,1671040800000,18102.44000000,18150.00000000,18074.94000000,18096.48000000,7742.90107000,60,60,False
1671040800000,1671044400000,18096.48000000,18387.95000000,17915.31000000,18213.47000000,26836.84881000,60,60,False
1671044400000,1671048000000,18222.21000000,18350.00000000,17709.62000000,17792.90000000,44075.08286000,60,60,False
1671048000000,1671051600000,17792.90000000,17947.33000000,17660.94000000,17765.97000000,19888.61507000,60,60,False
1671051600000,1671055200000,17765.98000000,17849.83000000,17764.41000000,17832.65000000,6708.93385000,60,60,False
1671055200000,1671058800000,17831.61000000,17878.73000000,17791.09000000,17837.00000000,6000.42858000,60,60,False
1671058800000,1671062400000,17837.00000000,17846.63000000,17775.00000000,17803.15000000,5760.61376000,60,60,False
1671062400000,1671066000000,17804.01000000,17854.82000000,17783.03000000,17792.15000000,6716.73147000,60,60,False
1671066000000,1671069600000,17791.53000000,17822.16000000,17605.01000000,17631.60000000,11794.50245000,60,60,False
1671069600000,1671073200000,17631.77000000,17726.35000000,17561.00000000,17716.77000000,10715.22329000,60,60,False
1671073200000,1671076800000,17716.77000000,17754.97000000,17696.17000000,17729.56000000,4986.16950000,60,60,False
1671076800000,1671080400000,17729.57000000,17732.46000000,17681.30000000,17708.01000000,4286.55273000,60,60,False
1671080400000,1671084000000,17708.14000000,17738.22000000,17691.10000000,17714.01000000,4099.48589000,60,60,False
1671084000000,1671087600000,17714.01000000,17746.00000000,17707.29000000,17718.95000000,4251.81453000,60,60,False
1671087600000,1671091200000,17719.38000000,17738.86000000,17683.32000000,17691.45000000,5399.79905000,60,60,False
1671091200000,1671094800000,17690.84000000,17713.24000000,17620.01000000,17627.85000000,7662.88401000,60,60,False
1671094800000,1671098400000,17628.47000000,17697.56000000,17610.22000000,17695.53000000,6733.77451000,60,60,False
1671098400000,1671102000000,17696.20000000,17698.29000000,17646.19000000,17665.84000000,5694.11244000,60,60,False
1671102000000,1671105600000,17665.21000000,17726.00000000,17651.00000000,17720.33000000,6290.77417000,60,60,False
1671105600000,1671109200000,17720.33000000,17725.93000000,17660.01000000,17683.43000000,7148.82073000,60,60,False
1671109200000,1671112800000,17683.89000000,17692.87000000,17454.39000000,17506.34000000,22663.86838000,60,60,False
1671112800000,1671116400000,17505.46000000,17550.11000000,17401.80000000,17454.83000000,18908.30119000,60,60,False
1671116400000,1671120000000,17454.85000000,17492.37000000,17374.89000000,17429.05000000,18444.11974000,60,60,False
1671120000000,1671123600000,17428.43000000,17446.37000000,17341.77000000,17398.61000000,13971.33454000,60,60,False
1671123600000,1671127200000,17399.54000000,17443.36000000,17375.29000000,17399.32000000,8914.00520000,60,60,False
1671127200000,1671130800000,17398.60000000,17422.43000000,17314.00000000,17401.02000000,11478.59005000,60,60,False
1671130800000,1671134400000,17401.02000000,17474.38000000,17390.00000000,17442.25000000,9123.34469000,60,60,False
1671134400000,1671138000000,17442.80000000,17457.44000000,17410.43000000,17417.57000000,6908.98827000,60,60,False
1671138000000,1671141600000,17417.57000000,17430.34000000,17340.26000000,17396.01000000,8848.71522000,60,60,False
1671141600000,1671145200000,17396.76000000,17409.00000000,17275.51000000,17339.91000000,9773.04493000,60,60,False
1671145200000,1671148800000,17339.91000000,17378.96000000,17289.07000000,17356.34000000,8887.01184000,60,60,False
1671148800000,1671152400000,17356.96000000,17428.00000000,17345.15000000,17427.46000000,8981.49304000,60,60,False
1671152400000,1671156000000,17426.66000000,17428.55000000,17375.25000000,17386.82000000,5210.67748000,60,60,False
1671156000000,1671159600000,17386.82000000,17427.37000000,17385.78000000,17402.69000000,4287.12540000,60,60,False
1671159600000,1671163200000,17403.20000000,17428.22000000,17400.00000000,17425.76000000,4052.03825000,60,60,False
1671163200000,1671166800000,17425.76000000,17427.60000000,17389.00000000,17390.00000000,3395.37142000,60,60,False
1671166800000,1671170400000,17390.00000000,17413.08000000,17372.70000000,17408.96000000,3822.21167000,60,60,False
1671170400000,1671174000000,17408.50000000,17426.00000000,17381.54000000,17422.45000000,3901.56488000,60,60,False
1671174000000,1671177600000,17422.45000000,17531.73000000,17421.02000000,17503.35000000,8757.39344000,60,60,False
1671177600000,1671181200000,17503.36000000,17519.64000000,17180.01000000,17221.25000000,15163.14372000,60,60,False
1671181200000,1671184800000,17221.25000000,17223.34000000,16950.81000000,17038.97000000,27515.39364000,60,60,False
1671184800000,1671188400000,17038.97000000,17039.80000000,16918.97000000,16994.06000000,12130.73669000,60,60,False
1671188400000,1671192000000,16994.84000000,17044.45000000,16970.00000000,17027.09000000,6767.54345000,60,60,False
1671192000000,1671195600000,17027.09000000,17037.76000000,16979.36000000,17035.14000000,7694.79111000,60,60,False
1671195600000,1671199200000,17035.14000000,17035.14000000,16935.57000000,16946.22000000,9936.59981000,60,60,False
1671199200000,1671202800000,16946.22000000,17085.00000000,16890.46000000,17029.59000000,18410.54329000,60,60,False
1671202800000,1671206400000,17030.34000000,17032.16000000,16910.13000000,16972.34000000,10787.72197000,60,60,False
1671206400000,1671210000000,16972.33000000,16979.02000000,16732.36000000,16811.67000000,21297.53718000,60,60,False
1671210000000,1671213600000,16810.64000000,16837.97000000,16757.30000000,16796.29000000,11694.02179000,60,60,False
1671213600000,1671217200000,16796.94000000,16835.92000000,16774.84000000,16809.16000000,6522.23875000,60,60,False
1671217200000,1671220800000,16809.16000000,16880.56000000,16798.17000000,16864.81000000,6082.95697000,60,60,False
1671220800000,1671224400000,16865.22000000,16956.55000000,16853.61000000,16872.58000000,9664.17416000,60,60,False
1671224400000,1671228000000,16873.40000000,16890.00000000,16809.01000000,16831.24000000,9341.28738000,60,60,False
1671228000000,1671231600000,16831.25000000,16871.98000000,16690.34000000,16723.50000000,12605.81441000,60,60,False
1671231600000,1671235200000,16723.50000000,16737.19000000,16527.32000000,16632.12000000,25356.66126000,60,60,False
1671235200000,1671238800000,16631.50000000,16729.32000000,16600.31000000,16705.54000000,10866.95287000,60,60,False
1671238800000,1671242400000,16705.54000000,16724.55000000,16657.70000000,16669.40000000,7149.29657000,60,60,False
1671242400000,1671246000000,16669.40000000,16682.59000000,16579.85000000,16657.11000000,11278.76011000,60,60,False
1671246000000,1671249600000,16657.88000000,16704.65000000,16643.49000000,16676.85000000,6567.92056000,60,60,False
1671249600000,1671253200000,16676.85000000,16721.45000000,16653.53000000,16705.53000000,8143.94529000,60,60,False
1671253200000,1671256800000,16706.05000000,16735.66000000,16675.01000000,16688.98000000,6505.87278000,60,60,False
1671256800000,1671260400000,16688.98000000,16772.00000000,16670.08000000,16711.70000000,9277.57088000,60,60,False
1671260400000,1671264000000,16711.07000000,16749.27000000,16676.91000000,16745.54000000,7488.61769000,60,60,False
1671264000000,1671267600000,16746.15000000,16755.38000000,16708.38000000,16719.91000000,4909.38644000,60,60,False
1671267600000,1671271200000,16719.91000000,16735.32000000,16676.11000000,16694.68000000,5291.85431000,60,60,False
1671271200000,1671274800000,16695.26000000,16757.42000000,16661.71000000,16730.38000000,7729.71029000,60,60,False
1671274800000,1671278400000,16730.38000000,16752.03000000,16688.00000000,16708.22000000,5287.23672000,60,60,False
1671278400000,1671282000000,16707.55000000,16729.18000000,16667.00000000,16694.13000000,4691.73514000,60,60,False
1671282000000,1671285600000,16694.60000000,16707.73000000,16650.00000000,16668.41000000,7248.73393000,60,60,False
1671285600000,1671289200000,16667.60000000,16712.28000000,16642.00000000,16648.79000000,7343.57502000,60,60,False
1671289200000,1671292800000,16648.79000000,16707.99000000,16645.23000000,16700.26000000,5303.81534000,60,60,False
1671292800000,1671296400000,16700.78000000,16701.96000000,16675.79000000,16693.79000000,3315.18558000,60,60,False
1671296400000,1671300000000,16694.09000000,16700.36000000,16647.15000000,16672.81000000,4185.77908000,60,60,False
1671300000000,1671303600000,16672.80000000,16721.77000000,16664.18000000,16702.21000000,3377.82915000,60,60,False
1671303600000,1671307200000,16701.69000000,16718.66000000,16685.00000000,16691.63000000,2647.37125000,60,60,False
1671307200000,1671310800000,16692.16000000,16709.98000000,16685.03000000,16701.48000000,2372.48396000,60,60,False
1671310800000,1671314400000,16701.46000000,16737.10000000,16691.31000000,16709.53000000,4037.61270000,60,60,False
1671314400000,1671318000000,16709.53000000,16766.00000000,16700.00000000,16739.34000000,3213.42263000,60,60,False
1671318000000,1671321600000,16739.77000000,16796.82000000,16720.00000000,16776.52000000,6590.99855000,60,60,False
1671321600000,1671325200000,16777.54000000,16784.80000000,16721.74000000,16747.07000000,4432.82634000,60,60,False
1671325200000,1671328800000,16747.07000000,16747.71000000,16702.23000000,16713.55000000,3756.52986000,60,60,False
1671328800000,1671332400000,16714.00000000,16736.86000000,16708.00000000,16731.19000000,2560.92977000,60,60,False
1671332400000,1671336000000,16731.19000000,16744.13000000,16724.88000000,16741.02000000,2752.49001000,60,60,False
1671336000000,1671339600000,16741.02000000,16804.70000000,16735.74000000,16764.79000000,7545.32367000,60,60,False
1671339600000,1671343200000,16764.79000000,16768.66000000,16735.00000000,16739.58000000,3575.06476000,60,60,False
1671343200000,1671346800000,16739.06000000,16746.70000000,16718.01000000,16736.02000000,4453.39629000,60,60,False
1671346800000,1671350400000,16736.50000000,16761.17000000,16733.95000000,16750.83000000,5009.11298000,60,60,False
1671350400000,1671354000000,16750.83000000,16767.58000000,16737.48000000,16753.46000000,4813.98465000,60,60,False
1671354000000,1671357600000,16752.46000000,16754.76000000,16663.07000000,16696.88000000,8615.83054000,60,60,False
1671357600000,1671361200000,16696.32000000,16717.37000000,16687.24000000,16705.17000000,5356.68822000,60,60,False
1671361200000,1671364800000,16705.17000000,16725.82000000,16697.77000000,16711.35000000,4667.13225000,60,60,False
1671364800000,1671368400000,16711.35000000,16738.00000000,16701.28000000,16719.91000000,4332.43827000,60,60,False
1671368400000,1671372000000,16719.91000000,16730.54000000,16691.33000000,16710.05000000,4245.89476000,60,60,False
1671372000000,1671375600000,16709.99000000,16727.00000000,16680.33000000,16686.69000000,4568.61636000,60,60,False
1671375600000,1671379200000,16686.69000000,16700.92000000,16673.63000000,16683.84000000,3899.18589000,60,60,False
1671379200000,1671382800000,16683.83000000,16705.83000000,16676.15000000,16694.85000000,4013.48285000,60,60,False
1671382800000,1671386400000,16694.98000000,16716.96000000,16677.00000000,16712.58000000,4359.66790000,60,60,False
1671386400000,1671390000000,16711.88000000,16794.99000000,16710.04000000,16746.22000000,9113.59739000,60,60,False
1671390000000,1671393600000,16746.93000000,16768.42000000,16722.83000000,16750.82000000,3631.56675000,60,60,False
1671393600000,1671397200000,16751.52000000,16773.04000000,16746.51000000,16758.16000000,3109.04942000,60,60,False
1671397200000,1671400800000,16758.16000000,16783.22000000,16737.01000000,16746.51000000,3054.13085000,60,60,False
1671400800000,1671404400000,16746.94000000,16863.26000000,16723.40000000,16761.68000000,5766.61335000,60,60,False
1671404400000,1671408000000,16761.68000000,16819.21000000,16731.01000000,16738.21000000,4985.76333000,60,60,False
1671408000000,1671411600000,16739.00000000,16815.99000000,16715.44000000,16775.24000000,6453.74056000,60,60,False
1671411600000,1671415200000,16774.25000000,16804.15000000,16750.27000000,16785.69000000,4941.91630000,60,60,False
1671415200000,1671418800000,16785.15000000,16788.25000000,16720.00000000,16723.73000000,5190.43958000,60,60,False
1671418800000,1671422400000,16723.72000000,16732.15000000,16627.35000000,16681.47000000,9213.20928000,60,60,False
1671422400000,1671426000000,16681.43000000,16735.98000000,16672.88000000,16713.66000000,5272.81034000,60,60,False
1671426000000,1671429600000,16713.66000000,16731.32000000,16693.94000000,16706.21000000,5120.37160000,60,60,False
1671429600000,1671433200000,16705.87000000,16750.00000000,16697.01000000,16739.36000000,7012.00829000,60,60,False
1671433200000,1671436800000,16738.84000000,16750.00000000,16697.03000000,16722.23000000,6158.72295000,60,60,False
1671436800000,1671440400000,16722.23000000,16763.66000000,16707.10000000,16757.42000000,5994.16156000,60,60,False
1671440400000,1671444000000,16757.91000000,16770.00000000,16732.52000000,16752.25000000,5950.20458000,60,60,False
1671444000000,1671447600000,16752.25000000,16784.00000000,16746.81000000,16767.49000000,4708.69588000,60,60,False
1671447600000,1671451200000,16767.88000000,16771.71000000,16725.65000000,16734.46000000,4711.73430000,60,60,False
1671451200000,1671454800000,16734.46000000,16756.31000000,16716.00000000,16743.68000000,5817.23971000,60,60,False
1671454800000,1671458400000,16743.68000000,16757.50000000,16710.00000000,16710.18000000,6021.80434000,60,60,False
1671458400000,1671462000000,16710.05000000,16765.71000000,16666.79000000,16733.92000000,10826.19193000,60,60,False
1671462000000,1671465600000,16734.57000000,16742.63000000,16665.03000000,16669.08000000,7349.86307000,60,60,False
1671465600000,1671469200000,16668.23000000,16702.83000000,16584.00000000,16635.86000000,11448.93477000,60,60,False
1671469200000,1671472800000,16635.49000000,16650.00000000,16505.00000000,16599.79000000,12889.10493000,60,60,False
1671472800000,1671476400000,16599.78000000,16637.46000000,16527.38000000,16545.44000000,8251.38139000,60,60,False
1671476400000,1671480000000,16544.08000000,16588.82000000,16525.60000000,16555.74000000,7836.75649000,60,60,False
1671480000000,1671483600000,16555.74000000,16615.48000000,16538.44000000,16599.71000000,5611.22360000,60,60,False
1671483600000,1671487200000,16599.71000000,16649.00000000,16584.94000000,16590.32000000,6376.11568000,60,60,False
1671487200000,1671490800000,16590.31000000,16609.78000000,16256.30000000,16416.82000000,16288.10136000,60,60,False
1671490800000,1671494400000,16416.82000000,16459.18000000,16373.14000000,16438.88000000,9649.55056000,60,60,False
1671494400000,1671498000000,16438.88000000,16480.00000000,16397.20000000,16462.01000000,8851.22522000,60,60,False
1671498000000,1671501600000,16461.81000000,16607.94000000,16444.00000000,16580.23000000,14905.59185000,60,60,False
1671501600000,1671505200000,16580.25000000,16856.50000000,16550.15000000,16721.05000000,19730.52812000,60,60,False
1671505200000,1671508800000,16721.93000000,16829.00000000,16673.69000000,16727.24000000,15691.52487000,60,60,False
1671508800000,1671512400000,16727.25000000,16880.58000000,16689.10000000,16792.03000000,17943.00862000,60,60,False
1671512400000,1671516000000,16792.03000000,16814.03000000,16753.19000000,16785.78000000,8453.34504000,60,60,False
1671516000000,1671519600000,16786.37000000,16841.53000000,16748.18000000,16837.51000000,8063.71733000,60,60,False
1671519600000,1671523200000,16837.51000000,16849.00000000,16780.08000000,16802.83000000,7082.34340000,60,60,False
1671523200000,1671526800000,16802.23000000,16840.49000000,16769.25000000,16824.94000000,8547.60939000,60,60,False
1671526800000,1671530400000,16824.34000000,16858.42000000,16798.59000000,16811.83000000,6769.94139000,60,60,False
1671530400000,1671534000000,16811.15000000,16829.79000000,16766.00000000,16778.26000000,7379.88062000,60,60,False
1671534000000,1671537600000,16777.69000000,16846.25000000,16763.78000000,16814.25000000,7448.83667000,60,60,False
1671537600000,1671541200000,16814.71000000,16856.66000000,16800.31000000,16817.23000000,7267.61410000,60,60,False
1671541200000,1671544800000,16816.44000000,16830.82000000,16782.13000000,16795.62000000,6999.27699000,60,60,False
1671544800000,1671548400000,16795.05000000,16984.15000000,16710.12000000,16901.93000000,17879.74509000,60,60,False
1671548400000,1671552000000,16899.35000000,17061.27000000,16897.85000000,16918.83000000,21874.46038000,60,60,False
1671552000000,1671555600000,16918.15000000,16936.32000000,16770.01000000,16834.40000000,13596.72485000,60,60,False
1671555600000,1671559200000,16833.62000000,16857.74000000,16783.60000000,16815.83000000,7905.38456000,60,60,False
1671559200000,1671562800000,16815.83000000,16868.00000000,16767.00000000,16835.76000000,7837.47776000,60,60,False
1671562800000,1671566400000,16835.75000000,16915.92000000,16834.83000000,16900.30000000,8048.24599000,60,60,False
1671566400000,1671570000000,16900.93000000,16926.99000000,16838.56000000,16859.30000000,8066.17450000,60,60,False
1671570000000,1671573600000,16858.86000000,16894.73000000,16833.51000000,16877.19000000,6018.54394000,60,60,False
1671573600000,1671577200000,16877.21000000,16911.06000000,16847.19000000,16869.24000000,6385.94198000,60,60,False
1671577200000,1671580800000,16869.00000000,16925.49000000,16867.88000000,16895.56000000,6061.78058000,60,60,False
1671580800000,1671584400000,16896.15000000,16925.00000000,16815.26000000,16841.07000000,8529.76448000,60,60,False
1671584400000,1671588000000,16840.59000000,16879.29000000,16828.30000000,16867.05000000,6308.67840000,60,60,False
1671588000000,1671591600000,16867.33000000,16880.91000000,16840.71000000,16850.25000000,4518.62209000,60,60,False
1671591600000,1671595200000,16850.87000000,16852.88000000,16794.84000000,16837.10000000,6261.75135000,60,60,False
1671595200000,1671598800000,16836.44000000,16838.29000000,16782.07000000,16794.25000000,6245.10891000,60,60,False
1671598800000,1671602400000,16795.44000000,16847.91000000,16767.53000000,16833.49000000,6827.36793000,60,60,False
1671602400000,1671606000000,16833.49000000,16856.84000000,16819.01000000,16837.80000000,4849.93291000,60,60,False
1671606000000,1671609600000,16837.30000000,16854.72000000,16813.44000000,16816.18000000,4598.15087000,60,60,False
1671609600000,1671613200000,16816.18000000,16894.75000000,16795.69000000,16864.08000000,8253.23529000,60,60,False
1671613200000,1671616800000,16863.87000000,16882.01000000,16845.22000000,16868.72000000,5493.28277000,60,60,False
1671616800000,1671620400000,16868.15000000,16882.00000000,16851.43000000,16861.69000000,4125.14189000,60,60,False
1671620400000,1671624000000,16861.69000000,16894.91000000,16852.97000000,16878.47000000,4560.68446000,60,60,False
1671624000000,1671627600000,16878.47000000,16886.47000000,16834.00000000,16834.03000000,5684.06445000,60,60,False
1671627600000,1671631200000,16834.03000000,16853.52000000,16811.00000000,16847.57000000,6731.28304000,60,60,False
1671631200000,1671634800000,16847.57000000,16914.72000000,16723.00000000,16796.34000000,13977.67634000,60,60,False
1671634800000,1671638400000,16794.28000000,16872.00000000,16765.89000000,16861.13000000,11451.70124000,60,60,False
1671638400000,1671642000000,16860.51000000,16866.40000000,16779.13000000,16780.84000000,8269.21449000,60,60,False
1671642000000,1671645600000,16780.76000000,16820.53000000,16770.55000000,16815.52000000,6572.85990000,60,60,False
1671645600000,1671649200000,16814.72000000,16832.99000000,16775.13000000,16789.15000000,5538.46614000,60,60,False
1671649200000,1671652800000,16788.64000000,16806.60000000,16728.09000000,16756.20000000,6630.79658000,60,60,False
1671652800000,1671656400000,16756.20000000,16782.60000000,16729.22000000,16781.46000000,6424.12527000,60,60,False
1671656400000,1671660000000,16781.46000000,16802.27000000,16753.12000000,16793.07000000,5057.37685000,60,60,False
1671660000000,1671663600000,16793.59000000,16794.18000000,16757.20000000,16764.88000000,3385.34503000,60,60,False
1671663600000,1671667200000,16764.88000000,16835.11000000,16749.64000000,16824.67000000,6516.33294000,60,60,False
1671667200000,1671670800000,16824.68000000,16858.98000000,16809.78000000,16856.85000000,6190.06475000,60,60,False
1671670800000,1671674400000,16857.61000000,16860.77000000,16815.22000000,16818.02000000,4863.20735000,60,60,False
1671674400000,1671678000000,16818.02000000,16853.97000000,16812.15000000,16853.47000000,4122.22415000,60,60,False
1671678000000,1671681600000,16853.86000000,16858.19000000,16832.47000000,16852.80000000,4194.41707000,60,60,False
1671681600000,1671685200000,16852.44000000,16859.54000000,16832.24000000,16836.95000000,3894.19300000,60,60,False
1671685200000,1671688800000,16836.95000000,16840.83000000,16815.07000000,16823.38000000,4368.49490000,60,60,False
1671688800000,1671692400000,16823.43000000,16827.27000000,16793.50000000,16808.09000000,6408.91435000,60,60,False
1671692400000,1671696000000,16808.09000000,16831.45000000,16783.43000000,16826.87000000,5272.59743000,60,60,False
1671696000000,1671699600000,16826.23000000,16857.00000000,16801.30000000,16837.02000000,6969.93077000,60,60,False
1671699600000,1671703200000,16837.01000000,16868.52000000,16823.43000000,16847.66000000,7225.40579000,60,60,False
1671703200000,1671706800000,16847.66000000,16860.87000000,16819.00000000,16823.07000000,4959.34803000,60,60,False
1671706800000,1671710400000,16823.07000000,16846.08000000,16812.00000000,16834.80000000,4988.41766000,60,60,False
1671710400000,1671714000000,16834.20000000,16845.45000000,16812.16000000,16815.24000000,5323.34969000,60,60,False
1671714000000,1671717600000,16815.66000000,16822.99000000,16761.28000000,16780.04000000,9873.53848000,60,60,False
1671717600000,1671721200000,16780.48000000,16792.13000000,16629.26000000,16675.03000000,16265.52152000,60,60,False
1671721200000,1671724800000,16674.53000000,16714.23000000,16610.92000000,16636.54000000,12809.81664000,60,60,False
1671724800000,1671728400000,16636.54000000,16669.50000000,16620.07000000,16662.08000000,7824.33541000,60,60,False
1671728400000,1671732000000,16661.67000000,16665.70000000,16566.00000000,16591.96000000,11938.09706000,60,60,False
1671732000000,1671735600000,16592.79000000,16624.69000000,16559.85000000,16616.01000000,7966.33010000,60,60,False
1671735600000,1671739200000,16616.49000000,16664.65000000,16607.72000000,16662.13000000,6423.91333000,60,60,False
1671739200000,1671742800000,16662.72000000,16852.79000000,16647.01000000,16781.42000000,17743.46756000,60,60,False
1671742800000,1671746400000,16780.24000000,16826.13000000,16771.09000000,16796.47000000,6072.19123000,60,60,False
1671746400000,1671750000000,16796.47000000,16847.49000000,16781.95000000,16798.41000000,4833.73953000,60,60,False
1671750000000,1671753600000,16797.86000000,16829.85000000,16797.63000000,16821.43000000,5512.75655000,60,60,False
1671753600000,1671757200000,16821.90000000,16832.76000000,16770.00000000,16781.50000000,6076.53214000,60,60,False
1671757200000,1671760800000,16781.50000000,16807.87000000,16771.97000000,16799.20000000,4437.81685000,60,60,False
1671760800000,1671764400000,16799.20000000,16869.00000000,16778.90000000,16848.03000000,6559.04099000,60,60,False
1671764400000,1671768000000,16848.03000000,16893.90000000,16822.92000000,16828.23000000,7317.79258000,60,60,False
1671768000000,1671771600000,16828.54000000,16841.59000000,16808.54000000,16837.13000000,4731.71043000,60,60,False
1671771600000,1671775200000,16837.72000000,16847.82000000,16817.73000000,16821.85000000,4367.31524000,60,60,False
1671775200000,1671778800000,16822.26000000,16849.35000000,16805.53000000,16840.74000000,5298.58986000,60,60,False
1671778800000,1671782400000,16840.74000000,16856.54000000,16833.86000000,16848.01000000,4808.91063000,60,60,False
1671782400000,1671786000000,16848.45000000,16860.06000000,16810.23000000,16835.61000000,6233.58822000,60,60,False
1671786000000,1671789600000,16835.25000000,16846.66000000,16817.44000000,16837.45000000,4784.04925000,60,60,False
1671789600000,1671793200000,16837.45000000,16890.89000000,16832.41000000,16856.40000000,6894.76577000,60,60,False
1671793200000,1671796800000,16856.40000000,16861.70000000,16842.06000000,16844.02000000,4485.53955000,60,60,False
1671796800000,1671800400000,16844.02000000,16877.06000000,16840.00000000,16872.39000000,4719.78392000,60,60,False
1671800400000,1671804000000,16872.39000000,16955.14000000,16731.13000000,16841.76000000,21135.09664000,60,60,False
1671804000000,1671807600000,16842.48000000,16855.31000000,16762.05000000,16789.75000000,13322.75295000,60,60,False
1671807600000,1671811200000,16790.48000000,16891.81000000,16781.00000000,16832.16000000,12365.98176000,60,60,False
1671811200000,1671814800000,16832.15000000,16847.52000000,16816.00000000,16827.49000000,6378.91032000,60,60,False
1671814800000,1671818400000,16827.14000000,16855.55000000,16823.68000000,16841.85000000,5482.97406000,60,60,False
1671818400000,1671822000000,16842.05000000,16856.84000000,16821.00000000,16836.49000000,5375.73662000,60,60,False
1671822000000,1671825600000,16836.26000000,16860.07000000,16830.01000000,16844.79000000,4822.63062000,60,60,False
1671825600000,1671829200000,16844.79000000,16851.57000000,16786.72000000,16812.25000000,7259.92506000,60,60,False
1671829200000,1671832800000,16812.26000000,16825.00000000,16788.28000000,16812.40000000,5032.83960000,60,60,False
1671832800000,1671836400000,16812.40000000,16812.40000000,16765.67000000,16792.92000000,5242.87930000,60,60,False
1671836400000,1671840000000,16792.92000000,16799.27000000,16772.44000000,16778.50000000,4476.84711000,60,60,False
1671840000000,1671843600000,16778.52000000,16816.62000000,16776.62000000,16805.92000000,3572.43796000,60,60,False
1671843600000,1671847200000,16806.24000000,16827.00000000,16798.03000000,16814.05000000,4394.43182000,60,60,False
1671847200000,1671850800000,16813.67000000,16831.00000000,16801.29000000,16828.14000000,5381.91021000,60,60,False
1671850800000,1671854400000,16827.79000000,16844.08000000,16823.30000000,16840.65000000,3552.98794000,60,60,False
1671854400000,1671858000000,16840.80000000,16846.80000000,16822.26000000,16828.35000000,3753.96034000,60,60,False
1671858000000,1671861600000,16828.02000000,16828.79000000,16805.01000000,16823.10000000,5045.55314000,60,60,False
1671861600000,1671865200000,16822.74000000,16823.90000000,16807.19000000,16816.27000000,3675.75532000,60,60,False
1671865200000,1671868800000,16815.97000000,16857.37000000,16808.01000000,16848.26000000,5968.24941000,60,60,False
1671868800000,1671872400000,16848.26000000,16859.44000000,16825.63000000,16827.89000000,4440.48514000,60,60,False
1671872400000,1671876000000,16827.58000000,16849.77000000,16817.99000000,16830.62000000,5914.79808000,60,60,False
1671876000000,1671879600000,16830.97000000,16836.50000000,16825.75000000,16828.79000000,3003.09646000,60,60,False
1671879600000,1671883200000,16828.54000000,16837.28000000,16821.79000000,16824.41000000,4413.70382000,60,60,False
1671883200000,1671886800000,16824.42000000,16833.00000000,16820.00000000,16821.25000000,3736.17227000,60,60,False
1671886800000,1671890400000,16821.60000000,16830.26000000,16815.09000000,16818.30000000,3256.73464000,60,60,False
1671890400000,1671894000000,16818.44000000,16838.91000000,16816.02000000,16832.41000000,3200.84937000,60,60,False
1671894000000,1671897600000,16832.10000000,16840.00000000,16830.31000000,16836.35000000,3217.25347000,60,60,False
1671897600000,1671901200000,16835.93000000,16841.42000000,16823.00000000,16836.15000000,3468.62188000,60,60,False
1671901200000,1671904800000,16836.35000000,16844.90000000,16830.40000000,16841.67000000,3539.13728000,60,60,False
1671904800000,1671908400000,16841.98000000,16847.54000000,16828.01000000,16842.36000000,3112.79265000,60,60,False
1671908400000,1671912000000,16842.36000000,16865.00000000,16833.57000000,16843.59000000,4612.53438000,60,60,False
1671912000000,1671915600000,16843.92000000,16846.49000000,16835.74000000,16840.50000000,2952.35108000,60,60,False
1671915600000,1671919200000,16840.25000000,16869.99000000,16821.01000000,16823.97000000,5385.72774000,60,60,False
1671919200000,1671922800000,16823.97000000,16841.57000000,16814.00000000,16825.85000000,4557.31583000,60,60,False
1671922800000,1671926400000,16826.22000000,16853.72000000,16808.15000000,16836.12000000,6067.43073000,60,60,False
1671926400000,1671930000000,16835.73000000,16847.97000000,16830.61000000,16843.95000000,3576.71411000,60,60,False
1671930000000,1671933600000,16843.95000000,16852.95000000,16840.57000000,16845.01000000,3481.91113000,60,60,False
1671933600000,1671937200000,16844.66000000,16848.10000000,16823.02000000,16827.29000000,3321.70000000,60,60,False
1671937200000,1671940800000,16826.93000000,16838.84000000,16825.00000000,16832.14000000,2789.13719000,60,60,False
1671940800000,1671944400000,16832.14000000,16833.35000000,16815.03000000,16822.38000000,4120.28942000,60,60,False
1671944400000,1671948000000,16822.27000000,16843.00000000,16802.00000000,16831.74000000,7570.43335000,60,60,False
1671948000000,1671951600000,16832.27000000,16833.92000000,16816.76000000,16829.88000000,4193.83650000,60,60,False
1671951600000,1671955200000,16829.88000000,16832.22000000,16818.25000000,16821.97000000,4158.77460000,60,60,False
1671955200000,1671958800000,16821.97000000,16834.41000000,16821.71000000,16830.22000000,3922.19394000,60,60,False
1671958800000,1671962400000,16830.22000000,16835.93000000,16826.46000000,16832.50000000,3969.82377000,60,60,False
1671962400000,1671966000000,16832.25000000,16834.16000000,16821.00000000,16825.29000000,4217.28062000,60,60,False
1671966000000,1671969600000,16825.29000000,16827.54000000,16815.40000000,16821.51000000,4282.39136000,60,60,False
1671969600000,1671973200000,16821.51000000,16824.99000000,16815.44000000,16818.25000000,4262.45293000,60,60,False
1671973200000,1671976800000,16818.68000000,16823.04000000,16800.00000000,16811.53000000,4904.57322000,60,60,False
1671976800000,1671980400000,16811.82000000,16832.99000000,16721.00000000,16828.68000000,12101.14696000,60,60,False
1671980400000,1671984000000,16828.68000000,16857.96000000,16787.00000000,16793.09000000,10881.02046000,60,60,False
1671984000000,1671987600000,16793.49000000,16821.82000000,16771.70000000,16815.96000000,6529.93090000,60,60,False
1671987600000,1671991200000,16815.96000000,16822.27000000,16792.12000000,16796.35000000,4802.22204000,60,60,False
1671991200000,1671994800000,16796.17000000,16803.75000000,16774.50000000,16779.47000000,3485.71545000,60,60,False
1671994800000,1671998400000,16779.75000000,16795.96000000,16727.00000000,16794.07000000,8228.64170000,60,60,False
1671998400000,1672002000000,16794.07000000,16795.25000000,16753.44000000,16768.64000000,4004.34299000,60,60,False
1672002000000,1672005600000,16769.01000000,16845.63000000,16761.23000000,16830.88000000,6943.43368000,60,60,False
1672005600000,1672009200000,16830.30000000,16846.00000000,16804.45000000,16821.83000000,5402.16404000,60,60,False
1672009200000,1672012800000,16821.65000000,16838.32000000,16811.50000000,16832.11000000,4290.94166000,60,60,False
1672012800000,1672016400000,16832.11000000,16837.48000000,16820.75000000,16831.48000000,3849.75517000,60,60,False
1672016400000,1672020000000,16831.49000000,16875.28000000,16827.13000000,16856.36000000,5332.03323000,60,60,False
1672020000000,1672023600000,16856.36000000,16900.00000000,16853.46000000,16889.69000000,7076.28237000,60,60,False
1672023600000,1672027200000,16889.77000000,16897.46000000,16872.44000000,16894.19000000,4786.80984000,60,60,False
1672027200000,1672030800000,16894.54000000,16924.00000000,16865.67000000,16877.15000000,6472.35355000,60,60,False
1672030800000,1672034400000,16877.15000000,16890.98000000,16852.50000000,16853.30000000,4542.71623000,60,60,False
1672034400000,1672038000000,16853.30000000,16868.63000000,16848.16000000,16853.88000000,3854.10576000,60,60,False
1672038000000,1672041600000,16853.88000000,16856.00000000,16835.00000000,16843.65000000,4971.13523000,60,60,False
1672041600000,1672045200000,16843.76000000,16847.02000000,16818.00000000,16839.35000000,4269.90494000,60,60,False
1672045200000,1672048800000,16839.35000000,16852.94000000,16832.16000000,16832.98000000,4103.15157000,60,60,False
1672048800000,1672052400000,16832.98000000,16865.62000000,16828.58000000,16847.65000000,5485.99772000,60,60,False
1672052400000,1672056000000,16847.65000000,16873.15000000,16844.56000000,16864.04000000,5747.35934000,60,60,False
1672056000000,1672059600000,16864.64000000,16868.34000000,16850.27000000,16858.93000000,4670.44390000,60,60,False
1672059600000,1672063200000,16858.65000000,16860.66000000,16831.85000000,16838.13000000,6763.40798000,60,60,False
1672063200000,1672066800000,16838.13000000,16845.50000000,16826.13000000,16832.90000000,4740.96363000,60,60,False
1672066800000,1672070400000,16833.12000000,16838.19000000,16791.00000000,16809.51000000,6486.96714000,60,60,False
1672070400000,1672074000000,16809.51000000,16842.71000000,16798.38000000,16839.47000000,5429.25353000,60,60,False
1672074000000,1672077600000,16839.03000000,16845.22000000,16827.03000000,16835.33000000,4237.54335000,60,60,False
1672077600000,1672081200000,16835.34000000,16844.09000000,16813.95000000,16819.57000000,4324.84438000,60,60,False
1672081200000,1672084800000,16819.57000000,16862.23000000,16815.71000000,16841.00000000,5235.11578000,60,60,False
1672084800000,1672088400000,16841.00000000,16848.40000000,16834.16000000,16842.58000000,3867.12598000,60,60,False
1672088400000,1672092000000,16842.26000000,16852.61000000,16822.71000000,16833.38000000,4374.56852000,60,60,False
1672092000000,1672095600000,16833.38000000,16849.56000000,16831.48000000,16838.70000000,3471.40877000,60,60,False
1672095600000,1672099200000,16838.70000000,16944.52000000,16817.82000000,16919.39000000,10470.75865000,60,60,False
1672099200000,1672102800000,16919.39000000,16972.83000000,16839.00000000,16870.39000000,12938.13967000,60,60,False
1672102800000,1672106400000,16870.86000000,16890.08000000,16851.78000000,16865.60000000,5726.62492000,60,60,False
1672106400000,1672110000000,16865.60000000,16891.68000000,16865.51000000,16880.19000000,4893.83273000,60,60,False
1672110000000,1672113600000,16880.04000000,16884.87000000,16856.40000000,16876.51000000,4710.29472000,60,60,False
1672113600000,1672117200000,16876.82000000,16894.57000000,16868.29000000,16891.26000000,4539.66290000,60,60,False
1672117200000,1672120800000,16891.27000000,16897.00000000,16868.86000000,16872.11000000,5026.70750000,60,60,False
1672120800000,1672124400000,16872.10000000,16891.99000000,16858.75000000,16890.00000000,4708.66741000,60,60,False
1672124400000,1672128000000,16890.00000000,16891.00000000,16853.52000000,16869.19000000,5990.54852000,60,60,False
1672128000000,1672131600000,16869.68000000,16874.06000000,16830.75000000,16849.22000000,6596.33300000,60,60,False
1672131600000,1672135200000,16849.79000000,16882.03000000,16839.65000000,16876.95000000,6741.69844000,60,60,False
1672135200000,1672138800000,16876.95000000,16878.95000000,16850.55000000,16859.25000000,6261.89844000,60,60,False
1672138800000,1672142400000,16858.94000000,16862.61000000,16806.57000000,16832.40000000,7060.12213000,60,60,False
1672142400000,1672146000000,16832.01000000,16839.00000000,16798.00000000,16812.00000000,7857.01286000,60,60,False
1672146000000,1672149600000,16812.00000000,16838.21000000,16801.91000000,16819.80000000,6261.20351000,60,60,False
1672149600000,1672153200000,16819.44000000,16830.66000000,16733.21000000,16772.25000000,12566.66988000,60,60,False
1672153200000,1672156800000,16771.85000000,16839.49000000,16745.35000000,16799.78000000,11498.52707000,60,60,False
1672156800000,1672160400000,16799.92000000,16804.98000000,16757.75000000,16777.20000000,8182.65640000,60,60,False
1672160400000,1672164000000,16777.20000000,16784.33000000,16620.04000000,16679.70000000,12187.11401000,60,60,False
1672164000000,1672167600000,16680.28000000,16683.67000000,16613.16000000,16636.46000000,9409.17430000,60,60,False
1672167600000,1672171200000,16636.46000000,16691.63000000,16592.37000000,16690.75000000,8410.39722000,60,60,False
1672171200000,1672174800000,16690.75000000,16697.52000000,16656.72000000,16666.46000000,6712.60077000,60,60,False
1672174800000,1672178400000,16666.46000000,16716.93000000,16651.03000000,16703.55000000,5579.12972000,60,60,False
1672178400000,1672182000000,16702.83000000,16708.80000000,16686.39000000,16690.96000000,4568.38229000,60,60,False
1672182000000,1672185600000,16690.96000000,16723.24000000,16684.82000000,16706.36000000,5322.18775000,60,60,False
1672185600000,1672189200000,16706.06000000,16724.69000000,16667.28000000,16686.23000000,6210.69991000,60,60,False
1672189200000,1672192800000,16686.23000000,16755.20000000,16649.99000000,16695.55000000,8339.49451000,60,60,False
1672192800000,1672196400000,16695.55000000,16713.41000000,16677.42000000,16683.81000000,5590.53803000,60,60,False
1672196400000,1672200000000,16683.81000000,16694.68000000,16559.79000000,16650.65000000,14186.30434000,60,60,False
1672200000000,1672203600000,16650.65000000,16678.85000000,16641.25000000,16660.44000000,5941.38788000,60,60,False
1672203600000,1672207200000,16660.15000000,16668.00000000,16585.71000000,16602.98000000,10723.34379000,60,60,False
1672207200000,1672210800000,16603.96000000,16622.09000000,16592.18000000,16612.64000000,6234.50254000,60,60,False
1672210800000,1672214400000,16612.21000000,16655.17000000,16610.99000000,16647.16000000,5898.29249000,60,60,False
1672214400000,1672218000000,16647.16000000,16666.58000000,16632.00000000,16643.65000000,6153.89812000,60,60,False
1672218000000,1672221600000,16643.66000000,16681.00000000,16632.00000000,16659.00000000,6473.65633000,60,60,False
1672221600000,1672225200000,16659.00000000,16682.00000000,16646.05000000,16665.33000000,6831.02222000,60,60,False
1672225200000,1672228800000,16664.88000000,16689.30000000,16659.85000000,16678.98000000,6077.60977000,60,60,False
1672228800000,1672232400000,16678.52000000,16687.57000000,16651.54000000,16655.69000000,5877.80146000,60,60,False
1672232400000,1672236000000,16655.70000000,16664.97000000,16640.67000000,16652.02000000,5670.51571000,60,60,False
1672236000000,1672239600000,16652.02000000,16767.31000000,16627.94000000,16739.01000000,14239.14491000,60,60,False
1672239600000,1672243200000,16739.66000000,16785.19000000,16569.94000000,16578.52000000,15903.57349000,60,60,False
1672243200000,1672246800000,16578.02000000,16627.92000000,16563.63000000,16608.23000000,8554.77204000,60,60,False
1672246800000,1672250400000,16607.86000000,16658.90000000,16590.37000000,16640.45000000,6734.17509000,60,60,False
1672250400000,1672254000000,16640.02000000,16668.00000000,16617.21000000,16632.92000000,6498.88664000,60,60,False
1672254000000,1672257600000,16633.18000000,16647.10000000,16591.38000000,16595.92000000,6112.85910000,60,60,False
1672257600000,1672261200000,16595.43000000,16615.67000000,16578.57000000,16596.00000000,5608.78253000,60,60,False
1672261200000,1672264800000,16596.90000000,16598.42000000,16465.33000000,16527.88000000,14863.50775000,60,60,False
1672264800000,1672268400000,16527.88000000,16542.41000000,16475.98000000,16518.03000000,7262.60362000,60,60,False
1672268400000,1672272000000,16518.03000000,16560.64000000,16511.16000000,16547.31000000,7050.19350000,60,60,False
1672272000000,1672275600000,16547.32000000,16594.00000000,16540.65000000,16583.19000000,6641.68391000,60,60,False
1672275600000,1672279200000,16583.19000000,16586.92000000,16544.00000000,16548.53000000,4694.30891000,60,60,False
1672279200000,1672282800000,16548.53000000,16555.00000000,16488.91000000,16540.93000000,8161.75012000,60,60,False
1672282800000,1672286400000,16540.93000000,16563.49000000,16534.62000000,16558.33000000,4111.08574000,60,60,False
1672286400000,1672290000000,16558.33000000,16583.87000000,16539.85000000,16572.23000000,5869.44185000,60,60,False
1672290000000,1672293600000,16572.67000000,16582.79000000,16556.71000000,16576.59000000,4196.51995000,60,60,False
1672293600000,1672297200000,16577.21000000,16582.38000000,16558.00000000,16564.49000000,4724.94244000,60,60,False
1672297200000,1672300800000,16564.60000000,16572.71000000,16534.04000000,16556.37000000,6367.90859000,60,60,False
1672300800000,1672304400000,16556.37000000,16567.36000000,16517.54000000,16530.88000000,7169.74469000,60,60,False
1672304400000,1672308000000,16530.16000000,16630.00000000,16529.84000000,16591.59000000,9402.72221000,60,60,False
1672308000000,1672311600000,16591.59000000,16610.75000000,16578.49000000,16604.78000000,5834.80225000,60,60,False
1672311600000,1672315200000,16604.78000000,16622.06000000,16588.16000000,16598.70000000,5805.44872000,60,60,False
1672315200000,1672318800000,16598.70000000,16623.72000000,16590.64000000,16616.87000000,6321.08408000,60,60,False
1672318800000,1672322400000,16616.79000000,16651.48000000,16593.51000000,16616.84000000,9394.84546000,60,60,False
1672322400000,1672326000000,16616.84000000,16663.77000000,16601.89000000,16629.53000000,10456.62874000,60,60,False
1672326000000,1672329600000,16630.12000000,16664.41000000,16607.98000000,16616.60000000,8122.81908000,60,60,False
1672329600000,1672333200000,16616.60000000,16654.54000000,16606.44000000,16632.06000000,7195.45266000,60,60,False
1672333200000,1672336800000,16632.06000000,16639.16000000,16595.50000000,16616.47000000,5991.56776000,60,60,False
1672336800000,1672340400000,16616.06000000,16636.72000000,16603.04000000,16633.73000000,6189.76711000,60,60,False
1672340400000,1672344000000,16633.73000000,16642.08000000,16590.82000000,16612.40000000,6853.98930000,60,60,False
1672344000000,1672347600000,16612.40000000,16618.63000000,16555.57000000,16599.24000000,9809.00175000,60,60,False
1672347600000,1672351200000,16599.24000000,16614.88000000,16590.76000000,16599.54000000,4794.76730000,60,60,False
1672351200000,1672354800000,16599.53000000,16639.00000000,16595.09000000,16619.56000000,5800.19524000,60,60,False
1672354800000,1672358400000,16619.56000000,16654.51000000,16612.39000000,16633.47000000,7087.99372000,60,60,False
1672358400000,1672362000000,16633.47000000,16648.77000000,16617.74000000,16629.52000000,5016.96426000,60,60,False
1672362000000,1672365600000,16629.52000000,16635.81000000,16601.24000000,16608.63000000,4848.11242000,60,60,False
1672365600000,1672369200000,16608.63000000,16624.40000000,16579.75000000,16604.06000000,6647.88081000,60,60,False
1672369200000,1672372800000,16603.63000000,16615.55000000,16582.95000000,16599.08000000,4344.67044000,60,60,False
1672372800000,1672376400000,16598.79000000,16615.35000000,16590.86000000,16613.79000000,4709.16466000,60,60,False
1672376400000,1672380000000,16613.94000000,16614.54000000,16517.09000000,16554.39000000,6537.07881000,60,60,False
1672380000000,1672383600000,16554.39000000,16574.66000000,16534.52000000,16544.94000000,5926.63285000,60,60,False
1672383600000,1672387200000,16545.55000000,16546.38000000,16429.00000000,16474.93000000,11773.01126000,60,60,False
1672387200000,1672390800000,16475.10000000,16510.09000000,16458.25000000,16500.24000000,5619.33858000,60,60,False
1672390800000,1672394400000,16500.24000000,16531.10000000,16497.31000000,16517.21000000,5194.88816000,60,60,False
1672394400000,1672398000000,16517.55000000,16530.64000000,16485.51000000,16488.71000000,5143.69237000,60,60,False
1672398000000,1672401600000,16488.87000000,16518.30000000,16484.00000000,16496.27000000,4547.98774000,60,60,False
1672401600000,1672405200000,16495.96000000,16507.92000000,16472.31000000,16494.58000000,7404.90011000,60,60,False
1672405200000,1672408800000,16494.14000000,16505.95000000,16457.63000000,16465.88000000,6201.32397000,60,60,False
1672408800000,1672412400000,16465.87000000,16500.44000000,16333.00000000,16413.40000000,15026.83088000,60,60,False
1672412400000,1672416000000,16414.18000000,16580.70000000,16400.40000000,16555.26000000,16056.89492000,60,60,False
1672416000000,1672419600000,16555.26000000,16577.00000000,16515.45000000,16545.86000000,7841.68863000,60,60,False
1672419600000,1672423200000,16545.86000000,16551.40000000,16517.08000000,16533.12000000,5701.12566000,60,60,False
1672423200000,1672426800000,16533.77000000,16574.61000000,16518.81000000,16565.77000000,6439.89128000,60,60,False
1672426800000,1672430400000,16565.77000000,16570.53000000,16523.81000000,16525.37000000,5870.78136000,60,60,False
1672430400000,1672434000000,16525.91000000,16571.51000000,16523.91000000,16568.69000000,6253.72281000,60,60,False
1672434000000,1672437600000,16569.36000000,16677.35000000,16568.31000000,16585.06000000,8873.19505000,60,60,False
1672437600000,1672441200000,16585.06000000,16597.00000000,16577.57000000,16583.27000000,3950.19324000,60,60,False
1672441200000,1672444800000,16582.81000000,16618.75000000,16568.00000000,16607.48000000,4986.34147000,60,60,False
1672444800000,1672448400000,16607.48000000,16616.37000000,16578.00000000,16580.32000000,4264.25848000,60,60,False
1672448400000,1672452000000,16580.32000000,16583.69000000,16562.36000000,16568.24000000,4007.77589000,60,60,False
1672452000000,1672455600000,16568.23000000,16579.79000000,16560.47000000,16575.94000000,3569.36115000,60,60,False
1672455600000,1672459200000,16576.18000000,16577.38000000,16550.01000000,16552.46000000,3814.65216000,60,60,False
1672459200000,1672462800000,16552.46000000,16555.59000000,16541.75000000,16551.89000000,3226.93841000,60,60,False
1672462800000,1672466400000,16551.89000000,16566.37000000,16531.00000000,16538.76000000,4569.94132000,60,60,False
1672466400000,1672470000000,16538.29000000,16556.67000000,16534.03000000,16546.71000000,3921.13944000,60,60,False
1672470000000,1672473600000,16546.43000000,16568.12000000,16542.36000000,16565.09000000,4090.93041000,60,60,False
1672473600000,1672477200000,16564.81000000,16583.90000000,16549.00000000,16554.05000000,5699.19526000,60,60,False
1672477200000,1672480800000,16554.05000000,16557.98000000,16540.01000000,16544.26000000,4941.66722000,60,60,False
1672480800000,1672484400000,16543.79000000,16573.80000000,16543.00000000,16566.03000000,5399.21055000,60,60,False
1672484400000,1672488000000,16565.74000000,16580.41000000,16563.30000000,16567.15000000,4737.68685000,60,60,False
1672488000000,1672491600000,16567.52000000,16582.36000000,16547.12000000,16575.44000000,6112.34320000,60,60,False
1672491600000,1672495200000,16575.07000000,16606.84000000,16572.01000000,16600.89000000,7158.39727000,60,60,False
1672495200000,1672498800000,16600.89000000,16644.09000000,16580.70000000,16586.43000000,9012.70007000,60,60,False
1672498800000,1672502400000,16586.43000000,16625.79000000,16585.51000000,16590.10000000,5555.86910000,60,60,False
1672502400000,1672506000000,16590.10000000,16613.30000000,16581.24000000,16600.39000000,4269.58976000,60,60,False
1672506000000,1672509600000,16600.93000000,16604.37000000,16571.01000000,16582.08000000,4844.04845000,60,60,False
1672509600000,1672513200000,16581.45000000,16589.36000000,16571.80000000,16577.79000000,3340.80330000,60,60,False
1672513200000,1672516800000,16577.78000000,16590.06000000,16565.10000000,16570.14000000,4044.43359000,60,60,False
1672516800000,1672520400000,16570.14000000,16574.97000000,16564.09000000,16568.60000000,2622.14355000,60,60,False
1672520400000,1672524000000,16568.19000000,16571.64000000,16544.12000000,16548.28000000,3618.77389000,60,60,False
1672524000000,1672527600000,16548.28000000,16567.49000000,16470.00000000,16520.81000000,6695.13625000,60,60,False
1672527600000,1672531200000,16520.28000000,16551.24000000,16487.74000000,16542.40000000,4973.43307000,60,60,False
