InicioUtcMs,FinUtcMsExclusivo,Open,High,Low,Close,Volume,MinutosEsperados,MinutosRecibidos,EsParcial
1704153600000,1704182400000,44179.55000000,45643.75000000,44148.34000000,45455.53000000,25481.70961000,480,480,False
1704182400000,1704211200000,45455.52000000,45879.63000000,44833.33000000,45184.82000000,23263.52373000,480,480,False
1704211200000,1704240000000,45184.83000000,45399.84000000,44600.00000000,44946.91000000,16401.17327000,480,480,False
1704240000000,1704268800000,44946.91000000,45410.91000000,44862.11000000,45011.77000000,9441.80113000,480,480,False
1704268800000,1704297600000,45011.77000000,45500.00000000,40750.00000000,43000.01000000,48721.67988000,480,480,False
1704297600000,1704326400000,43000.01000000,43567.92000000,42000.00000000,42845.23000000,23031.07072000,480,480,False
1704326400000,1704355200000,42845.23000000,43273.08000000,42613.77000000,42763.08000000,10931.53484000,480,480,False
1704355200000,1704384000000,42763.08000000,44329.99000000,42616.28000000,44051.10000000,18345.41972000,480,480,False
1704384000000,1704412800000,44051.10000000,44729.58000000,43777.86000000,44151.10000000,18761.10878000,480,480,False
1704412800000,1704441600000,44151.10000000,44284.00000000,42450.00000000,43777.47000000,16671.11295000,480,480,False
1704441600000,1704470400000,43777.48000000,44324.80000000,43100.00000000,43500.01000000,17099.91763000,480,480,False
1704470400000,1704499200000,43500.01000000,44357.46000000,43100.46000000,44145.11000000,14304.22269000,480,480,False
1704499200000,1704528000000,44145.12000000,44214.42000000,43397.05000000,43653.20000000,7366.25949000,480,480,False
1704528000000,1704556800000,43653.20000000,43920.08000000,43527.27000000,43867.17000000,5059.68835000,480,480,False
1704556800000,1704585600000,43867.17000000,44148.58000000,43611.19000000,43968.32000000,5409.11360000,480,480,False
1704585600000,1704614400000,43968.32000000,44259.29000000,43833.40000000,44080.00000000,5744.55564000,480,480,False
1704614400000,1704643200000,44080.00000000,44480.59000000,43880.65000000,44047.57000000,8996.72412000,480,480,False
1704643200000,1704672000000,44047.57000000,44269.92000000,43572.09000000,43929.02000000,8282.57104000,480,480,False
1704672000000,1704700800000,43929.01000000,44341.80000000,43175.00000000,43974.55000000,14529.42319000,480,480,False
1704700800000,1704729600000,43974.55000000,45333.00000000,43641.73000000,44963.04000000,23848.80645000,480,480,False
1704729600000,1704758400000,44963.04000000,47248.99000000,44793.97000000,46951.04000000,34436.34625000,480,480,False
1704758400000,1704787200000,46951.04000000,47150.00000000,46230.00000000,46825.51000000,14809.53912000,480,480,False
1704787200000,1704816000000,46825.52000000,47051.21000000,45450.00000000,46868.09000000,21830.65849000,480,480,False
1704816000000,1704844800000,46868.08000000,47972.00000000,44748.67000000,46110.00000000,33287.46856000,480,480,False
1704844800000,1704873600000,46110.00000000,46249.14000000,45622.00000000,45757.98000000,11405.82763000,480,480,False
1704873600000,1704902400000,45757.98000000,45861.10000000,44300.36000000,45546.40000000,25890.46284000,480,480,False
1704902400000,1704931200000,45546.39000000,47695.93000000,44800.00000000,46653.99000000,52615.12156000,480,480,False
1704931200000,1704960000000,46654.00000000,46750.00000000,45618.10000000,46101.40000000,15516.78835000,480,480,False
1704960000000,1704988800000,46101.40000000,48969.48000000,46052.00000000,46783.78000000,44857.29088000,480,480,False
1704988800000,1705017600000,46783.77000000,47022.07000000,45606.06000000,46339.16000000,27096.25037000,480,480,False
1705017600000,1705046400000,46339.16000000,46515.53000000,45742.49000000,46008.19000000,11143.70872000,480,480,False
1705046400000,1705075200000,46008.19000000,46267.00000000,44333.44000000,44462.01000000,26234.92221000,480,480,False
1705075200000,1705104000000,44462.00000000,44675.88000000,41500.00000000,42782.73000000,48949.30614000,480,480,False
1705104000000,1705132800000,42782.74000000,43254.03000000,42436.12000000,43102.97000000,16183.35651000,480,480,False
1705132800000,1705161600000,43102.97000000,43257.00000000,42505.00000000,43154.48000000,13025.65669000,480,480,False
1705161600000,1705190400000,43154.48000000,43185.00000000,42699.52000000,42847.99000000,6909.46144000,480,480,False
1705190400000,1705219200000,42847.99000000,43060.00000000,42562.56000000,43011.44000000,5805.92637000,480,480,False
1705219200000,1705248000000,43011.44000000,43079.00000000,42710.00000000,42904.38000000,6521.14283000,480,480,False
1705248000000,1705276800000,42904.39000000,43010.84000000,41720.00000000,41732.35000000,15901.33974000,480,480,False
1705276800000,1705305600000,41732.35000000,42824.68000000,41718.05000000,42714.78000000,10211.81510000,480,480,False
1705305600000,1705334400000,42714.78000000,42958.03000000,42163.32000000,42278.99000000,12408.25813000,480,480,False
1705334400000,1705363200000,42278.99000000,43400.43000000,42249.00000000,42511.10000000,17649.81980000,480,480,False
1705363200000,1705392000000,42511.10000000,42946.05000000,42466.88000000,42791.13000000,7673.52888000,480,480,False
1705392000000,1705420800000,42791.14000000,43314.73000000,42050.00000000,43252.67000000,22817.23161000,480,480,False
1705420800000,1705449600000,43252.45000000,43578.01000000,42834.29000000,43137.95000000,14554.98540000,480,480,False
1705449600000,1705478400000,43137.94000000,43198.00000000,42619.60000000,42655.94000000,7324.18864000,480,480,False
1705478400000,1705507200000,42655.95000000,42926.02000000,42365.58000000,42482.79000000,13955.64906000,480,480,False
1705507200000,1705536000000,42482.80000000,42876.48000000,42200.69000000,42776.10000000,11986.37618000,480,480,False
1705536000000,1705564800000,42776.09000000,42922.00000000,42502.19000000,42915.33000000,6170.36575000,480,480,False
1705564800000,1705593600000,42915.32000000,42930.00000000,42353.80000000,42619.32000000,10153.66789000,480,480,False
1705593600000,1705622400000,42619.31000000,42619.32000000,40683.28000000,41327.50000000,27583.48277000,480,480,False
1705622400000,1705651200000,41327.51000000,41576.00000000,40752.26000000,41284.25000000,10999.82532000,480,480,False
1705651200000,1705680000000,41284.26000000,41509.69000000,40718.00000000,40894.71000000,13693.65898000,480,480,False
1705680000000,1705708800000,40894.71000000,42196.86000000,40280.00000000,41659.03000000,23649.26129000,480,480,False
1705708800000,1705737600000,41659.03000000,41774.00000000,41456.30000000,41650.95000000,5097.82132000,480,480,False
1705737600000,1705766400000,41650.95000000,41700.00000000,41459.02000000,41570.11000000,6014.99482000,480,480,False
1705766400000,1705795200000,41570.10000000,41872.56000000,41526.36000000,41696.04000000,4811.17879000,480,480,False
1705795200000,1705824000000,41696.05000000,41730.00000000,41564.29000000,41648.51000000,2799.53049000,480,480,False
1705824000000,1705852800000,41648.50000000,41881.39000000,41605.00000000,41656.28000000,4783.07931000,480,480,False
1705852800000,1705881600000,41656.27000000,41811.10000000,41500.98000000,41580.33000000,4147.55321000,480,480,False
1705881600000,1705910400000,41580.32000000,41689.65000000,40684.00000000,41043.70000000,11915.17795000,480,480,False
1705910400000,1705939200000,41043.70000000,41244.06000000,40350.00000000,40771.99000000,18113.56187000,480,480,False
1705939200000,1705968000000,40772.00000000,40874.99000000,39431.58000000,39568.02000000,25397.45929000,480,480,False
1705968000000,1705996800000,39568.02000000,40176.74000000,39511.10000000,39780.00000000,8299.18134000,480,480,False
1705996800000,1706025600000,39780.01000000,39860.00000000,38555.00000000,39204.00000000,30550.71881000,480,480,False
1706025600000,1706054400000,39204.00000000,39907.23000000,38925.20000000,39897.60000000,19106.73336000,480,480,False
1706054400000,1706083200000,39897.59000000,40250.00000000,39557.01000000,39981.09000000,14017.17396000,480,480,False
1706083200000,1706112000000,39981.09000000,40555.00000000,39766.00000000,40050.71000000,14553.84382000,480,480,False
1706112000000,1706140800000,40050.72000000,40207.00000000,39484.19000000,40084.88000000,10722.81083000,480,480,False
1706140800000,1706169600000,40084.89000000,40178.84000000,39792.01000000,40130.00000000,7132.82951000,480,480,False
1706169600000,1706198400000,40130.00000000,40300.24000000,39623.40000000,39804.24000000,12776.81791000,480,480,False
1706198400000,1706227200000,39804.23000000,40044.91000000,39550.00000000,39961.09000000,11112.47111000,480,480,False
1706227200000,1706256000000,39961.09000000,40245.00000000,39822.52000000,39969.99000000,6575.57237000,480,480,False
1706256000000,1706284800000,39970.00000000,41588.00000000,39962.14000000,41422.99000000,23675.46873000,480,480,False
1706284800000,1706313600000,41422.98000000,42246.82000000,41405.31000000,41823.51000000,17133.92616000,480,480,False
1706313600000,1706342400000,41823.51000000,41933.17000000,41602.01000000,41710.14000000,5161.43354000,480,480,False
1706342400000,1706371200000,41710.15000000,41894.87000000,41394.34000000,41814.00000000,5853.96154000,480,480,False
1706371200000,1706400000000,41813.99000000,42200.00000000,41745.26000000,42120.63000000,5209.02159000,480,480,False
1706400000000,1706428800000,42120.63000000,42842.68000000,41925.00000000,42388.82000000,11785.80467000,480,480,False
1706428800000,1706457600000,42388.82000000,42698.00000000,42155.55000000,42258.01000000,8426.65621000,480,480,False
1706457600000,1706486400000,42258.00000000,42354.70000000,41620.81000000,42031.06000000,7082.53750000,480,480,False
1706486400000,1706515200000,42031.05000000,42504.00000000,41874.94000000,42053.46000000,6173.53823000,480,480,False
1706515200000,1706544000000,42053.45000000,42647.27000000,41804.88000000,42641.75000000,9968.01012000,480,480,False
1706544000000,1706572800000,42641.75000000,43333.00000000,42518.00000000,43302.70000000,15401.19372000,480,480,False
1706572800000,1706601600000,43302.71000000,43787.35000000,43133.90000000,43358.25000000,10114.87793000,480,480,False
1706601600000,1706630400000,43358.24000000,43882.36000000,43114.13000000,43375.50000000,13944.40876000,480,480,False
1706630400000,1706659200000,43375.50000000,43760.00000000,42683.99000000,42941.10000000,13559.95877000,480,480,False
1706659200000,1706688000000,42941.10000000,43107.77000000,42655.07000000,43050.01000000,7752.98547000,480,480,False
1706688000000,1706716800000,43050.01000000,43465.02000000,42355.00000000,43361.10000000,14254.98538000,480,480,False
1706716800000,1706745600000,43361.11000000,43745.11000000,42276.84000000,42580.00000000,17863.16603000,480,480,False
1706745600000,1706774400000,42580.00000000,42687.63000000,41884.28000000,42190.16000000,10972.01455000,480,480,False
1706774400000,1706803200000,42190.15000000,42946.60000000,41944.89000000,42516.12000000,11861.09449000,480,480,False
1706803200000,1706832000000,42516.12000000,43285.13000000,42364.00000000,43082.94000000,12397.93760000,480,480,False
1706832000000,1706860800000,43082.95000000,43432.63000000,42943.71000000,43086.89000000,8310.69788000,480,480,False
1706860800000,1706889600000,43086.90000000,43250.00000000,42546.79000000,43242.09000000,12588.30086000,480,480,False
1706889600000,1706918400000,43242.10000000,43488.00000000,42783.09000000,43200.00000000,8773.14544000,480,480,False
1706918400000,1706947200000,43199.99000000,43380.01000000,43040.00000000,43053.05000000,3569.33903000,480,480,False
1706947200000,1706976000000,43053.05000000,43190.00000000,42880.00000000,43119.06000000,4316.38705000,480,480,False
1706976000000,1707004800000,43119.06000000,43270.00000000,42953.33000000,43011.09000000,4147.68390000,480,480,False
1707004800000,1707033600000,43011.10000000,43068.79000000,42720.07000000,42845.03000000,3665.28790000,480,480,False
1707033600000,1707062400000,42845.03000000,43119.04000000,42741.60000000,42943.21000000,5122.66685000,480,480,False
1707062400000,1707091200000,42943.20000000,42985.73000000,42222.00000000,42582.88000000,8278.93929000,480,480,False
1707091200000,1707120000000,42582.88000000,43176.39000000,42258.10000000,43071.88000000,7891.31275000,480,480,False
1707120000000,1707148800000,43071.87000000,43569.76000000,42600.11000000,42644.03000000,12084.60276000,480,480,False
1707148800000,1707177600000,42644.04000000,42869.66000000,42330.52000000,42708.70000000,9491.84354000,480,480,False
1707177600000,1707206400000,42708.70000000,42960.01000000,42574.00000000,42890.00000000,5098.45850000,480,480,False
1707206400000,1707235200000,42889.99000000,43270.89000000,42658.00000000,43244.89000000,11529.41103000,480,480,False
1707235200000,1707264000000,43244.89000000,43399.98000000,43000.00000000,43098.95000000,8047.98480000,480,480,False
1707264000000,1707292800000,43098.96000000,43192.00000000,42788.00000000,42918.03000000,5441.35114000,480,480,False
1707292800000,1707321600000,42918.02000000,43325.03000000,42838.01000000,43071.08000000,8476.05394000,480,480,False
1707321600000,1707350400000,43071.08000000,44396.50000000,43013.75000000,44349.60000000,20475.19407000,480,480,False
1707350400000,1707379200000,44349.60000000,44780.00000000,44331.10000000,44513.24000000,12310.71195000,480,480,False
1707379200000,1707408000000,44513.25000000,45467.14000000,44513.24000000,45432.30000000,17771.68081000,480,480,False
1707408000000,1707436800000,45432.30000000,45614.30000000,44890.00000000,45288.65000000,15357.22955000,480,480,False
1707436800000,1707465600000,45288.66000000,46425.03000000,45242.12000000,46202.00000000,16293.77284000,480,480,False
1707465600000,1707494400000,46202.01000000,47719.44000000,46201.53000000,47159.99000000,32770.57298000,480,480,False
1707494400000,1707523200000,47159.99000000,48200.00000000,47035.92000000,47132.77000000,24439.13518000,480,480,False
1707523200000,1707552000000,47132.78000000,47504.00000000,47044.88000000,47151.72000000,6056.32984000,480,480,False
1707552000000,1707580800000,47151.72000000,47378.41000000,46800.00000000,47353.48000000,8171.81411000,480,480,False
1707580800000,1707609600000,47353.48000000,48170.00000000,47154.52000000,47751.09000000,10574.21541000,480,480,False
1707609600000,1707638400000,47751.08000000,48592.66000000,47557.16000000,48179.52000000,11205.37388000,480,480,False
1707638400000,1707667200000,48179.51000000,48469.07000000,47922.33000000,48150.43000000,9373.21021000,480,480,False
1707667200000,1707696000000,48150.43000000,48394.29000000,47948.38000000,48299.99000000,9380.22428000,480,480,False
1707696000000,1707724800000,48300.00000000,48826.81000000,47755.81000000,48203.98000000,12168.60539000,480,480,False
1707724800000,1707753600000,48203.98000000,49950.00000000,47710.01000000,49917.80000000,22166.32143000,480,480,False
1707753600000,1707782400000,49917.80000000,50334.82000000,49372.22000000,49917.27000000,24675.04023000,480,480,False
1707782400000,1707811200000,49917.28000000,50368.61000000,49724.33000000,49983.09000000,10230.27828000,480,480,False
1707811200000,1707840000000,49983.09000000,50247.00000000,48400.00000000,48727.47000000,28183.36700000,480,480,False
1707840000000,1707868800000,48727.47000000,49775.00000000,48300.95000000,49699.59000000,17137.92178000,480,480,False
1707868800000,1707897600000,49699.60000000,49877.22000000,49225.01000000,49838.93000000,7205.37782000,480,480,False
1707897600000,1707926400000,49838.93000000,52043.71000000,49741.19000000,51590.00000000,35335.67553000,480,480,False
1707926400000,1707955200000,51590.00000000,51888.00000000,51200.24000000,51795.17000000,14505.32066000,480,480,False
1707955200000,1707984000000,51795.17000000,52500.00000000,51634.01000000,51776.61000000,15643.85257000,480,480,False
1707984000000,1708012800000,51776.60000000,52816.62000000,51650.00000000,51948.23000000,20696.80299000,480,480,False
1708012800000,1708041600000,51948.24000000,52380.00000000,51314.00000000,51880.00000000,17475.37499000,480,480,False
1708041600000,1708070400000,51880.01000000,52343.28000000,51700.00000000,51731.99000000,10836.17494000,480,480,False
1708070400000,1708099200000,51732.00000000,52572.08000000,51566.00000000,51888.01000000,19215.47081000,480,480,False
1708099200000,1708128000000,51888.01000000,52245.00000000,51655.00000000,52124.11000000,7720.60743000,480,480,False
1708128000000,1708156800000,52124.10000000,52162.82000000,51792.00000000,51911.33000000,3562.54080000,480,480,False
1708156800000,1708185600000,51911.34000000,51911.34000000,50625.00000000,50984.56000000,13475.84858000,480,480,False
1708185600000,1708214400000,50984.56000000,52030.18000000,50741.10000000,51642.64000000,8635.61684000,480,480,False
1708214400000,1708243200000,51642.64000000,51798.99000000,51163.28000000,51671.10000000,6011.11553000,480,480,False
1708243200000,1708272000000,51671.10000000,52069.00000000,51535.01000000,51773.99000000,6969.00946000,480,480,False
1708272000000,1708300800000,51774.00000000,52377.00000000,51587.40000000,52137.67000000,9011.97864000,480,480,False
1708300800000,1708329600000,52137.68000000,52488.77000000,51904.83000000,52394.04000000,9047.04701000,480,480,False
1708329600000,1708358400000,52394.04000000,52454.11000000,52027.00000000,52127.99000000,10342.41476000,480,480,False
1708358400000,1708387200000,52127.99000000,52230.00000000,51677.00000000,51774.73000000,10145.53255000,480,480,False
1708387200000,1708416000000,51774.74000000,52039.91000000,51311.00000000,51839.28000000,8982.98504000,480,480,False
1708416000000,1708444800000,51839.28000000,52985.00000000,51340.00000000,51680.00000000,24748.76634000,480,480,False
1708444800000,1708473600000,51679.99000000,52517.30000000,50760.37000000,52258.82000000,15882.72180000,480,480,False
1708473600000,1708502400000,52258.82000000,52366.80000000,51452.45000000,51568.64000000,7433.60094000,480,480,False
1708502400000,1708531200000,51568.64000000,51787.04000000,50625.00000000,51156.00000000,21033.92544000,480,480,False
1708531200000,1708560000000,51156.00000000,51950.01000000,50649.28000000,51849.39000000,14611.87411000,480,480,False
1708560000000,1708588800000,51849.38000000,51910.32000000,51153.69000000,51827.63000000,9111.52468000,480,480,False
1708588800000,1708617600000,51827.63000000,52034.12000000,50940.78000000,51602.40000000,14110.34943000,480,480,False
1708617600000,1708646400000,51602.41000000,52065.78000000,51184.04000000,51288.42000000,12087.57163000,480,480,False
1708646400000,1708675200000,51288.42000000,51548.54000000,50889.00000000,50915.96000000,8654.45423000,480,480,False
1708675200000,1708704000000,50915.95000000,51333.47000000,50800.32000000,50911.11000000,13064.92135000,480,480,False
1708704000000,1708732800000,50911.10000000,51195.18000000,50521.00000000,50744.15000000,8826.41986000,480,480,False
1708732800000,1708761600000,50744.15000000,51103.87000000,50585.00000000,51068.70000000,5199.79506000,480,480,False
1708761600000,1708790400000,51068.70000000,51180.41000000,50953.00000000,51099.34000000,4440.77582000,480,480,False
1708790400000,1708819200000,51099.35000000,51698.00000000,51094.99000000,51568.22000000,6919.85022000,480,480,False
1708819200000,1708848000000,51568.21000000,51898.72000000,51438.88000000,51719.28000000,5909.07190000,480,480,False
1708848000000,1708876800000,51719.28000000,51780.00000000,51436.67000000,51524.02000000,5013.25859000,480,480,False
1708876800000,1708905600000,51524.02000000,51958.55000000,51279.80000000,51728.85000000,7799.30110000,480,480,False
1708905600000,1708934400000,51728.85000000,51796.50000000,51288.18000000,51293.26000000,5815.17774000,480,480,False
1708934400000,1708963200000,51293.26000000,52847.84000000,50901.44000000,52842.32000000,17190.06939000,480,480,False
1708963200000,1708992000000,52842.33000000,54910.00000000,52753.28000000,54476.47000000,28251.47486000,480,480,False
1708992000000,1709020800000,54476.48000000,57073.84000000,54450.13000000,56059.08000000,26036.10034000,480,480,False
1709020800000,1709049600000,56059.09000000,57416.93000000,56023.80000000,56745.66000000,23965.85507000,480,480,False
1709049600000,1709078400000,56745.66000000,57588.15000000,56209.00000000,57037.34000000,17193.03021000,480,480,False
1709078400000,1709107200000,57037.35000000,58379.57000000,56691.85000000,58241.10000000,11240.41749000,480,480,False
1709107200000,1709136000000,58241.09000000,61360.00000000,58171.11000000,60966.22000000,45593.12114000,480,480,False
1709136000000,1709164800000,60966.22000000,64000.00000000,58700.00000000,62432.10000000,61929.93121000,480,480,False
1709164800000,1709193600000,62432.11000000,63676.35000000,61021.10000000,62707.17000000,25015.18308000,480,480,False
1709193600000,1709222400000,62707.17000000,63531.88000000,62051.11000000,62768.02000000,24895.54637000,480,480,False
1709222400000,1709251200000,62768.01000000,62879.30000000,60364.70000000,61130.98000000,28514.34658000,480,480,False
1709251200000,1709280000000,61130.99000000,61772.82000000,60777.00000000,61434.00000000,12064.98145000,480,480,False
1709280000000,1709308800000,61434.00000000,62677.06000000,61131.01000000,61263.99000000,18423.55896000,480,480,False
1709308800000,1709337600000,61263.98000000,63114.23000000,61234.00000000,62387.90000000,17249.39432000,480,480,False
1709337600000,1709366400000,62387.90000000,62433.19000000,61752.30000000,62011.85000000,10288.26836000,480,480,False
1709366400000,1709395200000,62011.85000000,62167.79000000,61561.12000000,61771.20000000,8712.92273000,480,480,False
1709395200000,1709424000000,61771.21000000,62200.00000000,61625.00000000,61987.28000000,6533.54550000,480,480,False
1709424000000,1709452800000,61987.28000000,62100.00000000,61320.00000000,61598.00000000,7958.55667000,480,480,False
1709452800000,1709481600000,61598.01000000,62640.18000000,61393.83000000,62164.63000000,10628.75876000,480,480,False
1709481600000,1709510400000,62164.63000000,63231.88000000,62088.00000000,63113.97000000,10407.59360000,480,480,False
1709510400000,1709539200000,63113.97000000,64300.00000000,62300.00000000,64066.62000000,19218.67528000,480,480,False
1709539200000,1709568000000,64066.62000000,66580.29000000,64000.11000000,66451.65000000,32692.28306000,480,480,False
1709568000000,1709596800000,66451.65000000,68499.00000000,66039.31000000,68245.71000000,32924.20171000,480,480,False
1709596800000,1709625600000,68245.71000000,68686.80000000,65089.00000000,66129.64000000,29228.55376000,480,480,False
1709625600000,1709654400000,66129.64000000,69000.00000000,65515.15000000,66773.05000000,34447.13949000,480,480,False
1709654400000,1709683200000,66773.05000000,66996.36000000,59005.00000000,63724.01000000,69021.08805000,480,480,False
1709683200000,1709712000000,63724.01000000,66761.10000000,62779.14000000,66676.46000000,24704.04754000,480,480,False
1709712000000,1709740800000,66676.46000000,67641.10000000,64664.92000000,66481.12000000,35716.84169000,480,480,False
1709740800000,1709769600000,66481.12000000,67465.00000000,65714.17000000,66074.04000000,18317.96568000,480,480,False
1709769600000,1709798400000,66074.04000000,66469.05000000,65551.00000000,66387.78000000,14428.10931000,480,480,False
1709798400000,1709827200000,66387.77000000,67899.00000000,66341.11000000,67260.01000000,22168.12875000,480,480,False
1709827200000,1709856000000,67260.01000000,67980.00000000,66810.32000000,66823.17000000,16463.64884000,480,480,False
1709856000000,1709884800000,66823.18000000,67640.45000000,66757.00000000,67223.02000000,11164.96909000,480,480,False
1709884800000,1709913600000,67223.02000000,69990.00000000,67038.71000000,67617.60000000,29162.22593200,480,480,False
1709913600000,1709942400000,67617.60000000,69379.00000000,66082.66000000,68124.19000000,33934.73782000,480,480,False
1709942400000,1709971200000,68124.20000000,68541.10000000,67861.10000000,68288.64000000,7368.22823000,480,480,False
1709971200000,1710000000000,68288.64000000,68521.10000000,67933.93000000,68288.20000000,7320.38351000,480,480,False
1710000000000,1710028800000,68288.19000000,68433.17000000,68000.00000000,68313.27000000,5184.28569000,480,480,False
1710028800000,1710057600000,68313.28000000,69659.47000000,68200.00000000,69347.16000000,12541.09556000,480,480,False
1710057600000,1710086400000,69347.16000000,69887.61000000,68641.10000000,69194.83000000,15952.77834000,480,480,False
1710086400000,1710115200000,69194.83000000,69768.58000000,68094.75000000,68955.88000000,9910.79445000,480,480,False
1710115200000,1710144000000,68955.88000000,71298.00000000,67024.96000000,71019.99000000,26470.79359800,480,480,False
1710144000000,1710172800000,71019.99000000,72661.10000000,71019.99000000,72010.00000000,31605.22233600,480,480,False
1710172800000,1710201600000,72010.01000000,72800.00000000,71760.00000000,72078.10000000,17216.80979200,480,480,False
1710201600000,1710230400000,72078.10000000,72470.41000000,71301.00000000,72121.10000000,13864.02633000,480,480,False
1710230400000,1710259200000,72121.10000000,73000.00000000,70800.00000000,71703.41000000,24439.90804100,480,480,False
1710259200000,1710288000000,71703.41000000,71829.11000000,68620.82000000,71452.01000000,30479.61232000,480,480,False
1710288000000,1710316800000,71452.00000000,73182.22000000,71333.31000000,72855.16000000,14813.13099200,480,480,False
1710316800000,1710345600000,72855.15000000,73650.25000000,71634.52000000,72634.95000000,23628.10841500,480,480,False
1710345600000,1710374400000,72634.95000000,73410.22000000,72350.00000000,73072.41000000,14218.47224000,480,480,False
1710374400000,1710403200000,73072.40000000,73777.00000000,72500.00000000,73224.00000000,13204.47653600,480,480,False
1710403200000,1710432000000,73224.00000000,73528.11000000,70543.64000000,70844.01000000,24964.62619000,480,480,False
1710432000000,1710460800000,70844.00000000,71709.90000000,68555.00000000,71388.94000000,33588.52602000,480,480,False
1710460800000,1710489600000,71388.94000000,72419.71000000,66699.00000000,68448.29000000,39652.15895000,480,480,False
1710489600000,1710518400000,68448.28000000,68746.69000000,65600.00000000,68157.07000000,35203.33555000,480,480,False
1710518400000,1710547200000,68157.07000000,70650.00000000,67413.80000000,69499.85000000,28478.54096000,480,480,False
1710547200000,1710576000000,69499.84000000,70043.00000000,68600.00000000,69432.45000000,12258.38265000,480,480,False
1710576000000,1710604800000,69432.45000000,69436.24000000,67524.00000000,68385.58000000,16464.69904000,480,480,False
1710604800000,1710633600000,68385.58000000,68407.94000000,64780.00000000,65300.63000000,27203.87167000,480,480,False
1710633600000,1710662400000,65300.64000000,66576.39000000,64533.00000000,65636.67000000,19775.48844000,480,480,False
1710662400000,1710691200000,65636.68000000,68111.45000000,65290.00000000,67965.50000000,17304.04606000,480,480,False
1710691200000,1710720000000,67965.51000000,68904.40000000,67769.86000000,68393.48000000,12662.68139000,480,480,False
1710720000000,1710748800000,68393.47000000,68956.00000000,66800.00000000,68218.38000000,15828.18216000,480,480,False
1710748800000,1710777600000,68218.38000000,68627.81000000,66628.68000000,67467.19000000,21230.29117000,480,480,False
1710777600000,1710806400000,67467.19000000,68079.52000000,66565.20000000,67609.99000000,18632.60755000,480,480,False
1710806400000,1710835200000,67610.00000000,68124.11000000,63577.00000000,64704.22000000,32359.13366000,480,480,False
1710835200000,1710864000000,64704.23000000,64710.69000000,62410.78000000,64051.85000000,41581.34678000,480,480,False
1710864000000,1710892800000,64051.85000000,65756.00000000,61555.00000000,61937.40000000,27064.84443000,480,480,False
1710892800000,1710921600000,61937.41000000,63466.21000000,60775.00000000,62957.85000000,30665.22850000,480,480,False
1710921600000,1710950400000,62957.85000000,64395.00000000,62640.00000000,63600.37000000,25679.25622000,480,480,False
1710950400000,1710979200000,63600.37000000,68100.00000000,62022.00000000,67840.51000000,34076.10120000,480,480,False
1710979200000,1711008000000,67840.51000000,68240.47000000,66072.20000000,66985.19000000,17323.84606000,480,480,False
1711008000000,1711036800000,66985.19000000,67693.60000000,65885.96000000,66557.77000000,17070.40741000,480,480,False
1711036800000,1711065600000,66557.77000000,67000.00000000,64529.01000000,65501.27000000,18963.22655000,480,480,False
1711065600000,1711094400000,65501.28000000,66649.62000000,65120.01000000,66178.01000000,11865.79075000,480,480,False
1711094400000,1711123200000,66178.01000000,66363.10000000,62601.11000000,63877.04000000,24143.80092000,480,480,False
1711123200000,1711152000000,63877.04000000,64126.09000000,62260.00000000,63796.64000000,15472.78654000,480,480,False
1711152000000,1711180800000,63796.64000000,64856.01000000,63000.00000000,64575.41000000,9025.50365000,480,480,False
1711180800000,1711209600000,64575.41000000,65414.69000000,64186.21000000,65104.05000000,9065.57304000,480,480,False
1711209600000,1711238400000,65104.06000000,65999.00000000,63861.66000000,63990.01000000,8319.03740000,480,480,False
1711238400000,1711267200000,63990.02000000,64723.16000000,63772.29000000,64583.43000000,5619.83826000,480,480,False
1711267200000,1711296000000,64583.44000000,65925.19000000,64476.00000000,65673.36000000,9838.28915000,480,480,False
1711296000000,1711324800000,65673.36000000,67628.69000000,64600.01000000,67209.99000000,15937.65274000,480,480,False
1711324800000,1711353600000,67210.00000000,67740.00000000,66385.06000000,66821.19000000,10298.68506000,480,480,False
1711353600000,1711382400000,66821.19000000,70000.00000000,66747.65000000,69792.05000000,22955.00594000,480,480,False
1711382400000,1711411200000,69792.06000000,71150.00000000,69440.18000000,69880.01000000,20177.45386000,480,480,False
1711411200000,1711440000000,69880.00000000,71561.10000000,69732.80000000,70486.38000000,10888.09289000,480,480,False
1711440000000,1711468800000,70486.38000000,71280.00000000,69280.00000000,70250.00000000,17097.82282000,480,480,False
1711468800000,1711497600000,70250.01000000,70499.00000000,69401.72000000,69988.00000000,10948.46846000,480,480,False
1711497600000,1711526400000,69987.99000000,70739.65000000,69640.00000000,69725.99000000,8566.10548000,480,480,False
1711526400000,1711555200000,69726.00000000,71769.54000000,68534.01000000,68874.00000000,27501.24593000,480,480,False
1711555200000,1711584000000,68873.99000000,69637.66000000,68359.18000000,69469.99000000,13052.00544000,480,480,False
1711584000000,1711612800000,69469.99000000,70469.82000000,68903.62000000,70399.03000000,9147.93767000,480,480,False
1711612800000,1711641600000,70399.04000000,71552.06000000,70292.44000000,71290.39000000,18108.46004000,480,480,False
1711641600000,1711670400000,71290.38000000,71320.00000000,70404.00000000,70780.60000000,8182.63468000,480,480,False
1711670400000,1711699200000,70780.60000000,70916.16000000,69746.33000000,69794.00000000,7051.00755000,480,480,False
1711699200000,1711728000000,69794.01000000,70636.04000000,69009.00000000,69180.00000000,11752.63561000,480,480,False
1711728000000,1711756800000,69179.99000000,69916.50000000,69078.62000000,69850.54000000,6641.44037000,480,480,False
1711756800000,1711785600000,69850.53000000,70321.10000000,69710.00000000,69852.18000000,5202.98921000,480,480,False
1711785600000,1711814400000,69852.18000000,70269.15000000,69811.37000000,69999.99000000,4034.06385000,480,480,False
1711814400000,1711843200000,69999.99000000,70280.06000000,69540.00000000,69582.18000000,4407.55836000,480,480,False
1711843200000,1711872000000,69582.17000000,70460.00000000,69562.99000000,70301.73000000,6462.99523000,480,480,False
1711872000000,1711900800000,70301.72000000,70759.10000000,70147.77000000,70381.13000000,5553.41996000,480,480,False
1711900800000,1711929600000,70381.13000000,71366.00000000,70321.86000000,71280.01000000,7379.92914000,480,480,False
1711929600000,1711958400000,71280.00000000,71288.23000000,68888.00000000,69594.94000000,13117.31279000,480,480,False
1711958400000,1711987200000,69594.94000000,70080.00000000,68161.48000000,68237.15000000,15796.64962000,480,480,False
1711987200000,1712016000000,68237.15000000,69900.00000000,68062.86000000,69649.80000000,12531.35798000,480,480,False
1712016000000,1712044800000,69649.81000000,69674.23000000,66000.00000000,66455.50000000,23555.95881000,480,480,False
1712044800000,1712073600000,66455.50000000,66705.08000000,64588.58000000,64890.00000000,30701.64172000,480,480,False
1712073600000,1712102400000,64889.99000000,66200.00000000,64550.00000000,65463.99000000,17542.22740000,480,480,False
1712102400000,1712131200000,65463.99000000,66483.87000000,64493.07000000,66135.99000000,13872.93911000,480,480,False
1712131200000,1712160000000,66135.98000000,66903.63000000,65538.06000000,65836.01000000,13813.36890000,480,480,False
1712160000000,1712188800000,65836.02000000,66550.00000000,65451.62000000,65963.28000000,12200.90977000,480,480,False
1712188800000,1712217600000,65963.27000000,66354.83000000,65064.52000000,66091.60000000,8509.45158000,480,480,False
1712217600000,1712246400000,66091.59000000,67927.69000000,66028.00000000,67647.99000000,14223.94166000,480,480,False
1712246400000,1712275200000,67648.00000000,69309.91000000,67320.00000000,68487.79000000,18777.09129000,480,480,False
1712275200000,1712304000000,68487.80000000,68756.67000000,66380.00000000,66930.74000000,11432.56450000,480,480,False
1712304000000,1712332800000,66930.75000000,68566.66000000,65952.56000000,68190.62000000,17701.88531000,480,480,False
1712332800000,1712361600000,68190.62000000,68380.00000000,67316.00000000,67820.62000000,8780.78092000,480,480,False
1712361600000,1712390400000,67820.63000000,68232.14000000,67447.83000000,67992.02000000,6247.20849000,480,480,False
1712390400000,1712419200000,67992.02000000,68299.00000000,67527.78000000,68104.00000000,6211.12961000,480,480,False
1712419200000,1712448000000,68104.01000000,69692.00000000,67948.83000000,68896.00000000,7675.95109000,480,480,False
1712448000000,1712476800000,68896.00000000,69777.00000000,68824.00000000,69364.01000000,6577.14846000,480,480,False
1712476800000,1712505600000,69364.00000000,69886.03000000,69199.01000000,69543.74000000,5917.83358000,480,480,False
1712505600000,1712534400000,69543.73000000,70326.29000000,68849.77000000,69360.39000000,9039.76229000,480,480,False
1712534400000,1712563200000,69360.38000000,70850.00000000,69043.24000000,70698.63000000,8527.45364000,480,480,False
1712563200000,1712592000000,70698.64000000,72797.99000000,70642.00000000,71773.98000000,28977.79936000,480,480,False
1712592000000,1712620800000,71773.98000000,72104.05000000,71300.00000000,71620.00000000,8218.62324000,480,480,False
1712620800000,1712649600000,71620.00000000,71758.19000000,70110.00000000,70383.99000000,10482.14921000,480,480,False
1712649600000,1712678400000,70383.98000000,70977.00000000,68535.03000000,69264.00000000,19128.91511000,480,480,False
1712678400000,1712707200000,69264.00000000,69439.60000000,68210.00000000,69146.00000000,9682.83810000,480,480,False
1712707200000,1712736000000,69146.00000000,69594.15000000,68466.63000000,69336.28000000,7184.08856000,480,480,False
1712736000000,1712764800000,69336.27000000,69336.28000000,67518.00000000,68657.32000000,18558.40777000,480,480,False
1712764800000,1712793600000,68657.31000000,71172.08000000,68556.00000000,70631.08000000,16263.52744000,480,480,False
1712793600000,1712822400000,70631.08000000,71305.89000000,70285.13000000,70735.99000000,7790.79898000,480,480,False
1712822400000,1712851200000,70736.00000000,71256.27000000,69567.21000000,70000.00000000,16498.73145000,480,480,False
1712851200000,1712880000000,70000.00000000,70746.09000000,69574.88000000,70006.23000000,7627.72552000,480,480,False
1712880000000,1712908800000,70006.22000000,71227.46000000,70002.22000000,70764.01000000,8232.67771000,480,480,False
1712908800000,1712937600000,70764.00000000,70975.54000000,69236.95000000,69347.30000000,14596.73634000,480,480,False
1712937600000,1712966400000,69347.30000000,69580.00000000,65086.86000000,67116.52000000,33243.44824000,480,480,False
1712966400000,1712995200000,67116.52000000,67929.00000000,65731.27000000,67446.52000000,13623.39856000,480,480,False
1712995200000,1713024000000,67446.53000000,67926.00000000,67090.83000000,67676.00000000,6830.31763000,480,480,False
1713024000000,1713052800000,67675.99000000,67752.85000000,60660.57000000,63924.51000000,50941.50400000,480,480,False
1713052800000,1713081600000,63924.52000000,64872.96000000,62134.00000000,64464.30000000,24103.25488000,480,480,False
1713081600000,1713110400000,64464.30000000,64887.99000000,63437.55000000,64180.97000000,17921.57515000,480,480,False
1713110400000,1713139200000,64180.98000000,65840.00000000,62573.66000000,65661.84000000,19574.34815000,480,480,False
1713139200000,1713168000000,65661.85000000,66582.84000000,64683.01000000,66263.84000000,15110.84283000,480,480,False
1713168000000,1713196800000,66263.84000000,66867.07000000,63810.00000000,64568.81000000,18493.42697000,480,480,False
1713196800000,1713225600000,64568.80000000,64868.28000000,62274.40000000,63419.99000000,18785.26089000,480,480,False
1713225600000,1713254400000,63419.99000000,63899.69000000,61680.00000000,63516.19000000,17673.77007000,480,480,False
1713254400000,1713283200000,63516.18000000,63660.00000000,61600.00000000,61762.20000000,20936.44411000,480,480,False
1713283200000,1713312000000,61762.19000000,64365.00000000,61694.02000000,63793.39000000,14825.07913000,480,480,False
1713312000000,1713340800000,63793.40000000,64499.00000000,63181.81000000,63297.84000000,9178.94942000,480,480,False
1713340800000,1713369600000,63297.85000000,63587.88000000,59888.00000000,60304.95000000,24230.41998000,480,480,False
1713369600000,1713398400000,60304.95000000,61956.42000000,59678.16000000,61277.37000000,17201.17569000,480,480,False
1713398400000,1713427200000,61277.38000000,62229.90000000,60803.35000000,61178.08000000,10501.67396000,480,480,False
1713427200000,1713456000000,61178.08000000,64117.09000000,60864.00000000,63498.70000000,22033.28078000,480,480,False
1713456000000,1713484800000,63498.69000000,63866.19000000,62310.03000000,63470.08000000,11066.65444000,480,480,False
1713484800000,1713513600000,63470.09000000,65179.00000000,59600.01000000,64547.18000000,35224.97053000,480,480,False
1713513600000,1713542400000,64547.18000000,65450.00000000,63820.57000000,64437.17000000,21456.23816000,480,480,False
1713542400000,1713571200000,64437.18000000,64808.54000000,62953.90000000,63818.01000000,13093.09402000,480,480,False
1713571200000,1713600000000,63818.01000000,64268.58000000,63090.07000000,63961.22000000,7595.93918000,480,480,False
1713600000000,1713628800000,63961.22000000,64960.37000000,63277.00000000,64808.35000000,6944.67752000,480,480,False
1713628800000,1713657600000,64808.35000000,65419.00000000,64456.54000000,64940.59000000,8596.81305000,480,480,False
1713657600000,1713686400000,64940.58000000,65695.56000000,64608.00000000,65150.66000000,6094.25826000,480,480,False
1713686400000,1713715200000,65150.67000000,65440.95000000,64763.15000000,65043.69000000,6145.74831000,480,480,False
1713715200000,1713744000000,65043.70000000,65167.19000000,64237.50000000,64941.15000000,7076.41495000,480,480,False
1713744000000,1713772800000,64941.15000000,66479.80000000,64500.00000000,65980.00000000,14018.33840000,480,480,False
1713772800000,1713801600000,65980.01000000,66477.53000000,65626.87000000,65994.38000000,8866.98542000,480,480,False
1713801600000,1713830400000,65994.39000000,67232.35000000,65913.52000000,66819.32000000,8512.66989000,480,480,False
1713830400000,1713859200000,66819.32000000,67183.01000000,66020.00000000,66099.79000000,6748.29441000,480,480,False
1713859200000,1713888000000,66099.79000000,67130.00000000,65765.81000000,66419.56000000,11001.10347000,480,480,False
1713888000000,1713916800000,66419.56000000,66905.99000000,65980.00000000,66414.00000000,4850.50216000,480,480,False
1713916800000,1713945600000,66414.00000000,67070.43000000,66390.00000000,66630.90000000,6280.23522000,480,480,False
1713945600000,1713974400000,66630.89000000,66743.01000000,64519.03000000,64610.11000000,14427.57624000,480,480,False
1713974400000,1714003200000,64610.10000000,65156.95000000,63606.06000000,64289.59000000,12887.88491000,480,480,False
1714003200000,1714032000000,64289.58000000,64741.47000000,63824.07000000,64017.99000000,6334.19144000,480,480,False
1714032000000,1714060800000,64017.99000000,64302.99000000,62794.00000000,64135.94000000,15325.60770000,480,480,False
1714060800000,1714089600000,64135.93000000,65297.94000000,63971.48000000,64498.34000000,9681.66424000,480,480,False
1714089600000,1714118400000,64498.33000000,64662.53000000,63890.82000000,64276.95000000,8321.69754000,480,480,False
1714118400000,1714147200000,64276.94000000,64820.01000000,63297.48000000,63503.22000000,13253.34480000,480,480,False
1714147200000,1714176000000,63503.22000000,64162.50000000,63318.75000000,63770.01000000,5510.15112000,480,480,False
1714176000000,1714204800000,63770.00000000,63923.41000000,62391.24000000,62966.83000000,8900.17360000,480,480,False
1714204800000,1714233600000,62966.84000000,63408.53000000,62673.37000000,62951.75000000,5583.54716000,480,480,False
1714233600000,1714262400000,62951.75000000,63650.00000000,62750.00000000,63461.98000000,6449.33976000,480,480,False
1714262400000,1714291200000,63461.98000000,64370.00000000,63456.86000000,63915.50000000,5691.31088000,480,480,False
1714291200000,1714320000000,63915.50000000,63979.27000000,63345.55000000,63540.00000000,5175.78984000,480,480,False
1714320000000,1714348800000,63540.00000000,63976.00000000,62781.00000000,63118.62000000,6082.09933000,480,480,False
1714348800000,1714377600000,63118.62000000,63367.05000000,61923.13000000,62399.98000000,9160.27750000,480,480,False
1714377600000,1714406400000,62399.98000000,63112.29000000,61765.53000000,63039.07000000,11246.42478000,480,480,False
1714406400000,1714435200000,63039.07000000,64228.35000000,62546.37000000,63866.00000000,7743.52719000,480,480,False
1714435200000,1714464000000,63866.00000000,64734.00000000,62995.70000000,63148.74000000,9677.07147000,480,480,False
1714464000000,1714492800000,63148.74000000,63244.00000000,60546.22000000,60796.85000000,24572.99890000,480,480,False
1714492800000,1714521600000,60796.86000000,61070.71000000,59191.60000000,60672.00000000,20697.58498000,480,480,False
1714521600000,1714550400000,60672.01000000,60841.63000000,57100.00000000,57499.99000000,22268.09768000,480,480,False
1714550400000,1714579200000,57500.00000000,58275.87000000,56552.82000000,56886.00000000,30293.30919000,480,480,False
1714579200000,1714608000000,56886.00000000,59468.00000000,56625.09000000,58364.97000000,28605.06136000,480,480,False
1714608000000,1714636800000,58364.97000000,58610.55000000,56911.84000000,57681.08000000,15242.57632000,480,480,False
1714636800000,1714665600000,57681.08000000,59455.00000000,57561.14000000,59264.15000000,22298.23140000,480,480,False
1714665600000,1714694400000,59264.16000000,59625.00000000,58637.62000000,59060.61000000,10043.01189000,480,480,False
1714694400000,1714723200000,59060.60000000,59999.00000000,58811.32000000,59190.74000000,9018.44277000,480,480,False
1714723200000,1714752000000,59190.74000000,62115.64000000,58849.94000000,61690.74000000,22832.57788000,480,480,False
1714752000000,1714780800000,61690.74000000,63333.00000000,61533.20000000,62882.01000000,11777.38078000,480,480,False
1714780800000,1714809600000,62882.01000000,63595.14000000,62541.03000000,62959.03000000,8012.05319000,480,480,False
1714809600000,1714838400000,62959.03000000,64540.00000000,62924.37000000,63609.17000000,10358.67884000,480,480,False
1714838400000,1714867200000,63609.17000000,64240.76000000,63300.58000000,63892.04000000,5997.96079000,480,480,False
1714867200000,1714896000000,63892.03000000,64188.00000000,62822.17000000,63736.87000000,6008.76785000,480,480,False
1714896000000,1714924800000,63736.86000000,64646.00000000,63539.53000000,64428.65000000,7837.17365000,480,480,False
1714924800000,1714953600000,64428.64000000,64554.68000000,63582.08000000,64012.00000000,4680.80879000,480,480,False
1714953600000,1714982400000,64012.00000000,64588.00000000,63708.58000000,64540.75000000,7291.57036000,480,480,False
1714982400000,1715011200000,64540.75000000,65500.00000000,62909.61000000,63632.01000000,20136.38273000,480,480,False
1715011200000,1715040000000,63632.01000000,63747.59000000,62700.00000000,63165.19000000,7246.96640000,480,480,False
1715040000000,1715068800000,63165.18000000,63967.19000000,62832.60000000,63669.69000000,6877.32823000,480,480,False
1715068800000,1715097600000,63669.69000000,64422.41000000,63050.77000000,63740.48000000,10422.12338000,480,480,False
1715097600000,1715126400000,63740.48000000,63895.46000000,62261.00000000,62312.08000000,8299.34311000,480,480,False
1715126400000,1715155200000,62312.07000000,63020.22000000,62020.09000000,62208.00000000,7197.72140000,480,480,False
1715155200000,1715184000000,62208.00000000,62828.00000000,61761.00000000,62273.08000000,9671.70431000,480,480,False
1715184000000,1715212800000,62273.07000000,62760.00000000,60888.00000000,61193.03000000,9251.76433000,480,480,False
1715212800000,1715241600000,61193.03000000,61806.98000000,61129.00000000,61253.16000000,5626.96952000,480,480,False
1715241600000,1715270400000,61253.16000000,62285.00000000,60630.00000000,62159.06000000,13650.70572000,480,480,False
1715270400000,1715299200000,62159.06000000,63429.03000000,61750.00000000,63074.01000000,11383.13086000,480,480,False
1715299200000,1715328000000,63074.00000000,63380.00000000,62660.42000000,63078.02000000,7565.26346000,480,480,False
1715328000000,1715356800000,63078.01000000,63469.13000000,60690.00000000,60928.02000000,16617.38903000,480,480,False
1715356800000,1715385600000,60928.02000000,61294.82000000,60187.12000000,60799.99000000,12346.68776000,480,480,False
1715385600000,1715414400000,60799.99000000,61096.27000000,60650.00000000,61018.52000000,4321.69102000,480,480,False
1715414400000,1715443200000,61018.53000000,61515.00000000,60487.09000000,61174.18000000,5605.41680000,480,480,False
1715443200000,1715472000000,61174.18000000,61410.09000000,60743.51000000,60825.99000000,3447.46154000,480,480,False
1715472000000,1715500800000,60825.99000000,61120.00000000,60610.00000000,60820.00000000,2681.08344000,480,480,False
1715500800000,1715529600000,60819.99000000,61587.12000000,60790.94000000,61419.00000000,4389.07227000,480,480,False
1715529600000,1715558400000,61419.01000000,61888.00000000,60910.58000000,61483.99000000,5682.97665000,480,480,False
1715558400000,1715587200000,61484.00000000,62450.00000000,60749.21000000,62334.37000000,10116.85104000,480,480,False
1715587200000,1715616000000,62334.36000000,63295.48000000,62334.36000000,63002.00000000,15056.22894000,480,480,False
1715616000000,1715644800000,63002.00000000,63450.00000000,62566.36000000,62940.08000000,7560.33841000,480,480,False
1715644800000,1715673600000,62940.09000000,63118.36000000,61404.34000000,62035.39000000,10315.58611000,480,480,False
1715673600000,1715702400000,62035.39000000,62300.00000000,61142.77000000,61787.61000000,12349.84663000,480,480,False
1715702400000,1715731200000,61787.60000000,61816.34000000,61159.34000000,61577.49000000,6423.28767000,480,480,False
1715731200000,1715760000000,61577.49000000,62280.01000000,61319.47000000,62195.04000000,4651.48678000,480,480,False
1715760000000,1715788800000,62195.04000000,65057.26000000,61923.20000000,64725.11000000,24324.61970000,480,480,False
1715788800000,1715817600000,64725.12000000,66444.16000000,64720.00000000,66206.50000000,14583.64071000,480,480,False
1715817600000,1715846400000,66206.51000000,66666.00000000,65652.92000000,66142.62000000,8084.94422000,480,480,False
1715846400000,1715875200000,66142.62000000,66752.01000000,65361.51000000,65818.88000000,12124.88333000,480,480,False
1715875200000,1715904000000,65818.89000000,65827.47000000,64602.77000000,65235.21000000,10896.53955000,480,480,False
1715904000000,1715932800000,65235.21000000,66500.00000000,65106.38000000,66386.94000000,7981.51417000,480,480,False
1715932800000,1715961600000,66386.93000000,67451.20000000,65828.03000000,67195.10000000,11446.85526000,480,480,False
1715961600000,1715990400000,67195.09000000,67300.00000000,66214.67000000,67024.00000000,6863.86466000,480,480,False
1715990400000,1716019200000,67024.00000000,67240.69000000,66725.53000000,66887.00000000,4562.90145000,480,480,False
1716019200000,1716048000000,66887.01000000,67400.01000000,66600.00000000,66823.63000000,7082.66781000,480,480,False
1716048000000,1716076800000,66823.63000000,67039.92000000,66722.00000000,66915.20000000,2795.68848000,480,480,False
1716076800000,1716105600000,66915.20000000,67329.45000000,66837.39000000,67324.44000000,3739.61922000,480,480,False
1716105600000,1716134400000,67324.44000000,67700.00000000,66677.00000000,66889.88000000,7732.49249000,480,480,False
1716134400000,1716163200000,66889.88000000,66990.00000000,65857.25000000,66274.01000000,6553.19238000,480,480,False
1716163200000,1716192000000,66274.00000000,67295.99000000,66060.31000000,66825.14000000,7329.49925000,480,480,False
1716192000000,1716220800000,66825.15000000,67487.00000000,66750.00000000,67419.99000000,9737.25946000,480,480,False
1716220800000,1716249600000,67420.00000000,71515.56000000,67374.42000000,71446.62000000,33749.94239000,480,480,False
1716249600000,1716278400000,71446.62000000,71979.00000000,70706.00000000,70878.29000000,19690.23086000,480,480,False
1716278400000,1716307200000,70878.30000000,71474.92000000,69685.01000000,69826.99000000,18484.34743000,480,480,False
1716307200000,1716336000000,69827.00000000,70377.77000000,69162.94000000,70148.34000000,11432.85531000,480,480,False
1716336000000,1716364800000,70148.34000000,70368.60000000,69165.00000000,69715.00000000,7273.92862000,480,480,False
1716364800000,1716393600000,69715.00000000,70591.00000000,69435.30000000,70455.90000000,9454.38770000,480,480,False
1716393600000,1716422400000,70455.89000000,70666.00000000,68842.19000000,69166.62000000,10944.86394000,480,480,False
1716422400000,1716451200000,69166.62000000,69862.44000000,69166.61000000,69734.04000000,5160.37652000,480,480,False
1716451200000,1716480000000,69734.05000000,70096.12000000,67610.95000000,68076.00000000,16500.94374000,480,480,False
1716480000000,1716508800000,68075.99000000,68365.81000000,66312.16000000,67969.65000000,18851.85348000,480,480,False
1716508800000,1716537600000,67969.66000000,68017.56000000,66816.21000000,67155.93000000,9437.89224000,480,480,False
1716537600000,1716566400000,67155.93000000,68420.00000000,66600.12000000,68326.46000000,10687.53133000,480,480,False
1716566400000,1716595200000,68326.46000000,69250.00000000,67924.39000000,68549.99000000,7970.41307000,480,480,False
1716595200000,1716624000000,68549.99000000,68910.00000000,68500.00000000,68753.92000000,3060.48690000,480,480,False
1716624000000,1716652800000,68753.93000000,69610.00000000,68749.20000000,68930.40000000,6435.73519000,480,480,False
1716652800000,1716681600000,68930.39000000,69356.60000000,68849.50000000,69290.57000000,2634.17209000,480,480,False
1716681600000,1716710400000,69290.56000000,69435.36000000,68808.37000000,69340.15000000,2989.12366000,480,480,False
1716710400000,1716739200000,69340.16000000,69562.23000000,68668.60000000,68847.99000000,5122.41822000,480,480,False
1716739200000,1716768000000,68847.98000000,68973.15000000,68128.01000000,68507.67000000,3760.57609000,480,480,False
1716768000000,1716796800000,68507.67000000,69298.00000000,68321.95000000,68643.36000000,5668.17161000,480,480,False
1716796800000,1716825600000,68643.36000000,70520.30000000,68250.00000000,70373.85000000,9992.70256000,480,480,False
1716825600000,1716854400000,70373.86000000,70687.56000000,69069.00000000,69436.43000000,7476.05320000,480,480,False
1716854400000,1716883200000,69436.43000000,69591.81000000,67486.65000000,67694.00000000,11759.37903000,480,480,False
1716883200000,1716912000000,67694.01000000,68902.71000000,67529.62000000,68374.08000000,13069.12461000,480,480,False
1716912000000,1716940800000,68374.08000000,68661.28000000,67277.91000000,68398.39000000,7794.46678000,480,480,False
1716940800000,1716969600000,68398.40000000,68935.68000000,67936.35000000,67946.90000000,6376.22483000,480,480,False
1716969600000,1716998400000,67946.89000000,68280.00000000,67262.34000000,67379.13000000,11030.96655000,480,480,False
1716998400000,1717027200000,67379.13000000,67826.09000000,67124.65000000,67652.42000000,5752.64011000,480,480,False
1717027200000,1717056000000,67652.41000000,68422.89000000,67471.67000000,67584.56000000,7117.63465000,480,480,False
1717056000000,1717084800000,67584.57000000,68826.31000000,67128.00000000,68530.76000000,11648.65248000,480,480,False
1717084800000,1717113600000,68530.77000000,69500.00000000,68050.01000000,68352.17000000,9711.93127000,480,480,False
1717113600000,1717142400000,68352.17000000,68729.73000000,68075.99000000,68174.99000000,4886.45443000,480,480,False
1717142400000,1717171200000,68175.00000000,69044.10000000,67200.00000000,67215.58000000,13135.60345000,480,480,False
1717171200000,1717200000000,67215.58000000,67999.00000000,66670.00000000,67540.01000000,8668.26396000,480,480,False
1717200000000,1717228800000,67540.01000000,67810.00000000,67428.44000000,67632.08000000,3028.08527000,480,480,False
1717228800000,1717257600000,67632.07000000,67872.50000000,67611.61000000,67691.28000000,2821.14728000,480,480,False
1717257600000,1717286400000,67691.28000000,67900.00000000,67556.72000000,67766.85000000,2988.42878000,480,480,False
1717286400000,1717315200000,67766.84000000,67910.55000000,67643.33000000,67721.00000000,2343.76362000,480,480,False
1717315200000,1717344000000,67721.01000000,68460.00000000,67367.20000000,68142.17000000,7174.18889000,480,480,False
1717344000000,1717372800000,68142.18000000,68200.00000000,67257.47000000,67765.63000000,5908.37278000,480,480,False
1717372800000,1717401600000,67765.62000000,69221.00000000,67612.48000000,68906.70000000,9334.25601000,480,480,False
1717401600000,1717430400000,68906.70000000,70288.00000000,68500.00000000,69615.28000000,14057.94664000,480,480,False
1717430400000,1717459200000,69615.27000000,69715.61000000,68730.51000000,68809.90000000,6241.17135000,480,480,False
1717459200000,1717488000000,68809.89000000,69370.01000000,68629.90000000,69013.63000000,4746.74497000,480,480,False
1717488000000,1717516800000,69013.62000000,70480.00000000,68567.32000000,70445.00000000,13144.96677000,480,480,False
1717516800000,1717545600000,70445.00000000,71063.45000000,70092.50000000,70537.84000000,11728.07315000,480,480,False
1717545600000,1717574400000,70537.83000000,71379.21000000,70423.51000000,71200.00000000,9439.92462000,480,480,False
1717574400000,1717603200000,71199.99000000,71731.35000000,70383.66000000,71580.00000000,11179.92690000,480,480,False
1717603200000,1717632000000,71580.01000000,71758.00000000,70700.00000000,71108.00000000,8083.32930000,480,480,False
1717632000000,1717660800000,71108.00000000,71237.02000000,70800.00000000,71021.47000000,4280.09077000,480,480,False
1717660800000,1717689600000,71021.46000000,71700.00000000,70862.50000000,71300.00000000,8728.47845000,480,480,False
1717689600000,1717718400000,71300.00000000,71379.93000000,70117.64000000,70799.06000000,8833.43527000,480,480,False
1717718400000,1717747200000,70799.06000000,71449.98000000,70663.59000000,71110.00000000,5996.04727000,480,480,False
1717747200000,1717776000000,71110.01000000,71997.02000000,70633.21000000,71111.54000000,13032.58590000,480,480,False
1717776000000,1717804800000,71111.55000000,71208.89000000,68420.00000000,69355.60000000,16569.81728000,480,480,False
1717804800000,1717833600000,69355.60000000,69582.20000000,69232.15000000,69582.20000000,3512.97404000,480,480,False
1717833600000,1717862400000,69582.20000000,69582.20000000,69168.02000000,69430.01000000,3744.56612000,480,480,False
1717862400000,1717891200000,69430.01000000,69490.00000000,69290.28000000,69310.46000000,2516.28951000,480,480,False
1717891200000,1717920000000,69310.46000000,69425.70000000,69130.24000000,69295.64000000,2216.15706000,480,480,False
1717920000000,1717948800000,69295.64000000,69777.00000000,69250.01000000,69508.64000000,4647.39667000,480,480,False
1717948800000,1717977600000,69508.64000000,69857.14000000,69500.00000000,69648.14000000,3027.01336000,480,480,False
1717977600000,1718006400000,69648.15000000,69801.34000000,69249.99000000,69303.99000000,4097.95551000,480,480,False
1718006400000,1718035200000,69304.00000000,70195.94000000,69172.29000000,70066.12000000,6421.88305000,480,480,False
1718035200000,1718064000000,70066.12000000,70141.10000000,69334.46000000,69540.00000000,6602.83085000,480,480,False
1718064000000,1718092800000,69540.00000000,69590.01000000,67325.00000000,67570.18000000,15866.46733000,480,480,False
1718092800000,1718121600000,67570.18000000,67662.49000000,66051.00000000,66244.48000000,16632.12249000,480,480,False
1718121600000,1718150400000,66244.48000000,67588.22000000,66161.26000000,67314.24000000,8937.42606000,480,480,False
1718150400000,1718179200000,67314.23000000,67624.89000000,66905.00000000,67453.63000000,5634.77143000,480,480,False
1718179200000,1718208000000,67453.64000000,69999.00000000,67353.02000000,69734.00000000,15762.35624000,480,480,False
1718208000000,1718236800000,69734.00000000,69862.40000000,67250.00000000,68263.99000000,15778.19589000,480,480,False
1718236800000,1718265600000,68263.98000000,68393.63000000,66969.98000000,67724.81000000,8132.40838000,480,480,False
1718265600000,1718294400000,67724.80000000,68449.30000000,66368.76000000,66470.01000000,13934.13286000,480,480,False
1718294400000,1718323200000,66470.01000000,67080.13000000,66251.78000000,66773.01000000,7013.01447000,480,480,False
1718323200000,1718352000000,66773.01000000,67221.32000000,66480.00000000,66904.98000000,5647.98224000,480,480,False
1718352000000,1718380800000,66904.98000000,67370.24000000,66344.67000000,66392.00000000,9114.39192000,480,480,False
1718380800000,1718409600000,66392.00000000,66627.52000000,65078.00000000,66043.99000000,13645.81381000,480,480,False
1718409600000,1718438400000,66043.99000000,66416.66000000,65967.50000000,66076.99000000,4899.72090000,480,480,False
1718438400000,1718467200000,66076.99000000,66478.48000000,66076.98000000,66316.02000000,3594.32516000,480,480,False
1718467200000,1718496000000,66316.02000000,66360.00000000,65857.10000000,66228.25000000,2957.75636000,480,480,False
1718496000000,1718524800000,66228.25000000,66360.18000000,66034.50000000,66266.30000000,1970.55637000,480,480,False
1718524800000,1718553600000,66266.30000000,66793.72000000,66172.50000000,66712.80000000,4250.10544000,480,480,False
1718553600000,1718582400000,66712.80000000,66998.70000000,66460.00000000,66676.87000000,3171.86042000,480,480,False
1718582400000,1718611200000,66676.86000000,66913.69000000,65939.67000000,66172.00000000,6150.43509000,480,480,False
1718611200000,1718640000000,66172.00000000,66317.64000000,65130.00000000,65368.00000000,9449.16580000,480,480,False
1718640000000,1718668800000,65368.00000000,67298.81000000,65138.00000000,66504.33000000,11786.56762000,480,480,False
1718668800000,1718697600000,66504.33000000,66588.23000000,64569.00000000,65672.51000000,15381.69423000,480,480,False
1718697600000,1718726400000,65672.51000000,65750.01000000,64261.12000000,64706.00000000,15127.66739000,480,480,False
1718726400000,1718755200000,64705.99000000,65305.00000000,64060.00000000,65175.32000000,11840.74082000,480,480,False
1718755200000,1718784000000,65175.32000000,65727.54000000,64810.62000000,65326.89000000,8861.37570000,480,480,False
1718784000000,1718812800000,65326.89000000,65544.00000000,64756.28000000,64922.00000000,7082.42264000,480,480,False
1718812800000,1718841600000,64921.99000000,65284.37000000,64666.00000000,64974.37000000,4116.99742000,480,480,False
1718841600000,1718870400000,64974.37000000,65967.39000000,64818.72000000,65858.84000000,5982.61587000,480,480,False
1718870400000,1718899200000,65858.84000000,66482.94000000,64658.06000000,64831.23000000,11048.46419000,480,480,False
1718899200000,1718928000000,64831.24000000,65217.21000000,64559.15000000,64869.99000000,7234.21025000,480,480,False
1718928000000,1718956800000,64869.99000000,65066.66000000,64190.76000000,64201.63000000,6168.19463000,480,480,False
1718956800000,1718985600000,64201.63000000,64372.15000000,63379.35000000,63732.02000000,14034.78408000,480,480,False
1718985600000,1719014400000,63732.02000000,64460.14000000,63465.17000000,64143.56000000,5790.58571000,480,480,False
1719014400000,1719043200000,64143.56000000,64540.26000000,63943.82000000,64520.00000000,3736.74003000,480,480,False
1719043200000,1719072000000,64519.99000000,64546.81000000,64214.43000000,64307.08000000,2306.73968000,480,480,False
1719072000000,1719100800000,64307.09000000,64362.00000000,64218.50000000,64262.01000000,1265.47571000,480,480,False
1719100800000,1719129600000,64262.01000000,64521.00000000,64262.00000000,64415.27000000,1749.32563000,480,480,False
1719129600000,1719158400000,64415.27000000,64437.28000000,64049.41000000,64094.00000000,2328.86181000,480,480,False
1719158400000,1719187200000,64094.01000000,64187.62000000,63178.32000000,63210.01000000,4146.26703000,480,480,False
1719187200000,1719216000000,63210.01000000,63369.80000000,62160.72000000,62456.00000000,9694.70293000,480,480,False
1719216000000,1719244800000,62456.00000000,62975.60000000,60567.01000000,60843.99000000,17933.74878000,480,480,False
1719244800000,1719273600000,60843.99000000,61044.44000000,58402.00000000,60293.30000000,24532.90243000,480,480,False
1719273600000,1719302400000,60293.30000000,61598.87000000,60257.06000000,60685.16000000,8896.04343000,480,480,False
1719302400000,1719331200000,60685.16000000,62134.00000000,60668.01000000,61810.00000000,13414.87255000,480,480,False
1719331200000,1719360000000,61810.00000000,62420.00000000,61135.37000000,61806.01000000,8878.32763000,480,480,False
1719360000000,1719388800000,61806.01000000,62487.81000000,61520.00000000,61720.02000000,7030.93804000,480,480,False
1719388800000,1719417600000,61720.02000000,61980.00000000,61149.64000000,61467.86000000,8207.31042000,480,480,False
1719417600000,1719446400000,61467.85000000,61547.02000000,60712.00000000,60864.99000000,7247.41617000,480,480,False
1719446400000,1719475200000,60864.98000000,61300.00000000,60606.63000000,60794.01000000,5105.74080000,480,480,False
1719475200000,1719504000000,60794.01000000,62389.22000000,60736.62000000,61576.00000000,8875.11644000,480,480,False
1719504000000,1719532800000,61576.00000000,62015.52000000,61338.56000000,61706.47000000,4363.42907000,480,480,False
1719532800000,1719561600000,61706.46000000,62225.31000000,61236.00000000,61350.01000000,6629.96471000,480,480,False
1719561600000,1719590400000,61350.01000000,61875.00000000,60751.00000000,61062.01000000,11043.35876000,480,480,False
1719590400000,1719619200000,61062.00000000,61119.58000000,60063.00000000,60427.84000000,7147.86908000,480,480,False
1719619200000,1719648000000,60427.84000000,61146.64000000,60383.77000000,61052.30000000,4768.07142000,480,480,False
1719648000000,1719676800000,61052.30000000,61224.00000000,60890.03000000,61106.00000000,4287.25151000,480,480,False
1719676800000,1719705600000,61106.00000000,61124.00000000,60839.51000000,60986.68000000,2454.23611000,480,480,False
1719705600000,1719734400000,60986.68000000,61782.00000000,60712.21000000,61528.01000000,4949.90721000,480,480,False
1719734400000,1719763200000,61528.01000000,61860.00000000,61346.00000000,61717.90000000,5018.48729000,480,480,False
1719763200000,1719792000000,61717.90000000,63058.76000000,61590.01000000,62772.01000000,7357.90686000,480,480,False
1719792000000,1719820800000,62772.01000000,63818.33000000,62573.32000000,63277.84000000,8808.19225000,480,480,False
1719820800000,1719849600000,63277.84000000,63314.99000000,62497.20000000,63132.90000000,8259.82088000,480,480,False
1719849600000,1719878400000,63132.90000000,63861.76000000,62804.60000000,62899.99000000,7479.09225000,480,480,False
1719878400000,1719907200000,62900.00000000,63288.83000000,62580.00000000,62629.99000000,4197.44952000,480,480,False
1719907200000,1719936000000,62630.00000000,63152.00000000,61823.74000000,61948.08000000,10105.61963000,480,480,False
1719936000000,1719964800000,61948.08000000,62368.81000000,61806.28000000,62135.47000000,4270.04960000,480,480,False
1719964800000,1719993600000,62135.46000000,62285.94000000,60600.00000000,60870.01000000,7502.17985000,480,480,False
1719993600000,1720022400000,60870.01000000,60978.19000000,59600.00000000,60186.25000000,16046.05372000,480,480,False
1720022400000,1720051200000,60186.25000000,60655.56000000,59400.00000000,60208.58000000,8611.87770000,480,480,False
1720051200000,1720080000000,60208.57000000,60498.19000000,57800.01000000,58219.99000000,18486.93426000,480,480,False
1720080000000,1720108800000,58219.99000000,58506.18000000,56771.00000000,58140.00000000,25357.70592000,480,480,False
1720108800000,1720137600000,58140.00000000,58813.13000000,56866.00000000,57050.01000000,10724.13258000,480,480,False
1720137600000,1720166400000,57050.02000000,57546.00000000,53485.93000000,54415.05000000,37191.42061000,480,480,False
1720166400000,1720195200000,54415.04000000,56678.19000000,53900.00000000,56662.00000000,30658.43706000,480,480,False
1720195200000,1720224000000,56662.99000000,57040.02000000,55779.33000000,56628.79000000,13498.38989000,480,480,False
1720224000000,1720252800000,56628.79000000,56998.00000000,56018.00000000,56606.00000000,7520.56870000,480,480,False
1720252800000,1720281600000,56606.00000000,57441.10000000,56436.78000000,57317.98000000,7240.51896000,480,480,False
1720281600000,1720310400000,57317.99000000,58475.00000000,57185.76000000,58230.13000000,6890.22792000,480,480,False
1720310400000,1720339200000,58230.13000000,58449.46000000,57073.36000000,57369.99000000,6686.07166000,480,480,False
1720339200000,1720368000000,57369.99000000,57911.71000000,56563.46000000,56825.42000000,6242.28555000,480,480,False
1720368000000,1720396800000,56825.42000000,57392.00000000,55724.37000000,55857.81000000,6190.58197000,480,480,False
1720396800000,1720425600000,55857.81000000,56023.07000000,54260.16000000,55852.01000000,15956.24416000,480,480,False
1720425600000,1720454400000,55852.00000000,58236.73000000,54800.00000000,55761.52000000,24765.76086000,480,480,False
1720454400000,1720483200000,55761.52000000,56971.94000000,55425.74000000,56714.62000000,7368.19988000,480,480,False
1720483200000,1720512000000,56714.61000000,57754.00000000,56289.45000000,57116.84000000,8471.21922000,480,480,False
1720512000000,1720540800000,57116.84000000,58131.09000000,56903.00000000,57477.01000000,12599.20175000,480,480,False
1720540800000,1720569600000,57477.00000000,58296.00000000,57362.08000000,58050.00000000,6661.78691000,480,480,False
1720569600000,1720598400000,58050.00000000,59470.00000000,57309.09000000,58977.99000000,8828.72650000,480,480,False
1720598400000,1720627200000,58977.99000000,59032.82000000,57471.12000000,57699.69000000,10947.69798000,480,480,False
1720627200000,1720656000000,57699.69000000,58019.89000000,57157.79000000,57725.85000000,5175.31351000,480,480,False
1720656000000,1720684800000,57725.85000000,58407.05000000,57050.00000000,58191.50000000,7616.76850000,480,480,False
1720684800000,1720713600000,58191.50000000,59650.00000000,57266.58000000,57402.01000000,16150.31461000,480,480,False
1720713600000,1720742400000,57402.01000000,58000.61000000,57150.00000000,57339.89000000,5993.97424000,480,480,False
1720742400000,1720771200000,57339.89000000,57571.86000000,56542.47000000,57106.94000000,6664.82522000,480,480,False
1720771200000,1720800000000,57106.95000000,58278.00000000,56767.05000000,58214.00000000,9846.91784000,480,480,False
1720800000000,1720828800000,58213.99000000,58526.68000000,57150.06000000,57889.10000000,7140.71384000,480,480,False
1720828800000,1720857600000,57889.09000000,58216.08000000,57756.63000000,58170.32000000,3079.00828000,480,480,False
1720857600000,1720886400000,58170.33000000,58899.46000000,57900.57000000,58830.63000000,6001.85409000,480,480,False
1720886400000,1720915200000,58830.62000000,59850.00000000,58288.19000000,59204.02000000,6276.88282000,480,480,False
1720915200000,1720944000000,59204.01000000,60324.61000000,59194.01000000,60062.01000000,8015.98902000,480,480,False
1720944000000,1720972800000,60062.01000000,60400.00000000,59466.67000000,60084.00000000,6126.18398000,480,480,False
1720972800000,1721001600000,60084.00000000,61420.69000000,59880.00000000,60797.91000000,7036.16607000,480,480,False
1721001600000,1721030400000,60797.91000000,63084.00000000,60632.30000000,62840.12000000,13145.57349000,480,480,False
1721030400000,1721059200000,62840.12000000,63328.00000000,62290.00000000,63026.00000000,10791.20347000,480,480,False
1721059200000,1721088000000,63026.01000000,64900.00000000,62852.00000000,64724.14000000,14754.20124000,480,480,False
1721088000000,1721116800000,64724.06000000,64993.95000000,62721.79000000,62895.01000000,14372.44948000,480,480,False
1721116800000,1721145600000,62895.01000000,64960.86000000,62373.24000000,64878.24000000,15210.83278000,480,480,False
1721145600000,1721174400000,64878.24000000,65388.97000000,64111.56000000,65043.99000000,12947.24689000,480,480,False
1721174400000,1721203200000,65044.00000000,66128.63000000,64932.31000000,65258.00000000,10264.80251000,480,480,False
1721203200000,1721232000000,65258.01000000,65500.00000000,64537.41000000,64724.01000000,10824.92651000,480,480,False
1721232000000,1721260800000,64724.01000000,64766.99000000,63854.00000000,64087.99000000,8477.80052000,480,480,False
1721260800000,1721289600000,64087.99000000,65133.30000000,63910.00000000,64668.00000000,7021.84853000,480,480,False
1721289600000,1721318400000,64668.00000000,65111.29000000,63400.00000000,63538.12000000,9362.31560000,480,480,False
1721318400000,1721347200000,63538.12000000,64122.43000000,63238.48000000,63987.92000000,6184.55837000,480,480,False
1721347200000,1721376000000,63987.92000000,64486.00000000,63300.67000000,63694.01000000,7184.12749000,480,480,False
1721376000000,1721404800000,63694.01000000,65888.00000000,63409.01000000,65836.77000000,13838.64226000,480,480,False
1721404800000,1721433600000,65836.76000000,67386.00000000,65827.62000000,66660.00000000,14611.95764000,480,480,False
1721433600000,1721462400000,66660.01000000,66822.22000000,66222.46000000,66562.28000000,4665.56303000,480,480,False
1721462400000,1721491200000,66562.27000000,66832.00000000,66273.62000000,66825.00000000,2919.29929000,480,480,False
1721491200000,1721520000000,66824.99000000,67598.00000000,66679.01000000,67139.96000000,6802.06202000,480,480,False
1721520000000,1721548800000,67139.97000000,67436.22000000,66592.10000000,66701.99000000,3431.05858000,480,480,False
1721548800000,1721577600000,66702.00000000,67499.99000000,66616.00000000,67164.00000000,4101.89309000,480,480,False
1721577600000,1721606400000,67164.00000000,68366.66000000,65777.00000000,68165.34000000,14286.16024000,480,480,False
1721606400000,1721635200000,68165.35000000,68474.55000000,67122.22000000,67236.00000000,5881.11142000,480,480,False
1721635200000,1721664000000,67236.01000000,67952.39000000,66559.97000000,67063.87000000,7959.04422000,480,480,False
1721664000000,1721692800000,67063.87000000,68256.00000000,66798.36000000,67532.01000000,7610.88739000,480,480,False
1721692800000,1721721600000,67532.00000000,67750.98000000,66256.39000000,66576.00000000,7780.94313000,480,480,False
1721721600000,1721750400000,66576.00000000,67349.03000000,65962.00000000,66584.01000000,13449.32351000,480,480,False
1721750400000,1721779200000,66584.01000000,66780.01000000,65441.08000000,65936.01000000,10175.88652000,480,480,False
1721779200000,1721808000000,65936.00000000,66146.01000000,65476.84000000,66078.00000000,4860.52429000,480,480,False
1721808000000,1721836800000,66078.00000000,67102.01000000,66008.00000000,66176.00000000,9189.97893000,480,480,False
1721836800000,1721865600000,66176.00000000,66709.55000000,65111.00000000,65376.00000000,9032.05955000,480,480,False
1721865600000,1721894400000,65376.01000000,65620.00000000,63800.00000000,64134.00000000,13352.77555000,480,480,False
1721894400000,1721923200000,64134.00000000,65005.00000000,63456.70000000,64790.88000000,11952.74237000,480,480,False
1721923200000,1721952000000,64790.89000000,66175.49000000,64388.46000000,65799.95000000,9820.91142000,480,480,False
1721952000000,1721980800000,65799.95000000,67480.00000000,65722.63000000,66890.56000000,9192.38576000,480,480,False
1721980800000,1722009600000,66890.56000000,68000.00000000,66890.56000000,67560.01000000,9242.27399000,480,480,False
1722009600000,1722038400000,67560.00000000,68200.00000000,67303.07000000,67907.99000000,5809.70048000,480,480,False
1722038400000,1722067200000,67908.00000000,68295.39000000,67630.00000000,68036.68000000,3461.81816000,480,480,False
1722067200000,1722096000000,68036.68000000,69399.99000000,67892.24000000,68844.00000000,8029.41799000,480,480,False
1722096000000,1722124800000,68844.00000000,69182.94000000,66650.00000000,67896.50000000,20218.98306000,480,480,False
1722124800000,1722153600000,67896.49000000,68285.43000000,67066.66000000,67560.86000000,4614.02751000,480,480,False
1722153600000,1722182400000,67560.86000000,68123.32000000,67220.00000000,67645.00000000,3539.77129000,480,480,False
1722182400000,1722211200000,67645.00000000,68318.43000000,67624.00000000,68249.88000000,2714.89514000,480,480,False
1722211200000,1722240000000,68249.88000000,69888.00000000,68168.00000000,69528.01000000,10119.77942000,480,480,False
1722240000000,1722268800000,69528.01000000,70079.99000000,67668.34000000,68104.00000000,14400.47546000,480,480,False
1722268800000,1722297600000,68103.99000000,68118.00000000,66428.00000000,66784.69000000,11947.04145000,480,480,False
1722297600000,1722326400000,66784.68000000,67000.00000000,65862.00000000,66952.00000000,8486.01214000,480,480,False
1722326400000,1722355200000,66952.00000000,66999.92000000,65555.00000000,66216.01000000,8413.45469000,480,480,False
1722355200000,1722384000000,66216.01000000,66550.01000000,65302.67000000,66188.00000000,6232.78758000,480,480,False
1722384000000,1722412800000,66188.00000000,66554.40000000,65496.00000000,66224.00000000,5102.03121000,480,480,False
1722412800000,1722441600000,66224.00000000,66849.24000000,65954.54000000,66379.99000000,6197.12633000,480,480,False
1722441600000,1722470400000,66379.99000000,66836.30000000,64530.00000000,64628.00000000,11326.28151000,480,480,False
1722470400000,1722499200000,64628.01000000,64841.29000000,63584.00000000,64328.59000000,9875.95518000,480,480,False
1722499200000,1722528000000,64328.60000000,64949.58000000,62666.07000000,62906.60000000,10661.59242000,480,480,False
1722528000000,1722556800000,62907.44000000,65659.78000000,62302.00000000,65354.02000000,15004.72094000,480,480,False
1722556800000,1722585600000,65354.02000000,65596.14000000,63668.00000000,64164.07000000,7986.23653000,480,480,False
1722585600000,1722614400000,64164.07000000,65524.01000000,62432.90000000,63416.01000000,17685.38957000,480,480,False
1722614400000,1722643200000,63416.00000000,63611.24000000,61230.01000000,61498.33000000,13148.80327000,480,480,False
1722643200000,1722672000000,61498.34000000,61981.43000000,60505.00000000,61662.01000000,9085.10969000,480,480,False
1722672000000,1722700800000,61662.02000000,62198.22000000,60833.33000000,60879.00000000,5677.61324000,480,480,False
1722700800000,1722729600000,60879.01000000,61288.00000000,59850.00000000,60697.99000000,13271.99274000,480,480,False
1722729600000,1722758400000,60697.99000000,61117.63000000,60260.00000000,60373.99000000,4474.99403000,480,480,False
1722758400000,1722787200000,60374.00000000,61097.55000000,58960.00000000,59086.01000000,9575.84078000,480,480,False
1722787200000,1722816000000,59086.01000000,59583.00000000,57122.77000000,58161.00000000,17565.68522000,480,480,False
1722816000000,1722844800000,58161.00000000,58305.59000000,49000.00000000,52674.19000000,79521.39300000,480,480,False
1722844800000,1722873600000,52674.20000000,54980.00000000,49542.83000000,54321.09000000,58983.96254000,480,480,False
1722873600000,1722902400000,54321.08000000,55600.00000000,52555.00000000,54018.81000000,23560.23632000,480,480,False
1722902400000,1722931200000,54018.82000000,56276.00000000,53950.00000000,55999.99000000,18237.23540000,480,480,False
1722931200000,1722960000000,55998.02000000,56605.55000000,54371.94000000,56405.99000000,23119.95540000,480,480,False
1722960000000,1722988800000,56405.99000000,57040.99000000,55800.00000000,56022.01000000,14527.58596000,480,480,False
1722988800000,1723017600000,56022.00000000,57287.99000000,55557.88000000,56920.91000000,12203.78798000,480,480,False
1723017600000,1723046400000,56920.91000000,57736.05000000,55650.00000000,56094.50000000,16607.01014000,480,480,False
1723046400000,1723075200000,56094.51000000,56300.00000000,54558.62000000,55134.16000000,15458.57872000,480,480,False
1723075200000,1723104000000,55133.76000000,57636.36000000,54730.00000000,57193.49000000,12318.70400000,480,480,False
1723104000000,1723132800000,57193.48000000,59505.00000000,56700.00000000,59428.03000000,18004.35210000,480,480,False
1723132800000,1723161600000,59428.03000000,62745.14000000,59237.59000000,61685.99000000,18026.47339000,480,480,False
1723161600000,1723190400000,61686.00000000,61744.37000000,60588.63000000,60863.57000000,9849.09926000,480,480,False
1723190400000,1723219200000,60863.58000000,61210.31000000,59535.00000000,59810.23000000,12994.82453000,480,480,False
1723219200000,1723248000000,59810.24000000,60986.03000000,59700.00000000,60837.99000000,8128.55638000,480,480,False
1723248000000,1723276800000,60837.99000000,61470.58000000,60242.00000000,60842.00000000,4018.56405000,480,480,False
1723276800000,1723305600000,60842.01000000,61116.65000000,60400.00000000,60515.89000000,3147.72227000,480,480,False
1723305600000,1723334400000,60515.90000000,61196.63000000,60400.00000000,60923.51000000,2828.91989000,480,480,False
1723334400000,1723363200000,60923.51000000,61382.73000000,60881.36000000,61257.00000000,2611.13428000,480,480,False
1723363200000,1723392000000,61257.00000000,61858.00000000,59941.00000000,60127.29000000,7542.51311000,480,480,False
1723392000000,1723420800000,60127.29000000,60350.00000000,58286.73000000,58712.59000000,9036.19773000,480,480,False
1723420800000,1723449600000,58712.59000000,59088.33000000,57642.21000000,58674.61000000,8597.22771000,480,480,False
1723449600000,1723478400000,58674.62000000,60711.09000000,57800.00000000,60207.37000000,18683.02478000,480,480,False
1723478400000,1723507200000,60207.38000000,60420.34000000,58440.54000000,59346.64000000,9729.66494000,480,480,False
1723507200000,1723536000000,59346.64000000,59923.28000000,58830.23000000,59238.05000000,6886.09698000,480,480,False
1723536000000,1723564800000,59238.05000000,59776.70000000,58392.88000000,59472.26000000,9062.02736000,480,480,False
1723564800000,1723593600000,59472.25000000,61578.10000000,59446.22000000,60587.15000000,11910.83417000,480,480,False
1723593600000,1723622400000,60587.16000000,61302.88000000,60425.01000000,60914.02000000,4191.87190000,480,480,False
1723622400000,1723651200000,60914.02000000,61800.00000000,58823.52000000,59435.69000000,16974.66925000,480,480,False
1723651200000,1723680000000,59435.69000000,59462.61000000,58433.18000000,58683.39000000,7256.22211000,480,480,False
1723680000000,1723708800000,58683.39000000,59044.44000000,57713.88000000,58060.37000000,9143.00961000,480,480,False
1723708800000,1723737600000,58060.36000000,59787.37000000,57964.85000000,59682.84000000,11068.71989000,480,480,False
1723737600000,1723766400000,59682.85000000,59849.38000000,56078.54000000,57541.06000000,17474.44672000,480,480,False
1723766400000,1723795200000,57541.05000000,58666.77000000,57098.62000000,58456.99000000,7390.98117000,480,480,False
1723795200000,1723824000000,58456.99000000,58915.18000000,57526.31000000,58071.06000000,10699.19313000,480,480,False
1723824000000,1723852800000,58071.07000000,59817.76000000,58000.00000000,58874.60000000,9520.66914000,480,480,False
1723852800000,1723881600000,58874.59000000,59389.18000000,58785.05000000,59248.00000000,2876.80267000,480,480,False
1723881600000,1723910400000,59248.00000000,59654.90000000,59060.00000000,59388.11000000,2817.87548000,480,480,False
1723910400000,1723939200000,59388.11000000,59700.00000000,59113.68000000,59491.99000000,2027.05116000,480,480,False
1723939200000,1723968000000,59491.99000000,60259.01000000,59256.56000000,59573.39000000,4372.04246000,480,480,False
1723968000000,1723996800000,59573.39000000,60284.99000000,59436.00000000,59863.99000000,4785.95547000,480,480,False
1723996800000,1724025600000,59863.99000000,59945.83000000,58408.92000000,58427.35000000,4476.85924000,480,480,False
1724025600000,1724054400000,58427.35000000,58763.83000000,58210.03000000,58502.19000000,7064.59150000,480,480,False
1724054400000,1724083200000,58502.19000000,58970.00000000,57787.30000000,58539.24000000,9372.37719000,480,480,False
1724083200000,1724112000000,58539.25000000,59617.63000000,58380.00000000,59438.50000000,6372.34382000,480,480,False
1724112000000,1724140800000,59438.50000000,61400.00000000,59363.31000000,60924.33000000,11668.28270000,480,480,False
1724140800000,1724169600000,60924.33000000,60975.00000000,58680.01000000,58825.53000000,13653.62220000,480,480,False
1724169600000,1724198400000,58825.53000000,59722.72000000,58548.23000000,59013.80000000,6155.54058000,480,480,False
1724198400000,1724227200000,59013.80000000,59739.52000000,58783.47000000,59712.00000000,4381.76787000,480,480,False
1724227200000,1724256000000,59711.99000000,60201.98000000,58850.00000000,59511.80000000,10939.44637000,480,480,False
1724256000000,1724284800000,59511.79000000,61820.93000000,59375.00000000,61156.03000000,12662.42796000,480,480,False
1724284800000,1724313600000,61156.03000000,61229.00000000,59724.87000000,60984.31000000,6786.41691000,480,480,False
1724313600000,1724342400000,60984.31000000,61400.00000000,60100.00000000,60407.40000000,9948.91694000,480,480,False
1724342400000,1724371200000,60407.39000000,60707.88000000,60131.00000000,60375.84000000,4505.87203000,480,480,False
1724371200000,1724400000000,60375.83000000,61367.74000000,60342.14000000,61069.27000000,5121.62548000,480,480,False
1724400000000,1724428800000,61069.26000000,62320.36000000,60691.11000000,61533.05000000,13940.43038000,480,480,False
1724428800000,1724457600000,61533.04000000,64955.00000000,61349.99000000,64037.24000000,19056.01503000,480,480,False
1724457600000,1724486400000,64037.24000000,64332.00000000,63626.58000000,64315.00000000,5934.60262000,480,480,False
1724486400000,1724515200000,64315.00000000,64494.50000000,63868.00000000,63976.00000000,4651.86240000,480,480,False
1724515200000,1724544000000,63976.00000000,64444.00000000,63531.00000000,64157.01000000,5270.69114000,480,480,False
1724544000000,1724572800000,64157.02000000,64507.04000000,63785.76000000,63868.26000000,4268.68870000,480,480,False
1724572800000,1724601600000,63868.27000000,64288.00000000,63773.27000000,64132.16000000,3562.89682000,480,480,False
1724601600000,1724630400000,64132.17000000,65000.00000000,64000.00000000,64220.00000000,4473.89425000,480,480,False
1724630400000,1724659200000,64219.99000000,64481.00000000,63420.00000000,63627.01000000,5250.08147000,480,480,False
1724659200000,1724688000000,63627.01000000,64039.20000000,63061.00000000,63532.53000000,7840.61742000,480,480,False
1724688000000,1724716800000,63532.54000000,63878.78000000,62800.00000000,62834.00000000,6379.35387000,480,480,False
1724716800000,1724745600000,62834.00000000,63212.00000000,62657.00000000,62902.31000000,6681.52451000,480,480,False
1724745600000,1724774400000,62902.32000000,63000.00000000,61473.03000000,61709.13000000,12447.73198000,480,480,False
1724774400000,1724803200000,61709.13000000,62196.75000000,58034.01000000,59415.00000000,16006.68529000,480,480,False
1724803200000,1724832000000,59415.00000000,59661.00000000,58516.00000000,58600.98000000,10166.50482000,480,480,False
1724832000000,1724860800000,58600.98000000,60234.98000000,58443.07000000,59000.00000000,14687.33191000,480,480,False
1724860800000,1724889600000,59000.00000000,59849.99000000,57860.00000000,59034.90000000,12014.70602000,480,480,False
1724889600000,1724918400000,59034.90000000,59764.00000000,58878.46000000,59583.88000000,5065.76139000,480,480,False
1724918400000,1724947200000,59583.88000000,61166.99000000,59374.00000000,60779.99000000,11738.25834000,480,480,False
1724947200000,1724976000000,60779.99000000,60960.00000000,58713.09000000,59359.01000000,10216.88770000,480,480,False
1724976000000,1725004800000,59359.00000000,59582.86000000,58685.00000000,59271.10000000,6888.00535000,480,480,False
1725004800000,1725033600000,59271.11000000,59944.07000000,57946.01000000,58094.99000000,13542.57235000,480,480,False
1725033600000,1725062400000,58095.00000000,59371.00000000,57701.10000000,59123.99000000,8088.74425000,480,480,False
1725062400000,1725091200000,59123.99000000,59462.38000000,59043.12000000,59095.00000000,2878.47553000,480,480,False
1725091200000,1725120000000,59095.01000000,59244.04000000,58831.88000000,59006.54000000,3179.07389000,480,480,False
1725120000000,1725148800000,59006.54000000,59141.72000000,58744.00000000,58973.99000000,2740.85958000,480,480,False
1725148800000,1725177600000,58974.00000000,59076.59000000,57777.00000000,58478.64000000,5680.16396000,480,480,False
1725177600000,1725206400000,58478.64000000,58504.81000000,57201.00000000,58217.00000000,8431.99366000,480,480,False
1725206400000,1725235200000,58217.00000000,58788.93000000,57205.00000000,57301.86000000,6592.99979000,480,480,False
1725235200000,1725264000000,57301.77000000,57987.99000000,57128.00000000,57547.99000000,7221.48592000,480,480,False
1725264000000,1725292800000,57548.00000000,58808.00000000,57520.12000000,58537.99000000,9096.22036000,480,480,False
1725292800000,1725321600000,58537.99000000,59425.69000000,58293.12000000,59132.13000000,6577.30833000,480,480,False
1725321600000,1725350400000,59132.12000000,59809.65000000,58872.00000000,59112.00000000,5975.28855000,480,480,False
1725350400000,1725379200000,59112.01000000,59350.00000000,57568.00000000,57725.00000000,10624.12111000,480,480,False
1725379200000,1725408000000,57725.01000000,58251.09000000,57415.00000000,57487.73000000,6228.77481000,480,480,False
1725408000000,1725436800000,57487.74000000,57943.53000000,55606.00000000,56746.00000000,15578.64991000,480,480,False
1725436800000,1725465600000,56746.00000000,58181.43000000,56187.61000000,58134.00000000,12916.79477000,480,480,False
1725465600000,1725494400000,58134.00000000,58519.00000000,57646.00000000,57970.90000000,7065.37678000,480,480,False
1725494400000,1725523200000,57970.90000000,58327.07000000,56541.68000000,57155.10000000,8055.59411000,480,480,False
1725523200000,1725552000000,57155.10000000,57350.00000000,55817.51000000,55976.01000000,13025.06757000,480,480,False
1725552000000,1725580800000,55976.01000000,56710.00000000,55643.65000000,56180.00000000,6726.25245000,480,480,False
1725580800000,1725609600000,56180.00000000,56858.88000000,55280.00000000,55804.29000000,9033.00596000,480,480,False
1725609600000,1725638400000,55804.28000000,57008.00000000,53808.00000000,54045.01000000,25253.22479000,480,480,False
1725638400000,1725667200000,54045.00000000,54435.00000000,52550.00000000,53962.97000000,20161.53751000,480,480,False
1725667200000,1725696000000,53962.97000000,54405.37000000,53745.54000000,54286.00000000,6494.01731000,480,480,False
1725696000000,1725724800000,54286.00000000,54829.00000000,54168.23000000,54780.00000000,4800.74049000,480,480,False
1725724800000,1725753600000,54780.00000000,54850.00000000,53814.01000000,54160.86000000,5399.28994000,480,480,False
1725753600000,1725782400000,54160.86000000,54575.00000000,53964.00000000,54436.25000000,3701.73378000,480,480,False
1725782400000,1725811200000,54436.25000000,54722.85000000,53640.00000000,53687.00000000,5266.14771000,480,480,False
1725811200000,1725840000000,53686.99000000,55318.00000000,53629.01000000,54869.95000000,7306.26630000,480,480,False
1725840000000,1725868800000,54869.95000000,55370.23000000,54591.96000000,54974.01000000,7990.75323000,480,480,False
1725868800000,1725897600000,54974.01000000,55799.00000000,54804.00000000,55386.00000000,9971.65859000,480,480,False
1725897600000,1725926400000,55385.99000000,58088.00000000,55348.54000000,57042.00000000,14422.10555000,480,480,False
1725926400000,1725955200000,57042.01000000,57290.00000000,56386.40000000,57218.57000000,6559.25121000,480,480,False
1725955200000,1725984000000,57218.56000000,57468.98000000,56502.31000000,56596.00000000,9660.76971000,480,480,False
1725984000000,1726012800000,56596.01000000,58044.36000000,56566.00000000,57635.99000000,7406.76034000,480,480,False
1726012800000,1726041600000,57635.99000000,57750.00000000,56100.00000000,56712.00000000,8996.22594000,480,480,False
1726041600000,1726070400000,56712.01000000,57166.66000000,55545.19000000,56701.23000000,15120.07421000,480,480,False
1726070400000,1726099200000,56701.22000000,57981.71000000,56646.00000000,57338.00000000,8910.26742000,480,480,False
1726099200000,1726128000000,57338.00000000,58470.01000000,57324.00000000,58138.16000000,8730.27918000,480,480,False
1726128000000,1726156800000,58138.15000000,58588.00000000,57345.23000000,57512.03000000,12551.03001000,480,480,False
1726156800000,1726185600000,57512.03000000,58450.99000000,57494.01000000,58132.32000000,9793.09712000,480,480,False
1726185600000,1726214400000,58132.31000000,58290.40000000,57742.00000000,58109.31000000,4392.80703000,480,480,False
1726214400000,1726243200000,58109.31000000,59723.97000000,57632.62000000,59667.38000000,12873.00204000,480,480,False
1726243200000,1726272000000,59666.01000000,60625.00000000,59312.01000000,60498.00000000,12559.42426000,480,480,False
1726272000000,1726300800000,60497.99000000,60610.45000000,59900.00000000,60138.14000000,4796.27968000,480,480,False
1726300800000,1726329600000,60138.14000000,60156.00000000,59605.98000000,59876.00000000,3908.19131000,480,480,False
1726329600000,1726358400000,59875.99000000,60134.13000000,59400.00000000,59993.03000000,3433.43802000,480,480,False
1726358400000,1726387200000,59993.02000000,60280.06000000,59986.01000000,60196.00000000,2257.72209000,480,480,False
1726387200000,1726416000000,60195.99000000,60395.80000000,59871.00000000,60335.41000000,3276.35777000,480,480,False
1726416000000,1726444800000,60335.41000000,60352.65000000,58691.05000000,59132.00000000,8223.84375000,480,480,False
1726444800000,1726473600000,59132.00000000,59210.70000000,58112.00000000,58911.10000000,8804.28871000,480,480,False
1726473600000,1726502400000,58911.10000000,59179.35000000,57553.38000000,57881.69000000,10220.63659000,480,480,False
1726502400000,1726531200000,57881.70000000,58410.00000000,57493.30000000,58213.99000000,7452.63890000,480,480,False
1726531200000,1726560000000,58213.99000000,58779.08000000,57610.01000000,58695.39000000,4801.39486000,480,480,False
1726560000000,1726588800000,58695.39000000,61320.00000000,58636.36000000,61135.50000000,17921.56129000,480,480,False
1726588800000,1726617600000,61135.49000000,61261.00000000,59618.26000000,60313.99000000,10393.30263000,480,480,False
1726617600000,1726646400000,60313.99000000,60769.00000000,59854.60000000,60428.01000000,5825.16214000,480,480,False
1726646400000,1726675200000,60428.01000000,60428.01000000,59308.61000000,59429.18000000,9646.04043000,480,480,False
1726675200000,1726704000000,59429.19000000,61786.24000000,59174.80000000,61759.99000000,20615.82212000,480,480,False
1726704000000,1726732800000,61759.98000000,62589.52000000,61555.00000000,62093.99000000,11704.54072000,480,480,False
1726732800000,1726761600000,62094.00000000,63500.84000000,61888.18000000,63154.04000000,13852.20394000,480,480,False
1726761600000,1726790400000,63154.03000000,63850.00000000,62650.00000000,62947.99000000,8775.78142000,480,480,False
1726790400000,1726819200000,62948.00000000,64133.32000000,62606.00000000,63524.80000000,10260.16996000,480,480,False
1726819200000,1726848000000,63524.81000000,63700.00000000,62553.90000000,63153.99000000,10333.67940000,480,480,False
1726848000000,1726876800000,63153.99000000,63300.00000000,62350.00000000,63201.05000000,4872.52858000,480,480,False
1726876800000,1726905600000,63201.05000000,63310.37000000,62758.00000000,63091.02000000,2850.97308000,480,480,False
1726905600000,1726934400000,63091.02000000,63306.00000000,62966.01000000,63167.98000000,2638.39724000,480,480,False
1726934400000,1726963200000,63167.98000000,63559.90000000,63058.00000000,63348.96000000,2885.97576000,480,480,False
1726963200000,1726992000000,63348.97000000,63450.00000000,62830.01000000,62936.00000000,2831.66008000,480,480,False
1726992000000,1727020800000,62936.00000000,63034.99000000,62429.16000000,62652.12000000,4112.28097000,480,480,False
1727020800000,1727049600000,62652.12000000,64000.00000000,62357.93000000,63578.76000000,7298.25787000,480,480,False
1727049600000,1727078400000,63578.76000000,64745.88000000,62538.75000000,63548.82000000,10584.00863000,480,480,False
1727078400000,1727107200000,63548.83000000,63806.00000000,63059.93000000,63618.00000000,8610.38106000,480,480,False
1727107200000,1727136000000,63617.99000000,63825.96000000,63088.69000000,63339.99000000,4883.66318000,480,480,False
1727136000000,1727164800000,63339.99000000,63569.99000000,62700.00000000,63559.92000000,6657.50709000,480,480,False
1727164800000,1727193600000,63559.93000000,63948.00000000,62731.10000000,63159.99000000,8685.13822000,480,480,False
1727193600000,1727222400000,63159.99000000,64688.00000000,63088.02000000,64262.70000000,7842.40228000,480,480,False
1727222400000,1727251200000,64262.70000000,64817.99000000,63645.49000000,63843.33000000,5807.37258000,480,480,False
1727251200000,1727280000000,63843.34000000,63999.00000000,63283.37000000,63495.66000000,6355.05313000,480,480,False
1727280000000,1727308800000,63495.66000000,63670.00000000,62947.08000000,63152.01000000,5650.68597000,480,480,False
1727308800000,1727337600000,63152.01000000,63874.41000000,62670.00000000,63852.07000000,5161.49486000,480,480,False
1727337600000,1727366400000,63852.07000000,65550.00000000,63595.67000000,65229.03000000,15238.11442000,480,480,False
1727366400000,1727395200000,65229.03000000,65839.00000000,64633.52000000,65173.99000000,7973.69665000,480,480,False
1727395200000,1727424000000,65173.99000000,65550.00000000,64819.90000000,65460.02000000,5967.18706000,480,480,False
1727424000000,1727452800000,65460.02000000,66498.00000000,65314.31000000,66006.01000000,11139.13619000,480,480,False
1727452800000,1727481600000,66006.01000000,66360.00000000,65524.00000000,65769.95000000,4942.48162000,480,480,False
1727481600000,1727510400000,65769.95000000,66260.00000000,65720.00000000,65824.01000000,2929.03201000,480,480,False
1727510400000,1727539200000,65824.01000000,65824.01000000,65422.23000000,65619.13000000,3272.31726000,480,480,False
1727539200000,1727568000000,65619.14000000,65982.16000000,65432.00000000,65858.00000000,2925.88389000,480,480,False
1727568000000,1727596800000,65858.00000000,65984.00000000,65432.00000000,65477.01000000,2459.94410000,480,480,False
1727596800000,1727625600000,65477.01000000,65850.00000000,65433.00000000,65751.34000000,2966.14354000,480,480,False
1727625600000,1727654400000,65751.34000000,66076.12000000,65528.00000000,65602.01000000,2911.65347000,480,480,False
1727654400000,1727683200000,65602.01000000,65618.80000000,64190.00000000,64562.01000000,9258.00862000,480,480,False
1727683200000,1727712000000,64562.01000000,64576.01000000,63249.68000000,63561.41000000,12132.72480000,480,480,False
1727712000000,1727740800000,63561.42000000,63860.00000000,62856.30000000,63327.59000000,8620.35410000,480,480,False
1727740800000,1727769600000,63327.60000000,64130.63000000,63006.70000000,64045.92000000,7394.74553000,480,480,False
1727769600000,1727798400000,64045.92000000,64118.00000000,61814.01000000,62628.85000000,15860.20574000,480,480,False
1727798400000,1727827200000,62628.85000000,62778.73000000,60164.00000000,60805.78000000,20416.52981000,480,480,False
1727827200000,1727856000000,60804.92000000,61940.00000000,60733.81000000,61727.40000000,7113.24493000,480,480,False
1727856000000,1727884800000,61727.39000000,61926.90000000,60524.21000000,61874.01000000,11392.87261000,480,480,False
1727884800000,1727913600000,61874.01000000,62390.31000000,60000.00000000,60649.28000000,13028.58364000,480,480,False
1727913600000,1727942400000,60649.27000000,61477.19000000,60536.00000000,60926.00000000,7008.50922000,480,480,False
1727942400000,1727971200000,60926.00000000,61070.47000000,59828.11000000,60641.50000000,12979.14592000,480,480,False
1727971200000,1728000000000,60641.50000000,61100.00000000,59917.02000000,60752.71000000,6233.77958000,480,480,False
1728000000000,1728028800000,60752.72000000,61544.98000000,60459.90000000,61443.64000000,4827.60169000,480,480,False
1728028800000,1728057600000,61443.64000000,62004.48000000,60753.97000000,61873.04000000,10844.65051000,480,480,False
1728057600000,1728086400000,61873.05000000,62484.85000000,61644.01000000,62086.00000000,5622.40774000,480,480,False
1728086400000,1728115200000,62086.00000000,62268.28000000,61689.26000000,62076.19000000,2543.41255000,480,480,False
1728115200000,1728144000000,62076.20000000,62370.56000000,62076.19000000,62167.66000000,2840.49680000,480,480,False
1728144000000,1728172800000,62167.65000000,62180.00000000,61700.00000000,62058.00000000,2423.55206000,480,480,False
1728172800000,1728201600000,62058.01000000,62150.00000000,61798.97000000,61949.01000000,1789.71173000,480,480,False
1728201600000,1728230400000,61949.01000000,62777.00000000,61922.00000000,62720.01000000,3999.78780000,480,480,False
1728230400000,1728259200000,62720.01000000,62975.00000000,62302.00000000,62819.91000000,3117.36224000,480,480,False
1728259200000,1728288000000,62819.91000000,63970.19000000,62657.44000000,63531.99000000,6571.04179000,480,480,False
1728288000000,1728316800000,63532.00000000,64478.19000000,62649.95000000,63651.60000000,12059.70419000,480,480,False
1728316800000,1728345600000,63651.59000000,63906.57000000,62128.00000000,62224.00000000,7335.43922000,480,480,False
1728345600000,1728374400000,62224.01000000,62820.00000000,62005.00000000,62319.99000000,5348.06031000,480,480,False
1728374400000,1728403200000,62319.99000000,63200.00000000,61864.89000000,62288.01000000,9218.17759000,480,480,False
1728403200000,1728432000000,62288.01000000,62598.00000000,61860.31000000,62160.49000000,5135.98581000,480,480,False
1728432000000,1728460800000,62160.50000000,62543.75000000,62002.50000000,62276.78000000,4260.50268000,480,480,False
1728460800000,1728489600000,62276.79000000,62412.09000000,61634.61000000,62316.00000000,6948.02925000,480,480,False
1728489600000,1728518400000,62316.00000000,62350.00000000,60301.00000000,60636.02000000,8802.62491000,480,480,False
1728518400000,1728547200000,60636.01000000,61149.58000000,60355.00000000,60900.00000000,4354.95170000,480,480,False
1728547200000,1728576000000,60900.01000000,61321.68000000,60444.99000000,60789.36000000,7787.58351000,480,480,False
1728576000000,1728604800000,60789.36000000,61030.31000000,58946.00000000,60326.39000000,11825.38960000,480,480,False
1728604800000,1728633600000,60326.40000000,60925.16000000,60087.64000000,60674.69000000,4449.24145000,480,480,False
1728633600000,1728662400000,60674.68000000,62450.00000000,60650.44000000,62259.05000000,9662.86172000,480,480,False
1728662400000,1728691200000,62259.04000000,63417.56000000,62123.00000000,62540.00000000,9529.24892000,480,480,False
1728691200000,1728720000000,62539.99000000,63073.78000000,62487.23000000,62767.57000000,3709.61465000,480,480,False
1728720000000,1728748800000,62767.57000000,63480.00000000,62672.34000000,63157.49000000,4689.63700000,480,480,False
1728748800000,1728777600000,63157.50000000,63400.00000000,62911.00000000,63206.22000000,2512.04951000,480,480,False
1728777600000,1728806400000,63206.23000000,63285.72000000,62654.91000000,62843.48000000,2955.80233000,480,480,False
1728806400000,1728835200000,62843.48000000,62962.00000000,62050.00000000,62229.31000000,4954.55042000,480,480,False
1728835200000,1728864000000,62229.32000000,63125.00000000,62177.67000000,62870.02000000,3998.86720000,480,480,False
1728864000000,1728892800000,62870.02000000,64686.00000000,62457.81000000,64620.87000000,11742.90352000,480,480,False
1728892800000,1728921600000,64620.87000000,66299.93000000,64340.98000000,65870.00000000,16504.79680000,480,480,False
1728921600000,1728950400000,65870.00000000,66500.00000000,65459.00000000,66083.99000000,9422.25190000,480,480,False
1728950400000,1728979200000,66084.00000000,66330.00000000,65201.00000000,65638.74000000,6894.19552000,480,480,False
1728979200000,1729008000000,65638.74000000,67950.00000000,64800.01000000,66022.00000000,24365.97193000,480,480,False
1729008000000,1729036800000,66022.01000000,67390.89000000,65982.55000000,67074.14000000,12423.78678000,480,480,False
1729036800000,1729065600000,67074.14000000,67561.04000000,66750.49000000,66972.53000000,6578.81843000,480,480,False
1729065600000,1729094400000,66972.53000000,68424.00000000,66917.52000000,67749.99000000,18013.31556000,480,480,False
1729094400000,1729123200000,67750.00000000,68100.00000000,67482.00000000,67620.01000000,5346.12145000,480,480,False
1729123200000,1729152000000,67620.00000000,67939.40000000,67087.35000000,67303.18000000,6056.68620000,480,480,False
1729152000000,1729180800000,67303.18000000,67680.00000000,66666.00000000,67590.66000000,11484.72102000,480,480,False
1729180800000,1729209600000,67590.67000000,67590.67000000,66720.00000000,67421.78000000,7786.82139000,480,480,False
1729209600000,1729238400000,67421.78000000,68378.95000000,67192.36000000,67969.70000000,9251.71750000,480,480,False
1729238400000,1729267200000,67969.69000000,68870.68000000,67642.71000000,68735.35000000,12586.39382000,480,480,False
1729267200000,1729296000000,68735.34000000,69000.00000000,68204.10000000,68428.00000000,6887.52368000,480,480,False
1729296000000,1729324800000,68427.99000000,68693.26000000,68302.31000000,68346.54000000,2490.40942000,480,480,False
1729324800000,1729353600000,68346.54000000,68475.70000000,68088.00000000,68226.93000000,3002.27167000,480,480,False
1729353600000,1729382400000,68226.94000000,68413.96000000,68010.00000000,68378.00000000,2700.98628000,480,480,False
1729382400000,1729411200000,68377.99000000,68446.00000000,68100.00000000,68378.00000000,2495.76329000,480,480,False
1729411200000,1729440000000,68378.01000000,68772.70000000,68198.22000000,68625.99000000,4155.42405000,480,480,False
1729440000000,1729468800000,68625.99000000,69400.00000000,68422.00000000,69031.99000000,5791.28644000,480,480,False
1729468800000,1729497600000,69032.00000000,69519.52000000,68488.33000000,68514.00000000,6682.39217000,480,480,False
1729497600000,1729526400000,68513.99000000,68661.00000000,66840.67000000,67341.02000000,17058.87488000,480,480,False
1729526400000,1729555200000,67341.02000000,67941.17000000,66894.00000000,67377.50000000,7633.15479000,480,480,False
1729555200000,1729584000000,67377.50000000,67800.00000000,66571.42000000,67402.00000000,7112.92365000,480,480,False
1729584000000,1729612800000,67402.00000000,67693.34000000,66644.18000000,67282.27000000,12186.51514000,480,480,False
1729612800000,1729641600000,67282.27000000,67836.01000000,66920.00000000,67426.00000000,5299.52389000,480,480,False
1729641600000,1729670400000,67426.01000000,67472.83000000,66800.00000000,66852.34000000,4397.09447000,480,480,False
1729670400000,1729699200000,66852.33000000,67048.00000000,65923.01000000,66223.44000000,11233.61954000,480,480,False
1729699200000,1729728000000,66223.45000000,66807.37000000,65260.00000000,66668.65000000,9899.52669000,480,480,False
1729728000000,1729756800000,66668.65000000,67612.12000000,66510.00000000,67123.08000000,6237.37914000,480,480,False
1729756800000,1729785600000,67123.09000000,67998.00000000,66700.00000000,67701.22000000,9184.26683000,480,480,False
1729785600000,1729814400000,67701.21000000,68850.00000000,67350.01000000,68198.28000000,7168.19280000,480,480,False
1729814400000,1729843200000,68198.27000000,68286.56000000,67250.00000000,67531.97000000,5342.71600000,480,480,False
1729843200000,1729872000000,67531.96000000,68771.49000000,67286.28000000,67690.01000000,9496.39617000,480,480,False
1729872000000,1729900800000,67690.01000000,67890.52000000,65596.29000000,66698.33000000,19640.59908000,480,480,False
1729900800000,1729929600000,66698.32000000,67240.02000000,66439.90000000,67007.99000000,5313.87064000,480,480,False
1729929600000,1729958400000,67007.99000000,67264.34000000,66744.00000000,66886.49000000,4102.65744000,480,480,False
1729958400000,1729987200000,66886.49000000,67454.55000000,66788.00000000,67092.76000000,2426.37962000,480,480,False
1729987200000,1730016000000,67092.76000000,67325.46000000,66913.73000000,67204.01000000,1654.99551000,480,480,False
1730016000000,1730044800000,67204.00000000,67858.00000000,67036.85000000,67791.99000000,3150.91949000,480,480,False
1730044800000,1730073600000,67792.00000000,68332.05000000,67540.88000000,68021.70000000,3847.28092000,480,480,False
1730073600000,1730102400000,68021.69000000,68680.00000000,67618.00000000,68415.52000000,4976.95376000,480,480,False
1730102400000,1730131200000,68415.52000000,69280.00000000,68238.81000000,68494.20000000,10288.38163000,480,480,False
1730131200000,1730160000000,68494.20000000,70270.00000000,68452.54000000,69962.21000000,13781.41920000,480,480,False
1730160000000,1730188800000,69962.21000000,71587.88000000,69760.00000000,71017.97000000,14651.41292000,480,480,False
1730188800000,1730217600000,71017.96000000,72429.99000000,70929.00000000,72402.01000000,15843.83357000,480,480,False
1730217600000,1730246400000,72402.00000000,73620.12000000,71864.65000000,72736.42000000,19633.35945000,480,480,False
1730246400000,1730275200000,72736.41000000,72785.72000000,72000.01000000,72227.99000000,6619.62989000,480,480,False
1730275200000,1730304000000,72227.99000000,72604.97000000,71436.00000000,72061.34000000,11036.04718000,480,480,False
1730304000000,1730332800000,72061.34000000,72961.00000000,71641.77000000,72344.74000000,9230.31349000,480,480,False
1730332800000,1730361600000,72344.75000000,72599.99000000,72030.08000000,72417.19000000,5256.38209000,480,480,False
1730361600000,1730390400000,72417.19000000,72700.00000000,70431.77000000,70620.00000000,13520.57457000,480,480,False
1730390400000,1730419200000,70620.01000000,70949.51000000,69685.76000000,70292.01000000,10575.14631000,480,480,False
1730419200000,1730448000000,70292.01000000,70470.00000000,68830.00000000,69273.70000000,10576.21597000,480,480,False
1730448000000,1730476800000,69273.70000000,71632.95000000,69044.00000000,69387.77000000,16841.88018000,480,480,False
1730476800000,1730505600000,69387.78000000,70515.16000000,68820.14000000,69496.01000000,10883.77140000,480,480,False
1730505600000,1730534400000,69496.00000000,69914.37000000,69446.00000000,69813.91000000,3187.12709000,480,480,False
1730534400000,1730563200000,69813.91000000,69838.62000000,69000.14000000,69393.17000000,4644.73134000,480,480,False
1730563200000,1730592000000,69393.18000000,69616.00000000,69149.00000000,69374.74000000,2689.81400000,480,480,False
1730592000000,1730620800000,69374.74000000,69391.00000000,67864.16000000,68397.42000000,7808.05110000,480,480,False
1730620800000,1730649600000,68397.42000000,68603.58000000,67478.73000000,68090.90000000,8503.58323000,480,480,False
1730649600000,1730678400000,68090.91000000,69358.00000000,67667.21000000,68775.99000000,8684.06810000,480,480,False
1730678400000,1730707200000,68775.99000000,69500.00000000,68240.61000000,68618.00000000,6285.07699000,480,480,False
1730707200000,1730736000000,68618.00000000,69264.52000000,68202.99000000,68646.01000000,9564.57973000,480,480,False
1730736000000,1730764800000,68646.01000000,68814.32000000,66835.00000000,67850.01000000,13950.73515000,480,480,False
1730764800000,1730793600000,67850.01000000,68976.00000000,67476.63000000,68893.99000000,7158.98800000,480,480,False
1730793600000,1730822400000,68894.00000000,70325.06000000,68615.11000000,69639.99000000,12378.96709000,480,480,False
1730822400000,1730851200000,69640.00000000,70577.91000000,68732.77000000,69372.01000000,13817.11379000,480,480,False
1730851200000,1730880000000,69372.01000000,75407.10000000,69298.00000000,73370.89000000,55496.09495800,480,480,False
1730880000000,1730908800000,73370.89000000,74757.58000000,72656.31000000,74298.00000000,27970.43786000,480,480,False
1730908800000,1730937600000,74297.99000000,76400.00000000,74150.00000000,75571.99000000,20660.46196900,480,480,False
1730937600000,1730966400000,75571.99000000,76022.79000000,74416.00000000,74757.58000000,12605.36722000,480,480,False
1730966400000,1730995200000,74757.58000000,76059.69000000,74512.19000000,76059.69000000,11366.37463000,480,480,False
1730995200000,1731024000000,76059.68000000,76849.99000000,75494.00000000,75857.89000000,20897.68049500,480,480,False
1731024000000,1731052800000,75857.89000000,76358.00000000,75555.00000000,76148.49000000,9417.93871000,480,480,False
1731052800000,1731081600000,76148.49000000,76584.60000000,75630.76000000,76427.72000000,12582.61069000,480,480,False
1731081600000,1731110400000,76427.72000000,77199.99000000,75822.07000000,76509.78000000,14520.55018300,480,480,False
1731110400000,1731139200000,76509.78000000,76795.69000000,76136.00000000,76529.08000000,5323.18028000,480,480,False
1731139200000,1731168000000,76529.07000000,76735.59000000,76272.72000000,76319.90000000,4532.98521000,480,480,False
1731168000000,1731196800000,76319.91000000,76900.00000000,75714.66000000,76677.46000000,7085.91366000,480,480,False
1731196800000,1731225600000,76677.46000000,79788.96000000,76492.00000000,78832.37000000,21799.19046700,480,480,False
1731225600000,1731254400000,78832.36000000,80080.00000000,78832.36000000,79694.03000000,16376.19090200,480,480,False
1731254400000,1731283200000,79694.03000000,81500.00000000,78473.13000000,80370.01000000,23654.71906600,480,480,False
1731283200000,1731312000000,80370.01000000,81846.71000000,80216.01000000,81109.10000000,13885.64998200,480,480,False
1731312000000,1731340800000,81109.11000000,84263.51000000,81023.29000000,84059.54000000,25604.68763700,480,480,False
1731340800000,1731369600000,84059.53000000,89530.54000000,83831.84000000,88647.99000000,42833.32815700,480,480,False
1731369600000,1731398400000,88648.00000000,89940.00000000,86561.35000000,88983.35000000,32860.35807100,480,480,False
1731398400000,1731427200000,88983.35000000,89372.00000000,85072.00000000,86632.00000000,40635.88458000,480,480,False
1731427200000,1731456000000,86632.00000000,89876.94000000,85730.35000000,87952.01000000,23803.64526000,480,480,False
1731456000000,1731484800000,87952.00000000,88562.94000000,86127.99000000,87356.00000000,19553.15052000,480,480,False
1731484800000,1731513600000,87356.01000000,92690.00000000,87082.42000000,92540.01000000,31127.24505300,480,480,False
1731513600000,1731542400000,92540.00000000,93265.64000000,87970.98000000,90375.20000000,36083.45855400,480,480,False
1731542400000,1731571200000,90375.21000000,90850.00000000,89104.54000000,90769.42000000,13551.45712000,480,480,False
1731571200000,1731600000000,90769.42000000,91790.00000000,87829.57000000,87947.99000000,23250.04912000,480,480,False
1731600000000,1731628800000,87947.99000000,89775.24000000,86668.21000000,87325.59000000,19928.00462000,480,480,False
1731628800000,1731657600000,87325.59000000,88473.70000000,87073.38000000,87612.00000000,12916.49795000,480,480,False
1731657600000,1731686400000,87612.01000000,90709.74000000,87368.00000000,88445.41000000,18544.28409000,480,480,False
1731686400000,1731715200000,88445.40000000,91850.00000000,88386.99000000,91032.07000000,16467.16864000,480,480,False
1731715200000,1731744000000,91032.08000000,91779.66000000,90850.00000000,91117.53000000,7278.22904000,480,480,False
1731744000000,1731772800000,91117.52000000,91598.13000000,90056.17000000,90521.20000000,9394.89950000,480,480,False
1731772800000,1731801600000,90521.20000000,91396.03000000,90186.64000000,90586.92000000,6044.74835000,480,480,False
1731801600000,1731830400000,90587.98000000,90888.00000000,89364.00000000,90550.80000000,7924.83961000,480,480,False
1731830400000,1731859200000,90550.80000000,91449.99000000,89925.91000000,90260.01000000,8095.90933000,480,480,False
1731859200000,1731888000000,90260.01000000,90640.18000000,88722.00000000,89855.99000000,7846.80715000,480,480,False
1731888000000,1731916800000,89855.98000000,92300.00000000,89617.96000000,91719.90000000,9630.89737000,480,480,False
1731916800000,1731945600000,91719.90000000,92594.00000000,89376.90000000,92309.51000000,19362.56962000,480,480,False
1731945600000,1731974400000,92309.51000000,92584.95000000,89667.66000000,90464.08000000,17551.56749000,480,480,False
1731974400000,1732003200000,90464.07000000,92000.00000000,90357.00000000,91620.01000000,7469.07081000,480,480,False
1732003200000,1732032000000,91620.00000000,92788.00000000,90975.80000000,92391.99000000,17554.57487000,480,480,False
1732032000000,1732060800000,92391.99000000,93905.51000000,91320.00000000,92310.79000000,18636.40114000,480,480,False
1732060800000,1732089600000,92310.80000000,92851.09000000,91500.00000000,92850.38000000,7573.40254000,480,480,False
1732089600000,1732118400000,92850.38000000,94807.62000000,92720.00000000,94739.97000000,18919.29331200,480,480,False
1732118400000,1732147200000,94739.98000000,94831.97000000,93138.00000000,94286.56000000,15710.50286000,480,480,False
1732147200000,1732176000000,94286.56000000,97852.00000000,94040.00000000,96912.01000000,22559.24132400,480,480,False
1732176000000,1732204800000,96912.01000000,98384.86000000,95600.00000000,96672.00000000,26899.02001000,480,480,False
1732204800000,1732233600000,96672.00000000,98988.00000000,96276.69000000,98317.12000000,19770.09914300,480,480,False
1732233600000,1732262400000,98317.12000000,99419.99000000,97840.00000000,99173.70000000,14165.34050300,480,480,False
1732262400000,1732291200000,99173.70000000,99267.19000000,97122.11000000,98664.00000000,17554.68354000,480,480,False
1732291200000,1732320000000,98663.99000000,99588.01000000,98220.00000000,98892.00000000,14469.28520000,480,480,False
1732320000000,1732348800000,98892.00000000,98908.85000000,98284.61000000,98560.85000000,7278.69468000,480,480,False
1732348800000,1732377600000,98560.84000000,98847.68000000,98300.00000000,98400.00000000,7315.44087000,480,480,False
1732377600000,1732406400000,98400.01000000,98459.56000000,97136.00000000,97672.40000000,10163.70812000,480,480,False
1732406400000,1732435200000,97672.40000000,98564.00000000,97620.74000000,98431.05000000,7572.93153000,480,480,False
1732435200000,1732464000000,98431.05000000,98472.98000000,95900.01000000,95901.51000000,12989.24093000,480,480,False
1732464000000,1732492800000,95901.52000000,98369.46000000,95734.77000000,97900.04000000,10638.80592000,480,480,False
1732492800000,1732521600000,97900.05000000,98376.99000000,96888.00000000,98047.34000000,9068.97901000,480,480,False
1732521600000,1732550400000,98047.34000000,98871.80000000,94525.00000000,96000.56000000,19541.21960000,480,480,False
1732550400000,1732579200000,96000.57000000,96500.00000000,92600.19000000,93010.01000000,22237.25235000,480,480,False
1732579200000,1732608000000,93010.01000000,94973.37000000,92727.90000000,93785.71000000,10967.68627000,480,480,False
1732608000000,1732636800000,93785.72000000,93785.72000000,91466.52000000,92813.00000000,26772.06603000,480,480,False
1732636800000,1732665600000,92812.99000000,94685.60000000,90791.10000000,91965.16000000,20118.97908000,480,480,False
1732665600000,1732694400000,91965.16000000,93648.00000000,91792.14000000,93597.16000000,10395.85230000,480,480,False
1732694400000,1732723200000,93597.16000000,95850.00000000,92847.84000000,95556.01000000,13862.61082000,480,480,False
1732723200000,1732752000000,95556.00000000,97208.21000000,95184.79000000,95863.11000000,16894.96422000,480,480,False
1732752000000,1732780800000,95863.11000000,96564.00000000,94822.54000000,95299.66000000,11290.70169000,480,480,False
1732780800000,1732809600000,95299.66000000,96221.80000000,94640.00000000,95007.14000000,10300.31392000,480,480,False
1732809600000,1732838400000,95007.15000000,96023.48000000,94698.00000000,95643.98000000,7223.52796000,480,480,False
1732838400000,1732867200000,95643.99000000,96859.00000000,95364.99000000,95625.05000000,6125.75950000,480,480,False
1732867200000,1732896000000,95625.05000000,98619.99000000,95616.00000000,98019.47000000,13022.01110000,480,480,False
1732896000000,1732924800000,98019.46000000,98440.00000000,96853.82000000,97460.00000000,8554.01171000,480,480,False
1732924800000,1732953600000,97460.00000000,97463.95000000,96309.85000000,96783.38000000,6449.96554000,480,480,False
1732953600000,1732982400000,96783.38000000,96968.78000000,96092.01000000,96645.41000000,4506.03926000,480,480,False
1732982400000,1733011200000,96645.42000000,97062.50000000,96320.99000000,96407.99000000,3547.82826000,480,480,False
1733011200000,1733040000000,96407.99000000,96672.49000000,95693.88000000,96472.97000000,4906.93633000,480,480,False
1733040000000,1733068800000,96472.97000000,97388.78000000,96424.99000000,97028.02000000,6063.44823000,480,480,False
1733068800000,1733097600000,97028.02000000,97836.00000000,96800.01000000,97185.18000000,5968.21996000,480,480,False
1733097600000,1733126400000,97185.17000000,98130.00000000,95749.97000000,95999.99000000,10771.40090000,480,480,False
1733126400000,1733155200000,95999.99000000,97214.77000000,94766.00000000,97048.00000000,14597.53553000,480,480,False
1733155200000,1733184000000,97048.01000000,97356.69000000,94395.00000000,95840.62000000,12589.73338000,480,480,False
1733184000000,1733212800000,95840.61000000,96305.52000000,95277.35000000,95550.00000000,7181.84698000,480,480,False
1733212800000,1733241600000,95550.00000000,96250.00000000,93578.17000000,95682.54000000,17599.56740000,480,480,False
1733241600000,1733270400000,95682.54000000,96169.99000000,94860.00000000,95849.69000000,11045.90845000,480,480,False
1733270400000,1733299200000,95849.69000000,96714.41000000,95224.17000000,96588.81000000,8395.74591000,480,480,False
1733299200000,1733328000000,96588.81000000,96950.00000000,95352.41000000,95742.81000000,11739.30129000,480,480,False
1733328000000,1733356800000,95742.80000000,99000.00000000,94587.83000000,98587.32000000,23715.49008000,480,480,False
1733356800000,1733385600000,98587.32000000,104088.00000000,97888.89000000,102236.10000000,44842.06270200,480,480,False
1733385600000,1733414400000,102236.10000000,103550.00000000,100925.97000000,101292.01000000,24255.68390000,480,480,False
1733414400000,1733443200000,101292.00000000,101999.00000000,90500.00000000,96945.63000000,40823.98306000,480,480,False
1733443200000,1733472000000,96945.63000000,98828.70000000,95981.72000000,98138.54000000,15102.95172000,480,480,False
1733472000000,1733500800000,98138.53000000,99483.81000000,97512.26000000,99309.99000000,14876.69337000,480,480,False
1733500800000,1733529600000,99310.00000000,101898.99000000,98762.60000000,99740.84000000,15069.88801000,480,480,False
1733529600000,1733558400000,99740.84000000,100428.00000000,98844.00000000,99405.20000000,6057.40133000,480,480,False
1733558400000,1733587200000,99405.20000000,99821.83000000,99036.01000000,99756.01000000,4699.37768000,480,480,False
1733587200000,1733616000000,99756.00000000,100439.18000000,99460.37000000,99831.99000000,4175.16689000,480,480,False
1733616000000,1733644800000,99831.99000000,100328.88000000,99336.00000000,99675.11000000,3278.57042000,480,480,False
1733644800000,1733673600000,99675.11000000,100500.00000000,98657.70000000,99912.01000000,5945.83918000,480,480,False
1733673600000,1733702400000,99912.01000000,101351.00000000,99480.00000000,101109.59000000,5388.58728000,480,480,False
1733702400000,1733731200000,101109.60000000,101215.93000000,98328.00000000,99576.51000000,10772.62618000,480,480,False
1733731200000,1733760000000,99576.51000000,100421.80000000,97508.58000000,97812.00000000,16320.53863000,480,480,False
1733760000000,1733788800000,97812.00000000,98398.00000000,94150.05000000,97276.47000000,26855.95114000,480,480,False
1733788800000,1733817600000,97276.48000000,98138.00000000,95565.41000000,97196.44000000,12819.20378000,480,480,False
1733817600000,1733846400000,97196.44000000,98270.00000000,95555.00000000,95658.79000000,15322.23666000,480,480,False
1733846400000,1733875200000,95658.79000000,97200.70000000,94256.54000000,96593.00000000,23567.24889000,480,480,False
1733875200000,1733904000000,96593.00000000,97790.36000000,95658.24000000,97334.60000000,8984.44472000,480,480,False
1733904000000,1733932800000,97334.59000000,100800.00000000,97316.78000000,100361.64000000,14561.33989000,480,480,False
1733932800000,1733961600000,100361.64000000,101888.00000000,99608.23000000,101125.00000000,14207.99830000,480,480,False
1733961600000,1733990400000,101125.00000000,101829.00000000,100331.61000000,100499.99000000,7602.30361000,480,480,False
1733990400000,1734019200000,100499.99000000,101861.60000000,100178.32000000,101797.14000000,10120.81380000,480,480,False
1734019200000,1734048000000,101797.14000000,102540.00000000,99311.64000000,100004.29000000,11508.97004000,480,480,False
1734048000000,1734076800000,100004.29000000,100356.85000000,99205.00000000,100130.00000000,5892.13041000,480,480,False
1734076800000,1734105600000,100130.01000000,101375.26000000,99700.00000000,99873.16000000,6655.16190000,480,480,False
1734105600000,1734134400000,99873.16000000,101895.26000000,99800.00000000,101424.25000000,9356.74692000,480,480,False
1734134400000,1734163200000,101424.24000000,102650.00000000,101148.35000000,101824.00000000,6457.82049000,480,480,False
1734163200000,1734192000000,101824.00000000,101863.64000000,100826.38000000,101625.12000000,3984.02233000,480,480,False
1734192000000,1734220800000,101625.12000000,101737.70000000,100609.41000000,101420.00000000,3749.86044000,480,480,False
1734220800000,1734249600000,101420.00000000,102850.00000000,101237.14000000,101732.09000000,5808.25648000,480,480,False
1734249600000,1734278400000,101732.09000000,103359.97000000,101581.07000000,102704.01000000,6718.79111000,480,480,False
1734278400000,1734307200000,102704.00000000,105250.00000000,102583.65000000,104463.99000000,9701.87418500,480,480,False
1734307200000,1734336000000,104463.99000000,106648.00000000,104259.48000000,104992.79000000,11887.12090600,480,480,False
1734336000000,1734364800000,104992.79000000,106499.99000000,103333.00000000,106332.01000000,13261.56947000,480,480,False
1734364800000,1734393600000,106332.00000000,107793.07000000,105480.02000000,106058.66000000,16153.71236400,480,480,False
1734393600000,1734422400000,106058.65000000,107143.29000000,105657.34000000,106805.75000000,6820.70350000,480,480,False
1734422400000,1734451200000,106805.75000000,108353.00000000,105725.99000000,106478.47000000,12562.12829600,480,480,False
1734451200000,1734480000000,106478.48000000,107633.00000000,105321.49000000,106133.74000000,9682.10467000,480,480,False
1734480000000,1734508800000,106133.74000000,106524.98000000,103137.82000000,104250.75000000,13041.57637000,480,480,False
1734508800000,1734537600000,104250.75000000,105350.00000000,103650.00000000,104428.54000000,10170.50831000,480,480,False
1734537600000,1734566400000,104428.54000000,104999.98000000,100000.00000000,100204.01000000,27095.91287000,480,480,False
1734566400000,1734595200000,100204.01000000,101727.28000000,98802.00000000,101656.57000000,14210.22543000,480,480,False
1734595200000,1734624000000,101656.57000000,102800.11000000,99500.00000000,100679.86000000,14571.67413000,480,480,False
1734624000000,1734652800000,100679.86000000,101200.00000000,95700.00000000,97461.86000000,26365.49844000,480,480,False
1734652800000,1734681600000,97461.86000000,98233.00000000,96000.00000000,97832.53000000,15583.42748000,480,480,False
1734681600000,1734710400000,97832.52000000,97864.91000000,92232.54000000,96991.62000000,35352.49891000,480,480,False
1734710400000,1734739200000,96991.63000000,97816.44000000,95393.84000000,97805.44000000,11948.20931000,480,480,False
1734739200000,1734768000000,97805.44000000,99540.61000000,97188.09000000,99040.00000000,8346.61871000,480,480,False
1734768000000,1734796800000,99040.00000000,99187.95000000,96398.39000000,97527.97000000,9364.22434000,480,480,False
1734796800000,1734825600000,97527.96000000,98057.51000000,96539.91000000,97291.99000000,5772.69838000,480,480,False
1734825600000,1734854400000,97292.00000000,97448.08000000,95890.28000000,96210.24000000,4829.94421000,480,480,False
1734854400000,1734883200000,96210.25000000,97351.57000000,95109.13000000,95377.72000000,6629.89554000,480,480,False
1734883200000,1734912000000,95377.71000000,96444.45000000,94250.35000000,95186.27000000,7893.99061000,480,480,False
1734912000000,1734940800000,95186.28000000,96509.98000000,93700.42000000,95404.01000000,9947.57720000,480,480,False
1734940800000,1734969600000,95404.01000000,96538.92000000,93107.52000000,93250.37000000,11337.84270000,480,480,False
1734969600000,1734998400000,93250.38000000,95509.09000000,92520.00000000,94881.47000000,11525.34713000,480,480,False
1734998400000,1735027200000,94881.47000000,94881.47000000,93569.02000000,94233.19000000,5135.31698000,480,480,False
1735027200000,1735056000000,94233.20000000,98300.00000000,93840.00000000,98300.00000000,8906.46540000,480,480,False
1735056000000,1735084800000,98299.99000000,99487.99000000,97250.00000000,98663.58000000,9632.44250000,480,480,False
1735084800000,1735113600000,98663.58000000,98878.44000000,97725.27000000,98084.33000000,3801.66432000,480,480,False
1735113600000,1735142400000,98084.33000000,99349.31000000,97632.02000000,98519.98000000,5869.72192000,480,480,False
1735142400000,1735171200000,98519.99000000,99569.15000000,98134.40000000,99429.60000000,4802.77886000,480,480,False
1735171200000,1735200000000,99429.61000000,99963.70000000,97711.17000000,97719.99000000,5877.96815000,480,480,False
1735200000000,1735228800000,97719.99000000,97772.13000000,95199.14000000,96042.88000000,10323.82600000,480,480,False
1735228800000,1735257600000,96042.89000000,96621.95000000,95302.00000000,95791.60000000,4990.57312000,480,480,False
1735257600000,1735286400000,95791.60000000,96604.24000000,94646.03000000,95104.76000000,7535.77312000,480,480,False
1735286400000,1735315200000,95104.76000000,97544.58000000,94011.11000000,94573.75000000,11389.24193000,480,480,False
1735315200000,1735344000000,94573.75000000,94996.16000000,93500.01000000,94299.03000000,7576.24924000,480,480,False
1735344000000,1735372800000,94299.03000000,94800.00000000,94135.66000000,94381.99000000,2312.71008000,480,480,False
1735372800000,1735401600000,94381.98000000,95340.36000000,94312.67000000,94447.29000000,3076.82057000,480,480,False
1735401600000,1735430400000,94447.28000000,95733.99000000,94389.45000000,95300.00000000,2996.36225000,480,480,False
1735430400000,1735459200000,95300.00000000,95340.00000000,94808.00000000,95272.04000000,1929.04250000,480,480,False
1735459200000,1735488000000,95272.05000000,95315.50000000,94010.00000000,94511.12000000,3669.71708000,480,480,False
1735488000000,1735516800000,94511.11000000,94578.89000000,93009.52000000,93738.20000000,7977.24620000,480,480,False
1735516800000,1735545600000,93738.19000000,94274.29000000,93240.03000000,93731.65000000,5338.61265000,480,480,False
1735545600000,1735574400000,93731.66000000,94277.23000000,91530.45000000,92130.21000000,10979.86519000,480,480,False
1735574400000,1735603200000,92130.21000000,95024.50000000,91800.00000000,92792.05000000,11300.94466000,480,480,False
1735603200000,1735632000000,92792.05000000,93040.10000000,92033.73000000,92860.75000000,4584.03957000,480,480,False
1735632000000,1735660800000,92860.75000000,96250.00000000,92842.88000000,95412.00000000,9650.82074000,480,480,False
1735660800000,1735689600000,95412.00000000,95590.52000000,93189.59000000,93576.00000000,5377.17358000,480,480,False
1735689600000,1735718400000,93576.00000000,94509.42000000,93489.03000000,93684.10000000,2799.15966000,480,480,False
1735718400000,1735747200000,93684.11000000,94500.00000000,92888.00000000,94432.94000000,3945.19455000,480,480,False
1735747200000,1735776000000,94432.94000000,95151.15000000,93760.93000000,94591.79000000,3628.97192000,480,480,False
