TimestampUtcMs,Open,High,Low,Close,Volume
1735689600000,93576.00000000,93610.93000000,93537.50000000,93610.93000000,8.21827000
1735689660000,93610.93000000,93652.00000000,93606.20000000,93652.00000000,12.14029000
1735689720000,93652.00000000,93702.15000000,93635.98000000,93702.15000000,11.60597000
1735689780000,93702.14000000,93702.15000000,93654.48000000,93677.98000000,8.72958000
1735689840000,93677.98000000,93677.99000000,93659.92000000,93661.20000000,5.24749000
1735689900000,93661.20000000,93678.02000000,93661.20000000,93678.01000000,5.08788000
1735689960000,93678.01000000,93678.02000000,93600.00000000,93632.05000000,30.37050000
1735690020000,93632.04000000,93634.27000000,93612.00000000,93612.01000000,13.39197000
1735690080000,93612.00000000,93612.01000000,93604.86000000,93611.84000000,10.73540000
1735690140000,93611.99000000,93611.99000000,93607.09000000,93607.10000000,12.36010000
1735690200000,93607.10000000,93623.38000000,93536.52000000,93538.61000000,24.36023000
1735690260000,93538.61000000,93550.53000000,93489.03000000,93520.54000000,14.70534000
1735690320000,93520.54000000,93525.67000000,93489.05000000,93519.38000000,7.10384000
1735690380000,93519.38000000,93554.14000000,93519.38000000,93544.49000000,4.51752000
1735690440000,93544.50000000,93656.19000000,93544.50000000,93656.18000000,7.28235000
1735690500000,93656.19000000,93719.50000000,93614.95000000,93702.27000000,6.99047000
1735690560000,93702.27000000,93779.73000000,93702.26000000,93768.02000000,5.59192000
1735690620000,93768.02000000,93827.32000000,93768.02000000,93827.31000000,9.80068000
1735690680000,93827.31000000,93840.05000000,93800.00000000,93824.52000000,4.49902000
1735690740000,93824.52000000,93829.12000000,93794.73000000,93796.35000000,12.86247000
1735690800000,93796.35000000,93866.00000000,93796.35000000,93866.00000000,6.37359000
1735690860000,93866.00000000,93898.05000000,93800.00000000,93800.00000000,19.00035000
1735690920000,93800.01000000,93800.01000000,93733.50000000,93733.50000000,3.67353000
1735690980000,93733.51000000,93751.72000000,93707.81000000,93748.42000000,7.37456000
1735691040000,93748.43000000,93757.58000000,93740.00000000,93740.00000000,1.95850000
1735691100000,93740.00000000,93740.02000000,93734.49000000,93734.50000000,2.48659000
1735691160000,93734.49000000,93734.50000000,93721.00000000,93733.63000000,6.90205000
1735691220000,93733.62000000,93733.63000000,93727.29000000,93727.31000000,1.09465000
1735691280000,93727.30000000,93737.13000000,93727.30000000,93732.03000000,3.22099000
1735691340000,93732.02000000,93761.90000000,93732.02000000,93761.90000000,3.58812000
1735691400000,93761.90000000,93798.21000000,93761.89000000,93798.21000000,2.16765000
1735691460000,93798.21000000,93878.79000000,93798.21000000,93842.33000000,11.47736000
1735691520000,93842.33000000,93963.67000000,93842.33000000,93931.99000000,9.87733000
1735691580000,93931.98000000,93940.52000000,93892.30000000,93892.30000000,14.71913000
1735691640000,93892.31000000,93892.31000000,93882.91000000,93882.92000000,2.95958000
1735691700000,93882.91000000,93894.48000000,93868.00000000,93884.27000000,10.62094000
1735691760000,93884.26000000,93884.27000000,93848.48000000,93861.48000000,4.96638000
1735691820000,93861.48000000,93875.41000000,93836.61000000,93840.92000000,3.22763000
1735691880000,93840.91000000,93924.61000000,93840.91000000,93924.60000000,6.94487000
1735691940000,93924.61000000,93924.61000000,93884.60000000,93909.03000000,3.85219000
1735692000000,93909.03000000,93952.97000000,93899.23000000,93933.18000000,7.68567000
1735692060000,93933.18000000,93933.18000000,93892.00000000,93892.00000000,4.50011000
1735692120000,93892.00000000,93906.24000000,93889.98000000,93893.17000000,3.69293000
1735692180000,93893.18000000,93924.66000000,93893.17000000,93910.01000000,5.65811000
1735692240000,93910.02000000,93910.02000000,93885.00000000,93885.01000000,2.01428000
1735692300000,93885.00000000,93885.01000000,93864.44000000,93864.45000000,1.81259000
1735692360000,93864.45000000,93890.27000000,93864.44000000,93890.26000000,3.38786000
1735692420000,93890.27000000,93960.00000000,93890.26000000,93959.99000000,3.84012000
1735692480000,93959.99000000,93977.98000000,93959.99000000,93977.97000000,4.39366000
1735692540000,93977.97000000,93977.98000000,93977.97000000,93977.97000000,2.63197000
1735692600000,93977.98000000,94087.81000000,93964.07000000,94087.63000000,23.56147000
1735692660000,94087.63000000,94170.01000000,94073.97000000,94170.00000000,29.34800000
1735692720000,94170.01000000,94170.01000000,94143.00000000,94158.21000000,36.95567000
1735692780000,94158.22000000,94200.00000000,94133.33000000,94199.99000000,32.63007000
1735692840000,94200.00000000,94330.59000000,94199.99000000,94260.00000000,31.29322000
1735692900000,94260.00000000,94260.01000000,94216.00000000,94216.00000000,10.53507000
1735692960000,94216.01000000,94224.64000000,94212.13000000,94224.63000000,4.47885000
1735693020000,94224.64000000,94330.62000000,94217.62000000,94330.61000000,42.36971000
1735693080000,94330.61000000,94509.42000000,94293.74000000,94477.83000000,152.36387000
1735693140000,94477.83000000,94488.11000000,94374.50000000,94401.14000000,10.74959000
1735693200000,94401.13000000,94408.72000000,94252.88000000,94280.48000000,16.64563000
1735693260000,94280.47000000,94280.47000000,94212.12000000,94220.01000000,12.75523000
1735693320000,94220.01000000,94220.02000000,94187.50000000,94187.50000000,3.46877000
1735693380000,94187.50000000,94192.96000000,94142.94000000,94142.94000000,6.68980000
1735693440000,94142.94000000,94142.95000000,94105.20000000,94118.41000000,9.65853000
1735693500000,94118.41000000,94118.41000000,93880.00000000,93918.77000000,170.05605000
1735693560000,93918.77000000,93961.00000000,93918.77000000,93935.46000000,9.59913000
1735693620000,93935.47000000,93969.71000000,93935.46000000,93969.71000000,2.37830000
1735693680000,93969.70000000,93983.03000000,93969.70000000,93983.02000000,4.07084000
1735693740000,93983.03000000,94068.00000000,93956.10000000,94061.41000000,6.22259000
1735693800000,94061.41000000,94111.09000000,94061.40000000,94079.65000000,8.59540000
1735693860000,94079.64000000,94101.44000000,94076.00000000,94096.25000000,3.56538000
1735693920000,94096.24000000,94172.00000000,94096.24000000,94152.16000000,10.25694000
1735693980000,94152.16000000,94170.01000000,94146.40000000,94146.40000000,17.17428000
1735694040000,94146.40000000,94159.05000000,94146.39000000,94153.05000000,3.43331000
1735694100000,94153.04000000,94153.05000000,94068.45000000,94068.45000000,3.16111000
1735694160000,94068.46000000,94068.46000000,94000.00000000,94011.93000000,5.95307000
1735694220000,94011.93000000,94011.93000000,93971.68000000,93982.21000000,4.30043000
1735694280000,93982.20000000,93982.21000000,93978.95000000,93978.95000000,1.99356000
1735694340000,93978.96000000,93997.76000000,93971.28000000,93990.24000000,4.43106000
1735694400000,93990.23000000,93990.89000000,93973.70000000,93977.80000000,2.21297000
1735694460000,93977.80000000,93977.80000000,93977.79000000,93977.80000000,0.94016000
1735694520000,93977.80000000,93977.80000000,93977.79000000,93977.80000000,0.98068000
1735694580000,93977.80000000,93977.80000000,93856.65000000,93864.94000000,24.98677000
1735694640000,93864.93000000,93898.14000000,93850.39000000,93898.13000000,3.78999000
1735694700000,93898.14000000,93935.27000000,93898.13000000,93899.70000000,10.12274000
1735694760000,93899.70000000,93899.70000000,93876.34000000,93876.34000000,6.61466000
1735694820000,93876.34000000,93877.35000000,93851.91000000,93877.34000000,11.10387000
1735694880000,93877.34000000,93877.34000000,93843.74000000,93848.37000000,7.04263000
1735694940000,93848.37000000,93851.70000000,93819.60000000,93825.86000000,15.02862000
1735695000000,93825.86000000,93899.99000000,93825.86000000,93899.99000000,9.52333000
1735695060000,93899.99000000,93989.37000000,93899.99000000,93920.48000000,13.07005000
1735695120000,93920.47000000,93947.00000000,93920.47000000,93942.65000000,11.04683000
1735695180000,93942.65000000,93944.46000000,93929.14000000,93930.50000000,2.25739000
1735695240000,93930.50000000,93978.18000000,93930.49000000,93970.23000000,3.93590000
1735695300000,93970.23000000,93970.24000000,93893.29000000,93893.30000000,13.15475000
1735695360000,93893.30000000,93944.80000000,93893.30000000,93944.80000000,5.38613000
1735695420000,93944.79000000,93953.98000000,93931.04000000,93935.53000000,4.12658000
1735695480000,93935.53000000,93935.54000000,93935.53000000,93935.54000000,4.33278000
1735695540000,93935.54000000,93935.54000000,93922.00000000,93922.01000000,2.09055000
1735695600000,93922.01000000,93943.61000000,93917.21000000,93943.61000000,2.57967000
1735695660000,93943.60000000,93971.02000000,93937.29000000,93953.45000000,2.72705000
1735695720000,93953.45000000,93953.46000000,93944.04000000,93944.04000000,0.75922000
1735695780000,93944.04000000,93962.84000000,93944.04000000,93962.84000000,1.49603000
1735695840000,93962.83000000,93962.84000000,93923.14000000,93923.14000000,2.49263000
1735695900000,93923.14000000,93930.48000000,93923.14000000,93930.48000000,5.79456000
1735695960000,93930.48000000,93945.25000000,93927.25000000,93943.92000000,2.36796000
1735696020000,93943.92000000,93943.92000000,93860.78000000,93860.79000000,3.81781000
1735696080000,93860.78000000,93863.25000000,93822.46000000,93826.35000000,4.92583000
1735696140000,93826.35000000,93854.48000000,93826.34000000,93854.48000000,2.47486000
1735696200000,93854.47000000,93854.48000000,93750.33000000,93750.34000000,10.77828000
1735696260000,93750.34000000,93750.34000000,93682.84000000,93711.69000000,38.00424000
1735696320000,93711.68000000,93711.70000000,93578.77000000,93636.41000000,27.49274000
1735696380000,93636.42000000,93688.90000000,93636.41000000,93688.90000000,3.67853000
1735696440000,93688.89000000,93688.89000000,93626.09000000,93626.10000000,5.91358000
1735696500000,93626.10000000,93645.96000000,93626.10000000,93629.14000000,3.44444000
1735696560000,93629.15000000,93629.15000000,93594.42000000,93594.43000000,5.40995000
1735696620000,93594.42000000,93617.19000000,93594.42000000,93617.18000000,2.76611000
1735696680000,93617.19000000,93622.13000000,93617.18000000,93620.00000000,2.23309000
1735696740000,93620.00000000,93620.00000000,93607.73000000,93607.74000000,1.22119000
1735696800000,93607.74000000,93657.97000000,93594.56000000,93657.97000000,5.39956000
1735696860000,93657.97000000,93686.92000000,93657.96000000,93686.92000000,4.60508000
1735696920000,93686.92000000,93707.44000000,93670.97000000,93676.65000000,5.52337000
1735696980000,93676.65000000,93776.62000000,93676.64000000,93776.62000000,9.75157000
1735697040000,93777.31000000,93779.99000000,93753.19000000,93753.19000000,2.16501000
1735697100000,93753.20000000,93776.34000000,93753.19000000,93754.95000000,1.70633000
1735697160000,93754.95000000,93766.66000000,93754.94000000,93754.95000000,1.72027000
1735697220000,93754.96000000,93754.96000000,93712.14000000,93712.14000000,6.38597000
1735697280000,93712.15000000,93748.62000000,93674.02000000,93676.95000000,10.01193000
1735697340000,93676.96000000,93683.40000000,93676.95000000,93682.94000000,2.84726000
1735697400000,93682.94000000,93750.99000000,93676.96000000,93750.98000000,13.68838000
1735697460000,93750.98000000,93805.04000000,93750.98000000,93768.01000000,20.70691000
1735697520000,93768.01000000,93768.02000000,93751.12000000,93751.13000000,5.14141000
1735697580000,93751.12000000,93796.72000000,93751.12000000,93765.82000000,4.96426000
1735697640000,93765.82000000,93800.00000000,93765.82000000,93800.00000000,10.09958000
1735697700000,93800.00000000,93805.16000000,93753.37000000,93753.38000000,7.16451000
1735697760000,93753.38000000,93760.51000000,93753.01000000,93760.51000000,1.72954000
1735697820000,93760.51000000,93772.92000000,93689.48000000,93701.98000000,6.35867000
1735697880000,93701.99000000,93722.79000000,93701.98000000,93722.79000000,1.90064000
1735697940000,93722.79000000,93765.42000000,93722.79000000,93765.41000000,6.04661000
1735698000000,93765.42000000,93773.19000000,93732.03000000,93732.04000000,2.92534000
1735698060000,93732.03000000,93732.04000000,93709.90000000,93709.91000000,2.43608000
1735698120000,93709.91000000,93722.45000000,93702.61000000,93722.45000000,4.68874000
1735698180000,93722.45000000,93738.98000000,93715.98000000,93738.98000000,1.02908000
1735698240000,93738.98000000,93749.99000000,93716.80000000,93716.81000000,2.00805000
1735698300000,93716.81000000,93716.81000000,93716.80000000,93716.81000000,1.55511000
1735698360000,93716.81000000,93716.81000000,93716.80000000,93716.81000000,0.82284000
1735698420000,93716.81000000,93716.81000000,93715.98000000,93715.98000000,2.60815000
1735698480000,93715.98000000,93716.00000000,93702.62000000,93716.00000000,5.44655000
1735698540000,93716.00000000,93742.52000000,93715.99000000,93742.52000000,1.49912000
1735698600000,93742.51000000,93799.36000000,93742.51000000,93799.35000000,1.74149000
1735698660000,93799.35000000,93799.36000000,93757.53000000,93778.18000000,3.81265000
1735698720000,93778.18000000,93787.71000000,93777.07000000,93787.71000000,0.57631000
1735698780000,93787.70000000,93787.71000000,93765.13000000,93765.14000000,1.48471000
1735698840000,93765.14000000,93773.61000000,93765.13000000,93773.61000000,6.30471000
1735698900000,93773.61000000,93804.00000000,93773.60000000,93804.00000000,1.81904000
1735698960000,93804.00000000,93804.38000000,93803.99000000,93804.37000000,1.22463000
1735699020000,93804.38000000,93821.74000000,93804.37000000,93821.74000000,2.58019000
1735699080000,93821.92000000,93880.00000000,93821.92000000,93880.00000000,1.31624000
1735699140000,93880.00000000,93880.00000000,93854.71000000,93879.99000000,5.38586000
1735699200000,93879.99000000,93896.00000000,93855.17000000,93896.00000000,3.66296000
1735699260000,93896.00000000,93896.07000000,93895.99000000,93896.06000000,1.52393000
1735699320000,93896.07000000,93896.07000000,93896.06000000,93896.07000000,1.34124000
1735699380000,93896.07000000,93921.27000000,93896.07000000,93904.00000000,4.60393000
1735699440000,93904.01000000,93921.86000000,93904.00000000,93921.86000000,2.45601000
1735699500000,93921.86000000,93955.26000000,93912.00000000,93912.00000000,2.07431000
1735699560000,93912.01000000,93948.00000000,93912.00000000,93938.89000000,3.38168000
1735699620000,93938.88000000,93938.89000000,93938.87000000,93938.88000000,0.64426000
1735699680000,93938.88000000,93965.20000000,93938.88000000,93948.00000000,3.84915000
1735699740000,93948.00000000,93950.87000000,93934.22000000,93934.22000000,0.74753000
1735699800000,93934.22000000,93967.68000000,93934.21000000,93967.68000000,3.48864000
1735699860000,93967.68000000,94000.00000000,93965.82000000,93999.99000000,4.05051000
1735699920000,93999.99000000,94105.12000000,93999.99000000,94080.00000000,32.24289000
1735699980000,94080.01000000,94080.01000000,94064.09000000,94064.12000000,10.56996000
1735700040000,94064.12000000,94064.12000000,94040.00000000,94040.01000000,4.42584000
1735700100000,94040.01000000,94080.69000000,94040.00000000,94080.68000000,5.19817000
1735700160000,94080.69000000,94083.48000000,94055.50000000,94070.37000000,4.29494000
1735700220000,94070.37000000,94070.37000000,94046.83000000,94046.84000000,4.11401000
1735700280000,94046.83000000,94074.07000000,94046.83000000,94074.07000000,2.33604000
1735700340000,94074.07000000,94098.91000000,94074.06000000,94098.91000000,2.59270000
1735700400000,94098.90000000,94098.91000000,94049.47000000,94049.47000000,7.50148000
1735700460000,94049.46000000,94049.46000000,93980.35000000,93980.36000000,4.83642000
1735700520000,93980.36000000,93994.74000000,93959.89000000,93959.90000000,5.96447000
1735700580000,93959.89000000,93983.71000000,93959.89000000,93983.71000000,2.93797000
1735700640000,93983.71000000,93992.00000000,93983.71000000,93988.45000000,2.33290000
1735700700000,93988.45000000,93999.99000000,93984.87000000,93999.36000000,2.82994000
1735700760000,93999.36000000,93999.36000000,93973.64000000,93976.28000000,3.35685000
1735700820000,93976.28000000,94050.50000000,93965.31000000,94006.82000000,9.65071000
1735700880000,94006.83000000,94006.83000000,93982.00000000,93982.00000000,1.40349000
1735700940000,93982.01000000,93982.01000000,93974.79000000,93982.00000000,4.35600000
1735701000000,93982.00000000,93982.00000000,93971.63000000,93971.64000000,6.70357000
1735701060000,93971.63000000,93992.80000000,93971.63000000,93983.39000000,9.67745000
1735701120000,93983.39000000,93983.40000000,93976.00000000,93976.00000000,2.00607000
1735701180000,93976.00000000,93976.01000000,93976.00000000,93976.00000000,0.95050000
1735701240000,93976.01000000,93976.01000000,93976.00000000,93976.01000000,0.55747000
1735701300000,93976.01000000,93976.01000000,93942.70000000,93942.70000000,2.62708000
1735701360000,93942.70000000,93942.71000000,93904.00000000,93904.01000000,3.24648000
1735701420000,93904.01000000,93904.01000000,93832.13000000,93851.99000000,7.88290000
1735701480000,93851.99000000,93864.47000000,93851.99000000,93864.46000000,2.54112000
1735701540000,93864.47000000,93864.47000000,93849.70000000,93849.70000000,1.97272000
1735701600000,93849.71000000,93849.71000000,93800.00000000,93800.00000000,4.53858000
1735701660000,93800.00000000,93826.56000000,93766.23000000,93826.55000000,9.77095000
1735701720000,93826.55000000,93856.00000000,93825.83000000,93830.89000000,3.20350000
1735701780000,93830.89000000,93846.06000000,93830.88000000,93838.52000000,2.86286000
1735701840000,93838.52000000,93838.53000000,93830.88000000,93830.88000000,1.82956000
1735701900000,93830.89000000,93848.98000000,93830.88000000,93838.25000000,2.59128000
1735701960000,93838.26000000,93847.36000000,93838.25000000,93847.35000000,1.20723000
1735702020000,93847.36000000,93847.36000000,93830.89000000,93830.90000000,1.78664000
1735702080000,93830.89000000,93830.90000000,93830.89000000,93830.90000000,0.80860000
1735702140000,93830.90000000,93830.90000000,93830.89000000,93830.89000000,0.55368000
1735702200000,93830.90000000,93848.00000000,93830.89000000,93848.00000000,2.94448000
1735702260000,93848.00000000,93848.00000000,93840.50000000,93840.50000000,0.97440000
1735702320000,93840.51000000,93840.51000000,93833.25000000,93833.26000000,2.33707000
1735702380000,93833.26000000,93842.00000000,93833.25000000,93840.54000000,5.74624000
1735702440000,93840.55000000,93840.55000000,93828.01000000,93829.13000000,5.10242000
1735702500000,93829.13000000,93829.13000000,93828.02000000,93828.02000000,3.90316000
1735702560000,93828.03000000,93828.03000000,93809.30000000,93809.30000000,2.31151000
1735702620000,93809.30000000,93809.30000000,93800.00000000,93800.01000000,2.05784000
1735702680000,93800.01000000,93810.30000000,93800.00000000,93810.30000000,3.24275000
1735702740000,93810.30000000,93850.31000000,93810.29000000,93850.31000000,1.86436000
1735702800000,93850.31000000,93852.30000000,93840.81000000,93840.82000000,4.04266000
1735702860000,93840.81000000,93852.30000000,93840.00000000,93840.00000000,3.17882000
1735702920000,93840.00000000,93840.01000000,93840.00000000,93840.00000000,0.72578000
1735702980000,93840.01000000,93891.15000000,93840.00000000,93887.99000000,27.42825000
1735703040000,93888.00000000,93888.00000000,93857.03000000,93857.04000000,1.97675000
1735703100000,93857.03000000,93857.03000000,93829.12000000,93854.37000000,8.20525000
1735703160000,93854.37000000,93854.37000000,93854.36000000,93854.37000000,0.59367000
1735703220000,93854.37000000,93867.35000000,93761.76000000,93761.76000000,10.71437000
1735703280000,93761.76000000,93761.77000000,93731.32000000,93731.32000000,1.88415000
1735703340000,93731.32000000,93786.19000000,93728.22000000,93786.19000000,4.01898000
1735703400000,93786.18000000,93812.00000000,93786.18000000,93805.56000000,1.23773000
1735703460000,93805.57000000,93805.57000000,93792.28000000,93792.28000000,1.39868000
1735703520000,93792.28000000,93801.66000000,93792.28000000,93801.65000000,3.01218000
1735703580000,93801.65000000,93801.66000000,93801.65000000,93801.66000000,0.90479000
1735703640000,93801.66000000,93801.66000000,93801.65000000,93801.66000000,1.72574000
1735703700000,93801.66000000,93801.66000000,93801.65000000,93801.65000000,0.41054000
1735703760000,93801.65000000,93826.99000000,93801.65000000,93826.98000000,2.56710000
1735703820000,93826.98000000,93838.04000000,93826.98000000,93838.04000000,2.49829000
1735703880000,93838.03000000,93838.04000000,93838.03000000,93838.04000000,0.66223000
1735703940000,93838.03000000,93838.04000000,93838.03000000,93838.04000000,0.83436000
1735704000000,93838.04000000,93838.04000000,93793.44000000,93793.44000000,3.99744000
1735704060000,93793.45000000,93793.45000000,93760.10000000,93760.10000000,2.45114000
1735704120000,93760.10000000,93760.11000000,93733.28000000,93750.52000000,3.79213000
1735704180000,93750.52000000,93750.53000000,93750.52000000,93750.52000000,0.55980000
1735704240000,93750.52000000,93797.96000000,93750.52000000,93797.95000000,44.09656000
1735704300000,93797.96000000,93797.96000000,93797.95000000,93797.96000000,1.75748000
1735704360000,93797.96000000,93797.96000000,93776.00000000,93776.01000000,3.95336000
1735704420000,93776.01000000,93776.01000000,93763.05000000,93763.05000000,1.13719000
1735704480000,93763.04000000,93763.05000000,93753.00000000,93753.00000000,1.39533000
1735704540000,93753.01000000,93753.01000000,93727.36000000,93727.36000000,4.31587000
1735704600000,93727.37000000,93727.37000000,93689.96000000,93704.15000000,7.84795000
1735704660000,93704.14000000,93704.66000000,93698.01000000,93704.66000000,4.80942000
1735704720000,93704.65000000,93704.65000000,93690.47000000,93690.48000000,1.19101000
1735704780000,93690.47000000,93714.05000000,93690.47000000,93712.47000000,5.56872000
1735704840000,93712.47000000,93715.95000000,93711.18000000,93711.19000000,0.59523000
1735704900000,93711.18000000,93711.19000000,93702.03000000,93702.04000000,4.52094000
1735704960000,93702.04000000,93718.23000000,93702.03000000,93718.23000000,2.93012000
1735705020000,93718.22000000,93718.23000000,93679.21000000,93679.21000000,2.07833000
1735705080000,93679.08000000,93696.89000000,93679.07000000,93696.88000000,6.82771000
1735705140000,93696.89000000,93705.74000000,93696.88000000,93705.73000000,4.59378000
1735705200000,93705.74000000,93771.99000000,93705.74000000,93755.36000000,4.59819000
1735705260000,93755.36000000,93755.36000000,93722.86000000,93722.87000000,3.58235000
1735705320000,93722.86000000,93738.16000000,93722.86000000,93738.16000000,2.09043000
1735705380000,93738.16000000,93738.16000000,93697.46000000,93697.46000000,5.45187000
1735705440000,93697.46000000,93698.98000000,93688.53000000,93698.98000000,2.88640000
1735705500000,93698.98000000,93698.98000000,93698.97000000,93698.97000000,0.53348000
1735705560000,93698.98000000,93698.98000000,93690.89000000,93698.97000000,7.22921000
1735705620000,93698.97000000,93738.28000000,93698.97000000,93738.27000000,3.14706000
1735705680000,93738.27000000,93747.47000000,93738.27000000,93747.47000000,1.43707000
1735705740000,93747.47000000,93747.47000000,93738.09000000,93738.09000000,1.62910000
1735705800000,93738.09000000,93738.10000000,93714.41000000,93729.56000000,4.94535000
1735705860000,93729.56000000,93729.57000000,93725.56000000,93725.56000000,0.63584000
1735705920000,93725.57000000,93725.58000000,93725.56000000,93725.57000000,1.57930000
1735705980000,93725.57000000,93725.58000000,93708.03000000,93708.03000000,2.36444000
1735706040000,93708.03000000,93708.04000000,93674.18000000,93674.34000000,4.29895000
1735706100000,93674.33000000,93674.34000000,93668.95000000,93669.99000000,1.79414000
1735706160000,93669.99000000,93670.00000000,93620.55000000,93620.57000000,11.50861000
1735706220000,93620.57000000,93635.70000000,93616.82000000,93634.41000000,4.09973000
1735706280000,93634.40000000,93646.00000000,93631.02000000,93645.99000000,1.35530000
1735706340000,93645.99000000,93651.77000000,93638.53000000,93638.53000000,4.20789000
1735706400000,93638.53000000,93643.32000000,93626.11000000,93642.84000000,4.19415000
1735706460000,93642.83000000,93642.84000000,93639.24000000,93639.24000000,1.30782000
1735706520000,93639.24000000,93645.13000000,93639.24000000,93645.12000000,1.51488000
1735706580000,93645.13000000,93645.13000000,93645.12000000,93645.12000000,0.80832000
1735706640000,93645.13000000,93645.13000000,93645.12000000,93645.13000000,1.28052000
1735706700000,93645.12000000,93657.94000000,93645.12000000,93657.94000000,4.20960000
1735706760000,93657.94000000,93670.00000000,93656.21000000,93656.21000000,2.72540000
1735706820000,93656.22000000,93656.22000000,93607.86000000,93624.01000000,6.50353000
1735706880000,93624.01000000,93624.01000000,93620.51000000,93620.52000000,0.94684000
1735706940000,93620.52000000,93641.28000000,93620.52000000,93633.99000000,5.04102000
1735707000000,93633.98000000,93633.99000000,93626.75000000,93631.33000000,1.60216000
1735707060000,93631.33000000,93650.10000000,93631.32000000,93650.10000000,1.48739000
1735707120000,93650.10000000,93664.69000000,93650.10000000,93664.68000000,1.26661000
1735707180000,93664.69000000,93670.00000000,93650.66000000,93650.66000000,5.75231000
1735707240000,93650.67000000,93650.67000000,93648.99000000,93648.99000000,3.43178000
1735707300000,93648.99000000,93649.00000000,93648.99000000,93649.00000000,0.35462000
1735707360000,93649.00000000,93669.99000000,93648.99000000,93669.98000000,5.39030000
1735707420000,93669.98000000,93669.99000000,93669.98000000,93669.98000000,1.37790000
1735707480000,93669.99000000,93669.99000000,93597.00000000,93597.01000000,9.42466000
1735707540000,93597.01000000,93597.01000000,93500.00000000,93553.91000000,43.05506000
1735707600000,93553.91000000,93565.80000000,93547.40000000,93565.80000000,2.77839000
1735707660000,93565.79000000,93586.50000000,93565.79000000,93586.49000000,3.16280000
1735707720000,93586.50000000,93586.50000000,93586.49000000,93586.49000000,1.63852000
1735707780000,93586.50000000,93586.50000000,93586.49000000,93586.49000000,0.79032000
1735707840000,93586.50000000,93586.50000000,93586.49000000,93586.49000000,0.69191000
1735707900000,93586.50000000,93600.00000000,93586.49000000,93599.99000000,2.40947000
1735707960000,93600.00000000,93617.40000000,93599.99000000,93617.38000000,2.65236000
1735708020000,93617.38000000,93621.50000000,93601.83000000,93601.83000000,4.06652000
1735708080000,93601.83000000,93601.83000000,93588.76000000,93588.77000000,1.87391000
1735708140000,93588.77000000,93588.77000000,93581.20000000,93581.20000000,4.80068000
1735708200000,93581.20000000,93581.21000000,93581.20000000,93581.21000000,0.99298000
1735708260000,93581.20000000,93603.43000000,93581.20000000,93601.83000000,3.06062000
1735708320000,93601.83000000,93642.50000000,93601.82000000,93642.50000000,4.00335000
1735708380000,93642.50000000,93669.99000000,93642.49000000,93669.98000000,1.21628000
1735708440000,93669.99000000,93680.00000000,93638.50000000,93638.50000000,10.28620000
1735708500000,93638.50000000,93638.50000000,93614.50000000,93614.51000000,2.12104000
1735708560000,93614.50000000,93644.00000000,93614.50000000,93644.00000000,2.74678000
1735708620000,93644.00000000,93661.79000000,93643.99000000,93661.78000000,0.93168000
1735708680000,93661.78000000,93661.79000000,93645.05000000,93649.13000000,3.31596000
1735708740000,93649.13000000,93671.13000000,93649.12000000,93671.13000000,1.52422000
1735708800000,93671.12000000,93759.45000000,93671.12000000,93758.74000000,35.33395000
1735708860000,93758.75000000,93768.49000000,93700.00000000,93700.01000000,18.41888000
1735708920000,93700.01000000,93707.33000000,93700.00000000,93707.33000000,1.04164000
1735708980000,93707.32000000,93732.19000000,93707.32000000,93716.15000000,1.64897000
1735709040000,93716.14000000,93742.09000000,93716.14000000,93730.00000000,1.94404000
1735709100000,93730.01000000,93730.01000000,93729.99000000,93730.00000000,1.03337000
1735709160000,93730.00000000,93787.88000000,93729.99000000,93787.87000000,6.79761000
1735709220000,93787.88000000,93833.32000000,93784.81000000,93833.31000000,9.99831000
1735709280000,93833.32000000,93881.60000000,93833.31000000,93881.60000000,5.38930000
1735709340000,93881.61000000,93933.33000000,93881.61000000,93891.74000000,4.56572000
1735709400000,93891.74000000,93937.19000000,93891.73000000,93893.95000000,7.57794000
1735709460000,93893.96000000,93899.71000000,93887.21000000,93887.21000000,3.51579000
1735709520000,93887.22000000,93887.22000000,93876.00000000,93876.01000000,1.66755000
1735709580000,93876.00000000,93876.01000000,93872.04000000,93872.05000000,0.87413000
1735709640000,93872.05000000,93872.05000000,93840.00000000,93840.00000000,2.66822000
1735709700000,93840.00000000,93866.39000000,93833.59000000,93850.29000000,6.56803000
1735709760000,93850.29000000,93866.38000000,93850.10000000,93857.92000000,1.80933000
1735709820000,93857.93000000,93866.38000000,93857.92000000,93866.37000000,2.64468000
1735709880000,93866.38000000,93866.38000000,93856.67000000,93856.68000000,3.19032000
1735709940000,93856.68000000,93856.68000000,93821.01000000,93821.01000000,3.11714000
1735710000000,93821.01000000,93821.01000000,93799.25000000,93799.25000000,2.52305000
1735710060000,93799.26000000,93799.26000000,93799.25000000,93799.26000000,0.75392000
1735710120000,93799.26000000,93837.89000000,93799.25000000,93837.88000000,3.07215000
1735710180000,93837.89000000,93871.43000000,93837.89000000,93871.43000000,2.95160000
1735710240000,93871.43000000,93871.43000000,93857.65000000,93857.65000000,1.54035000
1735710300000,93857.66000000,93857.66000000,93850.21000000,93857.39000000,1.51643000
1735710360000,93857.38000000,93862.11000000,93836.27000000,93836.28000000,3.69917000
1735710420000,93836.27000000,93836.28000000,93836.27000000,93836.28000000,0.79271000
1735710480000,93836.27000000,93836.28000000,93836.27000000,93836.28000000,1.47402000
1735710540000,93836.27000000,93836.28000000,93836.27000000,93836.28000000,0.50220000
1735710600000,93836.27000000,93836.28000000,93811.52000000,93811.53000000,1.78138000
1735710660000,93811.53000000,93811.53000000,93804.00000000,93804.11000000,1.52343000
1735710720000,93804.11000000,93804.12000000,93804.11000000,93804.12000000,0.59476000
1735710780000,93804.12000000,93804.12000000,93804.11000000,93804.12000000,1.97546000
1735710840000,93804.12000000,93823.25000000,93804.11000000,93804.11000000,4.91086000
1735710900000,93804.12000000,93804.12000000,93793.74000000,93793.74000000,1.38258000
1735710960000,93793.75000000,93793.75000000,93793.74000000,93793.75000000,0.41387000
1735711020000,93793.75000000,93793.75000000,93792.01000000,93792.01000000,1.35751000
1735711080000,93792.02000000,93792.02000000,93792.01000000,93792.02000000,0.95481000
1735711140000,93792.02000000,93792.02000000,93792.01000000,93792.02000000,0.59023000
1735711200000,93792.02000000,93792.02000000,93735.02000000,93746.98000000,12.11042000
1735711260000,93746.99000000,93761.70000000,93746.98000000,93761.70000000,2.12615000
1735711320000,93761.70000000,93773.88000000,93747.79000000,93747.80000000,5.21037000
1735711380000,93747.80000000,93747.80000000,93737.00000000,93737.01000000,2.47014000
1735711440000,93737.01000000,93737.01000000,93729.15000000,93729.15000000,1.00829000
1735711500000,93729.16000000,93729.16000000,93722.09000000,93722.10000000,0.71063000
1735711560000,93722.09000000,93722.10000000,93712.24000000,93714.40000000,2.91382000
1735711620000,93714.41000000,93714.41000000,93682.42000000,93682.42000000,2.08561000
1735711680000,93682.42000000,93682.43000000,93658.80000000,93658.81000000,2.07587000
1735711740000,93658.80000000,93658.81000000,93658.80000000,93658.81000000,1.04338000
1735711800000,93658.81000000,93673.73000000,93658.80000000,93659.81000000,3.78162000
1735711860000,93659.81000000,93659.82000000,93634.61000000,93634.62000000,4.91529000
1735711920000,93634.61000000,93634.62000000,93634.61000000,93634.62000000,2.26572000
1735711980000,93634.61000000,93634.62000000,93625.24000000,93631.99000000,1.57404000
1735712040000,93631.99000000,93632.00000000,93603.21000000,93603.22000000,3.83677000
1735712100000,93603.21000000,93653.53000000,93603.21000000,93653.53000000,6.83980000
1735712160000,93653.53000000,93663.01000000,93621.50000000,93621.50000000,4.00575000
1735712220000,93621.51000000,93624.26000000,93621.50000000,93624.26000000,2.76625000
1735712280000,93624.26000000,93624.26000000,93624.25000000,93624.25000000,0.60060000
1735712340000,93624.25000000,93624.26000000,93624.25000000,93624.26000000,1.86961000
1735712400000,93624.26000000,93624.26000000,93624.25000000,93624.26000000,1.85947000
1735712460000,93624.26000000,93624.26000000,93624.25000000,93624.26000000,1.36259000
1735712520000,93624.26000000,93694.11000000,93624.25000000,93691.43000000,17.10687000
1735712580000,93691.44000000,93701.39000000,93691.43000000,93701.37000000,1.65643000
1735712640000,93701.38000000,93701.38000000,93677.16000000,93677.17000000,3.12957000
1735712700000,93677.16000000,93677.17000000,93677.16000000,93677.16000000,0.36278000
1735712760000,93677.16000000,93677.17000000,93677.16000000,93677.17000000,0.52064000
1735712820000,93677.16000000,93681.66000000,93677.16000000,93681.65000000,2.16065000
1735712880000,93681.66000000,93681.66000000,93654.49000000,93654.50000000,1.96776000
1735712940000,93654.50000000,93654.50000000,93654.49000000,93654.50000000,0.32379000
1735713000000,93654.50000000,93654.50000000,93632.00000000,93650.00000000,21.35813000
1735713060000,93650.01000000,93650.01000000,93607.72000000,93607.73000000,35.24175000
1735713120000,93607.72000000,93618.90000000,93604.00000000,93614.26000000,2.16879000
1735713180000,93614.27000000,93614.27000000,93608.80000000,93608.80000000,1.20735000
1735713240000,93608.80000000,93615.15000000,93608.80000000,93615.06000000,3.61767000
1735713300000,93615.07000000,93615.07000000,93580.00000000,93580.14000000,6.03166000
1735713360000,93580.15000000,93580.15000000,93568.38000000,93568.39000000,1.19930000
1735713420000,93568.38000000,93650.01000000,93568.38000000,93650.01000000,10.51395000
1735713480000,93650.01000000,93660.03000000,93639.03000000,93639.03000000,7.27784000
1735713540000,93639.04000000,93650.01000000,93605.95000000,93647.51000000,15.57582000
1735713600000,93647.51000000,93670.24000000,93647.50000000,93670.00000000,4.27289000
1735713660000,93670.01000000,93670.01000000,93670.00000000,93670.00000000,1.21976000
1735713720000,93670.00000000,93678.94000000,93670.00000000,93677.80000000,8.77973000
1735713780000,93677.80000000,93677.81000000,93670.00000000,93670.00000000,1.03739000
1735713840000,93670.01000000,93720.01000000,93670.00000000,93720.00000000,14.87445000
1735713900000,93720.01000000,93722.10000000,93692.01000000,93692.02000000,8.31559000
1735713960000,93692.02000000,93697.21000000,93682.00000000,93682.01000000,2.69277000
1735714020000,93682.01000000,93682.01000000,93682.00000000,93682.00000000,0.80181000
1735714080000,93682.00000000,93682.01000000,93682.00000000,93682.00000000,1.04167000
1735714140000,93682.00000000,93697.21000000,93677.91000000,93677.91000000,3.80489000
1735714200000,93677.92000000,93677.92000000,93672.34000000,93672.35000000,0.93158000
1735714260000,93672.34000000,93695.90000000,93672.34000000,93695.90000000,1.94356000
1735714320000,93695.90000000,93695.90000000,93694.37000000,93695.38000000,4.43569000
1735714380000,93695.38000000,93695.38000000,93695.37000000,93695.38000000,0.33370000
1735714440000,93695.38000000,93722.10000000,93695.38000000,93722.10000000,2.00039000
1735714500000,93722.10000000,93722.10000000,93719.58000000,93719.59000000,1.23261000
1735714560000,93719.58000000,93722.10000000,93719.58000000,93722.10000000,10.28769000
1735714620000,93722.10000000,93738.86000000,93722.09000000,93738.86000000,1.20319000
1735714680000,93738.86000000,93738.86000000,93731.61000000,93735.84000000,2.02679000
1735714740000,93735.85000000,93757.58000000,93735.85000000,93757.58000000,2.18937000
1735714800000,93757.57000000,93757.58000000,93748.41000000,93748.42000000,1.41477000
1735714860000,93748.42000000,93748.42000000,93705.55000000,93705.56000000,1.54135000
1735714920000,93705.56000000,93705.56000000,93696.96000000,93696.97000000,0.95027000
1735714980000,93696.97000000,93696.97000000,93690.78000000,93690.78000000,1.65859000
1735715040000,93690.78000000,93690.79000000,93690.78000000,93690.79000000,1.16200000
1735715100000,93690.79000000,93704.34000000,93690.78000000,93704.33000000,3.32914000
1735715160000,93704.34000000,93704.34000000,93704.33000000,93704.34000000,0.63445000
1735715220000,93704.33000000,93704.34000000,93680.00000000,93680.01000000,6.46268000
1735715280000,93680.01000000,93680.01000000,93672.39000000,93672.40000000,1.02140000
1735715340000,93672.40000000,93672.40000000,93664.08000000,93664.09000000,0.86565000
1735715400000,93664.09000000,93686.79000000,93664.08000000,93686.79000000,2.66503000
1735715460000,93686.78000000,93686.79000000,93664.08000000,93664.09000000,4.26144000
1735715520000,93664.08000000,93664.09000000,93664.08000000,93664.08000000,0.71455000
1735715580000,93664.08000000,93685.24000000,93664.08000000,93685.24000000,2.00075000
1735715640000,93685.23000000,93685.25000000,93685.23000000,93685.25000000,0.59150000
1735715700000,93685.25000000,93685.25000000,93681.98000000,93681.98000000,2.24538000
1735715760000,93681.99000000,93681.99000000,93677.50000000,93677.50000000,0.70280000
1735715820000,93677.51000000,93721.90000000,93677.50000000,93721.89000000,4.57008000
1735715880000,93721.89000000,93721.90000000,93710.54000000,93710.55000000,1.35230000
1735715940000,93710.55000000,93731.25000000,93710.55000000,93731.24000000,3.64255000
1735716000000,93731.25000000,93731.25000000,93731.24000000,93731.24000000,0.64175000
1735716060000,93731.25000000,93739.11000000,93723.01000000,93723.01000000,8.30775000
1735716120000,93723.01000000,93757.58000000,93723.01000000,93754.51000000,2.42568000
1735716180000,93754.52000000,93754.52000000,93729.45000000,93729.45000000,9.22476000
1735716240000,93729.45000000,93741.64000000,93727.27000000,93741.64000000,4.13475000
1735716300000,93741.63000000,93741.64000000,93741.63000000,93741.63000000,0.84377000
1735716360000,93741.64000000,93757.80000000,93741.63000000,93757.79000000,1.09432000
1735716420000,93757.80000000,93780.42000000,93757.79000000,93780.41000000,1.22716000
1735716480000,93780.41000000,93780.43000000,93780.41000000,93780.42000000,1.42040000
1735716540000,93780.42000000,93786.04000000,93780.42000000,93786.03000000,1.53333000
1735716600000,93786.03000000,93786.04000000,93766.39000000,93766.40000000,1.76186000
1735716660000,93766.40000000,93783.21000000,93766.39000000,93781.62000000,3.89145000
1735716720000,93781.63000000,93781.63000000,93775.72000000,93775.72000000,3.44597000
1735716780000,93775.73000000,93775.73000000,93775.62000000,93775.63000000,1.75206000
1735716840000,93775.63000000,93775.63000000,93768.57000000,93768.58000000,0.84550000
1735716900000,93768.58000000,93768.58000000,93758.42000000,93758.43000000,5.31585000
1735716960000,93758.43000000,93782.09000000,93758.42000000,93777.97000000,4.36681000
1735717020000,93777.97000000,93779.09000000,93777.96000000,93779.09000000,1.54516000
1735717080000,93779.09000000,93800.00000000,93779.08000000,93800.00000000,4.06157000
1735717140000,93800.00000000,93800.00000000,93780.03000000,93780.03000000,2.00563000
1735717200000,93780.04000000,93780.04000000,93741.63000000,93741.64000000,3.02090000
1735717260000,93741.64000000,93741.64000000,93732.12000000,93732.12000000,0.93734000
1735717320000,93732.13000000,93732.13000000,93727.27000000,93727.28000000,1.10909000
1735717380000,93727.28000000,93749.67000000,93727.28000000,93741.15000000,3.33602000
1735717440000,93741.15000000,93741.15000000,93741.14000000,93741.15000000,0.58814000
1735717500000,93741.15000000,93741.15000000,93741.14000000,93741.15000000,3.38469000
1735717560000,93741.15000000,93748.41000000,93741.15000000,93748.40000000,1.72742000
1735717620000,93748.41000000,93749.26000000,93737.95000000,93737.95000000,3.54471000
1735717680000,93737.96000000,93737.96000000,93721.90000000,93721.91000000,9.72080000
1735717740000,93721.91000000,93721.91000000,93721.90000000,93721.90000000,0.62048000
1735717800000,93721.91000000,93757.58000000,93721.90000000,93757.57000000,2.69825000
1735717860000,93757.58000000,93759.61000000,93757.58000000,93759.60000000,0.57146000
1735717920000,93759.61000000,93759.61000000,93759.60000000,93759.61000000,0.72255000
1735717980000,93759.61000000,93767.76000000,93759.60000000,93767.75000000,0.84783000
1735718040000,93767.76000000,93767.76000000,93767.75000000,93767.76000000,0.73400000
1735718100000,93767.76000000,93767.76000000,93702.38000000,93714.09000000,31.03090000
1735718160000,93714.09000000,93714.09000000,93714.08000000,93714.09000000,0.34453000
1735718220000,93714.08000000,93714.09000000,93664.09000000,93680.05000000,28.21546000
1735718280000,93680.05000000,93684.11000000,93679.83000000,93684.10000000,2.63956000
1735718340000,93684.11000000,93684.11000000,93684.10000000,93684.10000000,0.50824000
1735718400000,93684.11000000,93702.00000000,93684.10000000,93701.99000000,1.58525000
1735718460000,93702.00000000,93702.00000000,93701.99000000,93702.00000000,0.81925000
1735718520000,93702.00000000,93702.00000000,93701.99000000,93701.99000000,0.48369000
1735718580000,93701.99000000,93702.01000000,93701.99000000,93702.01000000,5.02576000
1735718640000,93702.01000000,93714.09000000,93702.00000000,93714.08000000,6.85453000
1735718700000,93714.08000000,93714.09000000,93680.52000000,93680.52000000,10.89247000
1735718760000,93680.53000000,93756.00000000,93677.44000000,93756.00000000,16.62661000
1735718820000,93756.00000000,93756.02000000,93745.90000000,93745.91000000,2.39810000
1735718880000,93745.91000000,93745.91000000,93740.24000000,93740.24000000,1.68108000
1735718940000,93740.25000000,93740.25000000,93729.52000000,93729.52000000,0.78984000
1735719000000,93729.53000000,93739.81000000,93729.52000000,93732.00000000,4.30504000
1735719060000,93732.00000000,93738.02000000,93721.24000000,93727.60000000,9.98478000
1735719120000,93727.61000000,93738.10000000,93727.60000000,93735.99000000,4.21616000
1735719180000,93735.99000000,93736.00000000,93735.99000000,93736.00000000,2.06702000
1735719240000,93736.00000000,93746.40000000,93735.99000000,93746.39000000,4.31612000
1735719300000,93746.39000000,93746.40000000,93708.03000000,93708.03000000,8.28493000
1735719360000,93708.04000000,93708.04000000,93700.00000000,93706.79000000,6.55553000
1735719420000,93706.79000000,93706.79000000,93700.00000000,93700.01000000,2.91084000
1735719480000,93700.01000000,93700.01000000,93686.32000000,93686.32000000,1.84436000
1735719540000,93686.32000000,93686.33000000,93683.68000000,93683.68000000,1.68802000
1735719600000,93683.68000000,93683.69000000,93681.08000000,93681.08000000,1.51100000
1735719660000,93681.08000000,93681.09000000,93681.08000000,93681.09000000,1.05622000
1735719720000,93681.08000000,93681.09000000,93681.08000000,93681.09000000,0.99460000
1735719780000,93681.09000000,93681.09000000,93677.45000000,93677.45000000,0.89769000
1735719840000,93677.45000000,93677.45000000,93672.80000000,93672.81000000,1.21312000
1735719900000,93672.80000000,93672.81000000,93569.01000000,93570.01000000,72.23751000
1735719960000,93570.01000000,93570.02000000,93469.26000000,93469.26000000,65.53816000
1735720020000,93469.27000000,93469.27000000,93427.04000000,93430.02000000,16.89829000
1735720080000,93430.01000000,93454.72000000,93304.00000000,93336.50000000,56.15009000
1735720140000,93336.50000000,93434.24000000,93336.50000000,93416.41000000,7.55034000
1735720200000,93416.41000000,93461.27000000,93400.00000000,93461.27000000,9.10363000
1735720260000,93461.26000000,93514.65000000,93461.26000000,93514.65000000,8.00814000
1735720320000,93514.65000000,93514.65000000,93479.80000000,93484.84000000,8.76730000
1735720380000,93484.84000000,93484.84000000,93444.70000000,93460.71000000,7.74693000
1735720440000,93460.71000000,93460.72000000,93454.54000000,93457.32000000,1.48813000
1735720500000,93457.33000000,93513.30000000,93457.32000000,93511.37000000,8.82807000
1735720560000,93511.37000000,93511.37000000,93487.83000000,93487.84000000,3.72557000
1735720620000,93487.84000000,93494.02000000,93484.84000000,93484.84000000,2.64152000
1735720680000,93484.84000000,93484.85000000,93448.38000000,93448.38000000,5.31947000
1735720740000,93448.38000000,93467.36000000,93434.27000000,93467.35000000,5.19817000
1735720800000,93467.35000000,93515.05000000,93467.35000000,93502.54000000,3.75979000
1735720860000,93502.54000000,93502.54000000,93499.86000000,93499.87000000,1.74611000
1735720920000,93499.87000000,93511.88000000,93499.86000000,93511.87000000,1.91326000
1735720980000,93511.87000000,93527.21000000,93507.46000000,93507.46000000,8.12796000
1735721040000,93507.46000000,93507.47000000,93476.45000000,93476.46000000,2.89804000
1735721100000,93476.46000000,93476.46000000,93421.90000000,93421.91000000,4.04863000
1735721160000,93421.91000000,93421.91000000,93355.31000000,93355.32000000,9.31638000
1735721220000,93355.31000000,93363.64000000,93320.00000000,93363.63000000,8.59445000
1735721280000,93363.64000000,93415.78000000,93363.63000000,93392.89000000,7.41611000
1735721340000,93392.89000000,93406.91000000,93388.61000000,93389.99000000,6.53327000
1735721400000,93390.00000000,93479.55000000,93390.00000000,93479.55000000,5.27403000
1735721460000,93479.54000000,93547.83000000,93468.37000000,93544.97000000,5.81442000
1735721520000,93544.98000000,93544.98000000,93516.77000000,93520.02000000,6.80393000
1735721580000,93520.01000000,93520.02000000,93515.15000000,93515.16000000,4.96670000
1735721640000,93515.17000000,93532.29000000,93515.16000000,93515.16000000,4.60641000
1735721700000,93515.16000000,93515.17000000,93478.99000000,93479.00000000,3.89749000
1735721760000,93479.00000000,93479.00000000,93463.28000000,93463.28000000,1.61530000
1735721820000,93463.29000000,93463.29000000,93440.82000000,93441.70000000,9.93484000
1735721880000,93441.70000000,93441.71000000,93441.70000000,93441.70000000,1.19453000
1735721940000,93441.70000000,93441.71000000,93428.46000000,93428.46000000,5.04675000
1735722000000,93428.47000000,93455.90000000,93428.46000000,93455.89000000,6.64653000
1735722060000,93455.89000000,93470.89000000,93455.89000000,93470.89000000,7.54108000
1735722120000,93470.89000000,93477.29000000,93470.88000000,93477.28000000,3.55454000
1735722180000,93477.29000000,93485.49000000,93477.28000000,93485.49000000,3.25502000
1735722240000,93485.48000000,93486.10000000,93485.48000000,93486.09000000,4.05731000
1735722300000,93486.09000000,93486.29000000,93458.99000000,93458.99000000,6.14920000
1735722360000,93458.99000000,93459.00000000,93400.00000000,93404.33000000,7.52429000
1735722420000,93404.32000000,93404.33000000,93362.50000000,93367.38000000,5.13087000
1735722480000,93367.37000000,93392.89000000,93367.37000000,93389.05000000,4.18295000
1735722540000,93389.06000000,93413.89000000,93389.05000000,93413.88000000,3.81159000
1735722600000,93413.88000000,93420.00000000,93382.06000000,93382.07000000,8.01524000
1735722660000,93382.07000000,93382.16000000,93365.62000000,93365.62000000,9.44681000
1735722720000,93365.63000000,93365.63000000,93248.29000000,93248.30000000,14.29840000
1735722780000,93248.30000000,93267.53000000,93217.93000000,93242.46000000,12.63507000
1735722840000,93242.45000000,93327.15000000,93242.45000000,93327.15000000,18.23227000
1735722900000,93327.15000000,93327.15000000,93254.01000000,93254.01000000,6.50577000
1735722960000,93254.02000000,93312.10000000,93254.01000000,93280.23000000,10.30777000
1735723020000,93280.23000000,93280.29000000,93268.52000000,93269.64000000,3.47250000
1735723080000,93269.65000000,93280.43000000,93188.00000000,93219.68000000,13.58639000
1735723140000,93219.67000000,93268.18000000,93202.41000000,93268.17000000,6.28685000
1735723200000,93268.18000000,93279.45000000,93224.24000000,93226.01000000,22.57597000
1735723260000,93226.01000000,93303.04000000,93226.00000000,93303.03000000,5.84322000
1735723320000,93303.03000000,93303.04000000,93237.14000000,93259.99000000,8.18880000
1735723380000,93259.99000000,93260.00000000,93173.46000000,93173.46000000,9.56418000
1735723440000,93173.46000000,93190.01000000,93118.00000000,93118.00000000,21.14476000
1735723500000,93118.00000000,93136.02000000,93066.12000000,93101.13000000,29.31922000
1735723560000,93101.12000000,93101.13000000,92888.00000000,92994.25000000,128.47003000
1735723620000,92994.26000000,93075.31000000,92943.10000000,93060.83000000,32.93948000
1735723680000,93060.82000000,93060.83000000,93028.78000000,93033.27000000,4.38563000
1735723740000,93033.27000000,93141.92000000,93005.29000000,93141.91000000,14.71478000
1735723800000,93141.91000000,93157.15000000,93092.86000000,93131.22000000,45.59117000
1735723860000,93131.22000000,93212.00000000,93131.21000000,93211.99000000,7.99059000
1735723920000,93211.99000000,93279.69000000,93200.00000000,93267.23000000,35.63309000
1735723980000,93267.22000000,93293.31000000,93245.32000000,93293.30000000,47.24661000
1735724040000,93293.30000000,93302.52000000,93215.52000000,93215.52000000,6.83867000
1735724100000,93215.53000000,93215.53000000,93164.01000000,93164.01000000,6.86743000
1735724160000,93164.01000000,93164.02000000,93108.03000000,93108.03000000,3.18209000
1735724220000,93108.02000000,93120.12000000,93045.57000000,93045.57000000,6.38218000
1735724280000,93045.57000000,93056.21000000,93039.00000000,93039.01000000,5.19844000
1735724340000,93039.01000000,93070.57000000,93030.30000000,93053.07000000,15.34605000
1735724400000,93053.06000000,93053.06000000,93001.00000000,93016.87000000,9.03247000
1735724460000,93016.88000000,93089.21000000,93016.88000000,93080.43000000,5.79056000
1735724520000,93080.42000000,93080.42000000,93026.70000000,93045.53000000,11.40559000
1735724580000,93045.53000000,93109.66000000,93045.53000000,93109.65000000,5.15112000
1735724640000,93109.60000000,93121.77000000,93047.50000000,93106.31000000,18.47059000
1735724700000,93106.30000000,93110.00000000,93048.64000000,93050.95000000,9.45792000
1735724760000,93050.95000000,93090.72000000,93050.95000000,93090.71000000,3.70085000
1735724820000,93090.71000000,93169.28000000,93090.70000000,93169.28000000,4.66579000
1735724880000,93169.28000000,93198.96000000,93169.27000000,93198.96000000,8.41206000
1735724940000,93198.96000000,93242.43000000,93198.95000000,93204.01000000,5.33033000
1735725000000,93204.00000000,93230.47000000,93204.00000000,93230.47000000,16.55789000
1735725060000,93230.47000000,93414.83000000,93230.46000000,93413.70000000,14.72867000
1735725120000,93413.70000000,93446.48000000,93386.11000000,93416.03000000,26.69682000
1735725180000,93416.03000000,93416.03000000,93380.00000000,93412.52000000,5.63367000
1735725240000,93412.51000000,93412.52000000,93403.25000000,93403.26000000,6.06483000
1735725300000,93403.26000000,93409.94000000,93388.01000000,93397.35000000,4.93119000
1735725360000,93397.35000000,93397.38000000,93383.01000000,93383.01000000,9.28401000
1735725420000,93383.01000000,93402.14000000,93378.75000000,93402.13000000,12.01126000
1735725480000,93402.14000000,93413.07000000,93391.88000000,93413.07000000,6.00660000
1735725540000,93413.06000000,93420.00000000,93413.06000000,93413.06000000,3.10267000
1735725600000,93413.07000000,93425.59000000,93357.67000000,93370.82000000,21.82545000
1735725660000,93370.81000000,93427.95000000,93370.81000000,93427.95000000,3.05276000
1735725720000,93427.95000000,93478.60000000,93427.95000000,93478.60000000,3.36976000
1735725780000,93478.59000000,93518.89000000,93478.59000000,93518.88000000,6.44355000
1735725840000,93518.89000000,93534.95000000,93492.57000000,93492.57000000,7.44505000
1735725900000,93492.57000000,93529.19000000,93492.57000000,93515.16000000,1.84883000
1735725960000,93515.16000000,93515.17000000,93488.07000000,93488.07000000,3.41222000
1735726020000,93488.07000000,93503.08000000,93487.55000000,93498.99000000,3.90357000
1735726080000,93498.99000000,93499.00000000,93485.79000000,93485.80000000,3.10132000
1735726140000,93485.79000000,93485.80000000,93437.48000000,93437.49000000,7.87928000
1735726200000,93437.50000000,93441.57000000,93435.02000000,93435.02000000,2.35906000
1735726260000,93435.02000000,93435.03000000,93401.00000000,93426.74000000,8.32435000
1735726320000,93426.73000000,93426.74000000,93418.67000000,93419.54000000,1.82452000
1735726380000,93419.55000000,93419.55000000,93369.65000000,93376.54000000,7.42702000
1735726440000,93376.54000000,93384.27000000,93368.00000000,93384.27000000,1.74525000
1735726500000,93384.26000000,93445.85000000,93384.26000000,93435.22000000,5.79667000
1735726560000,93435.21000000,93435.22000000,93417.89000000,93417.90000000,3.10061000
1735726620000,93417.89000000,93445.84000000,93417.89000000,93445.83000000,2.42392000
1735726680000,93445.83000000,93457.03000000,93445.83000000,93457.03000000,3.85798000
1735726740000,93457.03000000,93519.64000000,93457.02000000,93519.64000000,6.08640000
1735726800000,93519.63000000,93519.64000000,93492.00000000,93492.01000000,4.95774000
1735726860000,93492.01000000,93536.75000000,93492.00000000,93532.91000000,4.70199000
1735726920000,93532.91000000,93532.91000000,93516.50000000,93516.96000000,1.59150000
1735726980000,93516.97000000,93531.23000000,93516.96000000,93531.23000000,1.45511000
1735727040000,93531.22000000,93531.23000000,93500.00000000,93500.17000000,3.66330000
1735727100000,93500.17000000,93525.35000000,93492.00000000,93492.01000000,5.32770000
1735727160000,93492.01000000,93492.01000000,93454.55000000,93454.56000000,1.60334000
1735727220000,93454.55000000,93454.56000000,93418.50000000,93419.29000000,8.58902000
1735727280000,93419.29000000,93419.30000000,93419.28000000,93419.29000000,1.02432000
1735727340000,93419.28000000,93419.29000000,93410.24000000,93410.25000000,0.73421000
1735727400000,93410.25000000,93424.62000000,93402.01000000,93424.62000000,2.29377000
1735727460000,93424.61000000,93493.80000000,93424.42000000,93493.79000000,14.75029000
1735727520000,93493.80000000,93509.74000000,93493.79000000,93494.11000000,4.19980000
1735727580000,93494.10000000,93494.11000000,93472.99000000,93472.99000000,1.61164000
1735727640000,93473.00000000,93473.00000000,93400.01000000,93400.02000000,2.81559000
1735727700000,93400.01000000,93409.01000000,93368.00000000,93409.01000000,5.57524000
1735727760000,93409.01000000,93409.01000000,93400.23000000,93400.23000000,1.32365000
1735727820000,93400.23000000,93418.13000000,93400.23000000,93418.13000000,2.55294000
1735727880000,93418.42000000,93418.76000000,93395.30000000,93395.31000000,5.51371000
1735727940000,93395.30000000,93395.31000000,93382.00000000,93382.01000000,4.20848000
1735728000000,93382.01000000,93382.01000000,93361.37000000,93361.38000000,3.61079000
1735728060000,93361.38000000,93361.38000000,93284.00000000,93284.01000000,4.72071000
1735728120000,93284.01000000,93335.19000000,93284.00000000,93335.19000000,3.72122000
1735728180000,93335.18000000,93397.96000000,93335.18000000,93397.96000000,4.62421000
1735728240000,93397.96000000,93416.64000000,93397.95000000,93397.96000000,3.83621000
1735728300000,93397.96000000,93407.31000000,93396.00000000,93407.31000000,2.95129000
1735728360000,93407.30000000,93416.64000000,93407.30000000,93412.84000000,3.14282000
1735728420000,93412.84000000,93412.84000000,93396.06000000,93396.07000000,2.72179000
1735728480000,93396.07000000,93401.54000000,93350.00000000,93350.00000000,5.26297000
1735728540000,93350.00000000,93375.02000000,93350.00000000,93365.66000000,2.97649000
1735728600000,93365.67000000,93365.67000000,93335.18000000,93335.19000000,3.68132000
1735728660000,93335.18000000,93335.19000000,93335.18000000,93335.19000000,0.56401000
1735728720000,93335.19000000,93335.19000000,93328.84000000,93330.60000000,4.95902000
1735728780000,93330.60000000,93330.61000000,93308.11000000,93308.11000000,1.83563000
1735728840000,93308.12000000,93334.76000000,93308.12000000,93325.41000000,7.94072000
1735728900000,93325.41000000,93350.01000000,93325.40000000,93350.00000000,4.22287000
1735728960000,93350.01000000,93353.18000000,93306.53000000,93306.54000000,3.71518000
1735729020000,93306.54000000,93306.54000000,93297.00000000,93297.00000000,1.01869000
1735729080000,93297.00000000,93306.53000000,93292.50000000,93294.13000000,7.31715000
1735729140000,93294.14000000,93326.24000000,93294.13000000,93326.23000000,9.00792000
1735729200000,93326.24000000,93349.37000000,93326.23000000,93349.37000000,2.32041000
1735729260000,93349.37000000,93355.66000000,93309.07000000,93309.07000000,3.41723000
1735729320000,93309.08000000,93309.08000000,93243.00000000,93243.01000000,2.02046000
1735729380000,93243.00000000,93280.38000000,93236.00000000,93262.04000000,5.53208000
1735729440000,93262.04000000,93262.05000000,93200.00000000,93215.04000000,4.49636000
1735729500000,93215.04000000,93238.31000000,93200.26000000,93200.27000000,6.87654000
1735729560000,93200.26000000,93217.49000000,93200.00000000,93217.48000000,3.13027000
1735729620000,93217.49000000,93312.56000000,93215.10000000,93312.55000000,4.97921000
1735729680000,93312.55000000,93345.95000000,93302.11000000,93345.94000000,4.25256000
1735729740000,93345.94000000,93355.71000000,93345.94000000,93355.71000000,2.88190000
1735729800000,93355.71000000,93376.63000000,93355.70000000,93358.04000000,7.16155000
1735729860000,93358.04000000,93358.05000000,93305.63000000,93305.63000000,5.92192000
1735729920000,93305.63000000,93313.92000000,93305.63000000,93313.92000000,2.30137000
1735729980000,93313.91000000,93342.83000000,93306.07000000,93342.82000000,7.99348000
1735730040000,93342.83000000,93342.83000000,93327.10000000,93331.58000000,13.10090000
1735730100000,93331.58000000,93392.88000000,93331.57000000,93392.88000000,10.82858000
1735730160000,93392.88000000,93392.88000000,93359.15000000,93359.15000000,10.27141000
1735730220000,93359.15000000,93396.00000000,93359.15000000,93395.99000000,7.56937000
1735730280000,93396.00000000,93470.36000000,93396.00000000,93470.36000000,10.18437000
1735730340000,93470.36000000,93470.36000000,93411.57000000,93411.58000000,5.05333000
1735730400000,93411.57000000,93429.32000000,93388.00000000,93388.00000000,3.26349000
1735730460000,93388.01000000,93412.00000000,93388.00000000,93411.99000000,4.23599000
1735730520000,93412.00000000,93420.75000000,93411.99000000,93420.75000000,2.42876000
1735730580000,93420.74000000,93470.99000000,93420.74000000,93470.99000000,8.34819000
1735730640000,93470.98000000,93479.58000000,93456.00000000,93456.00000000,4.65590000
1735730700000,93456.01000000,93472.00000000,93456.00000000,93464.47000000,2.80724000
1735730760000,93464.48000000,93464.48000000,93424.59000000,93424.60000000,2.32970000
1735730820000,93424.59000000,93446.86000000,93424.59000000,93446.85000000,5.15166000
1735730880000,93446.86000000,93451.00000000,93446.85000000,93450.99000000,2.20588000
1735730940000,93451.00000000,93485.88000000,93450.99000000,93485.88000000,4.22008000
1735731000000,93485.88000000,93512.00000000,93450.99000000,93457.36000000,7.40291000
1735731060000,93457.35000000,93457.49000000,93457.35000000,93457.49000000,0.86141000
1735731120000,93457.49000000,93457.49000000,93437.16000000,93452.54000000,2.74755000
1735731180000,93452.54000000,93453.08000000,93436.01000000,93436.02000000,2.61758000
1735731240000,93436.01000000,93441.62000000,93425.75000000,93441.61000000,1.79140000
1735731300000,93441.62000000,93441.62000000,93425.75000000,93425.75000000,2.47865000
1735731360000,93425.75000000,93425.76000000,93410.59000000,93410.60000000,1.55045000
1735731420000,93410.59000000,93429.96000000,93402.00000000,93429.95000000,4.23374000
1735731480000,93429.95000000,93429.96000000,93429.95000000,93429.95000000,1.03586000
1735731540000,93429.95000000,93429.96000000,93429.37000000,93429.37000000,1.43446000
1735731600000,93429.37000000,93535.50000000,93422.86000000,93534.71000000,10.09852000
1735731660000,93534.71000000,93578.76000000,93516.01000000,93547.66000000,9.03233000
1735731720000,93547.66000000,93547.66000000,93520.00000000,93539.04000000,6.78854000
1735731780000,93539.04000000,93545.56000000,93523.00000000,93540.20000000,4.72220000
1735731840000,93540.21000000,93605.82000000,93524.88000000,93593.24000000,15.99576000
1735731900000,93593.24000000,93701.92000000,93593.23000000,93678.16000000,16.24407000
1735731960000,93678.16000000,93705.08000000,93667.53000000,93667.54000000,13.55666000
1735732020000,93667.53000000,93667.54000000,93596.68000000,93614.34000000,6.29835000
1735732080000,93614.35000000,93615.34000000,93551.91000000,93560.21000000,3.04503000
1735732140000,93560.21000000,93560.21000000,93529.44000000,93535.00000000,4.85086000
1735732200000,93534.99000000,93540.00000000,93506.01000000,93539.99000000,5.35387000
1735732260000,93540.00000000,93540.00000000,93493.18000000,93519.11000000,4.32376000
1735732320000,93519.12000000,93519.12000000,93515.18000000,93517.84000000,1.99589000
1735732380000,93517.84000000,93517.84000000,93486.31000000,93486.32000000,3.39266000
1735732440000,93486.32000000,93486.32000000,93486.21000000,93486.21000000,2.48918000
1735732500000,93486.22000000,93486.22000000,93450.83000000,93450.84000000,7.19730000
1735732560000,93450.84000000,93472.37000000,93450.83000000,93456.00000000,4.56866000
1735732620000,93456.00000000,93458.23000000,93443.99000000,93444.00000000,8.57554000
1735732680000,93443.99000000,93453.50000000,93443.99000000,93453.50000000,2.37995000
1735732740000,93453.50000000,93465.21000000,93444.64000000,93444.64000000,4.71892000
1735732800000,93444.65000000,93452.37000000,93444.64000000,93445.31000000,5.07762000
1735732860000,93445.32000000,93448.00000000,93445.32000000,93448.00000000,1.87276000
1735732920000,93448.00000000,93448.00000000,93416.00000000,93416.00000000,3.78526000
1735732980000,93416.01000000,93426.75000000,93414.33000000,93417.84000000,8.97766000
1735733040000,93417.84000000,93500.48000000,93417.84000000,93500.47000000,11.13021000
1735733100000,93500.47000000,93510.27000000,93500.47000000,93510.26000000,1.75445000
1735733160000,93510.27000000,93511.37000000,93482.00000000,93482.00000000,4.79713000
1735733220000,93482.00000000,93482.01000000,93470.01000000,93470.02000000,3.30006000
1735733280000,93470.01000000,93478.55000000,93469.16000000,93478.55000000,3.47441000
1735733340000,93478.55000000,93482.70000000,93470.04000000,93482.70000000,6.67016000
1735733400000,93482.70000000,93482.70000000,93468.54000000,93468.55000000,1.55396000
1735733460000,93468.54000000,93468.54000000,93416.61000000,93416.62000000,3.51220000
1735733520000,93416.61000000,93416.62000000,93416.60000000,93416.60000000,2.80484000
1735733580000,93416.61000000,93423.59000000,93407.07000000,93407.07000000,2.91685000
1735733640000,93407.08000000,93451.38000000,93407.07000000,93451.38000000,5.12682000
1735733700000,93451.37000000,93479.65000000,93451.37000000,93479.65000000,2.38366000
1735733760000,93479.65000000,93479.66000000,93460.00000000,93476.88000000,3.89018000
1735733820000,93476.88000000,93501.28000000,93476.87000000,93501.28000000,10.09483000
1735733880000,93501.28000000,93545.46000000,93485.83000000,93545.45000000,7.88642000
1735733940000,93545.46000000,93573.17000000,93544.70000000,93544.71000000,3.62263000
1735734000000,93544.71000000,93648.90000000,93544.70000000,93630.10000000,38.34569000
1735734060000,93630.09000000,93650.49000000,93615.99000000,93650.49000000,8.91099000
1735734120000,93650.49000000,93758.66000000,93650.48000000,93752.62000000,55.48952000
1735734180000,93752.63000000,93799.99000000,93742.78000000,93799.99000000,20.00914000
1735734240000,93799.99000000,93842.10000000,93760.00000000,93782.31000000,38.15838000
1735734300000,93782.32000000,93841.80000000,93782.31000000,93818.19000000,15.11608000
1735734360000,93818.18000000,93818.19000000,93782.89000000,93811.12000000,11.47169000
1735734420000,93811.12000000,93839.80000000,93811.12000000,93839.79000000,7.58576000
1735734480000,93839.80000000,93972.00000000,93831.51000000,93967.94000000,34.84793000
1735734540000,93967.94000000,93967.94000000,93888.00000000,93888.31000000,10.14990000
1735734600000,93888.30000000,93895.02000000,93879.17000000,93879.18000000,5.69741000
1735734660000,93879.18000000,93909.10000000,93864.94000000,93901.09000000,13.92499000
1735734720000,93901.08000000,93901.09000000,93837.15000000,93837.15000000,18.80268000
1735734780000,93837.15000000,93874.55000000,93836.07000000,93848.49000000,6.20567000
1735734840000,93848.49000000,93848.49000000,93816.00000000,93816.00000000,5.27466000
1735734900000,93816.01000000,93846.81000000,93768.97000000,93790.97000000,22.54631000
1735734960000,93787.71000000,93845.44000000,93768.00000000,93822.63000000,9.48891000
1735735020000,93822.63000000,93876.00000000,93822.63000000,93843.24000000,7.16240000
1735735080000,93843.25000000,93863.00000000,93840.00000000,93840.01000000,1.77305000
1735735140000,93840.01000000,93840.01000000,93816.93000000,93839.99000000,2.21807000
1735735200000,93840.00000000,93874.40000000,93839.99000000,93865.47000000,7.08503000
1735735260000,93865.48000000,93876.28000000,93865.47000000,93871.48000000,2.14434000
1735735320000,93871.48000000,93871.49000000,93863.01000000,93863.02000000,1.89862000
1735735380000,93863.01000000,93863.49000000,93792.00000000,93813.82000000,5.58534000
1735735440000,93813.81000000,93813.82000000,93782.49000000,93782.50000000,2.43215000
1735735500000,93782.51000000,93782.51000000,93764.00000000,93764.00000000,1.87740000
1735735560000,93764.00000000,93764.01000000,93714.43000000,93714.44000000,4.80416000
1735735620000,93714.43000000,93750.33000000,93705.50000000,93729.49000000,10.03230000
1735735680000,93729.49000000,93729.50000000,93708.36000000,93708.36000000,2.60504000
1735735740000,93708.37000000,93736.83000000,93708.36000000,93710.64000000,2.22226000
1735735800000,93710.64000000,93710.65000000,93700.73000000,93708.36000000,2.66815000
1735735860000,93708.36000000,93728.56000000,93708.35000000,93728.55000000,2.58702000
1735735920000,93728.55000000,93728.55000000,93719.39000000,93719.40000000,3.35289000
1735735980000,93719.40000000,93739.63000000,93719.39000000,93739.63000000,2.53979000
1735736040000,93739.63000000,93769.39000000,93739.62000000,93769.38000000,3.19303000
1735736100000,93769.39000000,93812.18000000,93769.39000000,93787.09000000,4.64865000
1735736160000,93787.09000000,93810.50000000,93787.09000000,93797.62000000,3.36451000
1735736220000,93797.62000000,93843.99000000,93797.61000000,93820.76000000,5.06814000
1735736280000,93820.75000000,93822.66000000,93820.75000000,93820.75000000,2.36098000
1735736340000,93820.75000000,93820.76000000,93820.75000000,93820.76000000,1.07499000
1735736400000,93820.75000000,93820.76000000,93784.82000000,93786.13000000,2.78699000
1735736460000,93786.14000000,93800.00000000,93770.58000000,93800.00000000,4.73667000
1735736520000,93800.00000000,93839.23000000,93799.99000000,93839.23000000,6.29213000
1735736580000,93839.23000000,93864.07000000,93815.82000000,93815.83000000,6.93362000
1735736640000,93815.82000000,93900.00000000,93799.99000000,93899.99000000,14.84409000
1735736700000,93900.00000000,93900.00000000,93866.95000000,93866.96000000,7.08713000
1735736760000,93866.96000000,93866.96000000,93821.04000000,93828.47000000,4.46284000
1735736820000,93828.47000000,93856.95000000,93825.39000000,93825.39000000,3.48760000
1735736880000,93825.39000000,93825.40000000,93762.21000000,93762.21000000,6.97728000
1735736940000,93762.21000000,93762.22000000,93680.35000000,93680.36000000,5.21250000
1735737000000,93680.35000000,93690.75000000,93653.16000000,93689.99000000,4.05000000
1735737060000,93689.99000000,93707.41000000,93665.75000000,93665.75000000,4.70730000
1735737120000,93665.76000000,93677.31000000,93660.11000000,93660.12000000,2.99593000
1735737180000,93660.11000000,93677.15000000,93660.11000000,93677.14000000,3.95317000
1735737240000,93677.15000000,93677.15000000,93647.84000000,93658.13000000,4.80924000
1735737300000,93658.13000000,93703.53000000,93647.23000000,93703.53000000,2.84313000
1735737360000,93703.52000000,93727.28000000,93703.52000000,93707.92000000,4.65202000
1735737420000,93706.10000000,93706.10000000,93685.35000000,93692.09000000,2.45620000
1735737480000,93692.09000000,93692.10000000,93613.29000000,93633.49000000,7.54977000
1735737540000,93633.50000000,93680.49000000,93633.49000000,93680.49000000,3.76923000
1735737600000,93680.48000000,93706.18000000,93680.48000000,93688.80000000,4.18647000
1735737660000,93688.79000000,93688.80000000,93633.53000000,93634.54000000,8.14902000
1735737720000,93634.53000000,93634.53000000,93600.28000000,93618.04000000,3.57024000
1735737780000,93618.04000000,93669.29000000,93618.03000000,93669.28000000,5.46640000
1735737840000,93669.28000000,93669.29000000,93634.68000000,93634.69000000,3.80206000
1735737900000,93634.68000000,93650.00000000,93634.68000000,93634.69000000,3.18428000
1735737960000,93634.69000000,93663.35000000,93634.68000000,93663.34000000,3.90644000
1735738020000,93663.34000000,93750.00000000,93654.92000000,93730.00000000,16.63356000
1735738080000,93730.00000000,93792.69000000,93730.00000000,93778.89000000,5.07845000
1735738140000,93778.89000000,93778.90000000,93729.30000000,93729.30000000,3.81745000
1735738200000,93729.30000000,93785.57000000,93724.00000000,93785.57000000,5.30706000
1735738260000,93785.57000000,93790.88000000,93784.86000000,93790.88000000,4.50806000
1735738320000,93790.88000000,93813.00000000,93790.87000000,93812.99000000,2.36506000
1735738380000,93813.00000000,93859.51000000,93812.99000000,93836.00000000,5.22867000
1735738440000,93836.01000000,93854.16000000,93836.00000000,93854.16000000,4.14708000
1735738500000,93854.15000000,93888.98000000,93854.15000000,93867.10000000,3.26225000
1735738560000,93867.11000000,93867.11000000,93822.41000000,93822.42000000,5.61064000
1735738620000,93822.41000000,93833.23000000,93801.88000000,93833.23000000,2.86745000
1735738680000,93833.22000000,93857.91000000,93790.74000000,93790.74000000,5.15156000
1735738740000,93790.74000000,93796.99000000,93774.47000000,93777.35000000,2.69580000
1735738800000,93777.35000000,93777.36000000,93728.53000000,93771.85000000,4.15055000
1735738860000,93771.85000000,93819.10000000,93771.85000000,93819.09000000,5.19957000
1735738920000,93819.09000000,93823.87000000,93797.76000000,93797.76000000,3.06055000
1735738980000,93797.76000000,93797.77000000,93776.16000000,93776.50000000,5.67639000
1735739040000,93776.51000000,93776.51000000,93776.50000000,93776.51000000,1.02101000
1735739100000,93776.51000000,93797.77000000,93760.00000000,93760.00000000,4.19901000
1735739160000,93760.01000000,93796.11000000,93760.00000000,93796.11000000,1.54602000
1735739220000,93796.10000000,93891.25000000,93796.10000000,93873.74000000,4.65733000
1735739280000,93873.74000000,93892.26000000,93873.74000000,93892.26000000,1.97520000
1735739340000,93892.25000000,93900.00000000,93890.37000000,93897.18000000,14.49705000
1735739400000,93897.18000000,93897.18000000,93887.52000000,93891.25000000,3.47460000
1735739460000,93891.25000000,93919.42000000,93891.24000000,93912.33000000,4.80318000
1735739520000,93912.32000000,93924.24000000,93848.00000000,93848.00000000,4.27105000
1735739580000,93848.00000000,93894.22000000,93848.00000000,93880.01000000,11.83827000
1735739640000,93880.48000000,93887.36000000,93880.48000000,93880.48000000,2.05056000
1735739700000,93880.49000000,93885.60000000,93880.48000000,93885.60000000,3.12268000
1735739760000,93885.60000000,93888.63000000,93885.59000000,93887.03000000,1.58643000
1735739820000,93887.03000000,93953.03000000,93887.02000000,93953.02000000,8.08060000
1735739880000,93953.02000000,94026.16000000,93953.02000000,94026.15000000,41.28414000
1735739940000,94026.15000000,94058.79000000,94026.15000000,94031.76000000,10.32484000
1735740000000,94031.77000000,94150.15000000,94028.54000000,94150.15000000,32.65188000
1735740060000,94150.49000000,94183.38000000,94141.18000000,94182.52000000,18.31927000
1735740120000,94183.67000000,94211.62000000,94164.02000000,94197.41000000,17.53509000
1735740180000,94197.42000000,94361.49000000,94197.42000000,94331.68000000,39.75428000
1735740240000,94331.69000000,94371.73000000,94312.24000000,94371.72000000,26.76221000
1735740300000,94371.73000000,94450.85000000,94371.72000000,94445.72000000,18.61244000
1735740360000,94445.73000000,94445.73000000,94313.14000000,94313.15000000,12.14956000
1735740420000,94313.14000000,94358.96000000,94244.22000000,94244.22000000,7.60031000
1735740480000,94244.22000000,94333.33000000,94172.82000000,94333.32000000,11.12866000
1735740540000,94333.32000000,94346.88000000,94265.92000000,94265.92000000,7.86115000
1735740600000,94265.65000000,94348.09000000,94256.00000000,94348.09000000,18.23766000
1735740660000,94348.08000000,94348.44000000,94235.23000000,94237.49000000,9.99995000
1735740720000,94237.50000000,94263.04000000,94220.00000000,94259.45000000,18.38364000
1735740780000,94259.46000000,94265.30000000,94249.15000000,94265.29000000,5.10464000
1735740840000,94265.29000000,94265.30000000,94236.01000000,94245.19000000,5.47241000
1735740900000,94245.18000000,94266.82000000,94136.35000000,94190.99000000,18.42980000
1735740960000,94191.00000000,94225.94000000,94174.50000000,94225.54000000,9.29466000
1735741020000,94225.54000000,94295.85000000,94217.58000000,94284.37000000,12.21430000
1735741080000,94284.01000000,94288.41000000,94192.00000000,94192.00000000,10.50465000
1735741140000,94192.00000000,94217.00000000,94168.47000000,94168.47000000,7.98514000
1735741200000,94168.47000000,94204.81000000,94168.31000000,94195.85000000,1.74273000
1735741260000,94195.85000000,94195.86000000,94150.00000000,94188.01000000,6.88971000
1735741320000,94188.01000000,94201.09000000,94184.79000000,94184.79000000,5.91786000
1735741380000,94184.79000000,94203.36000000,94177.74000000,94192.86000000,3.86368000
1735741440000,94192.86000000,94192.87000000,94150.00000000,94170.94000000,15.02960000
1735741500000,94170.94000000,94170.94000000,94074.44000000,94074.45000000,17.71577000
1735741560000,94074.44000000,94074.44000000,93973.45000000,94019.32000000,9.29316000
1735741620000,94019.33000000,94049.50000000,94019.33000000,94039.45000000,9.52874000
1735741680000,94039.46000000,94056.00000000,94000.00000000,94000.01000000,9.15308000
1735741740000,94000.00000000,94000.01000000,93883.66000000,93919.99000000,19.04959000
1735741800000,93919.99000000,93920.00000000,93743.44000000,93743.45000000,13.77040000
1735741860000,93743.44000000,93809.45000000,93696.08000000,93809.45000000,13.01529000
1735741920000,93809.45000000,93837.63000000,93734.18000000,93786.69000000,13.99110000
1735741980000,93786.68000000,93786.69000000,93671.48000000,93739.99000000,23.30630000
1735742040000,93740.00000000,93848.49000000,93736.47000000,93789.51000000,13.15900000
1735742100000,93789.51000000,94024.82000000,93789.50000000,93993.85000000,24.88283000
1735742160000,93993.86000000,94140.00000000,93993.85000000,94125.74000000,18.88233000
1735742220000,94125.73000000,94134.91000000,94048.95000000,94048.96000000,9.03700000
1735742280000,94048.95000000,94066.37000000,94046.49000000,94060.64000000,7.24400000
1735742340000,94060.64000000,94070.54000000,94059.37000000,94063.97000000,4.48167000
1735742400000,94063.96000000,94100.00000000,94027.05000000,94027.05000000,9.55546000
1735742460000,94027.05000000,94084.07000000,94020.00000000,94060.90000000,14.42359000
1735742520000,94060.89000000,94080.68000000,94060.89000000,94069.78000000,5.17121000
1735742580000,94069.78000000,94069.79000000,93996.39000000,94012.42000000,22.88201000
1735742640000,94012.42000000,94012.42000000,93956.00000000,93976.51000000,9.18241000
1735742700000,93976.52000000,93976.52000000,93914.46000000,93961.95000000,6.45487000
1735742760000,93961.94000000,93998.07000000,93961.94000000,93998.06000000,3.82001000
1735742820000,93998.07000000,94217.00000000,93998.06000000,94183.32000000,15.88129000
1735742880000,94183.33000000,94225.58000000,94133.29000000,94133.29000000,15.61260000
1735742940000,94133.29000000,94165.83000000,94126.42000000,94127.91000000,24.85077000
1735743000000,94127.91000000,94185.28000000,94127.91000000,94183.44000000,8.56743000
1735743060000,94183.45000000,94184.67000000,94138.65000000,94183.68000000,30.54519000
1735743120000,94183.68000000,94183.68000000,94134.14000000,94139.52000000,4.66446000
1735743180000,94139.51000000,94139.52000000,94104.05000000,94104.06000000,2.37067000
1735743240000,94104.06000000,94127.67000000,94104.05000000,94121.99000000,6.30224000
1735743300000,94121.99000000,94148.98000000,94112.55000000,94145.25000000,3.25161000
1735743360000,94145.24000000,94180.75000000,94144.72000000,94180.74000000,2.81683000
1735743420000,94180.75000000,94183.68000000,94166.81000000,94180.29000000,3.63489000
1735743480000,94180.29000000,94180.29000000,94151.91000000,94176.76000000,7.91153000
1735743540000,94176.75000000,94176.76000000,94162.40000000,94175.89000000,6.05236000
1735743600000,94175.89000000,94175.90000000,94136.37000000,94136.37000000,4.87465000
1735743660000,94136.38000000,94172.00000000,94119.59000000,94172.00000000,6.68776000
1735743720000,94171.99000000,94172.00000000,94160.62000000,94162.33000000,4.83820000
1735743780000,94162.33000000,94200.00000000,94145.00000000,94200.00000000,6.20164000
1735743840000,94200.00000000,94265.75000000,94185.00000000,94185.00000000,8.36546000
1735743900000,94185.00000000,94198.49000000,94167.45000000,94171.50000000,3.96090000
1735743960000,94171.49000000,94187.40000000,94112.32000000,94112.33000000,13.56935000
1735744020000,94112.32000000,94163.56000000,94112.00000000,94163.56000000,2.73243000
1735744080000,94163.56000000,94163.56000000,94088.01000000,94088.01000000,4.78712000
1735744140000,94088.00000000,94106.91000000,94078.59000000,94097.49000000,3.12595000
1735744200000,94097.48000000,94106.63000000,94080.01000000,94100.00000000,9.52856000
1735744260000,94100.00000000,94100.00000000,94015.23000000,94031.62000000,4.14623000
1735744320000,94031.62000000,94031.63000000,93984.85000000,94003.49000000,11.73895000
1735744380000,94003.48000000,94003.48000000,93950.00000000,93950.00000000,6.05014000
1735744440000,93950.01000000,93982.34000000,93900.00000000,93982.33000000,9.72332000
1735744500000,93982.33000000,93995.94000000,93950.00000000,93950.00000000,7.83523000
1735744560000,93950.01000000,93993.67000000,93914.83000000,93991.23000000,6.10684000
1735744620000,93991.22000000,94056.99000000,93985.63000000,94045.46000000,10.24559000
1735744680000,94045.46000000,94045.47000000,94012.56000000,94039.36000000,3.90657000
1735744740000,94039.36000000,94153.31000000,94039.35000000,94148.16000000,12.87440000
1735744800000,94148.16000000,94170.55000000,94135.84000000,94159.02000000,7.95727000
1735744860000,94159.02000000,94183.93000000,94159.01000000,94167.71000000,3.95984000
1735744920000,94167.71000000,94173.37000000,94150.33000000,94166.09000000,4.41879000
1735744980000,94166.09000000,94183.92000000,94152.74000000,94183.91000000,4.69684000
1735745040000,94183.92000000,94239.93000000,94183.91000000,94216.27000000,13.45595000
1735745100000,94216.26000000,94219.98000000,94206.01000000,94218.34000000,6.67280000
1735745160000,94218.34000000,94224.92000000,94190.29000000,94207.43000000,7.16602000
1735745220000,94207.43000000,94207.43000000,94136.36000000,94136.37000000,25.01139000
1735745280000,94136.37000000,94166.01000000,94136.36000000,94166.01000000,3.15599000
1735745340000,94166.01000000,94166.01000000,94160.50000000,94160.50000000,3.70405000
1735745400000,94160.50000000,94169.32000000,94110.80000000,94147.39000000,6.85483000
1735745460000,94147.39000000,94159.00000000,94147.38000000,94159.00000000,2.46955000
1735745520000,94159.00000000,94210.90000000,94157.39000000,94157.40000000,5.50795000
1735745580000,94157.39000000,94157.39000000,94128.04000000,94138.29000000,9.46220000
1735745640000,94138.29000000,94154.31000000,94132.00000000,94132.01000000,3.75279000
1735745700000,94132.00000000,94132.01000000,94105.14000000,94108.01000000,1.89127000
1735745760000,94108.01000000,94112.14000000,94108.01000000,94112.14000000,2.14433000
1735745820000,94112.13000000,94124.01000000,94100.00000000,94100.00000000,3.56911000
1735745880000,94100.00000000,94130.00000000,94089.16000000,94129.99000000,5.91656000
1735745940000,94130.00000000,94174.49000000,94129.99000000,94174.48000000,4.84775000
1735746000000,94174.49000000,94180.53000000,94174.48000000,94180.52000000,2.83177000
1735746060000,94180.52000000,94180.53000000,94152.00000000,94156.91000000,5.14575000
1735746120000,94156.91000000,94184.66000000,94156.91000000,94184.65000000,3.55968000
1735746180000,94184.65000000,94237.76000000,94184.64000000,94237.75000000,11.46702000
1735746240000,94237.75000000,94247.78000000,94237.75000000,94247.18000000,9.96903000
1735746300000,94247.19000000,94260.00000000,94242.98000000,94254.02000000,11.45975000
1735746360000,94254.02000000,94353.00000000,94254.01000000,94312.55000000,18.31850000
1735746420000,94312.54000000,94412.52000000,94290.40000000,94370.00000000,28.36969000
1735746480000,94370.00000000,94387.26000000,94334.62000000,94387.26000000,42.49583000
1735746540000,94387.25000000,94387.26000000,94333.59000000,94336.00000000,4.66715000
1735746600000,94335.99000000,94338.62000000,94276.13000000,94308.00000000,5.32066000
1735746660000,94308.00000000,94338.62000000,94307.39000000,94313.57000000,8.40101000
1735746720000,94313.58000000,94344.74000000,94313.57000000,94333.50000000,4.70429000
1735746780000,94333.50000000,94358.30000000,94333.50000000,94349.37000000,10.42189000
1735746840000,94349.37000000,94368.00000000,94341.83000000,94353.45000000,6.55826000
1735746900000,94353.45000000,94353.46000000,94311.22000000,94318.79000000,2.69598000
1735746960000,94318.80000000,94320.00000000,94318.00000000,94318.01000000,4.97617000
1735747020000,94318.00000000,94441.16000000,94318.00000000,94441.15000000,12.94996000
1735747080000,94441.16000000,94500.00000000,94430.00000000,94451.85000000,17.00391000
1735747140000,94451.85000000,94451.85000000,94392.53000000,94432.94000000,6.85308000
1735747200000,94432.94000000,94492.00000000,94412.00000000,94438.99000000,61.56456000
1735747260000,94438.99000000,94439.00000000,94369.57000000,94394.04000000,26.88958000
1735747320000,94394.05000000,94405.65000000,94335.21000000,94393.36000000,9.01933000
1735747380000,94393.36000000,94393.36000000,94307.50000000,94347.99000000,21.80266000
1735747440000,94347.99000000,94348.00000000,94303.75000000,94342.66000000,6.01785000
1735747500000,94342.66000000,94375.65000000,94326.43000000,94375.65000000,14.31745000
1735747560000,94375.65000000,94381.73000000,94352.00000000,94363.22000000,4.45745000
1735747620000,94363.22000000,94450.82000000,94363.22000000,94429.96000000,11.49039000
1735747680000,94429.96000000,94431.63000000,94381.60000000,94390.41000000,2.59109000
1735747740000,94390.42000000,94425.74000000,94390.41000000,94421.04000000,5.10535000
1735747800000,94421.03000000,94421.04000000,94392.70000000,94395.12000000,7.59538000
1735747860000,94395.12000000,94395.13000000,94340.81000000,94340.94000000,6.55705000
1735747920000,94340.94000000,94340.94000000,94274.27000000,94305.73000000,9.88386000
1735747980000,94305.73000000,94305.73000000,94272.51000000,94272.52000000,5.22726000
1735748040000,94272.52000000,94280.00000000,94250.00000000,94274.63000000,6.50267000
1735748100000,94274.62000000,94274.62000000,94187.26000000,94216.52000000,7.45487000
1735748160000,94216.51000000,94216.52000000,94171.01000000,94190.44000000,7.44736000
1735748220000,94190.43000000,94199.01000000,94155.46000000,94189.80000000,18.43742000
1735748280000,94189.80000000,94227.28000000,94152.02000000,94152.03000000,6.88633000
1735748340000,94152.03000000,94173.42000000,94113.37000000,94113.38000000,6.54734000
1735748400000,94113.38000000,94165.65000000,94113.37000000,94137.05000000,8.81585000
1735748460000,94137.05000000,94187.91000000,94136.36000000,94187.91000000,9.89596000
1735748520000,94187.90000000,94209.96000000,94120.75000000,94126.19000000,13.65284000
1735748580000,94126.20000000,94139.79000000,94096.01000000,94139.78000000,8.37345000
1735748640000,94139.78000000,94178.34000000,94139.78000000,94178.34000000,6.96465000
1735748700000,94178.34000000,94227.28000000,94178.33000000,94202.75000000,12.17027000
1735748760000,94202.75000000,94220.99000000,94200.06000000,94213.97000000,5.02463000
1735748820000,94213.97000000,94220.99000000,94150.00000000,94150.00000000,7.76073000
1735748880000,94150.00000000,94150.00000000,94128.34000000,94137.64000000,4.06953000
1735748940000,94137.64000000,94149.99000000,94137.63000000,94149.98000000,2.44717000
1735749000000,94149.99000000,94157.86000000,94075.75000000,94075.75000000,8.16807000
1735749060000,94075.75000000,94075.76000000,94040.82000000,94064.30000000,10.07569000
1735749120000,94064.31000000,94116.35000000,94064.30000000,94095.56000000,7.60735000
1735749180000,94095.56000000,94101.94000000,94053.44000000,94057.27000000,9.89992000
1735749240000,94057.26000000,94094.57000000,94047.92000000,94094.57000000,22.51029000
1735749300000,94094.57000000,94150.00000000,94091.01000000,94105.54000000,10.16238000
1735749360000,94105.53000000,94169.55000000,94105.53000000,94169.54000000,7.74492000
1735749420000,94169.54000000,94188.77000000,94157.17000000,94157.75000000,5.92865000
1735749480000,94157.74000000,94181.50000000,94143.63000000,94143.63000000,5.18745000
1735749540000,94143.64000000,94156.25000000,94132.00000000,94142.10000000,3.08355000
1735749600000,94142.09000000,94142.09000000,94068.31000000,94068.32000000,2.56429000
1735749660000,94068.32000000,94084.87000000,94068.31000000,94071.51000000,3.69411000
1735749720000,94071.51000000,94075.45000000,94050.00000000,94050.00000000,5.61094000
1735749780000,94050.00000000,94050.01000000,94020.01000000,94031.43000000,5.14206000
1735749840000,94031.44000000,94031.44000000,94017.37000000,94017.38000000,2.25565000
1735749900000,94017.37000000,94047.59000000,94017.37000000,94047.59000000,7.95735000
1735749960000,94047.59000000,94047.59000000,94027.40000000,94027.40000000,3.22316000
1735750020000,94027.39000000,94027.39000000,94000.00000000,94000.00000000,37.21133000
1735750080000,94000.01000000,94000.01000000,94000.00000000,94000.00000000,4.55538000
1735750140000,94000.00000000,94016.82000000,94000.00000000,94016.82000000,8.10210000
1735750200000,94016.81000000,94041.55000000,94016.81000000,94034.83000000,6.02190000
1735750260000,94034.83000000,94038.45000000,93942.16000000,93964.20000000,16.83119000
1735750320000,93964.19000000,93970.21000000,93944.94000000,93946.10000000,6.15220000
1735750380000,93946.09000000,93948.01000000,93922.00000000,93922.00000000,2.53396000
1735750440000,93922.01000000,94027.87000000,93922.00000000,94027.86000000,25.68163000
1735750500000,94027.86000000,94027.87000000,94019.21000000,94019.89000000,5.14573000
1735750560000,94019.90000000,94019.90000000,93984.91000000,94010.81000000,8.64541000
1735750620000,94010.82000000,94065.15000000,94010.81000000,94064.01000000,6.08214000
1735750680000,94064.01000000,94085.61000000,94064.00000000,94085.61000000,3.88162000
1735750740000,94085.60000000,94090.50000000,94080.49000000,94090.49000000,3.64309000
1735750800000,94090.50000000,94131.66000000,94064.92000000,94131.66000000,9.40843000
1735750860000,94131.65000000,94131.66000000,94056.64000000,94078.34000000,6.94892000
1735750920000,94078.35000000,94078.35000000,94017.84000000,94017.84000000,4.63957000
1735750980000,94017.85000000,94049.17000000,94001.04000000,94041.35000000,4.42502000
1735751040000,94041.35000000,94049.64000000,94000.00000000,94000.01000000,2.81443000
1735751100000,94000.01000000,94011.47000000,93956.33000000,93956.33000000,3.14595000
1735751160000,93956.33000000,93987.03000000,93927.14000000,93987.03000000,5.02782000
1735751220000,93987.03000000,94014.51000000,93969.68000000,94004.18000000,5.96938000
1735751280000,94004.19000000,94004.19000000,93933.55000000,93933.55000000,3.96693000
1735751340000,93933.55000000,93958.48000000,93933.55000000,93958.18000000,3.13887000
1735751400000,93958.18000000,93958.19000000,93900.00000000,93934.86000000,13.29942000
1735751460000,93934.85000000,93934.86000000,93859.88000000,93872.84000000,10.91836000
1735751520000,93872.85000000,93922.49000000,93865.75000000,93922.49000000,10.65893000
1735751580000,93922.48000000,93922.49000000,93886.58000000,93886.58000000,2.86805000
1735751640000,93886.58000000,93886.59000000,93863.11000000,93863.12000000,3.26784000
1735751700000,93863.12000000,93902.54000000,93863.11000000,93902.53000000,3.86449000
1735751760000,93902.53000000,93916.55000000,93866.94000000,93905.03000000,9.43607000
1735751820000,93905.03000000,93905.04000000,93905.03000000,93905.03000000,7.09472000
1735751880000,93905.04000000,93905.04000000,93760.93000000,93760.93000000,19.20437000
1735751940000,93760.93000000,93804.50000000,93760.93000000,93794.67000000,12.04488000
1735752000000,93794.68000000,93833.34000000,93794.67000000,93833.34000000,6.87451000
1735752060000,93833.33000000,93903.87000000,93833.33000000,93903.86000000,6.86265000
1735752120000,93903.87000000,93934.79000000,93893.94000000,93915.12000000,5.37338000
1735752180000,93915.13000000,93949.38000000,93915.12000000,93949.38000000,5.00293000
1735752240000,93949.38000000,93949.38000000,93932.00000000,93937.09000000,2.60099000
1735752300000,93937.10000000,93965.85000000,93937.09000000,93965.00000000,5.01190000
1735752360000,93965.00000000,93965.01000000,93954.54000000,93954.54000000,1.68493000
1735752420000,93954.54000000,93999.56000000,93954.54000000,93980.39000000,4.27940000
1735752480000,93980.39000000,93980.40000000,93966.77000000,93966.77000000,1.94426000
1735752540000,93966.77000000,93973.12000000,93966.77000000,93973.11000000,2.02707000
1735752600000,93973.12000000,93993.09000000,93973.11000000,93974.99000000,4.82526000
1735752660000,93974.99000000,94026.94000000,93974.99000000,94026.53000000,4.90662000
1735752720000,94026.53000000,94026.53000000,93990.14000000,93990.15000000,2.73778000
1735752780000,93990.15000000,94011.49000000,93990.14000000,93990.14000000,3.88547000
1735752840000,93990.15000000,94011.48000000,93990.14000000,94011.48000000,1.41331000
1735752900000,94011.48000000,94040.63000000,94011.47000000,94040.63000000,3.68223000
1735752960000,94040.63000000,94088.84000000,94040.63000000,94088.83000000,5.23591000
1735753020000,94088.83000000,94088.84000000,94031.57000000,94031.57000000,8.14308000
1735753080000,94031.58000000,94062.16000000,94031.57000000,94062.15000000,1.77113000
1735753140000,94062.16000000,94071.04000000,94059.98000000,94062.02000000,1.84731000
1735753200000,94062.01000000,94062.02000000,94036.35000000,94036.36000000,4.28418000
1735753260000,94036.36000000,94054.43000000,94036.35000000,94054.33000000,2.52999000
1735753320000,94054.33000000,94054.33000000,94054.32000000,94054.33000000,0.51806000
1735753380000,94054.32000000,94054.33000000,94017.64000000,94017.64000000,3.44511000
1735753440000,94017.64000000,94027.41000000,94017.64000000,94027.41000000,1.67869000
1735753500000,94027.40000000,94027.41000000,93933.34000000,93948.83000000,6.79319000
1735753560000,93948.84000000,93955.91000000,93931.80000000,93931.80000000,2.07115000
1735753620000,93931.80000000,93931.81000000,93900.01000000,93930.18000000,8.47796000
1735753680000,93930.18000000,93930.19000000,93897.75000000,93918.37000000,3.97474000
1735753740000,93918.37000000,93930.00000000,93918.37000000,93920.01000000,2.41673000
1735753800000,93920.01000000,93984.85000000,93920.00000000,93984.84000000,5.69997000
1735753860000,93984.85000000,93984.85000000,93984.84000000,93984.85000000,1.43179000
1735753920000,93984.84000000,94016.00000000,93979.60000000,94016.00000000,3.48530000
1735753980000,94015.99000000,94094.00000000,94015.99000000,94082.10000000,6.40729000
1735754040000,94082.10000000,94151.04000000,94082.09000000,94116.01000000,12.19796000
1735754100000,94116.00000000,94189.16000000,94116.00000000,94174.95000000,5.60973000
1735754160000,94172.75000000,94172.75000000,94125.51000000,94125.52000000,1.57988000
1735754220000,94125.51000000,94129.00000000,94108.00000000,94128.99000000,3.65722000
1735754280000,94128.99000000,94129.00000000,94128.99000000,94129.00000000,0.65417000
1735754340000,94128.99000000,94147.82000000,94128.99000000,94143.85000000,4.70227000
1735754400000,94143.84000000,94155.78000000,94118.63000000,94118.64000000,6.14698000
1735754460000,94118.64000000,94118.64000000,94064.00000000,94064.00000000,4.05621000
1735754520000,94064.01000000,94075.42000000,94060.31000000,94060.31000000,3.01666000
1735754580000,94060.31000000,94083.37000000,94060.31000000,94083.36000000,1.50582000
1735754640000,94083.36000000,94083.36000000,94024.01000000,94033.24000000,5.86255000
1735754700000,94033.23000000,94033.24000000,93983.20000000,94022.86000000,5.16544000
1735754760000,94022.85000000,94022.85000000,93996.01000000,93996.02000000,3.37587000
1735754820000,93996.01000000,94009.73000000,93980.00000000,94009.72000000,1.98687000
1735754880000,94009.72000000,94024.90000000,93964.00000000,93965.10000000,3.08697000
1735754940000,93965.10000000,94007.40000000,93965.10000000,93998.12000000,2.28989000
1735755000000,93998.12000000,93998.12000000,93936.44000000,93936.45000000,2.53963000
1735755060000,93936.44000000,93962.09000000,93936.44000000,93962.08000000,1.74544000
1735755120000,93962.08000000,93981.05000000,93954.54000000,93981.04000000,3.18206000
1735755180000,93981.05000000,94025.28000000,93981.04000000,94025.27000000,3.40110000
1735755240000,94025.28000000,94026.99000000,93999.51000000,93999.51000000,1.49193000
1735755300000,93999.52000000,94045.46000000,93999.51000000,94044.78000000,7.71986000
1735755360000,94044.77000000,94107.22000000,94044.77000000,94107.21000000,4.20882000
1735755420000,94107.21000000,94107.22000000,94075.76000000,94075.76000000,2.73610000
1735755480000,94075.76000000,94083.51000000,94070.07000000,94070.07000000,3.17380000
1735755540000,94070.08000000,94126.82000000,94070.07000000,94126.82000000,3.78482000
1735755600000,94126.82000000,94136.37000000,94126.81000000,94136.36000000,1.04793000
1735755660000,94136.36000000,94156.27000000,94136.36000000,94156.26000000,1.97437000
1735755720000,94156.26000000,94156.27000000,94128.06000000,94128.07000000,2.59340000
1735755780000,94128.07000000,94206.00000000,94120.16000000,94204.99000000,7.11138000
1735755840000,94204.99000000,94205.00000000,94184.55000000,94184.56000000,1.82915000
1735755900000,94184.56000000,94192.39000000,94178.00000000,94178.01000000,2.00622000
1735755960000,94178.00000000,94192.39000000,94168.00000000,94192.39000000,2.15124000
1735756020000,94192.39000000,94240.44000000,94192.38000000,94240.44000000,5.68703000
1735756080000,94240.44000000,94240.44000000,94216.47000000,94216.48000000,1.82791000
1735756140000,94216.47000000,94216.48000000,94208.43000000,94208.43000000,1.35263000
1735756200000,94208.43000000,94218.93000000,94203.69000000,94217.90000000,3.25765000
1735756260000,94217.90000000,94276.24000000,94217.89000000,94276.24000000,5.38404000
1735756320000,94276.24000000,94290.70000000,94276.23000000,94290.69000000,3.96057000
1735756380000,94290.70000000,94300.00000000,94286.58000000,94300.00000000,11.43426000
1735756440000,94299.99000000,94300.00000000,94264.67000000,94264.68000000,4.64804000
1735756500000,94264.67000000,94264.68000000,94191.73000000,94191.73000000,8.45092000
1735756560000,94191.74000000,94236.98000000,94191.73000000,94236.97000000,7.90359000
1735756620000,94236.98000000,94263.14000000,94223.63000000,94263.14000000,3.16819000
1735756680000,94263.13000000,94305.73000000,94263.13000000,94301.47000000,4.13227000
1735756740000,94301.47000000,94305.70000000,94276.48000000,94284.42000000,8.64308000
1735756800000,94284.43000000,94300.06000000,94276.43000000,94293.50000000,8.14086000
1735756860000,94293.50000000,94293.51000000,94252.41000000,94252.42000000,5.43775000
1735756920000,94252.42000000,94252.42000000,94244.21000000,94244.22000000,2.48680000
1735756980000,94244.22000000,94244.22000000,94225.97000000,94225.97000000,4.20839000
1735757040000,94225.97000000,94278.72000000,94225.97000000,94278.71000000,3.66167000
1735757100000,94278.72000000,94356.00000000,94278.72000000,94355.99000000,11.62410000
1735757160000,94356.00000000,94356.00000000,94316.00000000,94318.19000000,4.90110000
1735757220000,94318.18000000,94332.70000000,94318.18000000,94319.26000000,4.97730000
1735757280000,94319.26000000,94380.44000000,94318.20000000,94368.75000000,14.48913000
1735757340000,94368.75000000,94368.76000000,94297.41000000,94297.41000000,9.19323000
1735757400000,94297.42000000,94314.55000000,94276.91000000,94297.04000000,9.10758000
1735757460000,94297.05000000,94314.55000000,94262.02000000,94262.02000000,4.30460000
1735757520000,94262.03000000,94276.45000000,94262.02000000,94265.86000000,3.43232000
1735757580000,94265.87000000,94265.87000000,94234.24000000,94234.24000000,5.48059000
1735757640000,94234.25000000,94265.86000000,94234.24000000,94246.52000000,5.50239000
1735757700000,94246.53000000,94252.80000000,94246.52000000,94246.53000000,2.21923000
1735757760000,94246.53000000,94263.72000000,94246.53000000,94263.71000000,2.33289000
1735757820000,94263.71000000,94375.48000000,94244.00000000,94375.47000000,26.15450000
1735757880000,94375.47000000,94375.48000000,94350.00000000,94350.00000000,2.41703000
1735757940000,94350.00000000,94350.01000000,94340.06000000,94340.06000000,2.67616000
1735758000000,94340.06000000,94363.48000000,94321.19000000,94354.07000000,7.85365000
1735758060000,94354.07000000,94370.00000000,94301.03000000,94301.03000000,8.85015000
1735758120000,94301.04000000,94330.16000000,94301.03000000,94318.02000000,4.10617000
1735758180000,94318.03000000,94361.33000000,94318.02000000,94361.32000000,3.57956000
1735758240000,94361.32000000,94361.33000000,94348.49000000,94348.49000000,3.27589000
1735758300000,94348.50000000,94348.50000000,94299.42000000,94299.42000000,4.00169000
1735758360000,94299.42000000,94299.43000000,94288.41000000,94297.58000000,3.06828000
1735758420000,94297.58000000,94308.00000000,94284.00000000,94284.01000000,4.76266000
1735758480000,94284.00000000,94294.17000000,94275.39000000,94294.17000000,2.91690000
1735758540000,94294.17000000,94314.41000000,94294.16000000,94299.66000000,2.67464000
1735758600000,94299.67000000,94299.67000000,94276.68000000,94280.05000000,3.47321000
1735758660000,94280.04000000,94364.75000000,94280.04000000,94364.74000000,5.21595000
1735758720000,94364.74000000,94398.74000000,94364.74000000,94390.83000000,6.01088000
1735758780000,94390.84000000,94390.84000000,94356.00000000,94356.22000000,7.30191000
1735758840000,94356.22000000,94356.23000000,94353.01000000,94353.01000000,1.36726000
1735758900000,94353.02000000,94353.02000000,94236.89000000,94249.40000000,19.21589000
1735758960000,94249.40000000,94249.40000000,94169.89000000,94198.61000000,5.65104000
1735759020000,94198.60000000,94226.99000000,94198.60000000,94226.98000000,2.07414000
1735759080000,94226.98000000,94250.11000000,94226.98000000,94250.10000000,3.06656000
1735759140000,94250.11000000,94250.11000000,94236.80000000,94246.82000000,3.03618000
1735759200000,94246.81000000,94289.99000000,94246.81000000,94283.10000000,2.74515000
1735759260000,94283.10000000,94283.10000000,94260.57000000,94260.57000000,3.37850000
1735759320000,94260.58000000,94260.58000000,94228.00000000,94228.01000000,3.35958000
1735759380000,94228.00000000,94228.01000000,94168.01000000,94168.01000000,3.98928000
1735759440000,94168.02000000,94226.34000000,94168.01000000,94226.34000000,10.94106000
1735759500000,94226.33000000,94241.02000000,94226.33000000,94241.02000000,5.83519000
1735759560000,94241.02000000,94249.79000000,94227.27000000,94227.28000000,3.92353000
1735759620000,94227.27000000,94240.35000000,94220.31000000,94232.03000000,6.83260000
1735759680000,94232.03000000,94246.63000000,94232.03000000,94246.63000000,1.41408000
1735759740000,94246.63000000,94265.87000000,94246.62000000,94261.99000000,3.77158000
1735759800000,94261.99000000,94262.00000000,94180.00000000,94180.01000000,6.42868000
1735759860000,94180.00000000,94209.95000000,94179.17000000,94209.95000000,6.54801000
1735759920000,94209.95000000,94209.95000000,94170.62000000,94175.76000000,6.72218000
1735759980000,94175.77000000,94175.77000000,94148.34000000,94148.34000000,3.22427000
1735760040000,94148.34000000,94196.00000000,94148.34000000,94196.00000000,4.08829000
1735760100000,94195.99000000,94332.66000000,94195.99000000,94332.66000000,11.86695000
1735760160000,94332.65000000,94381.21000000,94332.65000000,94381.20000000,6.90827000
1735760220000,94381.21000000,94381.21000000,94361.99000000,94362.00000000,3.93705000
1735760280000,94362.00000000,94369.27000000,94356.34000000,94356.35000000,1.87487000
1735760340000,94356.35000000,94356.35000000,94334.37000000,94337.21000000,4.98600000
1735760400000,94337.22000000,94337.22000000,94293.95000000,94331.85000000,5.59434000
1735760460000,94331.85000000,94331.85000000,94298.64000000,94298.65000000,4.30020000
1735760520000,94298.64000000,94340.49000000,94298.64000000,94334.39000000,6.16365000
1735760580000,94334.39000000,94400.00000000,94334.38000000,94399.99000000,5.88358000
1735760640000,94399.99000000,94450.81000000,94399.99000000,94447.76000000,17.43687000
1735760700000,94447.77000000,94450.00000000,94401.14000000,94428.87000000,13.73526000
1735760760000,94428.87000000,94666.00000000,94394.31000000,94623.99000000,68.82084000
1735760820000,94623.99000000,94728.25000000,94623.98000000,94706.21000000,28.66340000
1735760880000,94706.21000000,94755.46000000,94706.20000000,94751.09000000,10.49979000
1735760940000,94751.10000000,94823.75000000,94740.15000000,94742.42000000,29.40455000
1735761000000,94742.43000000,94803.03000000,94742.42000000,94780.00000000,14.83343000
1735761060000,94780.01000000,94780.01000000,94675.01000000,94728.63000000,10.91113000
1735761120000,94728.63000000,94728.64000000,94668.33000000,94700.00000000,10.57146000
1735761180000,94699.99000000,94701.42000000,94681.82000000,94684.61000000,4.69463000
1735761240000,94684.61000000,94684.62000000,94600.19000000,94607.12000000,14.54071000
1735761300000,94607.13000000,94658.04000000,94538.09000000,94658.03000000,24.57349000
1735761360000,94658.03000000,94658.04000000,94525.15000000,94542.69000000,52.56796000
1735761420000,94542.69000000,94571.30000000,94542.69000000,94566.99000000,5.16496000
1735761480000,94567.00000000,94642.29000000,94566.99000000,94642.28000000,8.24570000
1735761540000,94642.28000000,94649.58000000,94627.07000000,94627.07000000,4.24004000
1735761600000,94627.08000000,94666.33000000,94627.07000000,94659.99000000,13.95083000
1735761660000,94659.99000000,94687.74000000,94659.99000000,94668.25000000,5.65924000
1735761720000,94668.24000000,94714.53000000,94668.24000000,94714.53000000,8.96921000
1735761780000,94714.52000000,94725.46000000,94714.52000000,94725.46000000,1.40729000
1735761840000,94725.46000000,94793.77000000,94725.46000000,94772.00000000,10.43827000
1735761900000,94772.00000000,94785.09000000,94743.81000000,94743.82000000,7.94282000
1735761960000,94743.82000000,94765.62000000,94743.81000000,94765.62000000,5.15998000
1735762020000,94765.62000000,94765.62000000,94720.96000000,94720.96000000,7.29874000
1735762080000,94720.96000000,94742.41000000,94704.40000000,94729.93000000,15.30906000
1735762140000,94729.92000000,94729.93000000,94718.05000000,94718.05000000,1.96035000
1735762200000,94718.05000000,94723.02000000,94685.85000000,94685.86000000,3.39939000
1735762260000,94685.85000000,94693.92000000,94668.24000000,94668.24000000,4.97438000
1735762320000,94668.03000000,94677.63000000,94662.99000000,94677.62000000,3.71161000
1735762380000,94677.62000000,94712.13000000,94677.62000000,94712.12000000,5.19766000
1735762440000,94712.12000000,94725.16000000,94684.66000000,94696.79000000,6.94286000
1735762500000,94696.79000000,94735.88000000,94696.79000000,94724.03000000,14.02262000
1735762560000,94724.03000000,94836.00000000,94724.03000000,94821.26000000,33.97451000
1735762620000,94821.26000000,94821.27000000,94732.16000000,94732.16000000,6.60806000
1735762680000,94732.16000000,94732.17000000,94636.00000000,94659.61000000,7.88408000
1735762740000,94659.61000000,94659.62000000,94624.37000000,94624.38000000,6.63224000
1735762800000,94624.37000000,94624.38000000,94579.83000000,94588.64000000,7.01071000
1735762860000,94588.63000000,94620.11000000,94588.63000000,94620.10000000,4.37427000
1735762920000,94620.10000000,94666.42000000,94620.10000000,94652.49000000,7.12425000
1735762980000,94652.50000000,94654.71000000,94644.22000000,94644.22000000,4.18650000
1735763040000,94644.22000000,94659.09000000,94608.50000000,94608.50000000,4.98482000
1735763100000,94608.51000000,94623.99000000,94608.50000000,94611.05000000,5.17332000
1735763160000,94611.05000000,94651.52000000,94611.04000000,94651.52000000,5.12552000
1735763220000,94651.52000000,94681.82000000,94651.51000000,94681.82000000,3.29655000
1735763280000,94681.81000000,94722.65000000,94671.85000000,94722.65000000,4.61030000
1735763340000,94722.64000000,94722.65000000,94685.33000000,94711.84000000,4.07012000
1735763400000,94711.84000000,94785.86000000,94711.84000000,94785.86000000,2.71931000
1735763460000,94785.87000000,94797.17000000,94715.12000000,94715.12000000,6.02620000
1735763520000,94715.13000000,94792.00000000,94700.05000000,94773.00000000,19.16282000
1735763580000,94773.00000000,94773.01000000,94713.39000000,94713.41000000,5.87311000
1735763640000,94713.40000000,94737.50000000,94708.00000000,94708.00000000,5.10590000
1735763700000,94708.00000000,94731.50000000,94708.00000000,94728.29000000,3.96878000
1735763760000,94728.30000000,94756.91000000,94724.62000000,94724.63000000,4.28416000
1735763820000,94724.62000000,94724.63000000,94660.00000000,94660.00000000,4.81682000
1735763880000,94660.01000000,94660.01000000,94644.15000000,94652.73000000,1.70873000
1735763940000,94652.72000000,94660.01000000,94644.55000000,94644.98000000,5.54624000
1735764000000,94644.98000000,94711.47000000,94644.97000000,94711.46000000,5.84326000
1735764060000,94711.47000000,94774.42000000,94705.71000000,94738.43000000,4.90032000
1735764120000,94738.43000000,94738.44000000,94725.67000000,94725.67000000,5.34696000
1735764180000,94725.67000000,94725.68000000,94681.82000000,94712.41000000,5.48703000
1735764240000,94712.42000000,94742.43000000,94693.27000000,94724.02000000,7.13697000
1735764300000,94724.02000000,94742.43000000,94716.43000000,94741.65000000,6.40268000
1735764360000,94741.65000000,94794.74000000,94738.37000000,94794.74000000,6.90618000
1735764420000,94794.73000000,94800.00000000,94753.71000000,94753.72000000,9.97753000
1735764480000,94753.72000000,94777.52000000,94733.56000000,94777.51000000,4.54859000
1735764540000,94777.51000000,94847.98000000,94777.51000000,94847.98000000,4.56524000
1735764600000,94847.97000000,94847.98000000,94785.05000000,94786.04000000,4.69991000
1735764660000,94786.03000000,94850.00000000,94786.03000000,94850.00000000,11.11422000
1735764720000,94849.99000000,94852.06000000,94810.67000000,94832.87000000,14.05521000
1735764780000,94832.88000000,94836.08000000,94832.87000000,94836.07000000,5.32953000
1735764840000,94836.08000000,94850.87000000,94836.07000000,94847.03000000,5.48395000
1735764900000,94847.04000000,94852.70000000,94840.00000000,94842.82000000,6.26775000
1735764960000,94842.81000000,94842.81000000,94812.54000000,94815.21000000,15.01452000
1735765020000,94815.20000000,94815.21000000,94792.00000000,94792.00000000,12.01617000
1735765080000,94792.00000000,94792.34000000,94771.02000000,94771.02000000,4.95026000
1735765140000,94771.03000000,94792.00000000,94771.02000000,94786.23000000,3.76677000
1735765200000,94786.23000000,94845.22000000,94781.08000000,94803.48000000,7.53955000
1735765260000,94803.48000000,94886.25000000,94803.48000000,94882.56000000,14.82119000
1735765320000,94882.56000000,94917.87000000,94882.55000000,94906.72000000,33.71582000
1735765380000,94906.72000000,94917.24000000,94865.29000000,94865.29000000,10.27379000
1735765440000,94865.30000000,94896.00000000,94865.29000000,94880.06000000,8.74538000
1735765500000,94880.39000000,94880.39000000,94787.08000000,94814.67000000,6.90192000
1735765560000,94814.66000000,94877.86000000,94792.88000000,94877.86000000,11.96082000
1735765620000,94877.85000000,94877.86000000,94808.69000000,94808.69000000,4.29373000
1735765680000,94808.70000000,94808.70000000,94759.22000000,94759.23000000,7.56251000
1735765740000,94759.22000000,94759.23000000,94750.01000000,94750.01000000,5.45395000
1735765800000,94750.01000000,94750.01000000,94742.96000000,94742.96000000,3.99949000
1735765860000,94742.96000000,94765.07000000,94714.88000000,94765.03000000,11.75049000
1735765920000,94765.02000000,94765.03000000,94712.26000000,94712.26000000,6.41696000
1735765980000,94712.26000000,94712.26000000,94687.87000000,94687.87000000,17.59277000
1735766040000,94687.88000000,94801.89000000,94687.87000000,94772.73000000,37.96773000
1735766100000,94772.72000000,94801.53000000,94766.49000000,94797.93000000,3.51073000
1735766160000,94797.93000000,94824.32000000,94771.66000000,94771.66000000,6.11813000
1735766220000,94771.66000000,94798.71000000,94771.66000000,94797.54000000,2.89869000
1735766280000,94797.54000000,94813.47000000,94797.54000000,94803.11000000,3.96158000
1735766340000,94803.10000000,94803.10000000,94780.14000000,94780.14000000,3.35102000
1735766400000,94780.15000000,94875.32000000,94780.14000000,94874.43000000,15.61426000
1735766460000,94874.42000000,95000.00000000,94874.42000000,94991.05000000,34.34521000
1735766520000,94991.06000000,95046.16000000,94984.85000000,94991.06000000,62.48848000
1735766580000,94991.06000000,95151.15000000,94991.05000000,95136.48000000,22.95727000
1735766640000,95136.48000000,95137.45000000,95065.69000000,95065.69000000,18.75746000
1735766700000,95065.69000000,95065.69000000,94984.84000000,94984.84000000,12.73653000
1735766760000,94984.85000000,95007.56000000,94936.49000000,94947.19000000,7.45367000
1735766820000,94947.20000000,94954.22000000,94938.39000000,94941.59000000,4.76150000
1735766880000,94941.60000000,94941.60000000,94941.59000000,94941.60000000,1.89073000
1735766940000,94941.60000000,94955.99000000,94941.59000000,94955.98000000,1.38509000
1735767000000,94955.99000000,95000.00000000,94848.21000000,94848.21000000,15.72317000
1735767060000,94848.01000000,94877.98000000,94833.33000000,94876.28000000,3.74270000
1735767120000,94876.27000000,94876.28000000,94810.43000000,94810.43000000,9.52876000
1735767180000,94810.44000000,94830.14000000,94780.14000000,94830.14000000,2.65799000
1735767240000,94830.13000000,94850.00000000,94830.13000000,94833.36000000,4.06723000
1735767300000,94833.36000000,94833.36000000,94781.47000000,94781.48000000,6.08840000
1735767360000,94781.48000000,94790.49000000,94752.00000000,94779.99000000,6.57144000
1735767420000,94780.00000000,94780.00000000,94756.81000000,94756.81000000,6.86730000
1735767480000,94756.82000000,94766.92000000,94734.57000000,94734.57000000,3.69398000
1735767540000,94734.57000000,94772.73000000,94734.57000000,94772.73000000,4.88397000
1735767600000,94772.73000000,94833.33000000,94772.72000000,94833.32000000,6.26491000
1735767660000,94833.33000000,94899.95000000,94833.32000000,94899.95000000,2.57779000
1735767720000,94899.94000000,94922.57000000,94832.31000000,94832.31000000,5.78246000
1735767780000,94832.32000000,94851.28000000,94832.31000000,94851.28000000,6.39761000
1735767840000,94851.28000000,94867.84000000,94780.32000000,94788.80000000,24.89424000
1735767900000,94789.18000000,94852.03000000,94789.18000000,94842.60000000,4.26623000
1735767960000,94842.59000000,94850.86000000,94837.33000000,94844.60000000,4.97323000
1735768020000,94844.60000000,94845.84000000,94826.69000000,94832.91000000,8.39402000
1735768080000,94832.91000000,94832.92000000,94804.53000000,94804.53000000,4.91130000
1735768140000,94804.53000000,94873.91000000,94796.00000000,94845.85000000,10.54656000
1735768200000,94845.86000000,94849.57000000,94844.00000000,94849.56000000,1.02998000
1735768260000,94849.57000000,94947.40000000,94849.56000000,94922.68000000,9.96501000
1735768320000,94922.69000000,94961.88000000,94868.91000000,94894.40000000,22.43567000
1735768380000,94894.40000000,94897.84000000,94876.00000000,94886.13000000,10.96867000
1735768440000,94886.14000000,94922.35000000,94886.13000000,94922.34000000,4.80174000
1735768500000,94922.34000000,94946.61000000,94906.00000000,94946.61000000,19.40169000
1735768560000,94946.60000000,94957.34000000,94921.38000000,94922.47000000,5.12122000
1735768620000,94922.47000000,94922.48000000,94900.00000000,94904.57000000,10.43758000
1735768680000,94904.57000000,94904.57000000,94874.50000000,94874.51000000,11.23360000
1735768740000,94874.50000000,94984.85000000,94874.50000000,94978.48000000,7.35666000
1735768800000,94978.48000000,94984.85000000,94948.01000000,94948.01000000,6.30868000
1735768860000,94948.01000000,94997.32000000,94941.49000000,94941.50000000,9.01369000
1735768920000,94941.50000000,94941.50000000,94891.87000000,94891.87000000,3.07003000
1735768980000,94891.88000000,94898.95000000,94885.86000000,94893.94000000,2.97593000
1735769040000,94893.93000000,94893.94000000,94856.62000000,94856.63000000,2.78149000
1735769100000,94856.63000000,94884.17000000,94856.62000000,94865.76000000,3.46201000
1735769160000,94865.75000000,94865.75000000,94791.50000000,94795.38000000,13.20663000
1735769220000,94795.38000000,94795.39000000,94776.18000000,94776.18000000,3.44976000
1735769280000,94776.18000000,94776.18000000,94685.81000000,94749.64000000,21.84957000
1735769340000,94749.63000000,94755.85000000,94687.19000000,94734.54000000,16.63538000
1735769400000,94734.54000000,94734.54000000,94731.47000000,94731.48000000,1.98335000
1735769460000,94731.47000000,94848.02000000,94731.47000000,94840.77000000,25.33251000
1735769520000,94840.77000000,94840.78000000,94797.78000000,94797.78000000,4.25001000
1735769580000,94797.79000000,94797.79000000,94789.74000000,94789.74000000,1.69953000
1735769640000,94789.75000000,94845.49000000,94789.75000000,94836.01000000,12.46147000
1735769700000,94836.01000000,94859.42000000,94833.99000000,94836.79000000,7.36105000
1735769760000,94836.79000000,94836.80000000,94772.00000000,94781.56000000,4.72045000
1735769820000,94781.57000000,94802.74000000,94781.56000000,94802.73000000,4.18151000
1735769880000,94802.74000000,94821.04000000,94802.73000000,94821.03000000,1.91152000
1735769940000,94821.04000000,94827.88000000,94766.08000000,94767.02000000,10.85075000
1735770000000,94767.02000000,94815.03000000,94767.01000000,94782.91000000,13.35210000
1735770060000,94782.90000000,94816.05000000,94782.90000000,94816.05000000,3.64885000
1735770120000,94816.05000000,94828.65000000,94816.04000000,94828.64000000,4.66096000
1735770180000,94828.64000000,94828.65000000,94816.04000000,94816.05000000,3.49463000
1735770240000,94816.04000000,94816.05000000,94816.04000000,94816.05000000,2.72032000
1735770300000,94816.05000000,94824.82000000,94816.04000000,94816.04000000,2.78391000
1735770360000,94816.04000000,94816.05000000,94816.04000000,94816.04000000,2.25047000
1735770420000,94816.04000000,94816.05000000,94740.49000000,94740.49000000,10.52539000
1735770480000,94740.50000000,94740.50000000,94720.43000000,94720.44000000,4.49497000
1735770540000,94720.44000000,94735.51000000,94720.43000000,94735.50000000,10.83293000
1735770600000,94735.49000000,94795.72000000,94735.49000000,94781.74000000,10.30444000
1735770660000,94781.74000000,94796.12000000,94781.74000000,94796.12000000,6.78676000
1735770720000,94796.12000000,94805.37000000,94796.11000000,94805.36000000,1.10927000
1735770780000,94805.37000000,94805.37000000,94789.18000000,94789.18000000,3.55315000
1735770840000,94789.19000000,94790.60000000,94789.18000000,94790.59000000,4.40286000
1735770900000,94790.60000000,94796.12000000,94790.59000000,94796.12000000,5.39248000
1735770960000,94796.12000000,94850.00000000,94796.12000000,94845.57000000,24.14370000
1735771020000,94845.57000000,94846.57000000,94804.40000000,94804.40000000,5.57023000
1735771080000,94804.40000000,94804.40000000,94798.61000000,94798.62000000,3.22989000
1735771140000,94798.61000000,94846.22000000,94798.61000000,94833.41000000,8.89229000
1735771200000,94833.40000000,94846.21000000,94833.40000000,94836.64000000,4.76690000
1735771260000,94836.64000000,94836.64000000,94830.50000000,94830.51000000,4.93828000
1735771320000,94830.51000000,94830.51000000,94830.50000000,94830.50000000,1.32459000
1735771380000,94830.50000000,94883.29000000,94830.50000000,94883.29000000,9.40996000
1735771440000,94883.30000000,94970.34000000,94883.29000000,94955.21000000,10.08827000
1735771500000,94955.20000000,94955.21000000,94952.33000000,94952.33000000,0.76471000
1735771560000,94952.34000000,94952.34000000,94908.00000000,94908.00000000,3.53399000
1735771620000,94908.01000000,94908.01000000,94897.82000000,94897.83000000,1.56603000
1735771680000,94897.82000000,94897.83000000,94897.82000000,94897.82000000,1.75613000
1735771740000,94897.82000000,94897.83000000,94897.81000000,94897.82000000,3.60836000
1735771800000,94897.82000000,94897.82000000,94869.29000000,94869.29000000,6.05641000
1735771860000,94869.30000000,94869.30000000,94833.33000000,94833.34000000,3.23596000
1735771920000,94833.34000000,94844.58000000,94830.36000000,94844.57000000,3.77251000
1735771980000,94844.57000000,94855.35000000,94844.57000000,94855.35000000,4.36138000
1735772040000,94855.34000000,94893.07000000,94855.34000000,94893.06000000,4.97400000
1735772100000,94893.07000000,94908.98000000,94850.62000000,94850.62000000,7.79013000
1735772160000,94850.63000000,94884.08000000,94837.59000000,94865.10000000,26.61624000
1735772220000,94865.10000000,94865.10000000,94828.71000000,94828.71000000,9.42802000
1735772280000,94828.71000000,94828.71000000,94767.77000000,94813.03000000,9.64510000
1735772340000,94813.03000000,94816.00000000,94802.98000000,94802.98000000,2.48213000
1735772400000,94802.99000000,94829.92000000,94792.83000000,94809.23000000,7.36281000
1735772460000,94809.22000000,94809.23000000,94729.84000000,94732.68000000,6.03830000
1735772520000,94732.68000000,94747.95000000,94686.90000000,94697.00000000,17.04568000
1735772580000,94697.58000000,94700.00000000,94666.30000000,94677.23000000,19.71362000
1735772640000,94677.23000000,94816.94000000,94677.22000000,94807.99000000,11.31607000
1735772700000,94807.99000000,94830.10000000,94795.49000000,94803.53000000,6.78059000
1735772760000,94803.53000000,94848.30000000,94803.53000000,94848.29000000,3.97942000
1735772820000,94848.29000000,94893.94000000,94848.29000000,94863.64000000,5.72403000
1735772880000,94863.64000000,94939.80000000,94860.95000000,94935.99000000,5.28288000
1735772940000,94935.98000000,94952.29000000,94888.00000000,94888.01000000,13.36788000
1735773000000,94888.01000000,94888.01000000,94862.25000000,94880.17000000,3.62010000
1735773060000,94880.17000000,94911.09000000,94880.17000000,94889.26000000,8.03885000
1735773120000,94889.26000000,94924.25000000,94889.25000000,94911.12000000,10.80752000
1735773180000,94911.00000000,94911.00000000,94826.71000000,94836.03000000,6.96506000
1735773240000,94836.02000000,94853.31000000,94836.02000000,94853.31000000,1.95981000
1735773300000,94853.31000000,94853.31000000,94806.26000000,94806.26000000,3.91860000
1735773360000,94806.26000000,94806.27000000,94746.00000000,94746.01000000,8.63310000
1735773420000,94746.01000000,94765.78000000,94745.00000000,94751.98000000,4.64754000
1735773480000,94751.98000000,94751.99000000,94681.81000000,94681.81000000,4.44750000
1735773540000,94681.82000000,94727.72000000,94681.81000000,94700.01000000,6.88912000
1735773600000,94700.01000000,94710.96000000,94675.02000000,94702.00000000,11.71127000
1735773660000,94702.01000000,94720.00000000,94702.00000000,94712.13000000,3.42054000
1735773720000,94712.12000000,94720.10000000,94656.01000000,94662.49000000,22.51876000
1735773780000,94662.49000000,94683.41000000,94656.32000000,94667.27000000,13.60949000
1735773840000,94667.26000000,94667.27000000,94642.39000000,94642.40000000,6.04055000
1735773900000,94642.39000000,94642.41000000,94626.00000000,94629.60000000,6.98934000
1735773960000,94629.60000000,94674.20000000,94629.59000000,94674.20000000,3.65713000
1735774020000,94674.19000000,94674.20000000,94629.59000000,94634.57000000,7.71169000
1735774080000,94634.57000000,94643.00000000,94600.00000000,94642.99000000,7.00195000
1735774140000,94643.00000000,94667.98000000,94637.69000000,94637.69000000,4.32251000
1735774200000,94637.69000000,94660.44000000,94624.01000000,94660.43000000,10.02960000
1735774260000,94660.44000000,94660.44000000,94622.00000000,94622.00000000,5.65456000
1735774320000,94622.00000000,94668.02000000,94613.47000000,94668.01000000,5.47230000
1735774380000,94668.01000000,94668.02000000,94652.00000000,94652.01000000,3.52005000
1735774440000,94652.01000000,94691.11000000,94652.01000000,94691.11000000,5.74157000
1735774500000,94691.11000000,94691.11000000,94633.04000000,94653.43000000,4.64311000
1735774560000,94653.44000000,94653.44000000,94542.00000000,94583.62000000,10.08770000
1735774620000,94583.61000000,94655.87000000,94583.61000000,94655.86000000,15.72606000
1735774680000,94655.87000000,94655.87000000,94585.64000000,94585.64000000,6.08816000
1735774740000,94585.64000000,94624.00000000,94585.64000000,94623.99000000,3.40597000
1735774800000,94623.99000000,94624.00000000,94623.99000000,94624.00000000,1.34514000
1735774860000,94623.99000000,94681.82000000,94623.99000000,94675.85000000,3.58802000
1735774920000,94675.86000000,94710.03000000,94675.85000000,94710.03000000,4.76660000
1735774980000,94710.03000000,94716.00000000,94710.02000000,94715.99000000,2.82764000
1735775040000,94716.00000000,94757.29000000,94715.99000000,94732.01000000,6.17308000
1735775100000,94732.01000000,94756.61000000,94725.12000000,94744.01000000,4.87089000
1735775160000,94743.45000000,94743.45000000,94742.86000000,94742.86000000,1.16964000
1735775220000,94742.86000000,94744.22000000,94742.86000000,94744.22000000,5.10052000
1735775280000,94744.22000000,94744.22000000,94690.56000000,94690.57000000,9.36212000
1735775340000,94690.57000000,94690.57000000,94642.93000000,94642.94000000,6.71533000
1735775400000,94642.93000000,94644.57000000,94622.00000000,94622.00000000,5.20330000
1735775460000,94622.01000000,94622.01000000,94601.22000000,94601.22000000,3.94133000
1735775520000,94601.23000000,94605.26000000,94597.59000000,94605.25000000,3.46839000
1735775580000,94605.25000000,94616.00000000,94592.26000000,94593.73000000,31.20468000
1735775640000,94593.72000000,94610.12000000,94593.72000000,94601.27000000,4.63164000
1735775700000,94601.28000000,94609.47000000,94596.82000000,94609.47000000,1.94623000
1735775760000,94609.47000000,94643.26000000,94609.46000000,94643.26000000,4.44622000
1735775820000,94643.25000000,94665.22000000,94642.43000000,94642.43000000,4.90859000
1735775880000,94642.43000000,94642.44000000,94605.51000000,94605.51000000,8.29700000
1735775940000,94605.52000000,94605.52000000,94591.21000000,94591.79000000,9.05069000
