InicioUtcMs,FinUtcMsExclusivo,Open,High,Low,Close,Volume,MinutosEsperados,MinutosRecibidos,EsParcial
1704153600000,1704157200000,44179.55000000,45200.00000000,44148.34000000,45056.00000000,6986.25967000,60,60,False
1704157200000,1704160800000,45056.00000000,45372.79000000,44686.00000000,44855.96000000,4397.86376000,60,60,False
1704160800000,1704164400000,44855.96000000,45381.42000000,44855.95000000,45378.96000000,3016.04235000,60,60,False
1704164400000,1704168000000,45378.96000000,45500.00000000,45131.10000000,45402.38000000,2693.12081000,60,60,False
1704168000000,1704171600000,45402.38000000,45468.99000000,45170.00000000,45179.80000000,2268.27572000,60,60,False
1704171600000,1704175200000,45179.80000000,45324.72000000,45121.96000000,45179.48000000,1617.28420000,60,60,False
1704175200000,1704178800000,45179.48000000,45308.15000000,45130.00000000,45168.75000000,1390.33832000,60,60,False
1704178800000,1704182400000,45168.75000000,45643.75000000,45168.74000000,45455.53000000,3112.52478000,60,60,False
1704182400000,1704186000000,45455.52000000,45852.93000000,45326.60000000,45759.30000000,3323.21707000,60,60,False
1704186000000,1704189600000,45759.30000000,45879.63000000,45631.10000000,45673.48000000,2096.46195000,60,60,False
1704189600000,1704193200000,45673.48000000,45711.10000000,45431.52000000,45584.99000000,2069.22249000,60,60,False
1704193200000,1704196800000,45585.00000000,45698.67000000,45200.00000000,45433.99000000,2538.49307000,60,60,False
1704196800000,1704200400000,45433.99000000,45589.68000000,45271.04000000,45301.99000000,2128.11147000,60,60,False
1704200400000,1704204000000,45302.00000000,45705.80000000,45264.39000000,45637.93000000,2253.76868000,60,60,False
1704204000000,1704207600000,45637.92000000,45800.00000000,44970.00000000,45258.73000000,4553.21243000,60,60,False
1704207600000,1704211200000,45258.73000000,45349.98000000,44833.33000000,45184.82000000,4301.03657000,60,60,False
1704211200000,1704214800000,45184.83000000,45399.84000000,44890.11000000,45357.84000000,3052.23783000,60,60,False
1704214800000,1704218400000,45357.84000000,45382.08000000,44950.48000000,44966.15000000,2540.00308000,60,60,False
1704218400000,1704222000000,44966.16000000,45271.20000000,44944.00000000,45154.69000000,1806.07730000,60,60,False
1704222000000,1704225600000,45154.70000000,45243.00000000,44790.96000000,45039.49000000,2347.28624000,60,60,False
1704225600000,1704229200000,45039.49000000,45180.55000000,44742.96000000,44788.28000000,1940.02489000,60,60,False
1704229200000,1704232800000,44788.27000000,45119.76000000,44600.00000000,45119.74000000,2043.74183000,60,60,False
1704232800000,1704236400000,45119.74000000,45297.26000000,44840.01000000,44981.73000000,1591.57491000,60,60,False
1704236400000,1704240000000,44981.72000000,45049.98000000,44802.01000000,44946.91000000,1080.22719000,60,60,False
1704240000000,1704243600000,44946.91000000,45212.57000000,44862.11000000,45135.61000000,1410.31904000,60,60,False
1704243600000,1704247200000,45135.61000000,45329.83000000,45102.72000000,45317.58000000,1166.18095000,60,60,False
1704247200000,1704250800000,45317.58000000,45410.91000000,45211.73000000,45274.57000000,1434.81631000,60,60,False
1704250800000,1704254400000,45274.57000000,45310.00000000,45151.91000000,45262.69000000,739.36966000,60,60,False
1704254400000,1704258000000,45262.70000000,45272.16000000,45115.59000000,45183.45000000,796.78600000,60,60,False
1704258000000,1704261600000,45183.45000000,45294.11000000,45118.91000000,45172.13000000,849.38832000,60,60,False
1704261600000,1704265200000,45172.12000000,45363.19000000,45160.00000000,45326.93000000,1264.55564000,60,60,False
1704265200000,1704268800000,45326.92000000,45384.84000000,44940.93000000,45011.77000000,1780.38521000,60,60,False
1704268800000,1704272400000,45011.77000000,45200.00000000,45001.10000000,45200.00000000,1462.95207000,60,60,False
1704272400000,1704276000000,45200.00000000,45500.00000000,45185.39000000,45344.67000000,2006.28796000,60,60,False
1704276000000,1704279600000,45344.66000000,45398.37000000,45045.95000000,45151.91000000,1918.59612000,60,60,False
1704279600000,1704283200000,45151.91000000,45174.07000000,43500.00000000,43702.88000000,7849.69163000,60,60,False
1704283200000,1704286800000,43702.89000000,43716.00000000,40750.00000000,42789.38000000,20155.46959000,60,60,False
1704286800000,1704290400000,42789.39000000,42820.92000000,42310.00000000,42529.40000000,5587.04560000,60,60,False
1704290400000,1704294000000,42529.40000000,42532.00000000,42050.00000000,42179.99000000,4566.28860000,60,60,False
1704294000000,1704297600000,42180.00000000,43009.02000000,42175.14000000,43000.01000000,5175.34831000,60,60,False
1704297600000,1704301200000,43000.01000000,43567.92000000,42773.34000000,42992.67000000,6973.81609000,60,60,False
1704301200000,1704304800000,42992.68000000,43034.59000000,42600.00000000,42906.00000000,2945.17641000,60,60,False
1704304800000,1704308400000,42906.00000000,43050.00000000,42000.00000000,42255.72000000,3314.04996000,60,60,False
1704308400000,1704312000000,42255.72000000,43011.10000000,42161.10000000,42596.67000000,3662.29946000,60,60,False
1704312000000,1704315600000,42596.66000000,42846.17000000,42518.70000000,42721.02000000,1931.53987000,60,60,False
1704315600000,1704319200000,42721.02000000,42966.27000000,42581.10000000,42917.62000000,1692.53055000,60,60,False
1704319200000,1704322800000,42917.61000000,42941.10000000,42596.24000000,42749.68000000,1385.88591000,60,60,False
1704322800000,1704326400000,42749.69000000,42845.23000000,42591.09000000,42845.23000000,1125.77247000,60,60,False
1704326400000,1704330000000,42845.23000000,42983.77000000,42754.00000000,42874.01000000,1619.84247000,60,60,False
1704330000000,1704333600000,42874.00000000,42936.79000000,42613.77000000,42708.01000000,1337.96527000,60,60,False
1704333600000,1704337200000,42708.01000000,43219.36000000,42690.02000000,43138.49000000,1256.17270000,60,60,False
1704337200000,1704340800000,43138.50000000,43220.56000000,43002.15000000,43102.80000000,1274.15811000,60,60,False
1704340800000,1704344400000,43102.79000000,43200.00000000,42955.50000000,43149.99000000,1080.01392000,60,60,False
1704344400000,1704348000000,43149.99000000,43273.08000000,43072.70000000,43183.74000000,971.30246000,60,60,False
1704348000000,1704351600000,43183.74000000,43232.95000000,43086.59000000,43155.46000000,989.98669000,60,60,False
1704351600000,1704355200000,43155.46000000,43261.64000000,42756.97000000,42763.08000000,2402.09322000,60,60,False
1704355200000,1704358800000,42763.08000000,42975.38000000,42699.83000000,42849.66000000,1650.32861000,60,60,False
1704358800000,1704362400000,42849.67000000,43084.38000000,42849.66000000,43007.74000000,1411.97913000,60,60,False
1704362400000,1704366000000,43007.73000000,43100.00000000,42616.28000000,43073.26000000,2250.33233000,60,60,False
1704366000000,1704369600000,43073.26000000,43233.81000000,42927.33000000,43176.32000000,1433.76942000,60,60,False
1704369600000,1704373200000,43176.33000000,43423.95000000,43097.06000000,43378.12000000,2238.88425000,60,60,False
1704373200000,1704376800000,43378.11000000,43484.84000000,43167.27000000,43346.68000000,1658.84054000,60,60,False
1704376800000,1704380400000,43346.67000000,43753.15000000,43250.00000000,43676.07000000,2649.80670000,60,60,False
1704380400000,1704384000000,43676.07000000,44329.99000000,43608.00000000,44051.10000000,5051.47874000,60,60,False
1704384000000,1704387600000,44051.10000000,44134.80000000,43777.86000000,43915.71000000,2764.45038000,60,60,False
1704387600000,1704391200000,43915.70000000,44225.75000000,43827.69000000,43990.01000000,2510.89188000,60,60,False
1704391200000,1704394800000,43990.01000000,44152.09000000,43881.31000000,44048.96000000,1520.18678000,60,60,False
1704394800000,1704398400000,44048.95000000,44437.50000000,43910.01000000,43956.48000000,2603.99272000,60,60,False
1704398400000,1704402000000,43956.48000000,44690.00000000,43890.90000000,44113.68000000,3043.38975000,60,60,False
1704402000000,1704405600000,44113.68000000,44589.04000000,44113.67000000,44430.86000000,2538.90479000,60,60,False
1704405600000,1704409200000,44430.86000000,44729.58000000,44150.64000000,44318.00000000,2470.81905000,60,60,False
1704409200000,1704412800000,44318.01000000,44355.22000000,44050.00000000,44151.10000000,1308.47343000,60,60,False
1704412800000,1704416400000,44151.10000000,44248.47000000,43950.84000000,44211.10000000,1764.77429000,60,60,False
1704416400000,1704420000000,44211.10000000,44284.00000000,42450.00000000,43376.00000000,5302.04832000,60,60,False
1704420000000,1704423600000,43376.00000000,43972.86000000,43302.00000000,43506.00000000,3111.00846000,60,60,False
1704423600000,1704427200000,43506.01000000,43770.00000000,43409.79000000,43465.21000000,1543.67157000,60,60,False
1704427200000,1704430800000,43465.21000000,43629.99000000,43187.89000000,43589.88000000,1790.05634000,60,60,False
1704430800000,1704434400000,43589.87000000,43723.13000000,43507.48000000,43644.15000000,947.34888000,60,60,False
1704434400000,1704438000000,43644.16000000,43926.00000000,43578.08000000,43844.82000000,1112.36781000,60,60,False
1704438000000,1704441600000,43845.08000000,43926.00000000,43715.93000000,43777.47000000,1099.83728000,60,60,False
1704441600000,1704445200000,43777.48000000,43947.99000000,43771.10000000,43911.44000000,989.55630000,60,60,False
1704445200000,1704448800000,43911.44000000,44324.80000000,43911.44000000,44147.21000000,2628.68996000,60,60,False
1704448800000,1704452400000,44147.22000000,44157.03000000,43433.00000000,43628.18000000,1876.88721000,60,60,False
1704452400000,1704456000000,43628.19000000,43916.80000000,43605.36000000,43771.34000000,1560.50376000,60,60,False
1704456000000,1704459600000,43771.34000000,44110.07000000,43616.00000000,43882.52000000,1865.99113000,60,60,False
1704459600000,1704463200000,43882.52000000,44096.49000000,43721.06000000,43986.01000000,1994.26258000,60,60,False
1704463200000,1704466800000,43986.01000000,44062.36000000,43100.00000000,43486.04000000,3583.28008000,60,60,False
1704466800000,1704470400000,43488.21000000,43801.10000000,43355.54000000,43500.01000000,2600.74661000,60,60,False
1704470400000,1704474000000,43500.01000000,43592.64000000,43220.00000000,43225.99000000,2401.19219000,60,60,False
1704474000000,1704477600000,43225.99000000,43627.57000000,43100.46000000,43609.53000000,2540.97502000,60,60,False
1704477600000,1704481200000,43609.52000000,43690.12000000,43418.00000000,43610.07000000,1274.08655000,60,60,False
1704481200000,1704484800000,43610.08000000,43808.07000000,43520.15000000,43600.00000000,1243.82237000,60,60,False
1704484800000,1704488400000,43600.00000000,44357.46000000,43599.99000000,43955.07000000,2500.69771000,60,60,False
1704488400000,1704492000000,43955.07000000,43971.10000000,43580.51000000,43946.26000000,1609.24913000,60,60,False
1704492000000,1704495600000,43946.26000000,44048.64000000,43764.42000000,43967.44000000,1024.55085000,60,60,False
1704495600000,1704499200000,43967.44000000,44318.61000000,43967.44000000,44145.11000000,1709.64887000,60,60,False
1704499200000,1704502800000,44145.12000000,44214.42000000,43975.00000000,44068.80000000,879.60338000,60,60,False
1704502800000,1704506400000,44068.79000000,44094.40000000,43906.19000000,43970.64000000,857.49986000,60,60,False
1704506400000,1704510000000,43970.65000000,44009.24000000,43823.06000000,43909.31000000,718.07637000,60,60,False
1704510000000,1704513600000,43909.31000000,44018.57000000,43812.50000000,43931.10000000,668.28232000,60,60,False
1704513600000,1704517200000,43931.10000000,43971.10000000,43832.00000000,43850.00000000,422.35739000,60,60,False
1704517200000,1704520800000,43850.01000000,43871.10000000,43588.00000000,43698.72000000,1174.66016000,60,60,False
1704520800000,1704524400000,43698.72000000,43700.34000000,43425.00000000,43454.70000000,1659.55792000,60,60,False
1704524400000,1704528000000,43454.70000000,43668.02000000,43397.05000000,43653.20000000,986.22209000,60,60,False
1704528000000,1704531600000,43653.20000000,43744.37000000,43551.28000000,43692.33000000,813.66676000,60,60,False
1704531600000,1704535200000,43692.33000000,43756.00000000,43636.70000000,43651.90000000,562.07964000,60,60,False
1704535200000,1704538800000,43651.90000000,43771.10000000,43584.00000000,43694.48000000,677.68295000,60,60,False
1704538800000,1704542400000,43694.47000000,43705.23000000,43616.02000000,43671.96000000,396.12062000,60,60,False
1704542400000,1704546000000,43671.97000000,43750.00000000,43527.27000000,43607.96000000,531.76575000,60,60,False
1704546000000,1704549600000,43607.95000000,43740.27000000,43542.00000000,43704.07000000,473.09350000,60,60,False
1704549600000,1704553200000,43704.08000000,43920.08000000,43703.41000000,43828.21000000,998.40603000,60,60,False
1704553200000,1704556800000,43828.20000000,43898.00000000,43791.10000000,43867.17000000,606.87310000,60,60,False
1704556800000,1704560400000,43867.17000000,43978.78000000,43828.50000000,43872.34000000,762.52286000,60,60,False
1704560400000,1704564000000,43872.35000000,44000.00000000,43842.97000000,43963.72000000,618.69382000,60,60,False
1704564000000,1704567600000,43963.73000000,44148.58000000,43884.04000000,43995.89000000,883.24997000,60,60,False
1704567600000,1704571200000,43995.89000000,44017.46000000,43830.88000000,43906.36000000,706.77767000,60,60,False
1704571200000,1704574800000,43906.35000000,43961.33000000,43611.19000000,43826.44000000,727.31918000,60,60,False
1704574800000,1704578400000,43826.45000000,43935.21000000,43723.76000000,43889.43000000,583.21345000,60,60,False
1704578400000,1704582000000,43889.43000000,43928.00000000,43740.00000000,43878.61000000,480.59040000,60,60,False
1704582000000,1704585600000,43878.62000000,43980.00000000,43732.50000000,43968.32000000,646.74625000,60,60,False
1704585600000,1704589200000,43968.32000000,44259.29000000,43915.56000000,44119.11000000,1359.49776000,60,60,False
1704589200000,1704592800000,44119.11000000,44160.00000000,43963.89000000,43967.72000000,668.13600000,60,60,False
1704592800000,1704596400000,43967.71000000,44089.10000000,43833.40000000,43930.28000000,741.95675000,60,60,False
1704596400000,1704600000000,43930.28000000,44034.92000000,43904.18000000,43940.41000000,627.84726000,60,60,False
1704600000000,1704603600000,43940.41000000,44035.90000000,43885.24000000,44000.00000000,545.34387000,60,60,False
1704603600000,1704607200000,44000.01000000,44067.84000000,43843.52000000,43885.47000000,519.68969000,60,60,False
1704607200000,1704610800000,43885.48000000,44088.01000000,43858.00000000,44022.00000000,705.67701000,60,60,False
1704610800000,1704614400000,44021.99000000,44100.00000000,43991.10000000,44080.00000000,576.40730000,60,60,False
1704614400000,1704618000000,44080.00000000,44167.81000000,44000.00000000,44017.99000000,866.45352000,60,60,False
1704618000000,1704621600000,44018.00000000,44065.00000000,43880.65000000,43938.90000000,745.22164000,60,60,False
1704621600000,1704625200000,43938.90000000,43996.00000000,43906.91000000,43960.00000000,673.28346000,60,60,False
1704625200000,1704628800000,43960.00000000,44118.19000000,43959.10000000,44061.10000000,738.77639000,60,60,False
1704628800000,1704632400000,44061.10000000,44139.43000000,43969.62000000,44088.63000000,637.81941000,60,60,False
1704632400000,1704636000000,44088.63000000,44449.98000000,44082.66000000,44409.31000000,2234.29499000,60,60,False
1704636000000,1704639600000,44409.31000000,44480.59000000,44277.12000000,44402.00000000,1427.92526000,60,60,False
1704639600000,1704643200000,44402.00000000,44431.10000000,43945.15000000,44047.57000000,1672.94945000,60,60,False
1704643200000,1704646800000,44047.57000000,44185.00000000,43857.14000000,43922.00000000,1260.33931000,60,60,False
1704646800000,1704650400000,43922.00000000,44110.15000000,43700.00000000,44064.84000000,1223.59528000,60,60,False
1704650400000,1704654000000,44064.83000000,44176.04000000,44035.25000000,44106.11000000,546.77236000,60,60,False
1704654000000,1704657600000,44106.11000000,44262.53000000,44041.27000000,44244.77000000,560.18451000,60,60,False
1704657600000,1704661200000,44244.77000000,44269.92000000,44120.00000000,44120.01000000,527.84094000,60,60,False
1704661200000,1704664800000,44120.01000000,44249.00000000,44110.45000000,44231.53000000,551.38125000,60,60,False
1704664800000,1704668400000,44231.53000000,44231.54000000,43778.13000000,43862.85000000,1399.67049000,60,60,False
1704668400000,1704672000000,43862.85000000,44024.99000000,43572.09000000,43929.02000000,2212.78690000,60,60,False
1704672000000,1704675600000,43929.01000000,43986.00000000,43625.18000000,43632.00000000,1712.48374000,60,60,False
1704675600000,1704679200000,43632.00000000,43809.18000000,43610.25000000,43713.06000000,1111.57206000,60,60,False
1704679200000,1704682800000,43713.07000000,43800.07000000,43175.00000000,43371.09000000,2425.01013000,60,60,False
1704682800000,1704686400000,43371.09000000,43568.85000000,43225.00000000,43518.20000000,2122.92505000,60,60,False
1704686400000,1704690000000,43518.20000000,43610.68000000,43430.79000000,43599.26000000,1115.01613000,60,60,False
1704690000000,1704693600000,43599.26000000,43650.00000000,43475.00000000,43641.74000000,1134.27526000,60,60,False
1704693600000,1704697200000,43641.74000000,44341.80000000,43584.87000000,43912.87000000,3381.02051000,60,60,False
1704697200000,1704700800000,43912.88000000,44074.99000000,43784.86000000,43974.55000000,1527.12031000,60,60,False
1704700800000,1704704400000,43974.55000000,44069.41000000,43851.10000000,43868.53000000,829.24271000,60,60,False
1704704400000,1704708000000,43868.53000000,43920.14000000,43641.73000000,43720.46000000,1124.68124000,60,60,False
1704708000000,1704711600000,43720.45000000,44128.19000000,43689.26000000,44088.85000000,1256.15965000,60,60,False
1704711600000,1704715200000,44088.86000000,44688.00000000,43950.00000000,44635.99000000,3426.18407000,60,60,False
1704715200000,1704718800000,44636.00000000,45200.00000000,44350.00000000,45111.09000000,7517.56070000,60,60,False
1704718800000,1704722400000,45111.10000000,45179.14000000,44807.56000000,44911.58000000,3323.31376000,60,60,False
1704722400000,1704726000000,44911.58000000,45090.00000000,44724.37000000,44783.91000000,2288.27888000,60,60,False
1704726000000,1704729600000,44783.90000000,45333.00000000,44667.22000000,44963.04000000,4083.38544000,60,60,False
1704729600000,1704733200000,44963.04000000,45171.42000000,44793.97000000,44940.30000000,2531.38293000,60,60,False
1704733200000,1704736800000,44940.31000000,45668.88000000,44903.86000000,45648.00000000,4294.58934000,60,60,False
1704736800000,1704740400000,45648.01000000,46995.00000000,45648.00000000,46970.01000000,10702.46628000,60,60,False
1704740400000,1704744000000,46970.02000000,47248.99000000,46540.01000000,46979.35000000,6934.53877000,60,60,False
1704744000000,1704747600000,46979.36000000,47143.15000000,46709.92000000,46774.01000000,3446.63730000,60,60,False
1704747600000,1704751200000,46774.01000000,47207.16000000,46653.84000000,47071.41000000,2789.04666000,60,60,False
1704751200000,1704754800000,47071.41000000,47120.00000000,46799.18000000,46999.99000000,1797.31670000,60,60,False
1704754800000,1704758400000,47000.00000000,47100.00000000,46833.88000000,46951.04000000,1940.36827000,60,60,False
1704758400000,1704762000000,46951.04000000,47150.00000000,46230.00000000,46668.88000000,4454.55224000,60,60,False
1704762000000,1704765600000,46668.87000000,46786.83000000,46288.00000000,46556.62000000,2579.21111000,60,60,False
1704765600000,1704769200000,46556.62000000,46785.22000000,46483.83000000,46779.81000000,1420.86767000,60,60,False
1704769200000,1704772800000,46779.82000000,46974.42000000,46750.92000000,46926.96000000,1647.49829000,60,60,False
1704772800000,1704776400000,46926.96000000,46940.00000000,46670.91000000,46803.54000000,1286.08627000,60,60,False
1704776400000,1704780000000,46803.54000000,46858.00000000,46599.43000000,46714.67000000,1293.90068000,60,60,False
1704780000000,1704783600000,46714.66000000,46838.40000000,46665.84000000,46788.01000000,911.52160000,60,60,False
1704783600000,1704787200000,46788.02000000,46931.70000000,46735.18000000,46825.51000000,1215.90126000,60,60,False
1704787200000,1704790800000,46825.52000000,46874.94000000,46510.00000000,46544.65000000,1331.10707000,60,60,False
1704790800000,1704794400000,46544.65000000,46694.61000000,46407.90000000,46491.99000000,1571.60244000,60,60,False
1704794400000,1704798000000,46491.99000000,46680.00000000,46381.10000000,46441.89000000,1685.90791000,60,60,False
1704798000000,1704801600000,46441.88000000,46644.00000000,46426.20000000,46615.99000000,1430.21749000,60,60,False
1704801600000,1704805200000,46616.00000000,47000.00000000,45450.00000000,46166.35000000,4416.37703000,60,60,False
1704805200000,1704808800000,46166.36000000,47051.21000000,46055.51000000,46834.00000000,5041.75722000,60,60,False
1704808800000,1704812400000,46834.01000000,47007.83000000,46498.93000000,46561.10000000,2999.84714000,60,60,False
1704812400000,1704816000000,46561.11000000,47010.00000000,46429.31000000,46868.09000000,3353.84219000,60,60,False
1704816000000,1704819600000,46868.08000000,46975.00000000,46719.69000000,46902.88000000,1950.39781000,60,60,False
1704819600000,1704823200000,46902.89000000,46919.99000000,46632.01000000,46715.99000000,1744.55384000,60,60,False
1704823200000,1704826800000,46716.00000000,46731.10000000,46500.00000000,46640.50000000,2182.23673000,60,60,False
1704826800000,1704830400000,46640.50000000,46890.00000000,46573.92000000,46876.01000000,1433.29461000,60,60,False
1704830400000,1704834000000,46876.00000000,46930.74000000,46591.60000000,46642.54000000,1427.66813000,60,60,False
1704834000000,1704837600000,46642.53000000,47972.00000000,44748.67000000,45439.44000000,17027.62509000,60,60,False
1704837600000,1704841200000,45439.44000000,46261.09000000,45295.19000000,46254.00000000,4757.30303000,60,60,False
1704841200000,1704844800000,46254.00000000,46254.01000000,45924.00000000,46110.00000000,2764.38932000,60,60,False
1704844800000,1704848400000,46110.00000000,46249.14000000,45788.85000000,45856.42000000,2839.97544000,60,60,False
1704848400000,1704852000000,45856.41000000,45960.00000000,45622.00000000,45929.30000000,2013.31088000,60,60,False
1704852000000,1704855600000,45929.30000000,46082.87000000,45882.41000000,45971.09000000,1108.50161000,60,60,False
1704855600000,1704859200000,45971.10000000,46211.95000000,45922.86000000,46117.10000000,1002.73836000,60,60,False
1704859200000,1704862800000,46117.10000000,46186.00000000,45944.82000000,45960.98000000,1131.61113000,60,60,False
1704862800000,1704866400000,45960.97000000,46027.08000000,45890.58000000,45975.99000000,1082.47607000,60,60,False
1704866400000,1704870000000,45975.99000000,46065.85000000,45875.28000000,46006.00000000,847.24073000,60,60,False
1704870000000,1704873600000,46006.00000000,46023.40000000,45734.56000000,45757.98000000,1379.97341000,60,60,False
1704873600000,1704877200000,45757.98000000,45861.10000000,45320.53000000,45329.94000000,2517.14697000,60,60,False
1704877200000,1704880800000,45329.94000000,45700.00000000,45321.99000000,45661.42000000,2388.37211000,60,60,False
1704880800000,1704884400000,45661.43000000,45731.10000000,45532.00000000,45532.00000000,1101.89012000,60,60,False
1704884400000,1704888000000,45532.01000000,45659.42000000,45000.00000000,45515.89000000,2363.70366000,60,60,False
1704888000000,1704891600000,45515.88000000,45662.01000000,44363.93000000,44670.53000000,5540.87031000,60,60,False
1704891600000,1704895200000,44670.54000000,45393.99000000,44300.36000000,45118.01000000,4518.06082000,60,60,False
1704895200000,1704898800000,45118.00000000,45404.89000000,44820.35000000,44884.00000000,3293.59955000,60,60,False
1704898800000,1704902400000,44884.01000000,45630.70000000,44800.00000000,45546.40000000,4166.81930000,60,60,False
1704902400000,1704906000000,45546.39000000,45708.31000000,45173.97000000,45311.10000000,3383.80525000,60,60,False
1704906000000,1704909600000,45311.09000000,46449.00000000,45227.01000000,46401.89000000,5565.30304000,60,60,False
1704909600000,1704913200000,46401.88000000,46633.86000000,45840.00000000,46527.33000000,4249.44238000,60,60,False
1704913200000,1704916800000,46527.32000000,46666.00000000,46043.69000000,46489.18000000,4609.96145000,60,60,False
1704916800000,1704920400000,46489.19000000,46504.92000000,44800.00000000,46127.00000000,10674.42987000,60,60,False
1704920400000,1704924000000,46127.00000000,46301.04000000,45080.00000000,45946.00000000,8142.82709000,60,60,False
1704924000000,1704927600000,45946.00000000,46948.98000000,45760.45000000,46902.69000000,6635.62295000,60,60,False
1704927600000,1704931200000,46902.69000000,47695.93000000,46381.86000000,46653.99000000,9353.72953000,60,60,False
1704931200000,1704934800000,46654.00000000,46721.37000000,46296.46000000,46670.01000000,2859.39936000,60,60,False
1704934800000,1704938400000,46670.01000000,46750.00000000,46468.33000000,46506.94000000,1772.59330000,60,60,False
1704938400000,1704942000000,46506.93000000,46622.39000000,46500.00000000,46559.00000000,1242.76928000,60,60,False
1704942000000,1704945600000,46559.00000000,46590.81000000,46200.00000000,46502.16000000,2090.15306000,60,60,False
1704945600000,1704949200000,46502.17000000,46507.08000000,46304.96000000,46400.01000000,1666.06111000,60,60,False
1704949200000,1704952800000,46400.01000000,46417.33000000,45896.23000000,46070.00000000,2132.23648000,60,60,False
1704952800000,1704956400000,46070.00000000,46091.53000000,45618.10000000,45907.30000000,2234.87531000,60,60,False
1704956400000,1704960000000,45907.29000000,46166.99000000,45881.10000000,46101.40000000,1518.70045000,60,60,False
1704960000000,1704963600000,46101.40000000,46318.10000000,46052.00000000,46277.00000000,1468.58251000,60,60,False
1704963600000,1704967200000,46277.00000000,46354.00000000,46211.94000000,46220.12000000,1341.13559000,60,60,False
1704967200000,1704970800000,46220.12000000,46860.00000000,46210.00000000,46859.91000000,2559.25355000,60,60,False
1704970800000,1704974400000,46859.90000000,47150.00000000,46705.97000000,47060.00000000,3169.51389000,60,60,False
1704974400000,1704978000000,47059.99000000,47464.87000000,46941.10000000,47449.63000000,3177.46648000,60,60,False
1704978000000,1704981600000,47449.64000000,47449.64000000,46762.86000000,47325.20000000,4404.70297000,60,60,False
1704981600000,1704985200000,47325.21000000,48969.48000000,47215.00000000,48571.22000000,15868.93224000,60,60,False
1704985200000,1704988800000,48571.21000000,48657.98000000,46463.19000000,46783.78000000,12867.70365000,60,60,False
1704988800000,1704992400000,46783.77000000,47022.07000000,45788.00000000,46007.29000000,9918.42093000,60,60,False
1704992400000,1704996000000,46007.29000000,46550.00000000,45606.06000000,46497.14000000,4932.85516000,60,60,False
1704996000000,1704999600000,46497.14000000,46644.72000000,46259.09000000,46609.99000000,2426.83408000,60,60,False
1704999600000,1705003200000,46610.00000000,46735.29000000,46283.14000000,46692.30000000,1894.15573000,60,60,False
1705003200000,1705006800000,46692.29000000,46975.00000000,46120.00000000,46241.92000000,4521.03099000,60,60,False
1705006800000,1705010400000,46241.91000000,46450.00000000,46120.03000000,46156.01000000,1507.69927000,60,60,False
1705010400000,1705014000000,46156.00000000,46430.21000000,46084.69000000,46399.99000000,968.31728000,60,60,False
1705014000000,1705017600000,46399.99000000,46491.93000000,46296.37000000,46339.16000000,926.93693000,60,60,False
1705017600000,1705021200000,46339.16000000,46515.53000000,46012.80000000,46293.43000000,1773.38738000,60,60,False
1705021200000,1705024800000,46293.42000000,46327.81000000,45898.00000000,46135.48000000,1400.91048000,60,60,False
1705024800000,1705028400000,46135.48000000,46250.00000000,45996.01000000,46144.01000000,998.84335000,60,60,False
1705028400000,1705032000000,46144.01000000,46184.57000000,45922.01000000,45994.00000000,1204.29880000,60,60,False
1705032000000,1705035600000,45994.01000000,46110.00000000,45858.00000000,45956.34000000,1377.83064000,60,60,False
1705035600000,1705039200000,45956.34000000,46209.98000000,45898.00000000,46194.01000000,1141.56622000,60,60,False
1705039200000,1705042800000,46194.01000000,46366.00000000,46100.82000000,46100.85000000,1062.83821000,60,60,False
1705042800000,1705046400000,46100.85000000,46144.45000000,45742.49000000,46008.19000000,2184.03364000,60,60,False
1705046400000,1705050000000,46008.19000000,46008.19000000,45632.00000000,45860.01000000,1397.30176000,60,60,False
1705050000000,1705053600000,45860.00000000,46076.34000000,45537.37000000,45925.92000000,2131.76464000,60,60,False
1705053600000,1705057200000,45925.93000000,46133.33000000,45841.10000000,46063.62000000,1532.73873000,60,60,False
1705057200000,1705060800000,46063.62000000,46267.00000000,45941.61000000,45954.35000000,1976.90053000,60,60,False
1705060800000,1705064400000,45954.35000000,46109.00000000,45667.47000000,45866.56000000,1852.17109000,60,60,False
1705064400000,1705068000000,45866.57000000,45944.12000000,45573.44000000,45779.02000000,2155.66091000,60,60,False
1705068000000,1705071600000,45779.02000000,45904.66000000,45250.01000000,45442.02000000,5702.97549000,60,60,False
1705071600000,1705075200000,45442.01000000,45459.28000000,44333.44000000,44462.01000000,9485.40906000,60,60,False
1705075200000,1705078800000,44462.00000000,44675.88000000,43212.00000000,43624.00000000,12653.69131000,60,60,False
1705078800000,1705082400000,43623.99000000,43836.88000000,43278.00000000,43803.99000000,6405.60756000,60,60,False
1705082400000,1705086000000,43803.98000000,43925.23000000,43250.00000000,43472.00000000,4482.59182000,60,60,False
1705086000000,1705089600000,43472.00000000,43720.00000000,43274.68000000,43472.55000000,2846.14963000,60,60,False
1705089600000,1705093200000,43472.56000000,43981.10000000,43401.64000000,43653.38000000,4898.54520000,60,60,False
1705093200000,1705096800000,43653.39000000,43861.10000000,43213.73000000,43449.00000000,3001.91979000,60,60,False
1705096800000,1705100400000,43450.01000000,43458.00000000,41500.00000000,42510.00000000,10954.10629000,60,60,False
1705100400000,1705104000000,42509.99000000,42958.00000000,42481.10000000,42782.73000000,3706.69454000,60,60,False
1705104000000,1705107600000,42782.74000000,42997.29000000,42766.45000000,42801.76000000,2784.58772000,60,60,False
1705107600000,1705111200000,42801.76000000,42891.09000000,42514.89000000,42673.83000000,3059.07599000,60,60,False
1705111200000,1705114800000,42673.83000000,42853.75000000,42525.16000000,42530.00000000,2279.56144000,60,60,False
1705114800000,1705118400000,42530.00000000,42682.00000000,42436.12000000,42609.94000000,1822.30914000,60,60,False
1705118400000,1705122000000,42609.94000000,42850.00000000,42555.84000000,42840.01000000,1425.89376000,60,60,False
1705122000000,1705125600000,42840.02000000,43138.00000000,42769.63000000,43101.09000000,1760.17482000,60,60,False
1705125600000,1705129200000,43101.09000000,43185.00000000,42950.64000000,43149.99000000,1692.14955000,60,60,False
1705129200000,1705132800000,43149.99000000,43254.03000000,43064.83000000,43102.97000000,1359.60409000,60,60,False
1705132800000,1705136400000,43102.97000000,43254.96000000,43063.72000000,43170.01000000,1167.90273000,60,60,False
1705136400000,1705140000000,43170.01000000,43193.46000000,42819.31000000,42923.21000000,1671.71121000,60,60,False
1705140000000,1705143600000,42923.20000000,42923.21000000,42627.63000000,42700.12000000,2039.14575000,60,60,False
1705143600000,1705147200000,42700.13000000,42801.09000000,42509.11000000,42624.00000000,2083.54075000,60,60,False
1705147200000,1705150800000,42624.01000000,42753.56000000,42505.00000000,42684.88000000,1343.63876000,60,60,False
1705150800000,1705154400000,42684.88000000,42791.10000000,42601.10000000,42739.14000000,1075.91091000,60,60,False
1705154400000,1705158000000,42739.15000000,42961.10000000,42640.01000000,42856.92000000,1828.24882000,60,60,False
1705158000000,1705161600000,42856.92000000,43257.00000000,42856.10000000,43154.48000000,1815.55776000,60,60,False
1705161600000,1705165200000,43154.48000000,43185.00000000,42780.71000000,42895.41000000,1641.70519000,60,60,False
1705165200000,1705168800000,42895.41000000,42988.00000000,42769.38000000,42898.33000000,1001.47905000,60,60,False
1705168800000,1705172400000,42898.95000000,42904.00000000,42724.39000000,42806.01000000,738.81709000,60,60,False
1705172400000,1705176000000,42806.00000000,42996.64000000,42782.00000000,42786.25000000,799.84192000,60,60,False
1705176000000,1705179600000,42786.25000000,42923.03000000,42699.52000000,42870.00000000,872.06655000,60,60,False
1705179600000,1705183200000,42870.00000000,42976.15000000,42818.00000000,42963.44000000,640.52376000,60,60,False
1705183200000,1705186800000,42963.45000000,43040.01000000,42886.00000000,42990.65000000,613.97101000,60,60,False
1705186800000,1705190400000,42990.65000000,42996.08000000,42800.30000000,42847.99000000,601.05687000,60,60,False
1705190400000,1705194000000,42847.99000000,42890.23000000,42664.00000000,42687.36000000,927.44774000,60,60,False
1705194000000,1705197600000,42687.36000000,42839.86000000,42676.88000000,42769.19000000,615.79960000,60,60,False
1705197600000,1705201200000,42769.18000000,42829.33000000,42657.58000000,42779.06000000,520.14094000,60,60,False
1705201200000,1705204800000,42779.07000000,42804.78000000,42643.98000000,42681.82000000,705.78485000,60,60,False
1705204800000,1705208400000,42681.82000000,42698.99000000,42562.56000000,42580.01000000,691.38369000,60,60,False
1705208400000,1705212000000,42580.00000000,42815.17000000,42576.26000000,42749.99000000,519.82513000,60,60,False
1705212000000,1705215600000,42749.99000000,42999.00000000,42749.99000000,42998.99000000,864.88904000,60,60,False
1705215600000,1705219200000,42999.00000000,43060.00000000,42891.12000000,43011.44000000,960.65538000,60,60,False
1705219200000,1705222800000,43011.44000000,43030.00000000,42888.00000000,42996.25000000,569.71770000,60,60,False
1705222800000,1705226400000,42996.26000000,43079.00000000,42818.34000000,43052.41000000,775.89013000,60,60,False
1705226400000,1705230000000,43052.41000000,43066.56000000,42865.90000000,42889.04000000,668.92506000,60,60,False
1705230000000,1705233600000,42889.04000000,42938.75000000,42759.34000000,42829.99000000,870.74380000,60,60,False
1705233600000,1705237200000,42829.99000000,42847.20000000,42710.00000000,42758.00000000,992.57492000,60,60,False
1705237200000,1705240800000,42757.99000000,42921.10000000,42735.75000000,42891.69000000,622.71029000,60,60,False
1705240800000,1705244400000,42891.68000000,43005.25000000,42790.00000000,42811.99000000,1144.92876000,60,60,False
1705244400000,1705248000000,42811.99000000,42967.97000000,42804.01000000,42904.38000000,875.65217000,60,60,False
1705248000000,1705251600000,42904.39000000,42965.00000000,42856.72000000,42929.95000000,1007.12731000,60,60,False
1705251600000,1705255200000,42929.94000000,43010.84000000,42877.77000000,42973.27000000,941.54492000,60,60,False
1705255200000,1705258800000,42973.27000000,43003.99000000,42836.00000000,42900.01000000,687.20360000,60,60,False
1705258800000,1705262400000,42900.01000000,42930.56000000,42632.59000000,42660.00000000,1388.49237000,60,60,False
1705262400000,1705266000000,42660.00000000,42745.98000000,42183.68000000,42507.92000000,2883.67843000,60,60,False
1705266000000,1705269600000,42507.91000000,42595.41000000,42000.00000000,42554.89000000,3242.00758000,60,60,False
1705269600000,1705273200000,42554.89000000,42649.00000000,42073.87000000,42270.99000000,1609.15241000,60,60,False
1705273200000,1705276800000,42271.00000000,42316.00000000,41720.00000000,41732.35000000,4142.13312000,60,60,False
1705276800000,1705280400000,41732.35000000,42353.94000000,41718.05000000,42279.75000000,2433.52283000,60,60,False
1705280400000,1705284000000,42279.76000000,42398.73000000,42176.28000000,42275.18000000,1404.64040000,60,60,False
1705284000000,1705287600000,42275.17000000,42411.62000000,42194.12000000,42399.72000000,850.09544000,60,60,False
1705287600000,1705291200000,42399.71000000,42640.00000000,42389.27000000,42565.99000000,1140.03904000,60,60,False
1705291200000,1705294800000,42565.99000000,42634.00000000,42499.01000000,42591.77000000,1090.60435000,60,60,False
1705294800000,1705298400000,42591.76000000,42824.68000000,42569.73000000,42739.85000000,1213.71533000,60,60,False
1705298400000,1705302000000,42739.85000000,42797.06000000,42612.00000000,42651.10000000,985.96635000,60,60,False
1705302000000,1705305600000,42651.09000000,42764.00000000,42513.14000000,42714.78000000,1093.23136000,60,60,False
1705305600000,1705309200000,42714.78000000,42775.00000000,42641.10000000,42680.44000000,1082.69198000,60,60,False
1705309200000,1705312800000,42680.43000000,42762.11000000,42585.86000000,42750.88000000,966.05532000,60,60,False
1705312800000,1705316400000,42750.89000000,42761.10000000,42540.00000000,42565.26000000,916.19805000,60,60,False
1705316400000,1705320000000,42565.25000000,42703.95000000,42542.00000000,42697.99000000,847.57790000,60,60,False
1705320000000,1705323600000,42698.00000000,42715.99000000,42570.00000000,42663.79000000,1219.39859000,60,60,False
1705323600000,1705327200000,42663.79000000,42958.03000000,42614.12000000,42852.54000000,1610.94481000,60,60,False
1705327200000,1705330800000,42852.55000000,42868.53000000,42172.14000000,42199.00000000,3628.83988000,60,60,False
1705330800000,1705334400000,42199.01000000,42473.99000000,42163.32000000,42278.99000000,2136.55160000,60,60,False
1705334400000,1705338000000,42278.99000000,42549.00000000,42249.00000000,42522.61000000,1121.26001000,60,60,False
1705338000000,1705341600000,42522.60000000,42779.78000000,42521.10000000,42696.58000000,1280.44041000,60,60,False
1705341600000,1705345200000,42696.57000000,43400.43000000,42696.57000000,43015.82000000,7891.28853000,60,60,False
1705345200000,1705348800000,43015.82000000,43133.80000000,42825.84000000,42992.67000000,2038.31756000,60,60,False
1705348800000,1705352400000,42992.67000000,43114.45000000,42850.00000000,42960.00000000,1245.90158000,60,60,False
1705352400000,1705356000000,42959.99000000,42960.00000000,42710.00000000,42716.00000000,920.68651000,60,60,False
1705356000000,1705359600000,42716.00000000,42818.31000000,42342.18000000,42628.00000000,1850.23943000,60,60,False
1705359600000,1705363200000,42628.00000000,42639.99000000,42474.00000000,42511.10000000,1301.68577000,60,60,False
1705363200000,1705366800000,42511.10000000,42674.00000000,42466.88000000,42600.00000000,1007.25697000,60,60,False
1705366800000,1705370400000,42600.01000000,42726.97000000,42555.00000000,42584.34000000,875.50468000,60,60,False
1705370400000,1705374000000,42584.34000000,42732.45000000,42553.96000000,42710.00000000,967.07632000,60,60,False
1705374000000,1705377600000,42710.00000000,42939.50000000,42702.00000000,42924.56000000,1175.44142000,60,60,False
1705377600000,1705381200000,42924.57000000,42946.05000000,42755.33000000,42803.19000000,917.47192000,60,60,False
1705381200000,1705384800000,42803.18000000,42931.33000000,42768.00000000,42773.82000000,814.04215000,60,60,False
1705384800000,1705388400000,42773.82000000,42780.00000000,42646.89000000,42741.09000000,963.99198000,60,60,False
1705388400000,1705392000000,42741.10000000,42791.14000000,42606.92000000,42791.13000000,952.74344000,60,60,False
1705392000000,1705395600000,42791.14000000,43022.00000000,42720.06000000,43014.53000000,1421.99021000,60,60,False
1705395600000,1705399200000,43014.53000000,43153.66000000,42896.41000000,42940.01000000,1762.34779000,60,60,False
1705399200000,1705402800000,42940.01000000,42971.10000000,42851.45000000,42872.00000000,823.26434000,60,60,False
1705402800000,1705406400000,42872.01000000,42945.54000000,42753.55000000,42900.54000000,841.64338000,60,60,False
1705406400000,1705410000000,42900.55000000,43166.00000000,42857.32000000,43156.12000000,1134.71946000,60,60,False
1705410000000,1705413600000,43156.11000000,43174.48000000,42700.00000000,42805.83000000,1752.96929000,60,60,False
1705413600000,1705417200000,42805.83000000,42954.00000000,42050.00000000,42690.00000000,9514.26629000,60,60,False
1705417200000,1705420800000,42690.00000000,43314.73000000,42543.01000000,43252.67000000,5566.03085000,60,60,False
1705420800000,1705424400000,43252.45000000,43434.00000000,43011.10000000,43249.72000000,3535.61086000,60,60,False
1705424400000,1705428000000,43249.72000000,43249.72000000,43031.00000000,43051.74000000,1495.67672000,60,60,False
1705428000000,1705431600000,43051.74000000,43157.85000000,42834.29000000,43013.00000000,1537.50667000,60,60,False
1705431600000,1705435200000,43013.00000000,43182.56000000,42949.00000000,43166.11000000,1155.16262000,60,60,False
1705435200000,1705438800000,43166.10000000,43370.11000000,43060.69000000,43200.01000000,2329.86499000,60,60,False
1705438800000,1705442400000,43200.01000000,43578.01000000,43185.01000000,43434.71000000,2305.15993000,60,60,False
1705442400000,1705446000000,43434.71000000,43496.05000000,43202.00000000,43206.00000000,968.43985000,60,60,False
1705446000000,1705449600000,43206.00000000,43286.00000000,43112.00000000,43137.95000000,1227.56376000,60,60,False
1705449600000,1705453200000,43137.94000000,43175.99000000,43050.01000000,43092.00000000,938.65364000,60,60,False
1705453200000,1705456800000,43092.00000000,43198.00000000,42960.64000000,42970.00000000,868.43470000,60,60,False
1705456800000,1705460400000,42970.01000000,43061.10000000,42918.11000000,42997.25000000,1068.46920000,60,60,False
1705460400000,1705464000000,42997.26000000,43025.71000000,42844.98000000,42849.00000000,836.39500000,60,60,False
1705464000000,1705467600000,42849.00000000,42921.10000000,42781.49000000,42854.01000000,791.39640000,60,60,False
1705467600000,1705471200000,42854.01000000,42925.49000000,42765.41000000,42783.39000000,661.25196000,60,60,False
1705471200000,1705474800000,42783.39000000,42876.34000000,42766.00000000,42806.05000000,802.28142000,60,60,False
1705474800000,1705478400000,42806.05000000,42851.10000000,42619.60000000,42655.94000000,1357.30632000,60,60,False
1705478400000,1705482000000,42655.95000000,42747.65000000,42564.00000000,42728.76000000,1188.18884000,60,60,False
1705482000000,1705485600000,42728.76000000,42830.00000000,42674.00000000,42678.57000000,938.26640000,60,60,False
1705485600000,1705489200000,42678.56000000,42850.55000000,42622.36000000,42850.04000000,1193.04037000,60,60,False
1705489200000,1705492800000,42850.05000000,42850.55000000,42672.95000000,42680.16000000,1093.25163000,60,60,False
1705492800000,1705496400000,42680.16000000,42788.00000000,42411.00000000,42782.43000000,2445.67123000,60,60,False
1705496400000,1705500000000,42782.42000000,42782.43000000,42518.00000000,42609.84000000,1305.63482000,60,60,False
1705500000000,1705503600000,42609.83000000,42926.02000000,42365.58000000,42576.01000000,3407.69990000,60,60,False
1705503600000,1705507200000,42576.02000000,42768.00000000,42472.85000000,42482.79000000,2383.89587000,60,60,False
1705507200000,1705510800000,42482.80000000,42564.13000000,42250.31000000,42360.28000000,2301.05574000,60,60,False
1705510800000,1705514400000,42360.29000000,42470.32000000,42200.69000000,42371.10000000,1419.22346000,60,60,False
1705514400000,1705518000000,42371.10000000,42612.48000000,42278.98000000,42612.45000000,1471.83973000,60,60,False
1705518000000,1705521600000,42612.46000000,42745.99000000,42555.22000000,42611.11000000,1041.37370000,60,60,False
1705521600000,1705525200000,42611.10000000,42876.48000000,42559.29000000,42722.90000000,2990.71477000,60,60,False
1705525200000,1705528800000,42722.90000000,42822.96000000,42603.20000000,42676.13000000,1125.24713000,60,60,False
1705528800000,1705532400000,42676.14000000,42729.06000000,42450.00000000,42722.14000000,767.12266000,60,60,False
1705532400000,1705536000000,42722.13000000,42792.48000000,42619.73000000,42776.10000000,869.79899000,60,60,False
1705536000000,1705539600000,42776.09000000,42784.40000000,42617.31000000,42660.79000000,877.07281000,60,60,False
1705539600000,1705543200000,42660.79000000,42713.92000000,42502.19000000,42584.62000000,814.27639000,60,60,False
1705543200000,1705546800000,42584.61000000,42721.00000000,42584.12000000,42653.82000000,563.69795000,60,60,False
1705546800000,1705550400000,42653.81000000,42676.75000000,42550.00000000,42592.05000000,522.20522000,60,60,False
1705550400000,1705554000000,42592.04000000,42689.95000000,42589.00000000,42665.00000000,550.15100000,60,60,False
1705554000000,1705557600000,42664.99000000,42784.99000000,42634.00000000,42772.87000000,797.44359000,60,60,False
1705557600000,1705561200000,42772.86000000,42873.25000000,42759.13000000,42807.05000000,817.27204000,60,60,False
1705561200000,1705564800000,42807.04000000,42922.00000000,42804.00000000,42915.33000000,1228.24675000,60,60,False
1705564800000,1705568400000,42915.32000000,42930.00000000,42724.00000000,42742.00000000,870.48171000,60,60,False
1705568400000,1705572000000,42742.00000000,42871.85000000,42709.61000000,42743.84000000,958.87490000,60,60,False
1705572000000,1705575600000,42743.85000000,42779.27000000,42388.00000000,42447.66000000,1548.48202000,60,60,False
1705575600000,1705579200000,42447.67000000,42551.10000000,42387.68000000,42544.59000000,1489.29762000,60,60,False
1705579200000,1705582800000,42544.60000000,42547.39000000,42353.80000000,42433.44000000,1113.60163000,60,60,False
1705582800000,1705586400000,42433.45000000,42657.16000000,42362.00000000,42508.00000000,1491.62445000,60,60,False
1705586400000,1705590000000,42508.01000000,42742.00000000,42428.37000000,42738.70000000,1312.17402000,60,60,False
1705590000000,1705593600000,42738.70000000,42810.00000000,42611.10000000,42619.32000000,1369.13154000,60,60,False
1705593600000,1705597200000,42619.31000000,42619.32000000,41736.27000000,41948.99000000,4847.44805000,60,60,False
1705597200000,1705600800000,41948.99000000,42178.39000000,41500.00000000,41816.71000000,4035.11879000,60,60,False
1705600800000,1705604400000,41816.71000000,41916.07000000,41370.00000000,41508.95000000,3372.52432000,60,60,False
1705604400000,1705608000000,41508.95000000,41601.52000000,40831.99000000,41022.32000000,5153.56414000,60,60,False
1705608000000,1705611600000,41022.33000000,41315.80000000,40683.28000000,40835.60000000,4564.22596000,60,60,False
1705611600000,1705615200000,40835.60000000,41266.00000000,40757.85000000,41124.00000000,2812.08735000,60,60,False
1705615200000,1705618800000,41123.99000000,41366.99000000,41076.01000000,41354.67000000,1784.04241000,60,60,False
1705618800000,1705622400000,41354.67000000,41361.00000000,41203.18000000,41327.50000000,1014.47175000,60,60,False
1705622400000,1705626000000,41327.51000000,41370.99000000,41100.00000000,41290.50000000,1141.18505000,60,60,False
1705626000000,1705629600000,41290.50000000,41333.46000000,41122.15000000,41270.00000000,1267.99894000,60,60,False
1705629600000,1705633200000,41270.01000000,41303.89000000,41084.03000000,41119.44000000,1095.25472000,60,60,False
1705633200000,1705636800000,41119.44000000,41147.58000000,40752.26000000,41055.87000000,2243.08236000,60,60,False
1705636800000,1705640400000,41055.88000000,41225.00000000,41038.81000000,41098.53000000,893.56087000,60,60,False
1705640400000,1705644000000,41098.53000000,41238.56000000,41062.72000000,41210.50000000,713.83193000,60,60,False
1705644000000,1705647600000,41210.51000000,41522.41000000,41194.01000000,41474.00000000,1605.55925000,60,60,False
1705647600000,1705651200000,41474.01000000,41576.00000000,41270.70000000,41284.25000000,2039.35220000,60,60,False
1705651200000,1705654800000,41284.26000000,41385.59000000,41143.33000000,41289.99000000,1124.49065000,60,60,False
1705654800000,1705658400000,41290.00000000,41464.34000000,41248.10000000,41398.37000000,1417.81427000,60,60,False
1705658400000,1705662000000,41398.37000000,41489.73000000,41334.00000000,41486.06000000,928.98376000,60,60,False
1705662000000,1705665600000,41486.05000000,41509.69000000,41368.90000000,41475.37000000,961.48242000,60,60,False
1705665600000,1705669200000,41475.37000000,41488.20000000,41260.21000000,41337.31000000,1249.91312000,60,60,False
1705669200000,1705672800000,41337.30000000,41429.86000000,41268.33000000,41393.08000000,1053.49049000,60,60,False
1705672800000,1705676400000,41393.08000000,41455.00000000,40841.10000000,40969.31000000,3475.38975000,60,60,False
1705676400000,1705680000000,40969.31000000,41156.38000000,40718.00000000,40894.71000000,3482.09452000,60,60,False
1705680000000,1705683600000,40894.71000000,40953.59000000,40310.00000000,40395.01000000,4971.06182000,60,60,False
1705683600000,1705687200000,40395.00000000,41250.00000000,40280.00000000,41239.57000000,4450.92747000,60,60,False
1705687200000,1705690800000,41239.57000000,41979.00000000,41006.61000000,41808.08000000,4197.78344000,60,60,False
1705690800000,1705694400000,41808.08000000,41929.65000000,41575.40000000,41814.27000000,2480.82816000,60,60,False
1705694400000,1705698000000,41814.27000000,42196.86000000,41517.60000000,41620.00000000,4230.96342000,60,60,False
1705698000000,1705701600000,41619.99000000,41791.70000000,41552.35000000,41633.83000000,1610.94515000,60,60,False
1705701600000,1705705200000,41633.83000000,41735.61000000,41532.89000000,41687.10000000,890.03453000,60,60,False
1705705200000,1705708800000,41687.10000000,41721.10000000,41613.67000000,41659.03000000,816.71730000,60,60,False
1705708800000,1705712400000,41659.03000000,41679.52000000,41456.30000000,41482.29000000,1037.43812000,60,60,False
1705712400000,1705716000000,41482.28000000,41700.00000000,41482.28000000,41655.42000000,792.03395000,60,60,False
1705716000000,1705719600000,41655.42000000,41662.74000000,41538.00000000,41621.23000000,594.98282000,60,60,False
1705719600000,1705723200000,41621.23000000,41649.61000000,41524.00000000,41634.65000000,561.75741000,60,60,False
1705723200000,1705726800000,41634.64000000,41659.03000000,41578.63000000,41607.20000000,436.82811000,60,60,False
1705726800000,1705730400000,41607.19000000,41646.46000000,41564.81000000,41627.63000000,453.58365000,60,60,False
1705730400000,1705734000000,41627.62000000,41698.71000000,41615.92000000,41672.02000000,582.85375000,60,60,False
1705734000000,1705737600000,41672.02000000,41774.00000000,41644.72000000,41650.95000000,638.34351000,60,60,False
1705737600000,1705741200000,41650.95000000,41668.66000000,41522.38000000,41590.00000000,1054.68234000,60,60,False
1705741200000,1705744800000,41590.01000000,41643.06000000,41459.02000000,41521.10000000,735.91109000,60,60,False
1705744800000,1705748400000,41521.10000000,41616.43000000,41495.81000000,41543.31000000,640.82500000,60,60,False
1705748400000,1705752000000,41543.30000000,41619.00000000,41475.69000000,41580.83000000,674.93419000,60,60,False
1705752000000,1705755600000,41580.82000000,41700.00000000,41540.00000000,41620.01000000,645.31586000,60,60,False
1705755600000,1705759200000,41620.00000000,41685.77000000,41584.68000000,41633.12000000,653.88181000,60,60,False
1705759200000,1705762800000,41633.11000000,41646.00000000,41491.16000000,41542.99000000,795.56394000,60,60,False
1705762800000,1705766400000,41542.98000000,41688.53000000,41478.00000000,41570.11000000,813.88059000,60,60,False
1705766400000,1705770000000,41570.10000000,41645.81000000,41537.84000000,41563.66000000,625.85698000,60,60,False
1705770000000,1705773600000,41563.66000000,41625.00000000,41543.61000000,41591.11000000,495.01011000,60,60,False
1705773600000,1705777200000,41591.10000000,41634.19000000,41526.36000000,41606.17000000,565.61990000,60,60,False
1705777200000,1705780800000,41606.16000000,41684.94000000,41605.01000000,41632.96000000,456.72684000,60,60,False
1705780800000,1705784400000,41632.97000000,41822.99000000,41617.58000000,41751.36000000,829.62416000,60,60,False
1705784400000,1705788000000,41751.37000000,41872.56000000,41729.90000000,41733.85000000,726.76463000,60,60,False
1705788000000,1705791600000,41733.85000000,41819.99000000,41669.90000000,41781.53000000,478.92579000,60,60,False
1705791600000,1705795200000,41781.54000000,41809.87000000,41610.54000000,41696.04000000,632.65038000,60,60,False
1705795200000,1705798800000,41696.05000000,41727.00000000,41629.87000000,41645.98000000,405.51248000,60,60,False
1705798800000,1705802400000,41645.98000000,41722.14000000,41633.80000000,41666.82000000,411.49944000,60,60,False
1705802400000,1705806000000,41666.83000000,41719.36000000,41652.29000000,41699.80000000,406.21108000,60,60,False
1705806000000,1705809600000,41699.80000000,41730.00000000,41661.74000000,41680.82000000,377.67063000,60,60,False
1705809600000,1705813200000,41680.83000000,41685.55000000,41651.74000000,41673.41000000,258.81267000,60,60,False
1705813200000,1705816800000,41673.41000000,41691.11000000,41628.46000000,41628.47000000,305.06196000,60,60,False
1705816800000,1705820400000,41628.46000000,41654.99000000,41564.29000000,41597.66000000,349.76971000,60,60,False
1705820400000,1705824000000,41597.66000000,41669.94000000,41587.27000000,41648.51000000,284.99252000,60,60,False
1705824000000,1705827600000,41648.50000000,41710.00000000,41648.50000000,41663.96000000,423.86113000,60,60,False
1705827600000,1705831200000,41663.96000000,41747.53000000,41663.96000000,41747.53000000,430.35767000,60,60,False
1705831200000,1705834800000,41747.52000000,41826.97000000,41709.99000000,41785.99000000,717.32999000,60,60,False
1705834800000,1705838400000,41786.00000000,41795.61000000,41686.00000000,41719.89000000,401.37890000,60,60,False
1705838400000,1705842000000,41719.90000000,41821.10000000,41700.91000000,41735.99000000,509.28923000,60,60,False
1705842000000,1705845600000,41735.99000000,41862.02000000,41735.98000000,41859.53000000,691.91268000,60,60,False
1705845600000,1705849200000,41859.52000000,41881.39000000,41757.25000000,41787.50000000,630.51659000,60,60,False
1705849200000,1705852800000,41787.49000000,41860.00000000,41605.00000000,41656.28000000,978.43312000,60,60,False
1705852800000,1705856400000,41656.27000000,41673.06000000,41525.00000000,41607.18000000,791.19285000,60,60,False
1705856400000,1705860000000,41607.18000000,41695.07000000,41599.39000000,41678.00000000,481.67127000,60,60,False
1705860000000,1705863600000,41677.99000000,41729.77000000,41627.00000000,41681.09000000,467.73485000,60,60,False
1705863600000,1705867200000,41681.09000000,41720.00000000,41635.25000000,41719.40000000,360.44499000,60,60,False
1705867200000,1705870800000,41719.39000000,41772.75000000,41618.68000000,41643.91000000,686.10169000,60,60,False
1705870800000,1705874400000,41643.90000000,41811.10000000,41620.27000000,41785.91000000,419.96350000,60,60,False
1705874400000,1705878000000,41785.90000000,41785.91000000,41620.23000000,41633.39000000,340.64799000,60,60,False
1705878000000,1705881600000,41633.39000000,41676.78000000,41500.98000000,41580.33000000,599.79607000,60,60,False
1705881600000,1705885200000,41580.32000000,41683.53000000,41467.58000000,41657.43000000,958.26920000,60,60,False
1705885200000,1705888800000,41657.43000000,41689.65000000,41263.60000000,41363.37000000,1980.37830000,60,60,False
1705888800000,1705892400000,41363.38000000,41426.03000000,41258.10000000,41317.98000000,824.53378000,60,60,False
1705892400000,1705896000000,41317.97000000,41343.99000000,41058.22000000,41197.04000000,1431.49598000,60,60,False
1705896000000,1705899600000,41197.04000000,41221.99000000,40768.00000000,40786.41000000,2024.89969000,60,60,False
1705899600000,1705903200000,40786.41000000,41157.23000000,40684.00000000,41138.46000000,2043.09323000,60,60,False
1705903200000,1705906800000,41138.47000000,41321.17000000,41009.16000000,41205.99000000,1603.68724000,60,60,False
1705906800000,1705910400000,41205.99000000,41214.00000000,40978.63000000,41043.70000000,1048.82053000,60,60,False
1705910400000,1705914000000,41043.70000000,41043.71000000,40761.87000000,40959.00000000,1986.47106000,60,60,False
1705914000000,1705917600000,40958.99000000,41047.51000000,40610.00000000,40744.85000000,1725.51154000,60,60,False
1705917600000,1705921200000,40744.86000000,40852.10000000,40364.63000000,40703.91000000,3247.98208000,60,60,False
1705921200000,1705924800000,40703.90000000,40941.09000000,40670.98000000,40815.99000000,1820.31952000,60,60,False
1705924800000,1705928400000,40815.92000000,40922.14000000,40685.96000000,40884.97000000,1281.48051000,60,60,False
1705928400000,1705932000000,40884.97000000,41244.06000000,40865.60000000,40943.17000000,2170.12828000,60,60,False
1705932000000,1705935600000,40943.17000000,40978.69000000,40515.90000000,40694.75000000,2673.37652000,60,60,False
1705935600000,1705939200000,40694.76000000,40850.00000000,40350.00000000,40771.99000000,3208.29236000,60,60,False
1705939200000,1705942800000,40772.00000000,40874.99000000,40400.00000000,40518.60000000,2429.98915000,60,60,False
1705942800000,1705946400000,40518.61000000,40806.42000000,40457.95000000,40708.00000000,1602.30202000,60,60,False
1705946400000,1705950000000,40707.99000000,40800.01000000,40119.11000000,40316.01000000,3457.46147000,60,60,False
1705950000000,1705953600000,40316.00000000,40570.83000000,39431.58000000,39820.31000000,7927.00782000,60,60,False
1705953600000,1705957200000,39820.31000000,40343.18000000,39751.14000000,40181.20000000,3814.77652000,60,60,False
1705957200000,1705960800000,40181.20000000,40206.34000000,39845.70000000,39849.95000000,2123.78160000,60,60,False
1705960800000,1705964400000,39849.95000000,40088.88000000,39480.00000000,39832.80000000,2201.86927000,60,60,False
1705964400000,1705968000000,39832.81000000,39961.10000000,39488.12000000,39568.02000000,1840.27144000,60,60,False
1705968000000,1705971600000,39568.02000000,39888.00000000,39511.10000000,39872.00000000,1591.36214000,60,60,False
1705971600000,1705975200000,39872.00000000,39912.18000000,39713.20000000,39830.71000000,883.18985000,60,60,False
1705975200000,1705978800000,39830.70000000,40067.99000000,39810.00000000,40060.46000000,1017.58919000,60,60,False
1705978800000,1705982400000,40060.47000000,40118.87000000,39979.52000000,40000.44000000,954.67378000,60,60,False
1705982400000,1705986000000,40000.43000000,40176.74000000,40000.43000000,40065.51000000,819.53223000,60,60,False
1705986000000,1705989600000,40065.50000000,40129.16000000,40062.30000000,40069.34000000,528.46380000,60,60,False
1705989600000,1705993200000,40069.35000000,40129.12000000,39960.87000000,40019.42000000,810.99682000,60,60,False
1705993200000,1705996800000,40019.43000000,40026.37000000,39665.02000000,39780.00000000,1693.37353000,60,60,False
1705996800000,1706000400000,39780.01000000,39860.00000000,39328.00000000,39464.96000000,2986.78985000,60,60,False
1706000400000,1706004000000,39464.97000000,39492.57000000,38907.67000000,38961.39000000,6604.67363000,60,60,False
1706004000000,1706007600000,38961.39000000,39150.00000000,38855.12000000,38917.28000000,3342.72993000,60,60,False
1706007600000,1706011200000,38917.27000000,39045.56000000,38657.00000000,38845.56000000,3393.58407000,60,60,False
1706011200000,1706014800000,38845.56000000,39088.01000000,38758.82000000,39065.67000000,2870.76139000,60,60,False
1706014800000,1706018400000,39065.68000000,39083.35000000,38853.39000000,38864.16000000,1462.05395000,60,60,False
1706018400000,1706022000000,38864.15000000,38900.00000000,38555.00000000,38767.74000000,4060.57085000,60,60,False
1706022000000,1706025600000,38767.75000000,39460.00000000,38766.00000000,39204.00000000,5829.55514000,60,60,False
1706025600000,1706029200000,39204.00000000,39374.11000000,38925.20000000,39307.59000000,4118.59618000,60,60,False
1706029200000,1706032800000,39307.60000000,39634.29000000,39270.00000000,39398.89000000,3340.69119000,60,60,False
1706032800000,1706036400000,39398.88000000,39654.34000000,39092.54000000,39092.54000000,2484.66969000,60,60,False
1706036400000,1706040000000,39092.55000000,39287.57000000,38981.10000000,39148.07000000,1755.83945000,60,60,False
1706040000000,1706043600000,39148.07000000,39365.96000000,39032.02000000,39175.06000000,2123.40651000,60,60,False
1706043600000,1706047200000,39175.07000000,39303.91000000,39070.00000000,39223.75000000,1242.30046000,60,60,False
1706047200000,1706050800000,39223.76000000,39554.70000000,39201.10000000,39468.71000000,1183.11412000,60,60,False
1706050800000,1706054400000,39468.71000000,39907.23000000,39468.71000000,39897.60000000,2858.11576000,60,60,False
1706054400000,1706058000000,39897.59000000,40250.00000000,39784.34000000,40179.52000000,2520.72618000,60,60,False
1706058000000,1706061600000,40179.53000000,40179.53000000,39757.91000000,39769.97000000,2861.66348000,60,60,False
1706061600000,1706065200000,39769.98000000,39895.36000000,39701.34000000,39763.49000000,833.35398000,60,60,False
1706065200000,1706068800000,39763.50000000,39796.71000000,39570.43000000,39614.00000000,1292.50052000,60,60,False
1706068800000,1706072400000,39614.00000000,39747.11000000,39557.01000000,39654.38000000,1290.20825000,60,60,False
1706072400000,1706076000000,39654.39000000,39847.46000000,39654.38000000,39798.85000000,1493.42547000,60,60,False
1706076000000,1706079600000,39798.85000000,39888.00000000,39661.91000000,39888.00000000,1359.63753000,60,60,False
1706079600000,1706083200000,39888.00000000,40191.97000000,39821.02000000,39981.09000000,2365.65855000,60,60,False
1706083200000,1706086800000,39981.09000000,40137.44000000,39859.51000000,39954.53000000,1325.22092000,60,60,False
1706086800000,1706090400000,39954.53000000,40104.95000000,39910.38000000,40024.81000000,1235.71287000,60,60,False
1706090400000,1706094000000,40024.82000000,40555.00000000,39985.49000000,40352.42000000,2438.24395000,60,60,False
1706094000000,1706097600000,40352.42000000,40373.98000000,40100.00000000,40209.34000000,1433.94563000,60,60,False
1706097600000,1706101200000,40209.34000000,40298.86000000,39975.78000000,40029.66000000,1663.46694000,60,60,False
1706101200000,1706104800000,40029.66000000,40122.83000000,39885.00000000,39984.87000000,1525.73714000,60,60,False
1706104800000,1706108400000,39984.87000000,40222.43000000,39766.00000000,39914.01000000,3051.04305000,60,60,False
1706108400000,1706112000000,39914.00000000,40118.26000000,39840.00000000,40050.71000000,1880.47332000,60,60,False
1706112000000,1706115600000,40050.72000000,40190.61000000,39923.42000000,40190.02000000,1600.34595000,60,60,False
1706115600000,1706119200000,40190.01000000,40207.00000000,40047.36000000,40141.98000000,1229.58381000,60,60,False
1706119200000,1706122800000,40141.98000000,40150.18000000,39615.76000000,39761.11000000,2000.38477000,60,60,False
1706122800000,1706126400000,39761.10000000,39847.44000000,39640.58000000,39803.05000000,884.85462000,60,60,False
1706126400000,1706130000000,39803.04000000,40000.00000000,39511.61000000,39544.40000000,1926.08163000,60,60,False
1706130000000,1706133600000,39544.40000000,39792.75000000,39484.19000000,39792.74000000,1240.02202000,60,60,False
1706133600000,1706137200000,39792.75000000,39900.00000000,39754.11000000,39875.98000000,596.56918000,60,60,False
1706137200000,1706140800000,39875.98000000,40175.11000000,39849.06000000,40084.88000000,1244.96885000,60,60,False
1706140800000,1706144400000,40084.89000000,40178.84000000,40012.00000000,40170.15000000,1009.56617000,60,60,False
1706144400000,1706148000000,40170.15000000,40178.62000000,39925.79000000,39978.83000000,1209.84353000,60,60,False
1706148000000,1706151600000,39978.84000000,40065.62000000,39914.00000000,39939.84000000,556.29622000,60,60,False
1706151600000,1706155200000,39939.84000000,40099.87000000,39931.86000000,40012.01000000,708.95318000,60,60,False
1706155200000,1706158800000,40012.01000000,40032.50000000,39912.00000000,39956.89000000,776.13036000,60,60,False
1706158800000,1706162400000,39956.88000000,39965.00000000,39792.01000000,39876.47000000,1073.67047000,60,60,False
1706162400000,1706166000000,39876.47000000,40050.00000000,39876.46000000,40035.00000000,942.68110000,60,60,False
1706166000000,1706169600000,40035.01000000,40135.37000000,39985.57000000,40130.00000000,855.68848000,60,60,False
1706169600000,1706173200000,40130.00000000,40177.68000000,40028.01000000,40080.23000000,784.23093000,60,60,False
1706173200000,1706176800000,40080.23000000,40130.00000000,40023.79000000,40031.54000000,763.59512000,60,60,False
1706176800000,1706180400000,40031.53000000,40121.00000000,39957.44000000,40115.99000000,1233.34302000,60,60,False
1706180400000,1706184000000,40116.00000000,40300.24000000,40080.12000000,40178.07000000,1842.66754000,60,60,False
1706184000000,1706187600000,40178.07000000,40283.82000000,39798.68000000,39859.81000000,2316.54371000,60,60,False
1706187600000,1706191200000,39859.81000000,39965.03000000,39731.64000000,39913.84000000,1669.62305000,60,60,False
1706191200000,1706194800000,39913.84000000,40090.19000000,39862.59000000,40012.94000000,1760.22455000,60,60,False
1706194800000,1706198400000,40012.93000000,40046.07000000,39623.40000000,39804.24000000,2406.58999000,60,60,False
1706198400000,1706202000000,39804.23000000,39852.20000000,39666.66000000,39710.32000000,1765.66859000,60,60,False
1706202000000,1706205600000,39710.33000000,39844.91000000,39550.00000000,39803.16000000,1771.49832000,60,60,False
1706205600000,1706209200000,39803.16000000,40044.91000000,39725.00000000,39842.64000000,2788.56160000,60,60,False
1706209200000,1706212800000,39842.63000000,39991.24000000,39734.00000000,39989.25000000,1076.43910000,60,60,False
1706212800000,1706216400000,39989.25000000,39995.99000000,39637.99000000,39838.31000000,1432.49568000,60,60,False
1706216400000,1706220000000,39838.30000000,39935.94000000,39792.02000000,39929.60000000,1064.77144000,60,60,False
1706220000000,1706223600000,39929.60000000,39981.10000000,39888.23000000,39956.31000000,579.54506000,60,60,False
1706223600000,1706227200000,39956.32000000,39984.32000000,39893.03000000,39961.09000000,633.49132000,60,60,False
1706227200000,1706230800000,39961.09000000,39970.71000000,39884.14000000,39895.92000000,473.15533000,60,60,False
1706230800000,1706234400000,39895.93000000,39959.45000000,39822.52000000,39937.78000000,572.62062000,60,60,False
1706234400000,1706238000000,39937.77000000,40245.00000000,39937.77000000,40144.31000000,1519.95740000,60,60,False
1706238000000,1706241600000,40144.30000000,40191.92000000,40067.52000000,40067.52000000,614.84384000,60,60,False
1706241600000,1706245200000,40067.52000000,40220.00000000,40067.52000000,40149.26000000,594.42059000,60,60,False
1706245200000,1706248800000,40149.25000000,40180.71000000,40083.92000000,40102.40000000,529.74803000,60,60,False
1706248800000,1706252400000,40102.40000000,40156.56000000,39988.69000000,40002.83000000,643.21620000,60,60,False
1706252400000,1706256000000,40002.84000000,40028.85000000,39896.84000000,39969.99000000,1627.61036000,60,60,False
1706256000000,1706259600000,39970.00000000,40176.47000000,39962.14000000,40133.80000000,1038.20517000,60,60,False
1706259600000,1706263200000,40133.79000000,40411.39000000,40037.50000000,40079.82000000,2097.66496000,60,60,False
1706263200000,1706266800000,40079.83000000,40755.98000000,40068.00000000,40692.64000000,3407.41985000,60,60,False
1706266800000,1706270400000,40692.64000000,41348.13000000,40684.79000000,41289.52000000,4980.03788000,60,60,False
1706270400000,1706274000000,41289.52000000,41500.00000000,41091.93000000,41140.01000000,4270.58522000,60,60,False
1706274000000,1706277600000,41140.01000000,41229.76000000,40914.50000000,41021.65000000,2049.46599000,60,60,False
1706277600000,1706281200000,41021.65000000,41588.00000000,41021.65000000,41588.00000000,2212.73241000,60,60,False
1706281200000,1706284800000,41588.00000000,41588.00000000,41218.00000000,41422.99000000,3619.35725000,60,60,False
1706284800000,1706288400000,41422.98000000,41995.99000000,41405.31000000,41961.14000000,4401.51543000,60,60,False
1706288400000,1706292000000,41961.15000000,42010.02000000,41752.83000000,41915.16000000,2539.86023000,60,60,False
1706292000000,1706295600000,41915.17000000,42193.80000000,41851.50000000,42105.01000000,2701.00331000,60,60,False
1706295600000,1706299200000,42105.00000000,42125.00000000,41936.00000000,42064.49000000,1717.73397000,60,60,False
1706299200000,1706302800000,42064.48000000,42246.82000000,41838.83000000,41977.18000000,2276.19959000,60,60,False
1706302800000,1706306400000,41977.18000000,42048.00000000,41878.93000000,41998.78000000,1148.22293000,60,60,False
1706306400000,1706310000000,41998.77000000,42011.75000000,41820.64000000,41906.28000000,1674.96289000,60,60,False
1706310000000,1706313600000,41906.28000000,41972.00000000,41800.02000000,41823.51000000,674.42781000,60,60,False
1706313600000,1706317200000,41823.51000000,41866.67000000,41708.00000000,41785.94000000,930.04300000,60,60,False
1706317200000,1706320800000,41785.94000000,41933.17000000,41768.50000000,41818.86000000,630.61808000,60,60,False
1706320800000,1706324400000,41818.86000000,41896.09000000,41815.48000000,41838.59000000,382.71397000,60,60,False
1706324400000,1706328000000,41838.60000000,41865.21000000,41765.64000000,41815.01000000,832.99188000,60,60,False
1706328000000,1706331600000,41815.01000000,41875.67000000,41791.10000000,41844.26000000,491.10343000,60,60,False
1706331600000,1706335200000,41844.26000000,41890.00000000,41738.59000000,41762.48000000,435.47050000,60,60,False
1706335200000,1706338800000,41762.49000000,41812.00000000,41691.24000000,41704.04000000,559.96951000,60,60,False
1706338800000,1706342400000,41704.04000000,41729.41000000,41602.01000000,41710.14000000,898.52317000,60,60,False
1706342400000,1706346000000,41710.15000000,41719.85000000,41421.21000000,41470.01000000,1368.20378000,60,60,False
1706346000000,1706349600000,41470.01000000,41742.70000000,41394.34000000,41669.78000000,1071.11625000,60,60,False
1706349600000,1706353200000,41669.79000000,41800.00000000,41651.10000000,41747.30000000,732.18207000,60,60,False
1706353200000,1706356800000,41747.31000000,41786.87000000,41702.88000000,41761.23000000,575.83689000,60,60,False
1706356800000,1706360400000,41761.22000000,41807.03000000,41714.00000000,41750.00000000,612.54473000,60,60,False
1706360400000,1706364000000,41750.01000000,41806.55000000,41725.21000000,41742.44000000,419.38468000,60,60,False
1706364000000,1706367600000,41742.44000000,41818.39000000,41731.01000000,41766.00000000,493.43458000,60,60,False
1706367600000,1706371200000,41765.99000000,41894.87000000,41733.60000000,41814.00000000,581.25856000,60,60,False
1706371200000,1706374800000,41813.99000000,41895.74000000,41791.22000000,41810.18000000,609.18361000,60,60,False
1706374800000,1706378400000,41810.17000000,41845.34000000,41774.07000000,41779.28000000,448.23397000,60,60,False
1706378400000,1706382000000,41779.28000000,41817.64000000,41745.26000000,41797.62000000,392.55791000,60,60,False
1706382000000,1706385600000,41797.62000000,41986.06000000,41790.87000000,41910.47000000,806.22964000,60,60,False
1706385600000,1706389200000,41910.48000000,42076.70000000,41910.47000000,42059.93000000,664.97501000,60,60,False
1706389200000,1706392800000,42059.94000000,42176.47000000,42022.92000000,42150.59000000,746.05127000,60,60,False
1706392800000,1706396400000,42150.59000000,42200.00000000,42079.25000000,42155.51000000,624.65370000,60,60,False
1706396400000,1706400000000,42155.50000000,42171.08000000,42090.00000000,42120.63000000,917.13648000,60,60,False
1706400000000,1706403600000,42120.63000000,42145.28000000,41925.00000000,41990.85000000,968.77133000,60,60,False
1706403600000,1706407200000,41990.85000000,42244.00000000,41990.85000000,42100.00000000,1661.33541000,60,60,False
1706407200000,1706410800000,42100.00000000,42177.40000000,42100.00000000,42102.22000000,700.81020000,60,60,False
1706410800000,1706414400000,42102.21000000,42244.00000000,42100.00000000,42231.83000000,600.99075000,60,60,False
1706414400000,1706418000000,42231.84000000,42765.22000000,42228.64000000,42720.32000000,2631.50653000,60,60,False
1706418000000,1706421600000,42720.33000000,42842.68000000,42453.41000000,42562.44000000,2401.72500000,60,60,False
1706421600000,1706425200000,42562.45000000,42577.81000000,42293.66000000,42413.27000000,1652.27318000,60,60,False
1706425200000,1706428800000,42413.27000000,42530.63000000,42359.13000000,42388.82000000,1168.39227000,60,60,False
1706428800000,1706432400000,42388.82000000,42614.18000000,42323.14000000,42491.10000000,1299.94364000,60,60,False
1706432400000,1706436000000,42491.09000000,42698.00000000,42424.00000000,42575.03000000,1422.02088000,60,60,False
1706436000000,1706439600000,42575.02000000,42645.83000000,42500.00000000,42600.02000000,683.94970000,60,60,False
1706439600000,1706443200000,42600.03000000,42612.62000000,42357.88000000,42471.98000000,1042.17023000,60,60,False
1706443200000,1706446800000,42471.98000000,42493.33000000,42291.11000000,42417.04000000,1188.06665000,60,60,False
1706446800000,1706450400000,42417.04000000,42449.99000000,42240.22000000,42397.18000000,910.01882000,60,60,False
1706450400000,1706454000000,42397.19000000,42544.00000000,42252.13000000,42288.00000000,910.41591000,60,60,False
1706454000000,1706457600000,42288.00000000,42411.10000000,42155.55000000,42258.01000000,970.07038000,60,60,False
1706457600000,1706461200000,42258.00000000,42354.70000000,42136.58000000,42312.34000000,755.82534000,60,60,False
1706461200000,1706464800000,42312.35000000,42312.35000000,42100.00000000,42168.17000000,755.94073000,60,60,False
1706464800000,1706468400000,42168.16000000,42170.40000000,41920.51000000,41971.67000000,1049.86327000,60,60,False
1706468400000,1706472000000,41971.67000000,42025.00000000,41721.08000000,41785.92000000,1257.92530000,60,60,False
1706472000000,1706475600000,41785.91000000,41969.75000000,41681.72000000,41945.09000000,1140.40494000,60,60,False
1706475600000,1706479200000,41945.09000000,42028.00000000,41810.00000000,41979.59000000,626.47209000,60,60,False
1706479200000,1706482800000,41979.59000000,41979.59000000,41620.81000000,41834.00000000,726.07206000,60,60,False
1706482800000,1706486400000,41834.01000000,42073.81000000,41753.19000000,42031.06000000,770.03377000,60,60,False
1706486400000,1706490000000,42031.05000000,42069.23000000,41874.94000000,41971.42000000,735.96031000,60,60,False
1706490000000,1706493600000,41971.43000000,42318.31000000,41967.57000000,42160.21000000,893.00449000,60,60,False
1706493600000,1706497200000,42160.21000000,42328.67000000,42127.96000000,42237.56000000,689.79483000,60,60,False
1706497200000,1706500800000,42237.56000000,42504.00000000,42237.56000000,42331.20000000,1118.92636000,60,60,False
1706500800000,1706504400000,42331.19000000,42345.36000000,42195.61000000,42218.00000000,560.51436000,60,60,False
1706504400000,1706508000000,42218.00000000,42284.94000000,42131.10000000,42144.23000000,656.26092000,60,60,False
1706508000000,1706511600000,42144.23000000,42251.75000000,42133.00000000,42163.23000000,643.13454000,60,60,False
1706511600000,1706515200000,42163.24000000,42242.15000000,41988.88000000,42053.46000000,875.94242000,60,60,False
1706515200000,1706518800000,42053.45000000,42151.26000000,41966.02000000,42122.85000000,711.30358000,60,60,False
1706518800000,1706522400000,42122.85000000,42329.93000000,41961.10000000,42295.67000000,946.51948000,60,60,False
1706522400000,1706526000000,42295.90000000,42381.10000000,42208.20000000,42313.18000000,867.17290000,60,60,False
1706526000000,1706529600000,42313.18000000,42353.27000000,42191.10000000,42246.95000000,679.92992000,60,60,False
1706529600000,1706533200000,42246.95000000,42371.10000000,41975.00000000,42102.66000000,1381.93262000,60,60,False
1706533200000,1706536800000,42102.67000000,42139.21000000,41930.88000000,42006.70000000,1287.44408000,60,60,False
1706536800000,1706540400000,42006.71000000,42104.98000000,41804.88000000,41951.86000000,1502.31136000,60,60,False
1706540400000,1706544000000,41951.86000000,42647.27000000,41882.33000000,42641.75000000,2591.39618000,60,60,False
1706544000000,1706547600000,42641.75000000,43313.80000000,42518.00000000,43200.00000000,5705.29111000,60,60,False
1706547600000,1706551200000,43200.01000000,43308.69000000,42920.01000000,42996.57000000,2648.14943000,60,60,False
1706551200000,1706554800000,42996.56000000,43118.10000000,42883.72000000,43028.75000000,1544.40022000,60,60,False
1706554800000,1706558400000,43028.74000000,43152.47000000,42978.29000000,42995.99000000,1416.98804000,60,60,False
1706558400000,1706562000000,42995.99000000,43199.99000000,42982.66000000,43147.60000000,1242.65529000,60,60,False
1706562000000,1706565600000,43147.61000000,43263.15000000,43061.66000000,43176.29000000,1186.41986000,60,60,False
1706565600000,1706569200000,43176.29000000,43210.31000000,43081.10000000,43111.10000000,685.97624000,60,60,False
1706569200000,1706572800000,43111.11000000,43333.00000000,43078.11000000,43302.70000000,971.31353000,60,60,False
1706572800000,1706576400000,43302.71000000,43310.97000000,43133.90000000,43162.02000000,944.79046000,60,60,False
1706576400000,1706580000000,43162.02000000,43559.00000000,43157.15000000,43439.51000000,2487.03277000,60,60,False
1706580000000,1706583600000,43439.51000000,43787.35000000,43439.51000000,43615.15000000,1837.02834000,60,60,False
1706583600000,1706587200000,43615.15000000,43685.20000000,43460.02000000,43519.71000000,1493.36525000,60,60,False
1706587200000,1706590800000,43519.71000000,43570.09000000,43412.00000000,43421.49000000,817.52946000,60,60,False
1706590800000,1706594400000,43421.50000000,43465.22000000,43342.00000000,43365.04000000,650.69606000,60,60,False
1706594400000,1706598000000,43365.03000000,43422.71000000,43259.26000000,43340.68000000,792.67818000,60,60,False
1706598000000,1706601600000,43340.68000000,43446.11000000,43323.82000000,43358.25000000,1091.75741000,60,60,False
1706601600000,1706605200000,43358.24000000,43467.03000000,43215.76000000,43432.10000000,1235.47793000,60,60,False
1706605200000,1706608800000,43432.10000000,43459.89000000,43320.40000000,43324.40000000,893.68806000,60,60,False
1706608800000,1706612400000,43324.41000000,43510.00000000,43295.55000000,43482.01000000,949.27329000,60,60,False
1706612400000,1706616000000,43482.01000000,43564.85000000,43414.41000000,43537.74000000,1045.71402000,60,60,False
1706616000000,1706619600000,43537.75000000,43882.36000000,43257.39000000,43394.53000000,3427.46676000,60,60,False
1706619600000,1706623200000,43394.54000000,43480.00000000,43153.06000000,43287.61000000,1976.10308000,60,60,False
1706623200000,1706626800000,43287.61000000,43498.00000000,43114.13000000,43473.99000000,1788.03155000,60,60,False
1706626800000,1706630400000,43474.00000000,43622.00000000,43292.98000000,43375.50000000,2628.65407000,60,60,False
1706630400000,1706634000000,43375.50000000,43516.06000000,43224.00000000,43499.03000000,1844.52412000,60,60,False
1706634000000,1706637600000,43499.03000000,43599.00000000,43306.51000000,43398.31000000,1501.00015000,60,60,False
1706637600000,1706641200000,43398.31000000,43496.00000000,43282.94000000,43371.63000000,1362.58564000,60,60,False
1706641200000,1706644800000,43371.64000000,43574.80000000,43336.35000000,43547.98000000,1126.04706000,60,60,False
1706644800000,1706648400000,43547.99000000,43760.00000000,43480.18000000,43561.10000000,2556.66446000,60,60,False
1706648400000,1706652000000,43561.10000000,43694.15000000,43488.32000000,43546.07000000,1431.55277000,60,60,False
1706652000000,1706655600000,43546.07000000,43574.80000000,43326.27000000,43327.77000000,1000.28757000,60,60,False
1706655600000,1706659200000,43327.78000000,43354.48000000,42683.99000000,42941.10000000,2737.29700000,60,60,False
1706659200000,1706662800000,42941.10000000,43107.77000000,42850.00000000,42933.21000000,1782.34600000,60,60,False
1706662800000,1706666400000,42933.20000000,43000.00000000,42724.31000000,42782.82000000,1138.38172000,60,60,False
1706666400000,1706670000000,42782.81000000,42899.55000000,42655.07000000,42883.00000000,1250.57913000,60,60,False
1706670000000,1706673600000,42883.01000000,42991.49000000,42861.10000000,42930.07000000,742.17294000,60,60,False
1706673600000,1706677200000,42930.06000000,42994.27000000,42871.10000000,42962.64000000,599.95705000,60,60,False
1706677200000,1706680800000,42962.64000000,43050.04000000,42924.13000000,42980.00000000,695.26876000,60,60,False
1706680800000,1706684400000,42980.00000000,43061.30000000,42909.20000000,42975.93000000,698.88654000,60,60,False
1706684400000,1706688000000,42975.92000000,43087.93000000,42945.00000000,43050.01000000,845.39333000,60,60,False
1706688000000,1706691600000,43050.01000000,43091.10000000,42938.35000000,42978.01000000,701.56744000,60,60,False
1706691600000,1706695200000,42978.00000000,42978.01000000,42585.17000000,42646.00000000,1698.27618000,60,60,False
1706695200000,1706698800000,42645.99000000,42796.72000000,42383.00000000,42384.73000000,2369.64791000,60,60,False
1706698800000,1706702400000,42384.72000000,42678.03000000,42355.00000000,42647.98000000,1346.73860000,60,60,False
1706702400000,1706706000000,42647.98000000,42729.36000000,42550.54000000,42622.81000000,1259.93539000,60,60,False
1706706000000,1706709600000,42622.80000000,42925.52000000,42521.31000000,42803.92000000,1599.83425000,60,60,False
1706709600000,1706713200000,42803.91000000,42988.97000000,42571.10000000,42882.08000000,2001.57212000,60,60,False
1706713200000,1706716800000,42882.08000000,43465.02000000,42691.10000000,43361.10000000,3277.41349000,60,60,False
1706716800000,1706720400000,43361.11000000,43611.80000000,43294.46000000,43474.81000000,2297.91748000,60,60,False
1706720400000,1706724000000,43474.81000000,43745.10000000,43432.01000000,43715.04000000,1913.45351000,60,60,False
1706724000000,1706727600000,43715.04000000,43745.11000000,43474.13000000,43513.38000000,1499.79579000,60,60,False
1706727600000,1706731200000,43513.38000000,43551.99000000,43041.10000000,43334.64000000,2549.59458000,60,60,False
1706731200000,1706734800000,43334.63000000,43361.10000000,42519.92000000,42541.18000000,3928.70425000,60,60,False
1706734800000,1706738400000,42541.19000000,42707.68000000,42276.84000000,42487.12000000,3017.45402000,60,60,False
1706738400000,1706742000000,42487.12000000,42690.42000000,42381.10000000,42656.07000000,1398.31850000,60,60,False
1706742000000,1706745600000,42656.07000000,42688.88000000,42555.46000000,42580.00000000,1257.92790000,60,60,False
1706745600000,1706749200000,42580.00000000,42687.63000000,42220.85000000,42474.95000000,1507.53813000,60,60,False
1706749200000,1706752800000,42474.96000000,42476.00000000,41884.28000000,41983.54000000,2384.42419000,60,60,False
1706752800000,1706756400000,41983.54000000,42176.87000000,41958.71000000,42162.56000000,1253.03633000,60,60,False
1706756400000,1706760000000,42162.55000000,42190.40000000,41958.71000000,42015.65000000,1014.26773000,60,60,False
1706760000000,1706763600000,42015.65000000,42141.68000000,41889.95000000,42073.43000000,1689.40041000,60,60,False
1706763600000,1706767200000,42073.43000000,42198.00000000,42028.41000000,42156.50000000,1043.08963000,60,60,False
1706767200000,1706770800000,42156.50000000,42225.47000000,42123.35000000,42192.40000000,1034.13285000,60,60,False
1706770800000,1706774400000,42192.39000000,42300.00000000,42124.59000000,42190.16000000,1046.12528000,60,60,False
1706774400000,1706778000000,42190.15000000,42250.00000000,42125.25000000,42244.54000000,819.12804000,60,60,False
1706778000000,1706781600000,42244.54000000,42261.81000000,42130.00000000,42148.31000000,744.12464000,60,60,False
1706781600000,1706785200000,42148.31000000,42331.10000000,42112.95000000,42226.02000000,1161.43848000,60,60,False
1706785200000,1706788800000,42226.01000000,42298.03000000,42026.52000000,42087.52000000,1278.06135000,60,60,False
1706788800000,1706792400000,42087.52000000,42237.24000000,41944.89000000,42142.80000000,1494.45184000,60,60,False
1706792400000,1706796000000,42142.81000000,42294.00000000,41981.17000000,42219.61000000,1253.09846000,60,60,False
1706796000000,1706799600000,42219.61000000,42657.48000000,42186.00000000,42651.10000000,2229.76128000,60,60,False
1706799600000,1706803200000,42651.10000000,42946.60000000,42516.11000000,42516.12000000,2881.03040000,60,60,False
1706803200000,1706806800000,42516.12000000,42698.00000000,42364.00000000,42658.15000000,1874.20315000,60,60,False
1706806800000,1706810400000,42658.15000000,43169.23000000,42628.00000000,42924.00000000,2693.82895000,60,60,False
1706810400000,1706814000000,42923.99000000,43053.03000000,42771.82000000,42847.06000000,1644.69310000,60,60,False
1706814000000,1706817600000,42847.07000000,43285.13000000,42831.11000000,43218.94000000,1870.84384000,60,60,False
1706817600000,1706821200000,43218.94000000,43279.91000000,42895.86000000,43011.83000000,1625.64930000,60,60,False
1706821200000,1706824800000,43011.83000000,43220.00000000,42967.19000000,43096.41000000,1259.54812000,60,60,False
1706824800000,1706828400000,43096.42000000,43111.10000000,42872.91000000,42927.11000000,731.61076000,60,60,False
1706828400000,1706832000000,42927.12000000,43086.13000000,42886.33000000,43082.94000000,697.56038000,60,60,False
1706832000000,1706835600000,43082.95000000,43432.63000000,43046.48000000,43174.41000000,1792.38480000,60,60,False
1706835600000,1706839200000,43174.41000000,43296.35000000,43104.79000000,43121.10000000,1034.42382000,60,60,False
1706839200000,1706842800000,43121.10000000,43200.00000000,43039.00000000,43080.41000000,963.35197000,60,60,False
1706842800000,1706846400000,43080.40000000,43108.48000000,43026.15000000,43037.25000000,456.17682000,60,60,False
1706846400000,1706850000000,43037.25000000,43061.11000000,42943.71000000,42966.65000000,530.31751000,60,60,False
1706850000000,1706853600000,42966.65000000,43140.25000000,42951.10000000,43103.97000000,726.65740000,60,60,False
1706853600000,1706857200000,43103.98000000,43271.10000000,43086.95000000,43165.00000000,1382.56480000,60,60,False
1706857200000,1706860800000,43165.00000000,43258.03000000,43086.89000000,43086.89000000,1424.82076000,60,60,False
1706860800000,1706864400000,43086.90000000,43107.97000000,42957.70000000,43015.99000000,1112.07579000,60,60,False
1706864400000,1706868000000,43015.99000000,43081.09000000,42957.43000000,42980.91000000,905.74704000,60,60,False
1706868000000,1706871600000,42980.91000000,43140.00000000,42941.10000000,43122.48000000,1137.69292000,60,60,False
1706871600000,1706875200000,43122.47000000,43199.00000000,43060.00000000,43148.41000000,939.24926000,60,60,False
1706875200000,1706878800000,43148.42000000,43239.57000000,43060.00000000,43130.81000000,1277.78253000,60,60,False
1706878800000,1706882400000,43130.81000000,43146.17000000,42546.79000000,42694.01000000,2822.02176000,60,60,False
1706882400000,1706886000000,42694.01000000,42913.01000000,42610.00000000,42805.35000000,1700.43067000,60,60,False
1706886000000,1706889600000,42805.35000000,43250.00000000,42750.00000000,43242.09000000,2693.30089000,60,60,False
1706889600000,1706893200000,43242.10000000,43488.00000000,43100.00000000,43216.36000000,2806.19754000,60,60,False
1706893200000,1706896800000,43216.35000000,43296.00000000,42901.10000000,42958.47000000,1481.05645000,60,60,False
1706896800000,1706900400000,42958.47000000,42990.00000000,42783.09000000,42928.01000000,1174.01302000,60,60,False
1706900400000,1706904000000,42928.00000000,43080.00000000,42920.36000000,43061.97000000,901.39668000,60,60,False
1706904000000,1706907600000,43061.98000000,43089.91000000,42900.48000000,42952.65000000,782.65743000,60,60,False
1706907600000,1706911200000,42952.65000000,43067.78000000,42950.63000000,42995.17000000,484.16268000,60,60,False
1706911200000,1706914800000,42995.16000000,43226.61000000,42995.16000000,43202.59000000,569.54090000,60,60,False
1706914800000,1706918400000,43202.60000000,43238.01000000,43132.46000000,43200.00000000,574.12074000,60,60,False
1706918400000,1706922000000,43199.99000000,43380.01000000,43151.11000000,43229.07000000,970.35215000,60,60,False
1706922000000,1706925600000,43229.07000000,43322.00000000,43192.79000000,43221.10000000,509.33294000,60,60,False
1706925600000,1706929200000,43221.11000000,43233.55000000,43154.28000000,43187.98000000,402.32040000,60,60,False
1706929200000,1706932800000,43187.98000000,43234.03000000,43142.00000000,43173.94000000,341.21743000,60,60,False
1706932800000,1706936400000,43173.95000000,43222.75000000,43153.68000000,43191.67000000,296.33943000,60,60,False
1706936400000,1706940000000,43191.66000000,43209.11000000,43095.56000000,43168.78000000,431.51848000,60,60,False
1706940000000,1706943600000,43168.78000000,43168.82000000,43081.10000000,43095.39000000,294.70009000,60,60,False
1706943600000,1706947200000,43095.39000000,43133.96000000,43040.00000000,43053.05000000,323.55811000,60,60,False
1706947200000,1706950800000,43053.05000000,43089.58000000,43004.00000000,43016.79000000,386.45599000,60,60,False
1706950800000,1706954400000,43016.78000000,43123.43000000,43016.78000000,43092.13000000,425.87144000,60,60,False
1706954400000,1706958000000,43092.12000000,43125.28000000,43041.79000000,43062.07000000,413.16430000,60,60,False
1706958000000,1706961600000,43062.07000000,43062.07000000,42973.66000000,42995.04000000,584.93265000,60,60,False
1706961600000,1706965200000,42995.04000000,43084.82000000,42974.99000000,43070.25000000,458.19900000,60,60,False
1706965200000,1706968800000,43070.25000000,43093.52000000,43041.10000000,43071.59000000,329.10642000,60,60,False
1706968800000,1706972400000,43071.60000000,43081.96000000,43022.90000000,43042.27000000,414.56612000,60,60,False
1706972400000,1706976000000,43042.28000000,43190.00000000,42880.00000000,43119.06000000,1304.09113000,60,60,False
1706976000000,1706979600000,43119.06000000,43186.77000000,43072.53000000,43095.04000000,620.63671000,60,60,False
1706979600000,1706983200000,43095.04000000,43270.00000000,43091.10000000,43230.01000000,842.36557000,60,60,False
1706983200000,1706986800000,43230.00000000,43243.52000000,43028.88000000,43070.35000000,806.97707000,60,60,False
1706986800000,1706990400000,43070.35000000,43088.82000000,43016.28000000,43061.09000000,401.64152000,60,60,False
1706990400000,1706994000000,43061.09000000,43104.68000000,43007.44000000,43065.15000000,347.05646000,60,60,False
1706994000000,1706997600000,43065.15000000,43093.04000000,43027.18000000,43045.02000000,300.90176000,60,60,False
1706997600000,1707001200000,43045.01000000,43076.98000000,43013.05000000,43031.31000000,302.27852000,60,60,False
1707001200000,1707004800000,43031.32000000,43075.39000000,42953.33000000,43011.09000000,525.82629000,60,60,False
1707004800000,1707008400000,43011.10000000,43017.44000000,42880.01000000,43008.15000000,746.00106000,60,60,False
1707008400000,1707012000000,43008.14000000,43044.56000000,42948.32000000,43041.33000000,280.68765000,60,60,False
1707012000000,1707015600000,43041.32000000,43068.79000000,43021.41000000,43022.65000000,272.52037000,60,60,False
1707015600000,1707019200000,43022.64000000,43047.98000000,43022.64000000,43027.16000000,157.70980000,60,60,False
1707019200000,1707022800000,43027.16000000,43029.17000000,42901.19000000,42916.50000000,325.57336000,60,60,False
1707022800000,1707026400000,42916.50000000,42960.09000000,42862.51000000,42892.38000000,541.39000000,60,60,False
1707026400000,1707030000000,42892.39000000,42932.74000000,42743.95000000,42746.13000000,761.57396000,60,60,False
1707030000000,1707033600000,42746.13000000,42862.18000000,42720.07000000,42845.03000000,579.83170000,60,60,False
1707033600000,1707037200000,42845.03000000,42845.03000000,42774.47000000,42795.25000000,389.88820000,60,60,False
1707037200000,1707040800000,42795.24000000,42986.40000000,42741.60000000,42942.73000000,1001.63504000,60,60,False
1707040800000,1707044400000,42942.73000000,42944.61000000,42872.30000000,42944.00000000,415.49135000,60,60,False
1707044400000,1707048000000,42944.00000000,43119.04000000,42931.32000000,43060.10000000,770.93915000,60,60,False
1707048000000,1707051600000,43060.09000000,43115.76000000,42994.43000000,42994.44000000,616.83738000,60,60,False
1707051600000,1707055200000,42994.44000000,43037.92000000,42963.53000000,42995.52000000,426.19642000,60,60,False
1707055200000,1707058800000,42995.53000000,43016.16000000,42850.00000000,42874.00000000,927.07957000,60,60,False
1707058800000,1707062400000,42874.00000000,42954.59000000,42845.51000000,42943.21000000,574.59974000,60,60,False
1707062400000,1707066000000,42943.20000000,42943.21000000,42881.14000000,42913.16000000,405.86823000,60,60,False
1707066000000,1707069600000,42913.16000000,42969.79000000,42841.10000000,42899.45000000,679.14031000,60,60,False
1707069600000,1707073200000,42899.44000000,42942.95000000,42757.00000000,42794.01000000,793.22597000,60,60,False
1707073200000,1707076800000,42794.00000000,42818.04000000,42573.17000000,42636.44000000,1729.87924000,60,60,False
1707076800000,1707080400000,42636.43000000,42938.00000000,42541.40000000,42880.78000000,1400.52338000,60,60,False
1707080400000,1707084000000,42880.79000000,42985.73000000,42772.18000000,42779.97000000,898.18268000,60,60,False
1707084000000,1707087600000,42779.97000000,42880.93000000,42222.00000000,42571.62000000,1588.48589000,60,60,False
1707087600000,1707091200000,42571.61000000,42652.50000000,42506.99000000,42582.88000000,783.63359000,60,60,False
1707091200000,1707094800000,42582.88000000,42629.41000000,42355.01000000,42360.96000000,1080.11300000,60,60,False
1707094800000,1707098400000,42360.96000000,42546.76000000,42258.10000000,42529.67000000,1092.95799000,60,60,False
1707098400000,1707102000000,42529.67000000,42529.68000000,42379.01000000,42447.06000000,751.20014000,60,60,False
1707102000000,1707105600000,42447.07000000,42729.02000000,42447.06000000,42718.31000000,784.73907000,60,60,False
1707105600000,1707109200000,42718.31000000,42825.00000000,42670.12000000,42749.13000000,864.87503000,60,60,False
1707109200000,1707112800000,42749.13000000,42777.25000000,42642.00000000,42777.24000000,739.00099000,60,60,False
1707112800000,1707116400000,42777.24000000,42843.75000000,42697.52000000,42819.32000000,624.34278000,60,60,False
1707116400000,1707120000000,42819.31000000,43176.39000000,42792.01000000,43071.88000000,1954.08375000,60,60,False
1707120000000,1707123600000,43071.87000000,43195.36000000,42991.15000000,43033.53000000,1186.42906000,60,60,False
1707123600000,1707127200000,43033.53000000,43067.33000000,42954.54000000,43037.59000000,633.02755000,60,60,False
1707127200000,1707130800000,43037.59000000,43268.98000000,43037.59000000,43143.34000000,1486.58066000,60,60,False
1707130800000,1707134400000,43143.35000000,43205.35000000,43080.00000000,43194.08000000,768.52047000,60,60,False
1707134400000,1707138000000,43194.08000000,43299.00000000,43122.23000000,43255.36000000,809.69119000,60,60,False
1707138000000,1707141600000,43255.35000000,43569.76000000,43219.05000000,43447.67000000,2642.99233000,60,60,False
1707141600000,1707145200000,43447.67000000,43493.20000000,43150.91000000,43195.28000000,1643.23083000,60,60,False
1707145200000,1707148800000,43195.28000000,43195.29000000,42600.11000000,42644.03000000,2914.13067000,60,60,False
1707148800000,1707152400000,42644.04000000,42771.10000000,42501.00000000,42741.69000000,2335.75351000,60,60,False
1707152400000,1707156000000,42741.70000000,42853.70000000,42660.00000000,42720.94000000,1093.66841000,60,60,False
1707156000000,1707159600000,42720.94000000,42738.95000000,42574.35000000,42730.89000000,873.21216000,60,60,False
1707159600000,1707163200000,42730.89000000,42869.66000000,42703.43000000,42765.36000000,766.75568000,60,60,False
1707163200000,1707166800000,42765.35000000,42798.37000000,42333.33000000,42426.01000000,1989.29246000,60,60,False
1707166800000,1707170400000,42426.00000000,42556.89000000,42365.81000000,42386.00000000,922.78119000,60,60,False
1707170400000,1707174000000,42386.01000000,42530.23000000,42330.52000000,42504.74000000,656.59281000,60,60,False
1707174000000,1707177600000,42504.73000000,42722.30000000,42462.16000000,42708.70000000,853.78732000,60,60,False
1707177600000,1707181200000,42708.70000000,42730.00000000,42591.10000000,42600.34000000,588.85344000,60,60,False
1707181200000,1707184800000,42600.34000000,42769.22000000,42574.00000000,42671.11000000,594.07204000,60,60,False
1707184800000,1707188400000,42671.11000000,42941.47000000,42650.00000000,42852.19000000,1035.93674000,60,60,False
1707188400000,1707192000000,42852.18000000,42960.01000000,42769.96000000,42851.11000000,678.30297000,60,60,False
1707192000000,1707195600000,42851.10000000,42926.73000000,42784.26000000,42826.18000000,571.81254000,60,60,False
1707195600000,1707199200000,42826.18000000,42846.00000000,42753.99000000,42785.28000000,385.73964000,60,60,False
1707199200000,1707202800000,42785.27000000,42796.16000000,42667.00000000,42780.46000000,559.29759000,60,60,False
1707202800000,1707206400000,42780.46000000,42911.10000000,42743.81000000,42890.00000000,684.44354000,60,60,False
1707206400000,1707210000000,42889.99000000,43089.38000000,42887.48000000,43069.02000000,1396.78690000,60,60,False
1707210000000,1707213600000,43069.02000000,43119.90000000,42950.00000000,42991.55000000,1201.85225000,60,60,False
1707213600000,1707217200000,42991.56000000,43100.00000000,42670.61000000,42799.50000000,2004.02342000,60,60,False
1707217200000,1707220800000,42799.49000000,42853.84000000,42701.04000000,42826.96000000,977.01483000,60,60,False
1707220800000,1707224400000,42826.96000000,42895.73000000,42658.00000000,42789.36000000,1173.54011000,60,60,False
1707224400000,1707228000000,42789.36000000,43010.01000000,42739.94000000,42881.33000000,1361.85192000,60,60,False
1707228000000,1707231600000,42881.34000000,43093.83000000,42815.75000000,42942.80000000,1262.74237000,60,60,False
1707231600000,1707235200000,42942.79000000,43270.89000000,42897.97000000,43244.89000000,2151.59923000,60,60,False
1707235200000,1707238800000,43244.89000000,43399.98000000,43149.64000000,43165.46000000,2071.12259000,60,60,False
1707238800000,1707242400000,43165.46000000,43269.75000000,43101.70000000,43180.66000000,1157.15112000,60,60,False
1707242400000,1707246000000,43180.67000000,43256.62000000,43000.00000000,43200.31000000,1022.22951000,60,60,False
1707246000000,1707249600000,43200.31000000,43295.04000000,43119.61000000,43278.78000000,841.09052000,60,60,False
1707249600000,1707253200000,43278.79000000,43322.00000000,43070.29000000,43095.67000000,938.37420000,60,60,False
1707253200000,1707256800000,43095.67000000,43273.06000000,43060.28000000,43166.31000000,776.43390000,60,60,False
1707256800000,1707260400000,43166.31000000,43217.11000000,43114.73000000,43199.98000000,480.74641000,60,60,False
1707260400000,1707264000000,43199.97000000,43222.94000000,43032.71000000,43098.95000000,760.83655000,60,60,False
1707264000000,1707267600000,43098.96000000,43192.00000000,43049.23000000,43096.47000000,732.59917000,60,60,False
1707267600000,1707271200000,43096.46000000,43186.98000000,43043.95000000,43049.71000000,551.08075000,60,60,False
1707271200000,1707274800000,43049.71000000,43101.12000000,43001.10000000,43049.04000000,506.66000000,60,60,False
1707274800000,1707278400000,43049.04000000,43049.04000000,42788.00000000,42800.00000000,1177.75777000,60,60,False
1707278400000,1707282000000,42799.99000000,42946.15000000,42794.67000000,42929.18000000,729.35390000,60,60,False
1707282000000,1707285600000,42929.18000000,43051.10000000,42882.00000000,43029.12000000,625.33484000,60,60,False
1707285600000,1707289200000,43029.12000000,43030.61000000,42891.52000000,42961.92000000,565.82276000,60,60,False
1707289200000,1707292800000,42961.92000000,43006.00000000,42900.00000000,42918.03000000,552.74195000,60,60,False
1707292800000,1707296400000,42918.02000000,42969.08000000,42872.37000000,42942.83000000,496.68460000,60,60,False
1707296400000,1707300000000,42942.82000000,43200.00000000,42907.62000000,43146.00000000,953.76251000,60,60,False
1707300000000,1707303600000,43146.01000000,43151.10000000,42838.01000000,42897.94000000,1071.70228000,60,60,False
1707303600000,1707307200000,42897.94000000,42992.84000000,42870.00000000,42928.29000000,779.26601000,60,60,False
1707307200000,1707310800000,42928.28000000,43103.10000000,42890.51000000,43073.28000000,919.57696000,60,60,False
1707310800000,1707314400000,43073.29000000,43179.56000000,43038.53000000,43141.98000000,866.26403000,60,60,False
1707314400000,1707318000000,43141.97000000,43325.03000000,42941.10000000,43028.60000000,2091.84728000,60,60,False
1707318000000,1707321600000,43028.59000000,43190.43000000,42921.10000000,43071.08000000,1296.95027000,60,60,False
1707321600000,1707325200000,43071.08000000,43245.48000000,43013.75000000,43240.71000000,1332.20333000,60,60,False
1707325200000,1707328800000,43240.70000000,43710.00000000,43228.00000000,43499.91000000,4634.72100000,60,60,False
1707328800000,1707332400000,43499.91000000,43670.00000000,43460.22000000,43650.96000000,2187.08017000,60,60,False
1707332400000,1707336000000,43650.95000000,43699.98000000,43431.10000000,43615.47000000,1492.80980000,60,60,False
1707336000000,1707339600000,43615.47000000,44261.10000000,43615.47000000,44131.37000000,5364.35734000,60,60,False
1707339600000,1707343200000,44131.37000000,44396.50000000,44113.96000000,44185.96000000,2672.37987000,60,60,False
1707343200000,1707346800000,44185.95000000,44344.00000000,44125.88000000,44160.69000000,1224.25664000,60,60,False
1707346800000,1707350400000,44160.68000000,44363.80000000,44152.68000000,44349.60000000,1567.38592000,60,60,False
1707350400000,1707354000000,44349.60000000,44698.46000000,44331.10000000,44676.01000000,3531.43254000,60,60,False
1707354000000,1707357600000,44676.02000000,44695.47000000,44476.92000000,44654.73000000,1683.51254000,60,60,False
1707357600000,1707361200000,44654.73000000,44780.00000000,44536.01000000,44648.32000000,2033.36119000,60,60,False
1707361200000,1707364800000,44648.33000000,44727.42000000,44534.00000000,44540.99000000,1587.88976000,60,60,False
1707364800000,1707368400000,44540.98000000,44605.00000000,44480.53000000,44489.90000000,806.92713000,60,60,False
1707368400000,1707372000000,44489.89000000,44633.78000000,44489.89000000,44552.90000000,1056.72544000,60,60,False
1707372000000,1707375600000,44552.89000000,44576.00000000,44450.00000000,44463.99000000,805.47228000,60,60,False
1707375600000,1707379200000,44463.99000000,44545.99000000,44427.01000000,44513.24000000,805.39107000,60,60,False
1707379200000,1707382800000,44513.25000000,44744.00000000,44513.24000000,44718.33000000,1350.57478000,60,60,False
1707382800000,1707386400000,44718.33000000,44788.01000000,44612.66000000,44692.81000000,1179.72665000,60,60,False
1707386400000,1707390000000,44692.82000000,44850.00000000,44686.61000000,44828.27000000,1663.73936000,60,60,False
1707390000000,1707393600000,44828.26000000,44885.00000000,44685.89000000,44698.97000000,1664.23633000,60,60,False
1707393600000,1707397200000,44698.97000000,44841.10000000,44606.00000000,44689.20000000,1322.97171000,60,60,False
1707397200000,1707400800000,44689.21000000,45000.00000000,44684.87000000,44984.00000000,2206.39765000,60,60,False
1707400800000,1707404400000,44984.00000000,45241.40000000,44868.01000000,45077.99000000,4347.04013000,60,60,False
1707404400000,1707408000000,45077.99000000,45467.14000000,44950.00000000,45432.30000000,4036.99420000,60,60,False
1707408000000,1707411600000,45432.30000000,45498.00000000,44904.13000000,45066.01000000,3579.95002000,60,60,False
1707411600000,1707415200000,45066.00000000,45239.53000000,44890.00000000,45042.53000000,2359.49348000,60,60,False
1707415200000,1707418800000,45042.54000000,45318.35000000,44991.10000000,45302.46000000,1457.17287000,60,60,False
1707418800000,1707422400000,45302.47000000,45438.59000000,45230.00000000,45284.14000000,1536.97220000,60,60,False
1707422400000,1707426000000,45284.13000000,45614.30000000,45267.44000000,45496.21000000,2888.80631000,60,60,False
1707426000000,1707429600000,45496.20000000,45501.10000000,45278.07000000,45321.04000000,1535.35074000,60,60,False
1707429600000,1707433200000,45321.03000000,45409.81000000,45227.00000000,45272.55000000,946.00150000,60,60,False
1707433200000,1707436800000,45272.54000000,45407.62000000,45261.10000000,45288.65000000,1053.48243000,60,60,False
1707436800000,1707440400000,45288.66000000,45400.01000000,45242.12000000,45289.10000000,1082.78010000,60,60,False
1707440400000,1707444000000,45289.10000000,45500.00000000,45275.29000000,45492.00000000,815.61742000,60,60,False
1707444000000,1707447600000,45492.01000000,46384.27000000,45441.40000000,46285.23000000,4790.56244000,60,60,False
1707447600000,1707451200000,46285.22000000,46350.00000000,46033.09000000,46060.74000000,2793.57991000,60,60,False
1707451200000,1707454800000,46060.74000000,46148.00000000,45855.00000000,45960.73000000,1938.03283000,60,60,False
1707454800000,1707458400000,45960.74000000,46278.00000000,45932.56000000,46267.15000000,1565.75457000,60,60,False
1707458400000,1707462000000,46267.15000000,46269.20000000,46132.17000000,46195.91000000,977.22252000,60,60,False
1707462000000,1707465600000,46195.92000000,46425.03000000,46190.00000000,46202.00000000,2330.22305000,60,60,False
1707465600000,1707469200000,46202.01000000,46675.86000000,46201.53000000,46639.99000000,2562.74751000,60,60,False
1707469200000,1707472800000,46640.00000000,46750.00000000,46482.35000000,46522.00000000,2911.57888000,60,60,False
1707472800000,1707476400000,46522.00000000,46806.24000000,46521.99000000,46779.52000000,1734.15463000,60,60,False
1707476400000,1707480000000,46779.53000000,47299.88000000,46677.75000000,47180.02000000,4364.43199000,60,60,False
1707480000000,1707483600000,47180.01000000,47699.00000000,47126.29000000,47323.99000000,6269.54291000,60,60,False
1707483600000,1707487200000,47324.00000000,47640.82000000,47254.01000000,47465.96000000,3042.13286000,60,60,False
1707487200000,1707490800000,47465.97000000,47719.44000000,46652.00000000,47062.01000000,7226.43714000,60,60,False
1707490800000,1707494400000,47062.00000000,47271.10000000,46765.44000000,47159.99000000,4659.54706000,60,60,False
1707494400000,1707498000000,47159.99000000,47498.00000000,47134.00000000,47275.88000000,3475.83863000,60,60,False
1707498000000,1707501600000,47275.88000000,47661.99000000,47215.69000000,47652.24000000,3223.87771000,60,60,False
1707501600000,1707505200000,47652.24000000,48200.00000000,47489.47000000,47602.00000000,7081.27669000,60,60,False
1707505200000,1707508800000,47602.00000000,47663.71000000,47248.04000000,47509.48000000,3180.19736000,60,60,False
1707508800000,1707512400000,47509.48000000,47693.28000000,47457.13000000,47511.29000000,3010.02275000,60,60,False
1707512400000,1707516000000,47511.30000000,47600.00000000,47286.11000000,47507.25000000,1967.69425000,60,60,False
1707516000000,1707519600000,47507.24000000,47552.00000000,47035.92000000,47272.61000000,1337.29002000,60,60,False
1707519600000,1707523200000,47272.61000000,47283.69000000,47058.00000000,47132.77000000,1162.93777000,60,60,False
1707523200000,1707526800000,47132.78000000,47250.00000000,47044.88000000,47088.00000000,1111.66671000,60,60,False
1707526800000,1707530400000,47088.00000000,47355.23000000,47061.10000000,47302.01000000,1109.83397000,60,60,False
1707530400000,1707534000000,47302.01000000,47333.00000000,47275.06000000,47311.39000000,531.47681000,60,60,False
1707534000000,1707537600000,47311.40000000,47504.00000000,47311.39000000,47376.62000000,1148.05953000,60,60,False
1707537600000,1707541200000,47376.62000000,47430.03000000,47313.29000000,47409.50000000,534.44554000,60,60,False
1707541200000,1707544800000,47409.49000000,47421.29000000,47255.39000000,47326.83000000,489.20761000,60,60,False
1707544800000,1707548400000,47326.82000000,47350.00000000,47265.69000000,47349.99000000,473.08547000,60,60,False
1707548400000,1707552000000,47349.99000000,47352.98000000,47145.40000000,47151.72000000,658.55420000,60,60,False
1707552000000,1707555600000,47151.72000000,47274.00000000,47068.35000000,47087.70000000,832.29961000,60,60,False
1707555600000,1707559200000,47087.69000000,47228.07000000,47049.63000000,47066.00000000,762.14702000,60,60,False
1707559200000,1707562800000,47066.00000000,47172.69000000,46800.00000000,46884.22000000,1574.54712000,60,60,False
1707562800000,1707566400000,46884.22000000,47199.41000000,46851.65000000,47182.00000000,1377.94159000,60,60,False
1707566400000,1707570000000,47182.01000000,47267.98000000,47151.10000000,47231.55000000,968.00077000,60,60,False
1707570000000,1707573600000,47231.54000000,47378.41000000,47105.44000000,47303.59000000,1291.43620000,60,60,False
1707573600000,1707577200000,47303.58000000,47374.00000000,47236.89000000,47270.00000000,694.97488000,60,60,False
1707577200000,1707580800000,47270.00000000,47358.17000000,47249.55000000,47353.48000000,670.46692000,60,60,False
1707580800000,1707584400000,47353.48000000,47353.48000000,47198.00000000,47250.00000000,586.82519000,60,60,False
1707584400000,1707588000000,47249.99000000,47340.00000000,47154.52000000,47196.48000000,776.17718000,60,60,False
1707588000000,1707591600000,47196.49000000,47337.92000000,47182.31000000,47329.37000000,604.31858000,60,60,False
1707591600000,1707595200000,47329.38000000,47660.00000000,47304.72000000,47531.09000000,1413.68092000,60,60,False
1707595200000,1707598800000,47531.09000000,48170.00000000,47454.37000000,47878.00000000,2793.79967000,60,60,False
1707598800000,1707602400000,47878.00000000,48149.81000000,47775.01000000,47941.63000000,1930.43555000,60,60,False
1707602400000,1707606000000,47941.64000000,47954.00000000,47606.28000000,47825.90000000,1437.58220000,60,60,False
1707606000000,1707609600000,47825.90000000,47944.81000000,47700.00000000,47751.09000000,1031.39612000,60,60,False
1707609600000,1707613200000,47751.08000000,47779.57000000,47610.48000000,47732.43000000,751.47522000,60,60,False
1707613200000,1707616800000,47732.44000000,47759.05000000,47557.16000000,47626.58000000,647.86987000,60,60,False
1707616800000,1707620400000,47626.59000000,47776.20000000,47623.41000000,47774.23000000,574.29725000,60,60,False
1707620400000,1707624000000,47774.23000000,48557.00000000,47774.22000000,48519.61000000,4479.29883000,60,60,False
1707624000000,1707627600000,48519.60000000,48592.66000000,48261.49000000,48294.76000000,1661.35630000,60,60,False
1707627600000,1707631200000,48294.76000000,48340.00000000,48133.33000000,48224.70000000,925.81841000,60,60,False
1707631200000,1707634800000,48224.71000000,48314.54000000,48125.00000000,48221.94000000,1128.06797000,60,60,False
1707634800000,1707638400000,48221.94000000,48355.00000000,48061.10000000,48179.52000000,1037.19003000,60,60,False
1707638400000,1707642000000,48179.51000000,48286.55000000,48075.87000000,48140.00000000,800.50147000,60,60,False
1707642000000,1707645600000,48139.99000000,48223.59000000,48096.00000000,48139.99000000,717.14712000,60,60,False
1707645600000,1707649200000,48140.00000000,48187.62000000,47922.33000000,48142.78000000,1033.27320000,60,60,False
1707649200000,1707652800000,48142.79000000,48438.81000000,48138.05000000,48411.71000000,1356.06845000,60,60,False
1707652800000,1707656400000,48411.71000000,48469.07000000,48257.01000000,48291.01000000,1360.05282000,60,60,False
1707656400000,1707660000000,48291.01000000,48347.00000000,48026.53000000,48058.12000000,1774.25568000,60,60,False
1707660000000,1707663600000,48058.12000000,48245.01000000,47931.82000000,48234.56000000,1431.34837000,60,60,False
1707663600000,1707667200000,48234.55000000,48234.56000000,48028.87000000,48150.43000000,900.56310000,60,60,False
1707667200000,1707670800000,48150.43000000,48205.00000000,47948.38000000,48104.01000000,1274.71353000,60,60,False
1707670800000,1707674400000,48104.01000000,48394.29000000,48104.00000000,48292.00000000,1327.55281000,60,60,False
1707674400000,1707678000000,48292.01000000,48356.37000000,48012.00000000,48282.22000000,1282.83115000,60,60,False
1707678000000,1707681600000,48282.22000000,48388.00000000,48242.26000000,48284.00000000,756.31572000,60,60,False
1707681600000,1707685200000,48283.99000000,48375.00000000,47981.10000000,48034.55000000,1413.22456000,60,60,False
1707685200000,1707688800000,48034.55000000,48133.99000000,47971.18000000,48116.00000000,1072.59822000,60,60,False
1707688800000,1707692400000,48115.99000000,48230.47000000,48088.00000000,48136.00000000,1117.46161000,60,60,False
1707692400000,1707696000000,48135.99000000,48300.00000000,48021.81000000,48299.99000000,1135.52668000,60,60,False
1707696000000,1707699600000,48300.00000000,48826.81000000,48231.10000000,48604.00000000,3876.37218000,60,60,False
1707699600000,1707703200000,48604.01000000,48611.00000000,48333.00000000,48485.74000000,1430.13582000,60,60,False
1707703200000,1707706800000,48485.74000000,48540.00000000,48009.52000000,48151.10000000,1662.85798000,60,60,False
1707706800000,1707710400000,48151.10000000,48231.10000000,48069.96000000,48145.00000000,754.32016000,60,60,False
1707710400000,1707714000000,48145.00000000,48145.01000000,48022.80000000,48070.00000000,646.94197000,60,60,False
1707714000000,1707717600000,48070.00000000,48183.43000000,48065.33000000,48073.18000000,482.26385000,60,60,False
1707717600000,1707721200000,48073.18000000,48171.21000000,47755.81000000,48149.43000000,1679.36861000,60,60,False
1707721200000,1707724800000,48149.43000000,48382.27000000,48118.08000000,48203.98000000,1636.34482000,60,60,False
1707724800000,1707728400000,48203.98000000,48311.15000000,48057.72000000,48114.01000000,986.77915000,60,60,False
1707728400000,1707732000000,48114.00000000,48129.47000000,47833.33000000,47880.92000000,1312.32130000,60,60,False
1707732000000,1707735600000,47880.92000000,48070.01000000,47710.01000000,47872.07000000,1756.39686000,60,60,False
1707735600000,1707739200000,47872.06000000,47926.36000000,47750.00000000,47903.03000000,1389.27351000,60,60,False
1707739200000,1707742800000,47903.04000000,48035.59000000,47841.00000000,48032.00000000,998.16608000,60,60,False
1707742800000,1707746400000,48031.99000000,48049.99000000,47894.24000000,47949.85000000,821.47270000,60,60,False
1707746400000,1707750000000,47949.85000000,48798.00000000,47929.13000000,48798.00000000,4057.27981000,60,60,False
1707750000000,1707753600000,48797.99000000,49950.00000000,48669.39000000,49917.80000000,10844.63202000,60,60,False
1707753600000,1707757200000,49917.80000000,49949.95000000,49372.22000000,49582.33000000,5386.65429000,60,60,False
1707757200000,1707760800000,49582.34000000,50334.82000000,49551.10000000,49854.48000000,7188.22064000,60,60,False
1707760800000,1707764400000,49854.49000000,49995.00000000,49673.10000000,49741.96000000,2623.01792000,60,60,False
1707764400000,1707768000000,49741.96000000,49942.76000000,49500.00000000,49532.03000000,2080.05295000,60,60,False
1707768000000,1707771600000,49532.02000000,50240.00000000,49532.02000000,50162.96000000,2691.51991000,60,60,False
1707771600000,1707775200000,50162.97000000,50271.02000000,49805.71000000,49816.30000000,2151.09064000,60,60,False
1707775200000,1707778800000,49816.31000000,50076.00000000,49816.30000000,50021.10000000,1072.29466000,60,60,False
1707778800000,1707782400000,50021.09000000,50049.43000000,49815.40000000,49917.27000000,1482.18922000,60,60,False
1707782400000,1707786000000,49917.28000000,50160.57000000,49904.00000000,50101.70000000,1751.68312000,60,60,False
1707786000000,1707789600000,50101.71000000,50368.61000000,49990.00000000,50141.16000000,1894.40779000,60,60,False
1707789600000,1707793200000,50141.15000000,50155.08000000,49840.00000000,49947.57000000,1321.82342000,60,60,False
1707793200000,1707796800000,49947.57000000,49959.24000000,49724.33000000,49789.99000000,1207.29588000,60,60,False
1707796800000,1707800400000,49790.00000000,49971.10000000,49789.99000000,49902.46000000,742.81902000,60,60,False
1707800400000,1707804000000,49902.46000000,50050.00000000,49816.60000000,50050.00000000,854.83365000,60,60,False
1707804000000,1707807600000,50049.99000000,50099.00000000,49962.14000000,50000.00000000,894.78904000,60,60,False
1707807600000,1707811200000,50000.00000000,50117.84000000,49900.10000000,49983.09000000,1562.62636000,60,60,False
1707811200000,1707814800000,49983.09000000,50151.10000000,49972.00000000,50117.98000000,1531.24026000,60,60,False
1707814800000,1707818400000,50117.99000000,50247.00000000,50000.66000000,50204.99000000,2287.51431000,60,60,False
1707818400000,1707822000000,50204.98000000,50220.60000000,49842.98000000,49861.09000000,2273.04945000,60,60,False
1707822000000,1707825600000,49861.08000000,50032.14000000,49650.00000000,49988.12000000,2733.08983000,60,60,False
1707825600000,1707829200000,49988.12000000,49996.00000000,49791.10000000,49860.00000000,1347.40959000,60,60,False
1707829200000,1707832800000,49860.00000000,49930.22000000,49188.10000000,49528.06000000,4797.41297000,60,60,False
1707832800000,1707836400000,49528.05000000,49651.30000000,48400.00000000,48692.16000000,8589.65035000,60,60,False
1707836400000,1707840000000,48692.17000000,49009.95000000,48444.00000000,48727.47000000,4624.00024000,60,60,False
1707840000000,1707843600000,48727.47000000,48855.29000000,48460.08000000,48477.07000000,2764.10380000,60,60,False
1707843600000,1707847200000,48477.58000000,48888.88000000,48300.95000000,48844.19000000,3201.76673000,60,60,False
1707847200000,1707850800000,48844.18000000,49263.57000000,48825.00000000,49107.84000000,2659.17205000,60,60,False
1707850800000,1707854400000,49107.84000000,49268.21000000,48912.00000000,49036.73000000,1767.21820000,60,60,False
1707854400000,1707858000000,49036.74000000,49500.00000000,49011.10000000,49399.41000000,2745.41119000,60,60,False
1707858000000,1707861600000,49399.40000000,49743.34000000,49341.94000000,49525.00000000,1852.05652000,60,60,False
1707861600000,1707865200000,49524.99000000,49624.00000000,49315.69000000,49521.54000000,993.28324000,60,60,False
1707865200000,1707868800000,49521.53000000,49775.00000000,49358.00000000,49699.59000000,1154.91005000,60,60,False
1707868800000,1707872400000,49699.60000000,49712.94000000,49381.10000000,49482.81000000,1098.18833000,60,60,False
1707872400000,1707876000000,49482.80000000,49531.10000000,49333.00000000,49433.29000000,931.36429000,60,60,False
1707876000000,1707879600000,49433.29000000,49560.06000000,49378.07000000,49490.48000000,581.45418000,60,60,False
1707879600000,1707883200000,49490.47000000,49615.97000000,49471.44000000,49518.61000000,595.44621000,60,60,False
1707883200000,1707886800000,49518.61000000,49584.55000000,49225.01000000,49385.99000000,827.14980000,60,60,False
1707886800000,1707890400000,49385.99000000,49633.77000000,49385.99000000,49539.05000000,879.77535000,60,60,False
1707890400000,1707894000000,49539.05000000,49656.07000000,49512.40000000,49637.83000000,876.97938000,60,60,False
1707894000000,1707897600000,49637.83000000,49877.22000000,49627.52000000,49838.93000000,1415.02028000,60,60,False
1707897600000,1707901200000,49838.93000000,50800.00000000,49741.19000000,50758.00000000,4164.03121000,60,60,False
1707901200000,1707904800000,50758.00000000,51686.00000000,50626.53000000,51551.10000000,8448.03702000,60,60,False
1707904800000,1707908400000,51551.10000000,51585.99000000,51238.36000000,51300.00000000,3117.11841000,60,60,False
1707908400000,1707912000000,51300.01000000,51723.08000000,50984.80000000,51555.12000000,4171.93821000,60,60,False
1707912000000,1707915600000,51555.12000000,51828.93000000,51411.77000000,51575.50000000,3599.00599000,60,60,False
1707915600000,1707919200000,51575.50000000,51815.32000000,51506.20000000,51786.01000000,2435.52976000,60,60,False
1707919200000,1707922800000,51786.00000000,52043.71000000,51557.98000000,51908.45000000,4671.42903000,60,60,False
1707922800000,1707926400000,51908.45000000,51989.99000000,51276.24000000,51590.00000000,4728.58590000,60,60,False
1707926400000,1707930000000,51590.00000000,51750.00000000,51200.24000000,51581.35000000,3256.79429000,60,60,False
1707930000000,1707933600000,51581.34000000,51729.71000000,51484.54000000,51663.99000000,1867.14913000,60,60,False
1707933600000,1707937200000,51663.99000000,51686.00000000,51378.00000000,51445.45000000,1865.86007000,60,60,False
1707937200000,1707940800000,51445.44000000,51680.00000000,51202.44000000,51678.00000000,1879.61745000,60,60,False
1707940800000,1707944400000,51677.99000000,51866.01000000,51634.00000000,51686.14000000,2209.91599000,60,60,False
1707944400000,1707948000000,51686.15000000,51782.17000000,51464.00000000,51725.25000000,1245.46814000,60,60,False
1707948000000,1707951600000,51725.26000000,51811.05000000,51608.00000000,51792.43000000,802.81576000,60,60,False
1707951600000,1707955200000,51792.44000000,51888.00000000,51733.95000000,51795.17000000,1377.69983000,60,60,False
1707955200000,1707958800000,51795.17000000,52500.00000000,51763.47000000,52321.20000000,3790.36754000,60,60,False
1707958800000,1707962400000,52321.19000000,52351.10000000,51717.58000000,51901.45000000,2652.57040000,60,60,False
1707962400000,1707966000000,51901.46000000,52220.12000000,51866.23000000,52048.46000000,1670.84571000,60,60,False
1707966000000,1707969600000,52048.45000000,52390.00000000,52033.14000000,52343.32000000,1371.41333000,60,60,False
1707969600000,1707973200000,52343.32000000,52364.55000000,52114.71000000,52140.00000000,1462.67778000,60,60,False
1707973200000,1707976800000,52140.00000000,52235.29000000,51814.14000000,51955.66000000,1371.71894000,60,60,False
1707976800000,1707980400000,51955.67000000,52091.58000000,51840.27000000,51974.50000000,1309.61682000,60,60,False
1707980400000,1707984000000,51974.49000000,52100.00000000,51634.01000000,51776.61000000,2014.64205000,60,60,False
1707984000000,1707987600000,51776.60000000,51981.10000000,51650.00000000,51934.01000000,1324.11775000,60,60,False
1707987600000,1707991200000,51934.01000000,52261.36000000,51870.00000000,52165.99000000,1836.15509000,60,60,False
1707991200000,1707994800000,52166.00000000,52344.16000000,52096.00000000,52286.70000000,1699.22638000,60,60,False
1707994800000,1707998400000,52286.71000000,52498.12000000,52161.10000000,52330.00000000,1921.71223000,60,60,False
1707998400000,1708002000000,52330.00000000,52494.00000000,52080.00000000,52331.94000000,2139.43803000,60,60,False
1708002000000,1708005600000,52331.94000000,52353.55000000,52085.24000000,52217.73000000,1833.56019000,60,60,False
1708005600000,1708009200000,52217.72000000,52816.62000000,52078.00000000,52621.31000000,4519.44224000,60,60,False
1708009200000,1708012800000,52621.31000000,52660.00000000,51721.31000000,51948.23000000,5423.15108000,60,60,False
1708012800000,1708016400000,51948.24000000,52380.00000000,51742.00000000,52265.32000000,3408.06139000,60,60,False
1708016400000,1708020000000,52265.32000000,52317.30000000,51850.50000000,51875.59000000,2173.95966000,60,60,False
1708020000000,1708023600000,51875.60000000,52060.00000000,51831.34000000,51977.99000000,1611.13065000,60,60,False
1708023600000,1708027200000,51977.98000000,52056.00000000,51725.00000000,52002.01000000,2065.22624000,60,60,False
1708027200000,1708030800000,52002.01000000,52011.10000000,51569.81000000,51686.00000000,2961.36308000,60,60,False
1708030800000,1708034400000,51686.00000000,51807.65000000,51314.00000000,51327.27000000,2310.78155000,60,60,False
1708034400000,1708038000000,51327.27000000,51823.52000000,51317.00000000,51644.40000000,1489.34918000,60,60,False
1708038000000,1708041600000,51644.39000000,51973.48000000,51622.30000000,51880.00000000,1455.50324000,60,60,False
1708041600000,1708045200000,51880.01000000,52005.50000000,51803.60000000,51914.08000000,1048.15528000,60,60,False
1708045200000,1708048800000,51914.08000000,52155.50000000,51876.86000000,51952.63000000,1453.51703000,60,60,False
1708048800000,1708052400000,51952.63000000,52200.00000000,51848.06000000,52168.15000000,1105.26394000,60,60,False
1708052400000,1708056000000,52168.14000000,52328.00000000,52100.00000000,52280.25000000,1318.31237000,60,60,False
1708056000000,1708059600000,52280.25000000,52343.28000000,52121.10000000,52121.99000000,1100.67086000,60,60,False
1708059600000,1708063200000,52122.00000000,52198.99000000,52009.63000000,52064.38000000,1025.10353000,60,60,False
1708063200000,1708066800000,52064.39000000,52164.00000000,51845.00000000,51897.95000000,1287.80636000,60,60,False
1708066800000,1708070400000,51897.95000000,51959.00000000,51700.00000000,51731.99000000,2497.34557000,60,60,False
1708070400000,1708074000000,51732.00000000,52000.00000000,51688.44000000,51829.30000000,1732.23718000,60,60,False
1708074000000,1708077600000,51829.29000000,51977.40000000,51566.00000000,51827.99000000,2225.73346000,60,60,False
1708077600000,1708081200000,51827.99000000,52300.01000000,51791.10000000,52300.00000000,2193.83727000,60,60,False
1708081200000,1708084800000,52299.99000000,52435.86000000,52176.04000000,52213.86000000,2571.68653000,60,60,False
1708084800000,1708088400000,52213.87000000,52400.00000000,52103.21000000,52383.44000000,1419.72726000,60,60,False
1708088400000,1708092000000,52383.45000000,52494.00000000,52130.16000000,52464.00000000,2066.37992000,60,60,False
1708092000000,1708095600000,52464.00000000,52572.08000000,51758.00000000,51920.31000000,3725.75766000,60,60,False
1708095600000,1708099200000,51920.32000000,51933.39000000,51592.88000000,51888.01000000,3280.11153000,60,60,False
1708099200000,1708102800000,51888.01000000,52245.00000000,51844.42000000,52041.10000000,1866.64810000,60,60,False
1708102800000,1708106400000,52041.10000000,52071.09000000,51803.75000000,52016.78000000,1136.24362000,60,60,False
1708106400000,1708110000000,52016.78000000,52037.57000000,51824.98000000,51967.33000000,815.75680000,60,60,False
1708110000000,1708113600000,51967.33000000,52031.97000000,51655.00000000,51756.29000000,963.11327000,60,60,False
1708113600000,1708117200000,51756.29000000,51900.00000000,51681.10000000,51838.00000000,1080.89863000,60,60,False
1708117200000,1708120800000,51838.00000000,52008.19000000,51759.10000000,51982.01000000,613.53322000,60,60,False
1708120800000,1708124400000,51982.01000000,51995.88000000,51891.10000000,51977.86000000,413.76742000,60,60,False
1708124400000,1708128000000,51977.86000000,52208.43000000,51956.28000000,52124.11000000,830.64637000,60,60,False
1708128000000,1708131600000,52124.10000000,52162.82000000,52003.80000000,52003.80000000,548.24468000,60,60,False
1708131600000,1708135200000,52003.81000000,52026.24000000,51846.84000000,51971.33000000,525.07239000,60,60,False
1708135200000,1708138800000,51971.34000000,52018.00000000,51881.33000000,51935.85000000,369.06015000,60,60,False
1708138800000,1708142400000,51935.84000000,51974.00000000,51897.43000000,51968.75000000,306.26325000,60,60,False
1708142400000,1708146000000,51968.75000000,52057.54000000,51929.86000000,52011.62000000,517.13032000,60,60,False
1708146000000,1708149600000,52011.62000000,52013.54000000,51792.00000000,51918.98000000,520.02071000,60,60,False
1708149600000,1708153200000,51918.98000000,51950.00000000,51884.62000000,51925.59000000,362.14332000,60,60,False
1708153200000,1708156800000,51925.59000000,51960.00000000,51905.03000000,51911.33000000,414.60598000,60,60,False
1708156800000,1708160400000,51911.34000000,51911.34000000,51702.37000000,51740.01000000,837.77280000,60,60,False
1708160400000,1708164000000,51740.01000000,51795.76000000,51651.53000000,51676.40000000,931.13568000,60,60,False
1708164000000,1708167600000,51676.39000000,51729.24000000,51500.00000000,51721.67000000,1322.86272000,60,60,False
1708167600000,1708171200000,51721.66000000,51800.00000000,51677.23000000,51690.48000000,719.36495000,60,60,False
1708171200000,1708174800000,51690.47000000,51735.68000000,51558.32000000,51711.10000000,657.97943000,60,60,False
1708174800000,1708178400000,51711.10000000,51713.38000000,51088.10000000,51188.81000000,2893.39881000,60,60,False
1708178400000,1708182000000,51188.80000000,51329.61000000,50625.00000000,50841.09000000,3930.77253000,60,60,False
1708182000000,1708185600000,50841.09000000,51174.04000000,50642.85000000,50984.56000000,2182.56166000,60,60,False
1708185600000,1708189200000,50984.56000000,51027.15000000,50741.10000000,50951.25000000,1351.10919000,60,60,False
1708189200000,1708192800000,50951.26000000,51272.72000000,50944.67000000,51215.58000000,1415.03480000,60,60,False
1708192800000,1708196400000,51215.58000000,51291.78000000,51146.00000000,51263.95000000,818.98898000,60,60,False
1708196400000,1708200000000,51263.96000000,51444.00000000,51232.79000000,51394.43000000,802.19727000,60,60,False
1708200000000,1708203600000,51394.44000000,51561.01000000,51303.00000000,51514.00000000,729.10855000,60,60,False
1708203600000,1708207200000,51514.01000000,52030.18000000,51444.42000000,51803.80000000,1915.04775000,60,60,False
1708207200000,1708210800000,51803.80000000,51864.67000000,51590.00000000,51710.51000000,1048.33394000,60,60,False
1708210800000,1708214400000,51710.50000000,51739.13000000,51592.05000000,51642.64000000,555.79636000,60,60,False
1708214400000,1708218000000,51642.64000000,51764.32000000,51544.09000000,51676.95000000,743.93552000,60,60,False
1708218000000,1708221600000,51676.94000000,51798.99000000,51482.12000000,51530.83000000,884.45683000,60,60,False
1708221600000,1708225200000,51530.83000000,51554.39000000,51163.28000000,51277.99000000,1153.39167000,60,60,False
1708225200000,1708228800000,51277.99000000,51480.00000000,51256.93000000,51479.99000000,560.42310000,60,60,False
1708228800000,1708232400000,51479.99000000,51640.00000000,51477.40000000,51564.12000000,688.11702000,60,60,False
1708232400000,1708236000000,51564.12000000,51688.87000000,51541.24000000,51656.87000000,566.23677000,60,60,False
1708236000000,1708239600000,51656.88000000,51700.01000000,51405.52000000,51509.58000000,606.44072000,60,60,False
1708239600000,1708243200000,51509.57000000,51750.60000000,51446.10000000,51671.10000000,808.11390000,60,60,False
1708243200000,1708246800000,51671.10000000,51795.04000000,51644.00000000,51790.01000000,691.37850000,60,60,False
1708246800000,1708250400000,51790.00000000,52000.00000000,51790.00000000,51976.81000000,1158.19230000,60,60,False
1708250400000,1708254000000,51976.80000000,52069.00000000,51784.50000000,51830.83000000,899.70919000,60,60,False
1708254000000,1708257600000,51830.83000000,51836.68000000,51661.10000000,51832.01000000,695.81908000,60,60,False
1708257600000,1708261200000,51832.01000000,51865.20000000,51535.01000000,51554.06000000,1087.03070000,60,60,False
1708261200000,1708264800000,51554.06000000,51694.85000000,51541.10000000,51628.44000000,676.33830000,60,60,False
1708264800000,1708268400000,51628.44000000,51948.57000000,51628.43000000,51882.00000000,974.46199000,60,60,False
1708268400000,1708272000000,51882.00000000,51888.88000000,51727.16000000,51773.99000000,786.07940000,60,60,False
1708272000000,1708275600000,51774.00000000,51879.76000000,51649.19000000,51835.57000000,882.35461000,60,60,False
1708275600000,1708279200000,51835.57000000,51980.73000000,51786.81000000,51837.94000000,884.84524000,60,60,False
1708279200000,1708282800000,51837.93000000,51837.94000000,51647.25000000,51793.95000000,857.61582000,60,60,False
1708282800000,1708286400000,51793.96000000,51872.85000000,51691.61000000,51758.12000000,715.75078000,60,60,False
1708286400000,1708290000000,51758.13000000,51783.72000000,51587.40000000,51776.00000000,680.31258000,60,60,False
1708290000000,1708293600000,51776.01000000,51922.57000000,51754.94000000,51861.10000000,483.18353000,60,60,False
1708293600000,1708297200000,51861.10000000,52377.00000000,51824.12000000,52239.80000000,2449.14088000,60,60,False
1708297200000,1708300800000,52239.79000000,52350.00000000,51975.05000000,52137.67000000,2058.77520000,60,60,False
1708300800000,1708304400000,52137.68000000,52428.78000000,52101.87000000,52183.72000000,1646.47146000,60,60,False
1708304400000,1708308000000,52183.72000000,52187.62000000,51904.83000000,52092.06000000,1361.67412000,60,60,False
1708308000000,1708311600000,52092.06000000,52210.48000000,52092.06000000,52148.60000000,851.79074000,60,60,False
1708311600000,1708315200000,52148.60000000,52167.35000000,51977.12000000,52063.81000000,752.37547000,60,60,False
1708315200000,1708318800000,52063.80000000,52221.10000000,52020.61000000,52097.39000000,952.14245000,60,60,False
1708318800000,1708322400000,52097.38000000,52156.00000000,51989.21000000,52130.42000000,725.01109000,60,60,False
1708322400000,1708326000000,52130.43000000,52471.79000000,52130.42000000,52387.53000000,1697.75120000,60,60,False
1708326000000,1708329600000,52387.53000000,52488.77000000,52297.40000000,52394.04000000,1059.83048000,60,60,False
1708329600000,1708333200000,52394.04000000,52410.73000000,52063.52000000,52098.50000000,1163.91356000,60,60,False
1708333200000,1708336800000,52098.50000000,52365.26000000,52098.49000000,52262.99000000,1214.97997000,60,60,False
1708336800000,1708340400000,52262.98000000,52450.00000000,52163.14000000,52350.01000000,1368.49870000,60,60,False
1708340400000,1708344000000,52350.01000000,52423.77000000,52284.92000000,52336.22000000,922.83197000,60,60,False
1708344000000,1708347600000,52336.22000000,52454.11000000,52232.00000000,52271.09000000,1276.18628000,60,60,False
1708347600000,1708351200000,52271.09000000,52372.55000000,52117.40000000,52150.17000000,1536.68715000,60,60,False
1708351200000,1708354800000,52150.18000000,52202.68000000,52027.00000000,52100.00000000,1509.43734000,60,60,False
1708354800000,1708358400000,52100.00000000,52346.05000000,52028.93000000,52127.99000000,1349.87979000,60,60,False
1708358400000,1708362000000,52127.99000000,52230.00000000,51677.00000000,51775.76000000,2178.19956000,60,60,False
1708362000000,1708365600000,51775.76000000,52210.00000000,51688.69000000,52151.73000000,1971.50334000,60,60,False
1708365600000,1708369200000,52151.72000000,52200.00000000,51913.07000000,51926.61000000,1131.63654000,60,60,False
1708369200000,1708372800000,51926.62000000,51933.79000000,51781.04000000,51820.61000000,1085.71920000,60,60,False
1708372800000,1708376400000,51820.61000000,51933.20000000,51761.10000000,51798.99000000,834.88916000,60,60,False
1708376400000,1708380000000,51799.00000000,51920.73000000,51705.11000000,51904.42000000,995.05661000,60,60,False
1708380000000,1708383600000,51904.41000000,52110.00000000,51868.01000000,51936.42000000,943.17631000,60,60,False
1708383600000,1708387200000,51936.41000000,52013.11000000,51711.10000000,51774.73000000,1005.35183000,60,60,False
1708387200000,1708390800000,51774.74000000,51832.01000000,51500.00000000,51641.82000000,1720.30986000,60,60,False
1708390800000,1708394400000,51641.83000000,51709.99000000,51311.00000000,51631.15000000,1907.08974000,60,60,False
1708394400000,1708398000000,51631.14000000,51761.10000000,51550.00000000,51711.09000000,923.71736000,60,60,False
1708398000000,1708401600000,51711.09000000,51797.00000000,51574.00000000,51580.23000000,712.89149000,60,60,False
1708401600000,1708405200000,51580.23000000,51818.00000000,51510.00000000,51788.01000000,928.35852000,60,60,False
1708405200000,1708408800000,51788.00000000,51984.03000000,51754.87000000,51909.10000000,921.76247000,60,60,False
1708408800000,1708412400000,51909.10000000,52039.91000000,51899.99000000,51948.06000000,772.89817000,60,60,False
1708412400000,1708416000000,51948.06000000,51974.58000000,51801.00000000,51839.28000000,1095.95743000,60,60,False
1708416000000,1708419600000,51839.28000000,51883.22000000,51586.22000000,51776.80000000,1180.92112000,60,60,False
1708419600000,1708423200000,51776.80000000,51825.41000000,51560.00000000,51761.33000000,1812.05961000,60,60,False
1708423200000,1708426800000,51761.34000000,52120.00000000,51761.33000000,52119.99000000,1829.16437000,60,60,False
1708426800000,1708430400000,52120.00000000,52380.00000000,52119.99000000,52286.80000000,2623.99208000,60,60,False
1708430400000,1708434000000,52286.80000000,52395.00000000,52125.92000000,52178.92000000,1548.12369000,60,60,False
1708434000000,1708437600000,52178.93000000,52985.00000000,52141.68000000,52840.13000000,4731.24347000,60,60,False
1708437600000,1708441200000,52840.14000000,52864.22000000,51769.23000000,52048.74000000,6123.11806000,60,60,False
1708441200000,1708444800000,52048.74000000,52086.56000000,51340.00000000,51680.00000000,4900.14394000,60,60,False
1708444800000,1708448400000,51679.99000000,51798.98000000,51370.00000000,51396.33000000,2355.64595000,60,60,False
1708448400000,1708452000000,51396.34000000,51396.34000000,50760.37000000,51324.99000000,4482.28703000,60,60,False
1708452000000,1708455600000,51325.00000000,51544.46000000,51241.81000000,51509.89000000,1566.22934000,60,60,False
1708455600000,1708459200000,51509.89000000,52138.31000000,51431.50000000,52101.11000000,2014.47671000,60,60,False
1708459200000,1708462800000,52101.10000000,52215.85000000,51953.46000000,51990.63000000,1711.31343000,60,60,False
1708462800000,1708466400000,51990.62000000,52171.10000000,51901.10000000,52024.00000000,857.33006000,60,60,False
1708466400000,1708470000000,52024.01000000,52304.76000000,52006.00000000,52168.65000000,836.96284000,60,60,False
1708470000000,1708473600000,52168.65000000,52517.30000000,52162.77000000,52258.82000000,2058.47644000,60,60,False
1708473600000,1708477200000,52258.82000000,52366.80000000,52120.00000000,52174.20000000,1154.86381000,60,60,False
1708477200000,1708480800000,52174.20000000,52291.10000000,52050.01000000,52102.56000000,806.67295000,60,60,False
1708480800000,1708484400000,52102.55000000,52160.00000000,52041.10000000,52067.99000000,690.55691000,60,60,False
1708484400000,1708488000000,52067.99000000,52104.03000000,51988.91000000,52001.99000000,717.34587000,60,60,False
1708488000000,1708491600000,52002.00000000,52009.99000000,51818.01000000,51949.58000000,882.83023000,60,60,False
1708491600000,1708495200000,51949.57000000,52113.39000000,51817.25000000,51837.95000000,753.50661000,60,60,False
1708495200000,1708498800000,51837.95000000,51901.85000000,51672.00000000,51741.98000000,968.65139000,60,60,False
1708498800000,1708502400000,51741.97000000,51780.04000000,51452.45000000,51568.64000000,1459.17317000,60,60,False
1708502400000,1708506000000,51568.64000000,51787.04000000,51530.29000000,51667.84000000,1354.26908000,60,60,False
1708506000000,1708509600000,51667.85000000,51698.00000000,51000.93000000,51095.10000000,2744.41955000,60,60,False
1708509600000,1708513200000,51095.10000000,51413.33000000,50888.00000000,51271.10000000,3125.30749000,60,60,False
1708513200000,1708516800000,51271.10000000,51369.00000000,50813.00000000,50965.53000000,2156.35214000,60,60,False
1708516800000,1708520400000,50965.53000000,51392.14000000,50625.00000000,51310.70000000,3340.80061000,60,60,False
1708520400000,1708524000000,51310.69000000,51442.26000000,50900.00000000,51181.09000000,2373.86746000,60,60,False
1708524000000,1708527600000,51181.10000000,51208.60000000,50750.00000000,50929.99000000,3120.40522000,60,60,False
1708527600000,1708531200000,50930.00000000,51328.33000000,50841.10000000,51156.00000000,2818.50389000,60,60,False
1708531200000,1708534800000,51156.00000000,51426.00000000,51010.00000000,51346.39000000,2060.51339000,60,60,False
1708534800000,1708538400000,51346.39000000,51427.43000000,50890.00000000,50931.35000000,1933.49418000,60,60,False
1708538400000,1708542000000,50931.35000000,51107.21000000,50810.00000000,50855.83000000,1659.40184000,60,60,False
1708542000000,1708545600000,50855.82000000,51058.00000000,50649.28000000,51058.00000000,2100.67317000,60,60,False
1708545600000,1708549200000,51057.99000000,51129.18000000,50862.50000000,50957.94000000,1927.60322000,60,60,False
1708549200000,1708552800000,50957.94000000,51398.00000000,50945.46000000,51385.34000000,1807.67562000,60,60,False
1708552800000,1708556400000,51385.35000000,51525.00000000,51221.37000000,51511.10000000,1055.99571000,60,60,False
1708556400000,1708560000000,51511.11000000,51950.01000000,51487.93000000,51849.39000000,2066.51698000,60,60,False
1708560000000,1708563600000,51849.38000000,51878.18000000,51500.00000000,51532.57000000,1621.87014000,60,60,False
1708563600000,1708567200000,51532.58000000,51630.01000000,51153.69000000,51238.81000000,1393.36888000,60,60,False
1708567200000,1708570800000,51238.82000000,51490.00000000,51224.05000000,51418.36000000,1000.46115000,60,60,False
1708570800000,1708574400000,51418.37000000,51658.54000000,51372.60000000,51586.10000000,669.71706000,60,60,False
1708574400000,1708578000000,51586.10000000,51640.01000000,51352.00000000,51434.61000000,800.02942000,60,60,False
1708578000000,1708581600000,51434.62000000,51684.51000000,51421.87000000,51524.88000000,967.09202000,60,60,False
1708581600000,1708585200000,51524.89000000,51809.62000000,51524.88000000,51767.51000000,1076.48657000,60,60,False
1708585200000,1708588800000,51767.50000000,51910.32000000,51661.22000000,51827.63000000,1582.49944000,60,60,False
1708588800000,1708592400000,51827.63000000,51937.89000000,51672.42000000,51888.52000000,1596.21955000,60,60,False
1708592400000,1708596000000,51888.52000000,52034.12000000,51700.00000000,51945.31000000,1462.55867000,60,60,False
1708596000000,1708599600000,51945.31000000,51945.32000000,51588.36000000,51694.07000000,1152.65535000,60,60,False
1708599600000,1708603200000,51694.08000000,51699.99000000,51517.63000000,51622.04000000,1293.80778000,60,60,False
1708603200000,1708606800000,51622.05000000,51733.05000000,51424.28000000,51521.10000000,1263.21133000,60,60,False
1708606800000,1708610400000,51521.11000000,51543.84000000,50940.78000000,51164.02000000,2903.22242000,60,60,False
1708610400000,1708614000000,51164.01000000,51418.39000000,51060.00000000,51374.00000000,2301.40041000,60,60,False
1708614000000,1708617600000,51374.00000000,51674.17000000,51286.20000000,51602.40000000,2137.27392000,60,60,False
1708617600000,1708621200000,51602.41000000,51750.01000000,51400.00000000,51479.09000000,1578.77911000,60,60,False
1708621200000,1708624800000,51479.10000000,51731.10000000,51454.01000000,51697.40000000,1229.96141000,60,60,False
1708624800000,1708628400000,51697.40000000,51720.87000000,51501.00000000,51718.81000000,1083.34154000,60,60,False
1708628400000,1708632000000,51718.82000000,51718.82000000,51460.80000000,51509.99000000,1412.76654000,60,60,False
1708632000000,1708635600000,51509.99000000,52065.78000000,51461.10000000,51995.58000000,3121.92839000,60,60,False
1708635600000,1708639200000,51995.59000000,52007.65000000,51545.26000000,51656.96000000,1264.97024000,60,60,False
1708639200000,1708642800000,51656.96000000,51717.87000000,51184.04000000,51456.01000000,1357.06045000,60,60,False
1708642800000,1708646400000,51456.01000000,51482.69000000,51230.00000000,51288.42000000,1038.76395000,60,60,False
1708646400000,1708650000000,51288.42000000,51483.09000000,51263.53000000,51455.85000000,835.28774000,60,60,False
1708650000000,1708653600000,51455.84000000,51548.54000000,51310.41000000,51311.11000000,744.66619000,60,60,False
1708653600000,1708657200000,51311.11000000,51426.00000000,51035.52000000,51096.39000000,1056.04694000,60,60,False
1708657200000,1708660800000,51096.38000000,51169.99000000,50971.11000000,51100.00000000,2059.56349000,60,60,False
1708660800000,1708664400000,51100.00000000,51321.92000000,51003.00000000,51219.59000000,1017.60517000,60,60,False
1708664400000,1708668000000,51219.59000000,51239.43000000,51116.00000000,51236.01000000,760.84053000,60,60,False
1708668000000,1708671600000,51236.00000000,51313.99000000,51211.10000000,51301.11000000,606.28765000,60,60,False
1708671600000,1708675200000,51301.10000000,51301.11000000,50889.00000000,50915.96000000,1574.15652000,60,60,False
1708675200000,1708678800000,50915.95000000,51170.00000000,50830.00000000,50958.54000000,1594.22560000,60,60,False
1708678800000,1708682400000,50958.55000000,51066.66000000,50870.10000000,51009.38000000,1543.80118000,60,60,False
1708682400000,1708686000000,51009.38000000,51174.56000000,50965.81000000,51171.09000000,840.94568000,60,60,False
1708686000000,1708689600000,51171.09000000,51263.22000000,51141.20000000,51218.95000000,783.12054000,60,60,False
1708689600000,1708693200000,51218.94000000,51225.25000000,50926.21000000,50994.01000000,1388.69200000,60,60,False
1708693200000,1708696800000,50994.00000000,51095.00000000,50925.02000000,51058.20000000,1238.27680000,60,60,False
1708696800000,1708700400000,51058.21000000,51333.47000000,50800.32000000,51126.00000000,3375.71574000,60,60,False
1708700400000,1708704000000,51126.00000000,51126.00000000,50833.02000000,50911.11000000,2300.14381000,60,60,False
1708704000000,1708707600000,50911.10000000,51121.01000000,50629.33000000,51053.07000000,2839.21808000,60,60,False
1708707600000,1708711200000,51053.08000000,51172.91000000,50974.00000000,51139.14000000,1041.56099000,60,60,False
1708711200000,1708714800000,51139.13000000,51193.69000000,51000.00000000,51103.76000000,935.76244000,60,60,False
1708714800000,1708718400000,51103.76000000,51195.18000000,51032.88000000,51099.09000000,834.13729000,60,60,False
1708718400000,1708722000000,51099.09000000,51162.04000000,50961.10000000,51079.21000000,916.76695000,60,60,False
1708722000000,1708725600000,51079.20000000,51094.64000000,50986.12000000,50986.12000000,415.23666000,60,60,False
1708725600000,1708729200000,50986.12000000,51025.31000000,50750.00000000,50788.01000000,540.28101000,60,60,False
1708729200000,1708732800000,50788.00000000,50916.66000000,50521.00000000,50744.15000000,1303.45644000,60,60,False
1708732800000,1708736400000,50744.15000000,50907.14000000,50694.71000000,50889.20000000,895.68617000,60,60,False
1708736400000,1708740000000,50889.19000000,50891.10000000,50590.00000000,50590.01000000,794.38980000,60,60,False
1708740000000,1708743600000,50590.01000000,50800.00000000,50585.00000000,50799.99000000,496.12804000,60,60,False
1708743600000,1708747200000,50799.98000000,50857.12000000,50682.00000000,50849.97000000,589.22938000,60,60,False
1708747200000,1708750800000,50849.96000000,51008.57000000,50826.47000000,50953.96000000,506.96508000,60,60,False
1708750800000,1708754400000,50953.96000000,51062.00000000,50922.00000000,51047.36000000,589.47885000,60,60,False
1708754400000,1708758000000,51047.36000000,51060.00000000,50944.19000000,50969.81000000,604.17619000,60,60,False
1708758000000,1708761600000,50969.80000000,51103.87000000,50938.78000000,51068.70000000,723.74155000,60,60,False
1708761600000,1708765200000,51068.70000000,51118.09000000,50953.00000000,50994.92000000,596.23664000,60,60,False
1708765200000,1708768800000,50994.92000000,51119.99000000,50986.82000000,51091.10000000,519.32455000,60,60,False
1708768800000,1708772400000,51091.10000000,51172.06000000,51074.28000000,51090.01000000,627.53030000,60,60,False
1708772400000,1708776000000,51090.01000000,51135.04000000,51034.39000000,51119.79000000,707.23643000,60,60,False
1708776000000,1708779600000,51119.79000000,51126.01000000,51032.34000000,51076.55000000,459.63346000,60,60,False
1708779600000,1708783200000,51076.55000000,51180.41000000,51055.00000000,51140.00000000,586.36686000,60,60,False
1708783200000,1708786800000,51140.00000000,51161.10000000,51072.65000000,51139.30000000,502.39947000,60,60,False
1708786800000,1708790400000,51139.31000000,51150.04000000,51099.34000000,51099.34000000,442.04811000,60,60,False
1708790400000,1708794000000,51099.35000000,51215.04000000,51094.99000000,51215.04000000,543.12787000,60,60,False
1708794000000,1708797600000,51215.03000000,51698.00000000,51215.03000000,51533.99000000,2114.43892000,60,60,False
1708797600000,1708801200000,51533.99000000,51694.16000000,51407.07000000,51434.96000000,1331.65362000,60,60,False
1708801200000,1708804800000,51434.97000000,51638.92000000,51434.96000000,51557.07000000,645.16611000,60,60,False
1708804800000,1708808400000,51557.08000000,51585.94000000,51437.84000000,51511.54000000,608.69189000,60,60,False
1708808400000,1708812000000,51511.54000000,51638.90000000,51468.24000000,51562.32000000,655.49261000,60,60,False
1708812000000,1708815600000,51562.32000000,51666.00000000,51556.60000000,51556.61000000,511.93592000,60,60,False
1708815600000,1708819200000,51556.60000000,51651.10000000,51497.57000000,51568.22000000,509.34328000,60,60,False
1708819200000,1708822800000,51568.21000000,51581.10000000,51442.31000000,51486.86000000,490.41291000,60,60,False
1708822800000,1708826400000,51486.85000000,51687.80000000,51438.88000000,51684.01000000,758.60335000,60,60,False
1708826400000,1708830000000,51684.01000000,51898.72000000,51550.01000000,51602.05000000,1537.29766000,60,60,False
1708830000000,1708833600000,51602.06000000,51628.42000000,51456.98000000,51624.99000000,815.40513000,60,60,False
1708833600000,1708837200000,51625.00000000,51626.84000000,51509.00000000,51617.56000000,489.30627000,60,60,False
1708837200000,1708840800000,51617.56000000,51726.23000000,51594.00000000,51669.32000000,539.24031000,60,60,False
1708840800000,1708844400000,51669.33000000,51800.03000000,51630.31000000,51756.88000000,814.56168000,60,60,False
1708844400000,1708848000000,51756.88000000,51774.21000000,51681.46000000,51719.28000000,464.24459000,60,60,False
1708848000000,1708851600000,51719.28000000,51777.64000000,51582.81000000,51606.36000000,549.61285000,60,60,False
1708851600000,1708855200000,51606.35000000,51650.00000000,51531.73000000,51639.51000000,534.85316000,60,60,False
1708855200000,1708858800000,51639.51000000,51679.99000000,51556.67000000,51576.01000000,482.76694000,60,60,False
1708858800000,1708862400000,51576.00000000,51700.01000000,51553.29000000,51645.00000000,430.95874000,60,60,False
1708862400000,1708866000000,51645.00000000,51668.02000000,51585.36000000,51656.46000000,419.69797000,60,60,False
1708866000000,1708869600000,51656.46000000,51693.59000000,51554.53000000,51612.92000000,580.57793000,60,60,False
1708869600000,1708873200000,51612.93000000,51780.00000000,51600.00000000,51741.22000000,974.65689000,60,60,False
1708873200000,1708876800000,51741.22000000,51759.73000000,51436.67000000,51524.02000000,1040.13411000,60,60,False
1708876800000,1708880400000,51524.02000000,51626.00000000,51279.80000000,51378.48000000,1697.12356000,60,60,False
1708880400000,1708884000000,51378.49000000,51578.44000000,51355.51000000,51559.97000000,602.51743000,60,60,False
1708884000000,1708887600000,51559.97000000,51579.99000000,51498.83000000,51579.98000000,449.16565000,60,60,False
1708887600000,1708891200000,51579.99000000,51738.85000000,51510.79000000,51672.96000000,1106.98198000,60,60,False
1708891200000,1708894800000,51672.97000000,51958.55000000,51672.36000000,51735.80000000,1914.47478000,60,60,False
1708894800000,1708898400000,51735.80000000,51780.00000000,51640.88000000,51766.84000000,709.78535000,60,60,False
1708898400000,1708902000000,51766.83000000,51860.00000000,51655.76000000,51702.01000000,658.06329000,60,60,False
1708902000000,1708905600000,51702.00000000,51803.26000000,51670.00000000,51728.85000000,661.18906000,60,60,False
1708905600000,1708909200000,51728.85000000,51796.50000000,51621.06000000,51678.90000000,864.92638000,60,60,False
1708909200000,1708912800000,51678.90000000,51698.33000000,51473.17000000,51473.17000000,670.35056000,60,60,False
1708912800000,1708916400000,51473.17000000,51546.00000000,51428.00000000,51432.92000000,638.00952000,60,60,False
1708916400000,1708920000000,51432.92000000,51564.00000000,51400.00000000,51555.59000000,676.28034000,60,60,False
1708920000000,1708923600000,51555.60000000,51588.88000000,51473.42000000,51534.24000000,635.90437000,60,60,False
1708923600000,1708927200000,51534.23000000,51598.06000000,51431.10000000,51569.00000000,713.52402000,60,60,False
1708927200000,1708930800000,51569.00000000,51598.06000000,51484.21000000,51521.09000000,540.98926000,60,60,False
1708930800000,1708934400000,51521.08000000,51521.09000000,51288.18000000,51293.26000000,1075.19329000,60,60,False
1708934400000,1708938000000,51293.26000000,51374.66000000,51250.15000000,51250.16000000,1005.19285000,60,60,False
1708938000000,1708941600000,51250.16000000,51304.23000000,50901.44000000,50949.99000000,2216.38332000,60,60,False
1708941600000,1708945200000,50950.00000000,51246.00000000,50939.60000000,51170.58000000,1223.72120000,60,60,False
1708945200000,1708948800000,51170.58000000,51217.66000000,51044.00000000,51090.01000000,983.60262000,60,60,False
1708948800000,1708952400000,51090.01000000,51233.83000000,50957.00000000,51233.82000000,1118.15238000,60,60,False
1708952400000,1708956000000,51233.82000000,51437.29000000,51203.95000000,51228.50000000,1307.24404000,60,60,False
1708956000000,1708959600000,51228.49000000,51718.60000000,51207.40000000,51687.02000000,1712.59512000,60,60,False
1708959600000,1708963200000,51687.03000000,52847.84000000,51642.08000000,52842.32000000,7623.17786000,60,60,False
1708963200000,1708966800000,52842.33000000,53647.71000000,52753.28000000,53391.02000000,8320.61729000,60,60,False
1708966800000,1708970400000,53391.01000000,53510.00000000,53214.26000000,53502.60000000,3096.24017000,60,60,False
1708970400000,1708974000000,53502.61000000,53620.00000000,53294.39000000,53591.09000000,2385.79157000,60,60,False
1708974000000,1708977600000,53591.10000000,54512.02000000,53428.16000000,54487.11000000,6128.73376000,60,60,False
1708977600000,1708981200000,54487.10000000,54910.00000000,54258.20000000,54448.09000000,3908.33581000,60,60,False
1708981200000,1708984800000,54448.10000000,54736.99000000,54313.65000000,54642.89000000,1747.16973000,60,60,False
1708984800000,1708988400000,54642.89000000,54807.40000000,54460.01000000,54659.79000000,1504.84791000,60,60,False
1708988400000,1708992000000,54659.78000000,54659.79000000,54439.42000000,54476.47000000,1159.73862000,60,60,False
1708992000000,1708995600000,54476.48000000,54638.00000000,54450.13000000,54554.93000000,1454.51632000,60,60,False
1708995600000,1708999200000,54554.94000000,55795.52000000,54508.78000000,55768.41000000,4439.81430000,60,60,False
1708999200000,1709002800000,55768.41000000,57073.84000000,55592.00000000,56298.48000000,7459.10010000,60,60,False
1709002800000,1709006400000,56298.47000000,56530.09000000,55517.44000000,55667.60000000,3869.26358000,60,60,False
1709006400000,1709010000000,55667.60000000,56099.52000000,55576.12000000,55737.99000000,2251.01229000,60,60,False
1709010000000,1709013600000,55738.00000000,56204.79000000,55645.53000000,56066.01000000,2044.18467000,60,60,False
1709013600000,1709017200000,56066.02000000,56448.00000000,56046.00000000,56363.00000000,1772.35908000,60,60,False
1709017200000,1709020800000,56363.01000000,56378.46000000,55805.00000000,56059.08000000,2745.85000000,60,60,False
1709020800000,1709024400000,56059.09000000,56456.77000000,56023.80000000,56235.99000000,1911.14045000,60,60,False
1709024400000,1709028000000,56235.99000000,56760.72000000,56161.60000000,56615.94000000,2740.72085000,60,60,False
1709028000000,1709031600000,56615.94000000,56818.02000000,56366.06000000,56528.25000000,2118.45421000,60,60,False
1709031600000,1709035200000,56528.25000000,56579.56000000,56321.10000000,56527.79000000,1491.81806000,60,60,False
1709035200000,1709038800000,56527.80000000,57416.93000000,56457.26000000,56786.95000000,4439.13859000,60,60,False
1709038800000,1709042400000,56786.96000000,57200.00000000,56605.93000000,57112.29000000,3976.70789000,60,60,False
1709042400000,1709046000000,57112.28000000,57331.28000000,56650.01000000,56976.33000000,3558.50211000,60,60,False
1709046000000,1709049600000,56976.34000000,57299.00000000,56600.00000000,56745.66000000,3729.37291000,60,60,False
1709049600000,1709053200000,56745.66000000,57168.97000000,56209.00000000,57040.01000000,3704.59835000,60,60,False
1709053200000,1709056800000,57040.01000000,57200.00000000,56660.00000000,56759.99000000,2208.82915000,60,60,False
1709056800000,1709060400000,56759.99000000,57128.77000000,56676.00000000,57111.10000000,1626.52377000,60,60,False
1709060400000,1709064000000,57111.11000000,57588.15000000,56916.01000000,57339.68000000,2462.06569000,60,60,False
1709064000000,1709067600000,57339.69000000,57359.00000000,56681.51000000,56967.89000000,3409.81369000,60,60,False
1709067600000,1709071200000,56967.89000000,57000.00000000,56579.84000000,56703.32000000,1680.98419000,60,60,False
1709071200000,1709074800000,56703.33000000,56992.28000000,56634.28000000,56892.91000000,1041.03225000,60,60,False
1709074800000,1709078400000,56892.91000000,57105.45000000,56843.46000000,57037.34000000,1059.18312000,60,60,False
1709078400000,1709082000000,57037.35000000,57100.00000000,56868.72000000,57015.34000000,1079.69837000,60,60,False
1709082000000,1709085600000,57015.34000000,57101.10000000,56763.86000000,56772.64000000,1052.14505000,60,60,False
1709085600000,1709089200000,56772.64000000,56978.99000000,56691.85000000,56925.10000000,815.15100000,60,60,False
1709089200000,1709092800000,56925.10000000,56964.09000000,56842.01000000,56916.40000000,656.54154000,60,60,False
1709092800000,1709096400000,56916.39000000,57271.44000000,56894.16000000,57207.50000000,1183.99506000,60,60,False
1709096400000,1709100000000,57207.49000000,57270.00000000,57057.14000000,57080.68000000,864.37314000,60,60,False
1709100000000,1709103600000,57080.67000000,57193.17000000,57053.02000000,57185.81000000,789.28853000,60,60,False
1709103600000,1709107200000,57185.81000000,58379.57000000,57144.99000000,58241.10000000,4799.22480000,60,60,False
1709107200000,1709110800000,58241.09000000,59487.88000000,58171.11000000,59448.42000000,7089.75606000,60,60,False
1709110800000,1709114400000,59448.42000000,59485.53000000,58840.81000000,59300.01000000,4715.06668000,60,60,False
1709114400000,1709118000000,59300.01000000,59361.88000000,59010.01000000,59266.02000000,2990.37910000,60,60,False
1709118000000,1709121600000,59266.01000000,59494.06000000,58500.00000000,58941.11000000,4429.00110000,60,60,False
1709121600000,1709125200000,58941.11000000,59433.49000000,58891.10000000,59354.20000000,3196.55254000,60,60,False
1709125200000,1709128800000,59354.20000000,60800.00000000,59309.73000000,60454.77000000,9734.41519000,60,60,False
1709128800000,1709132400000,60454.76000000,61184.64000000,59800.00000000,60971.11000000,6963.38265000,60,60,False
1709132400000,1709136000000,60971.11000000,61360.00000000,60591.10000000,60966.22000000,6474.56782000,60,60,False
1709136000000,1709139600000,60966.22000000,62478.00000000,60931.10000000,62412.01000000,6697.27512000,60,60,False
1709139600000,1709143200000,62412.00000000,64000.00000000,58700.00000000,61358.60000000,23219.73689000,60,60,False
1709143200000,1709146800000,61358.59000000,61500.02000000,59200.00000000,61101.99000000,10065.13269000,60,60,False
1709146800000,1709150400000,61102.00000000,61496.61000000,60610.00000000,60951.11000000,5433.42340000,60,60,False
1709150400000,1709154000000,60951.10000000,61099.00000000,59932.20000000,60403.21000000,5777.99709000,60,60,False
1709154000000,1709157600000,60403.20000000,60605.00000000,59797.57000000,60550.46000000,3503.10263000,60,60,False
1709157600000,1709161200000,60550.45000000,61375.00000000,60496.38000000,61274.94000000,2774.81480000,60,60,False
1709161200000,1709164800000,61274.95000000,62647.04000000,61264.34000000,62432.10000000,4458.44859000,60,60,False
1709164800000,1709168400000,62432.11000000,62438.22000000,61200.11000000,61359.99000000,3948.13308000,60,60,False
1709168400000,1709172000000,61359.99000000,61516.01000000,61021.10000000,61376.07000000,2210.56030000,60,60,False
1709172000000,1709175600000,61376.06000000,61742.01000000,61081.10000000,61740.29000000,2054.49875000,60,60,False
1709175600000,1709179200000,61740.30000000,61740.30000000,61132.05000000,61561.33000000,1870.83638000,60,60,False
1709179200000,1709182800000,61561.34000000,62675.22000000,61334.59000000,62443.90000000,3155.73295000,60,60,False
1709182800000,1709186400000,62443.89000000,62666.66000000,61811.10000000,62540.91000000,2736.43945000,60,60,False
1709186400000,1709190000000,62540.91000000,63676.35000000,62481.10000000,63000.00000000,5844.62256000,60,60,False
1709190000000,1709193600000,63000.01000000,63158.80000000,62548.75000000,62707.17000000,3194.35961000,60,60,False
1709193600000,1709197200000,62707.17000000,63125.55000000,62318.38000000,62785.28000000,4218.17488000,60,60,False
1709197200000,1709200800000,62785.29000000,62963.46000000,62259.14000000,62686.39000000,2290.03437000,60,60,False
1709200800000,1709204400000,62686.38000000,62779.69000000,62111.10000000,62703.29000000,2306.60347000,60,60,False
1709204400000,1709208000000,62703.29000000,63340.95000000,62602.00000000,62936.02000000,3103.99204000,60,60,False
1709208000000,1709211600000,62936.02000000,63035.88000000,62300.14000000,62661.05000000,2788.00282000,60,60,False
1709211600000,1709215200000,62661.05000000,63040.00000000,62051.11000000,62931.66000000,3475.87367000,60,60,False
1709215200000,1709218800000,62931.66000000,63531.88000000,62761.10000000,62902.77000000,4152.43431000,60,60,False
1709218800000,1709222400000,62902.78000000,63288.00000000,62566.01000000,62768.02000000,2560.43081000,60,60,False
1709222400000,1709226000000,62768.01000000,62879.30000000,61501.00000000,62171.97000000,4698.89360000,60,60,False
1709226000000,1709229600000,62171.97000000,62406.70000000,60501.00000000,60982.35000000,6167.99495000,60,60,False
1709229600000,1709233200000,60982.35000000,61510.00000000,60364.70000000,60800.00000000,3616.29438000,60,60,False
1709233200000,1709236800000,60799.99000000,61635.95000000,60605.93000000,61600.00000000,2635.05817000,60,60,False
1709236800000,1709240400000,61599.99000000,62285.47000000,61521.73000000,61934.73000000,3755.22010000,60,60,False
1709240400000,1709244000000,61934.73000000,61999.75000000,60584.07000000,61374.94000000,4040.13908000,60,60,False
1709244000000,1709247600000,61374.95000000,61474.81000000,60672.82000000,61224.02000000,1906.56630000,60,60,False
1709247600000,1709251200000,61224.02000000,61536.94000000,60998.51000000,61130.98000000,1694.18000000,60,60,False
1709251200000,1709254800000,61130.99000000,61749.00000000,61126.00000000,61501.11000000,1867.79902000,60,60,False
1709254800000,1709258400000,61501.10000000,61566.95000000,61125.40000000,61214.35000000,1552.25486000,60,60,False
1709258400000,1709262000000,61214.35000000,61214.36000000,60781.25000000,60980.00000000,1600.91093000,60,60,False
1709262000000,1709265600000,60980.00000000,61222.22000000,60777.00000000,61105.91000000,1324.61160000,60,60,False
1709265600000,1709269200000,61105.92000000,61524.09000000,61061.11000000,61524.09000000,1067.62569000,60,60,False
1709269200000,1709272800000,61524.08000000,61546.35000000,61295.86000000,61312.01000000,1069.63815000,60,60,False
1709272800000,1709276400000,61312.01000000,61761.00000000,61201.10000000,61568.18000000,1365.94904000,60,60,False
1709276400000,1709280000000,61568.18000000,61772.82000000,61383.98000000,61434.00000000,2216.19216000,60,60,False
1709280000000,1709283600000,61434.00000000,62243.53000000,61316.67000000,61908.62000000,3160.49057000,60,60,False
1709283600000,1709287200000,61908.63000000,62188.00000000,61854.33000000,62129.15000000,2033.75971000,60,60,False
1709287200000,1709290800000,62129.14000000,62188.00000000,61859.29000000,61991.11000000,1774.98071000,60,60,False
1709290800000,1709294400000,61991.10000000,62110.00000000,61811.01000000,61863.72000000,1483.04892000,60,60,False
1709294400000,1709298000000,61863.71000000,62574.99000000,61855.10000000,62230.00000000,2151.79345000,60,60,False
1709298000000,1709301600000,62230.01000000,62677.06000000,62193.55000000,62457.98000000,2025.40049000,60,60,False
1709301600000,1709305200000,62457.99000000,62486.00000000,61525.66000000,61948.30000000,2949.09972000,60,60,False
1709305200000,1709308800000,61948.30000000,62181.81000000,61131.01000000,61263.99000000,2844.98539000,60,60,False
1709308800000,1709312400000,61263.98000000,61626.16000000,61234.00000000,61427.38000000,2229.98066000,60,60,False
1709312400000,1709316000000,61427.38000000,62097.38000000,61427.37000000,61909.98000000,2176.74646000,60,60,False
1709316000000,1709319600000,61909.98000000,62494.31000000,61822.82000000,62333.52000000,1934.99119000,60,60,False
1709319600000,1709323200000,62333.52000000,62361.15000000,61964.11000000,62215.50000000,1544.63743000,60,60,False
1709323200000,1709326800000,62215.51000000,63114.23000000,62215.50000000,62861.11000000,3527.43294000,60,60,False
1709326800000,1709330400000,62861.10000000,62884.36000000,62258.83000000,62520.47000000,2697.92463000,60,60,False
1709330400000,1709334000000,62520.47000000,62674.92000000,62318.32000000,62490.09000000,1654.26582000,60,60,False
1709334000000,1709337600000,62490.09000000,62725.92000000,62355.30000000,62387.90000000,1483.41519000,60,60,False
1709337600000,1709341200000,62387.90000000,62433.19000000,62101.78000000,62299.99000000,1575.64382000,60,60,False
1709341200000,1709344800000,62300.00000000,62306.70000000,61950.00000000,62030.01000000,1247.33022000,60,60,False
1709344800000,1709348400000,62030.01000000,62216.71000000,61949.03000000,62111.18000000,1153.46042000,60,60,False
1709348400000,1709352000000,62111.18000000,62426.70000000,62025.00000000,62307.45000000,1465.47878000,60,60,False
1709352000000,1709355600000,62307.45000000,62307.45000000,62035.95000000,62035.95000000,1147.71004000,60,60,False
1709355600000,1709359200000,62035.95000000,62079.99000000,61752.30000000,62006.55000000,1415.65823000,60,60,False
1709359200000,1709362800000,62006.55000000,62256.00000000,61930.00000000,61946.00000000,1059.53378000,60,60,False
1709362800000,1709366400000,61946.00000000,62041.70000000,61790.98000000,62011.85000000,1223.45307000,60,60,False
1709366400000,1709370000000,62011.85000000,62123.00000000,61779.61000000,61939.64000000,1101.87180000,60,60,False
1709370000000,1709373600000,61939.63000000,61988.00000000,61641.10000000,61843.06000000,1462.58666000,60,60,False
1709373600000,1709377200000,61843.07000000,62020.00000000,61806.46000000,61904.86000000,1000.91557000,60,60,False
1709377200000,1709380800000,61904.86000000,62040.00000000,61826.32000000,61826.32000000,846.19786000,60,60,False
1709380800000,1709384400000,61826.32000000,62167.79000000,61820.00000000,62078.66000000,829.02145000,60,60,False
1709384400000,1709388000000,62078.66000000,62078.66000000,61803.69000000,61803.69000000,827.32071000,60,60,False
1709388000000,1709391600000,61803.69000000,61911.41000000,61561.12000000,61840.12000000,1397.28357000,60,60,False
1709391600000,1709395200000,61840.12000000,61981.71000000,61709.89000000,61771.20000000,1247.72511000,60,60,False
1709395200000,1709398800000,61771.21000000,61873.69000000,61625.00000000,61854.29000000,1037.58442000,60,60,False
1709398800000,1709402400000,61854.29000000,61944.97000000,61740.21000000,61761.11000000,688.29637000,60,60,False
1709402400000,1709406000000,61761.12000000,62024.30000000,61741.10000000,62024.29000000,640.04591000,60,60,False
1709406000000,1709409600000,62024.29000000,62114.77000000,61954.00000000,62114.77000000,1052.36125000,60,60,False
1709409600000,1709413200000,62114.76000000,62200.00000000,61762.05000000,61873.20000000,1163.76246000,60,60,False
1709413200000,1709416800000,61873.19000000,62020.35000000,61821.67000000,61898.73000000,631.68978000,60,60,False
1709416800000,1709420400000,61898.73000000,61944.22000000,61685.01000000,61685.02000000,523.14956000,60,60,False
1709420400000,1709424000000,61685.01000000,62071.76000000,61685.01000000,61987.28000000,796.65575000,60,60,False
1709424000000,1709427600000,61987.28000000,61996.17000000,61731.71000000,61736.90000000,1008.13454000,60,60,False
1709427600000,1709431200000,61736.90000000,61900.04000000,61733.25000000,61795.53000000,676.90745000,60,60,False
1709431200000,1709434800000,61795.52000000,61808.74000000,61642.39000000,61808.73000000,625.62928000,60,60,False
1709434800000,1709438400000,61808.73000000,62000.00000000,61785.86000000,61931.09000000,816.42779000,60,60,False
1709438400000,1709442000000,61931.09000000,62100.00000000,61905.01000000,62016.25000000,778.99062000,60,60,False
1709442000000,1709445600000,62016.25000000,62044.26000000,61900.00000000,61900.00000000,718.92986000,60,60,False
1709445600000,1709449200000,61900.00000000,62043.00000000,61763.32000000,61865.01000000,802.59416000,60,60,False
1709449200000,1709452800000,61865.01000000,61893.74000000,61320.00000000,61598.00000000,2530.94297000,60,60,False
1709452800000,1709456400000,61598.01000000,61710.52000000,61393.83000000,61597.11000000,1475.61089000,60,60,False
1709456400000,1709460000000,61597.10000000,61890.96000000,61556.00000000,61715.05000000,1108.63547000,60,60,False
1709460000000,1709463600000,61715.05000000,61807.30000000,61606.68000000,61655.57000000,736.22474000,60,60,False
1709463600000,1709467200000,61655.58000000,61831.10000000,61616.31000000,61831.10000000,622.38251000,60,60,False
1709467200000,1709470800000,61831.10000000,62640.18000000,61821.09000000,62184.02000000,3311.36946000,60,60,False
1709470800000,1709474400000,62184.03000000,62414.24000000,61954.20000000,62393.86000000,1497.09153000,60,60,False
1709474400000,1709478000000,62393.85000000,62440.89000000,62102.68000000,62102.68000000,1115.32821000,60,60,False
1709478000000,1709481600000,62102.68000000,62259.63000000,62102.68000000,62164.63000000,762.11595000,60,60,False
1709481600000,1709485200000,62164.63000000,62861.91000000,62088.00000000,62845.15000000,2125.19567000,60,60,False
1709485200000,1709488800000,62845.14000000,62989.00000000,62458.01000000,62570.01000000,1725.46165000,60,60,False
1709488800000,1709492400000,62570.01000000,62863.68000000,62570.00000000,62811.10000000,957.69137000,60,60,False
1709492400000,1709496000000,62811.10000000,62857.00000000,62653.89000000,62730.00000000,814.77449000,60,60,False
1709496000000,1709499600000,62730.00000000,62859.99000000,62580.00000000,62757.99000000,843.07635000,60,60,False
1709499600000,1709503200000,62758.00000000,62828.18000000,62623.76000000,62827.11000000,652.28143000,60,60,False
1709503200000,1709506800000,62827.11000000,63231.88000000,62700.00000000,62827.43000000,2007.23490000,60,60,False
1709506800000,1709510400000,62827.42000000,63151.65000000,62700.00000000,63113.97000000,1281.87774000,60,60,False
1709510400000,1709514000000,63113.97000000,64268.24000000,62300.00000000,63459.30000000,6837.79487000,60,60,False
1709514000000,1709517600000,63459.29000000,63833.02000000,63251.10000000,63512.41000000,2273.39458000,60,60,False
1709517600000,1709521200000,63512.42000000,63881.66000000,63100.00000000,63687.43000000,2060.45884000,60,60,False
1709521200000,1709524800000,63687.42000000,63754.45000000,63355.00000000,63458.72000000,1392.06462000,60,60,False
1709524800000,1709528400000,63458.71000000,63775.00000000,63366.31000000,63634.36000000,1288.33608000,60,60,False
1709528400000,1709532000000,63634.36000000,63706.00000000,63210.00000000,63358.00000000,1306.44986000,60,60,False
1709532000000,1709535600000,63357.99000000,63698.00000000,63326.98000000,63689.17000000,1230.33362000,60,60,False
1709535600000,1709539200000,63689.16000000,64300.00000000,63480.64000000,64066.62000000,2829.84281000,60,60,False
1709539200000,1709542800000,64066.62000000,65500.00000000,64000.11000000,65241.08000000,7633.20730000,60,60,False
1709542800000,1709546400000,65241.08000000,65555.00000000,64625.59000000,65290.29000000,4013.01109000,60,60,False
1709546400000,1709550000000,65290.29000000,65311.10000000,64723.50000000,65068.18000000,2646.38577000,60,60,False
1709550000000,1709553600000,65068.18000000,65230.00000000,64812.90000000,65230.00000000,1709.87660000,60,60,False
1709553600000,1709557200000,65229.99000000,65250.36000000,64868.66000000,65123.70000000,1899.61437000,60,60,False
1709557200000,1709560800000,65123.69000000,65646.11000000,65039.66000000,65111.21000000,3081.38545000,60,60,False
1709560800000,1709564400000,65111.22000000,66382.19000000,64533.67000000,66169.41000000,7877.21398000,60,60,False
1709564400000,1709568000000,66169.41000000,66580.29000000,65843.17000000,66451.65000000,3831.58850000,60,60,False
1709568000000,1709571600000,66451.65000000,66800.00000000,66039.31000000,66539.82000000,4000.91641000,60,60,False
1709571600000,1709575200000,66539.82000000,67524.99000000,66160.23000000,66858.74000000,6258.88253000,60,60,False
1709575200000,1709578800000,66858.74000000,67080.00000000,66100.00000000,66617.57000000,4074.68710000,60,60,False
1709578800000,1709582400000,66617.57000000,67450.00000000,66320.60000000,67405.26000000,2978.62021000,60,60,False
1709582400000,1709586000000,67405.25000000,67770.00000000,67062.50000000,67427.16000000,4119.33281000,60,60,False
1709586000000,1709589600000,67427.17000000,67644.59000000,66755.79000000,67404.86000000,3148.03637000,60,60,False
1709589600000,1709593200000,67404.85000000,67929.12000000,67245.28000000,67929.11000000,2870.13572000,60,60,False
1709593200000,1709596800000,67929.12000000,68499.00000000,67448.92000000,68245.71000000,5473.59056000,60,60,False
1709596800000,1709600400000,68245.71000000,68443.72000000,67767.76000000,68034.01000000,2649.22191000,60,60,False
1709600400000,1709604000000,68034.00000000,68686.80000000,67981.10000000,68506.04000000,3390.31171000,60,60,False
1709604000000,1709607600000,68506.05000000,68543.08000000,67741.55000000,68137.81000000,3067.68382000,60,60,False
1709607600000,1709611200000,68137.81000000,68223.30000000,67535.31000000,68113.94000000,2341.04574000,60,60,False
1709611200000,1709614800000,68113.95000000,68384.54000000,66785.31000000,67326.17000000,4171.83631000,60,60,False
1709614800000,1709618400000,67326.18000000,67326.18000000,65089.00000000,66961.09000000,6913.37723000,60,60,False
1709618400000,1709622000000,66961.10000000,67465.20000000,66624.36000000,67286.80000000,2731.31903000,60,60,False
1709622000000,1709625600000,67286.80000000,67344.89000000,66100.00000000,66129.64000000,3963.75801000,60,60,False
1709625600000,1709629200000,66129.64000000,66884.72000000,65515.15000000,66866.75000000,4551.09554000,60,60,False
1709629200000,1709632800000,66866.75000000,66880.65000000,66052.00000000,66407.89000000,2460.51292000,60,60,False
1709632800000,1709636400000,66407.88000000,67150.00000000,66407.88000000,66810.18000000,2584.25114000,60,60,False
1709636400000,1709640000000,66810.18000000,66895.61000000,66490.00000000,66656.31000000,2343.04903000,60,60,False
1709640000000,1709643600000,66656.32000000,67326.52000000,66581.81000000,67325.03000000,2473.50857000,60,60,False
1709643600000,1709647200000,67325.03000000,68025.94000000,67312.38000000,67770.01000000,3554.04580000,60,60,False
1709647200000,1709650800000,67770.02000000,68789.00000000,67244.00000000,68710.41000000,5657.66389000,60,60,False
1709650800000,1709654400000,68710.41000000,69000.00000000,66370.00000000,66773.05000000,10823.01260000,60,60,False
1709654400000,1709658000000,66773.05000000,66996.36000000,64539.21000000,65495.98000000,12086.98528000,60,60,False
1709658000000,1709661600000,65495.98000000,65628.16000000,63370.56000000,65575.20000000,9821.42480000,60,60,False
1709661600000,1709665200000,65575.21000000,65575.21000000,63677.96000000,63988.37000000,5155.40483000,60,60,False
1709665200000,1709668800000,63988.37000000,64244.49000000,59005.00000000,61410.98000000,15733.56404000,60,60,False
1709668800000,1709672400000,61410.98000000,63158.52000000,61167.91000000,61886.32000000,12043.45143000,60,60,False
1709672400000,1709676000000,61886.32000000,63979.99000000,61870.00000000,63264.24000000,7553.16632000,60,60,False
1709676000000,1709679600000,63264.23000000,63574.26000000,62471.62000000,63397.99000000,3203.21560000,60,60,False
1709679600000,1709683200000,63397.99000000,64367.27000000,63240.96000000,63724.01000000,3423.87575000,60,60,False
1709683200000,1709686800000,63724.01000000,64146.45000000,63390.00000000,63429.18000000,3066.23463000,60,60,False
1709686800000,1709690400000,63429.17000000,63780.06000000,63088.25000000,63108.60000000,2268.11540000,60,60,False
1709690400000,1709694000000,63108.60000000,63500.00000000,62779.14000000,62795.00000000,2225.54943000,60,60,False
1709694000000,1709697600000,62795.00000000,63373.14000000,62785.97000000,63263.21000000,1935.98746000,60,60,False
1709697600000,1709701200000,63263.22000000,64611.97000000,63263.21000000,64607.98000000,2668.36023000,60,60,False
1709701200000,1709704800000,64607.97000000,66414.79000000,64259.33000000,66406.80000000,6168.77268000,60,60,False
1709704800000,1709708400000,66406.80000000,66524.00000000,65711.22000000,65737.22000000,3367.45553000,60,60,False
1709708400000,1709712000000,65737.22000000,66761.10000000,65500.00000000,66676.46000000,3003.57218000,60,60,False
1709712000000,1709715600000,66676.46000000,67641.10000000,66568.03000000,66941.23000000,5442.97077000,60,60,False
1709715600000,1709719200000,66941.22000000,67361.10000000,66041.63000000,66120.14000000,3783.99389000,60,60,False
1709719200000,1709722800000,66120.15000000,66764.70000000,66109.89000000,66660.36000000,2350.22309000,60,60,False
1709722800000,1709726400000,66660.36000000,67323.00000000,66397.01000000,67301.31000000,2739.68970000,60,60,False
1709726400000,1709730000000,67301.31000000,67592.31000000,64664.92000000,65929.50000000,6219.00753000,60,60,False
1709730000000,1709733600000,65929.50000000,66639.06000000,65316.19000000,66327.48000000,4751.28348000,60,60,False
1709733600000,1709737200000,66327.47000000,67219.77000000,65870.00000000,65896.75000000,5715.40860000,60,60,False
1709737200000,1709740800000,65896.76000000,66680.91000000,65280.99000000,66481.12000000,4714.26463000,60,60,False
1709740800000,1709744400000,66481.12000000,67120.04000000,66221.10000000,67086.00000000,2776.03654000,60,60,False
1709744400000,1709748000000,67086.01000000,67347.00000000,66647.19000000,67324.84000000,2524.22632000,60,60,False
1709748000000,1709751600000,67324.84000000,67465.00000000,66610.00000000,67084.18000000,2652.16765000,60,60,False
1709751600000,1709755200000,67084.18000000,67230.00000000,66624.39000000,66739.48000000,2722.33168000,60,60,False
1709755200000,1709758800000,66739.49000000,67363.58000000,66661.10000000,66888.24000000,2582.13217000,60,60,False
1709758800000,1709762400000,66888.23000000,66888.24000000,66280.00000000,66417.72000000,2069.90107000,60,60,False
1709762400000,1709766000000,66417.72000000,66482.54000000,65896.25000000,65916.53000000,1354.44475000,60,60,False
1709766000000,1709769600000,65916.53000000,66256.34000000,65714.17000000,66074.04000000,1636.72550000,60,60,False
1709769600000,1709773200000,66074.04000000,66250.06000000,65700.79000000,66198.31000000,1799.35933000,60,60,False
1709773200000,1709776800000,66198.30000000,66430.00000000,65551.00000000,66410.00000000,2168.47032000,60,60,False
1709776800000,1709780400000,66409.99000000,66467.88000000,65870.00000000,66101.10000000,2187.63959000,60,60,False
1709780400000,1709784000000,66101.10000000,66374.70000000,65836.86000000,65847.29000000,1593.53388000,60,60,False
1709784000000,1709787600000,65847.30000000,66164.75000000,65657.59000000,65843.57000000,1430.36769000,60,60,False
1709787600000,1709791200000,65843.58000000,66123.06000000,65662.72000000,65800.00000000,1692.79854000,60,60,False
1709791200000,1709794800000,65800.00000000,66192.40000000,65675.10000000,65871.97000000,1682.08430000,60,60,False
1709794800000,1709798400000,65871.98000000,66469.05000000,65781.10000000,66387.78000000,1873.85566000,60,60,False
1709798400000,1709802000000,66387.77000000,67014.00000000,66341.11000000,66665.41000000,2797.61595000,60,60,False
1709802000000,1709805600000,66665.40000000,66893.69000000,66523.14000000,66710.32000000,1520.84473000,60,60,False
1709805600000,1709809200000,66710.33000000,66944.15000000,66634.74000000,66898.35000000,1567.93800000,60,60,False
1709809200000,1709812800000,66898.35000000,67275.20000000,66456.27000000,66905.34000000,2676.26362000,60,60,False
1709812800000,1709816400000,66905.34000000,67113.90000000,66575.52000000,66712.44000000,2108.22933000,60,60,False
1709816400000,1709820000000,66712.43000000,67010.00000000,66592.52000000,66905.69000000,1732.19859000,60,60,False
1709820000000,1709823600000,66905.68000000,67899.00000000,66541.10000000,67024.98000000,6281.95117000,60,60,False
1709823600000,1709827200000,67024.99000000,67579.31000000,66750.00000000,67260.01000000,3483.08736000,60,60,False
1709827200000,1709830800000,67260.01000000,67466.07000000,67012.00000000,67304.02000000,2585.16985000,60,60,False
1709830800000,1709834400000,67304.01000000,67980.00000000,67224.46000000,67592.92000000,3522.57966000,60,60,False
1709834400000,1709838000000,67592.92000000,67770.00000000,67416.01000000,67601.21000000,1720.96441000,60,60,False
1709838000000,1709841600000,67601.21000000,67848.48000000,67215.70000000,67498.02000000,1718.73107000,60,60,False
1709841600000,1709845200000,67498.03000000,67914.74000000,67461.10000000,67537.67000000,2307.37830000,60,60,False
1709845200000,1709848800000,67537.67000000,67574.62000000,67061.10000000,67239.67000000,2266.66220000,60,60,False
1709848800000,1709852400000,67239.68000000,67481.10000000,66970.02000000,67102.18000000,1093.59733000,60,60,False
1709852400000,1709856000000,67102.19000000,67167.67000000,66810.32000000,66823.17000000,1248.56602000,60,60,False
1709856000000,1709859600000,66823.18000000,67107.49000000,66757.00000000,67072.65000000,1571.12888000,60,60,False
1709859600000,1709863200000,67072.65000000,67256.18000000,66810.89000000,66936.02000000,1716.73892000,60,60,False
1709863200000,1709866800000,66936.01000000,67120.13000000,66833.47000000,67117.37000000,1145.22030000,60,60,False
1709866800000,1709870400000,67117.37000000,67254.22000000,66988.96000000,67156.09000000,1203.04321000,60,60,False
1709870400000,1709874000000,67156.09000000,67238.20000000,66995.00000000,67069.22000000,818.14492000,60,60,False
1709874000000,1709877600000,67069.22000000,67103.67000000,66782.22000000,66909.99000000,1004.97620000,60,60,False
1709877600000,1709881200000,66910.00000000,67590.00000000,66841.10000000,67563.60000000,1501.80353000,60,60,False
1709881200000,1709884800000,67563.60000000,67640.45000000,67153.74000000,67223.02000000,2203.91313000,60,60,False
1709884800000,1709888400000,67223.02000000,67390.00000000,67038.71000000,67208.55000000,1261.19908000,60,60,False
1709888400000,1709892000000,67208.56000000,67395.00000000,67040.76000000,67121.39000000,1933.98727000,60,60,False
1709892000000,1709895600000,67121.39000000,67396.00000000,67100.00000000,67336.66000000,1266.13014000,60,60,False
1709895600000,1709899200000,67336.66000000,67753.40000000,67258.38000000,67741.21000000,1946.23046000,60,60,False
1709899200000,1709902800000,67741.22000000,67775.04000000,67366.24000000,67455.22000000,1386.70365000,60,60,False
1709902800000,1709906400000,67455.23000000,67878.00000000,67300.00000000,67770.96000000,2251.83044000,60,60,False
1709906400000,1709910000000,67770.95000000,68600.00000000,67550.85000000,68422.00000000,5385.38889000,60,60,False
1709910000000,1709913600000,68422.00000000,69990.00000000,67150.00000000,67617.60000000,13730.75600200,60,60,False
1709913600000,1709917200000,67617.60000000,67932.99000000,66082.66000000,67810.60000000,10962.36027000,60,60,False
1709917200000,1709920800000,67810.59000000,68797.74000000,67658.25000000,68340.01000000,4747.07409000,60,60,False
1709920800000,1709924400000,68340.00000000,68799.00000000,68065.82000000,68578.01000000,3564.83146000,60,60,False
1709924400000,1709928000000,68578.01000000,68864.00000000,68116.84000000,68863.99000000,3110.63563000,60,60,False
1709928000000,1709931600000,68864.00000000,69379.00000000,68816.00000000,69071.99000000,4987.21606000,60,60,False
1709931600000,1709935200000,69071.99000000,69181.10000000,67807.58000000,68182.39000000,3535.20146000,60,60,False
1709935200000,1709938800000,68182.38000000,68428.57000000,67997.21000000,68102.06000000,1760.36220000,60,60,False
1709938800000,1709942400000,68102.07000000,68387.40000000,68040.00000000,68124.19000000,1267.05665000,60,60,False
1709942400000,1709946000000,68124.20000000,68279.00000000,68003.86000000,68100.01000000,1280.73695000,60,60,False
1709946000000,1709949600000,68100.00000000,68158.35000000,67861.10000000,67910.95000000,1057.65640000,60,60,False
1709949600000,1709953200000,67910.94000000,68210.00000000,67876.90000000,68156.02000000,937.27586000,60,60,False
1709953200000,1709956800000,68156.02000000,68275.74000000,68080.08000000,68247.34000000,700.75943000,60,60,False
1709956800000,1709960400000,68247.34000000,68370.00000000,68133.27000000,68301.11000000,782.48118000,60,60,False
1709960400000,1709964000000,68301.11000000,68301.11000000,68150.00000000,68244.98000000,664.69746000,60,60,False
1709964000000,1709967600000,68244.99000000,68520.00000000,68150.26000000,68426.01000000,1042.78077000,60,60,False
1709967600000,1709971200000,68426.01000000,68541.10000000,68280.00000000,68288.64000000,901.84018000,60,60,False
1709971200000,1709974800000,68288.64000000,68453.12000000,68288.63000000,68300.00000000,1063.50663000,60,60,False
1709974800000,1709978400000,68300.00000000,68365.64000000,68155.81000000,68301.09000000,941.59410000,60,60,False
1709978400000,1709982000000,68301.10000000,68307.10000000,67933.93000000,68177.99000000,1444.51054000,60,60,False
1709982000000,1709985600000,68177.99000000,68347.07000000,68138.00000000,68299.99000000,716.65283000,60,60,False
1709985600000,1709989200000,68300.00000000,68488.00000000,68200.00000000,68475.18000000,889.40612000,60,60,False
1709989200000,1709992800000,68475.18000000,68521.10000000,68319.99000000,68345.57000000,709.15742000,60,60,False
1709992800000,1709996400000,68345.56000000,68395.36000000,68100.01000000,68138.68000000,937.08570000,60,60,False
1709996400000,1710000000000,68138.69000000,68350.00000000,68138.68000000,68288.20000000,618.47017000,60,60,False
1710000000000,1710003600000,68288.19000000,68315.94000000,68000.00000000,68104.59000000,1025.13403000,60,60,False
1710003600000,1710007200000,68104.59000000,68232.04000000,68000.00000000,68153.86000000,820.69227000,60,60,False
1710007200000,1710010800000,68153.86000000,68323.29000000,68121.69000000,68250.01000000,607.71756000,60,60,False
1710010800000,1710014400000,68250.00000000,68325.00000000,68146.78000000,68193.51000000,626.28102000,60,60,False
1710014400000,1710018000000,68193.51000000,68350.00000000,68193.51000000,68333.24000000,561.34762000,60,60,False
1710018000000,1710021600000,68333.24000000,68425.70000000,68209.59000000,68376.13000000,561.27398000,60,60,False
1710021600000,1710025200000,68376.13000000,68411.32000000,68316.41000000,68364.99000000,401.52598000,60,60,False
1710025200000,1710028800000,68364.99000000,68433.17000000,68272.00000000,68313.27000000,580.31323000,60,60,False
1710028800000,1710032400000,68313.28000000,68449.18000000,68200.00000000,68343.12000000,1024.01076000,60,60,False
1710032400000,1710036000000,68343.11000000,69216.00000000,68314.30000000,68939.55000000,3562.63443000,60,60,False
1710036000000,1710039600000,68939.56000000,69190.00000000,68769.57000000,68822.58000000,1408.07978000,60,60,False
1710039600000,1710043200000,68822.57000000,69140.00000000,68710.00000000,69136.79000000,1149.35533000,60,60,False
1710043200000,1710046800000,69136.78000000,69659.47000000,69024.62000000,69403.81000000,2500.43980000,60,60,False
1710046800000,1710050400000,69403.82000000,69510.05000000,69192.98000000,69330.32000000,1172.14377000,60,60,False
1710050400000,1710054000000,69330.33000000,69379.25000000,69071.69000000,69325.92000000,793.78341000,60,60,False
1710054000000,1710057600000,69325.91000000,69439.38000000,69242.01000000,69347.16000000,930.64828000,60,60,False
1710057600000,1710061200000,69347.16000000,69686.94000000,69331.48000000,69635.35000000,1253.63481000,60,60,False
1710061200000,1710064800000,69635.35000000,69844.00000000,69162.00000000,69776.31000000,3085.56728000,60,60,False
1710064800000,1710068400000,69776.32000000,69887.61000000,69550.00000000,69750.08000000,2093.15768000,60,60,False
1710068400000,1710072000000,69750.08000000,69835.75000000,69359.41000000,69568.46000000,1279.82742000,60,60,False
1710072000000,1710075600000,69568.45000000,69833.33000000,69421.87000000,69777.94000000,2014.53386000,60,60,False
1710075600000,1710079200000,69777.93000000,69820.00000000,69118.00000000,69313.56000000,1985.71015000,60,60,False
1710079200000,1710082800000,69313.55000000,69468.00000000,68641.10000000,69270.00000000,2486.59054000,60,60,False
1710082800000,1710086400000,69269.99000000,69415.59000000,68965.66000000,69194.83000000,1753.75660000,60,60,False
1710086400000,1710090000000,69194.83000000,69768.58000000,69157.55000000,69426.42000000,1701.69720000,60,60,False
1710090000000,1710093600000,69426.41000000,69600.00000000,69350.00000000,69413.53000000,769.54221000,60,60,False
1710093600000,1710097200000,69413.53000000,69471.56000000,69186.02000000,69233.97000000,772.44505000,60,60,False
1710097200000,1710100800000,69233.96000000,69447.59000000,69111.89000000,69400.19000000,762.67126000,60,60,False
1710100800000,1710104400000,69400.19000000,69470.01000000,69241.10000000,69310.00000000,627.38238000,60,60,False
1710104400000,1710108000000,69310.00000000,69386.45000000,69086.77000000,69100.00000000,810.89014000,60,60,False
1710108000000,1710111600000,69100.00000000,69100.00000000,68094.75000000,68418.59000000,2817.74576000,60,60,False
1710111600000,1710115200000,68418.59000000,68998.71000000,68357.49000000,68955.88000000,1648.42045000,60,60,False
1710115200000,1710118800000,68955.88000000,68955.90000000,67024.96000000,68095.99000000,3708.50261000,60,60,False
1710118800000,1710122400000,68095.99000000,68376.00000000,67584.20000000,68299.17000000,2744.35471000,60,60,False
1710122400000,1710126000000,68299.17000000,68518.30000000,68255.47000000,68314.71000000,1422.53129000,60,60,False
1710126000000,1710129600000,68314.72000000,68632.32000000,68283.60000000,68604.42000000,1247.20906000,60,60,False
1710129600000,1710133200000,68604.41000000,68812.21000000,68468.95000000,68540.12000000,989.58152000,60,60,False
1710133200000,1710136800000,68540.12000000,68807.44000000,68501.10000000,68550.40000000,1079.87982000,60,60,False
1710136800000,1710140400000,68550.40000000,69371.81000000,68445.91000000,69319.79000000,1555.67402000,60,60,False
1710140400000,1710144000000,69319.79000000,71298.00000000,69275.61000000,71019.99000000,13723.06056800,60,60,False
1710144000000,1710147600000,71019.99000000,71658.00000000,71019.99000000,71190.00000000,5120.82840000,60,60,False
1710147600000,1710151200000,71190.00000000,71831.99000000,71150.00000000,71770.00000000,3175.88719800,60,60,False
1710151200000,1710154800000,71770.01000000,71807.96000000,71461.10000000,71504.01000000,2995.23432000,60,60,False
1710154800000,1710158400000,71504.00000000,72226.30000000,71270.09000000,71487.20000000,4731.40015000,60,60,False
1710158400000,1710162000000,71487.21000000,72167.38000000,71304.20000000,71968.27000000,3449.28877000,60,60,False
1710162000000,1710165600000,71968.26000000,72380.00000000,71336.00000000,71503.97000000,4484.70852500,60,60,False
1710165600000,1710169200000,71503.97000000,72353.54000000,71492.00000000,72170.68000000,3581.93900000,60,60,False
1710169200000,1710172800000,72170.69000000,72661.10000000,72000.00000000,72010.00000000,4065.93597300,60,60,False
1710172800000,1710176400000,72010.01000000,72600.00000000,71795.29000000,72501.10000000,3755.89774000,60,60,False
1710176400000,1710180000000,72501.11000000,72520.00000000,72223.00000000,72481.11000000,2169.69878000,60,60,False
1710180000000,1710183600000,72481.11000000,72598.69000000,72180.00000000,72480.00000000,1980.14866000,60,60,False
1710183600000,1710187200000,72479.99000000,72800.00000000,71760.00000000,71970.00000000,3697.37054200,60,60,False
1710187200000,1710190800000,71970.00000000,72261.10000000,71836.36000000,72115.76000000,1276.43156000,60,60,False
1710190800000,1710194400000,72115.77000000,72594.13000000,72038.31000000,72517.32000000,1118.88133000,60,60,False
1710194400000,1710198000000,72517.32000000,72750.00000000,72392.57000000,72441.11000000,1838.21988000,60,60,False
1710198000000,1710201600000,72441.10000000,72444.66000000,72053.94000000,72078.10000000,1380.16130000,60,60,False
1710201600000,1710205200000,72078.10000000,72324.00000000,71985.89000000,71988.27000000,1750.00903000,60,60,False
1710205200000,1710208800000,71988.28000000,72470.41000000,71900.00000000,72433.34000000,1273.21859000,60,60,False
1710208800000,1710212400000,72433.34000000,72433.35000000,72138.64000000,72183.97000000,982.17412000,60,60,False
1710212400000,1710216000000,72183.97000000,72241.85000000,71400.00000000,71619.00000000,2936.01799000,60,60,False
1710216000000,1710219600000,71619.00000000,72083.63000000,71301.00000000,71809.30000000,2011.96529000,60,60,False
1710219600000,1710223200000,71809.30000000,72071.42000000,71710.00000000,71981.11000000,1004.61123000,60,60,False
1710223200000,1710226800000,71981.10000000,72272.08000000,71441.10000000,72266.47000000,2106.13374000,60,60,False
1710226800000,1710230400000,72266.48000000,72355.15000000,72021.11000000,72121.10000000,1799.89634000,60,60,False
1710230400000,1710234000000,72121.10000000,72188.46000000,71388.00000000,71677.32000000,2545.71796000,60,60,False
1710234000000,1710237600000,71677.32000000,72085.06000000,71677.32000000,71936.00000000,1506.34154000,60,60,False
1710237600000,1710241200000,71936.00000000,71999.00000000,71647.14000000,71864.00000000,1230.12388000,60,60,False
1710241200000,1710244800000,71864.00000000,72376.00000000,71860.00000000,72023.82000000,2041.24641000,60,60,False
1710244800000,1710248400000,72023.82000000,72294.17000000,71470.00000000,72193.19000000,3693.00739000,60,60,False
1710248400000,1710252000000,72193.18000000,72333.02000000,71704.56000000,72293.80000000,3043.68888000,60,60,False
1710252000000,1710255600000,72293.81000000,73000.00000000,71620.00000000,71666.79000000,6222.25588100,60,60,False
1710255600000,1710259200000,71666.80000000,72083.61000000,70800.00000000,71703.41000000,4157.52610000,60,60,False
1710259200000,1710262800000,71703.41000000,71829.11000000,70114.34000000,70507.37000000,6044.69761000,60,60,False
1710262800000,1710266400000,70507.38000000,71121.10000000,68620.82000000,71092.55000000,10154.33622000,60,60,False
1710266400000,1710270000000,71092.55000000,71497.49000000,70500.00000000,71410.21000000,4234.63625000,60,60,False
1710270000000,1710273600000,71410.20000000,71655.00000000,71206.79000000,71349.99000000,3582.23757000,60,60,False
1710273600000,1710277200000,71349.99000000,71350.00000000,70621.10000000,71037.63000000,2208.27617000,60,60,False
1710277200000,1710280800000,71037.64000000,71120.55000000,70607.86000000,70845.21000000,1423.82858000,60,60,False
1710280800000,1710284400000,70845.22000000,71270.82000000,70680.51000000,71162.01000000,1530.75726000,60,60,False
1710284400000,1710288000000,71162.01000000,71550.05000000,71034.01000000,71452.01000000,1300.84266000,60,60,False
1710288000000,1710291600000,71452.00000000,71745.00000000,71333.31000000,71410.68000000,1495.57601000,60,60,False
1710291600000,1710295200000,71410.69000000,72100.00000000,71369.90000000,72005.37000000,2211.59670000,60,60,False
1710295200000,1710298800000,72005.38000000,72079.80000000,71867.06000000,71980.00000000,1166.63479000,60,60,False
1710298800000,1710302400000,71980.00000000,72217.79000000,71881.42000000,72057.43000000,1493.33600000,60,60,False
1710302400000,1710306000000,72057.43000000,72210.00000000,71920.00000000,72210.00000000,1233.40885000,60,60,False
1710306000000,1710309600000,72209.99000000,72210.00000000,71982.25000000,72152.39000000,1033.23632000,60,60,False
1710309600000,1710313200000,72152.39000000,72724.94000000,72110.00000000,72708.00000000,2518.91366000,60,60,False
1710313200000,1710316800000,72707.99000000,73182.22000000,72636.08000000,72855.16000000,3660.42866200,60,60,False
1710316800000,1710320400000,72855.15000000,73650.25000000,72820.00000000,73433.50000000,3835.63920500,60,60,False
1710320400000,1710324000000,73433.49000000,73607.80000000,73131.00000000,73306.52000000,2238.63114000,60,60,False
1710324000000,1710327600000,73306.52000000,73387.21000000,73121.10000000,73256.02000000,1652.80549000,60,60,False
1710327600000,1710331200000,73256.01000000,73481.31000000,73041.43000000,73065.41000000,1861.37304000,60,60,False
1710331200000,1710334800000,73065.40000000,73180.00000000,72456.00000000,72810.00000000,2752.30906000,60,60,False
1710334800000,1710338400000,72809.99000000,73030.74000000,71634.52000000,72183.65000000,4251.74002000,60,60,False
1710338400000,1710342000000,72183.62000000,72910.38000000,72001.10000000,72352.80000000,4166.24396000,60,60,False
1710342000000,1710345600000,72352.79000000,73091.41000000,72289.03000000,72634.95000000,2869.36650000,60,60,False
1710345600000,1710349200000,72634.95000000,73000.00000000,72350.00000000,72995.91000000,2373.69295000,60,60,False
1710349200000,1710352800000,72995.92000000,73180.00000000,72660.99000000,72820.61000000,2271.00216000,60,60,False
1710352800000,1710356400000,72820.61000000,73263.99000000,72721.16000000,73133.59000000,1790.66545000,60,60,False
1710356400000,1710360000000,73133.59000000,73394.19000000,72778.88000000,73349.24000000,2292.49767000,60,60,False
1710360000000,1710363600000,73349.24000000,73410.22000000,72924.26000000,73088.73000000,1710.96812000,60,60,False
1710363600000,1710367200000,73088.72000000,73361.01000000,72940.00000000,73240.20000000,1365.52315000,60,60,False
1710367200000,1710370800000,73240.21000000,73268.00000000,72788.15000000,72951.83000000,1367.68486000,60,60,False
1710370800000,1710374400000,72951.82000000,73129.80000000,72896.46000000,73072.41000000,1046.43788000,60,60,False
1710374400000,1710378000000,73072.40000000,73169.44000000,72759.07000000,72842.77000000,1465.88043000,60,60,False
1710378000000,1710381600000,72842.77000000,72950.57000000,72500.00000000,72928.31000000,1521.17431000,60,60,False
1710381600000,1710385200000,72928.32000000,73220.00000000,72817.40000000,73012.73000000,1143.35163000,60,60,False
1710385200000,1710388800000,73012.74000000,73288.30000000,73009.11000000,73267.08000000,1339.16682000,60,60,False
1710388800000,1710392400000,73267.08000000,73658.00000000,72680.00000000,72961.08000000,2576.90621000,60,60,False
1710392400000,1710396000000,72961.09000000,73172.00000000,72734.22000000,73143.98000000,1340.50391000,60,60,False
1710396000000,1710399600000,73143.98000000,73600.00000000,73123.70000000,73577.35000000,1762.24807000,60,60,False
1710399600000,1710403200000,73577.35000000,73777.00000000,73100.00000000,73224.00000000,2055.24515600,60,60,False
1710403200000,1710406800000,73224.00000000,73528.11000000,73215.14000000,73321.11000000,1350.64077000,60,60,False
1710406800000,1710410400000,73321.10000000,73500.00000000,73156.00000000,73329.12000000,1207.94812000,60,60,False
1710410400000,1710414000000,73329.11000000,73335.96000000,72861.10000000,72983.59000000,1673.26175000,60,60,False
1710414000000,1710417600000,72983.59000000,73025.00000000,72627.00000000,72884.00000000,2175.48588000,60,60,False
1710417600000,1710421200000,72884.01000000,73047.16000000,72401.00000000,72829.93000000,2804.44400000,60,60,False
1710421200000,1710424800000,72829.94000000,72919.60000000,71360.80000000,71884.81000000,5768.30229000,60,60,False
1710424800000,1710428400000,71884.82000000,72536.03000000,71215.00000000,71690.00000000,4628.07838000,60,60,False
1710428400000,1710432000000,71689.99000000,72068.96000000,70543.64000000,70844.01000000,5356.46500000,60,60,False
1710432000000,1710435600000,70844.00000000,71445.00000000,69880.00000000,71337.63000000,6369.77109000,60,60,False
1710435600000,1710439200000,71337.64000000,71458.00000000,70700.00000000,71036.01000000,2805.73236000,60,60,False
1710439200000,1710442800000,71036.00000000,71036.01000000,69309.38000000,70098.50000000,4914.97579000,60,60,False
1710442800000,1710446400000,70098.49000000,70441.10000000,68555.00000000,69415.09000000,8830.94657000,60,60,False
1710446400000,1710450000000,69415.09000000,71199.00000000,69303.75000000,70744.90000000,4740.36995000,60,60,False
1710450000000,1710453600000,70744.90000000,71132.73000000,70288.20000000,71105.58000000,2038.37667000,60,60,False
1710453600000,1710457200000,71105.58000000,71666.38000000,71083.34000000,71539.20000000,2572.93661000,60,60,False
1710457200000,1710460800000,71539.21000000,71709.90000000,71380.00000000,71388.94000000,1315.41698000,60,60,False
1710460800000,1710464400000,71388.94000000,72419.71000000,71254.00000000,71910.01000000,2801.58344000,60,60,False
1710464400000,1710468000000,71910.01000000,72068.42000000,71604.01000000,71631.99000000,1678.00740000,60,60,False
1710468000000,1710471600000,71632.00000000,71749.48000000,68000.00000000,69035.38000000,7541.34387000,60,60,False
1710471600000,1710475200000,69035.39000000,69440.91000000,66699.00000000,68224.01000000,10401.92310000,60,60,False
1710475200000,1710478800000,68224.01000000,68514.61000000,66904.98000000,67447.99000000,6549.76551000,60,60,False
1710478800000,1710482400000,67447.98000000,68250.00000000,67126.81000000,67441.10000000,4175.62126000,60,60,False
1710482400000,1710486000000,67441.09000000,68680.00000000,67426.29000000,68670.00000000,3626.03449000,60,60,False
1710486000000,1710489600000,68669.99000000,68861.10000000,68130.25000000,68448.29000000,2877.87988000,60,60,False
1710489600000,1710493200000,68448.28000000,68600.00000000,67024.00000000,67066.26000000,4991.73886000,60,60,False
1710493200000,1710496800000,67066.25000000,68103.44000000,65600.00000000,67799.31000000,9793.57069000,60,60,False
1710496800000,1710500400000,67799.31000000,68100.00000000,67230.55000000,67250.78000000,3679.09132000,60,60,False
1710500400000,1710504000000,67250.79000000,67888.09000000,66740.01000000,67757.76000000,4257.21109000,60,60,False
1710504000000,1710507600000,67757.75000000,68059.99000000,67475.00000000,67915.01000000,2510.65078000,60,60,False
1710507600000,1710511200000,67915.00000000,68667.61000000,67424.79000000,68474.26000000,3842.23337000,60,60,False
1710511200000,1710514800000,68474.26000000,68630.90000000,67868.01000000,68622.81000000,3300.87114000,60,60,False
1710514800000,1710518400000,68622.81000000,68746.69000000,68121.10000000,68157.07000000,2827.96830000,60,60,False
1710518400000,1710522000000,68157.07000000,68424.46000000,67520.01000000,67893.77000000,4254.66798000,60,60,False
1710522000000,1710525600000,67893.78000000,68334.00000000,67625.00000000,68221.10000000,2277.06059000,60,60,False
1710525600000,1710529200000,68221.09000000,70498.99000000,68214.80000000,70234.00000000,5004.11739000,60,60,False
1710529200000,1710532800000,70234.00000000,70650.00000000,68551.05000000,68964.00000000,5784.50357000,60,60,False
1710532800000,1710536400000,68964.00000000,68966.50000000,67413.80000000,67871.99000000,4765.61941000,60,60,False
1710536400000,1710540000000,67871.98000000,68309.04000000,67832.46000000,68309.04000000,1806.07752000,60,60,False
1710540000000,1710543600000,68309.03000000,69192.37000000,68204.01000000,69104.30000000,2089.71351000,60,60,False
1710543600000,1710547200000,69104.30000000,69750.00000000,68801.10000000,69499.85000000,2496.78099000,60,60,False
1710547200000,1710550800000,69499.84000000,70043.00000000,69422.68000000,69639.99000000,2334.19793000,60,60,False
1710550800000,1710554400000,69640.00000000,69880.00000000,69056.00000000,69286.20000000,1995.72518000,60,60,False
1710554400000,1710558000000,69286.19000000,69320.00000000,68932.01000000,69073.14000000,1460.90266000,60,60,False
1710558000000,1710561600000,69073.15000000,69435.99000000,68974.79000000,69200.08000000,1272.40720000,60,60,False
1710561600000,1710565200000,69200.07000000,69296.80000000,68805.01000000,69011.01000000,1386.90943000,60,60,False
1710565200000,1710568800000,69011.01000000,69106.78000000,68600.00000000,68984.91000000,1580.79753000,60,60,False
1710568800000,1710572400000,68984.91000000,69231.84000000,68932.00000000,69186.91000000,1088.82116000,60,60,False
1710572400000,1710576000000,69186.92000000,69460.91000000,69141.10000000,69432.45000000,1138.62156000,60,60,False
1710576000000,1710579600000,69432.45000000,69436.24000000,68952.00000000,69021.96000000,1679.73390000,60,60,False
1710579600000,1710583200000,69021.97000000,69155.13000000,68842.07000000,68938.96000000,1346.08165000,60,60,False
1710583200000,1710586800000,68938.95000000,68990.00000000,68310.36000000,68427.54000000,2126.44350000,60,60,False
1710586800000,1710590400000,68427.54000000,68563.92000000,67725.53000000,68256.01000000,2721.93193000,60,60,False
1710590400000,1710594000000,68256.00000000,68457.13000000,67867.14000000,67884.01000000,2065.24396000,60,60,False
1710594000000,1710597600000,67884.02000000,68267.72000000,67644.82000000,67704.31000000,2399.61169000,60,60,False
1710597600000,1710601200000,67704.31000000,68229.88000000,67524.00000000,68194.20000000,2266.53243000,60,60,False
1710601200000,1710604800000,68194.19000000,68499.10000000,67846.88000000,68385.58000000,1859.11998000,60,60,False
1710604800000,1710608400000,68385.58000000,68407.94000000,68121.70000000,68187.05000000,1317.27319000,60,60,False
1710608400000,1710612000000,68187.05000000,68235.00000000,67121.14000000,67275.86000000,2833.45157000,60,60,False
1710612000000,1710615600000,67275.85000000,67388.00000000,66670.00000000,67030.60000000,4341.91931000,60,60,False
1710615600000,1710619200000,67030.60000000,67699.00000000,66890.20000000,66911.52000000,3261.62146000,60,60,False
1710619200000,1710622800000,66911.51000000,67538.49000000,66739.81000000,67129.19000000,2592.04897000,60,60,False
1710622800000,1710626400000,67129.19000000,67241.10000000,66015.89000000,66243.28000000,3430.96214000,60,60,False
1710626400000,1710630000000,66243.29000000,66786.44000000,65804.00000000,66361.11000000,2832.31710000,60,60,False
1710630000000,1710633600000,66361.11000000,66375.07000000,64780.00000000,65300.63000000,6594.27793000,60,60,False
1710633600000,1710637200000,65300.64000000,66305.54000000,65122.23000000,65220.55000000,4363.81885000,60,60,False
1710637200000,1710640800000,65220.55000000,66190.00000000,65220.55000000,66174.74000000,2954.80364000,60,60,False
1710640800000,1710644400000,66174.74000000,66565.00000000,66030.00000000,66364.17000000,1779.46470000,60,60,False
1710644400000,1710648000000,66364.17000000,66576.39000000,66197.43000000,66538.99000000,1092.33962000,60,60,False
1710648000000,1710651600000,66538.99000000,66560.00000000,66261.13000000,66351.76000000,963.55452000,60,60,False
1710651600000,1710655200000,66351.75000000,66531.61000000,66000.00000000,66235.68000000,1125.26443000,60,60,False
1710655200000,1710658800000,66235.67000000,66354.42000000,64940.13000000,64961.11000000,2833.47096000,60,60,False
1710658800000,1710662400000,64961.10000000,65776.87000000,64533.00000000,65636.67000000,4662.77172000,60,60,False
1710662400000,1710666000000,65636.68000000,66714.99000000,65290.00000000,66521.10000000,2914.10390000,60,60,False
1710666000000,1710669600000,66521.11000000,66817.33000000,66260.00000000,66461.25000000,2075.22066000,60,60,False
1710669600000,1710673200000,66461.25000000,67420.36000000,66410.01000000,67169.11000000,2414.65077000,60,60,False
1710673200000,1710676800000,67169.12000000,67515.00000000,66913.51000000,66955.49000000,1633.79938000,60,60,False
1710676800000,1710680400000,66955.49000000,67404.53000000,66436.92000000,66584.19000000,2073.68958000,60,60,False
1710680400000,1710684000000,66584.19000000,67481.09000000,66584.18000000,67127.11000000,2316.41043000,60,60,False
1710684000000,1710687600000,67127.11000000,67609.99000000,66892.00000000,67609.99000000,1543.12633000,60,60,False
1710687600000,1710691200000,67609.99000000,68111.45000000,67242.77000000,67965.50000000,2333.04501000,60,60,False
1710691200000,1710694800000,67965.51000000,68385.82000000,67769.86000000,68021.79000000,2381.11122000,60,60,False
1710694800000,1710698400000,68021.79000000,68693.75000000,67911.19000000,68550.22000000,1826.71113000,60,60,False
1710698400000,1710702000000,68550.22000000,68619.37000000,68029.85000000,68172.40000000,1584.56428000,60,60,False
1710702000000,1710705600000,68172.41000000,68571.10000000,68099.91000000,68536.73000000,897.15325000,60,60,False
1710705600000,1710709200000,68536.72000000,68666.00000000,68205.15000000,68269.06000000,1200.74147000,60,60,False
1710709200000,1710712800000,68269.05000000,68379.31000000,67953.35000000,68143.36000000,951.42245000,60,60,False
1710712800000,1710716400000,68143.36000000,68904.40000000,68143.35000000,68228.01000000,2169.28075000,60,60,False
1710716400000,1710720000000,68228.01000000,68655.17000000,68075.38000000,68393.48000000,1651.69684000,60,60,False
1710720000000,1710723600000,68393.47000000,68425.97000000,67286.82000000,67301.94000000,3045.95298000,60,60,False
1710723600000,1710727200000,67301.94000000,67775.00000000,66800.00000000,67630.46000000,2818.43844000,60,60,False
1710727200000,1710730800000,67630.45000000,68188.57000000,67400.01000000,67764.25000000,1720.86226000,60,60,False
1710730800000,1710734400000,67764.25000000,68150.00000000,67740.02000000,67972.01000000,1459.11148000,60,60,False
1710734400000,1710738000000,67972.01000000,68558.86000000,67704.01000000,68360.01000000,1771.49738000,60,60,False
1710738000000,1710741600000,68360.01000000,68956.00000000,68212.24000000,68693.43000000,2051.53199000,60,60,False
1710741600000,1710745200000,68693.43000000,68717.29000000,68400.00000000,68481.10000000,1212.42571000,60,60,False
1710745200000,1710748800000,68481.09000000,68481.10000000,68122.10000000,68218.38000000,1748.36192000,60,60,False
1710748800000,1710752400000,68218.38000000,68229.17000000,67300.00000000,68035.46000000,2834.66780000,60,60,False
1710752400000,1710756000000,68035.46000000,68226.73000000,67650.00000000,67843.98000000,2233.16686000,60,60,False
1710756000000,1710759600000,67843.98000000,68200.00000000,67700.00000000,68130.00000000,1633.57276000,60,60,False
1710759600000,1710763200000,68129.99000000,68483.96000000,68014.86000000,68253.40000000,1337.74118000,60,60,False
1710763200000,1710766800000,68253.39000000,68600.00000000,68027.32000000,68550.54000000,1971.31527000,60,60,False
1710766800000,1710770400000,68550.53000000,68627.81000000,67169.13000000,67552.39000000,4012.90338000,60,60,False
1710770400000,1710774000000,67552.40000000,67816.97000000,66644.15000000,66996.69000000,4171.54712000,60,60,False
1710774000000,1710777600000,66996.68000000,67482.11000000,66628.68000000,67467.19000000,3035.37680000,60,60,False
1710777600000,1710781200000,67467.19000000,68079.52000000,66968.95000000,67124.13000000,4358.50334000,60,60,False
1710781200000,1710784800000,67124.12000000,67486.15000000,66565.20000000,67388.27000000,3418.98028000,60,60,False
1710784800000,1710788400000,67388.28000000,67467.94000000,66944.10000000,67010.00000000,2128.06824000,60,60,False
1710788400000,1710792000000,67010.01000000,67437.50000000,66870.95000000,66936.00000000,2256.01206000,60,60,False
1710792000000,1710795600000,66936.00000000,67395.41000000,66935.99000000,67358.17000000,1427.99964000,60,60,False
1710795600000,1710799200000,67358.17000000,67896.55000000,67340.33000000,67621.51000000,1836.88429000,60,60,False
1710799200000,1710802800000,67621.51000000,67710.00000000,67294.02000000,67692.00000000,1674.76707000,60,60,False
1710802800000,1710806400000,67692.00000000,67999.00000000,67523.00000000,67609.99000000,1531.39263000,60,60,False
1710806400000,1710810000000,67610.00000000,68124.11000000,66861.10000000,67086.96000000,2857.09141000,60,60,False
1710810000000,1710813600000,67086.96000000,67181.09000000,65804.22000000,65851.61000000,5222.82138000,60,60,False
1710813600000,1710817200000,65851.60000000,66384.61000000,65501.00000000,65875.88000000,3471.92262000,60,60,False
1710817200000,1710820800000,65875.87000000,66041.78000000,64860.00000000,65876.01000000,4795.51840000,60,60,False
1710820800000,1710824400000,65876.01000000,65976.10000000,65031.80000000,65341.18000000,3304.27728000,60,60,False
1710824400000,1710828000000,65341.18000000,65615.38000000,64628.00000000,65214.30000000,3502.79397000,60,60,False
1710828000000,1710831600000,65214.30000000,65435.61000000,64603.01000000,64927.99000000,3151.77428000,60,60,False
1710831600000,1710835200000,64927.99000000,64928.00000000,63577.00000000,64704.22000000,6052.93432000,60,60,False
1710835200000,1710838800000,64704.23000000,64710.69000000,63129.00000000,63464.00000000,5729.09761000,60,60,False
1710838800000,1710842400000,63463.64000000,64200.00000000,62982.80000000,64141.84000000,6199.01273000,60,60,False
1710842400000,1710846000000,64141.84000000,64146.15000000,62732.00000000,63256.01000000,4588.19160000,60,60,False
1710846000000,1710849600000,63256.01000000,63396.00000000,62505.00000000,63081.34000000,5243.16151000,60,60,False
1710849600000,1710853200000,63081.34000000,63818.35000000,63000.00000000,63624.00000000,4485.77219000,60,60,False
1710853200000,1710856800000,63624.00000000,63861.10000000,63061.10000000,63564.01000000,3413.81814000,60,60,False
1710856800000,1710860400000,63564.01000000,63564.01000000,62410.78000000,62888.00000000,5632.18406000,60,60,False
1710860400000,1710864000000,62888.00000000,64150.00000000,62600.00000000,64051.85000000,6290.10894000,60,60,False
1710864000000,1710867600000,64051.85000000,65040.00000000,63969.58000000,64972.00000000,5201.37041000,60,60,False
1710867600000,1710871200000,64971.99000000,65756.00000000,64630.14000000,64868.01000000,4771.66326000,60,60,False
1710871200000,1710874800000,64868.01000000,64943.39000000,64200.00000000,64716.59000000,2590.38360000,60,60,False
1710874800000,1710878400000,64716.58000000,65306.72000000,64386.30000000,64391.99000000,2149.30673000,60,60,False
1710878400000,1710882000000,64392.00000000,64500.12000000,63547.38000000,63770.38000000,3040.28115000,60,60,False
1710882000000,1710885600000,63770.37000000,64109.98000000,63534.12000000,63952.01000000,1385.92956000,60,60,False
1710885600000,1710889200000,63952.01000000,64036.50000000,62461.58000000,62633.96000000,3308.59823000,60,60,False
1710889200000,1710892800000,62633.97000000,62812.24000000,61555.00000000,61937.40000000,4617.31149000,60,60,False
1710892800000,1710896400000,61937.41000000,63386.14000000,61840.00000000,63230.02000000,4342.78342000,60,60,False
1710896400000,1710900000000,63230.02000000,63240.00000000,61885.00000000,62374.86000000,3539.31190000,60,60,False
1710900000000,1710903600000,62374.87000000,63035.41000000,62226.61000000,62881.40000000,2810.54782000,60,60,False
1710903600000,1710907200000,62881.40000000,63466.21000000,61666.00000000,61860.81000000,3567.47986000,60,60,False
1710907200000,1710910800000,61860.82000000,62341.10000000,61111.00000000,61646.91000000,5127.50541000,60,60,False
1710910800000,1710914400000,61646.91000000,61774.25000000,60775.00000000,61549.53000000,4731.37482000,60,60,False
1710914400000,1710918000000,61549.54000000,62033.53000000,61520.64000000,61749.99000000,2582.57450000,60,60,False
1710918000000,1710921600000,61750.00000000,63198.83000000,61724.79000000,62957.85000000,3963.65077000,60,60,False
1710921600000,1710925200000,62957.85000000,63295.00000000,62668.80000000,62684.71000000,3392.83957000,60,60,False
1710925200000,1710928800000,62684.71000000,63369.58000000,62640.00000000,63215.90000000,2699.96209000,60,60,False
1710928800000,1710932400000,63215.91000000,63289.15000000,62841.10000000,63041.10000000,1833.64396000,60,60,False
1710932400000,1710936000000,63041.09000000,63957.74000000,62973.15000000,63392.94000000,3175.41018000,60,60,False
1710936000000,1710939600000,63392.95000000,64353.57000000,63175.17000000,64056.07000000,3806.14567000,60,60,False
1710939600000,1710943200000,64056.07000000,64059.59000000,63066.60000000,63608.83000000,3240.34892000,60,60,False
1710943200000,1710946800000,63608.83000000,64330.00000000,63453.01000000,64227.38000000,3474.01266000,60,60,False
1710946800000,1710950400000,64227.38000000,64395.00000000,63400.01000000,63600.37000000,4056.89317000,60,60,False
1710950400000,1710954000000,63600.37000000,63790.00000000,62022.00000000,63103.63000000,5770.15508000,60,60,False
1710954000000,1710957600000,63103.63000000,64776.72000000,62841.11000000,64107.58000000,5445.74262000,60,60,False
1710957600000,1710961200000,64107.58000000,65470.00000000,63952.39000000,65414.93000000,4302.35250000,60,60,False
1710961200000,1710964800000,65414.93000000,66000.00000000,65100.30000000,65784.46000000,4042.14942000,60,60,False
1710964800000,1710968400000,65784.47000000,67793.00000000,65656.41000000,67057.56000000,6047.75768000,60,60,False
1710968400000,1710972000000,67057.56000000,67899.99000000,66913.93000000,67676.15000000,3381.99515000,60,60,False
1710972000000,1710975600000,67676.15000000,68100.00000000,67355.21000000,67681.94000000,2784.95762000,60,60,False
1710975600000,1710979200000,67681.94000000,68050.72000000,67424.11000000,67840.51000000,2300.99113000,60,60,False
1710979200000,1710982800000,67840.51000000,68240.47000000,67430.00000000,67656.00000000,2922.10611000,60,60,False
1710982800000,1710986400000,67656.01000000,67951.15000000,67656.00000000,67796.93000000,1712.23034000,60,60,False
1710986400000,1710990000000,67796.94000000,67932.60000000,67500.00000000,67531.96000000,1730.15348000,60,60,False
1710990000000,1710993600000,67531.96000000,67740.00000000,66340.00000000,66654.45000000,3183.54058000,60,60,False
1710993600000,1710997200000,66654.46000000,66948.00000000,66479.46000000,66719.99000000,2173.60177000,60,60,False
1710997200000,1711000800000,66719.99000000,67082.06000000,66072.20000000,67009.51000000,2339.47726000,60,60,False
1711000800000,1711004400000,67009.51000000,67330.00000000,66911.27000000,66980.01000000,1916.09621000,60,60,False
1711004400000,1711008000000,66980.01000000,67324.00000000,66920.70000000,66985.19000000,1346.64031000,60,60,False
1711008000000,1711011600000,66985.19000000,67659.53000000,66980.00000000,67283.55000000,2334.43470000,60,60,False
1711011600000,1711015200000,67283.54000000,67360.00000000,66650.00000000,66843.96000000,1937.57880000,60,60,False
1711015200000,1711018800000,66843.96000000,67020.00000000,66660.00000000,66966.84000000,1182.47318000,60,60,False
1711018800000,1711022400000,66966.83000000,67229.62000000,66740.00000000,67044.00000000,1371.65852000,60,60,False
1711022400000,1711026000000,67044.01000000,67469.00000000,67000.00000000,67244.01000000,1534.85792000,60,60,False
1711026000000,1711029600000,67244.01000000,67693.60000000,66620.00000000,66736.01000000,3275.81086000,60,60,False
1711029600000,1711033200000,66736.01000000,67395.20000000,66531.53000000,66860.07000000,2038.26807000,60,60,False
1711033200000,1711036800000,66860.07000000,66981.01000000,65885.96000000,66557.77000000,3395.32536000,60,60,False
1711036800000,1711040400000,66557.77000000,66826.75000000,66183.90000000,66791.93000000,1985.16397000,60,60,False
1711040400000,1711044000000,66791.93000000,67000.00000000,65666.00000000,65724.99000000,2748.88700000,60,60,False
1711044000000,1711047600000,65724.99000000,65867.92000000,64871.01000000,65133.67000000,4029.80755000,60,60,False
1711047600000,1711051200000,65133.66000000,65568.56000000,64956.26000000,65223.74000000,3119.58995000,60,60,False
1711051200000,1711054800000,65223.73000000,65946.66000000,64529.01000000,65479.93000000,3705.33095000,60,60,False
1711054800000,1711058400000,65479.94000000,65730.00000000,65100.00000000,65653.97000000,1036.75324000,60,60,False
1711058400000,1711062000000,65653.98000000,65857.27000000,65343.23000000,65392.19000000,1369.35992000,60,60,False
1711062000000,1711065600000,65392.20000000,65624.13000000,65282.00000000,65501.27000000,968.33397000,60,60,False
1711065600000,1711069200000,65501.28000000,65985.44000000,65360.00000000,65794.00000000,1870.24114000,60,60,False
1711069200000,1711072800000,65793.99000000,65930.00000000,65212.73000000,65243.99000000,1560.27908000,60,60,False
1711072800000,1711076400000,65243.99000000,65717.19000000,65120.01000000,65644.00000000,1573.77753000,60,60,False
1711076400000,1711080000000,65644.00000000,66160.00000000,65570.89000000,65981.99000000,1855.84887000,60,60,False
1711080000000,1711083600000,65981.99000000,66288.02000000,65756.64000000,66144.85000000,1210.03178000,60,60,False
1711083600000,1711087200000,66144.85000000,66434.48000000,65938.34000000,66430.01000000,1112.90580000,60,60,False
1711087200000,1711090800000,66430.01000000,66649.62000000,66305.79000000,66448.08000000,1636.42496000,60,60,False
1711090800000,1711094400000,66448.08000000,66448.09000000,66124.50000000,66178.01000000,1046.28159000,60,60,False
1711094400000,1711098000000,66178.01000000,66363.10000000,65805.23000000,65858.68000000,1391.36805000,60,60,False
1711098000000,1711101600000,65858.68000000,66053.70000000,65344.41000000,65481.99000000,1549.15207000,60,60,False
1711101600000,1711105200000,65482.00000000,65600.00000000,64540.01000000,64656.37000000,2887.55684000,60,60,False
1711105200000,1711108800000,64656.37000000,64956.00000000,64065.72000000,64233.90000000,2536.68712000,60,60,False
1711108800000,1711112400000,64233.90000000,64674.06000000,63924.42000000,64260.51000000,2428.78925000,60,60,False
1711112400000,1711116000000,64260.51000000,64433.27000000,62820.00000000,63058.61000000,4779.54613000,60,60,False
1711116000000,1711119600000,63058.61000000,63465.30000000,62601.11000000,62739.99000000,4475.01124000,60,60,False
1711119600000,1711123200000,62739.99000000,64341.89000000,62634.58000000,63877.04000000,4095.69022000,60,60,False
1711123200000,1711126800000,63877.04000000,63883.97000000,62766.63000000,63270.62000000,3056.84037000,60,60,False
1711126800000,1711130400000,63270.61000000,63770.91000000,63260.01000000,63579.37000000,1877.78693000,60,60,False
1711130400000,1711134000000,63579.36000000,63974.12000000,63440.00000000,63745.83000000,1625.35844000,60,60,False
1711134000000,1711137600000,63745.84000000,64126.09000000,63440.29000000,63866.93000000,1913.16114000,60,60,False
1711137600000,1711141200000,63866.94000000,63978.86000000,63355.85000000,63501.66000000,1145.08174000,60,60,False
1711141200000,1711144800000,63501.67000000,63517.15000000,62260.00000000,62974.00000000,2900.41449000,60,60,False
1711144800000,1711148400000,62974.00000000,63236.03000000,62553.96000000,63022.00000000,1830.43155000,60,60,False
1711148400000,1711152000000,63022.01000000,63812.00000000,62985.00000000,63796.64000000,1123.71188000,60,60,False
1711152000000,1711155600000,63796.64000000,63804.00000000,63536.30000000,63571.99000000,973.70353000,60,60,False
1711155600000,1711159200000,63572.00000000,64334.25000000,63544.00000000,64111.63000000,1899.71273000,60,60,False
1711159200000,1711162800000,64111.63000000,64374.91000000,63739.00000000,63861.79000000,1166.53384000,60,60,False
1711162800000,1711166400000,63861.78000000,63866.00000000,63000.00000000,63556.00000000,1312.33055000,60,60,False
1711166400000,1711170000000,63556.00000000,64090.00000000,63506.50000000,63880.63000000,934.63001000,60,60,False
1711170000000,1711173600000,63880.62000000,64132.71000000,63720.76000000,64075.12000000,605.84805000,60,60,False
1711173600000,1711177200000,64075.13000000,64289.98000000,63984.00000000,64166.00000000,672.35298000,60,60,False
1711177200000,1711180800000,64166.01000000,64856.01000000,64162.02000000,64575.41000000,1460.39196000,60,60,False
1711180800000,1711184400000,64575.41000000,64857.14000000,64220.00000000,64521.99000000,1135.10972000,60,60,False
1711184400000,1711188000000,64522.00000000,64597.64000000,64186.21000000,64470.00000000,802.07123000,60,60,False
1711188000000,1711191600000,64470.00000000,64712.33000000,64204.09000000,64320.01000000,884.49724000,60,60,False
1711191600000,1711195200000,64320.00000000,64629.62000000,64234.00000000,64629.62000000,639.87361000,60,60,False
1711195200000,1711198800000,64629.61000000,64926.87000000,64537.75000000,64697.94000000,1088.91987000,60,60,False
1711198800000,1711202400000,64697.94000000,64721.40000000,64278.15000000,64596.06000000,1107.67413000,60,60,False
1711202400000,1711206000000,64596.06000000,65414.69000000,64387.45000000,65248.00000000,2066.92758000,60,60,False
1711206000000,1711209600000,65247.79000000,65350.00000000,64733.15000000,65104.05000000,1340.49966000,60,60,False
1711209600000,1711213200000,65104.06000000,65815.31000000,64892.25000000,65661.34000000,2093.03602000,60,60,False
1711213200000,1711216800000,65661.33000000,65999.00000000,65470.44000000,65652.70000000,1424.36914000,60,60,False
1711216800000,1711220400000,65652.70000000,65681.72000000,65270.01000000,65373.88000000,692.75822000,60,60,False
1711220400000,1711224000000,65373.88000000,65485.15000000,64786.25000000,64872.90000000,1058.33380000,60,60,False
1711224000000,1711227600000,64872.90000000,65118.20000000,64672.93000000,65009.78000000,677.42716000,60,60,False
1711227600000,1711231200000,65009.79000000,65199.97000000,64780.00000000,64944.69000000,442.70223000,60,60,False
1711231200000,1711234800000,64944.68000000,65050.72000000,64744.55000000,64747.86000000,474.50737000,60,60,False
1711234800000,1711238400000,64747.87000000,64810.00000000,63861.66000000,63990.01000000,1455.90346000,60,60,False
1711238400000,1711242000000,63990.02000000,64576.73000000,63954.85000000,64524.00000000,870.29259000,60,60,False
1711242000000,1711245600000,64524.00000000,64723.16000000,64380.00000000,64470.00000000,538.45739000,60,60,False
1711245600000,1711249200000,64470.01000000,64539.99000000,64170.00000000,64278.06000000,658.93709000,60,60,False
1711249200000,1711252800000,64278.05000000,64278.06000000,63922.85000000,63962.98000000,868.02748000,60,60,False
1711252800000,1711256400000,63962.98000000,64250.00000000,63772.29000000,64218.00000000,843.43090000,60,60,False
1711256400000,1711260000000,64218.00000000,64379.62000000,64103.33000000,64304.57000000,431.14367000,60,60,False
1711260000000,1711263600000,64304.57000000,64418.54000000,64086.19000000,64218.94000000,522.18944000,60,60,False
1711263600000,1711267200000,64218.93000000,64583.44000000,64027.77000000,64583.43000000,887.35970000,60,60,False
1711267200000,1711270800000,64583.44000000,65259.42000000,64476.00000000,65244.00000000,1825.98978000,60,60,False
1711270800000,1711274400000,65244.00000000,65251.99000000,64800.00000000,64880.02000000,927.02070000,60,60,False
1711274400000,1711278000000,64880.01000000,65368.66000000,64872.00000000,65098.01000000,862.85690000,60,60,False
1711278000000,1711281600000,65098.01000000,65349.56000000,64958.00000000,65334.01000000,873.86538000,60,60,False
1711281600000,1711285200000,65334.00000000,65783.88000000,65177.28000000,65646.77000000,1705.83907000,60,60,False
1711285200000,1711288800000,65646.76000000,65825.00000000,65262.80000000,65357.71000000,1308.27628000,60,60,False
1711288800000,1711292400000,65357.72000000,65925.19000000,65315.32000000,65649.99000000,1477.95869000,60,60,False
1711292400000,1711296000000,65650.00000000,65750.07000000,65433.22000000,65673.36000000,856.48235000,60,60,False
1711296000000,1711299600000,65673.36000000,65838.88000000,65177.38000000,65249.04000000,1202.84418000,60,60,False
1711299600000,1711303200000,65249.04000000,65539.01000000,64600.01000000,65345.99000000,2260.69649000,60,60,False
1711303200000,1711306800000,65345.99000000,66045.99000000,65340.00000000,65846.01000000,1923.39804000,60,60,False
1711306800000,1711310400000,65846.01000000,66041.67000000,65667.66000000,65843.02000000,1490.27069000,60,60,False
1711310400000,1711314000000,65843.02000000,66450.00000000,65730.60000000,66161.86000000,1944.75306000,60,60,False
1711314000000,1711317600000,66161.87000000,66666.00000000,66161.86000000,66530.01000000,1442.47129000,60,60,False
1711317600000,1711321200000,66530.01000000,67000.00000000,66480.01000000,66951.26000000,2145.20859000,60,60,False
1711321200000,1711324800000,66951.26000000,67628.69000000,66925.60000000,67209.99000000,3528.01040000,60,60,False
1711324800000,1711328400000,67210.00000000,67318.18000000,66503.97000000,66577.34000000,1749.90098000,60,60,False
1711328400000,1711332000000,66577.34000000,66997.01000000,66430.00000000,66556.00000000,1143.30913000,60,60,False
1711332000000,1711335600000,66556.00000000,66803.16000000,66385.06000000,66700.01000000,961.61426000,60,60,False
1711335600000,1711339200000,66700.01000000,67350.00000000,66575.76000000,67350.00000000,1256.64698000,60,60,False
1711339200000,1711342800000,67350.00000000,67533.33000000,67034.01000000,67505.99000000,1505.68070000,60,60,False
1711342800000,1711346400000,67506.00000000,67740.00000000,67264.11000000,67350.00000000,1504.72402000,60,60,False
1711346400000,1711350000000,67350.00000000,67400.00000000,66928.57000000,67149.99000000,1145.90651000,60,60,False
1711350000000,1711353600000,67150.00000000,67277.56000000,66710.00000000,66821.19000000,1030.90248000,60,60,False
1711353600000,1711357200000,66821.19000000,67200.00000000,66792.40000000,66938.67000000,1121.35609000,60,60,False
1711357200000,1711360800000,66938.68000000,67100.00000000,66747.65000000,67055.96000000,963.18355000,60,60,False
1711360800000,1711364400000,67055.96000000,67344.23000000,66840.90000000,66994.33000000,1181.44633000,60,60,False
1711364400000,1711368000000,66994.32000000,67020.00000000,66760.00000000,66810.15000000,1267.28922000,60,60,False
1711368000000,1711371600000,66810.15000000,67267.92000000,66780.00000000,67079.99000000,1117.79010000,60,60,False
1711371600000,1711375200000,67079.99000000,68000.00000000,66843.61000000,67984.00000000,2834.00376000,60,60,False
1711375200000,1711378800000,67984.01000000,69450.00000000,67677.45000000,69377.19000000,9198.98269000,60,60,False
1711378800000,1711382400000,69377.20000000,70000.00000000,69136.88000000,69792.05000000,5270.95420000,60,60,False
1711382400000,1711386000000,69792.06000000,70273.00000000,69440.18000000,70154.42000000,3937.65504000,60,60,False
1711386000000,1711389600000,70154.41000000,70844.44000000,70133.18000000,70559.09000000,3892.23798000,60,60,False
1711389600000,1711393200000,70559.08000000,70913.73000000,70364.80000000,70857.09000000,2325.51186000,60,60,False
1711393200000,1711396800000,70857.10000000,71000.00000000,70516.87000000,70960.89000000,2794.39520000,60,60,False
1711396800000,1711400400000,70960.89000000,71150.00000000,70684.84000000,70907.21000000,1846.42002000,60,60,False
1711400400000,1711404000000,70907.21000000,70941.10000000,69562.09000000,69853.57000000,2779.48822000,60,60,False
1711404000000,1711407600000,69853.58000000,70681.03000000,69850.00000000,70310.00000000,1460.93340000,60,60,False
1711407600000,1711411200000,70309.99000000,70469.99000000,69725.51000000,69880.01000000,1140.81214000,60,60,False
1711411200000,1711414800000,69880.00000000,70221.10000000,69732.80000000,69893.00000000,1197.13506000,60,60,False
1711414800000,1711418400000,69892.99000000,70323.79000000,69800.00000000,70284.19000000,1059.13894000,60,60,False
1711418400000,1711422000000,70284.19000000,70549.54000000,70045.00000000,70530.00000000,1200.78268000,60,60,False
1711422000000,1711425600000,70529.99000000,70606.00000000,70288.00000000,70423.11000000,985.82489000,60,60,False
1711425600000,1711429200000,70423.11000000,70665.83000000,70401.11000000,70600.83000000,797.28579000,60,60,False
1711429200000,1711432800000,70600.82000000,70609.17000000,70274.55000000,70300.00000000,933.54798000,60,60,False
1711432800000,1711436400000,70300.00000000,70616.64000000,70260.30000000,70616.01000000,986.18095000,60,60,False
1711436400000,1711440000000,70616.01000000,71561.10000000,70412.33000000,70486.38000000,3728.19660000,60,60,False
1711440000000,1711443600000,70486.38000000,70820.00000000,70268.66000000,70693.66000000,1845.31347000,60,60,False
1711443600000,1711447200000,70693.66000000,71280.00000000,70620.00000000,71142.23000000,1462.22622000,60,60,False
1711447200000,1711450800000,71142.24000000,71194.99000000,70865.73000000,70893.73000000,1466.58704000,60,60,False
1711450800000,1711454400000,70893.73000000,70906.72000000,70578.00000000,70693.16000000,1260.55387000,60,60,False
1711454400000,1711458000000,70693.17000000,71113.50000000,70524.00000000,71109.99000000,1464.34142000,60,60,False
1711458000000,1711461600000,71109.99000000,71136.63000000,70070.00000000,70389.99000000,2884.51845000,60,60,False
1711461600000,1711465200000,70389.99000000,70676.20000000,69280.00000000,70310.00000000,4822.42435000,60,60,False
1711465200000,1711468800000,70310.01000000,70348.05000000,69686.60000000,70250.00000000,1891.85800000,60,60,False
1711468800000,1711472400000,70250.01000000,70499.00000000,69412.00000000,69729.99000000,2778.42627000,60,60,False
1711472400000,1711476000000,69729.99000000,70200.00000000,69502.00000000,70066.55000000,1525.76490000,60,60,False
1711476000000,1711479600000,70066.54000000,70400.00000000,69927.49000000,69932.00000000,1025.64281000,60,60,False
1711479600000,1711483200000,69931.99000000,70081.10000000,69445.97000000,69477.67000000,2297.94370000,60,60,False
1711483200000,1711486800000,69477.66000000,69872.00000000,69401.72000000,69827.76000000,982.28972000,60,60,False
1711486800000,1711490400000,69827.76000000,70197.05000000,69730.00000000,70000.68000000,819.80881000,60,60,False
1711490400000,1711494000000,70000.67000000,70280.00000000,69652.01000000,70249.22000000,810.82708000,60,60,False
1711494000000,1711497600000,70249.21000000,70305.33000000,69946.14000000,69988.00000000,707.76517000,60,60,False
1711497600000,1711501200000,69987.99000000,70700.00000000,69840.00000000,70619.99000000,1521.91332000,60,60,False
1711501200000,1711504800000,70619.99000000,70739.65000000,70170.67000000,70326.74000000,1197.48528000,60,60,False
1711504800000,1711508400000,70326.74000000,70588.00000000,70175.00000000,70575.94000000,830.42801000,60,60,False
1711508400000,1711512000000,70575.94000000,70687.73000000,70310.01000000,70387.99000000,822.87309000,60,60,False
1711512000000,1711515600000,70388.00000000,70487.37000000,70034.45000000,70190.00000000,1011.99578000,60,60,False
1711515600000,1711519200000,70190.00000000,70519.99000000,70154.37000000,70475.07000000,830.06961000,60,60,False
1711519200000,1711522800000,70475.06000000,70598.00000000,70164.46000000,70309.99000000,785.62602000,60,60,False
1711522800000,1711526400000,70310.00000000,70331.62000000,69640.00000000,69725.99000000,1565.71437000,60,60,False
1711526400000,1711530000000,69726.00000000,69991.71000000,69510.00000000,69547.91000000,1124.41606000,60,60,False
1711530000000,1711533600000,69547.91000000,70111.00000000,69407.00000000,70057.60000000,1641.41293000,60,60,False
1711533600000,1711537200000,70057.60000000,70200.40000000,69920.00000000,70112.01000000,1223.53867000,60,60,False
1711537200000,1711540800000,70112.01000000,70359.97000000,70021.10000000,70220.73000000,1182.41741000,60,60,False
1711540800000,1711544400000,70220.73000000,70375.39000000,69994.01000000,70186.18000000,1212.97579000,60,60,False
1711544400000,1711548000000,70186.17000000,71769.54000000,69645.04000000,69892.00000000,8425.75461000,60,60,False
1711548000000,1711551600000,69891.99000000,70218.08000000,68534.01000000,70050.74000000,8808.96350000,60,60,False
1711551600000,1711555200000,70050.74000000,70078.50000000,68868.59000000,68874.00000000,3881.76696000,60,60,False
1711555200000,1711558800000,68873.99000000,69310.00000000,68359.18000000,69244.00000000,3154.85859000,60,60,False
1711558800000,1711562400000,69244.01000000,69406.00000000,68600.00000000,68680.01000000,1536.70277000,60,60,False
1711562400000,1711566000000,68680.01000000,68925.60000000,68410.00000000,68475.61000000,1899.56324000,60,60,False
1711566000000,1711569600000,68475.60000000,68933.33000000,68468.01000000,68652.00000000,1505.42637000,60,60,False
1711569600000,1711573200000,68652.01000000,69163.01000000,68630.00000000,68906.02000000,1062.90397000,60,60,False
1711573200000,1711576800000,68906.01000000,69250.00000000,68900.00000000,68941.99000000,1093.45387000,60,60,False
1711576800000,1711580400000,68942.00000000,69441.40000000,68919.46000000,69440.14000000,1447.00718000,60,60,False
1711580400000,1711584000000,69440.15000000,69637.66000000,69072.40000000,69469.99000000,1352.08945000,60,60,False
1711584000000,1711587600000,69469.99000000,69980.00000000,69382.00000000,69682.00000000,1354.66941000,60,60,False
1711587600000,1711591200000,69682.00000000,69750.51000000,69300.00000000,69442.60000000,975.95051000,60,60,False
1711591200000,1711594800000,69442.60000000,69578.81000000,68903.62000000,69146.89000000,1106.63753000,60,60,False
1711594800000,1711598400000,69146.90000000,69373.13000000,69068.00000000,69290.00000000,785.48800000,60,60,False
1711598400000,1711602000000,69290.00000000,69764.70000000,69280.00000000,69717.22000000,1037.41041000,60,60,False
1711602000000,1711605600000,69717.22000000,69939.42000000,69610.00000000,69714.20000000,794.00301000,60,60,False
1711605600000,1711609200000,69714.21000000,70400.00000000,69646.00000000,70363.74000000,1811.11370000,60,60,False
1711609200000,1711612800000,70363.74000000,70469.82000000,70192.71000000,70399.03000000,1282.66510000,60,60,False
1711612800000,1711616400000,70399.04000000,70865.58000000,70292.44000000,70578.10000000,2225.97950000,60,60,False
1711616400000,1711620000000,70578.10000000,70940.29000000,70527.36000000,70566.00000000,1444.05082000,60,60,False
1711620000000,1711623600000,70565.99000000,70848.80000000,70337.43000000,70800.00000000,1688.08225000,60,60,False
1711623600000,1711627200000,70800.00000000,70962.63000000,70521.11000000,70647.18000000,1414.60357000,60,60,False
1711627200000,1711630800000,70647.18000000,70850.70000000,70348.75000000,70839.16000000,1589.02255000,60,60,False
1711630800000,1711634400000,70839.15000000,71364.95000000,70397.96000000,70877.98000000,3338.63412000,60,60,False
1711634400000,1711638000000,70877.98000000,71552.06000000,70682.90000000,71537.97000000,3947.36294000,60,60,False
1711638000000,1711641600000,71537.97000000,71537.98000000,70974.96000000,71290.39000000,2460.72429000,60,60,False
1711641600000,1711645200000,71290.38000000,71320.00000000,70521.97000000,70686.95000000,1919.66798000,60,60,False
1711645200000,1711648800000,70686.96000000,70838.70000000,70450.00000000,70791.17000000,1044.25026000,60,60,False
1711648800000,1711652400000,70791.16000000,70975.99000000,70404.00000000,70550.00000000,1007.38486000,60,60,False
1711652400000,1711656000000,70550.00000000,70913.93000000,70482.33000000,70798.26000000,1228.56939000,60,60,False
1711656000000,1711659600000,70798.26000000,70876.00000000,70620.11000000,70674.08000000,749.73131000,60,60,False
1711659600000,1711663200000,70674.08000000,70906.50000000,70654.77000000,70781.81000000,598.94141000,60,60,False
1711663200000,1711666800000,70781.81000000,70882.17000000,70541.90000000,70848.01000000,784.63372000,60,60,False
1711666800000,1711670400000,70848.00000000,71074.03000000,70687.94000000,70780.60000000,849.45575000,60,60,False
1711670400000,1711674000000,70780.60000000,70827.99000000,70606.00000000,70735.80000000,571.19293000,60,60,False
1711674000000,1711677600000,70735.79000000,70916.16000000,70647.06000000,70790.01000000,723.48752000,60,60,False
1711677600000,1711681200000,70790.01000000,70815.80000000,70580.34000000,70619.27000000,710.72230000,60,60,False
1711681200000,1711684800000,70619.28000000,70714.00000000,70274.07000000,70442.22000000,1029.85551000,60,60,False
1711684800000,1711688400000,70442.23000000,70538.78000000,70286.00000000,70365.05000000,795.07163000,60,60,False
1711688400000,1711692000000,70365.05000000,70456.40000000,70176.97000000,70180.70000000,732.90036000,60,60,False
1711692000000,1711695600000,70180.71000000,70478.00000000,70025.00000000,70438.02000000,761.21616000,60,60,False
1711695600000,1711699200000,70438.01000000,70498.08000000,69746.33000000,69794.00000000,1726.56114000,60,60,False
1711699200000,1711702800000,69794.01000000,70084.01000000,69712.00000000,69932.99000000,1450.04436000,60,60,False
1711702800000,1711706400000,69933.00000000,70050.00000000,69566.20000000,69733.73000000,1028.49833000,60,60,False
1711706400000,1711710000000,69733.73000000,70125.95000000,69566.00000000,70108.00000000,1174.67292000,60,60,False
1711710000000,1711713600000,70108.01000000,70318.00000000,70062.11000000,70142.78000000,1055.44873000,60,60,False
1711713600000,1711717200000,70142.78000000,70299.00000000,69852.08000000,70150.01000000,1187.32733000,60,60,False
1711717200000,1711720800000,70150.00000000,70636.04000000,70050.54000000,70426.70000000,1265.39015000,60,60,False
1711720800000,1711724400000,70426.70000000,70500.00000000,70034.46000000,70061.83000000,1409.37716000,60,60,False
1711724400000,1711728000000,70061.83000000,70129.22000000,69009.00000000,69180.00000000,3181.87663000,60,60,False
1711728000000,1711731600000,69179.99000000,69591.43000000,69078.62000000,69176.47000000,1972.71473000,60,60,False
1711731600000,1711735200000,69176.46000000,69463.20000000,69100.00000000,69404.29000000,960.22930000,60,60,False
1711735200000,1711738800000,69404.29000000,69602.00000000,69322.02000000,69513.98000000,736.65387000,60,60,False
1711738800000,1711742400000,69513.98000000,69666.00000000,69360.60000000,69665.99000000,576.46810000,60,60,False
1711742400000,1711746000000,69665.99000000,69711.06000000,69530.00000000,69615.59000000,460.46997000,60,60,False
1711746000000,1711749600000,69615.59000000,69625.26000000,69290.00000000,69419.99000000,580.03323000,60,60,False
1711749600000,1711753200000,69420.00000000,69820.89000000,69419.99000000,69808.00000000,722.75182000,60,60,False
1711753200000,1711756800000,69807.99000000,69916.50000000,69746.09000000,69850.54000000,632.11935000,60,60,False
1711756800000,1711760400000,69850.53000000,69936.95000000,69710.00000000,69932.90000000,678.92298000,60,60,False
1711760400000,1711764000000,69932.89000000,70177.87000000,69826.36000000,69976.07000000,988.39393000,60,60,False
1711764000000,1711767600000,69976.08000000,70010.00000000,69838.24000000,69934.00000000,417.42063000,60,60,False
1711767600000,1711771200000,69934.01000000,70042.19000000,69750.00000000,69773.99000000,449.20847000,60,60,False
1711771200000,1711774800000,69774.00000000,70100.00000000,69755.98000000,70068.52000000,648.05245000,60,60,False
1711774800000,1711778400000,70068.51000000,70321.10000000,69866.67000000,70006.81000000,1010.83741000,60,60,False
1711778400000,1711782000000,70006.80000000,70098.39000000,69868.41000000,69960.00000000,575.97900000,60,60,False
1711782000000,1711785600000,69960.01000000,70022.99000000,69852.08000000,69852.18000000,434.17434000,60,60,False
1711785600000,1711789200000,69852.18000000,70016.00000000,69811.37000000,69966.01000000,552.88099000,60,60,False
1711789200000,1711792800000,69966.00000000,70162.79000000,69907.87000000,70008.31000000,492.14412000,60,60,False
1711792800000,1711796400000,70008.32000000,70110.95000000,69940.08000000,70042.19000000,405.86018000,60,60,False
1711796400000,1711800000000,70042.19000000,70183.67000000,70042.19000000,70183.55000000,623.01928000,60,60,False
1711800000000,1711803600000,70183.54000000,70218.90000000,70090.00000000,70218.89000000,487.51039000,60,60,False
1711803600000,1711807200000,70218.89000000,70269.15000000,70075.78000000,70148.05000000,458.50059000,60,60,False
1711807200000,1711810800000,70148.04000000,70173.02000000,69985.30000000,70038.01000000,536.51794000,60,60,False
1711810800000,1711814400000,70038.01000000,70142.87000000,69925.87000000,69999.99000000,477.63036000,60,60,False
1711814400000,1711818000000,69999.99000000,70280.06000000,69900.00000000,70178.16000000,644.85144000,60,60,False
1711818000000,1711821600000,70178.17000000,70178.17000000,69999.98000000,70036.01000000,480.15482000,60,60,False
1711821600000,1711825200000,70036.02000000,70036.02000000,69881.17000000,69924.91000000,428.10577000,60,60,False
1711825200000,1711828800000,69924.91000000,69936.24000000,69670.00000000,69896.34000000,1011.07475000,60,60,False
1711828800000,1711832400000,69896.34000000,69896.35000000,69780.00000000,69812.50000000,357.36850000,60,60,False
1711832400000,1711836000000,69812.50000000,69850.00000000,69621.97000000,69722.08000000,417.93392000,60,60,False
1711836000000,1711839600000,69722.07000000,69834.00000000,69645.16000000,69720.91000000,527.92684000,60,60,False
1711839600000,1711843200000,69720.91000000,69779.30000000,69540.00000000,69582.18000000,540.14232000,60,60,False
1711843200000,1711846800000,69582.17000000,69963.45000000,69562.99000000,69872.29000000,963.49455000,60,60,False
1711846800000,1711850400000,69872.29000000,70098.00000000,69838.25000000,70043.54000000,1124.61403000,60,60,False
1711850400000,1711854000000,70043.53000000,70165.86000000,69950.00000000,69990.01000000,448.00123000,60,60,False
1711854000000,1711857600000,69990.01000000,70000.00000000,69764.71000000,69916.61000000,435.77737000,60,60,False
1711857600000,1711861200000,69916.60000000,70124.60000000,69874.54000000,70116.01000000,471.62060000,60,60,False
1711861200000,1711864800000,70116.01000000,70460.00000000,70049.99000000,70345.64000000,1631.95846000,60,60,False
1711864800000,1711868400000,70345.63000000,70395.36000000,70185.20000000,70215.00000000,749.52905000,60,60,False
1711868400000,1711872000000,70215.00000000,70340.15000000,70163.45000000,70301.73000000,637.99994000,60,60,False
1711872000000,1711875600000,70301.72000000,70470.00000000,70231.51000000,70266.00000000,670.14748000,60,60,False
1711875600000,1711879200000,70266.00000000,70308.57000000,70147.77000000,70225.32000000,348.08706000,60,60,False
1711879200000,1711882800000,70225.31000000,70312.94000000,70214.52000000,70267.12000000,386.25589000,60,60,False
1711882800000,1711886400000,70267.13000000,70426.47000000,70267.12000000,70369.99000000,569.18945000,60,60,False
1711886400000,1711890000000,70369.99000000,70606.00000000,70340.17000000,70500.00000000,875.34429000,60,60,False
1711890000000,1711893600000,70500.00000000,70759.10000000,70499.99000000,70585.99000000,1135.42895000,60,60,False
1711893600000,1711897200000,70585.99000000,70680.00000000,70442.00000000,70535.48000000,830.86428000,60,60,False
1711897200000,1711900800000,70535.48000000,70535.48000000,70289.72000000,70381.13000000,738.10256000,60,60,False
1711900800000,1711904400000,70381.13000000,70666.00000000,70321.86000000,70469.21000000,762.74413000,60,60,False
1711904400000,1711908000000,70469.21000000,70556.23000000,70440.00000000,70509.11000000,365.12099000,60,60,False
1711908000000,1711911600000,70509.11000000,71227.22000000,70440.49000000,70856.60000000,1636.42274000,60,60,False
1711911600000,1711915200000,70856.61000000,71145.97000000,70647.06000000,71023.50000000,948.18598000,60,60,False
1711915200000,1711918800000,71023.51000000,71119.93000000,70740.00000000,70840.00000000,685.35975000,60,60,False
1711918800000,1711922400000,70840.00000000,70941.17000000,70639.93000000,70856.00000000,732.46953000,60,60,False
1711922400000,1711926000000,70855.99000000,71070.93000000,70840.01000000,70970.00000000,735.39599000,60,60,False
1711926000000,1711929600000,70969.99000000,71366.00000000,70923.91000000,71280.01000000,1514.23003000,60,60,False
1711929600000,1711933200000,71280.00000000,71288.23000000,70844.14000000,71152.86000000,1116.65969000,60,60,False
1711933200000,1711936800000,71152.86000000,71172.08000000,70794.12000000,70819.25000000,882.38745000,60,60,False
1711936800000,1711940400000,70819.26000000,70902.80000000,70759.39000000,70866.98000000,628.48334000,60,60,False
1711940400000,1711944000000,70866.99000000,70880.00000000,70520.51000000,70588.01000000,733.28369000,60,60,False
1711944000000,1711947600000,70588.01000000,70648.83000000,70417.61000000,70429.99000000,749.62684000,60,60,False
1711947600000,1711951200000,70429.98000000,70515.60000000,69000.00000000,69167.48000000,3934.73092000,60,60,False
1711951200000,1711954800000,69167.47000000,69671.64000000,68888.00000000,69614.96000000,3472.40672000,60,60,False
1711954800000,1711958400000,69614.96000000,69786.00000000,69520.00000000,69594.94000000,1599.73414000,60,60,False
1711958400000,1711962000000,69594.94000000,69594.94000000,69165.35000000,69388.64000000,1853.67407000,60,60,False
1711962000000,1711965600000,69388.64000000,69616.65000000,69388.64000000,69395.00000000,995.46884000,60,60,False
1711965600000,1711969200000,69395.00000000,69577.14000000,69280.01000000,69554.01000000,924.22077000,60,60,False
1711969200000,1711972800000,69554.00000000,69799.98000000,69440.00000000,69460.01000000,1012.38114000,60,60,False
1711972800000,1711976400000,69460.00000000,69841.13000000,69400.69000000,69841.13000000,873.57170000,60,60,False
1711976400000,1711980000000,69841.13000000,70080.00000000,69654.22000000,69880.00000000,1739.02271000,60,60,False
1711980000000,1711983600000,69880.00000000,69933.93000000,68611.45000000,68906.07000000,3694.44969000,60,60,False
1711983600000,1711987200000,68906.07000000,69021.66000000,68161.48000000,68237.15000000,4703.86070000,60,60,False
1711987200000,1711990800000,68237.15000000,68784.53000000,68062.86000000,68566.16000000,2144.08693000,60,60,False
1711990800000,1711994400000,68566.17000000,68752.03000000,68201.12000000,68750.01000000,1663.95304000,60,60,False
1711994400000,1711998000000,68750.00000000,68980.25000000,68450.00000000,68927.10000000,1618.87824000,60,60,False
1711998000000,1712001600000,68927.10000000,69816.24000000,68884.91000000,69648.01000000,2915.61918000,60,60,False
1712001600000,1712005200000,69648.01000000,69785.34000000,69327.66000000,69730.06000000,1280.51944000,60,60,False
1712005200000,1712008800000,69730.06000000,69900.00000000,69552.10000000,69586.00000000,1013.73438000,60,60,False
1712008800000,1712012400000,69585.99000000,69853.87000000,69577.96000000,69711.79000000,1228.91818000,60,60,False
1712012400000,1712016000000,69711.80000000,69876.04000000,69634.70000000,69649.80000000,665.64859000,60,60,False
1712016000000,1712019600000,69649.81000000,69674.23000000,69040.00000000,69349.08000000,1454.31705000,60,60,False
1712019600000,1712023200000,69349.08000000,69600.00000000,69250.00000000,69391.12000000,796.88007000,60,60,False
1712023200000,1712026800000,69391.12000000,69417.23000000,66000.00000000,66996.00000000,8824.11958000,60,60,False
1712026800000,1712030400000,66996.01000000,67278.78000000,66509.68000000,66703.97000000,3652.23391000,60,60,False
1712030400000,1712034000000,66703.97000000,66940.00000000,66322.24000000,66592.08000000,2691.12885000,60,60,False
1712034000000,1712037600000,66592.09000000,66835.39000000,66120.75000000,66764.65000000,2534.68227000,60,60,False
1712037600000,1712041200000,66764.64000000,67120.00000000,66700.00000000,66866.97000000,1907.72996000,60,60,False
1712041200000,1712044800000,66866.97000000,66893.10000000,66446.22000000,66455.50000000,1694.86712000,60,60,False
1712044800000,1712048400000,66455.50000000,66705.08000000,66106.58000000,66240.02000000,2077.24037000,60,60,False
1712048400000,1712052000000,66240.02000000,66536.05000000,65746.20000000,66080.74000000,3504.04117000,60,60,False
1712052000000,1712055600000,66080.74000000,66280.00000000,65454.55000000,65984.00000000,2544.54657000,60,60,False
1712055600000,1712059200000,65984.01000000,66037.97000000,65075.00000000,65622.69000000,4910.76911000,60,60,False
1712059200000,1712062800000,65622.69000000,65834.00000000,65130.01000000,65345.59000000,2504.25447000,60,60,False
1712062800000,1712066400000,65345.58000000,65448.84000000,64588.58000000,65224.20000000,5329.13582000,60,60,False
1712066400000,1712070000000,65224.20000000,66249.83000000,65170.00000000,65702.31000000,5243.12798000,60,60,False
1712070000000,1712073600000,65702.31000000,66111.55000000,64666.81000000,64890.00000000,4588.52623000,60,60,False
1712073600000,1712077200000,64889.99000000,65750.00000000,64550.00000000,65543.91000000,3533.76175000,60,60,False
1712077200000,1712080800000,65543.91000000,65680.00000000,65275.42000000,65608.01000000,1846.64237000,60,60,False
1712080800000,1712084400000,65608.02000000,66050.00000000,65386.96000000,65811.01000000,2924.99067000,60,60,False
1712084400000,1712088000000,65811.01000000,66200.00000000,65779.23000000,65914.90000000,3176.02426000,60,60,False
1712088000000,1712091600000,65914.91000000,66120.00000000,65500.98000000,65650.43000000,2576.66574000,60,60,False
1712091600000,1712095200000,65650.42000000,65821.14000000,65200.00000000,65692.78000000,1942.47144000,60,60,False
1712095200000,1712098800000,65692.77000000,65933.76000000,65564.24000000,65815.96000000,773.09406000,60,60,False
1712098800000,1712102400000,65815.96000000,65830.00000000,65360.00000000,65463.99000000,768.57711000,60,60,False
1712102400000,1712106000000,65463.99000000,65610.00000000,64493.07000000,65387.99000000,4115.32826000,60,60,False
1712106000000,1712109600000,65388.00000000,65930.51000000,65090.00000000,65792.43000000,2368.51560000,60,60,False
1712109600000,1712113200000,65792.42000000,66052.00000000,65683.74000000,65906.49000000,1601.22687000,60,60,False
1712113200000,1712116800000,65906.49000000,66288.88000000,65764.00000000,66225.79000000,1266.05890000,60,60,False
1712116800000,1712120400000,66225.79000000,66478.59000000,66120.00000000,66320.41000000,1350.05763000,60,60,False
1712120400000,1712124000000,66320.41000000,66363.64000000,65920.00000000,66077.10000000,1214.21918000,60,60,False
1712124000000,1712127600000,66077.11000000,66377.00000000,66052.00000000,66350.79000000,881.64606000,60,60,False
1712127600000,1712131200000,66350.79000000,66483.87000000,66113.31000000,66135.99000000,1075.88661000,60,60,False
1712131200000,1712134800000,66135.98000000,66642.36000000,65990.00000000,66518.04000000,1982.33146000,60,60,False
1712134800000,1712138400000,66518.05000000,66637.43000000,66333.00000000,66484.58000000,1467.80154000,60,60,False
1712138400000,1712142000000,66484.57000000,66519.79000000,66020.00000000,66197.62000000,1502.92494000,60,60,False
1712142000000,1712145600000,66197.63000000,66224.00000000,65538.06000000,66059.76000000,1536.86632000,60,60,False
1712145600000,1712149200000,66059.75000000,66220.00000000,65729.73000000,65899.99000000,1284.22549000,60,60,False
1712149200000,1712152800000,65900.00000000,66020.83000000,65635.01000000,65804.01000000,1168.07952000,60,60,False
1712152800000,1712156400000,65804.01000000,66903.63000000,65804.00000000,66627.93000000,2936.82332000,60,60,False
1712156400000,1712160000000,66627.93000000,66648.00000000,65715.67000000,65836.01000000,1934.31631000,60,60,False
1712160000000,1712163600000,65836.02000000,66550.00000000,65790.21000000,66194.50000000,1953.60463000,60,60,False
1712163600000,1712167200000,66194.51000000,66376.00000000,65829.87000000,65952.01000000,1113.00368000,60,60,False
1712167200000,1712170800000,65952.00000000,66119.68000000,65451.62000000,66003.07000000,1784.21710000,60,60,False
1712170800000,1712174400000,66003.08000000,66150.00000000,65714.29000000,65784.00000000,1581.17411000,60,60,False
1712174400000,1712178000000,65784.01000000,65840.00000000,65531.92000000,65712.01000000,2058.69155000,60,60,False
1712178000000,1712181600000,65712.00000000,65935.48000000,65476.63000000,65918.71000000,1300.72700000,60,60,False
1712181600000,1712185200000,65918.71000000,66243.05000000,65851.07000000,66140.00000000,1819.95061000,60,60,False
1712185200000,1712188800000,66140.01000000,66297.40000000,65950.00000000,65963.28000000,589.54109000,60,60,False
1712188800000,1712192400000,65963.27000000,66354.83000000,65824.00000000,66288.00000000,827.75629000,60,60,False
1712192400000,1712196000000,66288.00000000,66296.00000000,66020.00000000,66143.99000000,538.36643000,60,60,False
1712196000000,1712199600000,66143.99000000,66152.00000000,65454.55000000,65744.38000000,1570.04260000,60,60,False
1712199600000,1712203200000,65744.38000000,65796.59000000,65542.03000000,65620.01000000,833.96919000,60,60,False
1712203200000,1712206800000,65620.00000000,65699.43000000,65064.52000000,65480.41000000,1613.65293000,60,60,False
1712206800000,1712210400000,65480.41000000,65710.58000000,65384.00000000,65591.57000000,725.26904000,60,60,False
1712210400000,1712214000000,65591.57000000,65814.69000000,65548.67000000,65768.00000000,650.47753000,60,60,False
1712214000000,1712217600000,65768.01000000,66290.32000000,65661.05000000,66091.60000000,1749.91757000,60,60,False
1712217600000,1712221200000,66091.59000000,66435.02000000,66028.00000000,66220.01000000,1001.80238000,60,60,False
1712221200000,1712224800000,66220.02000000,66406.55000000,66172.00000000,66273.37000000,707.28432000,60,60,False
1712224800000,1712228400000,66273.38000000,66468.99000000,66141.27000000,66278.62000000,833.25500000,60,60,False
1712228400000,1712232000000,66278.61000000,66431.34000000,66108.85000000,66353.67000000,886.30026000,60,60,False
1712232000000,1712235600000,66353.68000000,66816.66000000,66330.56000000,66709.00000000,2110.78859000,60,60,False
1712235600000,1712239200000,66709.00000000,67500.00000000,66690.00000000,67242.15000000,3459.83249000,60,60,False
1712239200000,1712242800000,67242.14000000,67927.69000000,67075.70000000,67691.97000000,3384.05973000,60,60,False
1712242800000,1712246400000,67691.98000000,67808.00000000,67428.57000000,67647.99000000,1840.61889000,60,60,False
1712246400000,1712250000000,67648.00000000,68188.00000000,67526.50000000,67807.64000000,2087.67665000,60,60,False
1712250000000,1712253600000,67807.65000000,68896.10000000,67721.41000000,68849.18000000,2272.37867000,60,60,False
1712253600000,1712257200000,68849.18000000,69309.91000000,68510.63000000,68593.50000000,4368.68160000,60,60,False
1712257200000,1712260800000,68593.50000000,69086.23000000,68334.24000000,68500.00000000,2553.96967000,60,60,False
1712260800000,1712264400000,68500.00000000,68551.99000000,67320.00000000,67931.26000000,3868.35856000,60,60,False
1712264400000,1712268000000,67931.26000000,68148.69000000,67495.00000000,67787.90000000,1401.80098000,60,60,False
1712268000000,1712271600000,67787.91000000,68051.94000000,67604.93000000,67937.05000000,737.03732000,60,60,False
1712271600000,1712275200000,67937.06000000,68565.54000000,67889.20000000,68487.79000000,1487.18784000,60,60,False
1712275200000,1712278800000,68487.80000000,68756.67000000,68166.66000000,68606.00000000,1175.08722000,60,60,False
1712278800000,1712282400000,68606.01000000,68615.58000000,67760.93000000,68160.00000000,1670.18970000,60,60,False
1712282400000,1712286000000,68160.00000000,68161.82000000,67435.67000000,67600.00000000,1715.61727000,60,60,False
1712286000000,1712289600000,67599.99000000,68033.33000000,67570.00000000,67863.99000000,1213.46103000,60,60,False
1712289600000,1712293200000,67864.00000000,68028.00000000,67450.01000000,67647.99000000,1133.66513000,60,60,False
1712293200000,1712296800000,67648.00000000,67750.99000000,66380.00000000,66888.04000000,2488.49304000,60,60,False
1712296800000,1712300400000,66888.03000000,67179.56000000,66770.86000000,67140.56000000,1020.72921000,60,60,False
1712300400000,1712304000000,67140.56000000,67144.55000000,66832.50000000,66930.74000000,1015.32190000,60,60,False
1712304000000,1712307600000,66930.75000000,67684.26000000,66917.74000000,67151.21000000,1465.32326000,60,60,False
1712307600000,1712311200000,67151.20000000,67151.21000000,66383.01000000,66805.98000000,1896.92624000,60,60,False
1712311200000,1712314800000,66805.99000000,67213.84000000,66708.01000000,67034.65000000,1184.71947000,60,60,False
1712314800000,1712318400000,67034.66000000,67087.98000000,66388.00000000,66478.00000000,1373.76533000,60,60,False
1712318400000,1712322000000,66478.00000000,66888.00000000,65952.56000000,66883.99000000,3678.85999000,60,60,False
1712322000000,1712325600000,66883.99000000,67589.61000000,66524.18000000,67500.00000000,2645.03909000,60,60,False
1712325600000,1712329200000,67500.01000000,68566.66000000,67314.11000000,68139.39000000,3816.29678000,60,60,False
1712329200000,1712332800000,68139.39000000,68268.14000000,67628.20000000,68190.62000000,1640.95515000,60,60,False
1712332800000,1712336400000,68190.62000000,68380.00000000,67680.00000000,67953.80000000,1475.64352000,60,60,False
1712336400000,1712340000000,67953.79000000,67986.83000000,67358.93000000,67442.49000000,1069.21575000,60,60,False
1712340000000,1712343600000,67442.49000000,67729.54000000,67316.00000000,67629.02000000,1385.22601000,60,60,False
1712343600000,1712347200000,67629.01000000,68096.00000000,67382.60000000,67412.40000000,2134.09921000,60,60,False
1712347200000,1712350800000,67412.41000000,67758.04000000,67342.00000000,67643.48000000,913.59767000,60,60,False
1712350800000,1712354400000,67643.48000000,67838.07000000,67515.44000000,67515.45000000,657.73746000,60,60,False
1712354400000,1712358000000,67515.44000000,67843.55000000,67503.31000000,67628.53000000,582.37176000,60,60,False
1712358000000,1712361600000,67628.53000000,67966.67000000,67628.52000000,67820.62000000,562.88954000,60,60,False
1712361600000,1712365200000,67820.63000000,68065.20000000,67686.23000000,67900.57000000,864.08882000,60,60,False
1712365200000,1712368800000,67900.56000000,67977.73000000,67643.47000000,67689.99000000,752.97272000,60,60,False
1712368800000,1712372400000,67689.99000000,67765.77000000,67447.83000000,67574.59000000,1037.00772000,60,60,False
1712372400000,1712376000000,67574.60000000,67882.50000000,67574.59000000,67788.01000000,522.70715000,60,60,False
1712376000000,1712379600000,67788.00000000,67819.13000000,67602.00000000,67735.84000000,571.42809000,60,60,False
1712379600000,1712383200000,67735.84000000,68232.14000000,67720.17000000,68038.74000000,1113.53981000,60,60,False
1712383200000,1712386800000,68038.75000000,68162.90000000,67845.20000000,68109.42000000,581.55984000,60,60,False
1712386800000,1712390400000,68109.43000000,68189.33000000,67940.54000000,67992.02000000,803.90434000,60,60,False
1712390400000,1712394000000,67992.02000000,68106.88000000,67859.53000000,68012.14000000,775.39042000,60,60,False
1712394000000,1712397600000,68012.15000000,68120.00000000,67747.86000000,67792.00000000,856.29225000,60,60,False
1712397600000,1712401200000,67792.00000000,67886.37000000,67714.72000000,67842.17000000,503.36071000,60,60,False
1712401200000,1712404800000,67842.18000000,67904.35000000,67615.22000000,67668.16000000,507.81819000,60,60,False
1712404800000,1712408400000,67668.16000000,67796.69000000,67582.30000000,67738.37000000,768.19390000,60,60,False
1712408400000,1712412000000,67738.36000000,67745.13000000,67527.78000000,67699.99000000,679.92389000,60,60,False
1712412000000,1712415600000,67700.00000000,68109.13000000,67684.00000000,67993.99000000,890.76678000,60,60,False
1712415600000,1712419200000,67994.00000000,68299.00000000,67896.48000000,68104.00000000,1229.38347000,60,60,False
1712419200000,1712422800000,68104.01000000,68174.00000000,67948.83000000,68143.48000000,592.98858000,60,60,False
1712422800000,1712426400000,68143.48000000,68484.09000000,68039.94000000,68287.30000000,819.79599000,60,60,False
1712426400000,1712430000000,68287.30000000,68379.82000000,68163.62000000,68307.28000000,456.49398000,60,60,False
1712430000000,1712433600000,68307.28000000,68415.00000000,68218.00000000,68259.98000000,493.84003000,60,60,False
1712433600000,1712437200000,68259.99000000,68395.00000000,68166.66000000,68390.00000000,437.40109000,60,60,False
1712437200000,1712440800000,68390.00000000,68434.88000000,68298.82000000,68299.65000000,565.49843000,60,60,False
1712440800000,1712444400000,68299.65000000,69101.00000000,68286.33000000,69056.00000000,1866.64982000,60,60,False
1712444400000,1712448000000,69056.00000000,69692.00000000,68800.00000000,68896.00000000,2443.28317000,60,60,False
1712448000000,1712451600000,68896.00000000,69150.00000000,68824.00000000,68999.99000000,711.73347000,60,60,False
1712451600000,1712455200000,68999.99000000,69655.16000000,68998.57000000,69541.65000000,1393.28874000,60,60,False
1712455200000,1712458800000,69541.65000000,69777.00000000,69300.00000000,69300.00000000,1170.74387000,60,60,False
1712458800000,1712462400000,69300.01000000,69510.00000000,69250.00000000,69408.05000000,794.54542000,60,60,False
1712462400000,1712466000000,69408.04000000,69493.98000000,69053.97000000,69304.44000000,765.60294000,60,60,False
1712466000000,1712469600000,69304.44000000,69464.00000000,69267.07000000,69397.76000000,471.13373000,60,60,False
1712469600000,1712473200000,69397.76000000,69414.87000000,69110.81000000,69244.09000000,570.38760000,60,60,False
1712473200000,1712476800000,69244.08000000,69482.44000000,69213.84000000,69364.01000000,699.71269000,60,60,False
1712476800000,1712480400000,69364.00000000,69555.00000000,69333.72000000,69479.99000000,790.46725000,60,60,False
1712480400000,1712484000000,69479.99000000,69493.25000000,69199.01000000,69289.99000000,682.01068000,60,60,False
1712484000000,1712487600000,69290.00000000,69495.15000000,69236.00000000,69328.14000000,479.75183000,60,60,False
1712487600000,1712491200000,69328.14000000,69407.72000000,69200.00000000,69357.00000000,456.74728000,60,60,False
1712491200000,1712494800000,69357.00000000,69415.59000000,69210.00000000,69335.99000000,537.54178000,60,60,False
1712494800000,1712498400000,69336.00000000,69550.00000000,69285.71000000,69349.93000000,672.01675000,60,60,False
1712498400000,1712502000000,69349.93000000,69664.67000000,69220.00000000,69578.44000000,900.17727000,60,60,False
1712502000000,1712505600000,69578.44000000,69886.03000000,69360.44000000,69543.74000000,1399.12074000,60,60,False
1712505600000,1712509200000,69543.73000000,70326.29000000,69483.90000000,70074.00000000,2841.73986000,60,60,False
1712509200000,1712512800000,70074.01000000,70112.00000000,69658.19000000,69798.01000000,1069.84594000,60,60,False
1712512800000,1712516400000,69798.02000000,69828.00000000,69234.14000000,69390.01000000,1027.88794000,60,60,False
1712516400000,1712520000000,69390.01000000,69508.71000000,68849.77000000,69068.01000000,1426.15758000,60,60,False
1712520000000,1712523600000,69068.01000000,69403.70000000,68960.01000000,69309.69000000,604.64834000,60,60,False
1712523600000,1712527200000,69309.70000000,69413.10000000,69031.29000000,69031.30000000,483.16273000,60,60,False
1712527200000,1712530800000,69031.30000000,69344.40000000,68901.00000000,69200.00000000,699.97793000,60,60,False
1712530800000,1712534400000,69200.00000000,69477.18000000,69188.05000000,69360.39000000,886.34197000,60,60,False
1712534400000,1712538000000,69360.38000000,69432.00000000,69043.24000000,69325.99000000,711.34576000,60,60,False
1712538000000,1712541600000,69326.00000000,69841.03000000,69285.70000000,69437.02000000,927.56850000,60,60,False
1712541600000,1712545200000,69437.03000000,69437.03000000,69126.36000000,69228.00000000,627.63335000,60,60,False
1712545200000,1712548800000,69228.00000000,69500.00000000,69134.99000000,69458.95000000,517.01586000,60,60,False
1712548800000,1712552400000,69458.95000000,69500.00000000,69280.00000000,69382.00000000,358.18285000,60,60,False
1712552400000,1712556000000,69382.01000000,69801.00000000,69382.00000000,69701.99000000,644.21026000,60,60,False
1712556000000,1712559600000,69702.00000000,69818.04000000,69632.73000000,69790.29000000,689.06081000,60,60,False
1712559600000,1712563200000,69790.29000000,70850.00000000,69790.28000000,70698.63000000,4052.43625000,60,60,False
1712563200000,1712566800000,70698.64000000,72111.99000000,70642.00000000,71968.00000000,6618.95587000,60,60,False
1712566800000,1712570400000,71968.00000000,72650.00000000,71650.32000000,72197.25000000,5364.63217000,60,60,False
1712570400000,1712574000000,72197.26000000,72374.00000000,71792.06000000,72323.98000000,2864.57420000,60,60,False
1712574000000,1712577600000,72323.99000000,72647.86000000,72218.27000000,72404.00000000,2735.39030000,60,60,False
1712577600000,1712581200000,72404.00000000,72797.99000000,72137.48000000,72180.02000000,3473.21370000,60,60,False
1712581200000,1712584800000,72180.01000000,72310.01000000,71691.35000000,71944.31000000,2849.00307000,60,60,False
1712584800000,1712588400000,71944.31000000,71985.38000000,71245.17000000,71726.00000000,3300.86317000,60,60,False
1712588400000,1712592000000,71725.99000000,71987.00000000,71598.45000000,71773.98000000,1771.16688000,60,60,False
1712592000000,1712595600000,71773.98000000,72021.56000000,71556.53000000,71740.10000000,1315.49299000,60,60,False
1712595600000,1712599200000,71740.10000000,71800.00000000,71300.00000000,71699.23000000,1275.99193000,60,60,False
1712599200000,1712602800000,71699.23000000,72104.05000000,71672.34000000,71908.61000000,1082.45857000,60,60,False
1712602800000,1712606400000,71908.60000000,71973.60000000,71564.51000000,71766.00000000,1535.56493000,60,60,False
1712606400000,1712610000000,71766.00000000,71818.77000000,71500.37000000,71711.99000000,999.79853000,60,60,False
1712610000000,1712613600000,71711.98000000,71900.00000000,71628.01000000,71692.01000000,660.04808000,60,60,False
1712613600000,1712617200000,71692.01000000,71960.00000000,71599.90000000,71916.09000000,641.99085000,60,60,False
1712617200000,1712620800000,71916.08000000,72000.00000000,71610.01000000,71620.00000000,707.27736000,60,60,False
1712620800000,1712624400000,71620.00000000,71758.19000000,71320.01000000,71419.99000000,956.13499000,60,60,False
1712624400000,1712628000000,71420.00000000,71439.80000000,70833.33000000,71275.46000000,1696.79955000,60,60,False
1712628000000,1712631600000,71275.45000000,71618.95000000,71156.77000000,71477.44000000,784.59893000,60,60,False
1712631600000,1712635200000,71477.44000000,71641.97000000,71186.02000000,71285.00000000,854.25669000,60,60,False
1712635200000,1712638800000,71285.00000000,71339.79000000,70917.20000000,71208.01000000,982.08185000,60,60,False
1712638800000,1712642400000,71208.02000000,71323.66000000,70957.00000000,71056.00000000,803.13804000,60,60,False
1712642400000,1712646000000,71055.99000000,71265.47000000,70560.00000000,70765.69000000,1708.51726000,60,60,False
1712646000000,1712649600000,70765.70000000,70940.90000000,70110.00000000,70383.99000000,2696.62190000,60,60,False
1712649600000,1712653200000,70383.98000000,70600.00000000,69576.61000000,70500.01000000,3161.35314000,60,60,False
1712653200000,1712656800000,70500.01000000,70860.65000000,70256.98000000,70392.18000000,1396.11493000,60,60,False
1712656800000,1712660400000,70392.18000000,70697.04000000,70234.99000000,70566.64000000,1251.14011000,60,60,False
1712660400000,1712664000000,70566.63000000,70905.26000000,70566.63000000,70794.85000000,1164.05878000,60,60,False
1712664000000,1712667600000,70794.84000000,70977.00000000,70654.38000000,70690.00000000,1369.09848000,60,60,False
1712667600000,1712671200000,70690.00000000,70920.00000000,69921.62000000,69928.00000000,2320.93526000,60,60,False
1712671200000,1712674800000,69928.00000000,70429.04000000,68611.00000000,69358.32000000,5575.38122000,60,60,False
1712674800000,1712678400000,69358.32000000,69360.00000000,68535.03000000,69264.00000000,2890.83319000,60,60,False
1712678400000,1712682000000,69264.00000000,69320.00000000,68516.15000000,68601.24000000,2409.92797000,60,60,False
1712682000000,1712685600000,68601.25000000,68962.43000000,68210.00000000,68823.99000000,2349.39623000,60,60,False
1712685600000,1712689200000,68823.99000000,69025.89000000,68769.79000000,68879.23000000,844.48608000,60,60,False
1712689200000,1712692800000,68879.22000000,69174.00000000,68656.08000000,69000.77000000,1039.09661000,60,60,False
1712692800000,1712696400000,69000.78000000,69208.20000000,68962.31000000,69171.19000000,793.03996000,60,60,False
1712696400000,1712700000000,69171.18000000,69250.00000000,68935.64000000,69213.83000000,662.49907000,60,60,False
1712700000000,1712703600000,69213.83000000,69439.60000000,69144.59000000,69325.65000000,648.41501000,60,60,False
1712703600000,1712707200000,69325.64000000,69332.00000000,68888.47000000,69146.00000000,935.97717000,60,60,False
1712707200000,1712710800000,69146.00000000,69304.26000000,69025.97000000,69138.81000000,715.56915000,60,60,False
1712710800000,1712714400000,69138.81000000,69269.76000000,68603.92000000,69269.75000000,1275.36787000,60,60,False
1712714400000,1712718000000,69269.75000000,69594.15000000,68466.63000000,68651.98000000,1636.05293000,60,60,False
1712718000000,1712721600000,68651.98000000,69180.00000000,68625.61000000,69150.18000000,913.59608000,60,60,False
1712721600000,1712725200000,69150.18000000,69199.99000000,69005.55000000,69134.33000000,664.06061000,60,60,False
1712725200000,1712728800000,69134.34000000,69414.20000000,69121.35000000,69255.82000000,860.44791000,60,60,False
1712728800000,1712732400000,69255.82000000,69479.80000000,69227.62000000,69369.25000000,548.02237000,60,60,False
1712732400000,1712736000000,69369.25000000,69515.00000000,69268.47000000,69336.28000000,570.97164000,60,60,False
1712736000000,1712739600000,69336.27000000,69336.28000000,68800.00000000,69011.92000000,1650.45776000,60,60,False
1712739600000,1712743200000,69011.92000000,69171.75000000,68902.43000000,69139.20000000,642.38466000,60,60,False
1712743200000,1712746800000,69139.19000000,69180.00000000,68629.99000000,68932.01000000,1609.82407000,60,60,False
1712746800000,1712750400000,68932.01000000,69132.61000000,68853.83000000,69043.00000000,906.73349000,60,60,False
1712750400000,1712754000000,69043.00000000,69204.28000000,67559.99000000,67976.00000000,5516.60171000,60,60,False
1712754000000,1712757600000,67975.99000000,68313.10000000,67518.00000000,68259.77000000,3072.05611000,60,60,False
1712757600000,1712761200000,68259.77000000,68974.58000000,68009.94000000,68703.05000000,3478.03076000,60,60,False
1712761200000,1712764800000,68703.04000000,68760.71000000,68264.00000000,68657.32000000,1682.31921000,60,60,False
1712764800000,1712768400000,68657.31000000,69536.00000000,68556.00000000,69500.00000000,3187.58870000,60,60,False
1712768400000,1712772000000,69499.99000000,69910.96000000,69142.81000000,69350.11000000,2312.62275000,60,60,False
1712772000000,1712775600000,69350.10000000,69411.34000000,69071.00000000,69314.33000000,1412.90652000,60,60,False
1712775600000,1712779200000,69314.33000000,70098.89000000,69219.14000000,70083.99000000,2385.51575000,60,60,False
1712779200000,1712782800000,70084.00000000,70136.00000000,69740.00000000,69812.01000000,1217.11763000,60,60,False
1712782800000,1712786400000,69812.01000000,70036.81000000,69581.03000000,70017.00000000,1101.47126000,60,60,False
1712786400000,1712790000000,70017.01000000,71172.08000000,70017.00000000,70528.00000000,3828.13230000,60,60,False
1712790000000,1712793600000,70528.00000000,70799.99000000,70488.38000000,70631.08000000,818.17253000,60,60,False
1712793600000,1712797200000,70631.08000000,70663.21000000,70285.13000000,70520.01000000,1005.36439000,60,60,False
1712797200000,1712800800000,70520.00000000,70760.00000000,70469.12000000,70553.28000000,1032.83936000,60,60,False
1712800800000,1712804400000,70553.28000000,71062.00000000,70500.00000000,70995.66000000,1289.73952000,60,60,False
1712804400000,1712808000000,70995.66000000,71027.99000000,70773.58000000,70851.67000000,685.78169000,60,60,False
1712808000000,1712811600000,70851.66000000,70888.35000000,70378.11000000,70604.01000000,885.62645000,60,60,False
1712811600000,1712815200000,70604.01000000,70680.00000000,70444.00000000,70583.99000000,564.78247000,60,60,False
1712815200000,1712818800000,70583.99000000,70848.76000000,70564.00000000,70717.82000000,790.52112000,60,60,False
1712818800000,1712822400000,70717.81000000,71305.89000000,70717.81000000,70735.99000000,1536.14398000,60,60,False
1712822400000,1712826000000,70736.00000000,71256.27000000,70617.25000000,71039.39000000,1438.77840000,60,60,False
1712826000000,1712829600000,71039.40000000,71053.61000000,70596.43000000,70604.00000000,1062.48344000,60,60,False
1712829600000,1712833200000,70604.00000000,70785.05000000,70421.56000000,70459.99000000,930.42306000,60,60,False
1712833200000,1712836800000,70460.00000000,70596.00000000,69881.31000000,69983.16000000,1719.91629000,60,60,False
1712836800000,1712840400000,69983.16000000,71100.00000000,69867.76000000,70858.83000000,3246.16925000,60,60,False
1712840400000,1712844000000,70858.82000000,70988.00000000,69669.75000000,70284.00000000,3997.21616000,60,60,False
1712844000000,1712847600000,70284.01000000,70350.01000000,69584.00000000,69600.54000000,2570.16521000,60,60,False
1712847600000,1712851200000,69600.55000000,70026.25000000,69567.21000000,70000.00000000,1533.57964000,60,60,False
1712851200000,1712854800000,70000.00000000,70133.17000000,69574.88000000,70011.99000000,1332.97941000,60,60,False
1712854800000,1712858400000,70011.99000000,70446.03000000,70000.00000000,70203.99000000,1215.82138000,60,60,False
1712858400000,1712862000000,70203.99000000,70429.32000000,69951.18000000,70099.75000000,897.90056000,60,60,False
1712862000000,1712865600000,70099.75000000,70529.73000000,70008.00000000,70459.67000000,1127.66947000,60,60,False
1712865600000,1712869200000,70459.67000000,70746.09000000,70383.80000000,70499.62000000,1202.78100000,60,60,False
1712869200000,1712872800000,70499.63000000,70504.99000000,70000.00000000,70115.41000000,814.56488000,60,60,False
1712872800000,1712876400000,70115.41000000,70259.46000000,70033.52000000,70151.26000000,515.91319000,60,60,False
1712876400000,1712880000000,70151.26000000,70196.00000000,69804.87000000,70006.23000000,520.09563000,60,60,False
1712880000000,1712883600000,70006.22000000,70336.38000000,70002.22000000,70301.63000000,766.09927000,60,60,False
1712883600000,1712887200000,70301.63000000,70367.29000000,70113.60000000,70280.01000000,420.86936000,60,60,False
1712887200000,1712890800000,70280.01000000,70775.00000000,70208.73000000,70635.93000000,854.84856000,60,60,False
1712890800000,1712894400000,70635.92000000,70996.91000000,70635.92000000,70977.27000000,2503.35674000,60,60,False
1712894400000,1712898000000,70977.27000000,71227.46000000,70812.56000000,71115.99000000,981.71837000,60,60,False
1712898000000,1712901600000,71116.00000000,71175.99000000,70887.72000000,70956.32000000,713.78496000,60,60,False
1712901600000,1712905200000,70956.32000000,71012.00000000,70713.70000000,70871.05000000,643.62163000,60,60,False
1712905200000,1712908800000,70871.04000000,70967.92000000,70566.02000000,70764.01000000,1348.37882000,60,60,False
1712908800000,1712912400000,70764.00000000,70893.58000000,70582.52000000,70759.99000000,1004.79268000,60,60,False
1712912400000,1712916000000,70759.99000000,70863.51000000,70509.58000000,70652.00000000,1217.79727000,60,60,False
1712916000000,1712919600000,70652.00000000,70868.00000000,70601.23000000,70786.40000000,811.43225000,60,60,False
1712919600000,1712923200000,70786.41000000,70972.00000000,70760.01000000,70904.01000000,894.03242000,60,60,False
1712923200000,1712926800000,70904.00000000,70975.54000000,70323.96000000,70534.24000000,1640.42822000,60,60,False
1712926800000,1712930400000,70534.23000000,70534.24000000,69631.06000000,69888.00000000,2931.86107000,60,60,False
1712930400000,1712934000000,69888.00000000,70090.55000000,69236.95000000,69270.01000000,3664.55336000,60,60,False
1712934000000,1712937600000,69270.02000000,69718.35000000,69248.33000000,69347.30000000,2431.83907000,60,60,False
1712937600000,1712941200000,69347.30000000,69580.00000000,68679.61000000,68840.54000000,3977.93424000,60,60,False
1712941200000,1712944800000,68840.54000000,68960.00000000,67444.00000000,68140.02000000,6511.37870000,60,60,False
1712944800000,1712948400000,68140.01000000,68383.63000000,65086.86000000,66492.00000000,10945.83460000,60,60,False
1712948400000,1712952000000,66492.00000000,67335.22000000,66329.19000000,66843.98000000,4771.42177000,60,60,False
1712952000000,1712955600000,66843.98000000,67440.00000000,66700.00000000,67120.00000000,2773.54975000,60,60,False
1712955600000,1712959200000,67119.99000000,67128.64000000,66680.84000000,66960.01000000,1632.06929000,60,60,False
1712959200000,1712962800000,66960.00000000,67270.53000000,66828.01000000,67053.33000000,1301.73596000,60,60,False
1712962800000,1712966400000,67053.33000000,67230.19000000,66812.00000000,67116.52000000,1329.52393000,60,60,False
1712966400000,1712970000000,67116.52000000,67142.86000000,66737.64000000,66913.27000000,1313.37120000,60,60,False
1712970000000,1712973600000,66913.27000000,66928.00000000,65731.27000000,65886.63000000,3105.40601000,60,60,False
1712973600000,1712977200000,65886.64000000,66593.41000000,65871.49000000,66535.99000000,1855.81733000,60,60,False
1712977200000,1712980800000,66536.00000000,67168.00000000,66483.87000000,67160.55000000,1472.46102000,60,60,False
1712980800000,1712984400000,67160.55000000,67929.00000000,67012.67000000,67587.62000000,2173.96631000,60,60,False
1712984400000,1712988000000,67587.63000000,67907.84000000,67300.30000000,67345.48000000,1872.75397000,60,60,False
1712988000000,1712991600000,67345.48000000,67511.00000000,67258.63000000,67476.02000000,841.42651000,60,60,False
1712991600000,1712995200000,67476.01000000,67563.66000000,67120.87000000,67446.52000000,988.19621000,60,60,False
1712995200000,1712998800000,67446.53000000,67455.00000000,67090.83000000,67176.00000000,948.41034000,60,60,False
1712998800000,1713002400000,67175.99000000,67475.00000000,67136.14000000,67393.85000000,839.66965000,60,60,False
1713002400000,1713006000000,67393.84000000,67480.20000000,67311.77000000,67428.25000000,614.53458000,60,60,False
1713006000000,1713009600000,67428.25000000,67825.91000000,67302.93000000,67360.00000000,973.53640000,60,60,False
1713009600000,1713013200000,67360.01000000,67679.99000000,67169.97000000,67514.69000000,883.82838000,60,60,False
1713013200000,1713016800000,67514.70000000,67774.20000000,67450.54000000,67552.03000000,798.83221000,60,60,False
1713016800000,1713020400000,67552.02000000,67720.00000000,67369.67000000,67559.56000000,747.94807000,60,60,False
1713020400000,1713024000000,67559.57000000,67926.00000000,67437.80000000,67676.00000000,1023.55800000,60,60,False
1713024000000,1713027600000,67675.99000000,67752.85000000,67224.00000000,67432.37000000,1247.39850000,60,60,False
1713027600000,1713031200000,67432.38000000,67437.56000000,66500.00000000,66730.87000000,2962.16593000,60,60,False
1713031200000,1713034800000,66730.86000000,67243.47000000,66444.00000000,67156.27000000,2158.31780000,60,60,False
1713034800000,1713038400000,67156.27000000,67241.55000000,63750.01000000,64788.01000000,5809.08901000,60,60,False
1713038400000,1713042000000,64788.01000000,64853.90000000,60660.57000000,61816.02000000,20264.97307000,60,60,False
1713042000000,1713045600000,61816.01000000,62959.48000000,61693.00000000,62928.01000000,6673.69922000,60,60,False
1713045600000,1713049200000,62928.00000000,64615.38000000,62118.56000000,64293.46000000,6041.25271000,60,60,False
1713049200000,1713052800000,64293.47000000,65608.09000000,63651.15000000,63924.51000000,5784.60776000,60,60,False
1713052800000,1713056400000,63924.52000000,64303.87000000,62888.00000000,63672.18000000,4986.76877000,60,60,False
1713056400000,1713060000000,63672.19000000,64085.70000000,63248.70000000,63743.11000000,2711.46781000,60,60,False
1713060000000,1713063600000,63743.10000000,63953.75000000,63016.23000000,63084.18000000,2450.49110000,60,60,False
1713063600000,1713067200000,63084.18000000,63576.36000000,62134.00000000,63437.55000000,4287.15479000,60,60,False
1713067200000,1713070800000,63437.55000000,64176.46000000,63394.00000000,63956.99000000,2850.24367000,60,60,False
1713070800000,1713074400000,63957.00000000,64466.00000000,63921.00000000,64383.99000000,2309.98164000,60,60,False
1713074400000,1713078000000,64384.00000000,64872.96000000,64107.09000000,64649.96000000,2456.01877000,60,60,False
1713078000000,1713081600000,64649.97000000,64837.07000000,64243.65000000,64464.30000000,2051.12833000,60,60,False
1713081600000,1713085200000,64464.30000000,64887.99000000,64372.04000000,64530.67000000,1836.48316000,60,60,False
1713085200000,1713088800000,64530.67000000,64721.65000000,63908.31000000,64134.19000000,2179.75735000,60,60,False
1713088800000,1713092400000,64134.18000000,64659.80000000,64134.18000000,64457.23000000,1408.27273000,60,60,False
1713092400000,1713096000000,64457.23000000,64591.44000000,63855.45000000,64166.05000000,1918.40990000,60,60,False
1713096000000,1713099600000,64166.05000000,64848.49000000,64069.79000000,64525.25000000,1927.78743000,60,60,False
1713099600000,1713103200000,64525.25000000,64845.37000000,64346.00000000,64373.42000000,1690.70103000,60,60,False
1713103200000,1713106800000,64373.43000000,64400.00000000,63437.55000000,63918.01000000,5366.69865000,60,60,False
1713106800000,1713110400000,63918.02000000,64475.37000000,63900.00000000,64180.97000000,1593.46490000,60,60,False
1713110400000,1713114000000,64180.98000000,64747.25000000,64126.03000000,64412.37000000,1458.37622000,60,60,False
1713114000000,1713117600000,64412.38000000,64580.01000000,62573.66000000,63868.58000000,5806.56587000,60,60,False
1713117600000,1713121200000,63868.57000000,64695.40000000,63757.00000000,64397.67000000,2000.50410000,60,60,False
1713121200000,1713124800000,64397.67000000,64474.23000000,63940.30000000,64168.62000000,1173.81682000,60,60,False
1713124800000,1713128400000,64168.62000000,64350.00000000,63699.20000000,63842.36000000,1314.47247000,60,60,False
1713128400000,1713132000000,63842.35000000,63848.49000000,63326.42000000,63682.15000000,1243.34830000,60,60,False
1713132000000,1713135600000,63682.15000000,65463.56000000,63641.79000000,65330.30000000,4193.38241000,60,60,False
1713135600000,1713139200000,65330.29000000,65840.00000000,65057.01000000,65661.84000000,2383.88196000,60,60,False
1713139200000,1713142800000,65661.85000000,65867.45000000,65283.11000000,65485.23000000,2438.29742000,60,60,False
1713142800000,1713146400000,65485.22000000,65706.53000000,65042.98000000,65275.62000000,1498.85105000,60,60,False
1713146400000,1713150000000,65275.63000000,65361.47000000,64937.01000000,65129.74000000,1415.78066000,60,60,False
1713150000000,1713153600000,65129.73000000,65323.77000000,65030.88000000,65138.19000000,868.20744000,60,60,False
1713153600000,1713157200000,65138.20000000,65170.22000000,64683.01000000,64906.14000000,1243.69851000,60,60,False
1713157200000,1713160800000,64906.13000000,65512.20000000,64903.60000000,65466.74000000,1223.27993000,60,60,False
1713160800000,1713164400000,65466.73000000,66558.78000000,65355.45000000,66463.63000000,3993.62884000,60,60,False
1713164400000,1713168000000,66463.63000000,66582.84000000,66151.41000000,66263.84000000,2429.09898000,60,60,False
1713168000000,1713171600000,66263.84000000,66457.88000000,66064.48000000,66287.21000000,1624.73611000,60,60,False
1713171600000,1713175200000,66287.22000000,66867.07000000,66119.12000000,66578.39000000,2117.72983000,60,60,False
1713175200000,1713178800000,66578.39000000,66646.18000000,66378.03000000,66465.56000000,1177.63858000,60,60,False
1713178800000,1713182400000,66465.57000000,66720.64000000,65807.25000000,65860.12000000,1675.54342000,60,60,False
1713182400000,1713186000000,65860.12000000,66243.12000000,65797.73000000,66028.17000000,1298.08339000,60,60,False
1713186000000,1713189600000,66028.17000000,66399.00000000,65684.65000000,65865.77000000,1931.80935000,60,60,False
1713189600000,1713193200000,65865.78000000,65977.00000000,64183.99000000,64235.24000000,4647.76108000,60,60,False
1713193200000,1713196800000,64235.25000000,64792.88000000,63810.00000000,64568.81000000,4020.12521000,60,60,False
1713196800000,1713200400000,64568.80000000,64868.28000000,63892.88000000,64148.61000000,2858.50528000,60,60,False
1713200400000,1713204000000,64148.61000000,64745.20000000,63310.99000000,63908.48000000,3464.22244000,60,60,False
1713204000000,1713207600000,63908.48000000,64060.34000000,63111.00000000,63170.87000000,2962.24244000,60,60,False
1713207600000,1713211200000,63170.86000000,63632.50000000,62274.40000000,63301.11000000,3914.29310000,60,60,False
1713211200000,1713214800000,63301.11000000,63633.02000000,62942.82000000,63112.96000000,1584.37768000,60,60,False
1713214800000,1713218400000,63112.96000000,63474.55000000,62632.00000000,63262.94000000,1529.66816000,60,60,False
1713218400000,1713222000000,63262.94000000,63527.31000000,62700.00000000,63459.98000000,1505.56960000,60,60,False
1713222000000,1713225600000,63459.98000000,63558.00000000,63179.21000000,63419.99000000,966.38219000,60,60,False
1713225600000,1713229200000,63419.99000000,63719.98000000,62933.33000000,63254.74000000,1479.35259000,60,60,False
1713229200000,1713232800000,63254.74000000,63899.69000000,63089.00000000,63147.50000000,1456.15878000,60,60,False
1713232800000,1713236400000,63147.50000000,63500.00000000,62750.00000000,63401.55000000,1641.76074000,60,60,False
1713236400000,1713240000000,63401.56000000,63554.99000000,62799.32000000,62956.00000000,2202.78617000,60,60,False
1713240000000,1713243600000,62956.00000000,63029.13000000,61680.00000000,62487.00000000,5234.71526000,60,60,False
1713243600000,1713247200000,62487.00000000,62888.00000000,62366.44000000,62700.41000000,2051.35297000,60,60,False
1713247200000,1713250800000,62700.41000000,63254.88000000,62636.73000000,63195.12000000,1437.52969000,60,60,False
1713250800000,1713254400000,63195.13000000,63800.00000000,63104.40000000,63516.19000000,2170.11387000,60,60,False
1713254400000,1713258000000,63516.18000000,63660.00000000,63077.02000000,63288.48000000,1439.41716000,60,60,False
1713258000000,1713261600000,63288.48000000,63578.34000000,63198.67000000,63242.19000000,1075.71914000,60,60,False
1713261600000,1713265200000,63242.18000000,63340.66000000,61600.00000000,62559.23000000,4936.56633000,60,60,False
1713265200000,1713268800000,62559.22000000,63269.95000000,62366.44000000,63094.77000000,2109.01644000,60,60,False
1713268800000,1713272400000,63094.76000000,63422.97000000,62811.87000000,63047.89000000,1660.66437000,60,60,False
1713272400000,1713276000000,63047.88000000,63342.52000000,62136.28000000,62692.41000000,3781.34816000,60,60,False
1713276000000,1713279600000,62692.41000000,63100.00000000,62020.01000000,62092.13000000,3037.24232000,60,60,False
1713279600000,1713283200000,62092.12000000,62415.00000000,61735.42000000,61762.20000000,2896.47019000,60,60,False
1713283200000,1713286800000,61762.19000000,62730.90000000,61694.02000000,62730.90000000,3015.83364000,60,60,False
1713286800000,1713290400000,62730.89000000,63280.75000000,62282.01000000,62490.36000000,3249.92371000,60,60,False
1713290400000,1713294000000,62490.37000000,63041.85000000,62427.24000000,63003.92000000,2239.26800000,60,60,False
1713294000000,1713297600000,63003.93000000,63094.80000000,62648.26000000,62721.43000000,1434.35244000,60,60,False
1713297600000,1713301200000,62721.43000000,63050.00000000,62555.00000000,63019.72000000,837.75286000,60,60,False
1713301200000,1713304800000,63019.73000000,64365.00000000,62973.83000000,64007.12000000,2427.39890000,60,60,False
1713304800000,1713308400000,64007.11000000,64080.00000000,63613.71000000,63782.57000000,973.60883000,60,60,False
1713308400000,1713312000000,63782.56000000,63876.64000000,63623.32000000,63793.39000000,646.94075000,60,60,False
1713312000000,1713315600000,63793.40000000,64239.67000000,63581.16000000,64022.59000000,1510.48144000,60,60,False
1713315600000,1713319200000,64022.60000000,64048.79000000,63615.00000000,64017.64000000,878.04151000,60,60,False
1713319200000,1713322800000,64017.64000000,64295.00000000,63694.28000000,63840.08000000,1415.68284000,60,60,False
1713322800000,1713326400000,63840.09000000,64067.41000000,63733.92000000,63842.02000000,603.89544000,60,60,False
1713326400000,1713330000000,63842.03000000,64247.55000000,63672.26000000,64101.11000000,926.51971000,60,60,False
1713330000000,1713333600000,64101.11000000,64499.00000000,63827.72000000,63928.01000000,1262.90670000,60,60,False
1713333600000,1713337200000,63928.01000000,64000.00000000,63735.20000000,63880.92000000,1050.03470000,60,60,False
1713337200000,1713340800000,63880.92000000,63935.56000000,63181.81000000,63297.84000000,1531.38708000,60,60,False
1713340800000,1713344400000,63297.85000000,63587.88000000,63150.10000000,63325.75000000,1064.70584000,60,60,False
1713344400000,1713348000000,63325.76000000,63539.99000000,63227.82000000,63320.16000000,849.87200000,60,60,False
1713348000000,1713351600000,63320.16000000,63338.72000000,62752.31000000,62898.04000000,1568.92655000,60,60,False
1713351600000,1713355200000,62898.05000000,63163.11000000,62541.13000000,62595.04000000,1045.35291000,60,60,False
1713355200000,1713358800000,62595.04000000,62836.12000000,62061.44000000,62317.75000000,1955.59972000,60,60,False
1713358800000,1713362400000,62317.76000000,62974.88000000,62128.99000000,62635.88000000,2169.72142000,60,60,False
1713362400000,1713366000000,62635.88000000,62657.55000000,60741.00000000,61279.66000000,7363.21411000,60,60,False
1713366000000,1713369600000,61279.65000000,61538.35000000,59888.00000000,60304.95000000,8213.02743000,60,60,False
1713369600000,1713373200000,60304.95000000,61100.00000000,59678.16000000,60194.95000000,5775.48183000,60,60,False
1713373200000,1713376800000,60194.96000000,61365.98000000,60119.11000000,61275.37000000,2521.30182000,60,60,False
1713376800000,1713380400000,61275.36000000,61956.42000000,61159.42000000,61445.57000000,2900.78693000,60,60,False
1713380400000,1713384000000,61445.57000000,61473.94000000,60727.38000000,61022.35000000,1892.75293000,60,60,False
1713384000000,1713387600000,61022.36000000,61457.58000000,60777.00000000,60846.79000000,1207.41039000,60,60,False
1713387600000,1713391200000,60846.79000000,61660.05000000,60846.78000000,61300.92000000,1247.74132000,60,60,False
1713391200000,1713394800000,61300.93000000,61719.29000000,61160.34000000,61689.94000000,890.00540000,60,60,False
1713394800000,1713398400000,61689.95000000,61763.07000000,61194.93000000,61277.37000000,765.69507000,60,60,False
1713398400000,1713402000000,61277.38000000,61525.91000000,60939.92000000,61514.69000000,1644.39366000,60,60,False
1713402000000,1713405600000,61514.68000000,61666.00000000,61382.92000000,61639.26000000,1116.89931000,60,60,False
1713405600000,1713409200000,61639.26000000,61920.00000000,61457.73000000,61666.43000000,803.74729000,60,60,False
1713409200000,1713412800000,61666.42000000,62229.90000000,61666.42000000,61988.00000000,1547.01736000,60,60,False
1713412800000,1713416400000,61987.99000000,62075.46000000,61556.47000000,61640.06000000,1131.09467000,60,60,False
1713416400000,1713420000000,61640.06000000,61814.61000000,60992.00000000,61072.02000000,1529.98166000,60,60,False
1713420000000,1713423600000,61072.02000000,61320.00000000,60803.35000000,61147.83000000,1647.34058000,60,60,False
1713423600000,1713427200000,61147.82000000,61362.32000000,60941.17000000,61178.08000000,1081.19943000,60,60,False
1713427200000,1713430800000,61178.08000000,61550.00000000,60864.00000000,61335.99000000,1705.42064000,60,60,False
1713430800000,1713434400000,61335.99000000,61710.14000000,61320.34000000,61636.50000000,1177.79368000,60,60,False
1713434400000,1713438000000,61636.51000000,61925.63000000,61500.00000000,61821.75000000,1372.40950000,60,60,False
1713438000000,1713441600000,61821.76000000,63072.27000000,61821.75000000,62597.92000000,4598.41039000,60,60,False
1713441600000,1713445200000,62597.92000000,62730.18000000,61580.71000000,62232.96000000,2164.68216000,60,60,False
1713445200000,1713448800000,62232.96000000,62833.34000000,61896.90000000,62810.00000000,2627.15740000,60,60,False
1713448800000,1713452400000,62810.01000000,63970.81000000,62564.91000000,63816.57000000,5379.92656000,60,60,False
1713452400000,1713456000000,63816.56000000,64117.09000000,63427.47000000,63498.70000000,3007.48045000,60,60,False
1713456000000,1713459600000,63498.69000000,63866.19000000,63282.48000000,63536.72000000,1849.59978000,60,60,False
1713459600000,1713463200000,63536.71000000,63624.38000000,62628.60000000,62782.75000000,1861.52928000,60,60,False
1713463200000,1713466800000,62782.74000000,63219.00000000,62310.03000000,63104.68000000,1933.35652000,60,60,False
1713466800000,1713470400000,63104.67000000,63576.00000000,63095.50000000,63477.04000000,1739.03734000,60,60,False
1713470400000,1713474000000,63477.04000000,63637.50000000,63272.00000000,63490.98000000,1263.80230000,60,60,False
1713474000000,1713477600000,63490.99000000,63825.74000000,63313.02000000,63473.28000000,908.15089000,60,60,False
1713477600000,1713481200000,63473.27000000,63651.66000000,63162.77000000,63499.73000000,935.70951000,60,60,False
1713481200000,1713484800000,63499.73000000,63665.50000000,63376.00000000,63470.08000000,575.46882000,60,60,False
1713484800000,1713488400000,63470.09000000,63470.09000000,62654.56000000,62711.08000000,1323.61979000,60,60,False
1713488400000,1713492000000,62711.08000000,62776.00000000,60618.97000000,61022.00000000,6396.68503000,60,60,False
1713492000000,1713495600000,61021.99000000,61390.00000000,59600.01000000,61359.58000000,7291.88881000,60,60,False
1713495600000,1713499200000,61359.57000000,62108.34000000,61140.00000000,61785.14000000,3912.27270000,60,60,False
1713499200000,1713502800000,61785.14000000,62800.07000000,61766.79000000,62439.49000000,3215.61184000,60,60,False
1713502800000,1713506400000,62439.49000000,62589.12000000,61739.68000000,62073.38000000,2031.09640000,60,60,False
1713506400000,1713510000000,62073.39000000,64953.85000000,61809.93000000,64624.37000000,6553.23322000,60,60,False
1713510000000,1713513600000,64624.37000000,65179.00000000,64184.61000000,64547.18000000,4500.56274000,60,60,False
1713513600000,1713517200000,64547.18000000,65099.00000000,64098.13000000,64639.02000000,3896.99706000,60,60,False
1713517200000,1713520800000,64639.02000000,64943.87000000,64490.00000000,64775.93000000,1792.41027000,60,60,False
1713520800000,1713524400000,64775.94000000,65213.31000000,64420.00000000,64777.70000000,2164.72461000,60,60,False
1713524400000,1713528000000,64777.70000000,65450.00000000,64691.28000000,64870.74000000,2906.41843000,60,60,False
1713528000000,1713531600000,64870.73000000,65440.57000000,64770.00000000,64965.19000000,2461.03516000,60,60,False
1713531600000,1713535200000,64965.19000000,65069.07000000,64436.51000000,64903.71000000,3432.55455000,60,60,False
1713535200000,1713538800000,64903.71000000,64965.78000000,63820.57000000,64452.12000000,2961.86356000,60,60,False
1713538800000,1713542400000,64452.12000000,64707.70000000,64333.33000000,64437.17000000,1840.23452000,60,60,False
1713542400000,1713546000000,64437.18000000,64533.29000000,63506.57000000,64005.76000000,2949.63625000,60,60,False
1713546000000,1713549600000,64005.76000000,64808.54000000,63929.18000000,64627.80000000,1885.21816000,60,60,False
1713549600000,1713553200000,64627.80000000,64660.86000000,64084.86000000,64202.63000000,1325.32954000,60,60,False
1713553200000,1713556800000,64202.63000000,64393.96000000,64085.44000000,64325.25000000,1178.19200000,60,60,False
1713556800000,1713560400000,64325.26000000,64334.84000000,63677.36000000,64044.11000000,1255.08936000,60,60,False
1713560400000,1713564000000,64044.12000000,64444.91000000,64044.11000000,64398.32000000,730.29656000,60,60,False
1713564000000,1713567600000,64398.31000000,64494.03000000,64000.01000000,64012.50000000,944.01445000,60,60,False
1713567600000,1713571200000,64012.49000000,64124.00000000,62953.90000000,63818.01000000,2825.31770000,60,60,False
1713571200000,1713574800000,63818.01000000,64263.41000000,63418.00000000,63444.51000000,2107.44280000,60,60,False
1713574800000,1713578400000,63444.51000000,63777.03000000,63090.07000000,63656.00000000,1283.85296000,60,60,False
1713578400000,1713582000000,63656.00000000,64092.29000000,63530.00000000,63834.02000000,882.54344000,60,60,False
1713582000000,1713585600000,63834.01000000,64040.67000000,63766.00000000,63956.00000000,634.11376000,60,60,False
1713585600000,1713589200000,63956.01000000,64268.58000000,63815.53000000,64133.07000000,750.66766000,60,60,False
1713589200000,1713592800000,64133.08000000,64250.08000000,63987.17000000,64159.00000000,747.69111000,60,60,False
1713592800000,1713596400000,64159.01000000,64222.22000000,63939.00000000,64046.07000000,618.13595000,60,60,False
1713596400000,1713600000000,64046.08000000,64159.99000000,63922.36000000,63961.22000000,571.49150000,60,60,False
1713600000000,1713603600000,63961.22000000,63988.00000000,63661.54000000,63729.45000000,642.52631000,60,60,False
1713603600000,1713607200000,63729.44000000,63778.32000000,63277.00000000,63615.01000000,1137.53939000,60,60,False
1713607200000,1713610800000,63615.00000000,63781.82000000,63377.22000000,63567.28000000,711.81603000,60,60,False
1713610800000,1713614400000,63567.29000000,63924.05000000,63557.74000000,63707.17000000,718.98976000,60,60,False
1713614400000,1713618000000,63707.18000000,63935.32000000,63575.83000000,63824.08000000,576.67455000,60,60,False
1713618000000,1713621600000,63824.08000000,64047.92000000,63798.92000000,63875.53000000,813.92539000,60,60,False
1713621600000,1713625200000,63875.53000000,63984.79000000,63746.00000000,63935.33000000,491.91859000,60,60,False
1713625200000,1713628800000,63935.33000000,64960.37000000,63790.00000000,64808.35000000,1851.28750000,60,60,False
1713628800000,1713632400000,64808.35000000,64969.39000000,64456.54000000,64739.24000000,1476.56595000,60,60,False
1713632400000,1713636000000,64739.24000000,65419.00000000,64739.23000000,65200.00000000,2102.45135000,60,60,False
1713636000000,1713639600000,65199.99000000,65310.99000000,64837.19000000,64964.09000000,1284.99774000,60,60,False
1713639600000,1713643200000,64964.10000000,65000.01000000,64791.79000000,64866.44000000,1574.02156000,60,60,False
1713643200000,1713646800000,64866.45000000,65031.25000000,64622.12000000,64727.64000000,721.37707000,60,60,False
1713646800000,1713650400000,64727.63000000,64825.39000000,64622.13000000,64725.98000000,417.64042000,60,60,False
1713650400000,1713654000000,64725.98000000,64778.00000000,64555.00000000,64613.51000000,530.08636000,60,60,False
1713654000000,1713657600000,64613.51000000,64988.92000000,64613.51000000,64940.59000000,489.67260000,60,60,False
1713657600000,1713661200000,64940.58000000,64960.00000000,64608.00000000,64759.98000000,541.45545000,60,60,False
1713661200000,1713664800000,64759.97000000,65100.00000000,64737.50000000,64946.00000000,610.45299000,60,60,False
1713664800000,1713668400000,64946.00000000,65377.00000000,64921.00000000,65297.99000000,905.68209000,60,60,False
1713668400000,1713672000000,65298.00000000,65695.56000000,65093.99000000,65170.00000000,1395.41998000,60,60,False
1713672000000,1713675600000,65170.01000000,65195.98000000,64843.98000000,65056.00000000,841.94526000,60,60,False
1713675600000,1713679200000,65055.99000000,65244.65000000,64984.44000000,65027.81000000,429.00323000,60,60,False
1713679200000,1713682800000,65027.82000000,65200.00000000,64941.79000000,65048.01000000,542.87486000,60,60,False
1713682800000,1713686400000,65048.01000000,65175.00000000,64899.84000000,65150.66000000,827.42440000,60,60,False
1713686400000,1713690000000,65150.67000000,65222.07000000,64920.26000000,64926.83000000,916.80979000,60,60,False
1713690000000,1713693600000,64926.83000000,64986.72000000,64763.15000000,64900.32000000,778.04426000,60,60,False
1713693600000,1713697200000,64900.33000000,64986.00000000,64785.04000000,64954.51000000,507.87875000,60,60,False
1713697200000,1713700800000,64954.51000000,65440.95000000,64954.50000000,65234.01000000,1247.40848000,60,60,False
1713700800000,1713704400000,65234.02000000,65375.41000000,64934.00000000,65004.24000000,659.22324000,60,60,False
1713704400000,1713708000000,65004.24000000,65244.90000000,64778.69000000,64882.00000000,898.45911000,60,60,False
1713708000000,1713711600000,64882.00000000,65036.82000000,64790.00000000,64893.50000000,637.65276000,60,60,False
1713711600000,1713715200000,64893.49000000,65132.07000000,64880.00000000,65043.69000000,500.27192000,60,60,False
1713715200000,1713718800000,65043.70000000,65087.92000000,64237.50000000,64578.37000000,2654.78081000,60,60,False
1713718800000,1713722400000,64578.37000000,64875.98000000,64530.89000000,64822.00000000,671.66797000,60,60,False
1713722400000,1713726000000,64822.00000000,64862.50000000,64596.09000000,64772.00000000,450.38097000,60,60,False
1713726000000,1713729600000,64772.00000000,64856.05000000,64528.38000000,64538.00000000,399.27155000,60,60,False
1713729600000,1713733200000,64538.00000000,64722.04000000,64362.50000000,64646.17000000,717.30934000,60,60,False
1713733200000,1713736800000,64646.16000000,65167.19000000,64646.16000000,64661.70000000,945.68782000,60,60,False
1713736800000,1713740400000,64661.69000000,65110.00000000,64569.07000000,65030.42000000,818.30555000,60,60,False
1713740400000,1713744000000,65030.41000000,65063.00000000,64866.00000000,64941.15000000,419.01094000,60,60,False
1713744000000,1713747600000,64941.15000000,65158.08000000,64758.93000000,64908.96000000,689.30247000,60,60,False
1713747600000,1713751200000,64908.96000000,65640.00000000,64604.56000000,64658.00000000,2790.47125000,60,60,False
1713751200000,1713754800000,64657.99000000,64862.50000000,64500.00000000,64806.69000000,1034.86764000,60,60,False
1713754800000,1713758400000,64806.69000000,66090.69000000,64754.00000000,65703.50000000,3405.32163000,60,60,False
1713758400000,1713762000000,65703.49000000,65878.17000000,65509.24000000,65738.48000000,1663.32692000,60,60,False
1713762000000,1713765600000,65738.48000000,66414.81000000,65701.99000000,66377.99000000,1747.58092000,60,60,False
1713765600000,1713769200000,66377.99000000,66412.60000000,66150.80000000,66300.00000000,1341.25181000,60,60,False
1713769200000,1713772800000,66300.01000000,66479.80000000,65979.33000000,65980.00000000,1346.21576000,60,60,False
1713772800000,1713776400000,65980.01000000,66204.44000000,65905.73000000,65961.59000000,913.51618000,60,60,False
1713776400000,1713780000000,65961.58000000,66055.17000000,65801.76000000,65938.00000000,798.46267000,60,60,False
1713780000000,1713783600000,65938.00000000,66154.87000000,65890.00000000,66048.18000000,793.68807000,60,60,False
1713783600000,1713787200000,66048.18000000,66108.00000000,65702.00000000,65877.47000000,899.90178000,60,60,False
1713787200000,1713790800000,65877.47000000,65995.48000000,65626.87000000,65995.48000000,1032.65578000,60,60,False
1713790800000,1713794400000,65995.48000000,66260.54000000,65693.98000000,66114.00000000,1532.55331000,60,60,False
1713794400000,1713798000000,66113.48000000,66477.53000000,65962.16000000,66031.77000000,1705.44348000,60,60,False
1713798000000,1713801600000,66031.78000000,66085.46000000,65665.86000000,65994.38000000,1190.76415000,60,60,False
1713801600000,1713805200000,65994.39000000,66419.56000000,65913.52000000,66154.73000000,1019.60205000,60,60,False
1713805200000,1713808800000,66154.73000000,66824.28000000,66133.35000000,66540.00000000,1831.36278000,60,60,False
1713808800000,1713812400000,66540.01000000,66691.22000000,66293.05000000,66331.17000000,822.90645000,60,60,False
1713812400000,1713816000000,66331.16000000,66609.33000000,66141.07000000,66524.77000000,900.74163000,60,60,False
1713816000000,1713819600000,66524.77000000,66760.56000000,66394.52000000,66509.50000000,731.98121000,60,60,False
1713819600000,1713823200000,66509.50000000,66558.91000000,66342.10000000,66526.94000000,481.11092000,60,60,False
1713823200000,1713826800000,66526.94000000,67200.00000000,66526.94000000,67027.97000000,1601.55463000,60,60,False
1713826800000,1713830400000,67027.98000000,67232.35000000,66790.00000000,66819.32000000,1123.41022000,60,60,False
1713830400000,1713834000000,66819.32000000,67032.83000000,66712.96000000,67028.14000000,955.77618000,60,60,False
1713834000000,1713837600000,67028.15000000,67183.01000000,66777.40000000,66780.00000000,938.22206000,60,60,False
1713837600000,1713841200000,66780.00000000,66912.00000000,66558.31000000,66615.79000000,678.84802000,60,60,False
1713841200000,1713844800000,66615.79000000,66756.00000000,66419.55000000,66435.01000000,670.19135000,60,60,False
1713844800000,1713848400000,66435.01000000,66582.67000000,66181.10000000,66244.02000000,1001.56422000,60,60,False
1713848400000,1713852000000,66244.02000000,66609.31000000,66192.00000000,66490.01000000,851.59070000,60,60,False
1713852000000,1713855600000,66490.01000000,66646.00000000,66304.00000000,66378.16000000,580.23900000,60,60,False
1713855600000,1713859200000,66378.15000000,66451.19000000,66020.00000000,66099.79000000,1071.86288000,60,60,False
1713859200000,1713862800000,66099.79000000,66260.47000000,65963.40000000,66215.07000000,975.36330000,60,60,False
1713862800000,1713866400000,66215.06000000,66309.30000000,66046.63000000,66058.99000000,745.14765000,60,60,False
1713866400000,1713870000000,66059.00000000,66310.44000000,66058.99000000,66210.74000000,860.43436000,60,60,False
1713870000000,1713873600000,66210.74000000,66236.13000000,65852.35000000,66043.99000000,1083.70598000,60,60,False
1713873600000,1713877200000,66043.99000000,66165.00000000,65765.81000000,66134.91000000,1236.85731000,60,60,False
1713877200000,1713880800000,66134.91000000,66590.92000000,66049.40000000,66509.29000000,1818.78977000,60,60,False
1713880800000,1713884400000,66509.30000000,67130.00000000,66420.00000000,66909.78000000,2790.67830000,60,60,False
1713884400000,1713888000000,66909.79000000,66930.47000000,66328.44000000,66419.56000000,1490.12680000,60,60,False
1713888000000,1713891600000,66419.56000000,66807.91000000,66350.91000000,66747.36000000,806.18323000,60,60,False
1713891600000,1713895200000,66747.35000000,66905.99000000,66584.61000000,66753.71000000,550.60498000,60,60,False
1713895200000,1713898800000,66753.72000000,66846.00000000,66589.47000000,66783.56000000,670.90051000,60,60,False
1713898800000,1713902400000,66783.57000000,66783.57000000,66390.00000000,66484.43000000,588.11149000,60,60,False
1713902400000,1713906000000,66484.43000000,66484.96000000,65980.00000000,66352.94000000,1034.33548000,60,60,False
1713906000000,1713909600000,66352.94000000,66464.00000000,66258.86000000,66352.01000000,344.19246000,60,60,False
1713909600000,1713913200000,66352.00000000,66455.76000000,66278.59000000,66362.85000000,425.43748000,60,60,False
1713913200000,1713916800000,66362.84000000,66433.31000000,66120.00000000,66414.00000000,430.73653000,60,60,False
1713916800000,1713920400000,66414.00000000,66747.73000000,66390.00000000,66742.19000000,1061.33940000,60,60,False
1713920400000,1713924000000,66742.18000000,66900.00000000,66682.33000000,66743.25000000,629.48910000,60,60,False
1713924000000,1713927600000,66743.25000000,66766.00000000,66441.32000000,66530.01000000,725.97174000,60,60,False
1713927600000,1713931200000,66530.01000000,66714.43000000,66514.44000000,66608.14000000,629.55605000,60,60,False
1713931200000,1713934800000,66608.14000000,67065.00000000,66589.01000000,67008.00000000,952.40952000,60,60,False
1713934800000,1713938400000,67008.00000000,67070.43000000,66633.00000000,66735.06000000,901.02816000,60,60,False
1713938400000,1713942000000,66735.06000000,66792.00000000,66552.37000000,66778.26000000,600.73196000,60,60,False
1713942000000,1713945600000,66778.25000000,66883.68000000,66588.00000000,66630.90000000,779.70929000,60,60,False
1713945600000,1713949200000,66630.89000000,66743.01000000,66485.30000000,66533.99000000,858.92516000,60,60,False
1713949200000,1713952800000,66533.98000000,66560.51000000,66272.00000000,66366.01000000,746.53492000,60,60,False
1713952800000,1713956400000,66366.00000000,66517.85000000,66203.05000000,66432.25000000,774.85303000,60,60,False
1713956400000,1713960000000,66432.26000000,66631.01000000,66361.73000000,66571.52000000,729.07431000,60,60,False
1713960000000,1713963600000,66571.52000000,66737.00000000,66351.10000000,66353.02000000,964.97781000,60,60,False
1713963600000,1713967200000,66353.01000000,66355.99000000,65834.28000000,66054.99000000,2408.77307000,60,60,False
1713967200000,1713970800000,66055.00000000,66200.00000000,64732.34000000,65234.85000000,5091.40842000,60,60,False
1713970800000,1713974400000,65234.86000000,65243.73000000,64519.03000000,64610.11000000,2853.02952000,60,60,False
1713974400000,1713978000000,64610.10000000,64959.74000000,64348.00000000,64798.00000000,2314.85234000,60,60,False
1713978000000,1713981600000,64797.99000000,65156.95000000,64766.33000000,64889.47000000,1511.18797000,60,60,False
1713981600000,1713985200000,64889.47000000,64920.00000000,64070.15000000,64127.04000000,1692.03623000,60,60,False
1713985200000,1713988800000,64127.04000000,64486.00000000,63736.70000000,63976.06000000,2143.63916000,60,60,False
1713988800000,1713992400000,63976.05000000,64240.01000000,63606.06000000,64110.00000000,2421.22075000,60,60,False
1713992400000,1713996000000,64110.01000000,64447.91000000,64000.00000000,64399.37000000,895.93229000,60,60,False
1713996000000,1713999600000,64399.37000000,64404.00000000,63956.49000000,64096.00000000,872.75605000,60,60,False
1713999600000,1714003200000,64096.00000000,64339.83000000,63825.72000000,64289.59000000,1036.26012000,60,60,False
1714003200000,1714006800000,64289.58000000,64741.47000000,64226.60000000,64557.25000000,1141.13560000,60,60,False
1714006800000,1714010400000,64557.25000000,64657.15000000,64046.74000000,64067.98000000,968.97651000,60,60,False
1714010400000,1714014000000,64067.99000000,64338.58000000,63860.00000000,64299.98000000,902.41670000,60,60,False
1714014000000,1714017600000,64299.98000000,64464.29000000,64128.30000000,64282.01000000,688.89208000,60,60,False
1714017600000,1714021200000,64282.02000000,64397.78000000,64058.00000000,64337.99000000,664.86492000,60,60,False
1714021200000,1714024800000,64338.00000000,64377.60000000,64025.50000000,64223.36000000,653.12285000,60,60,False
1714024800000,1714028400000,64223.36000000,64391.99000000,64195.70000000,64288.00000000,363.60804000,60,60,False
1714028400000,1714032000000,64288.00000000,64379.85000000,63824.07000000,64017.99000000,951.17474000,60,60,False
1714032000000,1714035600000,64017.99000000,64176.86000000,63708.20000000,63948.78000000,1329.27338000,60,60,False
1714035600000,1714039200000,63948.78000000,64192.00000000,63809.13000000,63966.02000000,833.85634000,60,60,False
1714039200000,1714042800000,63966.03000000,63966.03000000,63337.25000000,63462.01000000,2418.87397000,60,60,False
1714042800000,1714046400000,63462.00000000,63994.23000000,63447.37000000,63861.23000000,1202.36814000,60,60,False
1714046400000,1714050000000,63861.24000000,64302.99000000,63267.03000000,63429.82000000,2594.21284000,60,60,False
1714050000000,1714053600000,63429.83000000,63571.95000000,62794.00000000,63428.97000000,3722.93106000,60,60,False
1714053600000,1714057200000,63428.97000000,63867.74000000,63215.99000000,63384.96000000,1611.79869000,60,60,False
1714057200000,1714060800000,63384.96000000,64198.40000000,63265.95000000,64135.94000000,1612.29328000,60,60,False
1714060800000,1714064400000,64135.93000000,64503.46000000,63971.48000000,64445.45000000,1744.39830000,60,60,False
1714064400000,1714068000000,64445.45000000,64856.85000000,64374.95000000,64704.00000000,2216.39074000,60,60,False
1714068000000,1714071600000,64703.99000000,64975.00000000,64452.21000000,64712.10000000,1267.61008000,60,60,False
1714071600000,1714075200000,64712.11000000,64786.00000000,64561.29000000,64747.11000000,665.00315000,60,60,False
1714075200000,1714078800000,64747.12000000,64992.00000000,64489.30000000,64794.29000000,1065.89632000,60,60,False
1714078800000,1714082400000,64794.28000000,65297.94000000,64681.34000000,64710.01000000,1312.00850000,60,60,False
1714082400000,1714086000000,64710.01000000,64740.00000000,64556.00000000,64602.99000000,641.89344000,60,60,False
1714086000000,1714089600000,64602.99000000,64747.12000000,64447.75000000,64498.34000000,768.46371000,60,60,False
1714089600000,1714093200000,64498.33000000,64557.03000000,64111.01000000,64307.03000000,1135.47394000,60,60,False
1714093200000,1714096800000,64307.03000000,64662.50000000,63890.82000000,64402.97000000,1576.08068000,60,60,False
1714096800000,1714100400000,64402.98000000,64662.53000000,64304.88000000,64499.91000000,899.98620000,60,60,False
1714100400000,1714104000000,64499.92000000,64506.25000000,64294.78000000,64381.24000000,889.56307000,60,60,False
1714104000000,1714107600000,64381.25000000,64391.37000000,64175.32000000,64210.85000000,651.54811000,60,60,False
1714107600000,1714111200000,64210.84000000,64574.32000000,64000.02000000,64553.99000000,1159.08862000,60,60,False
1714111200000,1714114800000,64553.99000000,64576.26000000,64256.25000000,64377.57000000,587.48156000,60,60,False
1714114800000,1714118400000,64377.56000000,64610.82000000,64240.21000000,64276.95000000,1422.47536000,60,60,False
1714118400000,1714122000000,64276.94000000,64468.92000000,64234.19000000,64412.50000000,905.68302000,60,60,False
1714122000000,1714125600000,64412.50000000,64581.52000000,64329.42000000,64474.99000000,853.25155000,60,60,False
1714125600000,1714129200000,64474.99000000,64556.45000000,64059.80000000,64100.01000000,1213.12155000,60,60,False
1714129200000,1714132800000,64100.01000000,64264.74000000,64070.00000000,64244.02000000,590.51940000,60,60,False
1714132800000,1714136400000,64244.03000000,64517.99000000,63950.00000000,64142.79000000,1299.29266000,60,60,False
1714136400000,1714140000000,64142.78000000,64582.93000000,63685.94000000,64500.01000000,2512.04769000,60,60,False
1714140000000,1714143600000,64500.00000000,64820.01000000,63791.91000000,63854.16000000,3167.80878000,60,60,False
1714143600000,1714147200000,63854.15000000,64030.00000000,63297.48000000,63503.22000000,2711.62015000,60,60,False
1714147200000,1714150800000,63503.22000000,63786.31000000,63318.75000000,63662.51000000,1374.67403000,60,60,False
1714150800000,1714154400000,63662.50000000,64115.12000000,63550.97000000,64008.40000000,1185.88923000,60,60,False
1714154400000,1714158000000,64008.40000000,64162.50000000,63943.82000000,64060.00000000,586.13608000,60,60,False
1714158000000,1714161600000,64060.01000000,64131.25000000,63727.89000000,63742.05000000,566.25171000,60,60,False
1714161600000,1714165200000,63742.07000000,64107.32000000,63742.05000000,63966.39000000,591.75136000,60,60,False
1714165200000,1714168800000,63966.39000000,64080.56000000,63830.00000000,64059.97000000,378.65938000,60,60,False
1714168800000,1714172400000,64059.96000000,64059.97000000,63689.22000000,63821.93000000,558.70280000,60,60,False
1714172400000,1714176000000,63821.94000000,63913.46000000,63756.25000000,63770.01000000,268.08653000,60,60,False
1714176000000,1714179600000,63770.00000000,63923.41000000,62851.00000000,63181.99000000,2114.13087000,60,60,False
1714179600000,1714183200000,63182.00000000,63272.72000000,62391.24000000,62593.28000000,2785.50935000,60,60,False
1714183200000,1714186800000,62593.28000000,63325.12000000,62471.52000000,62929.97000000,1179.96666000,60,60,False
1714186800000,1714190400000,62929.98000000,63153.06000000,62808.00000000,63082.01000000,578.16215000,60,60,False
1714190400000,1714194000000,63082.00000000,63175.00000000,62943.75000000,63048.57000000,635.14919000,60,60,False
1714194000000,1714197600000,63048.57000000,63091.82000000,62808.00000000,62988.25000000,662.08516000,60,60,False
1714197600000,1714201200000,62988.25000000,63147.88000000,62865.46000000,63028.00000000,547.85351000,60,60,False
1714201200000,1714204800000,63028.00000000,63160.71000000,62946.00000000,62966.83000000,397.31671000,60,60,False
1714204800000,1714208400000,62966.84000000,63060.00000000,62913.48000000,63016.01000000,454.78090000,60,60,False
1714208400000,1714212000000,63016.01000000,63055.49000000,62878.78000000,62984.45000000,434.02841000,60,60,False
1714212000000,1714215600000,62984.45000000,62991.54000000,62730.00000000,62796.00000000,675.06558000,60,60,False
1714215600000,1714219200000,62795.99000000,62950.00000000,62673.37000000,62862.14000000,515.81605000,60,60,False
1714219200000,1714222800000,62862.13000000,63174.00000000,62810.29000000,63034.62000000,1448.38454000,60,60,False
1714222800000,1714226400000,63034.62000000,63271.79000000,63006.21000000,63227.09000000,733.00539000,60,60,False
1714226400000,1714230000000,63227.09000000,63408.53000000,63063.82000000,63131.65000000,837.02186000,60,60,False
1714230000000,1714233600000,63131.65000000,63212.09000000,62860.00000000,62951.75000000,485.44443000,60,60,False
1714233600000,1714237200000,62951.75000000,63111.89000000,62750.00000000,62750.00000000,948.11005000,60,60,False
1714237200000,1714240800000,62750.00000000,63650.00000000,62750.00000000,63416.21000000,1543.53726000,60,60,False
1714240800000,1714244400000,63416.22000000,63619.96000000,62821.82000000,63339.05000000,1908.68060000,60,60,False
1714244400000,1714248000000,63339.06000000,63388.42000000,63192.07000000,63352.11000000,513.52460000,60,60,False
1714248000000,1714251600000,63352.11000000,63461.53000000,63160.00000000,63277.99000000,409.41437000,60,60,False
1714251600000,1714255200000,63277.99000000,63357.32000000,63157.98000000,63289.57000000,272.97496000,60,60,False
1714255200000,1714258800000,63289.57000000,63474.99000000,63233.81000000,63259.99000000,466.47485000,60,60,False
1714258800000,1714262400000,63260.00000000,63555.56000000,63259.99000000,63461.98000000,386.62307000,60,60,False
1714262400000,1714266000000,63461.98000000,63748.55000000,63456.86000000,63616.57000000,637.61909000,60,60,False
1714266000000,1714269600000,63616.58000000,63698.74000000,63523.45000000,63603.60000000,405.42161000,60,60,False
1714269600000,1714273200000,63603.60000000,64050.00000000,63552.68000000,63950.00000000,868.50899000,60,60,False
1714273200000,1714276800000,63950.01000000,64370.00000000,63932.78000000,64021.62000000,1474.08693000,60,60,False
1714276800000,1714280400000,64021.62000000,64049.99000000,63827.88000000,63843.14000000,645.62516000,60,60,False
1714280400000,1714284000000,63843.14000000,64000.00000000,63810.00000000,63953.99000000,498.55699000,60,60,False
1714284000000,1714287600000,63954.00000000,64017.29000000,63800.00000000,63967.14000000,642.86388000,60,60,False
1714287600000,1714291200000,63967.14000000,64060.00000000,63894.21000000,63915.50000000,518.62823000,60,60,False
1714291200000,1714294800000,63915.50000000,63979.27000000,63639.17000000,63709.98000000,820.93310000,60,60,False
1714294800000,1714298400000,63709.99000000,63823.79000000,63676.00000000,63759.33000000,403.40056000,60,60,False
1714298400000,1714302000000,63759.34000000,63792.60000000,63345.55000000,63694.50000000,935.90021000,60,60,False
1714302000000,1714305600000,63694.50000000,63710.87000000,63394.68000000,63484.01000000,593.89629000,60,60,False
1714305600000,1714309200000,63484.00000000,63673.00000000,63415.60000000,63590.03000000,584.23839000,60,60,False
1714309200000,1714312800000,63590.03000000,63869.09000000,63534.00000000,63775.43000000,721.19096000,60,60,False
1714312800000,1714316400000,63775.42000000,63783.60000000,63488.00000000,63607.19000000,631.87130000,60,60,False
1714316400000,1714320000000,63607.20000000,63652.00000000,63460.00000000,63540.00000000,484.35903000,60,60,False
1714320000000,1714323600000,63540.00000000,63800.40000000,63483.18000000,63705.38000000,581.54965000,60,60,False
1714323600000,1714327200000,63705.38000000,63814.00000000,63570.30000000,63768.47000000,356.62991000,60,60,False
1714327200000,1714330800000,63768.47000000,63976.00000000,63694.50000000,63923.99000000,516.14116000,60,60,False
1714330800000,1714334400000,63924.00000000,63928.00000000,63715.36000000,63730.49000000,333.66857000,60,60,False
1714334400000,1714338000000,63730.49000000,63745.91000000,63588.72000000,63686.00000000,297.88874000,60,60,False
1714338000000,1714341600000,63686.00000000,63745.86000000,63609.00000000,63661.99000000,302.76645000,60,60,False
1714341600000,1714345200000,63662.00000000,63714.76000000,62870.00000000,63151.05000000,2240.65115000,60,60,False
1714345200000,1714348800000,63151.06000000,63164.70000000,62781.00000000,63118.62000000,1452.80370000,60,60,False
1714348800000,1714352400000,63118.62000000,63321.90000000,63002.86000000,63257.43000000,639.83326000,60,60,False
1714352400000,1714356000000,63257.42000000,63367.05000000,63084.18000000,63232.00000000,538.92170000,60,60,False
1714356000000,1714359600000,63231.99000000,63285.08000000,62570.00000000,62706.33000000,1267.73202000,60,60,False
1714359600000,1714363200000,62706.34000000,62764.84000000,62150.52000000,62279.67000000,1735.88484000,60,60,False
1714363200000,1714366800000,62279.68000000,62639.40000000,62200.03000000,62542.00000000,968.14551000,60,60,False
1714366800000,1714370400000,62542.00000000,62542.00000000,62059.27000000,62444.88000000,916.04523000,60,60,False
1714370400000,1714374000000,62444.88000000,62473.80000000,61923.13000000,62199.69000000,1730.38453000,60,60,False
1714374000000,1714377600000,62199.69000000,62417.85000000,61942.38000000,62399.98000000,1363.33041000,60,60,False
1714377600000,1714381200000,62399.98000000,62498.61000000,62220.01000000,62398.00000000,810.86485000,60,60,False
1714381200000,1714384800000,62397.99000000,62660.01000000,62276.73000000,62536.01000000,676.75773000,60,60,False
1714384800000,1714388400000,62536.01000000,62673.18000000,62388.96000000,62388.97000000,758.89579000,60,60,False
1714388400000,1714392000000,62388.96000000,62421.66000000,62179.99000000,62256.00000000,787.39096000,60,60,False
1714392000000,1714395600000,62256.00000000,62653.44000000,62049.00000000,62602.33000000,1426.98241000,60,60,False
1714395600000,1714399200000,62602.32000000,62698.55000000,61765.53000000,62014.00000000,2539.89307000,60,60,False
1714399200000,1714402800000,62014.00000000,63014.67000000,61878.61000000,62834.99000000,2963.05386000,60,60,False
1714402800000,1714406400000,62834.99000000,63112.29000000,62735.55000000,63039.07000000,1282.58611000,60,60,False
1714406400000,1714410000000,63039.07000000,63158.80000000,62754.00000000,62792.02000000,1229.02619000,60,60,False
1714410000000,1714413600000,62792.01000000,63221.74000000,62774.38000000,63033.23000000,779.87808000,60,60,False
1714413600000,1714417200000,63033.24000000,63050.00000000,62705.88000000,62870.00000000,612.29352000,60,60,False
1714417200000,1714420800000,62870.00000000,62988.00000000,62546.37000000,62987.37000000,882.87940000,60,60,False
1714420800000,1714424400000,62987.37000000,63134.12000000,62894.85000000,62968.82000000,540.43192000,60,60,False
1714424400000,1714428000000,62968.83000000,63172.58000000,62820.00000000,63092.24000000,479.12589000,60,60,False
1714428000000,1714431600000,63092.23000000,63935.91000000,63041.04000000,63890.00000000,1736.53980000,60,60,False
1714431600000,1714435200000,63890.01000000,64228.35000000,63810.00000000,63866.00000000,1483.35239000,60,60,False
1714435200000,1714438800000,63866.00000000,64734.00000000,63688.04000000,64580.00000000,2057.93388000,60,60,False
1714438800000,1714442400000,64579.99000000,64614.00000000,63560.50000000,63606.01000000,1516.74943000,60,60,False
1714442400000,1714446000000,63606.01000000,63896.12000000,62995.70000000,63780.91000000,2440.35663000,60,60,False
1714446000000,1714449600000,63780.92000000,63820.58000000,63561.32000000,63647.99000000,626.95140000,60,60,False
1714449600000,1714453200000,63647.99000000,63708.70000000,63343.47000000,63403.98000000,599.67518000,60,60,False
1714453200000,1714456800000,63403.98000000,63491.59000000,63069.68000000,63330.00000000,968.56930000,60,60,False
1714456800000,1714460400000,63330.00000000,63465.10000000,63227.47000000,63412.00000000,482.60665000,60,60,False
1714460400000,1714464000000,63412.00000000,63461.96000000,63135.70000000,63148.74000000,984.22900000,60,60,False
1714464000000,1714467600000,63148.74000000,63244.00000000,61816.46000000,61919.32000000,4286.06285000,60,60,False
1714467600000,1714471200000,61919.32000000,62148.00000000,61600.00000000,61688.01000000,2706.32317000,60,60,False
1714471200000,1714474800000,61688.01000000,61788.05000000,61451.01000000,61782.19000000,1881.13832000,60,60,False
1714474800000,1714478400000,61782.18000000,61782.19000000,61000.00000000,61204.42000000,5194.60935000,60,60,False
1714478400000,1714482000000,61204.41000000,61337.78000000,60737.45000000,61230.16000000,3012.04453000,60,60,False
1714482000000,1714485600000,61230.16000000,61313.94000000,60779.79000000,60820.57000000,1823.63883000,60,60,False
1714485600000,1714489200000,60820.58000000,61559.36000000,60546.22000000,61247.87000000,3223.32351000,60,60,False
1714489200000,1714492800000,61247.87000000,61395.66000000,60600.72000000,60796.85000000,2445.85834000,60,60,False
1714492800000,1714496400000,60796.86000000,60947.55000000,60158.86000000,60336.68000000,3340.71508000,60,60,False
1714496400000,1714500000000,60336.68000000,60514.72000000,60080.00000000,60368.81000000,2543.81372000,60,60,False
1714500000000,1714503600000,60368.82000000,60538.38000000,60018.00000000,60403.67000000,1792.45947000,60,60,False
1714503600000,1714507200000,60403.68000000,60503.87000000,59191.60000000,59292.95000000,5586.14319000,60,60,False
1714507200000,1714510800000,59292.95000000,60177.46000000,59274.75000000,59958.62000000,3414.88045000,60,60,False
1714510800000,1714514400000,59958.62000000,60400.00000000,59952.49000000,60180.00000000,1151.18801000,60,60,False
1714514400000,1714518000000,60180.00000000,61070.71000000,60156.00000000,60589.79000000,1945.24597000,60,60,False
1714518000000,1714521600000,60589.79000000,60924.16000000,60401.06000000,60672.00000000,923.13909000,60,60,False
1714521600000,1714525200000,60672.01000000,60841.63000000,60078.52000000,60240.57000000,1687.69405000,60,60,False
1714525200000,1714528800000,60240.58000000,60408.29000000,59850.06000000,60133.78000000,1900.93637000,60,60,False
1714528800000,1714532400000,60133.79000000,60177.68000000,59590.00000000,59927.99000000,2096.94562000,60,60,False
1714532400000,1714536000000,59927.99000000,60317.88000000,59903.17000000,60246.03000000,844.90119000,60,60,False
1714536000000,1714539600000,60246.02000000,60361.09000000,60190.00000000,60283.99000000,837.69201000,60,60,False
1714539600000,1714543200000,60283.99000000,60334.76000000,59931.59000000,60050.00000000,891.00474000,60,60,False
1714543200000,1714546800000,60049.99000000,60113.24000000,59500.55000000,59529.94000000,1347.11313000,60,60,False
1714546800000,1714550400000,59529.94000000,59569.23000000,57100.00000000,57499.99000000,12661.81057000,60,60,False
1714550400000,1714554000000,57500.00000000,57596.63000000,56552.82000000,57169.69000000,10517.34359000,60,60,False
1714554000000,1714557600000,57169.70000000,57653.34000000,57042.00000000,57115.61000000,3511.69138000,60,60,False
1714557600000,1714561200000,57115.61000000,57770.00000000,56888.00000000,57768.68000000,2656.85211000,60,60,False
1714561200000,1714564800000,57768.68000000,57909.00000000,57455.58000000,57898.47000000,1920.67432000,60,60,False
1714564800000,1714568400000,57898.46000000,58275.87000000,57729.89000000,57969.98000000,3130.89661000,60,60,False
1714568400000,1714572000000,57969.99000000,57999.06000000,57223.29000000,57301.29000000,2703.02650000,60,60,False
1714572000000,1714575600000,57301.29000000,57586.20000000,57101.10000000,57482.00000000,2591.82856000,60,60,False
1714575600000,1714579200000,57482.01000000,57511.10000000,56674.51000000,56886.00000000,3260.99612000,60,60,False
1714579200000,1714582800000,56886.00000000,57456.92000000,56750.10000000,57043.99000000,2281.24833000,60,60,False
1714582800000,1714586400000,57044.00000000,57700.86000000,56625.09000000,57424.65000000,2103.68747000,60,60,False
1714586400000,1714590000000,57424.64000000,59468.00000000,57331.10000000,58913.99000000,8929.48940000,60,60,False
1714590000000,1714593600000,58913.98000000,59264.16000000,56897.27000000,56954.47000000,7193.39968000,60,60,False
1714593600000,1714597200000,56954.46000000,57531.10000000,56760.02000000,57361.70000000,2355.81240000,60,60,False
1714597200000,1714600800000,57361.71000000,58203.34000000,57257.99000000,57909.03000000,1636.98304000,60,60,False
1714600800000,1714604400000,57909.03000000,58209.72000000,57857.71000000,57880.58000000,1333.61476000,60,60,False
1714604400000,1714608000000,57880.58000000,58575.32000000,57828.00000000,58364.97000000,2770.82628000,60,60,False
1714608000000,1714611600000,58364.97000000,58610.55000000,57641.73000000,57767.29000000,3568.72884000,60,60,False
1714611600000,1714615200000,57767.30000000,57900.02000000,56911.84000000,57112.37000000,5530.96245000,60,60,False
1714615200000,1714618800000,57112.37000000,57641.04000000,57109.01000000,57463.87000000,1214.12627000,60,60,False
1714618800000,1714622400000,57463.88000000,57705.08000000,57377.32000000,57442.88000000,898.19946000,60,60,False
1714622400000,1714626000000,57442.88000000,57647.40000000,57301.11000000,57396.22000000,740.64053000,60,60,False
1714626000000,1714629600000,57396.23000000,57537.73000000,57202.49000000,57484.57000000,1008.46239000,60,60,False
1714629600000,1714633200000,57484.57000000,57725.98000000,57404.08000000,57628.56000000,1076.56606000,60,60,False
1714633200000,1714636800000,57628.57000000,57945.19000000,57618.07000000,57681.08000000,1204.89032000,60,60,False
1714636800000,1714640400000,57681.08000000,57981.46000000,57612.73000000,57834.82000000,1318.55505000,60,60,False
1714640400000,1714644000000,57834.82000000,57892.52000000,57626.89000000,57804.36000000,944.31508000,60,60,False
1714644000000,1714647600000,57804.37000000,57898.01000000,57561.14000000,57801.41000000,1395.86396000,60,60,False
1714647600000,1714651200000,57801.41000000,58689.55000000,57783.04000000,58559.66000000,3611.54754000,60,60,False
1714651200000,1714654800000,58559.66000000,59117.68000000,58446.18000000,58556.59000000,6043.29407000,60,60,False
1714654800000,1714658400000,58556.58000000,58788.75000000,58222.00000000,58450.22000000,2104.25726000,60,60,False
1714658400000,1714662000000,58450.22000000,59300.00000000,58300.00000000,59055.25000000,3644.25523000,60,60,False
1714662000000,1714665600000,59055.26000000,59455.00000000,58972.44000000,59264.15000000,3236.14321000,60,60,False
1714665600000,1714669200000,59264.16000000,59315.32000000,58943.38000000,59017.54000000,1660.74835000,60,60,False
1714669200000,1714672800000,59017.53000000,59301.10000000,58955.31000000,59190.24000000,1256.68865000,60,60,False
1714672800000,1714676400000,59190.24000000,59575.29000000,58987.49000000,59383.52000000,1289.75653000,60,60,False
1714676400000,1714680000000,59383.52000000,59385.57000000,59025.51000000,59351.11000000,969.04918000,60,60,False
1714680000000,1714683600000,59351.10000000,59431.10000000,58637.62000000,58727.45000000,1774.05031000,60,60,False
1714683600000,1714687200000,58727.45000000,59625.00000000,58701.10000000,59112.58000000,1413.45158000,60,60,False
1714687200000,1714690800000,59112.59000000,59454.17000000,59083.33000000,59328.00000000,1011.92007000,60,60,False
1714690800000,1714694400000,59328.00000000,59377.36000000,59057.73000000,59060.61000000,667.34722000,60,60,False
1714694400000,1714698000000,59060.60000000,59131.10000000,58811.32000000,59031.81000000,1076.30755000,60,60,False
1714698000000,1714701600000,59031.81000000,59498.00000000,59004.00000000,59311.11000000,1001.70969000,60,60,False
1714701600000,1714705200000,59311.10000000,59916.12000000,59255.22000000,59543.76000000,1463.51964000,60,60,False
1714705200000,1714708800000,59543.75000000,59999.00000000,59504.00000000,59720.30000000,1567.87229000,60,60,False
1714708800000,1714712400000,59720.30000000,59844.94000000,59548.00000000,59604.00000000,781.48259000,60,60,False
1714712400000,1714716000000,59604.00000000,59627.90000000,59468.89000000,59522.67000000,819.16238000,60,60,False
1714716000000,1714719600000,59522.68000000,59574.60000000,59233.30000000,59254.74000000,941.00457000,60,60,False
1714719600000,1714723200000,59254.75000000,59423.00000000,59061.63000000,59190.74000000,1367.38406000,60,60,False
1714723200000,1714726800000,59190.74000000,59388.00000000,59136.49000000,59225.99000000,591.24312000,60,60,False
1714726800000,1714730400000,59225.99000000,59575.48000000,59196.11000000,59481.12000000,748.34076000,60,60,False
1714730400000,1714734000000,59481.11000000,59486.63000000,58849.94000000,59040.00000000,1218.99315000,60,60,False
1714734000000,1714737600000,59040.01000000,59438.08000000,58867.92000000,59291.09000000,1082.27573000,60,60,False
1714737600000,1714741200000,59291.10000000,60779.29000000,58991.99000000,60641.00000000,5944.47468000,60,60,False
1714741200000,1714744800000,60641.00000000,61836.60000000,60523.34000000,61689.94000000,7023.53920000,60,60,False
1714744800000,1714748400000,61689.95000000,62115.64000000,61347.10000000,61618.17000000,3790.61596000,60,60,False
1714748400000,1714752000000,61618.16000000,61800.00000000,61335.69000000,61690.74000000,2433.09528000,60,60,False
1714752000000,1714755600000,61690.74000000,62179.99000000,61538.70000000,61681.99000000,1826.92288000,60,60,False
1714755600000,1714759200000,61682.00000000,61953.80000000,61533.20000000,61805.85000000,919.09272000,60,60,False
1714759200000,1714762800000,61805.84000000,61986.00000000,61695.00000000,61829.16000000,722.65945000,60,60,False
1714762800000,1714766400000,61829.15000000,62103.00000000,61597.14000000,62067.32000000,1125.63982000,60,60,False
1714766400000,1714770000000,62067.32000000,63202.97000000,61974.00000000,62900.00000000,3397.32160000,60,60,False
1714770000000,1714773600000,62899.99000000,62950.00000000,62361.96000000,62738.00000000,1319.94037000,60,60,False
1714773600000,1714777200000,62738.00000000,63005.47000000,62637.76000000,62782.43000000,1144.37346000,60,60,False
1714777200000,1714780800000,62782.42000000,63333.00000000,62769.86000000,62882.01000000,1321.43048000,60,60,False
1714780800000,1714784400000,62882.01000000,63171.16000000,62765.41000000,63083.99000000,1013.93188000,60,60,False
1714784400000,1714788000000,63083.99000000,63595.14000000,62797.18000000,62856.03000000,1868.71505000,60,60,False
1714788000000,1714791600000,62856.03000000,62900.00000000,62541.03000000,62699.07000000,1116.97163000,60,60,False
1714791600000,1714795200000,62699.07000000,62884.62000000,62662.00000000,62724.00000000,743.84639000,60,60,False
1714795200000,1714798800000,62724.00000000,63188.00000000,62686.00000000,63057.99000000,1066.51518000,60,60,False
1714798800000,1714802400000,63057.99000000,63450.00000000,62956.00000000,63384.01000000,886.44995000,60,60,False
1714802400000,1714806000000,63384.01000000,63390.06000000,62905.65000000,62966.93000000,706.19997000,60,60,False
1714806000000,1714809600000,62966.92000000,63132.57000000,62851.96000000,62959.03000000,609.42314000,60,60,False
1714809600000,1714813200000,62959.03000000,63226.43000000,62924.37000000,63160.95000000,620.20966000,60,60,False
1714813200000,1714816800000,63160.95000000,63300.00000000,63055.55000000,63179.80000000,576.45042000,60,60,False
1714816800000,1714820400000,63179.80000000,64497.99000000,63110.66000000,64420.91000000,2955.45058000,60,60,False
1714820400000,1714824000000,64420.90000000,64540.00000000,63658.79000000,63873.31000000,2394.63450000,60,60,False
1714824000000,1714827600000,63873.30000000,64098.63000000,63758.51000000,64066.35000000,1062.45014000,60,60,False
1714827600000,1714831200000,64066.34000000,64158.19000000,63434.53000000,63730.01000000,1239.67887000,60,60,False
1714831200000,1714834800000,63730.00000000,63956.00000000,63550.28000000,63819.09000000,653.55283000,60,60,False
1714834800000,1714838400000,63819.08000000,63846.00000000,63439.56000000,63609.17000000,856.25184000,60,60,False
1714838400000,1714842000000,63609.17000000,63731.86000000,63386.01000000,63683.01000000,843.18577000,60,60,False
1714842000000,1714845600000,63683.02000000,63774.60000000,63300.58000000,63463.30000000,1498.72371000,60,60,False
1714845600000,1714849200000,63463.30000000,63744.69000000,63388.12000000,63643.63000000,555.54541000,60,60,False
1714849200000,1714852800000,63643.63000000,64019.83000000,63540.41000000,63921.18000000,720.51785000,60,60,False
1714852800000,1714856400000,63921.17000000,64240.76000000,63853.74000000,63867.73000000,614.00937000,60,60,False
1714856400000,1714860000000,63867.74000000,64112.51000000,63550.00000000,63903.91000000,677.89826000,60,60,False
1714860000000,1714863600000,63903.91000000,63945.92000000,63569.99000000,63613.92000000,636.23199000,60,60,False
1714863600000,1714867200000,63613.92000000,63932.61000000,63606.62000000,63892.04000000,451.84843000,60,60,False
1714867200000,1714870800000,63892.03000000,64188.00000000,63418.53000000,63509.52000000,1260.64900000,60,60,False
1714870800000,1714874400000,63509.52000000,63580.00000000,62822.17000000,63315.47000000,1694.41166000,60,60,False
1714874400000,1714878000000,63315.47000000,63432.40000000,63140.00000000,63141.71000000,566.24565000,60,60,False
1714878000000,1714881600000,63141.70000000,63271.81000000,63001.00000000,63235.93000000,502.50487000,60,60,False
1714881600000,1714885200000,63235.93000000,63426.01000000,63234.24000000,63345.20000000,369.34259000,60,60,False
1714885200000,1714888800000,63345.19000000,63493.55000000,63119.32000000,63211.67000000,401.54192000,60,60,False
1714888800000,1714892400000,63211.66000000,63457.51000000,63162.00000000,63382.84000000,351.10233000,60,60,False
1714892400000,1714896000000,63382.83000000,63959.00000000,63362.00000000,63736.87000000,862.96983000,60,60,False
1714896000000,1714899600000,63736.86000000,63932.57000000,63539.53000000,63668.00000000,1001.23129000,60,60,False
1714899600000,1714903200000,63668.00000000,63743.43000000,63550.28000000,63673.42000000,440.87609000,60,60,False
1714903200000,1714906800000,63673.41000000,63844.33000000,63555.39000000,63688.48000000,421.33487000,60,60,False
1714906800000,1714910400000,63688.49000000,63937.17000000,63609.48000000,63859.63000000,567.89348000,60,60,False
1714910400000,1714914000000,63859.63000000,63884.00000000,63633.01000000,63725.33000000,534.04918000,60,60,False
1714914000000,1714917600000,63725.32000000,64279.99000000,63618.91000000,64119.92000000,1786.78823000,60,60,False
1714917600000,1714921200000,64119.91000000,64148.08000000,63751.02000000,64100.00000000,739.19784000,60,60,False
1714921200000,1714924800000,64100.01000000,64646.00000000,63989.23000000,64428.65000000,2345.80267000,60,60,False
1714924800000,1714928400000,64428.64000000,64554.68000000,64196.73000000,64321.99000000,972.09408000,60,60,False
1714928400000,1714932000000,64322.00000000,64476.00000000,64155.77000000,64218.00000000,656.34035000,60,60,False
1714932000000,1714935600000,64218.00000000,64249.42000000,63811.01000000,63932.60000000,911.21569000,60,60,False
1714935600000,1714939200000,63932.61000000,63999.99000000,63843.99000000,63879.94000000,332.26170000,60,60,False
1714939200000,1714942800000,63879.94000000,63879.95000000,63582.08000000,63738.78000000,499.15062000,60,60,False
1714942800000,1714946400000,63738.77000000,63868.41000000,63600.00000000,63868.41000000,343.20421000,60,60,False
1714946400000,1714950000000,63868.41000000,63891.22000000,63704.32000000,63860.01000000,290.19456000,60,60,False
1714950000000,1714953600000,63860.01000000,64227.51000000,63825.35000000,64012.00000000,676.34758000,60,60,False
1714953600000,1714957200000,64012.00000000,64346.24000000,64011.01000000,64218.02000000,560.19841000,60,60,False
1714957200000,1714960800000,64218.02000000,64465.00000000,64058.82000000,64147.22000000,854.81882000,60,60,False
1714960800000,1714964400000,64147.22000000,64227.51000000,63826.08000000,63826.09000000,1099.88280000,60,60,False
1714964400000,1714968000000,63826.08000000,63935.31000000,63708.58000000,63866.59000000,647.40358000,60,60,False
1714968000000,1714971600000,63866.59000000,64185.58000000,63768.72000000,64166.00000000,1003.49641000,60,60,False
1714971600000,1714975200000,64166.01000000,64331.58000000,64036.00000000,64186.93000000,811.25785000,60,60,False
1714975200000,1714978800000,64186.93000000,64473.78000000,64137.92000000,64230.02000000,945.78691000,60,60,False
1714978800000,1714982400000,64230.02000000,64588.00000000,64150.00000000,64540.75000000,1368.72558000,60,60,False
1714982400000,1714986000000,64540.75000000,65500.00000000,64462.48000000,65143.04000000,3758.43767000,60,60,False
1714986000000,1714989600000,65143.04000000,65360.12000000,65111.10000000,65166.20000000,1065.18552000,60,60,False
1714989600000,1714993200000,65166.20000000,65275.00000000,63815.38000000,64007.17000000,3241.26513000,60,60,False
1714993200000,1714996800000,64007.16000000,64359.39000000,64003.49000000,64203.56000000,1289.12020000,60,60,False
1714996800000,1715000400000,64203.55000000,64319.86000000,63343.86000000,63593.99000000,3239.03285000,60,60,False
1715000400000,1715004000000,63593.99000000,63998.47000000,63450.00000000,63870.00000000,1925.28163000,60,60,False
1715004000000,1715007600000,63870.01000000,64261.08000000,63211.66000000,63271.97000000,2546.60149000,60,60,False
1715007600000,1715011200000,63271.97000000,63760.00000000,62909.61000000,63632.01000000,3071.45824000,60,60,False
1715011200000,1715014800000,63632.01000000,63747.59000000,63079.60000000,63192.43000000,1310.82401000,60,60,False
1715014800000,1715018400000,63192.42000000,63511.84000000,62968.57000000,63169.93000000,1326.88967000,60,60,False
1715018400000,1715022000000,63169.92000000,63532.05000000,62965.40000000,63400.00000000,967.44266000,60,60,False
1715022000000,1715025600000,63400.00000000,63404.80000000,62700.00000000,63220.00000000,1434.80332000,60,60,False
1715025600000,1715029200000,63220.00000000,63405.61000000,63051.94000000,63308.28000000,631.68257000,60,60,False
1715029200000,1715032800000,63308.28000000,63611.85000000,63308.27000000,63550.29000000,501.14599000,60,60,False
1715032800000,1715036400000,63550.29000000,63570.00000000,63406.13000000,63495.67000000,386.90151000,60,60,False
1715036400000,1715040000000,63495.67000000,63495.67000000,63134.85000000,63165.19000000,687.27667000,60,60,False
1715040000000,1715043600000,63165.18000000,63667.00000000,62960.00000000,63545.45000000,928.47484000,60,60,False
1715043600000,1715047200000,63545.44000000,63967.19000000,63480.00000000,63895.72000000,1085.17625000,60,60,False
1715047200000,1715050800000,63895.72000000,63953.34000000,63620.03000000,63702.76000000,515.58031000,60,60,False
1715050800000,1715054400000,63702.76000000,63733.16000000,62832.60000000,63239.49000000,1476.62405000,60,60,False
1715054400000,1715058000000,63239.50000000,63470.58000000,63092.76000000,63466.26000000,660.87016000,60,60,False
1715058000000,1715061600000,63466.27000000,63725.00000000,63243.92000000,63563.48000000,863.98722000,60,60,False
1715061600000,1715065200000,63563.47000000,63719.20000000,63394.28000000,63623.81000000,670.64396000,60,60,False
1715065200000,1715068800000,63623.81000000,63853.12000000,63549.99000000,63669.69000000,675.97144000,60,60,False
1715068800000,1715072400000,63669.69000000,64422.41000000,63596.13000000,64232.00000000,1813.93045000,60,60,False
1715072400000,1715076000000,64231.99000000,64362.70000000,64064.34000000,64119.98000000,876.33820000,60,60,False
1715076000000,1715079600000,64119.98000000,64171.83000000,63746.69000000,64086.37000000,1107.35526000,60,60,False
1715079600000,1715083200000,64086.37000000,64124.05000000,63358.00000000,63490.43000000,1203.63388000,60,60,False
1715083200000,1715086800000,63490.43000000,63772.45000000,63473.73000000,63663.02000000,808.51866000,60,60,False
1715086800000,1715090400000,63663.03000000,63712.86000000,63112.57000000,63213.16000000,1114.61286000,60,60,False
1715090400000,1715094000000,63213.17000000,64088.53000000,63050.77000000,64024.47000000,1473.30207000,60,60,False
1715094000000,1715097600000,64024.47000000,64320.00000000,63584.28000000,63740.48000000,2024.43200000,60,60,False
1715097600000,1715101200000,63740.48000000,63895.46000000,63455.56000000,63634.00000000,834.79206000,60,60,False
1715101200000,1715104800000,63633.99000000,63657.40000000,63310.84000000,63391.79000000,634.53809000,60,60,False
1715104800000,1715108400000,63391.79000000,63393.52000000,62789.89000000,63169.99000000,1486.25347000,60,60,False
1715108400000,1715112000000,63169.99000000,63269.20000000,62961.81000000,63060.01000000,626.71829000,60,60,False
1715112000000,1715115600000,63060.00000000,63197.58000000,62888.68000000,62974.94000000,554.56501000,60,60,False
1715115600000,1715119200000,62974.94000000,63162.28000000,62835.00000000,63074.01000000,577.89635000,60,60,False
1715119200000,1715122800000,63074.01000000,63123.60000000,62738.80000000,62850.92000000,1499.83173000,60,60,False
1715122800000,1715126400000,62850.92000000,62880.00000000,62261.00000000,62312.08000000,2084.74811000,60,60,False
1715126400000,1715130000000,62312.07000000,62729.77000000,62111.00000000,62586.01000000,1290.47582000,60,60,False
1715130000000,1715133600000,62586.01000000,62718.38000000,62430.00000000,62530.31000000,791.74180000,60,60,False
1715133600000,1715137200000,62530.31000000,62849.03000000,62530.30000000,62756.01000000,608.88070000,60,60,False
1715137200000,1715140800000,62756.00000000,62973.18000000,62588.00000000,62893.99000000,646.72460000,60,60,False
1715140800000,1715144400000,62894.00000000,63020.22000000,62358.09000000,62520.15000000,950.04767000,60,60,False
1715144400000,1715148000000,62520.15000000,62760.00000000,62361.51000000,62617.71000000,564.73818000,60,60,False
1715148000000,1715151600000,62617.71000000,62709.63000000,62135.48000000,62505.98000000,1299.96940000,60,60,False
1715151600000,1715155200000,62505.99000000,62603.64000000,62020.09000000,62208.00000000,1045.14323000,60,60,False
1715155200000,1715158800000,62208.00000000,62427.97000000,62042.00000000,62375.99000000,1032.41734000,60,60,False
1715158800000,1715162400000,62375.99000000,62428.00000000,62082.30000000,62302.01000000,1000.99800000,60,60,False
1715162400000,1715166000000,62302.00000000,62519.70000000,62264.19000000,62450.05000000,809.67814000,60,60,False
1715166000000,1715169600000,62450.06000000,62507.00000000,62131.41000000,62243.40000000,670.36372000,60,60,False
1715169600000,1715173200000,62243.40000000,62450.14000000,62093.75000000,62238.29000000,730.29598000,60,60,False
1715173200000,1715176800000,62238.29000000,62461.28000000,61761.00000000,62447.61000000,2047.08478000,60,60,False
1715176800000,1715180400000,62447.60000000,62828.00000000,62160.72000000,62560.01000000,1703.94563000,60,60,False
1715180400000,1715184000000,62560.00000000,62604.35000000,61886.86000000,62273.08000000,1676.92072000,60,60,False
1715184000000,1715187600000,62273.07000000,62444.45000000,62000.00000000,62444.45000000,800.51936000,60,60,False
1715187600000,1715191200000,62444.45000000,62685.70000000,62368.06000000,62594.18000000,721.63706000,60,60,False
1715191200000,1715194800000,62594.19000000,62760.00000000,62450.00000000,62515.46000000,605.54987000,60,60,False
1715194800000,1715198400000,62515.46000000,62548.71000000,61949.42000000,62179.45000000,1173.43420000,60,60,False
1715198400000,1715202000000,62179.45000000,62248.84000000,61429.62000000,61570.01000000,1896.44470000,60,60,False
1715202000000,1715205600000,61570.00000000,61763.37000000,61382.00000000,61485.94000000,938.44954000,60,60,False
1715205600000,1715209200000,61485.95000000,61568.85000000,61103.26000000,61251.01000000,1500.49677000,60,60,False
1715209200000,1715212800000,61251.02000000,61280.46000000,60888.00000000,61193.03000000,1615.23283000,60,60,False
1715212800000,1715216400000,61193.03000000,61468.14000000,61144.33000000,61400.00000000,669.86550000,60,60,False
1715216400000,1715220000000,61400.01000000,61567.41000000,61380.54000000,61551.00000000,607.39768000,60,60,False
1715220000000,1715223600000,61550.99000000,61694.91000000,61490.34000000,61664.64000000,656.06328000,60,60,False
1715223600000,1715227200000,61664.64000000,61806.98000000,61423.24000000,61680.40000000,788.29083000,60,60,False
1715227200000,1715230800000,61680.40000000,61760.60000000,61420.00000000,61511.12000000,848.22051000,60,60,False
1715230800000,1715234400000,61511.13000000,61727.58000000,61444.44000000,61580.01000000,686.18536000,60,60,False
1715234400000,1715238000000,61580.01000000,61780.60000000,61530.69000000,61616.01000000,524.85549000,60,60,False
1715238000000,1715241600000,61616.00000000,61648.00000000,61129.00000000,61253.16000000,846.09087000,60,60,False
1715241600000,1715245200000,61253.16000000,61447.06000000,61139.79000000,61310.00000000,927.28068000,60,60,False
1715245200000,1715248800000,61309.99000000,61361.94000000,60923.22000000,61289.99000000,1553.16258000,60,60,False
1715248800000,1715252400000,61289.99000000,61321.76000000,60774.67000000,60805.99000000,1272.99616000,60,60,False
1715252400000,1715256000000,60805.99000000,61177.94000000,60630.00000000,61053.99000000,1608.93152000,60,60,False
1715256000000,1715259600000,61053.99000000,61631.03000000,61025.42000000,61516.66000000,1514.01068000,60,60,False
1715259600000,1715263200000,61516.66000000,61538.73000000,60882.19000000,61182.33000000,1609.99212000,60,60,False
1715263200000,1715266800000,61182.32000000,61571.42000000,61119.10000000,61540.61000000,1537.77848000,60,60,False
1715266800000,1715270400000,61540.60000000,62285.00000000,61465.36000000,62159.06000000,3626.55350000,60,60,False
1715270400000,1715274000000,62159.06000000,62668.67000000,61820.77000000,61859.81000000,3589.58861000,60,60,False
1715274000000,1715277600000,61859.80000000,62211.45000000,61750.00000000,61946.29000000,1125.20218000,60,60,False
1715277600000,1715281200000,61946.30000000,62260.00000000,61890.00000000,62259.69000000,640.09588000,60,60,False
1715281200000,1715284800000,62259.68000000,62550.00000000,62180.00000000,62454.92000000,926.36456000,60,60,False
1715284800000,1715288400000,62454.92000000,62659.51000000,62346.36000000,62624.70000000,1263.92993000,60,60,False
1715288400000,1715292000000,62624.70000000,62822.64000000,62426.82000000,62543.34000000,1306.15453000,60,60,False
1715292000000,1715295600000,62543.34000000,63429.03000000,62493.00000000,63280.47000000,1525.42563000,60,60,False
1715295600000,1715299200000,63280.46000000,63330.01000000,62862.72000000,63074.01000000,1006.36954000,60,60,False
1715299200000,1715302800000,63074.00000000,63094.01000000,62742.00000000,62840.73000000,768.11834000,60,60,False
1715302800000,1715306400000,62840.72000000,62968.00000000,62662.07000000,62883.50000000,776.17158000,60,60,False
1715306400000,1715310000000,62883.50000000,63043.29000000,62771.76000000,62910.61000000,605.44697000,60,60,False
1715310000000,1715313600000,62910.62000000,62932.15000000,62793.94000000,62916.16000000,586.04818000,60,60,False
1715313600000,1715317200000,62916.16000000,63008.00000000,62793.04000000,62929.99000000,607.57275000,60,60,False
1715317200000,1715320800000,62930.00000000,62973.49000000,62660.42000000,62767.99000000,608.04587000,60,60,False
1715320800000,1715324400000,62768.00000000,63236.96000000,62743.88000000,63166.00000000,828.39836000,60,60,False
1715324400000,1715328000000,63166.00000000,63380.00000000,62990.44000000,63078.02000000,2785.46141000,60,60,False
1715328000000,1715331600000,63078.01000000,63136.06000000,62839.67000000,63039.99000000,866.50642000,60,60,False
1715331600000,1715335200000,63040.00000000,63214.63000000,62850.00000000,63126.98000000,690.97981000,60,60,False
1715335200000,1715338800000,63126.97000000,63139.19000000,62860.00000000,63025.45000000,630.43874000,60,60,False
1715338800000,1715342400000,63025.44000000,63320.00000000,62800.00000000,63299.63000000,984.57483000,60,60,False
1715342400000,1715346000000,63299.63000000,63469.13000000,62939.00000000,63007.92000000,1387.45502000,60,60,False
1715346000000,1715349600000,63007.91000000,63107.17000000,62812.26000000,63004.00000000,838.68751000,60,60,False
1715349600000,1715353200000,63004.00000000,63090.33000000,60690.00000000,61063.87000000,7058.22394000,60,60,False
1715353200000,1715356800000,61063.87000000,61326.01000000,60703.00000000,60928.02000000,4160.52276000,60,60,False
1715356800000,1715360400000,60928.02000000,61294.82000000,60255.00000000,61071.54000000,3344.86696000,60,60,False
1715360400000,1715364000000,61071.55000000,61071.55000000,60187.12000000,60383.72000000,2970.16569000,60,60,False
1715364000000,1715367600000,60383.71000000,60788.00000000,60220.87000000,60717.07000000,1476.02208000,60,60,False
1715367600000,1715371200000,60717.08000000,60922.29000000,60538.70000000,60716.97000000,1657.60008000,60,60,False
1715371200000,1715374800000,60716.96000000,60977.17000000,60456.91000000,60516.92000000,1289.75299000,60,60,False
1715374800000,1715378400000,60516.91000000,60777.70000000,60466.52000000,60710.00000000,602.33189000,60,60,False
1715378400000,1715382000000,60709.99000000,60931.80000000,60610.00000000,60854.01000000,577.19897000,60,60,False
1715382000000,1715385600000,60854.00000000,61003.00000000,60776.00000000,60799.99000000,428.74910000,60,60,False
1715385600000,1715389200000,60799.99000000,60930.00000000,60650.00000000,60779.99000000,746.64617000,60,60,False
1715389200000,1715392800000,60779.99000000,61096.27000000,60764.00000000,60876.69000000,783.97486000,60,60,False
1715392800000,1715396400000,60876.70000000,60977.77000000,60753.54000000,60895.23000000,495.30171000,60,60,False
1715396400000,1715400000000,60895.22000000,60918.86000000,60699.92000000,60731.90000000,337.27232000,60,60,False
1715400000000,1715403600000,60731.89000000,60880.26000000,60712.00000000,60766.01000000,569.08381000,60,60,False
1715403600000,1715407200000,60766.00000000,60939.18000000,60766.00000000,60922.00000000,446.69119000,60,60,False
1715407200000,1715410800000,60921.99000000,61080.00000000,60900.94000000,60953.01000000,549.19603000,60,60,False
1715410800000,1715414400000,60953.00000000,61018.53000000,60861.88000000,61018.52000000,393.52493000,60,60,False
1715414400000,1715418000000,61018.53000000,61058.75000000,60780.00000000,60790.00000000,504.38143000,60,60,False
1715418000000,1715421600000,60790.01000000,60904.43000000,60662.00000000,60904.43000000,1137.87555000,60,60,False
1715421600000,1715425200000,60904.42000000,60904.43000000,60692.00000000,60745.99000000,321.65383000,60,60,False
1715425200000,1715428800000,60745.99000000,60790.00000000,60487.09000000,60684.01000000,658.32615000,60,60,False
1715428800000,1715432400000,60684.00000000,60818.14000000,60643.94000000,60710.01000000,421.01411000,60,60,False
1715432400000,1715436000000,60710.01000000,60986.11000000,60666.88000000,60972.00000000,515.98045000,60,60,False
1715436000000,1715439600000,60972.01000000,61000.01000000,60783.94000000,60840.01000000,435.96157000,60,60,False
1715439600000,1715443200000,60840.01000000,61515.00000000,60840.00000000,61174.18000000,1610.22371000,60,60,False
1715443200000,1715446800000,61174.18000000,61410.09000000,61091.84000000,61201.19000000,895.98600000,60,60,False
1715446800000,1715450400000,61201.20000000,61257.99000000,61016.00000000,61099.05000000,467.76216000,60,60,False
1715450400000,1715454000000,61099.04000000,61300.00000000,61016.00000000,61214.54000000,324.43989000,60,60,False
1715454000000,1715457600000,61214.55000000,61217.00000000,61058.31000000,61144.00000000,270.26577000,60,60,False
1715457600000,1715461200000,61144.01000000,61154.21000000,60784.39000000,61016.58000000,631.96735000,60,60,False
1715461200000,1715464800000,61016.57000000,61016.58000000,60840.00000000,60919.55000000,241.44046000,60,60,False
1715464800000,1715468400000,60919.55000000,60990.00000000,60899.26000000,60909.99000000,278.28232000,60,60,False
1715468400000,1715472000000,60909.99000000,60986.41000000,60743.51000000,60825.99000000,337.31759000,60,60,False
1715472000000,1715475600000,60825.99000000,61104.05000000,60804.00000000,60978.00000000,437.42056000,60,60,False
1715475600000,1715479200000,60977.99000000,61080.00000000,60860.30000000,60867.99000000,319.12655000,60,60,False
1715479200000,1715482800000,60868.00000000,60979.99000000,60833.99000000,60929.85000000,268.29136000,60,60,False
1715482800000,1715486400000,60929.86000000,60970.00000000,60863.81000000,60930.00000000,241.95581000,60,60,False
1715486400000,1715490000000,60930.01000000,61120.00000000,60919.33000000,61100.00000000,356.79079000,60,60,False
1715490000000,1715493600000,61100.01000000,61100.01000000,60978.64000000,61050.01000000,206.38871000,60,60,False
1715493600000,1715497200000,61050.01000000,61062.00000000,60945.04000000,60946.49000000,186.95925000,60,60,False
1715497200000,1715500800000,60946.49000000,60996.00000000,60610.00000000,60820.00000000,664.15041000,60,60,False
1715500800000,1715504400000,60819.99000000,61110.00000000,60790.94000000,61049.97000000,542.22786000,60,60,False
1715504400000,1715508000000,61049.97000000,61083.32000000,60960.00000000,61000.00000000,428.10304000,60,60,False
1715508000000,1715511600000,61000.01000000,61366.59000000,60950.00000000,61159.99000000,1003.15244000,60,60,False
1715511600000,1715515200000,61159.99000000,61233.06000000,61110.00000000,61146.00000000,367.15418000,60,60,False
1715515200000,1715518800000,61145.99000000,61236.25000000,61090.00000000,61155.75000000,385.00105000,60,60,False
1715518800000,1715522400000,61155.75000000,61245.94000000,61097.89000000,61191.29000000,273.91856000,60,60,False
1715522400000,1715526000000,61191.29000000,61313.82000000,61124.77000000,61168.82000000,438.56708000,60,60,False
1715526000000,1715529600000,61168.83000000,61587.12000000,61146.01000000,61419.00000000,950.94806000,60,60,False
1715529600000,1715533200000,61419.01000000,61888.00000000,61346.77000000,61346.77000000,1686.64498000,60,60,False
1715533200000,1715536800000,61346.77000000,61685.50000000,61109.67000000,61616.30000000,1222.21509000,60,60,False
1715536800000,1715540400000,61616.30000000,61652.70000000,61355.00000000,61373.94000000,465.50009000,60,60,False
1715540400000,1715544000000,61373.95000000,61442.67000000,61209.59000000,61406.10000000,446.02131000,60,60,False
1715544000000,1715547600000,61406.11000000,61432.00000000,61283.24000000,61284.03000000,301.47437000,60,60,False
1715547600000,1715551200000,61284.03000000,61316.67000000,60910.58000000,61236.00000000,735.99173000,60,60,False
1715551200000,1715554800000,61236.00000000,61420.00000000,61203.36000000,61326.00000000,389.40868000,60,60,False
1715554800000,1715558400000,61326.00000000,61551.43000000,61280.00000000,61483.99000000,435.72040000,60,60,False
1715558400000,1715562000000,61484.00000000,61812.00000000,61483.99000000,61512.89000000,628.32045000,60,60,False
1715562000000,1715565600000,61512.90000000,61545.77000000,61168.86000000,61415.87000000,863.29014000,60,60,False
1715565600000,1715569200000,61415.88000000,61500.00000000,60944.71000000,61044.26000000,1697.35769000,60,60,False
1715569200000,1715572800000,61044.26000000,61220.79000000,60749.21000000,61170.00000000,2162.71467000,60,60,False
1715572800000,1715576400000,61170.00000000,61170.01000000,60894.24000000,60976.96000000,859.54264000,60,60,False
1715576400000,1715580000000,60976.96000000,61016.00000000,60802.00000000,60858.97000000,556.81825000,60,60,False
1715580000000,1715583600000,60858.96000000,61560.00000000,60797.79000000,61504.10000000,1137.89174000,60,60,False
1715583600000,1715587200000,61504.09000000,62450.00000000,61460.00000000,62334.37000000,2210.91546000,60,60,False
1715587200000,1715590800000,62334.36000000,63080.00000000,62334.36000000,62767.18000000,4637.85443000,60,60,False
1715590800000,1715594400000,62767.19000000,63295.48000000,62767.18000000,63060.60000000,1765.61513000,60,60,False
1715594400000,1715598000000,63060.61000000,63087.11000000,62378.84000000,62674.70000000,1960.81395000,60,60,False
1715598000000,1715601600000,62674.69000000,62770.94000000,62480.57000000,62738.00000000,849.04121000,60,60,False
1715601600000,1715605200000,62737.99000000,62913.30000000,62399.35000000,62844.04000000,1946.16246000,60,60,False
1715605200000,1715608800000,62844.03000000,63048.05000000,62600.79000000,62779.66000000,1400.96683000,60,60,False
1715608800000,1715612400000,62779.66000000,63100.00000000,62729.12000000,62747.87000000,1221.94263000,60,60,False
1715612400000,1715616000000,62747.88000000,63200.00000000,62703.42000000,63002.00000000,1273.83230000,60,60,False
1715616000000,1715619600000,63002.00000000,63450.00000000,62917.55000000,63178.89000000,2043.50104000,60,60,False
1715619600000,1715623200000,63178.89000000,63189.48000000,62610.00000000,62810.51000000,1332.46033000,60,60,False
1715623200000,1715626800000,62810.51000000,62827.31000000,62566.36000000,62786.90000000,709.19100000,60,60,False
1715626800000,1715630400000,62786.90000000,63188.76000000,62786.90000000,63172.69000000,1427.27778000,60,60,False
1715630400000,1715634000000,63172.70000000,63193.59000000,62990.84000000,63091.89000000,528.05806000,60,60,False
1715634000000,1715637600000,63091.88000000,63120.00000000,62840.00000000,62901.75000000,422.29886000,60,60,False
1715637600000,1715641200000,62901.76000000,62952.20000000,62715.57000000,62770.00000000,605.26179000,60,60,False
1715641200000,1715644800000,62770.00000000,62980.15000000,62716.13000000,62940.08000000,492.28955000,60,60,False
1715644800000,1715648400000,62940.09000000,63118.36000000,62721.98000000,62815.03000000,964.38605000,60,60,False
1715648400000,1715652000000,62815.02000000,63019.80000000,62577.99000000,62652.02000000,805.39253000,60,60,False
1715652000000,1715655600000,62652.01000000,62711.06000000,62500.00000000,62541.99000000,1160.02244000,60,60,False
1715655600000,1715659200000,62541.99000000,62696.42000000,62403.22000000,62488.46000000,1256.12532000,60,60,False
1715659200000,1715662800000,62488.46000000,62669.48000000,62401.07000000,62550.22000000,678.86922000,60,60,False
1715662800000,1715666400000,62550.22000000,62780.73000000,62487.18000000,62717.22000000,664.97541000,60,60,False
1715666400000,1715670000000,62717.22000000,62717.22000000,61404.34000000,62042.00000000,3558.59149000,60,60,False
1715670000000,1715673600000,62041.99000000,62116.80000000,61820.24000000,62035.39000000,1227.22365000,60,60,False
1715673600000,1715677200000,62035.39000000,62045.80000000,61697.05000000,61861.00000000,1125.77609000,60,60,False
1715677200000,1715680800000,61861.01000000,61954.90000000,61755.57000000,61797.85000000,451.10485000,60,60,False
1715680800000,1715684400000,61797.84000000,61822.19000000,61520.89000000,61719.01000000,781.38375000,60,60,False
1715684400000,1715688000000,61719.00000000,61895.83000000,61696.96000000,61798.57000000,620.09187000,60,60,False
1715688000000,1715691600000,61798.57000000,62108.00000000,61151.00000000,61566.52000000,2759.73245000,60,60,False
1715691600000,1715695200000,61566.53000000,62054.77000000,61452.16000000,61695.98000000,1274.03831000,60,60,False
1715695200000,1715698800000,61695.98000000,62300.00000000,61142.77000000,61803.74000000,3353.67600000,60,60,False
1715698800000,1715702400000,61803.74000000,62063.56000000,61650.00000000,61787.61000000,1984.04331000,60,60,False
1715702400000,1715706000000,61787.60000000,61816.34000000,61201.10000000,61427.54000000,1837.56692000,60,60,False
1715706000000,1715709600000,61427.54000000,61535.28000000,61159.34000000,61314.98000000,1680.60143000,60,60,False
1715709600000,1715713200000,61314.99000000,61463.15000000,61224.07000000,61429.99000000,587.85567000,60,60,False
1715713200000,1715716800000,61430.00000000,61680.00000000,61397.20000000,61596.52000000,566.58472000,60,60,False
1715716800000,1715720400000,61596.51000000,61710.00000000,61561.14000000,61610.04000000,353.70558000,60,60,False
1715720400000,1715724000000,61610.04000000,61789.99000000,61472.41000000,61694.56000000,560.50715000,60,60,False
1715724000000,1715727600000,61694.57000000,61766.28000000,61570.00000000,61708.79000000,514.93360000,60,60,False
1715727600000,1715731200000,61708.78000000,61726.62000000,61540.00000000,61577.49000000,321.53260000,60,60,False
1715731200000,1715734800000,61577.49000000,61800.00000000,61319.47000000,61438.35000000,723.56318000,60,60,False
1715734800000,1715738400000,61438.35000000,61760.04000000,61432.01000000,61696.00000000,520.34527000,60,60,False
1715738400000,1715742000000,61695.99000000,61908.47000000,61690.21000000,61774.01000000,452.58568000,60,60,False
1715742000000,1715745600000,61774.01000000,62033.48000000,61772.44000000,61949.99000000,454.46345000,60,60,False
1715745600000,1715749200000,61949.99000000,61982.00000000,61818.18000000,61900.00000000,467.92340000,60,60,False
1715749200000,1715752800000,61900.00000000,62082.64000000,61880.00000000,61928.68000000,585.31826000,60,60,False
1715752800000,1715756400000,61928.67000000,61986.00000000,61829.96000000,61962.75000000,521.14334000,60,60,False
1715756400000,1715760000000,61962.75000000,62280.01000000,61889.52000000,62195.04000000,926.14420000,60,60,False
1715760000000,1715763600000,62195.04000000,62265.98000000,62044.80000000,62143.51000000,724.23421000,60,60,False
1715763600000,1715767200000,62143.51000000,62919.12000000,61923.20000000,62649.98000000,1736.05036000,60,60,False
1715767200000,1715770800000,62649.98000000,62999.44000000,62355.71000000,62674.71000000,2222.08933000,60,60,False
1715770800000,1715774400000,62674.70000000,62824.30000000,62242.42000000,62467.18000000,1159.59947000,60,60,False
1715774400000,1715778000000,62467.18000000,64200.93000000,62402.03000000,63757.56000000,6238.52577000,60,60,False
1715778000000,1715781600000,63757.57000000,64663.56000000,63535.89000000,64145.99000000,5375.59068000,60,60,False
1715781600000,1715785200000,64146.00000000,64500.00000000,63990.62000000,64500.00000000,3056.46005000,60,60,False
1715785200000,1715788800000,64499.99000000,65057.26000000,64367.14000000,64725.11000000,3812.06983000,60,60,False
1715788800000,1715792400000,64725.12000000,65150.00000000,64720.00000000,64759.27000000,2048.80981000,60,60,False
1715792400000,1715796000000,64759.26000000,65127.64000000,64759.26000000,65046.56000000,1641.86445000,60,60,False
1715796000000,1715799600000,65046.56000000,65791.12000000,64960.99000000,65717.28000000,2962.40794000,60,60,False
1715799600000,1715803200000,65717.28000000,66419.15000000,65302.44000000,66006.23000000,3137.65546000,60,60,False
1715803200000,1715806800000,66006.23000000,66085.50000000,65738.00000000,65930.87000000,1413.72890000,60,60,False
1715806800000,1715810400000,65930.88000000,66200.00000000,65779.88000000,65859.99000000,851.90346000,60,60,False
1715810400000,1715814000000,65859.99000000,66290.32000000,65842.61000000,66116.30000000,1204.41155000,60,60,False
1715814000000,1715817600000,66116.31000000,66444.16000000,66072.00000000,66206.50000000,1322.85914000,60,60,False
1715817600000,1715821200000,66206.51000000,66666.00000000,65942.10000000,66083.90000000,1814.28632000,60,60,False
1715821200000,1715824800000,66083.90000000,66209.74000000,65838.66000000,65985.99000000,1018.40858000,60,60,False
1715824800000,1715828400000,65985.99000000,66115.20000000,65746.42000000,65909.51000000,965.54926000,60,60,False
1715828400000,1715832000000,65909.51000000,66074.03000000,65807.45000000,65975.39000000,746.79366000,60,60,False
1715832000000,1715835600000,65975.39000000,66006.42000000,65800.00000000,65813.33000000,675.01650000,60,60,False
1715835600000,1715839200000,65813.34000000,65900.00000000,65746.12000000,65781.99000000,546.88268000,60,60,False
1715839200000,1715842800000,65781.99000000,66000.00000000,65652.92000000,65958.14000000,1012.39085000,60,60,False
1715842800000,1715846400000,65958.14000000,66278.04000000,65936.57000000,66142.62000000,1305.61637000,60,60,False
1715846400000,1715850000000,66142.62000000,66460.71000000,66094.34000000,66297.12000000,1039.61616000,60,60,False
1715850000000,1715853600000,66297.12000000,66390.02000000,66100.00000000,66364.69000000,987.38127000,60,60,False
1715853600000,1715857200000,66364.69000000,66364.69000000,66100.00000000,66169.99000000,747.09629000,60,60,False
1715857200000,1715860800000,66170.00000000,66585.70000000,66000.00000000,66503.80000000,933.73337000,60,60,False
1715860800000,1715864400000,66503.81000000,66752.01000000,65904.76000000,66011.01000000,2444.27960000,60,60,False
1715864400000,1715868000000,66011.01000000,66367.92000000,65759.99000000,66328.05000000,1698.98043000,60,60,False
1715868000000,1715871600000,66328.06000000,66393.29000000,65555.00000000,65598.70000000,2406.63193000,60,60,False
1715871600000,1715875200000,65598.70000000,65900.00000000,65361.51000000,65818.88000000,1867.16428000,60,60,False
1715875200000,1715878800000,65818.89000000,65827.47000000,65110.00000000,65154.99000000,3290.50377000,60,60,False
1715878800000,1715882400000,65154.98000000,65389.95000000,64602.77000000,64994.99000000,2511.85879000,60,60,False
1715882400000,1715886000000,64995.00000000,65205.85000000,64831.63000000,65122.18000000,1630.94501000,60,60,False
1715886000000,1715889600000,65122.19000000,65580.00000000,65090.17000000,65186.85000000,1033.54006000,60,60,False
1715889600000,1715893200000,65186.84000000,65290.00000000,65050.00000000,65273.90000000,581.14820000,60,60,False
1715893200000,1715896800000,65273.90000000,65500.00000000,65242.09000000,65461.99000000,579.45707000,60,60,False
1715896800000,1715900400000,65461.99000000,65480.35000000,65140.61000000,65418.97000000,580.56491000,60,60,False
1715900400000,1715904000000,65418.98000000,65422.03000000,65187.50000000,65235.21000000,688.52174000,60,60,False
1715904000000,1715907600000,65235.21000000,65508.70000000,65235.20000000,65508.69000000,591.23809000,60,60,False
1715907600000,1715911200000,65508.70000000,65510.22000000,65106.38000000,65340.84000000,520.23452000,60,60,False
1715911200000,1715914800000,65340.83000000,65450.07000000,65188.00000000,65386.01000000,370.41889000,60,60,False
1715914800000,1715918400000,65386.00000000,65901.46000000,65354.23000000,65584.53000000,1533.13211000,60,60,False
1715918400000,1715922000000,65584.53000000,65630.70000000,65367.51000000,65451.81000000,567.84995000,60,60,False
1715922000000,1715925600000,65451.81000000,65700.00000000,65436.00000000,65700.00000000,472.55691000,60,60,False
1715925600000,1715929200000,65699.99000000,66148.00000000,65580.66000000,65955.56000000,1212.84837000,60,60,False
1715929200000,1715932800000,65955.56000000,66500.00000000,65955.56000000,66386.94000000,2713.23533000,60,60,False
1715932800000,1715936400000,66386.93000000,66457.28000000,66068.79000000,66146.01000000,1162.00194000,60,60,False
1715936400000,1715940000000,66146.00000000,66390.00000000,66072.43000000,66344.44000000,712.33029000,60,60,False
1715940000000,1715943600000,66344.43000000,66537.19000000,66182.77000000,66500.48000000,892.47388000,60,60,False
1715943600000,1715947200000,66500.47000000,66564.23000000,66197.91000000,66218.00000000,787.76141000,60,60,False
1715947200000,1715950800000,66217.99000000,66548.00000000,66120.00000000,66379.97000000,1169.86052000,60,60,False
1715950800000,1715954400000,66379.97000000,66458.63000000,65828.03000000,65944.02000000,1330.70417000,60,60,False
1715954400000,1715958000000,65944.02000000,66850.00000000,65914.81000000,66806.66000000,1594.09581000,60,60,False
1715958000000,1715961600000,66806.67000000,67451.20000000,66552.53000000,67195.10000000,3797.62724000,60,60,False
1715961600000,1715965200000,67195.09000000,67300.00000000,66910.00000000,66929.99000000,1380.14254000,60,60,False
1715965200000,1715968800000,66930.00000000,66998.57000000,66660.78000000,66702.52000000,1144.46178000,60,60,False
1715968800000,1715972400000,66702.51000000,66849.00000000,66214.67000000,66821.98000000,1439.52450000,60,60,False
1715972400000,1715976000000,66821.98000000,67070.00000000,66650.75000000,67047.99000000,1059.21574000,60,60,False
1715976000000,1715979600000,67047.99000000,67048.00000000,66765.33000000,66890.00000000,487.41465000,60,60,False
1715979600000,1715983200000,66890.00000000,66916.78000000,66740.42000000,66810.65000000,338.90557000,60,60,False
1715983200000,1715986800000,66810.64000000,66810.65000000,66669.72000000,66771.60000000,334.94159000,60,60,False
1715986800000,1715990400000,66771.60000000,67089.72000000,66700.00000000,67024.00000000,679.25829000,60,60,False
1715990400000,1715994000000,67024.00000000,67095.88000000,66725.53000000,66891.59000000,1097.85070000,60,60,False
1715994000000,1715997600000,66891.59000000,67017.99000000,66765.33000000,66980.00000000,383.52091000,60,60,False
1715997600000,1716001200000,66979.99000000,67055.30000000,66797.61000000,66907.84000000,523.42619000,60,60,False
1716001200000,1716004800000,66907.85000000,67006.49000000,66854.38000000,66945.05000000,476.59870000,60,60,False
1716004800000,1716008400000,66945.06000000,67008.41000000,66800.00000000,66883.61000000,434.02618000,60,60,False
1716008400000,1716012000000,66883.60000000,66885.99000000,66810.00000000,66854.71000000,270.60442000,60,60,False
1716012000000,1716015600000,66854.70000000,66963.86000000,66730.00000000,66920.03000000,507.84157000,60,60,False
1716015600000,1716019200000,66920.03000000,67240.69000000,66829.00000000,66887.00000000,869.03278000,60,60,False
1716019200000,1716022800000,66887.01000000,67085.19000000,66840.00000000,67027.59000000,459.68391000,60,60,False
1716022800000,1716026400000,67027.59000000,67138.99000000,66999.99000000,67125.04000000,597.38137000,60,60,False
1716026400000,1716030000000,67125.03000000,67300.00000000,67029.37000000,67222.22000000,1373.75809000,60,60,False
1716030000000,1716033600000,67222.21000000,67400.01000000,67116.36000000,67190.82000000,1139.45090000,60,60,False
1716033600000,1716037200000,67190.81000000,67227.97000000,66900.00000000,66948.00000000,637.91065000,60,60,False
1716037200000,1716040800000,66947.99000000,67072.90000000,66800.00000000,66863.17000000,723.04515000,60,60,False
1716040800000,1716044400000,66863.18000000,67061.20000000,66600.09000000,66793.66000000,1441.27911000,60,60,False
1716044400000,1716048000000,66793.66000000,66896.19000000,66600.00000000,66823.63000000,710.15863000,60,60,False
1716048000000,1716051600000,66823.63000000,66992.53000000,66722.00000000,66888.17000000,458.90113000,60,60,False
1716051600000,1716055200000,66888.17000000,66970.00000000,66750.00000000,66866.51000000,501.97204000,60,60,False
1716055200000,1716058800000,66866.52000000,66910.00000000,66779.95000000,66796.36000000,230.01863000,60,60,False
1716058800000,1716062400000,66796.35000000,66942.94000000,66771.76000000,66912.62000000,224.34717000,60,60,False
1716062400000,1716066000000,66912.62000000,67014.88000000,66880.00000000,66964.01000000,285.93209000,60,60,False
1716066000000,1716069600000,66964.01000000,66984.00000000,66810.00000000,66899.29000000,246.94770000,60,60,False
1716069600000,1716073200000,66899.29000000,67005.07000000,66828.59000000,66932.01000000,505.72490000,60,60,False
1716073200000,1716076800000,66932.00000000,67039.92000000,66914.58000000,66915.20000000,341.84482000,60,60,False
1716076800000,1716080400000,66915.20000000,66980.84000000,66837.39000000,66906.53000000,234.84228000,60,60,False
1716080400000,1716084000000,66906.52000000,66970.00000000,66885.55000000,66920.01000000,188.41852000,60,60,False
1716084000000,1716087600000,66920.00000000,67250.00000000,66920.00000000,67211.61000000,961.69008000,60,60,False
1716087600000,1716091200000,67211.60000000,67294.35000000,67090.00000000,67170.21000000,583.81818000,60,60,False
1716091200000,1716094800000,67170.20000000,67180.00000000,66994.22000000,67151.75000000,332.00108000,60,60,False
1716094800000,1716098400000,67151.74000000,67170.00000000,67090.53000000,67097.62000000,250.37194000,60,60,False
1716098400000,1716102000000,67097.63000000,67150.00000000,66930.40000000,67022.65000000,362.78212000,60,60,False
1716102000000,1716105600000,67022.64000000,67329.45000000,66981.10000000,67324.44000000,825.69502000,60,60,False
1716105600000,1716109200000,67324.44000000,67339.91000000,67100.00000000,67160.01000000,453.96065000,60,60,False
1716109200000,1716112800000,67160.00000000,67186.67000000,66990.01000000,67180.01000000,449.59565000,60,60,False
1716112800000,1716116400000,67180.01000000,67700.00000000,67116.35000000,67269.99000000,1871.51463000,60,60,False
1716116400000,1716120000000,67270.00000000,67388.00000000,66950.00000000,67330.00000000,1381.45807000,60,60,False
1716120000000,1716123600000,67330.01000000,67330.01000000,66789.75000000,66832.99000000,1186.13274000,60,60,False
1716123600000,1716127200000,66832.99000000,67179.03000000,66677.00000000,67049.99000000,987.74860000,60,60,False
1716127200000,1716130800000,67049.99000000,67149.85000000,66847.02000000,66928.00000000,755.26097000,60,60,False
1716130800000,1716134400000,66928.00000000,66988.22000000,66739.13000000,66889.88000000,646.82118000,60,60,False
1716134400000,1716138000000,66889.88000000,66990.00000000,66521.38000000,66662.01000000,1053.33486000,60,60,False
1716138000000,1716141600000,66662.00000000,66830.71000000,66548.17000000,66720.01000000,636.07701000,60,60,False
1716141600000,1716145200000,66720.01000000,66757.21000000,66522.30000000,66586.21000000,400.40451000,60,60,False
1716145200000,1716148800000,66586.21000000,66646.20000000,65857.25000000,66034.01000000,2461.19629000,60,60,False
1716148800000,1716152400000,66034.01000000,66300.00000000,66019.99000000,66163.99000000,650.74941000,60,60,False
1716152400000,1716156000000,66164.00000000,66360.00000000,66000.00000000,66280.00000000,458.74226000,60,60,False
1716156000000,1716159600000,66280.00000000,66463.00000000,66252.00000000,66363.61000000,508.04173000,60,60,False
1716159600000,1716163200000,66363.61000000,66363.61000000,66211.87000000,66274.01000000,384.64631000,60,60,False
1716163200000,1716166800000,66274.00000000,66492.50000000,66149.43000000,66459.99000000,623.69794000,60,60,False
1716166800000,1716170400000,66459.99000000,66589.63000000,66060.31000000,66520.40000000,1006.64524000,60,60,False
1716170400000,1716174000000,66520.40000000,66763.00000000,66503.00000000,66674.02000000,695.48145000,60,60,False
1716174000000,1716177600000,66674.02000000,66768.87000000,66563.95000000,66675.22000000,484.92176000,60,60,False
1716177600000,1716181200000,66675.21000000,67143.75000000,66626.00000000,67132.43000000,1205.95914000,60,60,False
1716181200000,1716184800000,67132.44000000,67295.99000000,67050.61000000,67136.36000000,1024.59809000,60,60,False
1716184800000,1716188400000,67136.36000000,67160.00000000,66279.64000000,66410.00000000,1219.48845000,60,60,False
1716188400000,1716192000000,66410.01000000,66899.99000000,66352.23000000,66825.14000000,1068.70718000,60,60,False
1716192000000,1716195600000,66825.15000000,67057.97000000,66750.00000000,66762.00000000,771.75214000,60,60,False
1716195600000,1716199200000,66762.01000000,66999.00000000,66753.18000000,66894.01000000,643.72155000,60,60,False
1716199200000,1716202800000,66894.01000000,67349.00000000,66860.26000000,67109.99000000,1583.41701000,60,60,False
1716202800000,1716206400000,67110.00000000,67300.00000000,66907.23000000,66994.20000000,927.56536000,60,60,False
1716206400000,1716210000000,66994.20000000,67087.63000000,66789.16000000,66936.39000000,935.34050000,60,60,False
1716210000000,1716213600000,66936.40000000,67184.71000000,66774.53000000,67099.98000000,1342.77011000,60,60,False
1716213600000,1716217200000,67099.98000000,67110.00000000,66753.42000000,67006.01000000,1386.90005000,60,60,False
1716217200000,1716220800000,67006.00000000,67487.00000000,66902.00000000,67419.99000000,2145.79274000,60,60,False
1716220800000,1716224400000,67420.00000000,68266.08000000,67374.42000000,68190.06000000,4146.38535000,60,60,False
1716224400000,1716228000000,68190.06000000,68649.98000000,68030.77000000,68331.51000000,2594.36691000,60,60,False
1716228000000,1716231600000,68331.51000000,68766.00000000,68292.60000000,68728.41000000,1729.10900000,60,60,False
1716231600000,1716235200000,68728.42000000,70000.00000000,68596.00000000,69999.99000000,7908.04956000,60,60,False
1716235200000,1716238800000,70000.00000000,70421.24000000,69153.61000000,69500.00000000,5989.49478000,60,60,False
1716238800000,1716242400000,69499.99000000,69767.43000000,68905.67000000,69717.79000000,3221.36307000,60,60,False
1716242400000,1716246000000,69717.80000000,69949.00000000,69540.00000000,69590.77000000,2326.66413000,60,60,False
1716246000000,1716249600000,69590.77000000,71515.56000000,69589.50000000,71446.62000000,5834.50959000,60,60,False
1716249600000,1716253200000,71446.62000000,71979.00000000,71125.37000000,71312.32000000,4404.43729000,60,60,False
1716253200000,1716256800000,71312.32000000,71462.48000000,70706.00000000,71089.96000000,3747.50505000,60,60,False
1716256800000,1716260400000,71089.96000000,71426.19000000,70903.85000000,71283.80000000,2981.22858000,60,60,False
1716260400000,1716264000000,71283.81000000,71401.68000000,71136.84000000,71284.00000000,1955.21923000,60,60,False
1716264000000,1716267600000,71283.99000000,71289.89000000,70834.00000000,70910.00000000,1389.72962000,60,60,False
1716267600000,1716271200000,70910.01000000,71222.00000000,70826.92000000,71209.86000000,1759.43251000,60,60,False
1716271200000,1716274800000,71209.87000000,71394.20000000,71096.01000000,71205.41000000,1634.49017000,60,60,False
1716274800000,1716278400000,71205.41000000,71230.13000000,70878.29000000,70878.29000000,1818.18841000,60,60,False
1716278400000,1716282000000,70878.30000000,71060.00000000,70839.63000000,70916.00000000,1452.44414000,60,60,False
1716282000000,1716285600000,70916.01000000,71076.65000000,70880.68000000,70990.02000000,1391.38501000,60,60,False
1716285600000,1716289200000,70990.02000000,71290.00000000,70960.02000000,71056.00000000,1809.08985000,60,60,False
1716289200000,1716292800000,71055.99000000,71474.92000000,70980.00000000,71130.00000000,2640.16507000,60,60,False
1716292800000,1716296400000,71130.00000000,71455.09000000,71060.00000000,71349.99000000,2434.77082000,60,60,False
1716296400000,1716300000000,71349.99000000,71349.99000000,70539.91000000,70595.92000000,3352.93221000,60,60,False
1716300000000,1716303600000,70595.92000000,70927.48000000,70187.76000000,70213.20000000,2657.66016000,60,60,False
1716303600000,1716307200000,70213.21000000,70487.82000000,69685.01000000,69826.99000000,2745.90017000,60,60,False
1716307200000,1716310800000,69827.00000000,70263.03000000,69642.80000000,69668.03000000,2707.57475000,60,60,False
1716310800000,1716314400000,69668.04000000,69942.72000000,69550.00000000,69857.05000000,2370.32353000,60,60,False
1716314400000,1716318000000,69857.05000000,69950.19000000,69500.00000000,69829.74000000,896.31712000,60,60,False
1716318000000,1716321600000,69829.74000000,69944.40000000,69162.94000000,69285.99000000,1708.59752000,60,60,False
1716321600000,1716325200000,69285.99000000,69766.66000000,69240.57000000,69727.01000000,1055.03779000,60,60,False
1716325200000,1716328800000,69727.00000000,69806.12000000,69460.38000000,69727.76000000,638.66350000,60,60,False
1716328800000,1716332400000,69727.75000000,70222.22000000,69720.18000000,70222.22000000,1279.33239000,60,60,False
1716332400000,1716336000000,70222.21000000,70377.77000000,70100.00000000,70148.34000000,777.00871000,60,60,False
1716336000000,1716339600000,70148.34000000,70279.99000000,70049.99000000,70120.01000000,1023.24236000,60,60,False
1716339600000,1716343200000,70120.00000000,70209.10000000,70007.73000000,70159.58000000,811.91424000,60,60,False
1716343200000,1716346800000,70159.57000000,70368.60000000,69922.77000000,70003.01000000,1132.34656000,60,60,False
1716346800000,1716350400000,70003.01000000,70050.00000000,69822.76000000,69955.72000000,744.84482000,60,60,False
1716350400000,1716354000000,69955.72000000,70000.00000000,69165.00000000,69599.98000000,1368.72361000,60,60,False
1716354000000,1716357600000,69599.97000000,69923.48000000,69528.49000000,69898.12000000,733.25344000,60,60,False
1716357600000,1716361200000,69898.12000000,70059.89000000,69784.47000000,69854.08000000,664.56086000,60,60,False
1716361200000,1716364800000,69854.08000000,69889.07000000,69587.62000000,69715.00000000,795.04273000,60,60,False
1716364800000,1716368400000,69715.00000000,70200.00000000,69636.01000000,70010.27000000,1162.16801000,60,60,False
1716368400000,1716372000000,70010.26000000,70087.10000000,69837.45000000,69987.44000000,558.49645000,60,60,False
1716372000000,1716375600000,69987.45000000,70233.00000000,69928.05000000,70190.00000000,716.52513000,60,60,False
1716375600000,1716379200000,70190.00000000,70275.14000000,69736.13000000,69736.13000000,901.76594000,60,60,False
1716379200000,1716382800000,69736.14000000,70093.34000000,69505.65000000,69643.88000000,1403.77741000,60,60,False
1716382800000,1716386400000,69643.88000000,69892.63000000,69436.63000000,69586.87000000,1317.24639000,60,60,False
1716386400000,1716390000000,69586.88000000,70180.00000000,69435.30000000,70114.63000000,1967.29937000,60,60,False
1716390000000,1716393600000,70114.63000000,70591.00000000,69922.37000000,70455.90000000,1427.10900000,60,60,False
1716393600000,1716397200000,70455.89000000,70666.00000000,70179.58000000,70229.88000000,1054.42271000,60,60,False
1716397200000,1716400800000,70229.87000000,70459.91000000,69669.19000000,69863.52000000,1661.38521000,60,60,False
1716400800000,1716404400000,69863.52000000,69901.66000000,69228.64000000,69574.60000000,2501.11282000,60,60,False
1716404400000,1716408000000,69574.60000000,69800.91000000,69453.13000000,69637.47000000,1056.97871000,60,60,False
1716408000000,1716411600000,69637.48000000,69976.00000000,69397.25000000,69442.01000000,1467.75371000,60,60,False
1716411600000,1716415200000,69442.02000000,69665.61000000,68842.19000000,69497.77000000,1531.11044000,60,60,False
1716415200000,1716418800000,69497.77000000,69550.00000000,69054.01000000,69141.28000000,953.47919000,60,60,False
1716418800000,1716422400000,69141.28000000,69233.69000000,69023.56000000,69166.62000000,718.62115000,60,60,False
1716422400000,1716426000000,69166.62000000,69621.51000000,69166.61000000,69499.81000000,859.87459000,60,60,False
1716426000000,1716429600000,69499.81000000,69626.87000000,69260.15000000,69483.16000000,601.81364000,60,60,False
1716429600000,1716433200000,69483.15000000,69562.00000000,69362.62000000,69505.86000000,441.81983000,60,60,False
1716433200000,1716436800000,69505.85000000,69524.86000000,69311.76000000,69446.14000000,615.56921000,60,60,False
1716436800000,1716440400000,69446.14000000,69590.00000000,69422.20000000,69550.01000000,663.29267000,60,60,False
1716440400000,1716444000000,69550.00000000,69562.04000000,69347.17000000,69478.89000000,540.94978000,60,60,False
1716444000000,1716447600000,69478.89000000,69675.00000000,69382.73000000,69561.40000000,605.32347000,60,60,False
1716447600000,1716451200000,69561.40000000,69862.44000000,69470.00000000,69734.04000000,831.73333000,60,60,False
1716451200000,1716454800000,69734.05000000,69849.94000000,69577.86000000,69687.99000000,628.71340000,60,60,False
1716454800000,1716458400000,69687.99000000,69830.00000000,69580.90000000,69645.06000000,786.18312000,60,60,False
1716458400000,1716462000000,69645.05000000,69794.92000000,69520.02000000,69537.21000000,713.54288000,60,60,False
1716462000000,1716465600000,69537.22000000,70061.00000000,69537.21000000,69982.72000000,1592.64329000,60,60,False
1716465600000,1716469200000,69982.72000000,70096.12000000,68946.17000000,69428.53000000,2387.11342000,60,60,False
1716469200000,1716472800000,69428.53000000,69558.07000000,67716.42000000,68036.14000000,5195.50740000,60,60,False
1716472800000,1716476400000,68036.14000000,68345.39000000,67610.95000000,67748.63000000,3287.23359000,60,60,False
1716476400000,1716480000000,67748.62000000,68313.79000000,67709.84000000,68076.00000000,1910.00664000,60,60,False
1716480000000,1716483600000,68075.99000000,68167.97000000,67799.30000000,67822.78000000,1012.38695000,60,60,False
1716483600000,1716487200000,67822.78000000,68119.26000000,67618.98000000,67639.25000000,1108.81623000,60,60,False
1716487200000,1716490800000,67639.25000000,67684.36000000,66764.70000000,67393.06000000,3242.57711000,60,60,False
1716490800000,1716494400000,67393.05000000,67690.00000000,67110.18000000,67199.98000000,1507.43481000,60,60,False
1716494400000,1716498000000,67199.98000000,67952.39000000,66312.16000000,67802.89000000,4844.87833000,60,60,False
1716498000000,1716501600000,67802.89000000,68365.81000000,66958.40000000,67992.77000000,5227.80843000,60,60,False
1716501600000,1716505200000,67992.78000000,67999.98000000,67540.00000000,67686.47000000,935.26003000,60,60,False
1716505200000,1716508800000,67686.48000000,67994.10000000,67480.00000000,67969.65000000,972.69159000,60,60,False
1716508800000,1716512400000,67969.66000000,68000.00000000,67628.01000000,67852.00000000,1148.17033000,60,60,False
1716512400000,1716516000000,67851.99000000,67852.00000000,67657.55000000,67742.01000000,587.94989000,60,60,False
1716516000000,1716519600000,67742.01000000,68000.95000000,67634.15000000,67978.37000000,868.04952000,60,60,False
1716519600000,1716523200000,67978.38000000,68017.56000000,67822.05000000,67891.83000000,923.24161000,60,60,False
1716523200000,1716526800000,67891.83000000,67922.79000000,67651.04000000,67708.23000000,968.40971000,60,60,False
1716526800000,1716530400000,67708.23000000,67708.23000000,67080.99000000,67299.99000000,1412.81067000,60,60,False
1716530400000,1716534000000,67299.99000000,67603.60000000,66816.21000000,66887.01000000,2121.93380000,60,60,False
1716534000000,1716537600000,66887.01000000,67311.54000000,66828.23000000,67155.93000000,1407.32671000,60,60,False
1716537600000,1716541200000,67155.93000000,67228.84000000,66600.12000000,67190.15000000,1338.28785000,60,60,False
1716541200000,1716544800000,67190.15000000,67449.36000000,67039.52000000,67375.26000000,855.22355000,60,60,False
1716544800000,1716548400000,67375.25000000,67523.78000000,67311.12000000,67353.43000000,586.83531000,60,60,False
1716548400000,1716552000000,67353.43000000,67472.89000000,67277.58000000,67349.99000000,702.98193000,60,60,False
1716552000000,1716555600000,67350.00000000,67571.81000000,67343.00000000,67490.00000000,742.56840000,60,60,False
1716555600000,1716559200000,67490.00000000,67607.00000000,66921.97000000,67077.12000000,2224.97911000,60,60,False
1716559200000,1716562800000,67077.12000000,68031.62000000,67000.00000000,67869.48000000,2203.56630000,60,60,False
1716562800000,1716566400000,67869.49000000,68420.00000000,67869.48000000,68326.46000000,2033.08888000,60,60,False
1716566400000,1716570000000,68326.46000000,68473.85000000,67924.39000000,68394.33000000,1656.06613000,60,60,False
1716570000000,1716573600000,68394.32000000,68931.31000000,68394.32000000,68919.02000000,1870.85195000,60,60,False
1716573600000,1716577200000,68919.02000000,69220.00000000,68840.00000000,68970.43000000,1735.97362000,60,60,False
1716577200000,1716580800000,68970.43000000,69250.00000000,68738.33000000,69115.98000000,861.38775000,60,60,False
1716580800000,1716584400000,69115.98000000,69214.00000000,68836.96000000,68836.96000000,700.24049000,60,60,False
1716584400000,1716588000000,68836.96000000,68995.77000000,68800.00000000,68876.00000000,401.77374000,60,60,False
1716588000000,1716591600000,68875.99000000,68876.00000000,68674.39000000,68787.99000000,320.29512000,60,60,False
1716591600000,1716595200000,68788.00000000,68788.00000000,68524.94000000,68549.99000000,423.82427000,60,60,False
1716595200000,1716598800000,68549.99000000,68679.48000000,68500.00000000,68530.89000000,353.66198000,60,60,False
1716598800000,1716602400000,68530.88000000,68700.38000000,68530.88000000,68613.46000000,366.55813000,60,60,False
1716602400000,1716606000000,68613.45000000,68830.00000000,68606.10000000,68817.22000000,381.53499000,60,60,False
1716606000000,1716609600000,68817.22000000,68910.00000000,68652.59000000,68757.85000000,539.87073000,60,60,False
1716609600000,1716613200000,68757.84000000,68831.88000000,68688.00000000,68784.37000000,458.79460000,60,60,False
1716613200000,1716616800000,68784.37000000,68808.00000000,68696.00000000,68718.21000000,260.60587000,60,60,False
1716616800000,1716620400000,68718.21000000,68746.40000000,68615.56000000,68660.40000000,373.11777000,60,60,False
1716620400000,1716624000000,68660.39000000,68811.89000000,68639.69000000,68753.92000000,326.34283000,60,60,False
1716624000000,1716627600000,68753.93000000,69059.35000000,68749.20000000,68876.69000000,621.21878000,60,60,False
1716627600000,1716631200000,68876.69000000,69156.28000000,68850.00000000,69095.27000000,540.31615000,60,60,False
1716631200000,1716634800000,69095.27000000,69453.57000000,69025.87000000,69387.99000000,768.89760000,60,60,False
1716634800000,1716638400000,69388.00000000,69610.00000000,69104.67000000,69104.67000000,1143.62136000,60,60,False
1716638400000,1716642000000,69104.68000000,69299.99000000,69018.56000000,69116.30000000,899.32763000,60,60,False
1716642000000,1716645600000,69116.31000000,69240.77000000,68882.43000000,69025.98000000,1120.61802000,60,60,False
1716645600000,1716649200000,69025.99000000,69088.67000000,68958.00000000,69021.65000000,634.18253000,60,60,False
1716649200000,1716652800000,69021.65000000,69212.58000000,68847.65000000,68930.40000000,707.55312000,60,60,False
1716652800000,1716656400000,68930.39000000,69044.00000000,68849.50000000,68936.62000000,490.68142000,60,60,False
1716656400000,1716660000000,68936.61000000,69100.00000000,68925.00000000,69065.14000000,335.57693000,60,60,False
1716660000000,1716663600000,69065.15000000,69234.00000000,69065.14000000,69213.20000000,373.59442000,60,60,False
1716663600000,1716667200000,69213.20000000,69266.66000000,69115.94000000,69155.32000000,260.44168000,60,60,False
1716667200000,1716670800000,69155.32000000,69221.39000000,69071.47000000,69100.01000000,228.03497000,60,60,False
1716670800000,1716674400000,69100.00000000,69170.72000000,69050.01000000,69139.01000000,232.82685000,60,60,False
1716674400000,1716678000000,69139.02000000,69159.54000000,69050.95000000,69129.00000000,237.31364000,60,60,False
1716678000000,1716681600000,69128.99000000,69356.60000000,69128.99000000,69290.57000000,475.70218000,60,60,False
1716681600000,1716685200000,69290.56000000,69319.31000000,69151.50000000,69156.00000000,318.21323000,60,60,False
1716685200000,1716688800000,69156.01000000,69256.09000000,69156.00000000,69161.44000000,244.61402000,60,60,False
1716688800000,1716692400000,69161.44000000,69176.91000000,68808.37000000,68904.01000000,573.34301000,60,60,False
1716692400000,1716696000000,68904.00000000,69137.84000000,68880.60000000,69073.62000000,467.99134000,60,60,False
1716696000000,1716699600000,69073.62000000,69073.62000000,68936.21000000,68974.00000000,270.48984000,60,60,False
1716699600000,1716703200000,68973.99000000,69139.60000000,68928.22000000,69139.60000000,219.54140000,60,60,False
1716703200000,1716706800000,69139.59000000,69184.00000000,69052.00000000,69105.63000000,273.93522000,60,60,False
1716706800000,1716710400000,69105.64000000,69435.36000000,69101.63000000,69340.15000000,620.99560000,60,60,False
1716710400000,1716714000000,69340.16000000,69562.23000000,69063.13000000,69160.33000000,844.03291000,60,60,False
1716714000000,1716717600000,69160.32000000,69254.00000000,68974.55000000,69086.54000000,540.21484000,60,60,False
1716717600000,1716721200000,69086.54000000,69222.93000000,69086.54000000,69222.92000000,504.80601000,60,60,False
1716721200000,1716724800000,69222.93000000,69229.92000000,69054.10000000,69134.91000000,542.28481000,60,60,False
1716724800000,1716728400000,69134.91000000,69146.92000000,68951.00000000,68993.22000000,497.24308000,60,60,False
1716728400000,1716732000000,68993.21000000,69136.15000000,68950.00000000,69136.14000000,376.78122000,60,60,False
1716732000000,1716735600000,69136.15000000,69312.30000000,69042.26000000,69287.12000000,685.92369000,60,60,False
1716735600000,1716739200000,69287.11000000,69399.00000000,68668.60000000,68847.99000000,1131.13166000,60,60,False
1716739200000,1716742800000,68847.98000000,68973.15000000,68692.11000000,68808.62000000,833.60220000,60,60,False
1716742800000,1716746400000,68808.61000000,68906.96000000,68731.36000000,68778.14000000,418.50179000,60,60,False
1716746400000,1716750000000,68778.14000000,68842.80000000,68717.61000000,68800.16000000,364.30568000,60,60,False
1716750000000,1716753600000,68800.15000000,68916.22000000,68800.15000000,68903.54000000,240.01540000,60,60,False
1716753600000,1716757200000,68903.53000000,68911.56000000,68720.66000000,68720.84000000,177.26876000,60,60,False
1716757200000,1716760800000,68720.85000000,68720.85000000,68128.01000000,68518.02000000,873.47041000,60,60,False
1716760800000,1716764400000,68518.02000000,68700.65000000,68464.00000000,68560.00000000,369.81244000,60,60,False
1716764400000,1716768000000,68560.01000000,68569.88000000,68344.00000000,68507.67000000,483.59941000,60,60,False
1716768000000,1716771600000,68507.67000000,68821.72000000,68481.31000000,68821.71000000,491.97295000,60,60,False
1716771600000,1716775200000,68821.72000000,69298.00000000,68740.75000000,69074.01000000,742.66616000,60,60,False
1716775200000,1716778800000,69074.02000000,69288.44000000,69020.49000000,69111.35000000,756.96511000,60,60,False
1716778800000,1716782400000,69111.34000000,69212.00000000,68826.91000000,68873.43000000,1083.48310000,60,60,False
1716782400000,1716786000000,68873.43000000,68901.74000000,68764.71000000,68770.01000000,470.50870000,60,60,False
1716786000000,1716789600000,68770.00000000,68784.40000000,68321.95000000,68524.61000000,845.39332000,60,60,False
1716789600000,1716793200000,68524.60000000,68621.54000000,68393.23000000,68393.23000000,600.69750000,60,60,False
1716793200000,1716796800000,68393.23000000,68721.02000000,68341.84000000,68643.36000000,676.48477000,60,60,False
1716796800000,1716800400000,68643.36000000,68944.20000000,68521.52000000,68624.00000000,825.51086000,60,60,False
1716800400000,1716804000000,68624.01000000,68660.09000000,68430.95000000,68595.37000000,640.74484000,60,60,False
1716804000000,1716807600000,68595.36000000,68598.48000000,68422.08000000,68577.79000000,606.70178000,60,60,False
1716807600000,1716811200000,68577.79000000,68679.80000000,68250.00000000,68434.26000000,863.90991000,60,60,False
1716811200000,1716814800000,68434.26000000,68643.25000000,68384.00000000,68621.42000000,656.97356000,60,60,False
1716814800000,1716818400000,68621.43000000,69045.80000000,68601.30000000,68919.24000000,1108.96194000,60,60,False
1716818400000,1716822000000,68919.24000000,69500.00000000,68828.80000000,69500.00000000,1583.09764000,60,60,False
1716822000000,1716825600000,69500.00000000,70520.30000000,69499.99000000,70373.85000000,3706.80203000,60,60,False
1716825600000,1716829200000,70373.86000000,70687.56000000,70153.45000000,70161.22000000,1957.31729000,60,60,False
1716829200000,1716832800000,70161.21000000,70350.00000000,70029.93000000,70184.01000000,867.16975000,60,60,False
1716832800000,1716836400000,70184.00000000,70250.00000000,69882.11000000,69985.50000000,702.39215000,60,60,False
1716836400000,1716840000000,69985.49000000,70113.35000000,69069.00000000,69260.01000000,1481.88431000,60,60,False
1716840000000,1716843600000,69260.02000000,69724.21000000,69177.01000000,69660.01000000,863.51980000,60,60,False
1716843600000,1716847200000,69660.00000000,69887.90000000,69589.99000000,69805.00000000,433.49108000,60,60,False
1716847200000,1716850800000,69805.01000000,69805.01000000,69555.81000000,69591.58000000,535.38641000,60,60,False
1716850800000,1716854400000,69591.59000000,69591.59000000,69324.00000000,69436.43000000,634.89241000,60,60,False
1716854400000,1716858000000,69436.43000000,69472.99000000,69100.00000000,69377.41000000,860.35307000,60,60,False
1716858000000,1716861600000,69377.40000000,69591.81000000,68515.86000000,68614.11000000,1600.29629000,60,60,False
1716861600000,1716865200000,68614.11000000,68842.36000000,68420.03000000,68680.00000000,1772.01557000,60,60,False
1716865200000,1716868800000,68680.01000000,68738.48000000,67753.00000000,68050.30000000,2602.45943000,60,60,False
1716868800000,1716872400000,68050.30000000,68134.00000000,67486.65000000,67797.29000000,1618.34011000,60,60,False
1716872400000,1716876000000,67797.28000000,68049.67000000,67660.00000000,68049.67000000,1062.16889000,60,60,False
1716876000000,1716879600000,68049.67000000,68093.49000000,67787.00000000,67972.80000000,913.59384000,60,60,False
1716879600000,1716883200000,67972.79000000,68030.00000000,67658.24000000,67694.00000000,1330.15183000,60,60,False
1716883200000,1716886800000,67694.01000000,68250.00000000,67582.13000000,68159.99000000,1523.11012000,60,60,False
1716886800000,1716890400000,68160.00000000,68523.99000000,68024.57000000,68336.24000000,1328.74691000,60,60,False
1716890400000,1716894000000,68336.24000000,68902.71000000,68249.99000000,68592.01000000,1934.61955000,60,60,False
1716894000000,1716897600000,68592.01000000,68665.59000000,68265.01000000,68389.87000000,966.81283000,60,60,False
1716897600000,1716901200000,68389.87000000,68559.99000000,68154.21000000,68208.63000000,1003.80695000,60,60,False
1716901200000,1716904800000,68208.64000000,68478.45000000,67659.93000000,67792.00000000,2595.00122000,60,60,False
1716904800000,1716908400000,67792.00000000,68253.99000000,67529.62000000,67969.00000000,2270.16910000,60,60,False
1716908400000,1716912000000,67968.99000000,68460.53000000,67728.78000000,68374.08000000,1446.85793000,60,60,False
1716912000000,1716915600000,68374.08000000,68457.19000000,67713.02000000,67713.22000000,1367.22082000,60,60,False
1716915600000,1716919200000,67713.22000000,68159.54000000,67640.46000000,67782.67000000,1142.86777000,60,60,False
1716919200000,1716922800000,67782.68000000,67992.78000000,67277.91000000,67879.43000000,1577.52247000,60,60,False
1716922800000,1716926400000,67879.42000000,68598.33000000,67864.01000000,68424.29000000,1698.26136000,60,60,False
1716926400000,1716930000000,68424.28000000,68538.92000000,68124.04000000,68325.86000000,571.11135000,60,60,False
1716930000000,1716933600000,68325.86000000,68550.00000000,68257.81000000,68401.47000000,437.12363000,60,60,False
1716933600000,1716937200000,68401.47000000,68661.28000000,68383.77000000,68615.40000000,627.08406000,60,60,False
1716937200000,1716940800000,68615.39000000,68620.92000000,68346.78000000,68398.39000000,373.27532000,60,60,False
1716940800000,1716944400000,68398.40000000,68605.10000000,68266.04000000,68496.00000000,516.50772000,60,60,False
1716944400000,1716948000000,68495.99000000,68707.58000000,68310.00000000,68570.00000000,677.18720000,60,60,False
1716948000000,1716951600000,68570.00000000,68923.00000000,68454.97000000,68684.60000000,878.81934000,60,60,False
1716951600000,1716955200000,68684.60000000,68884.82000000,68681.38000000,68829.42000000,867.21207000,60,60,False
1716955200000,1716958800000,68829.41000000,68935.68000000,68760.00000000,68843.53000000,790.02737000,60,60,False
1716958800000,1716962400000,68843.53000000,68843.53000000,68572.66000000,68584.73000000,541.22086000,60,60,False
1716962400000,1716966000000,68584.72000000,68667.72000000,68465.60000000,68513.33000000,572.66649000,60,60,False
1716966000000,1716969600000,68513.32000000,68534.35000000,67936.35000000,67946.90000000,1532.58378000,60,60,False
1716969600000,1716973200000,67946.89000000,67999.92000000,67602.34000000,67872.41000000,1494.12835000,60,60,False
1716973200000,1716976800000,67872.41000000,68033.33000000,67685.45000000,67905.72000000,1084.98663000,60,60,False
1716976800000,1716980400000,67905.72000000,68024.00000000,67802.95000000,67989.89000000,660.74316000,60,60,False
1716980400000,1716984000000,67989.90000000,68001.25000000,67736.23000000,67763.59000000,696.81447000,60,60,False
1716984000000,1716987600000,67763.59000000,68023.97000000,67567.21000000,67898.15000000,1328.33596000,60,60,False
1716987600000,1716991200000,67898.14000000,68280.00000000,67569.55000000,67879.99000000,2334.69989000,60,60,False
1716991200000,1716994800000,67879.99000000,67952.39000000,67500.00000000,67635.01000000,1510.13450000,60,60,False
1716994800000,1716998400000,67635.01000000,67855.69000000,67262.34000000,67379.13000000,1921.12359000,60,60,False
1716998400000,1717002000000,67379.13000000,67720.00000000,67124.65000000,67555.18000000,1592.49406000,60,60,False
1717002000000,1717005600000,67555.18000000,67680.00000000,67329.99000000,67611.12000000,806.00111000,60,60,False
1717005600000,1717009200000,67611.12000000,67623.10000000,67222.22000000,67392.83000000,729.97775000,60,60,False
1717009200000,1717012800000,67392.82000000,67742.00000000,67216.01000000,67266.78000000,642.71264000,60,60,False
1717012800000,1717016400000,67266.78000000,67494.57000000,67151.35000000,67485.76000000,563.60468000,60,60,False
1717016400000,1717020000000,67485.76000000,67810.00000000,67325.08000000,67700.42000000,568.59190000,60,60,False
1717020000000,1717023600000,67700.42000000,67826.09000000,67605.94000000,67680.01000000,395.25117000,60,60,False
1717023600000,1717027200000,67680.01000000,67731.59000000,67576.06000000,67652.42000000,454.00680000,60,60,False
1717027200000,1717030800000,67652.41000000,67843.32000000,67551.46000000,67583.00000000,555.86540000,60,60,False
1717030800000,1717034400000,67582.99000000,67862.20000000,67471.67000000,67800.00000000,612.84693000,60,60,False
1717034400000,1717038000000,67800.00000000,68199.97000000,67788.95000000,67949.10000000,958.14916000,60,60,False
1717038000000,1717041600000,67949.11000000,68182.42000000,67924.00000000,68118.20000000,556.83878000,60,60,False
1717041600000,1717045200000,68118.20000000,68422.89000000,67984.01000000,68163.00000000,835.69717000,60,60,False
1717045200000,1717048800000,68163.00000000,68195.00000000,67967.66000000,68134.14000000,493.19867000,60,60,False
1717048800000,1717052400000,68134.13000000,68180.46000000,67728.20000000,67831.25000000,1589.90858000,60,60,False
1717052400000,1717056000000,67831.24000000,68037.22000000,67508.42000000,67584.56000000,1515.12996000,60,60,False
1717056000000,1717059600000,67584.57000000,67769.11000000,67128.00000000,67688.96000000,1932.25524000,60,60,False
1717059600000,1717063200000,67688.96000000,67759.99000000,67459.96000000,67745.94000000,882.44029000,60,60,False
1717063200000,1717066800000,67745.94000000,67991.00000000,67541.82000000,67942.08000000,962.17703000,60,60,False
1717066800000,1717070400000,67942.08000000,68100.00000000,67815.00000000,67817.01000000,808.98104000,60,60,False
1717070400000,1717074000000,67817.01000000,68305.55000000,67755.00000000,68133.34000000,1631.16437000,60,60,False
1717074000000,1717077600000,68133.34000000,68678.76000000,68050.00000000,68623.99000000,1849.16498000,60,60,False
1717077600000,1717081200000,68623.99000000,68826.31000000,68256.29000000,68359.60000000,2033.11385000,60,60,False
1717081200000,1717084800000,68359.60000000,68612.00000000,68144.00000000,68530.76000000,1549.35568000,60,60,False
1717084800000,1717088400000,68530.77000000,68691.64000000,68384.00000000,68676.00000000,988.43940000,60,60,False
1717088400000,1717092000000,68676.00000000,69500.00000000,68664.00000000,69315.10000000,3039.26714000,60,60,False
1717092000000,1717095600000,69315.10000000,69420.00000000,69084.00000000,69360.13000000,1377.02896000,60,60,False
1717095600000,1717099200000,69360.13000000,69366.46000000,68435.00000000,68653.02000000,1632.93357000,60,60,False
1717099200000,1717102800000,68653.02000000,68657.41000000,68050.01000000,68475.99000000,1459.40802000,60,60,False
1717102800000,1717106400000,68475.99000000,68534.00000000,68324.00000000,68416.76000000,402.57371000,60,60,False
1717106400000,1717110000000,68416.75000000,68438.99000000,68241.79000000,68314.93000000,393.34939000,60,60,False
1717110000000,1717113600000,68314.93000000,68518.86000000,68251.00000000,68352.17000000,418.93108000,60,60,False
1717113600000,1717117200000,68352.17000000,68465.39000000,68274.00000000,68460.00000000,444.97701000,60,60,False
1717117200000,1717120800000,68460.01000000,68626.20000000,68314.35000000,68440.00000000,624.30972000,60,60,False
1717120800000,1717124400000,68439.99000000,68729.73000000,68430.00000000,68539.99000000,739.18653000,60,60,False
1717124400000,1717128000000,68539.99000000,68628.39000000,68487.95000000,68535.81000000,323.49962000,60,60,False
1717128000000,1717131600000,68535.81000000,68654.33000000,68486.00000000,68516.59000000,617.95424000,60,60,False
1717131600000,1717135200000,68516.59000000,68516.59000000,68290.00000000,68442.72000000,633.98806000,60,60,False
1717135200000,1717138800000,68442.72000000,68456.23000000,68225.52000000,68272.00000000,544.64439000,60,60,False
1717138800000,1717142400000,68272.00000000,68431.88000000,68075.99000000,68174.99000000,957.89486000,60,60,False
1717142400000,1717146000000,68175.00000000,68310.90000000,68130.77000000,68136.00000000,558.93805000,60,60,False
1717146000000,1717149600000,68136.01000000,68184.40000000,67876.00000000,67950.00000000,931.05259000,60,60,False
1717149600000,1717153200000,67950.00000000,68333.33000000,67930.00000000,68333.33000000,860.56960000,60,60,False
1717153200000,1717156800000,68333.33000000,68461.00000000,68280.00000000,68349.73000000,945.90215000,60,60,False
1717156800000,1717160400000,68349.73000000,69044.10000000,68320.77000000,68643.59000000,2494.19878000,60,60,False
1717160400000,1717164000000,68643.59000000,68821.01000000,68025.02000000,68078.34000000,2141.49344000,60,60,False
1717164000000,1717167600000,68078.34000000,68078.34000000,67264.46000000,67501.76000000,3540.97557000,60,60,False
1717167600000,1717171200000,67501.76000000,67548.38000000,67200.00000000,67215.58000000,1662.47327000,60,60,False
1717171200000,1717174800000,67215.58000000,67352.41000000,66670.00000000,67200.01000000,2882.03187000,60,60,False
1717174800000,1717178400000,67200.01000000,67459.66000000,67160.30000000,67342.77000000,885.94352000,60,60,False
1717178400000,1717182000000,67342.77000000,67444.47000000,67170.00000000,67414.88000000,952.07983000,60,60,False
1717182000000,1717185600000,67414.88000000,67999.00000000,67342.24000000,67681.00000000,1643.46289000,60,60,False
1717185600000,1717189200000,67681.00000000,67798.00000000,67600.00000000,67709.04000000,526.31866000,60,60,False
1717189200000,1717192800000,67709.04000000,67710.00000000,67500.00000000,67564.91000000,552.26479000,60,60,False
1717192800000,1717196400000,67564.91000000,67668.00000000,67509.51000000,67509.52000000,379.27151000,60,60,False
1717196400000,1717200000000,67509.52000000,67602.60000000,67239.19000000,67540.01000000,846.89089000,60,60,False
1717200000000,1717203600000,67540.01000000,67703.89000000,67507.39000000,67655.66000000,569.87074000,60,60,False
1717203600000,1717207200000,67655.66000000,67710.29000000,67428.44000000,67560.00000000,566.55975000,60,60,False
1717207200000,1717210800000,67560.00000000,67740.00000000,67546.52000000,67729.05000000,327.71958000,60,60,False
1717210800000,1717214400000,67729.05000000,67757.14000000,67623.24000000,67715.31000000,313.20132000,60,60,False
1717214400000,1717218000000,67715.31000000,67763.81000000,67656.00000000,67680.01000000,315.96397000,60,60,False
1717218000000,1717221600000,67680.01000000,67810.00000000,67603.00000000,67686.35000000,316.72396000,60,60,False
1717221600000,1717225200000,67686.35000000,67729.87000000,67607.94000000,67693.32000000,266.23887000,60,60,False
1717225200000,1717228800000,67693.32000000,67733.01000000,67575.23000000,67632.08000000,351.80708000,60,60,False
1717228800000,1717232400000,67632.07000000,67741.06000000,67611.61000000,67704.00000000,376.44780000,60,60,False
1717232400000,1717236000000,67704.00000000,67760.00000000,67635.00000000,67706.69000000,349.38935000,60,60,False
1717236000000,1717239600000,67706.69000000,67750.00000000,67627.32000000,67627.33000000,317.62668000,60,60,False
1717239600000,1717243200000,67627.33000000,67694.00000000,67627.32000000,67660.57000000,249.68951000,60,60,False
1717243200000,1717246800000,67660.57000000,67872.50000000,67640.00000000,67717.76000000,408.22840000,60,60,False
1717246800000,1717250400000,67717.76000000,67837.00000000,67714.28000000,67720.01000000,419.26976000,60,60,False
1717250400000,1717254000000,67720.01000000,67870.00000000,67673.00000000,67803.34000000,379.00520000,60,60,False
1717254000000,1717257600000,67803.33000000,67824.00000000,67668.01000000,67691.28000000,321.49058000,60,60,False
1717257600000,1717261200000,67691.28000000,67719.99000000,67612.00000000,67700.01000000,304.87310000,60,60,False
1717261200000,1717264800000,67700.01000000,67900.00000000,67556.72000000,67791.02000000,1177.16281000,60,60,False
1717264800000,1717268400000,67791.02000000,67821.73000000,67726.32000000,67750.71000000,277.11069000,60,60,False
1717268400000,1717272000000,67750.70000000,67782.64000000,67685.72000000,67753.76000000,174.52798000,60,60,False
1717272000000,1717275600000,67753.76000000,67796.54000000,67700.00000000,67796.54000000,337.18395000,60,60,False
1717275600000,1717279200000,67796.54000000,67820.20000000,67713.23000000,67760.01000000,290.36113000,60,60,False
1717279200000,1717282800000,67760.01000000,67885.00000000,67710.00000000,67765.40000000,263.44950000,60,60,False
1717282800000,1717286400000,67765.41000000,67819.78000000,67723.00000000,67766.85000000,163.75962000,60,60,False
1717286400000,1717290000000,67766.84000000,67910.55000000,67744.00000000,67889.00000000,298.77105000,60,60,False
1717290000000,1717293600000,67888.99000000,67900.00000000,67710.00000000,67755.00000000,408.07620000,60,60,False
1717293600000,1717297200000,67755.00000000,67815.00000000,67643.33000000,67733.26000000,340.27499000,60,60,False
1717297200000,1717300800000,67733.25000000,67807.99000000,67726.31000000,67789.47000000,240.10946000,60,60,False
1717300800000,1717304400000,67789.48000000,67852.63000000,67745.18000000,67852.62000000,179.28516000,60,60,False
1717304400000,1717308000000,67852.62000000,67867.60000000,67728.40000000,67728.40000000,208.19005000,60,60,False
1717308000000,1717311600000,67728.41000000,67852.33000000,67724.60000000,67841.09000000,326.57495000,60,60,False
1717311600000,1717315200000,67841.09000000,67842.91000000,67720.41000000,67721.00000000,342.48176000,60,60,False
1717315200000,1717318800000,67721.01000000,67812.57000000,67671.81000000,67750.67000000,357.78944000,60,60,False
1717318800000,1717322400000,67750.68000000,67772.65000000,67377.79000000,67529.99000000,1006.07274000,60,60,False
1717322400000,1717326000000,67530.00000000,67581.97000000,67367.20000000,67529.99000000,381.18834000,60,60,False
1717326000000,1717329600000,67530.00000000,68320.08000000,67492.60000000,68251.52000000,1213.97200000,60,60,False
1717329600000,1717333200000,68251.53000000,68305.00000000,67852.24000000,67934.99000000,941.82256000,60,60,False
1717333200000,1717336800000,67934.99000000,68214.66000000,67800.00000000,68165.98000000,722.27646000,60,60,False
1717336800000,1717340400000,68165.97000000,68460.00000000,68073.65000000,68252.50000000,2085.25292000,60,60,False
1717340400000,1717344000000,68252.51000000,68297.12000000,68016.19000000,68142.17000000,465.81443000,60,60,False
1717344000000,1717347600000,68142.18000000,68200.00000000,67980.00000000,68103.63000000,440.27640000,60,60,False
1717347600000,1717351200000,68103.63000000,68103.64000000,67808.66000000,67879.28000000,1181.95687000,60,60,False
1717351200000,1717354800000,67879.27000000,67879.28000000,67456.88000000,67697.14000000,1480.43326000,60,60,False
1717354800000,1717358400000,67697.14000000,67798.00000000,67257.47000000,67736.95000000,1565.51294000,60,60,False
1717358400000,1717362000000,67736.95000000,67831.21000000,67577.65000000,67831.20000000,365.03156000,60,60,False
1717362000000,1717365600000,67831.21000000,67902.12000000,67755.00000000,67816.14000000,263.27949000,60,60,False
1717365600000,1717369200000,67816.13000000,67984.01000000,67809.96000000,67927.99000000,330.59344000,60,60,False
1717369200000,1717372800000,67928.00000000,67984.01000000,67765.62000000,67765.63000000,281.28882000,60,60,False
1717372800000,1717376400000,67765.62000000,67873.87000000,67612.48000000,67823.99000000,545.42052000,60,60,False
1717376400000,1717380000000,67824.00000000,68553.67000000,67823.80000000,68476.01000000,1377.62869000,60,60,False
1717380000000,1717383600000,68476.01000000,68793.97000000,68404.51000000,68416.08000000,1163.43425000,60,60,False
1717383600000,1717387200000,68416.09000000,68518.70000000,68201.00000000,68382.81000000,722.42687000,60,60,False
1717387200000,1717390800000,68382.80000000,68600.00000000,68285.29000000,68510.00000000,809.57781000,60,60,False
1717390800000,1717394400000,68510.00000000,68780.00000000,68441.16000000,68700.00000000,803.11096000,60,60,False
1717394400000,1717398000000,68699.99000000,69221.00000000,68632.01000000,69038.94000000,2491.91796000,60,60,False
1717398000000,1717401600000,69038.94000000,69179.62000000,68804.00000000,68906.70000000,1420.73895000,60,60,False
1717401600000,1717405200000,68906.70000000,69333.00000000,68906.69000000,69142.55000000,1257.93453000,60,60,False
1717405200000,1717408800000,69142.54000000,69187.06000000,68913.72000000,69014.88000000,669.33080000,60,60,False
1717408800000,1717412400000,69014.89000000,69186.79000000,68876.98000000,68907.99000000,1001.70426000,60,60,False
1717412400000,1717416000000,68908.00000000,69248.99000000,68824.00000000,69080.00000000,897.94818000,60,60,False
1717416000000,1717419600000,69080.00000000,69769.30000000,69075.40000000,69746.23000000,1886.90789000,60,60,False
1717419600000,1717423200000,69746.23000000,70288.00000000,69521.04000000,69795.34000000,2750.03730000,60,60,False
1717423200000,1717426800000,69795.33000000,70079.67000000,68500.00000000,68776.01000000,3731.05685000,60,60,False
1717426800000,1717430400000,68776.01000000,69631.16000000,68760.00000000,69615.28000000,1863.02683000,60,60,False
1717430400000,1717434000000,69615.27000000,69715.61000000,68899.89000000,69080.02000000,1608.62393000,60,60,False
1717434000000,1717437600000,69080.02000000,69389.92000000,68800.00000000,69268.97000000,786.01880000,60,60,False
1717437600000,1717441200000,69268.98000000,69444.49000000,69162.98000000,69288.41000000,653.12456000,60,60,False
1717441200000,1717444800000,69288.41000000,69296.68000000,69021.77000000,69204.00000000,668.62340000,60,60,False
1717444800000,1717448400000,69204.00000000,69509.38000000,69101.27000000,69101.28000000,924.92879000,60,60,False
1717448400000,1717452000000,69101.28000000,69191.86000000,68899.51000000,69081.17000000,561.30151000,60,60,False
1717452000000,1717455600000,69081.17000000,69144.33000000,68810.00000000,69042.51000000,569.52117000,60,60,False
1717455600000,1717459200000,69042.51000000,69062.19000000,68730.51000000,68809.90000000,469.02919000,60,60,False
1717459200000,1717462800000,68809.89000000,69090.90000000,68629.90000000,69001.41000000,885.47608000,60,60,False
1717462800000,1717466400000,69001.40000000,69215.41000000,68900.60000000,69215.40000000,495.15752000,60,60,False
1717466400000,1717470000000,69215.41000000,69306.67000000,69080.80000000,69139.57000000,426.69517000,60,60,False
1717470000000,1717473600000,69139.58000000,69370.01000000,69114.98000000,69170.22000000,388.66215000,60,60,False
1717473600000,1717477200000,69170.22000000,69268.27000000,69057.12000000,69061.22000000,385.62215000,60,60,False
1717477200000,1717480800000,69061.22000000,69156.16000000,68914.28000000,68956.01000000,450.12894000,60,60,False
1717480800000,1717484400000,68956.01000000,69039.71000000,68745.68000000,68905.43000000,1152.10393000,60,60,False
1717484400000,1717488000000,68905.43000000,69074.82000000,68894.21000000,69013.63000000,562.89903000,60,60,False
1717488000000,1717491600000,69013.62000000,69191.99000000,68827.00000000,68836.54000000,719.36611000,60,60,False
1717491600000,1717495200000,68836.54000000,68890.01000000,68567.32000000,68717.92000000,1253.78456000,60,60,False
1717495200000,1717498800000,68717.92000000,68958.00000000,68701.83000000,68890.66000000,651.64527000,60,60,False
1717498800000,1717502400000,68890.66000000,69030.00000000,68841.87000000,68955.85000000,518.48705000,60,60,False
1717502400000,1717506000000,68955.84000000,69155.50000000,68843.73000000,68946.56000000,981.79689000,60,60,False
1717506000000,1717509600000,68946.56000000,69830.75000000,68946.55000000,69527.99000000,2310.51288000,60,60,False
1717509600000,1717513200000,69527.99000000,70089.99000000,69319.79000000,69651.49000000,3400.63908000,60,60,False
1717513200000,1717516800000,69651.49000000,70480.00000000,69463.83000000,70445.00000000,3308.73493000,60,60,False
1717516800000,1717520400000,70445.00000000,70999.00000000,70388.17000000,70800.00000000,3577.03841000,60,60,False
1717520400000,1717524000000,70800.00000000,70833.52000000,70360.40000000,70564.00000000,1477.20962000,60,60,False
1717524000000,1717527600000,70564.01000000,71063.45000000,70564.00000000,70693.67000000,2685.01525000,60,60,False
1717527600000,1717531200000,70693.67000000,70727.76000000,70092.50000000,70423.60000000,1513.09125000,60,60,False
1717531200000,1717534800000,70423.61000000,70550.00000000,70168.67000000,70402.69000000,676.26117000,60,60,False
1717534800000,1717538400000,70402.69000000,70630.08000000,70340.41000000,70620.00000000,560.36634000,60,60,False
1717538400000,1717542000000,70620.01000000,70736.00000000,70510.00000000,70561.30000000,756.17993000,60,60,False
1717542000000,1717545600000,70561.31000000,70610.00000000,70414.90000000,70537.84000000,482.91118000,60,60,False
1717545600000,1717549200000,70537.83000000,70900.00000000,70423.51000000,70776.00000000,1036.06996000,60,60,False
1717549200000,1717552800000,70775.99000000,71275.00000000,70646.16000000,70986.30000000,1527.72558000,60,60,False
1717552800000,1717556400000,70986.29000000,71140.30000000,70672.08000000,70837.96000000,1397.29959000,60,60,False
1717556400000,1717560000000,70837.96000000,70991.73000000,70768.00000000,70947.58000000,786.32991000,60,60,False
1717560000000,1717563600000,70947.58000000,71260.00000000,70826.15000000,71168.53000000,1358.27161000,60,60,False
1717563600000,1717567200000,71168.54000000,71196.00000000,70884.61000000,70999.99000000,804.58799000,60,60,False
1717567200000,1717570800000,70999.99000000,71150.00000000,70850.00000000,71119.05000000,1231.70706000,60,60,False
1717570800000,1717574400000,71119.06000000,71379.21000000,71032.60000000,71200.00000000,1297.93292000,60,60,False
1717574400000,1717578000000,71199.99000000,71243.60000000,70880.40000000,70927.57000000,1095.54386000,60,60,False
1717578000000,1717581600000,70927.57000000,71032.08000000,70825.00000000,70894.19000000,758.70704000,60,60,False
1717581600000,1717585200000,70894.20000000,70908.59000000,70725.03000000,70800.33000000,860.62926000,60,60,False
1717585200000,1717588800000,70800.33000000,71093.96000000,70694.61000000,70971.71000000,740.44670000,60,60,False
1717588800000,1717592400000,70971.70000000,71120.00000000,70652.60000000,70940.01000000,1417.83072000,60,60,False
1717592400000,1717596000000,70940.01000000,71169.99000000,70588.00000000,70730.70000000,1685.49480000,60,60,False
1717596000000,1717599600000,70730.70000000,71080.00000000,70383.66000000,70867.99000000,1853.41573000,60,60,False
1717599600000,1717603200000,70867.99000000,71731.35000000,70775.00000000,71580.00000000,2767.85879000,60,60,False
1717603200000,1717606800000,71580.01000000,71758.00000000,71268.00000000,71312.77000000,1520.33366000,60,60,False
1717606800000,1717610400000,71312.78000000,71704.00000000,71231.48000000,71628.98000000,1367.90189000,60,60,False
1717610400000,1717614000000,71628.98000000,71748.22000000,70895.15000000,71096.81000000,1778.53896000,60,60,False
1717614000000,1717617600000,71096.80000000,71398.73000000,70871.20000000,71279.95000000,937.98536000,60,60,False
1717617600000,1717621200000,71279.95000000,71357.68000000,71160.00000000,71196.02000000,699.46084000,60,60,False
1717621200000,1717624800000,71196.02000000,71211.34000000,71036.31000000,71138.42000000,363.26274000,60,60,False
1717624800000,1717628400000,71138.43000000,71274.11000000,71090.00000000,71144.86000000,381.44972000,60,60,False
1717628400000,1717632000000,71144.85000000,71294.47000000,70700.00000000,71108.00000000,1034.39613000,60,60,False
1717632000000,1717635600000,71108.00000000,71183.99000000,70955.99000000,71018.06000000,470.98831000,60,60,False
1717635600000,1717639200000,71018.06000000,71189.97000000,70900.00000000,71124.00000000,491.92883000,60,60,False
1717639200000,1717642800000,71124.01000000,71237.02000000,71103.70000000,71160.00000000,454.18419000,60,60,False
1717642800000,1717646400000,71160.01000000,71188.00000000,71012.34000000,71050.00000000,421.21498000,60,60,False
1717646400000,1717650000000,71050.00000000,71106.46000000,70909.70000000,71054.52000000,591.72521000,60,60,False
1717650000000,1717653600000,71054.51000000,71084.40000000,70800.00000000,70895.45000000,668.78311000,60,60,False
1717653600000,1717657200000,70895.45000000,71037.72000000,70804.00000000,70887.99000000,577.39715000,60,60,False
1717657200000,1717660800000,70888.00000000,71069.62000000,70853.23000000,71021.47000000,603.86899000,60,60,False
1717660800000,1717664400000,71021.46000000,71039.50000000,70862.50000000,70904.01000000,518.12755000,60,60,False
1717664400000,1717668000000,70904.01000000,71147.28000000,70904.00000000,70978.88000000,567.45225000,60,60,False
1717668000000,1717671600000,70978.89000000,71000.00000000,70892.50000000,70988.00000000,426.66814000,60,60,False
1717671600000,1717675200000,70988.01000000,71204.59000000,70935.01000000,71170.01000000,798.77919000,60,60,False
1717675200000,1717678800000,71170.01000000,71443.60000000,71052.97000000,71187.17000000,1387.14463000,60,60,False
1717678800000,1717682400000,71187.18000000,71535.95000000,71000.00000000,71123.09000000,1918.70297000,60,60,False
1717682400000,1717686000000,71123.10000000,71520.00000000,71020.57000000,71464.57000000,1587.29162000,60,60,False
1717686000000,1717689600000,71464.56000000,71700.00000000,71250.61000000,71300.00000000,1524.31210000,60,60,False
1717689600000,1717693200000,71300.00000000,71379.93000000,70825.00000000,70948.95000000,2206.41270000,60,60,False
1717693200000,1717696800000,70948.95000000,71225.01000000,70800.00000000,71098.31000000,1300.39004000,60,60,False
1717696800000,1717700400000,71098.30000000,71158.87000000,70871.57000000,71075.00000000,591.43061000,60,60,False
1717700400000,1717704000000,71075.00000000,71078.73000000,70450.00000000,70479.49000000,1416.32041000,60,60,False
1717704000000,1717707600000,70479.49000000,70742.49000000,70117.64000000,70720.01000000,1649.27420000,60,60,False
1717707600000,1717711200000,70720.01000000,70859.81000000,70667.00000000,70740.51000000,409.43665000,60,60,False
1717711200000,1717714800000,70740.51000000,70920.76000000,70664.00000000,70901.01000000,656.50420000,60,60,False
1717714800000,1717718400000,70901.01000000,70958.89000000,70748.80000000,70799.06000000,603.66646000,60,60,False
1717718400000,1717722000000,70799.06000000,70883.60000000,70740.00000000,70883.05000000,403.79489000,60,60,False
1717722000000,1717725600000,70883.05000000,70900.00000000,70670.48000000,70840.01000000,493.06368000,60,60,False
1717725600000,1717729200000,70840.00000000,70872.06000000,70663.59000000,70824.08000000,469.58357000,60,60,False
1717729200000,1717732800000,70824.09000000,71015.20000000,70741.20000000,70989.68000000,456.07768000,60,60,False
1717732800000,1717736400000,70989.69000000,71274.70000000,70989.68000000,71226.52000000,1041.73348000,60,60,False
1717736400000,1717740000000,71226.52000000,71449.98000000,71170.00000000,71290.60000000,1688.26465000,60,60,False
1717740000000,1717743600000,71290.60000000,71353.06000000,71162.38000000,71265.70000000,589.45023000,60,60,False
1717743600000,1717747200000,71265.70000000,71310.80000000,71068.16000000,71110.00000000,854.07909000,60,60,False
1717747200000,1717750800000,71110.01000000,71192.40000000,71048.12000000,71117.20000000,754.25811000,60,60,False
1717750800000,1717754400000,71117.20000000,71307.28000000,71060.50000000,71302.07000000,605.73366000,60,60,False
1717754400000,1717758000000,71302.06000000,71434.86000000,71202.40000000,71377.38000000,577.69729000,60,60,False
1717758000000,1717761600000,71377.37000000,71700.00000000,71303.40000000,71699.99000000,1238.41758000,60,60,False
1717761600000,1717765200000,71700.00000000,71997.02000000,70633.21000000,71234.09000000,5660.13497000,60,60,False
1717765200000,1717768800000,71234.09000000,71655.04000000,71056.70000000,71534.60000000,1555.22338000,60,60,False
1717768800000,1717772400000,71534.60000000,71544.06000000,71170.58000000,71430.94000000,991.06966000,60,60,False
1717772400000,1717776000000,71430.93000000,71430.93000000,70850.00000000,71111.54000000,1650.05125000,60,60,False
1717776000000,1717779600000,71111.55000000,71208.89000000,70779.00000000,70873.47000000,1125.96101000,60,60,False
1717779600000,1717783200000,70873.48000000,70873.48000000,69800.37000000,69803.59000000,2585.76468000,60,60,False
1717783200000,1717786800000,69803.59000000,69887.99000000,68420.00000000,69154.43000000,8271.33920000,60,60,False
1717786800000,1717790400000,69154.44000000,69448.00000000,68800.00000000,69255.00000000,1934.14143000,60,60,False
1717790400000,1717794000000,69255.01000000,69318.30000000,68978.52000000,69307.99000000,1132.53115000,60,60,False
1717794000000,1717797600000,69308.00000000,69377.85000000,69203.08000000,69250.01000000,496.62495000,60,60,False
1717797600000,1717801200000,69250.01000000,69585.96000000,69184.00000000,69499.00000000,583.30376000,60,60,False
1717801200000,1717804800000,69499.00000000,69499.00000000,69323.54000000,69355.60000000,440.15110000,60,60,False
1717804800000,1717808400000,69355.60000000,69482.75000000,69296.41000000,69401.50000000,575.16895000,60,60,False
1717808400000,1717812000000,69401.50000000,69475.04000000,69287.28000000,69465.25000000,531.15697000,60,60,False
1717812000000,1717815600000,69465.24000000,69465.25000000,69387.60000000,69422.11000000,300.25806000,60,60,False
1717815600000,1717819200000,69422.11000000,69525.00000000,69411.30000000,69432.00000000,385.05909000,60,60,False
1717819200000,1717822800000,69432.00000000,69466.92000000,69277.96000000,69316.73000000,426.11437000,60,60,False
1717822800000,1717826400000,69316.74000000,69342.79000000,69232.15000000,69319.99000000,353.35561000,60,60,False
1717826400000,1717830000000,69320.00000000,69414.89000000,69296.26000000,69333.45000000,401.70800000,60,60,False
1717830000000,1717833600000,69333.44000000,69582.20000000,69333.44000000,69582.20000000,540.15299000,60,60,False
1717833600000,1717837200000,69582.20000000,69582.20000000,69381.81000000,69436.42000000,364.24008000,60,60,False
1717837200000,1717840800000,69436.43000000,69495.99000000,69382.80000000,69443.24000000,329.88546000,60,60,False
1717840800000,1717844400000,69443.25000000,69495.98000000,69360.01000000,69453.40000000,384.75747000,60,60,False
1717844400000,1717848000000,69453.39000000,69515.00000000,69318.19000000,69365.93000000,547.11072000,60,60,False
1717848000000,1717851600000,69365.94000000,69430.00000000,69265.00000000,69360.22000000,436.61346000,60,60,False
1717851600000,1717855200000,69360.22000000,69430.01000000,69168.02000000,69430.00000000,801.65896000,60,60,False
1717855200000,1717858800000,69430.01000000,69462.25000000,69309.82000000,69461.69000000,538.86257000,60,60,False
1717858800000,1717862400000,69461.68000000,69491.36000000,69421.17000000,69430.01000000,341.43740000,60,60,False
1717862400000,1717866000000,69430.01000000,69470.16000000,69292.22000000,69387.15000000,570.23186000,60,60,False
1717866000000,1717869600000,69387.16000000,69470.00000000,69336.01000000,69439.99000000,489.14706000,60,60,False
1717869600000,1717873200000,69440.00000000,69480.00000000,69427.98000000,69454.89000000,269.32881000,60,60,False
1717873200000,1717876800000,69454.88000000,69490.00000000,69427.88000000,69460.01000000,249.35631000,60,60,False
1717876800000,1717880400000,69460.00000000,69475.18000000,69313.31000000,69372.73000000,304.03471000,60,60,False
1717880400000,1717884000000,69372.74000000,69424.47000000,69327.04000000,69404.91000000,179.28795000,60,60,False
1717884000000,1717887600000,69404.90000000,69404.91000000,69290.28000000,69338.15000000,201.17805000,60,60,False
1717887600000,1717891200000,69338.15000000,69340.00000000,69292.99000000,69310.46000000,253.72476000,60,60,False
1717891200000,1717894800000,69310.46000000,69327.99000000,69225.84000000,69268.70000000,279.12784000,60,60,False
1717894800000,1717898400000,69268.70000000,69346.90000000,69230.00000000,69285.00000000,207.30721000,60,60,False
1717898400000,1717902000000,69285.01000000,69298.00000000,69139.93000000,69174.93000000,386.92647000,60,60,False
1717902000000,1717905600000,69174.92000000,69298.00000000,69130.24000000,69259.38000000,311.25819000,60,60,False
1717905600000,1717909200000,69259.38000000,69306.22000000,69244.64000000,69304.44000000,215.20780000,60,60,False
1717909200000,1717912800000,69304.44000000,69360.40000000,69234.73000000,69293.47000000,201.54054000,60,60,False
1717912800000,1717916400000,69293.48000000,69400.00000000,69276.95000000,69391.01000000,246.31461000,60,60,False
1717916400000,1717920000000,69391.02000000,69425.70000000,69273.47000000,69295.64000000,368.47440000,60,60,False
1717920000000,1717923600000,69295.64000000,69356.00000000,69283.45000000,69352.15000000,210.63135000,60,60,False
1717923600000,1717927200000,69352.15000000,69397.19000000,69341.95000000,69369.98000000,195.92350000,60,60,False
1717927200000,1717930800000,69369.99000000,69373.24000000,69333.07000000,69346.49000000,236.87264000,60,60,False
1717930800000,1717934400000,69346.50000000,69389.00000000,69333.00000000,69367.69000000,225.66556000,60,60,False
1717934400000,1717938000000,69367.68000000,69760.00000000,69351.11000000,69712.95000000,864.72707000,60,60,False
1717938000000,1717941600000,69712.96000000,69777.00000000,69250.01000000,69467.03000000,1517.18414000,60,60,False
1717941600000,1717945200000,69467.04000000,69559.00000000,69264.01000000,69490.12000000,679.92624000,60,60,False
1717945200000,1717948800000,69490.13000000,69590.37000000,69420.42000000,69508.64000000,716.46617000,60,60,False
1717948800000,1717952400000,69508.64000000,69636.98000000,69500.00000000,69622.88000000,386.18326000,60,60,False
1717952400000,1717956000000,69622.88000000,69698.48000000,69570.00000000,69660.51000000,281.76588000,60,60,False
1717956000000,1717959600000,69660.52000000,69848.32000000,69611.26000000,69738.10000000,755.07201000,60,60,False
1717959600000,1717963200000,69738.09000000,69857.14000000,69660.03000000,69710.26000000,559.04291000,60,60,False
1717963200000,1717966800000,69710.26000000,69730.81000000,69590.33000000,69686.85000000,315.37374000,60,60,False
1717966800000,1717970400000,69686.86000000,69821.53000000,69610.00000000,69749.96000000,275.10337000,60,60,False
1717970400000,1717974000000,69749.95000000,69787.13000000,69621.20000000,69634.35000000,283.03816000,60,60,False
1717974000000,1717977600000,69634.36000000,69684.93000000,69596.01000000,69648.14000000,171.43403000,60,60,False
1717977600000,1717981200000,69648.15000000,69655.11000000,69426.00000000,69559.99000000,450.64669000,60,60,False
1717981200000,1717984800000,69559.99000000,69686.42000000,69516.00000000,69625.52000000,475.14533000,60,60,False
1717984800000,1717988400000,69625.52000000,69801.34000000,69608.40000000,69716.00000000,723.35120000,60,60,False
1717988400000,1717992000000,69716.01000000,69767.41000000,69574.80000000,69613.20000000,336.95189000,60,60,False
1717992000000,1717995600000,69613.20000000,69677.50000000,69530.95000000,69674.33000000,286.62824000,60,60,False
1717995600000,1717999200000,69674.33000000,69674.33000000,69530.00000000,69580.48000000,338.77292000,60,60,False
1717999200000,1718002800000,69580.47000000,69618.76000000,69301.00000000,69429.87000000,802.10432000,60,60,False
1718002800000,1718006400000,69429.87000000,69500.00000000,69249.99000000,69303.99000000,684.35492000,60,60,False
1718006400000,1718010000000,69304.00000000,69494.99000000,69279.35000000,69387.50000000,544.63785000,60,60,False
1718010000000,1718013600000,69387.50000000,69474.39000000,69172.29000000,69449.99000000,762.57186000,60,60,False
1718013600000,1718017200000,69450.00000000,69470.93000000,69357.38000000,69439.99000000,440.02591000,60,60,False
1718017200000,1718020800000,69439.99000000,69550.00000000,69337.02000000,69473.89000000,470.06175000,60,60,False
1718020800000,1718024400000,69473.89000000,69520.01000000,69331.55000000,69363.99000000,455.61451000,60,60,False
1718024400000,1718028000000,69364.00000000,69512.90000000,69201.59000000,69408.21000000,839.30304000,60,60,False
1718028000000,1718031600000,69408.21000000,69662.10000000,69300.01000000,69662.09000000,818.84462000,60,60,False
1718031600000,1718035200000,69662.10000000,70195.94000000,69612.26000000,70066.12000000,2090.82351000,60,60,False
1718035200000,1718038800000,70066.12000000,70105.82000000,69722.00000000,69972.17000000,1157.81759000,60,60,False
1718038800000,1718042400000,69972.18000000,70060.00000000,69761.89000000,70043.00000000,591.25585000,60,60,False
1718042400000,1718046000000,70043.01000000,70141.10000000,69737.56000000,69860.01000000,1199.79773000,60,60,False
1718046000000,1718049600000,69860.01000000,69860.01000000,69386.81000000,69490.80000000,1347.29029000,60,60,False
1718049600000,1718053200000,69490.81000000,69700.51000000,69334.46000000,69632.51000000,1256.69999000,60,60,False
1718053200000,1718056800000,69632.51000000,69694.68000000,69530.00000000,69585.48000000,333.26051000,60,60,False
1718056800000,1718060400000,69585.49000000,69592.00000000,69424.28000000,69495.99000000,371.95973000,60,60,False
1718060400000,1718064000000,69495.99000000,69563.38000000,69400.01000000,69540.00000000,344.74916000,60,60,False
1718064000000,1718067600000,69540.00000000,69590.01000000,69400.00000000,69410.85000000,441.01662000,60,60,False
1718067600000,1718071200000,69410.86000000,69523.71000000,68500.00000000,68724.01000000,2101.67951000,60,60,False
1718071200000,1718074800000,68724.00000000,68922.29000000,67900.00000000,68268.62000000,4237.94052000,60,60,False
1718074800000,1718078400000,68268.62000000,68488.00000000,68170.00000000,68464.00000000,1288.03235000,60,60,False
1718078400000,1718082000000,68464.00000000,68464.00000000,67617.00000000,68024.04000000,3130.15278000,60,60,False
1718082000000,1718085600000,68024.03000000,68056.28000000,67657.03000000,67903.57000000,1529.15940000,60,60,False
1718085600000,1718089200000,67903.58000000,67974.49000000,67325.00000000,67692.00000000,1795.62101000,60,60,False
1718089200000,1718092800000,67691.99000000,67844.76000000,67526.95000000,67570.18000000,1342.86514000,60,60,False
1718092800000,1718096400000,67570.18000000,67641.03000000,67284.38000000,67516.74000000,1502.84818000,60,60,False
1718096400000,1718100000000,67516.75000000,67662.49000000,66900.00000000,67084.34000000,2014.92142000,60,60,False
1718100000000,1718103600000,67084.33000000,67303.46000000,66732.00000000,66961.99000000,2002.25370000,60,60,False
1718103600000,1718107200000,66961.99000000,67123.13000000,66762.58000000,66890.01000000,1762.47556000,60,60,False
1718107200000,1718110800000,66890.00000000,67194.31000000,66790.80000000,67019.99000000,1589.99015000,60,60,False
1718110800000,1718114400000,67020.00000000,67278.88000000,66568.35000000,66812.00000000,2543.43037000,60,60,False
1718114400000,1718118000000,66812.01000000,67103.42000000,66776.81000000,66851.26000000,1417.57274000,60,60,False
1718118000000,1718121600000,66851.27000000,67076.00000000,66051.00000000,66244.48000000,3798.63037000,60,60,False
1718121600000,1718125200000,66244.48000000,66738.78000000,66161.26000000,66487.47000000,1997.24793000,60,60,False
1718125200000,1718128800000,66487.48000000,66805.98000000,66175.00000000,66770.99000000,1527.13797000,60,60,False
1718128800000,1718132400000,66771.00000000,67229.93000000,66652.39000000,67117.30000000,1607.24429000,60,60,False
1718132400000,1718136000000,67117.31000000,67586.64000000,67070.51000000,67407.01000000,1419.52041000,60,60,False
1718136000000,1718139600000,67407.02000000,67500.00000000,67173.92000000,67290.07000000,840.01284000,60,60,False
1718139600000,1718143200000,67290.07000000,67396.62000000,67202.26000000,67396.61000000,414.56314000,60,60,False
1718143200000,1718146800000,67396.61000000,67572.54000000,67311.42000000,67360.22000000,500.47608000,60,60,False
1718146800000,1718150400000,67360.22000000,67588.22000000,67309.91000000,67314.24000000,631.22340000,60,60,False
1718150400000,1718154000000,67314.23000000,67436.53000000,67183.47000000,67199.99000000,565.54988000,60,60,False
1718154000000,1718157600000,67199.99000000,67240.00000000,66905.00000000,67180.01000000,889.30788000,60,60,False
1718157600000,1718161200000,67180.00000000,67596.15000000,67128.08000000,67415.25000000,877.47097000,60,60,False
1718161200000,1718164800000,67415.26000000,67496.25000000,67317.77000000,67407.00000000,589.92467000,60,60,False
1718164800000,1718168400000,67407.01000000,67624.89000000,67350.01000000,67481.59000000,973.22406000,60,60,False
1718168400000,1718172000000,67481.60000000,67505.13000000,67195.97000000,67243.21000000,577.77673000,60,60,False
1718172000000,1718175600000,67243.21000000,67382.81000000,67243.20000000,67281.64000000,520.52806000,60,60,False
1718175600000,1718179200000,67281.63000000,67500.01000000,67229.78000000,67453.63000000,640.98918000,60,60,False
1718179200000,1718182800000,67453.64000000,67532.64000000,67376.10000000,67393.46000000,530.28455000,60,60,False
1718182800000,1718186400000,67393.47000000,67804.00000000,67353.02000000,67753.32000000,905.14024000,60,60,False
1718186400000,1718190000000,67753.33000000,68059.01000000,67753.32000000,67991.98000000,1156.61360000,60,60,False
1718190000000,1718193600000,67991.99000000,68015.40000000,67716.22000000,67778.43000000,766.68201000,60,60,False
1718193600000,1718197200000,67778.43000000,69488.00000000,67736.00000000,69339.29000000,5379.40042000,60,60,False
1718197200000,1718200800000,69339.29000000,69649.80000000,69084.00000000,69320.00000000,2735.10239000,60,60,False
1718200800000,1718204400000,69320.01000000,69980.00000000,69300.01000000,69960.57000000,2435.37218000,60,60,False
1718204400000,1718208000000,69960.56000000,69999.00000000,69539.54000000,69734.00000000,1853.76085000,60,60,False
1718208000000,1718211600000,69734.00000000,69786.46000000,69289.50000000,69616.00000000,1321.98201000,60,60,False
1718211600000,1718215200000,69616.01000000,69862.40000000,69492.00000000,69799.99000000,1193.83082000,60,60,False
1718215200000,1718218800000,69800.00000000,69808.47000000,68575.00000000,68828.01000000,4588.76503000,60,60,False
1718218800000,1718222400000,68828.00000000,69226.14000000,67250.00000000,67532.92000000,4783.44414000,60,60,False
1718222400000,1718226000000,67532.92000000,68312.00000000,67413.51000000,68103.97000000,1909.74876000,60,60,False
1718226000000,1718229600000,68103.96000000,68667.44000000,68097.91000000,68536.00000000,963.60660000,60,60,False
1718229600000,1718233200000,68536.00000000,68539.99000000,68270.92000000,68345.82000000,591.22825000,60,60,False
1718233200000,1718236800000,68345.81000000,68347.00000000,68124.00000000,68263.99000000,425.59028000,60,60,False
1718236800000,1718240400000,68263.98000000,68393.63000000,68005.85000000,68330.02000000,653.24483000,60,60,False
1718240400000,1718244000000,68330.02000000,68363.35000000,67910.00000000,67979.63000000,644.57501000,60,60,False
1718244000000,1718247600000,67979.63000000,68177.00000000,67690.95000000,67734.81000000,1421.54407000,60,60,False
1718247600000,1718251200000,67734.80000000,67850.08000000,66969.98000000,67474.94000000,2449.28588000,60,60,False
1718251200000,1718254800000,67474.95000000,67729.41000000,67328.00000000,67328.01000000,1050.04279000,60,60,False
1718254800000,1718258400000,67328.01000000,67680.00000000,67328.01000000,67604.04000000,641.70770000,60,60,False
1718258400000,1718262000000,67604.04000000,67614.55000000,67300.30000000,67518.57000000,618.73732000,60,60,False
1718262000000,1718265600000,67518.58000000,67724.81000000,67399.99000000,67724.81000000,653.27078000,60,60,False
1718265600000,1718269200000,67724.80000000,67752.06000000,67508.00000000,67565.56000000,609.72584000,60,60,False
1718269200000,1718272800000,67565.57000000,67569.67000000,67168.00000000,67419.86000000,1062.57603000,60,60,False
1718272800000,1718276400000,67419.86000000,67971.20000000,67230.94000000,67820.40000000,1099.80601000,60,60,False
1718276400000,1718280000000,67820.40000000,67961.07000000,67648.49000000,67739.99000000,990.11181000,60,60,False
1718280000000,1718283600000,67740.00000000,68449.30000000,67439.43000000,67749.54000000,2656.79802000,60,60,False
1718283600000,1718287200000,67749.54000000,68272.00000000,67521.55000000,67589.99000000,1896.88356000,60,60,False
1718287200000,1718290800000,67590.00000000,67739.28000000,67150.00000000,67365.62000000,2241.27680000,60,60,False
1718290800000,1718294400000,67365.62000000,67537.87000000,66368.76000000,66470.01000000,3376.95479000,60,60,False
1718294400000,1718298000000,66470.01000000,67019.42000000,66251.78000000,66976.00000000,2330.72822000,60,60,False
1718298000000,1718301600000,66976.01000000,67080.13000000,66639.47000000,66920.00000000,1129.90298000,60,60,False
1718301600000,1718305200000,66919.99000000,66976.87000000,66693.43000000,66862.99000000,808.59044000,60,60,False
1718305200000,1718308800000,66862.99000000,66884.00000000,66588.83000000,66604.01000000,822.61164000,60,60,False
1718308800000,1718312400000,66604.01000000,66810.48000000,66530.84000000,66712.98000000,599.29078000,60,60,False
1718312400000,1718316000000,66712.97000000,66969.99000000,66680.14000000,66969.99000000,532.99338000,60,60,False
1718316000000,1718319600000,66969.99000000,66980.00000000,66840.07000000,66896.00000000,416.84137000,60,60,False
1718319600000,1718323200000,66895.99000000,66909.26000000,66681.40000000,66773.01000000,372.05566000,60,60,False
1718323200000,1718326800000,66773.01000000,66897.96000000,66604.60000000,66727.73000000,762.28668000,60,60,False
1718326800000,1718330400000,66727.73000000,66833.10000000,66480.00000000,66806.17000000,665.04544000,60,60,False
1718330400000,1718334000000,66806.17000000,67027.32000000,66713.50000000,66952.00000000,732.09671000,60,60,False
1718334000000,1718337600000,66952.01000000,66982.98000000,66676.28000000,66744.00000000,545.50916000,60,60,False
1718337600000,1718341200000,66744.00000000,66833.33000000,66717.00000000,66717.39000000,359.54742000,60,60,False
1718341200000,1718344800000,66717.38000000,67221.32000000,66707.76000000,67052.49000000,894.30830000,60,60,False
1718344800000,1718348400000,67052.50000000,67124.29000000,66876.00000000,66962.41000000,731.33334000,60,60,False
1718348400000,1718352000000,66962.40000000,67110.10000000,66885.68000000,66904.98000000,957.85519000,60,60,False
1718352000000,1718355600000,66904.98000000,67256.32000000,66863.46000000,67152.04000000,1185.19372000,60,60,False
1718355600000,1718359200000,67152.04000000,67152.04000000,66899.39000000,66920.01000000,824.75726000,60,60,False
1718359200000,1718362800000,66920.01000000,67015.92000000,66836.54000000,66873.14000000,620.47859000,60,60,False
1718362800000,1718366400000,66873.15000000,67101.00000000,66746.40000000,67036.00000000,753.50403000,60,60,False
1718366400000,1718370000000,67035.99000000,67288.00000000,66960.58000000,67083.30000000,927.69147000,60,60,False
1718370000000,1718373600000,67083.31000000,67370.24000000,66950.00000000,67070.50000000,1248.80917000,60,60,False
1718373600000,1718377200000,67070.49000000,67115.25000000,66561.30000000,66982.98000000,1941.14189000,60,60,False
1718377200000,1718380800000,66982.98000000,67059.46000000,66344.67000000,66392.00000000,1612.81579000,60,60,False
1718380800000,1718384400000,66392.00000000,66520.00000000,65200.87000000,65293.40000000,5528.72338000,60,60,False
1718384400000,1718388000000,65293.39000000,65753.23000000,65078.31000000,65416.01000000,1609.37202000,60,60,False
1718388000000,1718391600000,65416.01000000,65537.31000000,65078.00000000,65524.86000000,1647.78965000,60,60,False
1718391600000,1718395200000,65524.85000000,65684.00000000,65299.99000000,65520.02000000,897.89248000,60,60,False
1718395200000,1718398800000,65520.02000000,65970.23000000,65480.00000000,65766.41000000,901.37516000,60,60,False
1718398800000,1718402400000,65766.41000000,66627.52000000,65725.77000000,66196.01000000,1843.14999000,60,60,False
1718402400000,1718406000000,66196.01000000,66252.00000000,65882.35000000,66014.01000000,869.02998000,60,60,False
1718406000000,1718409600000,66014.01000000,66081.39000000,65916.00000000,66043.99000000,348.48115000,60,60,False
1718409600000,1718413200000,66043.99000000,66287.76000000,65967.50000000,66185.62000000,835.37883000,60,60,False
1718413200000,1718416800000,66185.62000000,66290.00000000,66064.88000000,66076.01000000,380.82540000,60,60,False
1718416800000,1718420400000,66076.00000000,66253.29000000,66050.32000000,66215.35000000,310.18359000,60,60,False
1718420400000,1718424000000,66215.34000000,66273.88000000,66192.00000000,66267.87000000,481.86121000,60,60,False
1718424000000,1718427600000,66267.87000000,66380.58000000,66210.00000000,66246.85000000,509.33409000,60,60,False
1718427600000,1718431200000,66246.84000000,66389.10000000,66215.29000000,66231.82000000,459.71934000,60,60,False
1718431200000,1718434800000,66231.81000000,66416.66000000,66127.00000000,66168.57000000,848.80651000,60,60,False
1718434800000,1718438400000,66168.57000000,66200.00000000,66065.80000000,66076.99000000,1073.61193000,60,60,False
1718438400000,1718442000000,66076.99000000,66221.31000000,66076.98000000,66221.31000000,285.96083000,60,60,False
1718442000000,1718445600000,66221.31000000,66280.80000000,66086.51000000,66227.00000000,339.29279000,60,60,False
1718445600000,1718449200000,66227.00000000,66306.31000000,66195.91000000,66300.01000000,361.43381000,60,60,False
1718449200000,1718452800000,66300.01000000,66348.00000000,66264.01000000,66319.95000000,507.09036000,60,60,False
1718452800000,1718456400000,66319.94000000,66360.00000000,66222.70000000,66348.01000000,342.37283000,60,60,False
1718456400000,1718460000000,66348.01000000,66354.82000000,66240.11000000,66313.47000000,340.40198000,60,60,False
1718460000000,1718463600000,66313.47000000,66313.47000000,66153.84000000,66220.52000000,564.32062000,60,60,False
1718463600000,1718467200000,66220.51000000,66478.48000000,66210.83000000,66316.02000000,853.45194000,60,60,False
1718467200000,1718470800000,66316.02000000,66360.00000000,66179.99000000,66184.00000000,410.46563000,60,60,False
1718470800000,1718474400000,66184.00000000,66304.94000000,66133.92000000,66250.01000000,426.78890000,60,60,False
1718474400000,1718478000000,66250.00000000,66250.00000000,66139.50000000,66145.19000000,344.05073000,60,60,False
1718478000000,1718481600000,66145.19000000,66208.00000000,66071.47000000,66154.70000000,250.34183000,60,60,False
1718481600000,1718485200000,66154.70000000,66170.99000000,65857.10000000,66048.02000000,711.44070000,60,60,False
1718485200000,1718488800000,66048.02000000,66149.00000000,66042.85000000,66126.89000000,245.18396000,60,60,False
1718488800000,1718492400000,66126.89000000,66200.00000000,66045.08000000,66200.00000000,350.99333000,60,60,False
1718492400000,1718496000000,66199.99000000,66287.76000000,66199.99000000,66228.25000000,218.49128000,60,60,False
1718496000000,1718499600000,66228.25000000,66269.74000000,66161.95000000,66161.96000000,223.59845000,60,60,False
1718499600000,1718503200000,66161.96000000,66218.48000000,66102.03000000,66175.68000000,256.25855000,60,60,False
1718503200000,1718506800000,66175.68000000,66182.26000000,66114.27000000,66142.86000000,149.85752000,60,60,False
1718506800000,1718510400000,66142.86000000,66164.30000000,66076.55000000,66146.00000000,160.87464000,60,60,False
1718510400000,1718514000000,66145.99000000,66207.72000000,66034.50000000,66166.02000000,203.12394000,60,60,False
1718514000000,1718517600000,66166.02000000,66264.00000000,66166.01000000,66264.00000000,292.77588000,60,60,False
1718517600000,1718521200000,66264.00000000,66360.18000000,66178.77000000,66312.01000000,420.12202000,60,60,False
1718521200000,1718524800000,66312.01000000,66357.97000000,66252.00000000,66266.30000000,263.94537000,60,60,False
1718524800000,1718528400000,66266.30000000,66340.00000000,66241.64000000,66272.51000000,215.38158000,60,60,False
1718528400000,1718532000000,66272.51000000,66428.45000000,66172.50000000,66409.97000000,880.00508000,60,60,False
1718532000000,1718535600000,66409.97000000,66770.00000000,66372.47000000,66716.31000000,846.02903000,60,60,False
1718535600000,1718539200000,66716.31000000,66742.39000000,66435.15000000,66492.83000000,454.36316000,60,60,False
1718539200000,1718542800000,66492.83000000,66642.20000000,66480.00000000,66597.47000000,315.80420000,60,60,False
1718542800000,1718546400000,66597.48000000,66762.50000000,66560.00000000,66762.49000000,556.85752000,60,60,False
1718546400000,1718550000000,66762.49000000,66793.72000000,66504.00000000,66519.02000000,655.22459000,60,60,False
1718550000000,1718553600000,66519.01000000,66723.00000000,66512.06000000,66712.80000000,326.44028000,60,60,False
1718553600000,1718557200000,66712.80000000,66744.71000000,66557.20000000,66592.19000000,353.20377000,60,60,False
1718557200000,1718560800000,66592.19000000,66669.99000000,66522.00000000,66578.02000000,372.34466000,60,60,False
1718560800000,1718564400000,66578.02000000,66669.95000000,66573.51000000,66590.01000000,237.38299000,60,60,False
1718564400000,1718568000000,66590.01000000,66647.69000000,66522.00000000,66562.52000000,177.53389000,60,60,False
1718568000000,1718571600000,66562.52000000,66620.01000000,66461.25000000,66517.55000000,309.00194000,60,60,False
1718571600000,1718575200000,66517.54000000,66541.53000000,66460.00000000,66525.00000000,189.30242000,60,60,False
1718575200000,1718578800000,66525.01000000,66998.70000000,66525.00000000,66755.99000000,1146.76764000,60,60,False
1718578800000,1718582400000,66755.99000000,66826.13000000,66631.40000000,66676.87000000,386.32311000,60,60,False
1718582400000,1718586000000,66676.86000000,66913.69000000,66549.37000000,66583.96000000,735.55873000,60,60,False
1718586000000,1718589600000,66583.96000000,66610.00000000,66234.26000000,66472.26000000,961.96966000,60,60,False
1718589600000,1718593200000,66472.25000000,66480.00000000,66213.71000000,66344.02000000,1076.67846000,60,60,False
1718593200000,1718596800000,66344.01000000,66431.36000000,66155.00000000,66222.00000000,533.17482000,60,60,False
1718596800000,1718600400000,66222.00000000,66447.88000000,66170.77000000,66447.88000000,497.32084000,60,60,False
1718600400000,1718604000000,66447.88000000,66567.68000000,66295.00000000,66351.62000000,476.40709000,60,60,False
1718604000000,1718607600000,66351.62000000,66398.00000000,66080.00000000,66132.40000000,837.29384000,60,60,False
1718607600000,1718611200000,66132.40000000,66376.00000000,65939.67000000,66172.00000000,1032.03165000,60,60,False
1718611200000,1718614800000,66172.00000000,66317.64000000,65984.01000000,66194.51000000,730.25457000,60,60,False
1718614800000,1718618400000,66194.50000000,66250.01000000,65645.34000000,65722.08000000,1260.94761000,60,60,False
1718618400000,1718622000000,65722.07000000,65960.01000000,65556.00000000,65890.00000000,1393.98219000,60,60,False
1718622000000,1718625600000,65890.01000000,66051.50000000,65796.01000000,65817.20000000,710.24566000,60,60,False
1718625600000,1718629200000,65817.20000000,65827.90000000,65500.00000000,65625.01000000,866.70938000,60,60,False
1718629200000,1718632800000,65625.49000000,65807.05000000,65189.00000000,65200.01000000,1747.87782000,60,60,False
1718632800000,1718636400000,65200.00000000,65790.00000000,65130.00000000,65472.98000000,1382.34399000,60,60,False
1718636400000,1718640000000,65472.98000000,65788.73000000,65239.97000000,65368.00000000,1356.80458000,60,60,False
1718640000000,1718643600000,65368.00000000,66056.65000000,65138.00000000,65898.00000000,2064.83382000,60,60,False
1718643600000,1718647200000,65898.01000000,66607.28000000,65898.00000000,66607.28000000,1936.55029000,60,60,False
1718647200000,1718650800000,66607.27000000,67298.81000000,66550.03000000,67101.48000000,3203.57956000,60,60,False
1718650800000,1718654400000,67101.48000000,67114.00000000,66562.68000000,66691.99000000,1075.11928000,60,60,False
1718654400000,1718658000000,66691.99000000,66764.70000000,66164.01000000,66397.94000000,1425.44933000,60,60,False
1718658000000,1718661600000,66397.94000000,66717.90000000,66306.46000000,66572.00000000,617.52734000,60,60,False
1718661600000,1718665200000,66572.00000000,66702.99000000,66482.00000000,66656.00000000,436.26182000,60,60,False
1718665200000,1718668800000,66656.01000000,66714.81000000,66392.79000000,66504.33000000,1027.24618000,60,60,False
1718668800000,1718672400000,66504.33000000,66588.23000000,65485.71000000,65749.99000000,1865.04054000,60,60,False
1718672400000,1718676000000,65749.98000000,65966.11000000,64600.00000000,65133.99000000,4761.20322000,60,60,False
1718676000000,1718679600000,65133.99000000,65653.68000000,64569.00000000,65467.43000000,3252.76030000,60,60,False
1718679600000,1718683200000,65467.42000000,65575.16000000,65268.00000000,65500.00000000,1162.36152000,60,60,False
1718683200000,1718686800000,65500.00000000,65769.25000000,65344.24000000,65574.21000000,1102.05127000,60,60,False
1718686800000,1718690400000,65574.21000000,65845.47000000,65555.00000000,65596.01000000,1048.15462000,60,60,False
1718690400000,1718694000000,65596.01000000,65732.16000000,65389.44000000,65500.00000000,1274.92399000,60,60,False
1718694000000,1718697600000,65499.99000000,65800.00000000,65489.56000000,65672.51000000,915.19877000,60,60,False
1718697600000,1718701200000,65672.51000000,65750.01000000,65588.00000000,65727.53000000,529.04939000,60,60,False
1718701200000,1718704800000,65727.54000000,65727.54000000,65439.97000000,65469.92000000,727.65859000,60,60,False
1718704800000,1718708400000,65469.92000000,65612.84000000,65344.99000000,65435.52000000,904.28749000,60,60,False
1718708400000,1718712000000,65435.51000000,65487.83000000,65100.00000000,65366.00000000,1571.16015000,60,60,False
1718712000000,1718715600000,65366.00000000,65433.97000000,65001.00000000,65231.95000000,1933.01425000,60,60,False
1718715600000,1718719200000,65231.95000000,65268.00000000,64638.06000000,64844.00000000,3060.79121000,60,60,False
1718719200000,1718722800000,64844.01000000,65406.00000000,64359.92000000,64633.99000000,3780.76900000,60,60,False
1718722800000,1718726400000,64634.00000000,64929.95000000,64261.12000000,64706.00000000,2620.93731000,60,60,False
1718726400000,1718730000000,64705.99000000,64868.98000000,64336.00000000,64700.99000000,2052.90247000,60,60,False
1718730000000,1718733600000,64700.99000000,64904.91000000,64400.00000000,64610.00000000,1492.33413000,60,60,False
1718733600000,1718737200000,64609.99000000,64867.88000000,64321.00000000,64678.01000000,1240.60852000,60,60,False
1718737200000,1718740800000,64678.00000000,64738.83000000,64060.00000000,64412.19000000,2189.08648000,60,60,False
1718740800000,1718744400000,64412.18000000,65048.21000000,64178.10000000,64936.51000000,2194.40345000,60,60,False
1718744400000,1718748000000,64936.50000000,65305.00000000,64797.48000000,65220.02000000,1082.28714000,60,60,False
1718748000000,1718751600000,65220.02000000,65300.00000000,65052.44000000,65279.99000000,777.47664000,60,60,False
1718751600000,1718755200000,65279.99000000,65279.99000000,65056.29000000,65175.32000000,811.64199000,60,60,False
1718755200000,1718758800000,65175.32000000,65225.89000000,64855.96000000,65142.54000000,1039.92050000,60,60,False
1718758800000,1718762400000,65142.53000000,65500.00000000,64810.62000000,65035.59000000,2158.94373000,60,60,False
1718762400000,1718766000000,65035.59000000,65489.43000000,65012.00000000,65327.94000000,984.48214000,60,60,False
1718766000000,1718769600000,65327.94000000,65603.91000000,65282.00000000,65404.00000000,1078.82025000,60,60,False
1718769600000,1718773200000,65404.00000000,65727.54000000,65349.99000000,65425.56000000,1171.36875000,60,60,False
1718773200000,1718776800000,65425.56000000,65557.13000000,65335.00000000,65413.09000000,619.02934000,60,60,False
1718776800000,1718780400000,65413.09000000,65600.00000000,65400.00000000,65599.99000000,707.43631000,60,60,False
1718780400000,1718784000000,65600.00000000,65656.24000000,65158.05000000,65326.89000000,1101.37468000,60,60,False
1718784000000,1718787600000,65326.89000000,65356.00000000,65102.00000000,65183.89000000,692.85427000,60,60,False
1718787600000,1718791200000,65183.89000000,65306.66000000,65072.00000000,65306.65000000,802.08250000,60,60,False
1718791200000,1718794800000,65306.66000000,65520.00000000,65132.09000000,65520.00000000,712.38788000,60,60,False
1718794800000,1718798400000,65520.00000000,65544.00000000,65000.00000000,65210.00000000,1644.40047000,60,60,False
1718798400000,1718802000000,65210.00000000,65310.02000000,65030.48000000,65192.21000000,629.09782000,60,60,False
1718802000000,1718805600000,65192.21000000,65245.21000000,65054.00000000,65090.22000000,580.28069000,60,60,False
1718805600000,1718809200000,65090.22000000,65141.89000000,64832.57000000,64952.02000000,1222.80938000,60,60,False
1718809200000,1718812800000,64952.02000000,65129.57000000,64756.28000000,64922.00000000,798.50963000,60,60,False
1718812800000,1718816400000,64921.99000000,65100.03000000,64807.35000000,64922.26000000,801.58932000,60,60,False
1718816400000,1718820000000,64922.26000000,65284.37000000,64894.25000000,65083.99000000,873.54080000,60,60,False
1718820000000,1718823600000,65083.99000000,65158.79000000,64964.06000000,64973.00000000,464.92693000,60,60,False
1718823600000,1718827200000,64973.00000000,64985.49000000,64791.76000000,64882.01000000,447.24346000,60,60,False
1718827200000,1718830800000,64882.02000000,64933.74000000,64666.00000000,64874.76000000,590.94408000,60,60,False
1718830800000,1718834400000,64874.76000000,65087.76000000,64836.98000000,65004.38000000,353.32839000,60,60,False
1718834400000,1718838000000,65004.38000000,65048.23000000,64836.00000000,64836.01000000,305.30680000,60,60,False
1718838000000,1718841600000,64836.01000000,64995.19000000,64805.01000000,64974.37000000,280.11764000,60,60,False
1718841600000,1718845200000,64974.37000000,65100.36000000,64818.72000000,65098.01000000,1043.19496000,60,60,False
1718845200000,1718848800000,65098.00000000,65407.40000000,65033.02000000,65158.56000000,717.01787000,60,60,False
1718848800000,1718852400000,65158.57000000,65237.11000000,64960.00000000,65197.45000000,627.73522000,60,60,False
1718852400000,1718856000000,65197.45000000,65244.21000000,65092.00000000,65189.99000000,376.17873000,60,60,False
1718856000000,1718859600000,65190.00000000,65338.72000000,65070.91000000,65306.01000000,479.52516000,60,60,False
1718859600000,1718863200000,65306.01000000,65613.30000000,65252.00000000,65513.93000000,797.99923000,60,60,False
1718863200000,1718866800000,65513.93000000,65635.83000000,65386.00000000,65465.24000000,818.36715000,60,60,False
1718866800000,1718870400000,65465.24000000,65967.39000000,65465.23000000,65858.84000000,1122.59755000,60,60,False
1718870400000,1718874000000,65858.84000000,65927.48000000,65603.33000000,65690.63000000,700.14490000,60,60,False
1718874000000,1718877600000,65690.63000000,65750.32000000,65559.45000000,65719.99000000,726.30298000,60,60,False
1718877600000,1718881200000,65719.99000000,66287.49000000,65646.00000000,66209.49000000,869.96099000,60,60,False
1718881200000,1718884800000,66209.49000000,66482.94000000,66109.38000000,66169.85000000,1420.28827000,60,60,False
1718884800000,1718888400000,66169.86000000,66300.50000000,65864.88000000,65979.99000000,1282.52182000,60,60,False
1718888400000,1718892000000,65979.99000000,65998.00000000,65136.22000000,65142.65000000,2651.10672000,60,60,False
1718892000000,1718895600000,65142.65000000,65188.99000000,64658.06000000,64952.02000000,1979.37081000,60,60,False
1718895600000,1718899200000,64952.02000000,65126.91000000,64788.40000000,64831.23000000,1418.76770000,60,60,False
1718899200000,1718902800000,64831.24000000,64950.00000000,64559.15000000,64888.00000000,1552.45060000,60,60,False
1718902800000,1718906400000,64887.99000000,65027.26000000,64690.79000000,64970.02000000,778.89348000,60,60,False
1718906400000,1718910000000,64970.01000000,65217.21000000,64940.00000000,65116.01000000,712.23293000,60,60,False
1718910000000,1718913600000,65116.01000000,65116.01000000,64830.00000000,65050.00000000,2164.87422000,60,60,False
1718913600000,1718917200000,65049.99000000,65200.11000000,65001.97000000,65099.99000000,776.74481000,60,60,False
1718917200000,1718920800000,65100.00000000,65188.23000000,65040.51000000,65050.46000000,272.03163000,60,60,False
1718920800000,1718924400000,65050.47000000,65150.48000000,64970.00000000,64989.95000000,288.29161000,60,60,False
1718924400000,1718928000000,64989.95000000,65064.42000000,64848.70000000,64869.99000000,688.69097000,60,60,False
1718928000000,1718931600000,64869.99000000,64940.00000000,64635.49000000,64832.00000000,752.02054000,60,60,False
1718931600000,1718935200000,64832.00000000,65015.40000000,64655.17000000,64967.98000000,938.18606000,60,60,False
1718935200000,1718938800000,64967.99000000,65066.66000000,64721.01000000,64786.00000000,555.58921000,60,60,False
1718938800000,1718942400000,64786.00000000,64832.75000000,64345.00000000,64506.14000000,905.30357000,60,60,False
1718942400000,1718946000000,64506.15000000,64673.02000000,64318.00000000,64670.00000000,832.17164000,60,60,False
1718946000000,1718949600000,64670.00000000,64681.02000000,64508.00000000,64661.47000000,524.09296000,60,60,False
1718949600000,1718953200000,64661.47000000,64736.10000000,64562.50000000,64627.64000000,627.49011000,60,60,False
1718953200000,1718956800000,64627.64000000,64739.09000000,64190.76000000,64201.63000000,1033.34054000,60,60,False
1718956800000,1718960400000,64201.63000000,64372.15000000,63522.75000000,63639.64000000,2349.97676000,60,60,False
1718960400000,1718964000000,63639.64000000,64300.00000000,63564.37000000,64100.00000000,1803.08001000,60,60,False
1718964000000,1718967600000,64100.00000000,64174.00000000,63814.00000000,63896.02000000,856.49464000,60,60,False
1718967600000,1718971200000,63896.02000000,64060.01000000,63672.55000000,63770.00000000,1106.70545000,60,60,False
1718971200000,1718974800000,63770.01000000,63929.98000000,63505.00000000,63827.39000000,1278.63406000,60,60,False
1718974800000,1718978400000,63827.39000000,63879.07000000,63379.35000000,63615.21000000,2331.22014000,60,60,False
1718978400000,1718982000000,63615.21000000,64360.00000000,63452.47000000,64222.84000000,2304.87226000,60,60,False
1718982000000,1718985600000,64222.83000000,64353.54000000,63445.41000000,63732.02000000,2003.80076000,60,60,False
1718985600000,1718989200000,63732.02000000,63838.71000000,63564.56000000,63657.29000000,1135.06578000,60,60,False
1718989200000,1718992800000,63657.28000000,63891.68000000,63465.17000000,63671.04000000,964.64571000,60,60,False
1718992800000,1718996400000,63671.04000000,64187.03000000,63648.02000000,64172.01000000,1073.12054000,60,60,False
1718996400000,1719000000000,64172.01000000,64264.95000000,63944.12000000,64232.01000000,862.93662000,60,60,False
1719000000000,1719003600000,64232.01000000,64460.14000000,64099.89000000,64200.52000000,648.78071000,60,60,False
1719003600000,1719007200000,64200.52000000,64208.00000000,63828.09000000,64084.43000000,473.39359000,60,60,False
1719007200000,1719010800000,64084.44000000,64199.70000000,64084.44000000,64155.02000000,357.67606000,60,60,False
1719010800000,1719014400000,64155.02000000,64224.00000000,64072.00000000,64143.56000000,274.96670000,60,60,False
1719014400000,1719018000000,64143.56000000,64185.90000000,63943.82000000,64056.47000000,461.16193000,60,60,False
1719018000000,1719021600000,64056.46000000,64221.45000000,64056.46000000,64144.33000000,285.47049000,60,60,False
1719021600000,1719025200000,64144.34000000,64342.54000000,64144.34000000,64303.40000000,570.81187000,60,60,False
1719025200000,1719028800000,64303.41000000,64332.00000000,64271.95000000,64327.45000000,297.58960000,60,60,False
1719028800000,1719032400000,64327.46000000,64367.17000000,64253.07000000,64364.11000000,377.51077000,60,60,False
1719032400000,1719036000000,64364.12000000,64427.98000000,64257.79000000,64424.21000000,463.65510000,60,60,False
1719036000000,1719039600000,64424.21000000,64530.61000000,64362.06000000,64430.00000000,602.16681000,60,60,False
1719039600000,1719043200000,64430.01000000,64540.26000000,64324.67000000,64520.00000000,678.37346000,60,60,False
1719043200000,1719046800000,64519.99000000,64546.81000000,64284.00000000,64289.15000000,475.33250000,60,60,False
1719046800000,1719050400000,64289.16000000,64338.28000000,64214.43000000,64325.99000000,284.74271000,60,60,False
1719050400000,1719054000000,64325.99000000,64372.66000000,64280.00000000,64311.71000000,343.46448000,60,60,False
1719054000000,1719057600000,64311.72000000,64320.00000000,64237.58000000,64265.26000000,272.80866000,60,60,False
1719057600000,1719061200000,64265.27000000,64336.00000000,64265.26000000,64297.84000000,226.94866000,60,60,False
1719061200000,1719064800000,64297.85000000,64303.22000000,64246.52000000,64284.00000000,267.01339000,60,60,False
1719064800000,1719068400000,64284.00000000,64397.82000000,64250.25000000,64287.96000000,268.62232000,60,60,False
1719068400000,1719072000000,64287.96000000,64307.09000000,64255.01000000,64307.08000000,167.80696000,60,60,False
1719072000000,1719075600000,64307.09000000,64362.00000000,64272.29000000,64321.28000000,179.08080000,60,60,False
1719075600000,1719079200000,64321.29000000,64348.87000000,64255.00000000,64256.37000000,176.04539000,60,60,False
1719079200000,1719082800000,64256.38000000,64328.94000000,64250.71000000,64260.81000000,199.49552000,60,60,False
1719082800000,1719086400000,64260.82000000,64295.02000000,64218.50000000,64295.01000000,174.47579000,60,60,False
1719086400000,1719090000000,64295.01000000,64303.48000000,64246.01000000,64283.99000000,127.19799000,60,60,False
1719090000000,1719093600000,64284.00000000,64330.00000000,64266.80000000,64330.00000000,118.36581000,60,60,False
1719093600000,1719097200000,64330.00000000,64330.00000000,64272.09000000,64315.79000000,99.20098000,60,60,False
1719097200000,1719100800000,64315.79000000,64328.00000000,64260.00000000,64262.01000000,191.61343000,60,60,False
1719100800000,1719104400000,64262.01000000,64520.00000000,64262.00000000,64476.43000000,472.64444000,60,60,False
1719104400000,1719108000000,64476.44000000,64521.00000000,64329.36000000,64476.19000000,310.34267000,60,60,False
1719108000000,1719111600000,64476.20000000,64507.17000000,64370.00000000,64507.17000000,257.21046000,60,60,False
1719111600000,1719115200000,64507.17000000,64519.57000000,64416.13000000,64416.14000000,182.71393000,60,60,False
1719115200000,1719118800000,64416.14000000,64428.25000000,64375.19000000,64378.02000000,151.16526000,60,60,False
1719118800000,1719122400000,64378.02000000,64419.98000000,64349.49000000,64380.00000000,127.56865000,60,60,False
1719122400000,1719126000000,64380.01000000,64413.58000000,64380.00000000,64386.50000000,104.96806000,60,60,False
1719126000000,1719129600000,64386.51000000,64433.03000000,64376.41000000,64415.27000000,142.71216000,60,60,False
1719129600000,1719133200000,64415.27000000,64435.72000000,64384.19000000,64395.43000000,146.36716000,60,60,False
1719133200000,1719136800000,64395.44000000,64437.28000000,64395.43000000,64418.81000000,303.74792000,60,60,False
1719136800000,1719140400000,64418.81000000,64418.81000000,64281.32000000,64305.60000000,283.29094000,60,60,False
1719140400000,1719144000000,64305.60000000,64341.46000000,64252.85000000,64341.45000000,212.32588000,60,60,False
1719144000000,1719147600000,64341.46000000,64376.00000000,64318.15000000,64375.99000000,177.48139000,60,60,False
1719147600000,1719151200000,64376.00000000,64429.10000000,64254.02000000,64297.79000000,308.12524000,60,60,False
1719151200000,1719154800000,64297.79000000,64310.00000000,64140.90000000,64192.01000000,370.05892000,60,60,False
1719154800000,1719158400000,64192.00000000,64200.00000000,64049.41000000,64094.00000000,527.46436000,60,60,False
1719158400000,1719162000000,64094.01000000,64180.01000000,63918.58000000,63927.49000000,529.59170000,60,60,False
1719162000000,1719165600000,63927.48000000,64178.76000000,63927.48000000,64120.39000000,517.17854000,60,60,False
1719165600000,1719169200000,64120.39000000,64153.39000000,64068.00000000,64111.98000000,193.89915000,60,60,False
1719169200000,1719172800000,64111.99000000,64187.62000000,64094.45000000,64149.78000000,189.70895000,60,60,False
1719172800000,1719176400000,64149.78000000,64159.00000000,63601.01000000,63740.01000000,740.60659000,60,60,False
1719176400000,1719180000000,63740.02000000,63860.00000000,63536.00000000,63844.67000000,597.62536000,60,60,False
1719180000000,1719183600000,63844.67000000,63844.67000000,63639.99000000,63657.99000000,358.10896000,60,60,False
1719183600000,1719187200000,63658.00000000,63700.01000000,63178.32000000,63210.01000000,1019.54778000,60,60,False
1719187200000,1719190800000,63210.01000000,63336.32000000,62903.69000000,63080.00000000,1925.84276000,60,60,False
1719190800000,1719194400000,63080.01000000,63348.32000000,62920.00000000,63315.99000000,935.34633000,60,60,False
1719194400000,1719198000000,63315.99000000,63369.80000000,62695.02000000,62880.94000000,1067.46485000,60,60,False
1719198000000,1719201600000,62880.95000000,63077.44000000,62767.65000000,62862.00000000,697.96527000,60,60,False
1719201600000,1719205200000,62862.00000000,62952.00000000,62634.00000000,62840.97000000,793.08191000,60,60,False
1719205200000,1719208800000,62840.96000000,62881.86000000,62258.01000000,62314.01000000,1848.67059000,60,60,False
1719208800000,1719212400000,62314.01000000,62426.00000000,62160.72000000,62405.00000000,1118.00877000,60,60,False
1719212400000,1719216000000,62405.00000000,62596.24000000,62177.37000000,62456.00000000,1308.32245000,60,60,False
1719216000000,1719219600000,62456.00000000,62975.60000000,62340.01000000,62730.92000000,1372.26622000,60,60,False
1719219600000,1719223200000,62730.92000000,62867.00000000,60567.01000000,61402.28000000,6567.42005000,60,60,False
1719223200000,1719226800000,61402.28000000,61582.00000000,61125.00000000,61167.15000000,2512.20979000,60,60,False
1719226800000,1719230400000,61167.15000000,61382.65000000,60836.09000000,61291.95000000,1684.89795000,60,60,False
1719230400000,1719234000000,61291.95000000,61514.55000000,61121.21000000,61215.21000000,1297.70351000,60,60,False
1719234000000,1719237600000,61215.21000000,61649.63000000,60915.93000000,61569.20000000,1473.03430000,60,60,False
1719237600000,1719241200000,61569.19000000,61700.00000000,61100.00000000,61303.41000000,1418.61356000,60,60,False
1719241200000,1719244800000,61303.41000000,61368.00000000,60670.36000000,60843.99000000,1607.60340000,60,60,False
1719244800000,1719248400000,60843.99000000,61044.44000000,60000.00000000,60168.01000000,4635.48117000,60,60,False
1719248400000,1719252000000,60168.01000000,60548.46000000,59859.00000000,60244.89000000,6177.39401000,60,60,False
1719252000000,1719255600000,60244.89000000,60487.00000000,59711.20000000,60412.01000000,2431.20962000,60,60,False
1719255600000,1719259200000,60412.01000000,60478.34000000,59058.00000000,59306.72000000,3165.80995000,60,60,False
1719259200000,1719262800000,59306.72000000,59660.00000000,58402.00000000,59514.00000000,4532.01753000,60,60,False
1719262800000,1719266400000,59514.00000000,60119.24000000,59411.11000000,60119.24000000,1967.93007000,60,60,False
1719266400000,1719270000000,60119.24000000,60277.11000000,59985.79000000,60048.98000000,798.42749000,60,60,False
1719270000000,1719273600000,60048.98000000,60442.71000000,60002.59000000,60293.30000000,824.63259000,60,60,False
1719273600000,1719277200000,60293.30000000,60664.30000000,60257.06000000,60409.11000000,1114.44867000,60,60,False
1719277200000,1719280800000,60409.11000000,60511.00000000,60282.00000000,60492.00000000,470.01385000,60,60,False
1719280800000,1719284400000,60492.00000000,60725.05000000,60412.00000000,60676.01000000,759.35590000,60,60,False
1719284400000,1719288000000,60676.01000000,61598.87000000,60624.22000000,61302.59000000,2473.83812000,60,60,False
1719288000000,1719291600000,61302.59000000,61420.00000000,61160.05000000,61371.27000000,1053.71457000,60,60,False
1719291600000,1719295200000,61371.27000000,61420.00000000,60931.90000000,61024.01000000,779.22902000,60,60,False
1719295200000,1719298800000,61024.01000000,61188.39000000,60958.00000000,61139.67000000,853.86078000,60,60,False
1719298800000,1719302400000,61139.67000000,61255.60000000,60624.63000000,60685.16000000,1391.58252000,60,60,False
1719302400000,1719306000000,60685.16000000,60911.63000000,60668.01000000,60860.12000000,889.81277000,60,60,False
1719306000000,1719309600000,60860.11000000,61583.18000000,60838.48000000,61468.01000000,1341.74689000,60,60,False
1719309600000,1719313200000,61468.01000000,61468.01000000,61156.38000000,61317.17000000,1319.27220000,60,60,False
1719313200000,1719316800000,61317.17000000,61488.71000000,61125.17000000,61187.64000000,1128.24023000,60,60,False
1719316800000,1719320400000,61187.64000000,61270.13000000,60953.23000000,61048.51000000,1426.88080000,60,60,False
1719320400000,1719324000000,61048.51000000,61432.42000000,61012.00000000,61200.00000000,1361.76099000,60,60,False
1719324000000,1719327600000,61200.00000000,62134.00000000,61155.75000000,61763.44000000,3157.36991000,60,60,False
1719327600000,1719331200000,61763.44000000,61960.00000000,61314.66000000,61810.00000000,2789.78876000,60,60,False
1719331200000,1719334800000,61810.00000000,61939.23000000,61364.31000000,61390.01000000,1776.15816000,60,60,False
1719334800000,1719338400000,61387.40000000,61780.00000000,61331.47000000,61381.44000000,1054.39397000,60,60,False
1719338400000,1719342000000,61381.44000000,62230.00000000,61135.37000000,62159.09000000,2134.65931000,60,60,False
1719342000000,1719345600000,62159.09000000,62420.00000000,61806.12000000,61975.46000000,1562.78050000,60,60,False
1719345600000,1719349200000,61975.46000000,62079.47000000,61872.26000000,61924.01000000,711.66315000,60,60,False
1719349200000,1719352800000,61924.00000000,62030.00000000,61810.00000000,61916.53000000,431.56954000,60,60,False
1719352800000,1719356400000,61916.53000000,62162.49000000,61866.68000000,61909.99000000,479.20552000,60,60,False
1719356400000,1719360000000,61909.99000000,61946.39000000,61664.00000000,61806.01000000,727.89748000,60,60,False
1719360000000,1719363600000,61806.01000000,61861.15000000,61643.48000000,61767.72000000,636.93974000,60,60,False
1719363600000,1719367200000,61767.72000000,62184.31000000,61728.17000000,62090.01000000,1251.60881000,60,60,False
1719367200000,1719370800000,62090.01000000,62487.81000000,62012.73000000,62028.01000000,1073.78712000,60,60,False
1719370800000,1719374400000,62028.01000000,62079.99000000,61850.75000000,61936.07000000,576.48555000,60,60,False
1719374400000,1719378000000,61936.07000000,61990.00000000,61712.94000000,61712.96000000,880.71261000,60,60,False
1719378000000,1719381600000,61712.96000000,61795.99000000,61553.95000000,61562.01000000,972.33006000,60,60,False
1719381600000,1719385200000,61562.01000000,61678.83000000,61520.00000000,61577.21000000,732.54122000,60,60,False
1719385200000,1719388800000,61577.21000000,61800.00000000,61530.00000000,61720.02000000,906.53293000,60,60,False
1719388800000,1719392400000,61720.02000000,61754.60000000,61370.44000000,61472.48000000,860.37161000,60,60,False
1719392400000,1719396000000,61472.48000000,61524.34000000,61310.00000000,61376.73000000,662.64915000,60,60,False
1719396000000,1719399600000,61376.73000000,61418.82000000,61149.64000000,61264.30000000,1239.97558000,60,60,False
1719399600000,1719403200000,61264.30000000,61561.47000000,61264.29000000,61445.26000000,730.40766000,60,60,False
1719403200000,1719406800000,61445.26000000,61588.13000000,61338.00000000,61431.47000000,1095.23360000,60,60,False
1719406800000,1719410400000,61431.47000000,61840.34000000,61381.08000000,61760.00000000,1116.88699000,60,60,False
1719410400000,1719414000000,61760.00000000,61980.00000000,61549.61000000,61728.13000000,1237.91032000,60,60,False
1719414000000,1719417600000,61728.13000000,61766.00000000,61182.80000000,61467.86000000,1263.87551000,60,60,False
1719417600000,1719421200000,61467.85000000,61547.02000000,61151.63000000,61274.01000000,939.79382000,60,60,False
1719421200000,1719424800000,61274.00000000,61358.76000000,60855.00000000,61242.00000000,1753.70824000,60,60,False
1719424800000,1719428400000,61242.00000000,61245.92000000,60902.00000000,60910.02000000,832.68478000,60,60,False
1719428400000,1719432000000,60910.02000000,61142.00000000,60715.30000000,61000.01000000,1489.50301000,60,60,False
1719432000000,1719435600000,61000.01000000,61155.66000000,60712.00000000,60993.36000000,1103.64524000,60,60,False
1719435600000,1719439200000,60993.36000000,61080.00000000,60921.04000000,61054.35000000,371.43605000,60,60,False
1719439200000,1719442800000,61054.35000000,61054.36000000,60783.13000000,60924.61000000,429.15827000,60,60,False
1719442800000,1719446400000,60924.61000000,60969.79000000,60783.26000000,60864.99000000,327.48676000,60,60,False
1719446400000,1719450000000,60864.98000000,61052.65000000,60764.73000000,60982.00000000,711.03625000,60,60,False
1719450000000,1719453600000,60982.00000000,61150.00000000,60890.47000000,61064.01000000,521.26664000,60,60,False
1719453600000,1719457200000,61064.01000000,61096.02000000,60852.87000000,61029.49000000,453.58608000,60,60,False
1719457200000,1719460800000,61029.49000000,61300.00000000,60946.01000000,61037.31000000,705.11535000,60,60,False
1719460800000,1719464400000,61037.31000000,61192.00000000,61013.24000000,61114.02000000,468.57266000,60,60,False
1719464400000,1719468000000,61114.02000000,61148.84000000,60792.00000000,60805.50000000,542.57773000,60,60,False
1719468000000,1719471600000,60805.50000000,60853.06000000,60606.63000000,60742.01000000,1033.96191000,60,60,False
1719471600000,1719475200000,60742.00000000,60914.51000000,60715.54000000,60794.01000000,669.62418000,60,60,False
1719475200000,1719478800000,60794.01000000,60866.00000000,60736.62000000,60866.00000000,435.21925000,60,60,False
1719478800000,1719482400000,60866.00000000,61346.00000000,60818.00000000,61282.78000000,824.33069000,60,60,False
1719482400000,1719486000000,61282.78000000,61455.15000000,61110.00000000,61110.01000000,788.44759000,60,60,False
1719486000000,1719489600000,61110.01000000,61314.20000000,61096.00000000,61196.02000000,580.05999000,60,60,False
1719489600000,1719493200000,61196.01000000,61660.00000000,61154.60000000,61341.88000000,1198.51794000,60,60,False
1719493200000,1719496800000,61341.87000000,61994.00000000,61314.00000000,61990.00000000,1761.82668000,60,60,False
1719496800000,1719500400000,61990.00000000,62389.22000000,61696.64000000,61729.99000000,2096.81938000,60,60,False
1719500400000,1719504000000,61730.00000000,61855.23000000,61532.45000000,61576.00000000,1189.89492000,60,60,False
1719504000000,1719507600000,61576.00000000,61829.99000000,61539.77000000,61714.57000000,716.51025000,60,60,False
1719507600000,1719511200000,61714.58000000,62015.52000000,61690.00000000,61842.11000000,655.06938000,60,60,False
1719511200000,1719514800000,61842.11000000,61930.00000000,61740.00000000,61882.39000000,516.02192000,60,60,False
1719514800000,1719518400000,61882.39000000,61890.00000000,61411.70000000,61450.00000000,669.77212000,60,60,False
1719518400000,1719522000000,61450.00000000,61582.00000000,61338.56000000,61493.11000000,559.60341000,60,60,False
1719522000000,1719525600000,61493.11000000,61587.06000000,61472.01000000,61536.04000000,310.78152000,60,60,False
1719525600000,1719529200000,61536.04000000,61672.46000000,61523.03000000,61640.01000000,339.93213000,60,60,False
1719529200000,1719532800000,61640.01000000,61719.92000000,61611.00000000,61706.47000000,595.73834000,60,60,False
1719532800000,1719536400000,61706.46000000,61729.85000000,61472.37000000,61560.00000000,596.69218000,60,60,False
1719536400000,1719540000000,61559.99000000,62225.31000000,61500.00000000,62091.99000000,1166.68712000,60,60,False
1719540000000,1719543600000,62091.99000000,62149.77000000,61584.76000000,61730.67000000,1571.98745000,60,60,False
1719543600000,1719547200000,61730.67000000,61919.33000000,61650.01000000,61828.17000000,614.97738000,60,60,False
1719547200000,1719550800000,61828.17000000,61834.41000000,61500.07000000,61750.44000000,564.53381000,60,60,False
1719550800000,1719554400000,61750.44000000,61750.44000000,61500.00000000,61604.01000000,509.45189000,60,60,False
1719554400000,1719558000000,61604.00000000,61669.41000000,61504.48000000,61620.96000000,419.18226000,60,60,False
1719558000000,1719561600000,61620.96000000,61620.96000000,61236.00000000,61350.01000000,1186.45262000,60,60,False
1719561600000,1719565200000,61350.01000000,61480.21000000,61212.11000000,61480.21000000,678.62809000,60,60,False
1719565200000,1719568800000,61480.21000000,61592.00000000,61349.99000000,61547.55000000,851.08559000,60,60,False
1719568800000,1719572400000,61547.55000000,61595.68000000,61435.41000000,61548.14000000,847.59463000,60,60,False
1719572400000,1719576000000,61548.14000000,61792.34000000,61482.96000000,61690.00000000,1020.21818000,60,60,False
1719576000000,1719579600000,61690.00000000,61875.00000000,61275.61000000,61395.09000000,2303.90314000,60,60,False
1719579600000,1719583200000,61395.09000000,61848.49000000,61233.92000000,61297.99000000,1809.23880000,60,60,False
1719583200000,1719586800000,61297.99000000,61510.00000000,60780.01000000,60928.02000000,2188.61778000,60,60,False
1719586800000,1719590400000,60928.01000000,61191.62000000,60751.00000000,61062.01000000,1344.07255000,60,60,False
1719590400000,1719594000000,61062.00000000,61119.58000000,60650.00000000,60940.01000000,1533.90519000,60,60,False
1719594000000,1719597600000,60940.01000000,61076.25000000,60708.32000000,60826.63000000,882.38291000,60,60,False
1719597600000,1719601200000,60826.63000000,60870.00000000,60669.74000000,60828.02000000,673.72332000,60,60,False
1719601200000,1719604800000,60828.02000000,60849.82000000,60079.41000000,60123.73000000,2041.46353000,60,60,False
1719604800000,1719608400000,60123.73000000,60357.93000000,60063.00000000,60229.92000000,814.30975000,60,60,False
1719608400000,1719612000000,60229.92000000,60400.00000000,60132.83000000,60366.01000000,463.63378000,60,60,False
1719612000000,1719615600000,60366.00000000,60412.40000000,60293.88000000,60367.99000000,408.98193000,60,60,False
1719615600000,1719619200000,60367.99000000,60450.00000000,60360.00000000,60427.84000000,329.46867000,60,60,False
1719619200000,1719622800000,60427.84000000,60820.00000000,60383.77000000,60770.71000000,1386.17567000,60,60,False
1719622800000,1719626400000,60770.71000000,61009.29000000,60757.04000000,60901.03000000,815.03662000,60,60,False
1719626400000,1719630000000,60901.03000000,60978.28000000,60703.53000000,60766.05000000,602.82140000,60,60,False
1719630000000,1719633600000,60766.05000000,60811.45000000,60714.04000000,60762.00000000,301.13975000,60,60,False
1719633600000,1719637200000,60762.00000000,60800.00000000,60704.46000000,60773.55000000,251.11233000,60,60,False
1719637200000,1719640800000,60773.55000000,60788.20000000,60726.05000000,60762.02000000,250.05971000,60,60,False
1719640800000,1719644400000,60762.02000000,60857.28000000,60742.08000000,60847.75000000,246.69071000,60,60,False
1719644400000,1719648000000,60847.75000000,61146.64000000,60831.44000000,61052.30000000,915.03523000,60,60,False
1719648000000,1719651600000,61052.30000000,61087.36000000,60912.72000000,60982.03000000,455.52026000,60,60,False
1719651600000,1719655200000,60982.03000000,61006.68000000,60890.03000000,60970.00000000,478.67677000,60,60,False
1719655200000,1719658800000,60970.00000000,61033.34000000,60907.80000000,60994.36000000,461.93585000,60,60,False
1719658800000,1719662400000,60994.36000000,61224.00000000,60923.74000000,61102.33000000,894.28566000,60,60,False
1719662400000,1719666000000,61102.33000000,61161.80000000,60990.74000000,61045.43000000,572.24837000,60,60,False
1719666000000,1719669600000,61045.43000000,61182.70000000,61010.00000000,61102.98000000,517.96661000,60,60,False
1719669600000,1719673200000,61102.98000000,61160.00000000,60949.67000000,61018.01000000,542.43096000,60,60,False
1719673200000,1719676800000,61018.01000000,61106.00000000,60956.79000000,61106.00000000,364.18703000,60,60,False
1719676800000,1719680400000,61106.00000000,61124.00000000,60915.12000000,61009.91000000,386.68835000,60,60,False
1719680400000,1719684000000,61009.91000000,61060.98000000,60937.03000000,61040.77000000,339.98388000,60,60,False
1719684000000,1719687600000,61040.77000000,61065.00000000,60990.00000000,61059.04000000,232.46287000,60,60,False
1719687600000,1719691200000,61059.04000000,61080.00000000,60933.98000000,61057.39000000,291.28873000,60,60,False
1719691200000,1719694800000,61057.38000000,61088.40000000,60970.00000000,61050.00000000,319.46435000,60,60,False
1719694800000,1719698400000,61050.00000000,61090.00000000,60944.94000000,61044.99000000,319.53467000,60,60,False
1719698400000,1719702000000,61044.99000000,61060.00000000,60839.51000000,60970.00000000,362.76005000,60,60,False
1719702000000,1719705600000,60970.00000000,61059.37000000,60940.00000000,60986.68000000,202.05321000,60,60,False
1719705600000,1719709200000,60986.68000000,61078.01000000,60922.00000000,61024.55000000,362.93786000,60,60,False
1719709200000,1719712800000,61024.55000000,61043.44000000,60930.03000000,60961.99000000,340.23076000,60,60,False
1719712800000,1719716400000,60961.99000000,60961.99000000,60740.94000000,60834.27000000,779.37325000,60,60,False
1719716400000,1719720000000,60834.27000000,60949.36000000,60791.98000000,60898.32000000,323.57561000,60,60,False
1719720000000,1719723600000,60898.32000000,60901.20000000,60765.18000000,60777.55000000,271.34112000,60,60,False
1719723600000,1719727200000,60777.54000000,60809.99000000,60712.21000000,60789.26000000,291.90375000,60,60,False
1719727200000,1719730800000,60789.26000000,61040.18000000,60771.33000000,61040.18000000,434.42125000,60,60,False
1719730800000,1719734400000,61040.17000000,61782.00000000,61040.17000000,61528.01000000,2146.12361000,60,60,False
1719734400000,1719738000000,61528.01000000,61608.07000000,61393.07000000,61556.01000000,715.99557000,60,60,False
1719738000000,1719741600000,61556.00000000,61713.65000000,61511.11000000,61529.70000000,632.89719000,60,60,False
1719741600000,1719745200000,61529.70000000,61634.72000000,61504.42000000,61540.00000000,379.83060000,60,60,False
1719745200000,1719748800000,61540.00000000,61668.00000000,61524.51000000,61560.00000000,624.88318000,60,60,False
1719748800000,1719752400000,61560.00000000,61660.00000000,61346.00000000,61496.00000000,533.79097000,60,60,False
1719752400000,1719756000000,61496.00000000,61747.00000000,61456.34000000,61719.61000000,738.73927000,60,60,False
1719756000000,1719759600000,61719.61000000,61860.00000000,61528.16000000,61587.11000000,880.16588000,60,60,False
1719759600000,1719763200000,61587.11000000,61776.71000000,61587.10000000,61717.90000000,512.18463000,60,60,False
1719763200000,1719766800000,61717.90000000,61749.08000000,61590.01000000,61603.54000000,407.98837000,60,60,False
1719766800000,1719770400000,61603.54000000,61864.01000000,61603.54000000,61707.99000000,754.34647000,60,60,False
1719770400000,1719774000000,61707.99000000,62109.81000000,61674.25000000,62055.31000000,745.67203000,60,60,False
1719774000000,1719777600000,62055.30000000,62100.00000000,61892.00000000,62026.83000000,585.15229000,60,60,False
1719777600000,1719781200000,62026.83000000,62412.42000000,61980.92000000,61990.01000000,1400.34505000,60,60,False
1719781200000,1719784800000,61990.00000000,62014.00000000,61835.20000000,61940.01000000,480.99924000,60,60,False
1719784800000,1719788400000,61940.00000000,62952.20000000,61940.00000000,62901.01000000,2054.44523000,60,60,False
1719788400000,1719792000000,62901.00000000,63058.76000000,62762.32000000,62772.01000000,928.95818000,60,60,False
1719792000000,1719795600000,62772.01000000,62944.00000000,62573.32000000,62931.99000000,987.12645000,60,60,False
1719795600000,1719799200000,62931.98000000,63730.00000000,62901.71000000,63640.82000000,2570.40171000,60,60,False
1719799200000,1719802800000,63640.81000000,63818.33000000,63288.53000000,63435.86000000,2037.33231000,60,60,False
1719802800000,1719806400000,63435.86000000,63536.47000000,63340.00000000,63437.69000000,1264.46281000,60,60,False
1719806400000,1719810000000,63437.69000000,63466.92000000,63223.20000000,63279.79000000,517.15280000,60,60,False
1719810000000,1719813600000,63279.79000000,63457.47000000,63262.00000000,63432.94000000,418.26492000,60,60,False
1719813600000,1719817200000,63432.94000000,63464.74000000,63293.75000000,63404.00000000,526.60830000,60,60,False
1719817200000,1719820800000,63403.99000000,63432.00000000,63260.71000000,63277.84000000,486.84295000,60,60,False
1719820800000,1719824400000,63277.84000000,63314.99000000,62836.47000000,62923.91000000,1388.89036000,60,60,False
1719824400000,1719828000000,62923.91000000,62997.98000000,62789.16000000,62938.97000000,731.18198000,60,60,False
1719828000000,1719831600000,62938.97000000,62977.99000000,62781.05000000,62852.24000000,615.27621000,60,60,False
1719831600000,1719835200000,62852.24000000,62858.00000000,62593.07000000,62662.09000000,1009.76623000,60,60,False
1719835200000,1719838800000,62662.09000000,62900.00000000,62641.99000000,62882.00000000,684.19991000,60,60,False
1719838800000,1719842400000,62882.00000000,63081.11000000,62497.20000000,62685.27000000,1326.77132000,60,60,False
1719842400000,1719846000000,62685.27000000,62944.00000000,62610.35000000,62826.02000000,1425.79805000,60,60,False
1719846000000,1719849600000,62826.02000000,63166.11000000,62815.63000000,63132.90000000,1077.93682000,60,60,False
1719849600000,1719853200000,63132.90000000,63338.12000000,62966.77000000,63119.33000000,1324.97385000,60,60,False
1719853200000,1719856800000,63119.33000000,63697.66000000,63056.83000000,63697.66000000,1361.75841000,60,60,False
1719856800000,1719860400000,63697.66000000,63861.76000000,63438.45000000,63649.99000000,1532.83742000,60,60,False
1719860400000,1719864000000,63649.99000000,63649.99000000,63071.36000000,63226.78000000,1260.38786000,60,60,False
1719864000000,1719867600000,63226.78000000,63423.48000000,63162.06000000,63292.53000000,543.30696000,60,60,False
1719867600000,1719871200000,63292.53000000,63292.53000000,63036.82000000,63130.01000000,342.52510000,60,60,False
1719871200000,1719874800000,63130.01000000,63162.50000000,62804.60000000,62975.10000000,658.76429000,60,60,False
1719874800000,1719878400000,62975.10000000,63037.18000000,62834.00000000,62899.99000000,454.53836000,60,60,False
1719878400000,1719882000000,62900.00000000,62988.00000000,62787.42000000,62926.65000000,395.65337000,60,60,False
1719882000000,1719885600000,62926.65000000,62960.86000000,62815.71000000,62926.00000000,299.28933000,60,60,False
1719885600000,1719889200000,62926.00000000,63127.10000000,62924.00000000,62999.56000000,514.46846000,60,60,False
1719889200000,1719892800000,62999.56000000,63288.83000000,62991.03000000,63138.67000000,469.50682000,60,60,False
1719892800000,1719896400000,63138.68000000,63245.80000000,63038.01000000,63038.01000000,532.00551000,60,60,False
1719896400000,1719900000000,63038.02000000,63094.73000000,63002.00000000,63024.00000000,265.73488000,60,60,False
1719900000000,1719903600000,63024.00000000,63048.86000000,62818.72000000,62866.00000000,698.37544000,60,60,False
1719903600000,1719907200000,62866.01000000,62880.00000000,62580.00000000,62629.99000000,1022.41571000,60,60,False
1719907200000,1719910800000,62630.00000000,62746.55000000,62401.23000000,62670.01000000,1141.20358000,60,60,False
1719910800000,1719914400000,62670.01000000,62795.68000000,62601.18000000,62650.01000000,1695.32553000,60,60,False
1719914400000,1719918000000,62650.01000000,62801.05000000,62485.63000000,62715.98000000,787.71878000,60,60,False
1719918000000,1719921600000,62715.98000000,62866.20000000,62616.28000000,62832.01000000,514.78225000,60,60,False
1719921600000,1719925200000,62832.01000000,63042.91000000,62723.79000000,62878.45000000,673.25581000,60,60,False
1719925200000,1719928800000,62878.45000000,63152.00000000,62517.81000000,62626.92000000,1356.82371000,60,60,False
1719928800000,1719932400000,62626.92000000,62730.00000000,61867.29000000,62035.43000000,2827.22625000,60,60,False
1719932400000,1719936000000,62035.43000000,62160.04000000,61823.74000000,61948.08000000,1109.28372000,60,60,False
1719936000000,1719939600000,61948.08000000,62026.45000000,61806.28000000,61920.89000000,889.07011000,60,60,False
1719939600000,1719943200000,61920.90000000,62152.20000000,61888.00000000,62147.98000000,462.22418000,60,60,False
1719943200000,1719946800000,62147.99000000,62368.81000000,62141.81000000,62330.01000000,814.72882000,60,60,False
1719946800000,1719950400000,62330.01000000,62367.51000000,61884.01000000,61939.10000000,675.61066000,60,60,False
1719950400000,1719954000000,61939.10000000,62080.73000000,61875.55000000,62012.01000000,458.46831000,60,60,False
1719954000000,1719957600000,62012.01000000,62089.61000000,61903.41000000,61958.02000000,440.44409000,60,60,False
1719957600000,1719961200000,61958.03000000,62113.63000000,61958.02000000,62090.01000000,298.89309000,60,60,False
1719961200000,1719964800000,62090.01000000,62181.24000000,62078.53000000,62135.47000000,230.61034000,60,60,False
1719964800000,1719968400000,62135.46000000,62285.94000000,62093.36000000,62094.02000000,364.83454000,60,60,False
1719968400000,1719972000000,62094.02000000,62218.00000000,61228.80000000,61617.91000000,1595.13007000,60,60,False
1719972000000,1719975600000,61617.90000000,61617.91000000,61245.96000000,61362.00000000,1459.75063000,60,60,False
1719975600000,1719979200000,61362.01000000,61371.19000000,60600.00000000,60987.99000000,1725.86161000,60,60,False
1719979200000,1719982800000,60988.00000000,60988.00000000,60816.00000000,60883.90000000,581.25951000,60,60,False
1719982800000,1719986400000,60883.89000000,61121.52000000,60859.53000000,61121.52000000,574.89166000,60,60,False
1719986400000,1719990000000,61121.52000000,61181.84000000,60976.56000000,61014.00000000,589.70734000,60,60,False
1719990000000,1719993600000,61014.00000000,61029.39000000,60845.01000000,60870.01000000,610.74449000,60,60,False
1719993600000,1719997200000,60870.01000000,60978.19000000,60390.00000000,60497.59000000,2958.54949000,60,60,False
1719997200000,1720000800000,60497.60000000,60667.18000000,60320.00000000,60606.01000000,1299.50781000,60,60,False
1720000800000,1720004400000,60606.02000000,60618.00000000,59600.00000000,60383.99000000,3193.58654000,60,60,False
1720004400000,1720008000000,60384.00000000,60480.00000000,60112.00000000,60386.01000000,1394.43490000,60,60,False
1720008000000,1720011600000,60386.01000000,60386.01000000,59921.17000000,60028.01000000,2089.23350000,60,60,False
1720011600000,1720015200000,60028.01000000,60640.10000000,59752.29000000,60589.99000000,2204.25102000,60,60,False
1720015200000,1720018800000,60590.00000000,60740.20000000,60263.09000000,60281.15000000,1443.10295000,60,60,False
1720018800000,1720022400000,60281.16000000,60464.00000000,59972.72000000,60186.25000000,1463.38751000,60,60,False
1720022400000,1720026000000,60186.25000000,60655.56000000,60100.00000000,60495.98000000,1631.44953000,60,60,False
1720026000000,1720029600000,60495.99000000,60515.99000000,60200.00000000,60371.34000000,723.54543000,60,60,False
1720029600000,1720033200000,60371.34000000,60446.06000000,60240.00000000,60248.01000000,652.73398000,60,60,False
1720033200000,1720036800000,60248.00000000,60248.00000000,59666.00000000,59671.10000000,1926.20880000,60,60,False
1720036800000,1720040400000,59671.11000000,59871.10000000,59581.71000000,59609.26000000,1248.26735000,60,60,False
1720040400000,1720044000000,59609.25000000,60340.00000000,59400.00000000,60247.59000000,1489.42615000,60,60,False
1720044000000,1720047600000,60247.58000000,60371.57000000,60125.49000000,60316.01000000,597.49829000,60,60,False
1720047600000,1720051200000,60316.02000000,60374.82000000,60208.57000000,60208.58000000,342.74817000,60,60,False
1720051200000,1720054800000,60208.57000000,60475.91000000,60208.57000000,60430.01000000,772.75767000,60,60,False
1720054800000,1720058400000,60430.01000000,60498.19000000,58444.00000000,58561.10000000,5938.30437000,60,60,False
1720058400000,1720062000000,58561.10000000,59106.84000000,57800.01000000,58972.13000000,5843.69019000,60,60,False
1720062000000,1720065600000,58972.13000000,59155.80000000,58815.94000000,59102.00000000,937.02902000,60,60,False
1720065600000,1720069200000,59102.00000000,59150.00000000,58724.98000000,58968.36000000,794.32045000,60,60,False
1720069200000,1720072800000,58968.37000000,59036.00000000,58865.27000000,58902.00000000,622.79698000,60,60,False
1720072800000,1720076400000,58902.00000000,59076.18000000,58535.80000000,58795.99000000,1422.51266000,60,60,False
1720076400000,1720080000000,58796.00000000,58857.99000000,58104.00000000,58219.99000000,2155.52292000,60,60,False
1720080000000,1720083600000,58219.99000000,58506.18000000,57238.68000000,57688.46000000,4505.25499000,60,60,False
1720083600000,1720087200000,57688.46000000,57873.53000000,56952.00000000,57748.00000000,5315.27006000,60,60,False
1720087200000,1720090800000,57748.01000000,57952.95000000,57427.71000000,57946.43000000,1933.09234000,60,60,False
1720090800000,1720094400000,57946.43000000,58118.96000000,57680.01000000,57761.94000000,1486.45328000,60,60,False
1720094400000,1720098000000,57761.95000000,57761.95000000,57161.55000000,57247.98000000,1939.81743000,60,60,False
1720098000000,1720101600000,57247.98000000,57504.38000000,56771.00000000,57420.02000000,4993.42892000,60,60,False
1720101600000,1720105200000,57420.02000000,57539.05000000,56853.77000000,57450.25000000,2342.16352000,60,60,False
1720105200000,1720108800000,57450.25000000,58350.19000000,57356.78000000,58140.00000000,2842.22538000,60,60,False
1720108800000,1720112400000,58140.00000000,58397.60000000,57752.27000000,58304.59000000,1571.84699000,60,60,False
1720112400000,1720116000000,58304.59000000,58383.99000000,58100.00000000,58240.00000000,1092.21756000,60,60,False
1720116000000,1720119600000,58239.99000000,58370.00000000,57938.00000000,58168.00000000,1121.46865000,60,60,False
1720119600000,1720123200000,58168.00000000,58676.24000000,58141.66000000,58283.62000000,1223.74873000,60,60,False
1720123200000,1720126800000,58283.62000000,58358.99000000,58130.01000000,58358.99000000,556.15671000,60,60,False
1720126800000,1720130400000,58358.99000000,58647.22000000,58288.33000000,58494.01000000,536.35292000,60,60,False
1720130400000,1720134000000,58494.00000000,58813.13000000,58000.00000000,58038.84000000,1145.55546000,60,60,False
1720134000000,1720137600000,58038.84000000,58112.84000000,56866.00000000,57050.01000000,3476.78556000,60,60,False
1720137600000,1720141200000,57050.02000000,57546.00000000,56690.00000000,57375.99000000,3851.72797000,60,60,False
1720141200000,1720144800000,57375.99000000,57442.00000000,56807.00000000,57172.01000000,1707.54925000,60,60,False
1720144800000,1720148400000,57172.02000000,57243.10000000,55458.70000000,55766.32000000,5980.46353000,60,60,False
1720148400000,1720152000000,55766.32000000,55992.58000000,55000.00000000,55227.99000000,7303.17042000,60,60,False
1720152000000,1720155600000,55228.00000000,55356.42000000,53485.93000000,53941.10000000,8101.44330000,60,60,False
1720155600000,1720159200000,53941.10000000,54812.96000000,53801.10000000,54806.02000000,3720.21877000,60,60,False
1720159200000,1720162800000,54806.02000000,54818.30000000,53871.16000000,54283.99000000,3370.60261000,60,60,False
1720162800000,1720166400000,54283.99000000,54449.36000000,53971.01000000,54415.05000000,3156.24476000,60,60,False
1720166400000,1720170000000,54415.04000000,54460.86000000,54070.99000000,54088.00000000,2005.28745000,60,60,False
1720170000000,1720173600000,54088.00000000,54734.34000000,53900.00000000,54528.00000000,3533.65276000,60,60,False
1720173600000,1720177200000,54528.00000000,55367.12000000,54410.00000000,54987.99000000,3715.18606000,60,60,False
1720177200000,1720180800000,54987.99000000,55650.00000000,54987.99000000,55486.50000000,4803.93237000,60,60,False
1720180800000,1720184400000,55486.51000000,55950.00000000,54987.99000000,55052.81000000,5135.72846000,60,60,False
1720184400000,1720188000000,55052.80000000,55884.69000000,54828.52000000,55829.99000000,3475.30001000,60,60,False
1720188000000,1720191600000,55830.00000000,55896.32000000,55350.00000000,55753.98000000,2873.83996000,60,60,False
1720191600000,1720195200000,55753.99000000,56678.19000000,55663.89000000,56662.00000000,5115.50999000,60,60,False
1720195200000,1720198800000,56662.99000000,56936.84000000,56150.00000000,56448.15000000,3936.07423000,60,60,False
1720198800000,1720202400000,56448.15000000,57040.02000000,56301.10000000,56453.18000000,2496.04522000,60,60,False
1720202400000,1720206000000,56453.19000000,56724.13000000,55779.33000000,56546.16000000,2853.72204000,60,60,False
1720206000000,1720209600000,56546.15000000,56746.89000000,56330.41000000,56465.42000000,1304.26080000,60,60,False
1720209600000,1720213200000,56465.41000000,56516.01000000,56315.00000000,56351.10000000,762.63204000,60,60,False
1720213200000,1720216800000,56351.09000000,56791.10000000,56345.60000000,56517.61000000,709.90641000,60,60,False
1720216800000,1720220400000,56517.61000000,56735.99000000,56400.00000000,56621.09000000,704.71942000,60,60,False
1720220400000,1720224000000,56621.09000000,56866.00000000,56616.01000000,56628.79000000,731.02973000,60,60,False
1720224000000,1720227600000,56628.79000000,56998.00000000,56355.08000000,56601.10000000,1897.62293000,60,60,False
1720227600000,1720231200000,56601.10000000,56611.99000000,56208.00000000,56219.64000000,1228.29135000,60,60,False
1720231200000,1720234800000,56219.65000000,56498.01000000,56170.50000000,56440.00000000,772.35208000,60,60,False
1720234800000,1720238400000,56439.99000000,56520.00000000,56268.17000000,56410.00000000,532.14682000,60,60,False
1720238400000,1720242000000,56409.99000000,56417.99000000,56044.00000000,56059.49000000,646.75253000,60,60,False
1720242000000,1720245600000,56059.49000000,56489.53000000,56018.00000000,56362.54000000,921.19883000,60,60,False
1720245600000,1720249200000,56362.54000000,56568.00000000,56346.84000000,56417.35000000,685.24972000,60,60,False
1720249200000,1720252800000,56417.36000000,56683.90000000,56401.10000000,56606.00000000,836.95444000,60,60,False
1720252800000,1720256400000,56606.00000000,56657.75000000,56506.99000000,56557.81000000,513.34555000,60,60,False
1720256400000,1720260000000,56557.81000000,56780.01000000,56436.78000000,56766.00000000,623.60432000,60,60,False
1720260000000,1720263600000,56765.99000000,56876.33000000,56650.00000000,56780.00000000,726.24330000,60,60,False
1720263600000,1720267200000,56780.01000000,56799.99000000,56660.16000000,56731.42000000,498.18708000,60,60,False
1720267200000,1720270800000,56731.42000000,56796.97000000,56500.00000000,56755.47000000,794.01090000,60,60,False
1720270800000,1720274400000,56755.48000000,57299.00000000,56659.77000000,56991.10000000,1340.27779000,60,60,False
1720274400000,1720278000000,56991.09000000,57127.64000000,56699.97000000,57058.91000000,1253.32650000,60,60,False
1720278000000,1720281600000,57058.90000000,57441.10000000,56927.81000000,57317.98000000,1491.52352000,60,60,False
1720281600000,1720285200000,57317.99000000,58113.00000000,57185.76000000,57852.62000000,2509.53257000,60,60,False
1720285200000,1720288800000,57852.62000000,58031.67000000,57746.75000000,57965.19000000,807.81837000,60,60,False
1720288800000,1720292400000,57965.20000000,58021.10000000,57746.41000000,57786.98000000,575.95861000,60,60,False
1720292400000,1720296000000,57786.98000000,57931.77000000,57732.00000000,57857.99000000,379.20226000,60,60,False
1720296000000,1720299600000,57857.99000000,58225.14000000,57836.00000000,57971.99000000,747.23618000,60,60,False
1720299600000,1720303200000,57971.99000000,58278.07000000,57806.92000000,57868.01000000,501.87488000,60,60,False
1720303200000,1720306800000,57868.01000000,58117.99000000,57868.00000000,58106.46000000,426.71547000,60,60,False
1720306800000,1720310400000,58106.46000000,58475.00000000,58102.73000000,58230.13000000,941.88958000,60,60,False
1720310400000,1720314000000,58230.13000000,58301.31000000,57914.14000000,57931.79000000,748.40443000,60,60,False
1720314000000,1720317600000,57931.79000000,58318.69000000,57838.00000000,58114.00000000,691.14869000,60,60,False
1720317600000,1720321200000,58114.00000000,58449.46000000,58113.99000000,58359.99000000,797.59177000,60,60,False
1720321200000,1720324800000,58359.99000000,58364.00000000,57855.82000000,57963.45000000,893.83356000,60,60,False
1720324800000,1720328400000,57963.46000000,58007.87000000,57575.00000000,57598.00000000,1168.23984000,60,60,False
1720328400000,1720332000000,57598.00000000,57800.00000000,57416.00000000,57648.00000000,799.49719000,60,60,False
1720332000000,1720335600000,57647.99000000,57789.18000000,57609.31000000,57646.15000000,402.83454000,60,60,False
1720335600000,1720339200000,57646.16000000,57691.10000000,57073.36000000,57369.99000000,1184.52164000,60,60,False
1720339200000,1720342800000,57369.99000000,57661.58000000,57369.98000000,57650.45000000,707.67009000,60,60,False
1720342800000,1720346400000,57650.45000000,57733.99000000,57565.94000000,57733.40000000,408.85135000,60,60,False
1720346400000,1720350000000,57733.41000000,57911.71000000,57499.36000000,57510.20000000,632.73997000,60,60,False
1720350000000,1720353600000,57510.21000000,57543.69000000,57350.94000000,57460.00000000,491.73782000,60,60,False
1720353600000,1720357200000,57460.00000000,57631.02000000,57204.63000000,57341.09000000,499.80697000,60,60,False
1720357200000,1720360800000,57341.10000000,57361.10000000,56777.77000000,56872.00000000,1332.66853000,60,60,False
1720360800000,1720364400000,56872.01000000,56938.81000000,56563.46000000,56771.51000000,1443.29759000,60,60,False
1720364400000,1720368000000,56771.51000000,57061.10000000,56728.92000000,56825.42000000,725.51323000,60,60,False
1720368000000,1720371600000,56825.42000000,57174.99000000,56755.55000000,57122.00000000,697.86103000,60,60,False
1720371600000,1720375200000,57122.00000000,57285.91000000,56794.00000000,57231.10000000,561.66441000,60,60,False
1720375200000,1720378800000,57231.10000000,57392.00000000,57122.14000000,57172.01000000,447.20248000,60,60,False
1720378800000,1720382400000,57172.01000000,57197.98000000,57022.53000000,57151.10000000,276.43747000,60,60,False
1720382400000,1720386000000,57151.10000000,57319.10000000,57041.10000000,57274.18000000,298.00269000,60,60,False
1720386000000,1720389600000,57274.18000000,57285.29000000,56210.00000000,56596.00000000,1622.64041000,60,60,False
1720389600000,1720393200000,56596.00000000,56793.11000000,56392.39000000,56395.54000000,760.99869000,60,60,False
1720393200000,1720396800000,56395.54000000,56527.76000000,55724.37000000,55857.81000000,1525.77479000,60,60,False
1720396800000,1720400400000,55857.81000000,56023.07000000,55036.59000000,55094.00000000,3127.97419000,60,60,False
1720400400000,1720404000000,55094.01000000,55109.88000000,54260.16000000,54958.19000000,4904.43919000,60,60,False
1720404000000,1720407600000,54958.19000000,55447.09000000,54588.00000000,55384.79000000,2282.53270000,60,60,False
1720407600000,1720411200000,55384.79000000,55489.00000000,54868.00000000,55160.01000000,1236.64120000,60,60,False
1720411200000,1720414800000,55160.00000000,55639.98000000,54963.62000000,55496.00000000,1223.73669000,60,60,False
1720414800000,1720418400000,55495.99000000,55711.10000000,55292.00000000,55478.70000000,1085.25730000,60,60,False
1720418400000,1720422000000,55478.71000000,55900.00000000,55207.17000000,55633.98000000,1250.82283000,60,60,False
1720422000000,1720425600000,55633.98000000,55867.58000000,55523.77000000,55852.01000000,844.84006000,60,60,False
1720425600000,1720429200000,55852.00000000,57891.81000000,55741.11000000,57792.00000000,4740.11500000,60,60,False
1720429200000,1720432800000,57791.99000000,58236.73000000,57309.68000000,57512.14000000,3525.74609000,60,60,False
1720432800000,1720436400000,57512.13000000,57719.94000000,56705.94000000,56815.98000000,1931.07689000,60,60,False
1720436400000,1720440000000,56815.99000000,57360.01000000,56751.11000000,57154.01000000,1652.79622000,60,60,False
1720440000000,1720443600000,57154.01000000,57621.10000000,56864.00000000,57151.11000000,1533.14021000,60,60,False
1720443600000,1720447200000,57151.10000000,57439.60000000,56767.22000000,57236.01000000,1628.57273000,60,60,False
1720447200000,1720450800000,57236.01000000,57297.16000000,54800.00000000,56185.24000000,7618.22468000,60,60,False
1720450800000,1720454400000,56185.24000000,56785.59000000,55704.01000000,55761.52000000,2136.08904000,60,60,False
1720454400000,1720458000000,55761.52000000,56114.00000000,55425.74000000,55812.00000000,1474.02790000,60,60,False
1720458000000,1720461600000,55812.00000000,56370.00000000,55600.00000000,56287.38000000,1236.01090000,60,60,False
1720461600000,1720465200000,56287.38000000,56574.99000000,56160.00000000,56280.32000000,967.20528000,60,60,False
1720465200000,1720468800000,56280.32000000,56544.00000000,56155.63000000,56477.31000000,1026.62111000,60,60,False
1720468800000,1720472400000,56477.30000000,56572.12000000,56200.01000000,56259.90000000,682.33766000,60,60,False
1720472400000,1720476000000,56259.90000000,56835.25000000,56200.00000000,56642.47000000,810.54532000,60,60,False
1720476000000,1720479600000,56642.47000000,56971.94000000,56550.16000000,56684.48000000,724.39177000,60,60,False
1720479600000,1720483200000,56684.49000000,56870.16000000,56611.48000000,56714.62000000,447.05994000,60,60,False
1720483200000,1720486800000,56714.61000000,56765.85000000,56289.45000000,56531.05000000,777.30622000,60,60,False
1720486800000,1720490400000,56531.06000000,57275.67000000,56439.97000000,56560.39000000,1517.01433000,60,60,False
1720490400000,1720494000000,56560.39000000,57362.66000000,56335.03000000,57261.90000000,1203.10758000,60,60,False
1720494000000,1720497600000,57261.90000000,57272.00000000,56877.25000000,57168.36000000,630.83356000,60,60,False
1720497600000,1720501200000,57168.36000000,57366.19000000,57109.21000000,57286.00000000,868.57744000,60,60,False
1720501200000,1720504800000,57286.01000000,57432.93000000,57120.00000000,57291.49000000,849.59689000,60,60,False
1720504800000,1720508400000,57291.48000000,57754.00000000,57192.54000000,57475.99000000,1274.59453000,60,60,False
1720508400000,1720512000000,57476.00000000,57560.00000000,57011.50000000,57116.84000000,1350.18867000,60,60,False
1720512000000,1720515600000,57116.84000000,57900.00000000,57024.01000000,57615.54000000,1768.19631000,60,60,False
1720515600000,1720519200000,57615.54000000,57689.04000000,57502.00000000,57588.01000000,779.11224000,60,60,False
1720519200000,1720522800000,57588.01000000,57668.54000000,57273.25000000,57426.46000000,823.39963000,60,60,False
1720522800000,1720526400000,57426.46000000,57545.80000000,57220.00000000,57428.01000000,439.71976000,60,60,False
1720526400000,1720530000000,57428.01000000,57560.00000000,57269.86000000,57338.01000000,1704.02633000,60,60,False
1720530000000,1720533600000,57338.01000000,57410.80000000,56920.00000000,57325.27000000,1774.06171000,60,60,False
1720533600000,1720537200000,57325.27000000,58131.09000000,57027.77000000,57060.00000000,3726.65470000,60,60,False
1720537200000,1720540800000,57060.00000000,57500.01000000,56903.00000000,57477.01000000,1584.03107000,60,60,False
1720540800000,1720544400000,57477.00000000,57869.36000000,57362.08000000,57690.01000000,1406.81493000,60,60,False
1720544400000,1720548000000,57690.01000000,57797.88000000,57370.84000000,57523.01000000,617.88106000,60,60,False
1720548000000,1720551600000,57523.00000000,58296.00000000,57442.62000000,57907.50000000,1583.32279000,60,60,False
1720551600000,1720555200000,57907.50000000,57930.00000000,57682.17000000,57862.01000000,556.81042000,60,60,False
1720555200000,1720558800000,57862.01000000,58096.68000000,57704.30000000,57929.25000000,865.65190000,60,60,False
1720558800000,1720562400000,57929.26000000,57977.46000000,57758.83000000,57800.01000000,416.70735000,60,60,False
1720562400000,1720566000000,57800.01000000,58260.00000000,57720.00000000,57936.00000000,756.79627000,60,60,False
1720566000000,1720569600000,57936.00000000,58116.13000000,57864.82000000,58050.00000000,457.80219000,60,60,False
1720569600000,1720573200000,58050.00000000,58050.00000000,57422.94000000,57486.37000000,714.34882000,60,60,False
1720573200000,1720576800000,57486.38000000,58000.01000000,57309.09000000,57798.89000000,954.09973000,60,60,False
1720576800000,1720580400000,57798.89000000,57914.89000000,57642.86000000,57882.55000000,530.00374000,60,60,False
1720580400000,1720584000000,57882.55000000,58208.00000000,57840.00000000,58180.01000000,563.78031000,60,60,False
1720584000000,1720587600000,58180.00000000,59436.00000000,58180.00000000,59347.44000000,3438.39298000,60,60,False
1720587600000,1720591200000,59347.43000000,59470.00000000,58820.44000000,58975.01000000,1187.68370000,60,60,False
1720591200000,1720594800000,58975.01000000,59313.06000000,58846.45000000,59238.47000000,697.81879000,60,60,False
1720594800000,1720598400000,59238.48000000,59286.20000000,58840.00000000,58977.99000000,742.59843000,60,60,False
1720598400000,1720602000000,58977.99000000,59032.82000000,58602.84000000,58756.01000000,889.11742000,60,60,False
1720602000000,1720605600000,58756.01000000,58769.40000000,58401.00000000,58490.00000000,1073.12232000,60,60,False
1720605600000,1720609200000,58489.99000000,58737.24000000,58311.66000000,58656.01000000,1060.98416000,60,60,False
1720609200000,1720612800000,58656.02000000,58717.09000000,58350.00000000,58492.00000000,1019.20243000,60,60,False
1720612800000,1720616400000,58492.00000000,58550.00000000,57740.86000000,58150.44000000,2139.02060000,60,60,False
1720616400000,1720620000000,58150.44000000,58288.30000000,57507.04000000,57760.00000000,2203.07422000,60,60,False
1720620000000,1720623600000,57760.00000000,57893.15000000,57471.12000000,57713.03000000,1276.12700000,60,60,False
1720623600000,1720627200000,57713.03000000,58047.07000000,57483.00000000,57699.69000000,1287.04983000,60,60,False
1720627200000,1720630800000,57699.69000000,58019.89000000,57584.37000000,57696.73000000,1279.02560000,60,60,False
1720630800000,1720634400000,57696.73000000,57755.74000000,57439.67000000,57627.81000000,693.45307000,60,60,False
1720634400000,1720638000000,57627.81000000,57783.55000000,57480.72000000,57630.16000000,424.28107000,60,60,False
1720638000000,1720641600000,57630.16000000,57630.16000000,57353.84000000,57392.03000000,603.95746000,60,60,False
1720641600000,1720645200000,57392.03000000,57550.00000000,57157.79000000,57409.23000000,763.89147000,60,60,False
1720645200000,1720648800000,57409.23000000,57550.00000000,57264.70000000,57434.41000000,465.01432000,60,60,False
1720648800000,1720652400000,57434.41000000,57856.54000000,57427.10000000,57710.73000000,618.93037000,60,60,False
1720652400000,1720656000000,57710.74000000,57879.58000000,57604.25000000,57725.85000000,326.76015000,60,60,False
1720656000000,1720659600000,57725.85000000,57728.78000000,57358.20000000,57628.89000000,547.17587000,60,60,False
1720659600000,1720663200000,57628.89000000,58407.05000000,57485.74000000,58280.35000000,1157.04070000,60,60,False
1720663200000,1720666800000,58280.35000000,58383.58000000,57743.75000000,57869.99000000,732.91958000,60,60,False
1720666800000,1720670400000,57870.00000000,57959.14000000,57050.00000000,57568.00000000,1729.16103000,60,60,False
1720670400000,1720674000000,57568.00000000,57793.46000000,57488.28000000,57779.99000000,815.49793000,60,60,False
1720674000000,1720677600000,57779.99000000,58100.00000000,57704.07000000,57994.01000000,995.93439000,60,60,False
1720677600000,1720681200000,57994.01000000,58097.95000000,57872.89000000,57996.00000000,705.92986000,60,60,False
1720681200000,1720684800000,57996.00000000,58300.00000000,57922.67000000,58191.50000000,933.10914000,60,60,False
1720684800000,1720688400000,58191.50000000,58328.00000000,58052.00000000,58159.09000000,572.25410000,60,60,False
1720688400000,1720692000000,58159.09000000,58381.70000000,58067.25000000,58290.13000000,871.21358000,60,60,False
1720692000000,1720695600000,58290.14000000,58500.00000000,58174.25000000,58462.29000000,888.58838000,60,60,False
1720695600000,1720699200000,58462.29000000,58936.52000000,58390.96000000,58777.99000000,1772.35751000,60,60,False
1720699200000,1720702800000,58777.99000000,59650.00000000,58470.76000000,58816.35000000,4429.95238000,60,60,False
1720702800000,1720706400000,58816.35000000,58970.98000000,58236.95000000,58566.16000000,2363.94139000,60,60,False
1720706400000,1720710000000,58566.16000000,58674.41000000,57555.00000000,57790.01000000,3078.62977000,60,60,False
1720710000000,1720713600000,57790.01000000,58125.80000000,57266.58000000,57402.01000000,2173.37750000,60,60,False
1720713600000,1720717200000,57402.01000000,57751.73000000,57178.00000000,57640.84000000,1080.00641000,60,60,False
1720717200000,1720720800000,57640.84000000,57940.01000000,57582.67000000,57797.32000000,790.43112000,60,60,False
1720720800000,1720724400000,57797.32000000,58000.61000000,57674.32000000,57841.27000000,790.41518000,60,60,False
1720724400000,1720728000000,57841.27000000,57849.41000000,57340.00000000,57378.01000000,1013.33939000,60,60,False
1720728000000,1720731600000,57378.00000000,57590.90000000,57205.45000000,57554.00000000,732.50048000,60,60,False
1720731600000,1720735200000,57554.00000000,57636.00000000,57315.94000000,57460.02000000,416.48082000,60,60,False
1720735200000,1720738800000,57460.02000000,57538.88000000,57150.00000000,57338.58000000,601.35614000,60,60,False
1720738800000,1720742400000,57338.58000000,57399.88000000,57152.38000000,57339.89000000,569.44470000,60,60,False
1720742400000,1720746000000,57339.89000000,57571.86000000,57150.01000000,57178.00000000,694.96356000,60,60,False
1720746000000,1720749600000,57178.00000000,57346.97000000,56542.47000000,56950.01000000,1628.21195000,60,60,False
1720749600000,1720753200000,56950.01000000,57419.22000000,56880.29000000,57332.88000000,824.41036000,60,60,False
1720753200000,1720756800000,57332.88000000,57368.00000000,56852.94000000,56914.01000000,607.85729000,60,60,False
1720756800000,1720760400000,56914.01000000,57067.75000000,56716.68000000,57018.00000000,536.27817000,60,60,False
1720760400000,1720764000000,57018.01000000,57104.92000000,56942.00000000,57026.00000000,450.77894000,60,60,False
1720764000000,1720767600000,57026.01000000,57416.13000000,57020.15000000,57210.00000000,882.62489000,60,60,False
1720767600000,1720771200000,57210.01000000,57319.50000000,56836.29000000,57106.94000000,1039.70006000,60,60,False
1720771200000,1720774800000,57106.95000000,57334.32000000,57028.87000000,57323.02000000,864.99665000,60,60,False
1720774800000,1720778400000,57323.03000000,57325.60000000,56864.04000000,56949.99000000,611.58028000,60,60,False
1720778400000,1720782000000,56950.00000000,57190.00000000,56767.05000000,57172.84000000,702.76133000,60,60,False
1720782000000,1720785600000,57172.84000000,57278.00000000,57060.00000000,57203.54000000,963.18528000,60,60,False
1720785600000,1720789200000,57203.54000000,57479.51000000,57000.00000000,57382.30000000,1765.76776000,60,60,False
1720789200000,1720792800000,57382.29000000,58006.79000000,57355.80000000,57850.20000000,1948.59464000,60,60,False
1720792800000,1720796400000,57850.20000000,58020.00000000,57688.90000000,57820.01000000,1408.25912000,60,60,False
1720796400000,1720800000000,57820.00000000,58278.00000000,57775.27000000,58214.00000000,1581.77278000,60,60,False
1720800000000,1720803600000,58213.99000000,58428.91000000,57936.97000000,58116.01000000,1495.85528000,60,60,False
1720803600000,1720807200000,58116.00000000,58317.12000000,57951.01000000,58161.82000000,718.93734000,60,60,False
1720807200000,1720810800000,58161.82000000,58526.68000000,58065.00000000,58296.90000000,1034.84589000,60,60,False
1720810800000,1720814400000,58296.90000000,58355.51000000,57500.00000000,57576.01000000,1662.86668000,60,60,False
1720814400000,1720818000000,57576.01000000,57646.00000000,57150.06000000,57542.01000000,1140.28860000,60,60,False
1720818000000,1720821600000,57542.00000000,57680.60000000,57502.00000000,57597.03000000,334.05137000,60,60,False
1720821600000,1720825200000,57597.02000000,57874.29000000,57580.00000000,57792.01000000,466.50677000,60,60,False
1720825200000,1720828800000,57792.01000000,57906.10000000,57716.00000000,57889.10000000,287.36191000,60,60,False
1720828800000,1720832400000,57889.09000000,57926.50000000,57762.39000000,57835.58000000,314.73295000,60,60,False
1720832400000,1720836000000,57835.57000000,57969.70000000,57807.94000000,57880.00000000,290.06439000,60,60,False
1720836000000,1720839600000,57880.00000000,57958.38000000,57766.78000000,57946.43000000,516.37692000,60,60,False
1720839600000,1720843200000,57946.43000000,57991.50000000,57786.65000000,57814.00000000,325.65898000,60,60,False
1720843200000,1720846800000,57814.00000000,57852.13000000,57769.82000000,57775.86000000,280.96809000,60,60,False
1720846800000,1720850400000,57775.86000000,58179.92000000,57756.63000000,58076.02000000,746.64560000,60,60,False
1720850400000,1720854000000,58076.02000000,58216.08000000,58002.00000000,58038.55000000,327.94368000,60,60,False
1720854000000,1720857600000,58038.55000000,58170.33000000,58013.29000000,58170.32000000,276.61767000,60,60,False
1720857600000,1720861200000,58170.33000000,58198.46000000,57940.10000000,57949.93000000,340.85691000,60,60,False
1720861200000,1720864800000,57950.20000000,58854.98000000,57900.57000000,58678.02000000,1451.98249000,60,60,False
1720864800000,1720868400000,58678.02000000,58759.98000000,58346.58000000,58436.67000000,839.28392000,60,60,False
1720868400000,1720872000000,58436.67000000,58599.00000000,58383.32000000,58534.00000000,433.05644000,60,60,False
1720872000000,1720875600000,58534.00000000,58899.46000000,58434.38000000,58768.01000000,935.24010000,60,60,False
1720875600000,1720879200000,58768.01000000,58830.00000000,58576.10000000,58617.72000000,603.25172000,60,60,False
1720879200000,1720882800000,58617.71000000,58801.49000000,58479.48000000,58800.00000000,551.30624000,60,60,False
1720882800000,1720886400000,58800.00000000,58869.16000000,58684.20000000,58830.63000000,846.87627000,60,60,False
1720886400000,1720890000000,58830.62000000,58964.89000000,58601.55000000,58621.99000000,901.96693000,60,60,False
1720890000000,1720893600000,58621.99000000,58708.00000000,58572.98000000,58708.00000000,290.84594000,60,60,False
1720893600000,1720897200000,58708.00000000,58800.00000000,58573.61000000,58643.80000000,290.76001000,60,60,False
1720897200000,1720900800000,58643.80000000,58738.44000000,58600.00000000,58624.38000000,208.46855000,60,60,False
1720900800000,1720904400000,58624.38000000,58674.00000000,58554.69000000,58596.01000000,313.59678000,60,60,False
1720904400000,1720908000000,58596.01000000,58690.00000000,58580.00000000,58686.00000000,153.91477000,60,60,False
1720908000000,1720911600000,58686.00000000,59540.00000000,58288.19000000,59464.53000000,1825.76079000,60,60,False
1720911600000,1720915200000,59464.53000000,59850.00000000,59133.26000000,59204.02000000,2291.56905000,60,60,False
1720915200000,1720918800000,59204.01000000,59790.00000000,59194.01000000,59753.99000000,1173.60329000,60,60,False
1720918800000,1720922400000,59753.98000000,59838.00000000,59436.27000000,59705.99000000,999.90268000,60,60,False
1720922400000,1720926000000,59705.99000000,59750.00000000,59279.99000000,59356.00000000,587.86826000,60,60,False
1720926000000,1720929600000,59356.00000000,59590.12000000,59340.00000000,59466.15000000,468.07977000,60,60,False
1720929600000,1720933200000,59466.16000000,60100.00000000,59418.68000000,59950.00000000,1499.69939000,60,60,False
1720933200000,1720936800000,59950.00000000,60296.00000000,59802.35000000,60265.38000000,1621.60942000,60,60,False
1720936800000,1720940400000,60265.39000000,60324.61000000,59786.69000000,59875.99000000,1046.36470000,60,60,False
1720940400000,1720944000000,59876.00000000,60124.01000000,59823.56000000,60062.01000000,618.86151000,60,60,False
1720944000000,1720947600000,60062.01000000,60400.00000000,60062.00000000,60202.00000000,1010.41056000,60,60,False
1720947600000,1720951200000,60201.99000000,60359.57000000,60128.63000000,60186.01000000,662.72704000,60,60,False
1720951200000,1720954800000,60186.00000000,60236.35000000,59905.71000000,59920.51000000,655.68711000,60,60,False
1720954800000,1720958400000,59920.51000000,60120.86000000,59904.00000000,60099.10000000,611.05999000,60,60,False
1720958400000,1720962000000,60099.10000000,60110.70000000,59577.77000000,59583.86000000,939.21214000,60,60,False
1720962000000,1720965600000,59583.86000000,59800.00000000,59581.34000000,59701.93000000,741.74521000,60,60,False
1720965600000,1720969200000,59701.92000000,60236.13000000,59466.67000000,60012.00000000,913.33476000,60,60,False
1720969200000,1720972800000,60012.00000000,60148.00000000,59876.00000000,60084.00000000,592.00717000,60,60,False
1720972800000,1720976400000,60084.00000000,60119.12000000,59894.16000000,60107.33000000,482.69354000,60,60,False
1720976400000,1720980000000,60107.32000000,60184.99000000,59918.01000000,60005.56000000,452.33207000,60,60,False
1720980000000,1720983600000,60005.56000000,60072.28000000,59935.42000000,60020.11000000,192.42084000,60,60,False
1720983600000,1720987200000,60020.11000000,60020.11000000,59900.00000000,59915.99000000,193.50151000,60,60,False
1720987200000,1720990800000,59916.00000000,60400.00000000,59880.00000000,60084.00000000,721.80568000,60,60,False
1720990800000,1720994400000,60084.00000000,61420.69000000,60026.00000000,61276.36000000,2649.79086000,60,60,False
1720994400000,1720998000000,61276.36000000,61380.84000000,60756.65000000,60861.40000000,1326.64723000,60,60,False
1720998000000,1721001600000,60861.40000000,61176.32000000,60698.22000000,60797.91000000,1016.97434000,60,60,False
1721001600000,1721005200000,60797.91000000,61324.01000000,60632.30000000,61211.99000000,1116.66990000,60,60,False
1721005200000,1721008800000,61212.00000000,61800.00000000,61180.00000000,61390.00000000,2370.52915000,60,60,False
1721008800000,1721012400000,61389.99000000,62610.00000000,61300.87000000,62482.00000000,3372.85532000,60,60,False
1721012400000,1721016000000,62482.00000000,62796.01000000,62322.00000000,62647.87000000,1442.33991000,60,60,False
1721016000000,1721019600000,62647.87000000,62832.77000000,62433.01000000,62610.00000000,1234.86390000,60,60,False
1721019600000,1721023200000,62610.00000000,62968.15000000,62534.00000000,62799.99000000,1119.63548000,60,60,False
1721023200000,1721026800000,62800.00000000,62999.00000000,62706.01000000,62870.02000000,1075.81654000,60,60,False
1721026800000,1721030400000,62870.02000000,63084.00000000,62746.00000000,62840.12000000,1412.86329000,60,60,False
1721030400000,1721034000000,62840.12000000,63243.71000000,62778.81000000,62879.54000000,1317.62151000,60,60,False
1721034000000,1721037600000,62879.53000000,62900.00000000,62542.02000000,62637.64000000,1221.24083000,60,60,False
1721037600000,1721041200000,62637.63000000,62810.00000000,62413.50000000,62535.96000000,828.07073000,60,60,False
1721041200000,1721044800000,62535.95000000,62603.53000000,62290.00000000,62454.00000000,858.23855000,60,60,False
1721044800000,1721048400000,62454.00000000,62809.99000000,62444.67000000,62616.00000000,976.56222000,60,60,False
1721048400000,1721052000000,62616.01000000,62981.00000000,62482.59000000,62908.01000000,1654.66589000,60,60,False
1721052000000,1721055600000,62908.01000000,63236.28000000,62731.48000000,63218.06000000,1666.73384000,60,60,False
1721055600000,1721059200000,63218.06000000,63328.00000000,62864.32000000,63026.00000000,2268.06990000,60,60,False
1721059200000,1721062800000,63026.01000000,63606.96000000,62852.00000000,63411.77000000,2473.08305000,60,60,False
1721062800000,1721066400000,63411.77000000,63730.00000000,63079.65000000,63081.97000000,2106.78746000,60,60,False
1721066400000,1721070000000,63081.97000000,63614.83000000,62993.33000000,63499.00000000,1536.35808000,60,60,False
1721070000000,1721073600000,63498.99000000,63820.15000000,63200.19000000,63342.00000000,2533.20337000,60,60,False
1721073600000,1721077200000,63342.00000000,63777.00000000,63251.65000000,63731.36000000,1023.74966000,60,60,False
1721077200000,1721080800000,63731.36000000,63780.00000000,63495.71000000,63532.44000000,788.61130000,60,60,False
1721080800000,1721084400000,63532.44000000,64782.12000000,63508.00000000,64343.60000000,2882.08350000,60,60,False
1721084400000,1721088000000,64343.60000000,64900.00000000,64225.19000000,64724.14000000,1410.32482000,60,60,False
1721088000000,1721091600000,64724.06000000,64955.49000000,64436.20000000,64611.44000000,1835.35302000,60,60,False
1721091600000,1721095200000,64611.44000000,64860.00000000,64467.23000000,64848.08000000,932.36523000,60,60,False
1721095200000,1721098800000,64848.07000000,64848.08000000,64541.35000000,64819.91000000,883.67648000,60,60,False
1721098800000,1721102400000,64819.67000000,64863.98000000,64599.59000000,64752.14000000,807.74601000,60,60,False
1721102400000,1721106000000,64752.14000000,64993.95000000,64473.68000000,64487.01000000,1148.75348000,60,60,False
1721106000000,1721109600000,64487.01000000,64550.00000000,63464.90000000,63654.92000000,3311.79720000,60,60,False
1721109600000,1721113200000,63654.92000000,63880.61000000,62794.00000000,62899.64000000,2579.14210000,60,60,False
1721113200000,1721116800000,62899.64000000,63333.19000000,62721.79000000,62895.01000000,2873.61596000,60,60,False
1721116800000,1721120400000,62895.01000000,63091.39000000,62373.24000000,62820.67000000,2185.57004000,60,60,False
1721120400000,1721124000000,62820.67000000,63259.12000000,62686.25000000,63187.54000000,1494.98117000,60,60,False
1721124000000,1721127600000,63187.53000000,63660.00000000,63088.83000000,63443.54000000,1171.44908000,60,60,False
1721127600000,1721131200000,63443.55000000,63872.20000000,63146.45000000,63746.11000000,1428.01869000,60,60,False
1721131200000,1721134800000,63746.11000000,64265.33000000,63601.02000000,63743.31000000,1785.10099000,60,60,False
1721134800000,1721138400000,63743.30000000,64100.00000000,63400.01000000,63419.99000000,1760.41084000,60,60,False
1721138400000,1721142000000,63419.99000000,63898.71000000,63063.83000000,63836.09000000,1780.20422000,60,60,False
1721142000000,1721145600000,63836.09000000,64960.86000000,63799.00000000,64878.24000000,3605.09775000,60,60,False
1721145600000,1721149200000,64878.24000000,65200.00000000,64207.96000000,64500.00000000,3372.18128000,60,60,False
1721149200000,1721152800000,64500.00000000,64642.79000000,64111.56000000,64547.52000000,1173.38419000,60,60,False
1721152800000,1721156400000,64547.52000000,64922.32000000,64405.10000000,64795.44000000,1240.51718000,60,60,False
1721156400000,1721160000000,64795.43000000,65178.83000000,64597.13000000,65165.43000000,2145.16352000,60,60,False
1721160000000,1721163600000,65165.42000000,65182.99000000,64612.16000000,64651.82000000,1102.92271000,60,60,False
1721163600000,1721167200000,64651.82000000,64831.33000000,64479.14000000,64500.01000000,752.97687000,60,60,False
1721167200000,1721170800000,64500.00000000,64623.21000000,64115.00000000,64616.92000000,1095.61568000,60,60,False
1721170800000,1721174400000,64616.92000000,65388.97000000,64616.91000000,65043.99000000,2064.48546000,60,60,False
1721174400000,1721178000000,65044.00000000,65603.12000000,64932.31000000,65505.41000000,1682.12259000,60,60,False
1721178000000,1721181600000,65505.41000000,66128.63000000,65440.30000000,65670.19000000,2126.40166000,60,60,False
1721181600000,1721185200000,65670.18000000,65895.00000000,65541.05000000,65612.86000000,1094.76663000,60,60,False
1721185200000,1721188800000,65612.85000000,65792.87000000,65375.33000000,65701.66000000,974.48649000,60,60,False
1721188800000,1721192400000,65701.66000000,65855.94000000,65546.32000000,65830.00000000,853.14480000,60,60,False
1721192400000,1721196000000,65830.00000000,65993.14000000,65600.00000000,65624.01000000,932.95522000,60,60,False
1721196000000,1721199600000,65624.00000000,65790.00000000,65454.17000000,65575.87000000,1094.28692000,60,60,False
1721199600000,1721203200000,65575.87000000,65575.87000000,65198.62000000,65258.00000000,1506.63820000,60,60,False
1721203200000,1721206800000,65258.01000000,65477.54000000,64807.49000000,65179.63000000,1707.68187000,60,60,False
1721206800000,1721210400000,65179.62000000,65500.00000000,65078.00000000,65331.98000000,821.75646000,60,60,False
1721210400000,1721214000000,65331.99000000,65355.90000000,65100.00000000,65120.02000000,501.31591000,60,60,False
1721214000000,1721217600000,65120.02000000,65144.76000000,64560.00000000,64723.73000000,1577.93489000,60,60,False
1721217600000,1721221200000,64723.73000000,65014.00000000,64571.91000000,64730.72000000,1096.43881000,60,60,False
1721221200000,1721224800000,64730.73000000,65339.86000000,64537.41000000,65141.95000000,1786.09141000,60,60,False
1721224800000,1721228400000,65141.95000000,65232.78000000,64660.00000000,65032.09000000,1473.26318000,60,60,False
1721228400000,1721232000000,65032.10000000,65400.00000000,64628.00000000,64724.01000000,1860.44398000,60,60,False
1721232000000,1721235600000,64724.01000000,64766.99000000,63854.00000000,64242.00000000,3348.62571000,60,60,False
1721235600000,1721239200000,64242.01000000,64411.76000000,63913.08000000,64278.83000000,1056.04532000,60,60,False
1721239200000,1721242800000,64278.83000000,64573.31000000,64214.01000000,64504.00000000,785.80510000,60,60,False
1721242800000,1721246400000,64504.00000000,64756.02000000,64450.00000000,64585.78000000,702.59596000,60,60,False
1721246400000,1721250000000,64585.78000000,64672.89000000,64503.99000000,64510.31000000,432.30744000,60,60,False
1721250000000,1721253600000,64510.31000000,64558.03000000,64058.00000000,64318.00000000,880.28681000,60,60,False
1721253600000,1721257200000,64318.00000000,64448.99000000,64080.00000000,64269.20000000,718.08274000,60,60,False
1721257200000,1721260800000,64269.19000000,64371.87000000,64084.15000000,64087.99000000,554.05144000,60,60,False
1721260800000,1721264400000,64087.99000000,64532.70000000,63910.00000000,64443.54000000,1114.17973000,60,60,False
1721264400000,1721268000000,64443.53000000,64678.99000000,64365.30000000,64678.99000000,628.78339000,60,60,False
1721268000000,1721271600000,64678.98000000,65133.30000000,64245.95000000,64701.35000000,1560.03337000,60,60,False
1721271600000,1721275200000,64701.34000000,64959.99000000,64626.01000000,64865.08000000,768.28276000,60,60,False
1721275200000,1721278800000,64865.09000000,64879.99000000,64534.38000000,64574.00000000,588.34235000,60,60,False
1721278800000,1721282400000,64574.00000000,64860.18000000,64402.35000000,64756.77000000,652.71243000,60,60,False
1721282400000,1721286000000,64756.76000000,65061.50000000,64712.49000000,65000.01000000,1188.15720000,60,60,False
1721286000000,1721289600000,65000.01000000,65036.00000000,64653.44000000,64668.00000000,521.35730000,60,60,False
1721289600000,1721293200000,64668.00000000,64950.00000000,64640.00000000,64936.90000000,582.02010000,60,60,False
1721293200000,1721296800000,64936.89000000,64943.32000000,64725.00000000,64865.99000000,430.49279000,60,60,False
1721296800000,1721300400000,64865.98000000,64865.99000000,64494.27000000,64609.99000000,690.00947000,60,60,False
1721300400000,1721304000000,64609.99000000,64763.98000000,64441.94000000,64758.00000000,691.93426000,60,60,False
1721304000000,1721307600000,64758.00000000,65011.99000000,64726.33000000,64850.66000000,821.59082000,60,60,False
1721307600000,1721311200000,64850.66000000,65111.29000000,64505.60000000,64594.20000000,992.61340000,60,60,False
1721311200000,1721314800000,64594.20000000,64708.09000000,63701.00000000,63995.40000000,2510.12184000,60,60,False
1721314800000,1721318400000,63995.40000000,63995.40000000,63400.00000000,63538.12000000,2643.53292000,60,60,False
1721318400000,1721322000000,63538.12000000,63904.00000000,63333.00000000,63904.00000000,1705.41320000,60,60,False
1721322000000,1721325600000,63904.00000000,63958.51000000,63508.00000000,63555.52000000,926.97908000,60,60,False
1721325600000,1721329200000,63555.52000000,63666.00000000,63335.99000000,63520.01000000,649.51090000,60,60,False
1721329200000,1721332800000,63520.01000000,63753.05000000,63238.48000000,63555.00000000,873.77287000,60,60,False
1721332800000,1721336400000,63555.00000000,63842.91000000,63438.21000000,63826.01000000,470.92587000,60,60,False
1721336400000,1721340000000,63826.01000000,63905.73000000,63751.36000000,63850.00000000,358.86578000,60,60,False
1721340000000,1721343600000,63849.99000000,64122.43000000,63714.00000000,64032.00000000,872.90778000,60,60,False
1721343600000,1721347200000,64032.00000000,64090.00000000,63956.50000000,63987.92000000,326.18289000,60,60,False
1721347200000,1721350800000,63987.92000000,64030.94000000,63551.11000000,63600.00000000,716.10287000,60,60,False
1721350800000,1721354400000,63599.99000000,63858.85000000,63300.67000000,63816.00000000,782.09534000,60,60,False
1721354400000,1721358000000,63815.99000000,63940.00000000,63643.76000000,63828.00000000,583.55442000,60,60,False
1721358000000,1721361600000,63828.00000000,64368.62000000,63813.98000000,64325.00000000,1080.21154000,60,60,False
1721361600000,1721365200000,64324.99000000,64383.90000000,64141.91000000,64141.92000000,487.34435000,60,60,False
1721365200000,1721368800000,64141.91000000,64249.32000000,64088.75000000,64164.00000000,538.72612000,60,60,False
1721368800000,1721372400000,64164.00000000,64486.00000000,64130.70000000,64210.01000000,971.74325000,60,60,False
1721372400000,1721376000000,64210.00000000,64210.01000000,63600.00000000,63694.01000000,2024.34960000,60,60,False
1721376000000,1721379600000,63694.01000000,63940.46000000,63409.01000000,63809.00000000,1125.87894000,60,60,False
1721379600000,1721383200000,63809.00000000,64117.64000000,63648.28000000,63700.00000000,1132.17322000,60,60,False
1721383200000,1721386800000,63700.00000000,64157.73000000,63640.20000000,63994.01000000,787.46136000,60,60,False
1721386800000,1721390400000,63994.00000000,64182.77000000,63935.12000000,64116.00000000,444.49966000,60,60,False
1721390400000,1721394000000,64115.99000000,64436.00000000,64043.37000000,64414.00000000,973.49210000,60,60,False
1721394000000,1721397600000,64414.00000000,65330.24000000,64005.57000000,65135.90000000,3428.70620000,60,60,False
1721397600000,1721401200000,65135.89000000,65888.00000000,65000.50000000,65747.04000000,3937.01703000,60,60,False
1721401200000,1721404800000,65747.04000000,65849.65000000,65268.00000000,65836.77000000,2009.41375000,60,60,False
1721404800000,1721408400000,65836.76000000,66510.00000000,65827.62000000,66419.43000000,3787.19198000,60,60,False
1721408400000,1721412000000,66419.43000000,66829.82000000,66248.01000000,66755.42000000,2108.92010000,60,60,False
1721412000000,1721415600000,66755.42000000,66804.00000000,66417.66000000,66787.99000000,1417.55076000,60,60,False
1721415600000,1721419200000,66788.00000000,67386.00000000,66787.99000000,67157.26000000,3785.52712000,60,60,False
1721419200000,1721422800000,67157.25000000,67221.17000000,66880.39000000,66931.80000000,1328.52392000,60,60,False
1721422800000,1721426400000,66931.81000000,67352.44000000,66889.20000000,66892.28000000,1082.11169000,60,60,False
1721426400000,1721430000000,66892.27000000,66992.01000000,66654.00000000,66721.19000000,627.58082000,60,60,False
1721430000000,1721433600000,66721.19000000,66904.00000000,66616.19000000,66660.00000000,474.55125000,60,60,False
1721433600000,1721437200000,66660.01000000,66822.22000000,66268.60000000,66419.88000000,1110.36312000,60,60,False
1721437200000,1721440800000,66419.87000000,66700.10000000,66222.46000000,66361.99000000,897.74675000,60,60,False
1721440800000,1721444400000,66361.99000000,66634.48000000,66323.80000000,66570.57000000,409.22460000,60,60,False
1721444400000,1721448000000,66570.57000000,66750.00000000,66556.00000000,66602.01000000,376.67343000,60,60,False
1721448000000,1721451600000,66602.00000000,66700.00000000,66475.48000000,66660.84000000,300.66163000,60,60,False
1721451600000,1721455200000,66660.84000000,66660.84000000,66436.00000000,66537.32000000,423.02560000,60,60,False
1721455200000,1721458800000,66537.31000000,66670.67000000,66500.00000000,66625.77000000,331.15889000,60,60,False
1721458800000,1721462400000,66625.76000000,66775.11000000,66525.36000000,66562.28000000,816.70901000,60,60,False
1721462400000,1721466000000,66562.27000000,66634.82000000,66458.83000000,66510.71000000,442.80044000,60,60,False
1721466000000,1721469600000,66510.72000000,66733.09000000,66475.08000000,66582.79000000,393.06698000,60,60,False
1721469600000,1721473200000,66582.78000000,66652.76000000,66485.67000000,66524.99000000,263.64261000,60,60,False
1721473200000,1721476800000,66525.00000000,66554.42000000,66474.00000000,66483.69000000,254.04237000,60,60,False
1721476800000,1721480400000,66483.69000000,66568.24000000,66470.78000000,66476.28000000,251.47887000,60,60,False
1721480400000,1721484000000,66476.28000000,66652.21000000,66273.62000000,66539.89000000,512.04000000,60,60,False
1721484000000,1721487600000,66539.88000000,66700.00000000,66510.00000000,66590.00000000,316.86630000,60,60,False
1721487600000,1721491200000,66589.99000000,66832.00000000,66589.99000000,66825.00000000,485.36172000,60,60,False
1721491200000,1721494800000,66824.99000000,67054.00000000,66679.01000000,66804.91000000,730.32749000,60,60,False
1721494800000,1721498400000,66804.91000000,67598.00000000,66762.00000000,67403.01000000,2251.21795000,60,60,False
1721498400000,1721502000000,67403.01000000,67577.57000000,67218.52000000,67467.99000000,641.26719000,60,60,False
1721502000000,1721505600000,67467.99000000,67506.55000000,67137.78000000,67224.00000000,516.60219000,60,60,False
1721505600000,1721509200000,67224.00000000,67430.01000000,67223.99000000,67339.28000000,289.57206000,60,60,False
1721509200000,1721512800000,67339.28000000,67342.70000000,66790.90000000,67092.41000000,762.00279000,60,60,False
1721512800000,1721516400000,67092.40000000,67300.00000000,66861.99000000,67114.00000000,1315.24065000,60,60,False
1721516400000,1721520000000,67114.00000000,67200.00000000,67092.00000000,67139.96000000,295.83170000,60,60,False
1721520000000,1721523600000,67139.97000000,67322.00000000,66962.00000000,67066.02000000,527.61119000,60,60,False
1721523600000,1721527200000,67066.02000000,67436.22000000,67041.07000000,67276.33000000,368.52927000,60,60,False
1721527200000,1721530800000,67276.32000000,67396.73000000,67270.00000000,67287.01000000,343.61504000,60,60,False
1721530800000,1721534400000,67287.01000000,67375.00000000,67147.45000000,67171.33000000,233.27277000,60,60,False
1721534400000,1721538000000,67171.33000000,67220.52000000,67001.00000000,67040.01000000,377.39601000,60,60,False
1721538000000,1721541600000,67040.00000000,67100.00000000,66890.00000000,67046.00000000,354.37407000,60,60,False
1721541600000,1721545200000,67046.00000000,67093.42000000,66611.09000000,66721.99000000,751.28918000,60,60,False
1721545200000,1721548800000,66721.99000000,66820.00000000,66592.10000000,66701.99000000,474.97105000,60,60,False
1721548800000,1721552400000,66702.00000000,66892.00000000,66680.00000000,66796.01000000,387.86022000,60,60,False
1721552400000,1721556000000,66796.00000000,67017.08000000,66756.82000000,66976.00000000,385.32002000,60,60,False
1721556000000,1721559600000,66976.00000000,67062.77000000,66798.86000000,66798.87000000,319.55980000,60,60,False
1721559600000,1721563200000,66798.86000000,66879.99000000,66754.00000000,66879.99000000,243.08103000,60,60,False
1721563200000,1721566800000,66879.99000000,66987.13000000,66840.00000000,66928.02000000,280.84166000,60,60,False
1721566800000,1721570400000,66928.02000000,66961.91000000,66616.00000000,66760.01000000,475.72015000,60,60,False
1721570400000,1721574000000,66760.01000000,67392.68000000,66682.00000000,67290.76000000,1109.38081000,60,60,False
1721574000000,1721577600000,67290.75000000,67499.99000000,66971.48000000,67164.00000000,900.12940000,60,60,False
1721577600000,1721581200000,67164.00000000,67590.00000000,66952.21000000,67554.00000000,1210.47045000,60,60,False
1721581200000,1721584800000,67553.99000000,67713.00000000,66484.55000000,66648.01000000,1990.52655000,60,60,False
1721584800000,1721588400000,66648.01000000,67336.01000000,65777.00000000,66864.42000000,4758.02219000,60,60,False
1721588400000,1721592000000,66864.43000000,67712.99000000,66782.60000000,67422.02000000,1352.52988000,60,60,False
1721592000000,1721595600000,67422.03000000,68209.16000000,67274.69000000,67723.91000000,2235.07539000,60,60,False
1721595600000,1721599200000,67723.91000000,68298.02000000,67564.20000000,68193.99000000,1257.06915000,60,60,False
1721599200000,1721602800000,68194.00000000,68366.66000000,67934.00000000,68012.00000000,782.76272000,60,60,False
1721602800000,1721606400000,68012.01000000,68200.00000000,67888.77000000,68165.34000000,699.70391000,60,60,False
1721606400000,1721610000000,68165.35000000,68474.55000000,68036.00000000,68188.01000000,951.33104000,60,60,False
1721610000000,1721613600000,68188.01000000,68228.01000000,67762.00000000,67850.01000000,847.39629000,60,60,False
1721613600000,1721617200000,67850.01000000,68199.31000000,67753.72000000,68070.62000000,577.49338000,60,60,False
1721617200000,1721620800000,68070.63000000,68102.00000000,67836.62000000,67880.01000000,554.24338000,60,60,False
1721620800000,1721624400000,67880.01000000,67996.01000000,67760.00000000,67923.98000000,398.15619000,60,60,False
1721624400000,1721628000000,67923.99000000,67940.01000000,67520.00000000,67626.01000000,733.17693000,60,60,False
1721628000000,1721631600000,67626.01000000,67743.66000000,67122.22000000,67412.00000000,1070.91049000,60,60,False
1721631600000,1721635200000,67412.00000000,67412.00000000,67184.61000000,67236.00000000,748.40372000,60,60,False
1721635200000,1721638800000,67236.01000000,67399.98000000,67030.00000000,67080.48000000,716.00307000,60,60,False
1721638800000,1721642400000,67080.48000000,67427.22000000,66944.10000000,67427.22000000,691.80280000,60,60,False
1721642400000,1721646000000,67427.22000000,67524.00000000,67293.53000000,67422.01000000,573.01226000,60,60,False
1721646000000,1721649600000,67422.01000000,67599.00000000,67288.00000000,67516.01000000,490.35266000,60,60,False
1721649600000,1721653200000,67516.01000000,67697.11000000,67366.02000000,67697.11000000,596.37152000,60,60,False
1721653200000,1721656800000,67697.11000000,67952.39000000,66991.27000000,67098.00000000,1856.07368000,60,60,False
1721656800000,1721660400000,67098.01000000,67328.00000000,66616.68000000,66712.00000000,1952.17813000,60,60,False
1721660400000,1721664000000,66712.00000000,67190.01000000,66559.97000000,67063.87000000,1083.25010000,60,60,False
1721664000000,1721667600000,67063.87000000,67314.43000000,66798.36000000,67052.00000000,760.69468000,60,60,False
1721667600000,1721671200000,67052.01000000,67468.00000000,67010.01000000,67468.00000000,609.62069000,60,60,False
1721671200000,1721674800000,67467.99000000,67666.00000000,67322.50000000,67445.49000000,909.06939000,60,60,False
1721674800000,1721678400000,67445.49000000,68250.00000000,67366.63000000,68232.07000000,1630.44534000,60,60,False
1721678400000,1721682000000,68232.08000000,68256.00000000,67822.00000000,68124.00000000,964.40564000,60,60,False
1721682000000,1721685600000,68123.99000000,68166.01000000,67657.54000000,67841.60000000,769.42270000,60,60,False
1721685600000,1721689200000,67841.61000000,67854.81000000,67502.59000000,67635.01000000,788.00706000,60,60,False
1721689200000,1721692800000,67635.01000000,67642.00000000,67224.11000000,67532.01000000,1179.22189000,60,60,False
1721692800000,1721696400000,67532.00000000,67750.98000000,67449.65000000,67490.01000000,567.30486000,60,60,False
1721696400000,1721700000000,67490.01000000,67499.88000000,67183.98000000,67410.01000000,709.81321000,60,60,False
1721700000000,1721703600000,67410.01000000,67700.00000000,67248.00000000,67647.65000000,637.91527000,60,60,False
1721703600000,1721707200000,67647.65000000,67710.01000000,67439.22000000,67473.99000000,444.75372000,60,60,False
1721707200000,1721710800000,67473.98000000,67526.01000000,66936.00000000,66936.00000000,1046.14415000,60,60,False
1721710800000,1721714400000,66936.01000000,66945.48000000,66326.00000000,66428.00000000,1998.90677000,60,60,False
1721714400000,1721718000000,66428.01000000,66772.01000000,66386.38000000,66519.34000000,1335.70301000,60,60,False
1721718000000,1721721600000,66519.34000000,66644.01000000,66256.39000000,66576.00000000,1040.40214000,60,60,False
1721721600000,1721725200000,66576.00000000,66999.00000000,66518.51000000,66888.00000000,1454.03116000,60,60,False
1721725200000,1721728800000,66888.00000000,67166.01000000,66769.99000000,66938.20000000,1233.62913000,60,60,False
1721728800000,1721732400000,66938.19000000,67024.01000000,66814.23000000,66870.01000000,857.82830000,60,60,False
1721732400000,1721736000000,66870.00000000,66870.01000000,66454.00000000,66676.01000000,1246.21722000,60,60,False
1721736000000,1721739600000,66676.00000000,66756.01000000,66358.02000000,66504.68000000,1312.72160000,60,60,False
1721739600000,1721743200000,66504.69000000,66744.47000000,65962.00000000,66092.01000000,2529.47985000,60,60,False
1721743200000,1721746800000,66092.00000000,67349.03000000,65988.00000000,67227.80000000,2536.71832000,60,60,False
1721746800000,1721750400000,67227.81000000,67246.01000000,66333.33000000,66584.01000000,2278.69793000,60,60,False
1721750400000,1721754000000,66584.01000000,66780.01000000,65850.00000000,65857.99000000,1844.07069000,60,60,False
1721754000000,1721757600000,65858.00000000,66118.29000000,65744.94000000,65940.29000000,1593.59276000,60,60,False
1721757600000,1721761200000,65940.29000000,66105.32000000,65778.00000000,65860.00000000,957.71218000,60,60,False
1721761200000,1721764800000,65859.99000000,66062.01000000,65441.08000000,65536.01000000,2206.52582000,60,60,False
1721764800000,1721768400000,65536.00000000,65998.01000000,65472.54000000,65836.01000000,1642.73626000,60,60,False
1721768400000,1721772000000,65836.00000000,66049.99000000,65782.00000000,65872.00000000,579.43470000,60,60,False
1721772000000,1721775600000,65872.00000000,66043.47000000,65790.00000000,65917.99000000,678.72040000,60,60,False
1721775600000,1721779200000,65917.99000000,66054.00000000,65793.01000000,65936.01000000,673.09371000,60,60,False
1721779200000,1721782800000,65936.00000000,66146.01000000,65780.00000000,65784.70000000,522.47964000,60,60,False
1721782800000,1721786400000,65784.70000000,66114.21000000,65619.98000000,65666.01000000,636.47823000,60,60,False
1721786400000,1721790000000,65666.01000000,65928.01000000,65476.84000000,65878.16000000,672.37334000,60,60,False
1721790000000,1721793600000,65878.16000000,66111.50000000,65784.53000000,66052.71000000,601.26033000,60,60,False
1721793600000,1721797200000,66052.71000000,66072.01000000,65791.42000000,65860.00000000,571.42118000,60,60,False
1721797200000,1721800800000,65860.01000000,65914.49000000,65610.00000000,65814.01000000,673.83671000,60,60,False
1721800800000,1721804400000,65814.01000000,65999.00000000,65762.01000000,65898.00000000,585.65432000,60,60,False
1721804400000,1721808000000,65898.00000000,66080.01000000,65875.36000000,66078.00000000,597.02054000,60,60,False
1721808000000,1721811600000,66078.00000000,66470.01000000,66008.00000000,66437.01000000,1358.59552000,60,60,False
1721811600000,1721815200000,66437.01000000,66489.51000000,66301.00000000,66398.10000000,700.44001000,60,60,False
1721815200000,1721818800000,66398.10000000,66600.00000000,66343.87000000,66491.53000000,712.98523000,60,60,False
1721818800000,1721822400000,66491.53000000,66555.00000000,66340.31000000,66367.99000000,516.00526000,60,60,False
1721822400000,1721826000000,66368.00000000,66577.00000000,66146.70000000,66215.10000000,711.92853000,60,60,False
1721826000000,1721829600000,66215.09000000,66900.00000000,66200.00000000,66344.00000000,1375.29818000,60,60,False
1721829600000,1721833200000,66344.00000000,67102.01000000,66282.74000000,66760.01000000,1965.47257000,60,60,False
1721833200000,1721836800000,66760.01000000,66812.00000000,66093.99000000,66176.00000000,1849.25363000,60,60,False
1721836800000,1721840400000,66176.00000000,66490.00000000,65963.17000000,66394.00000000,1874.89240000,60,60,False
1721840400000,1721844000000,66394.00000000,66709.55000000,66315.44000000,66586.01000000,746.52051000,60,60,False
1721844000000,1721847600000,66586.01000000,66650.00000000,65715.17000000,65754.00000000,1507.77635000,60,60,False
1721847600000,1721851200000,65754.00000000,66102.00000000,65558.89000000,65652.00000000,1374.51802000,60,60,False
1721851200000,1721854800000,65652.01000000,66066.66000000,65648.00000000,66044.01000000,592.92725000,60,60,False
1721854800000,1721858400000,66044.01000000,66066.66000000,65130.00000000,65647.05000000,1510.33034000,60,60,False
1721858400000,1721862000000,65647.05000000,65670.01000000,65250.00000000,65288.01000000,816.72775000,60,60,False
1721862000000,1721865600000,65288.01000000,65470.00000000,65111.00000000,65376.00000000,608.36693000,60,60,False
1721865600000,1721869200000,65376.01000000,65620.00000000,65269.40000000,65514.80000000,952.32582000,60,60,False
1721869200000,1721872800000,65514.81000000,65514.81000000,64220.56000000,64478.00000000,4405.96220000,60,60,False
1721872800000,1721876400000,64477.99000000,64482.00000000,63950.00000000,64208.01000000,2378.66240000,60,60,False
1721876400000,1721880000000,64208.00000000,64288.00000000,63861.00000000,64093.59000000,1654.47865000,60,60,False
1721880000000,1721883600000,64093.58000000,64288.00000000,63800.00000000,64220.00000000,1441.22498000,60,60,False
1721883600000,1721887200000,64220.00000000,64348.94000000,64123.30000000,64263.01000000,868.15182000,60,60,False
1721887200000,1721890800000,64263.01000000,64369.05000000,64086.43000000,64324.01000000,647.68953000,60,60,False
1721890800000,1721894400000,64324.00000000,64390.00000000,64071.51000000,64134.00000000,1004.28015000,60,60,False
1721894400000,1721898000000,64134.00000000,64419.71000000,63878.00000000,64352.01000000,1572.60803000,60,60,False
1721898000000,1721901600000,64352.01000000,64480.00000000,64218.93000000,64306.71000000,604.31720000,60,60,False
1721901600000,1721905200000,64306.71000000,64314.01000000,63973.46000000,64165.68000000,834.35878000,60,60,False
1721905200000,1721908800000,64165.68000000,64284.01000000,64089.72000000,64096.00000000,1115.62453000,60,60,False
1721908800000,1721912400000,64096.01000000,64400.00000000,63900.24000000,64124.00000000,1628.67274000,60,60,False
1721912400000,1721916000000,64123.99000000,64360.00000000,63680.00000000,64050.01000000,1635.35293000,60,60,False
1721916000000,1721919600000,64050.01000000,64851.01000000,63456.70000000,64835.00000000,3075.72043000,60,60,False
1721919600000,1721923200000,64834.99000000,65005.00000000,64532.00000000,64790.88000000,1486.08773000,60,60,False
1721923200000,1721926800000,64790.89000000,65170.00000000,64630.00000000,64868.00000000,1348.24900000,60,60,False
1721926800000,1721930400000,64868.00000000,65073.70000000,64764.00000000,65051.98000000,1284.16455000,60,60,False
1721930400000,1721934000000,65051.98000000,65187.82000000,64388.46000000,64568.00000000,2044.36801000,60,60,False
1721934000000,1721937600000,64568.00000000,65008.00000000,64401.73000000,64692.01000000,961.24821000,60,60,False
1721937600000,1721941200000,64692.01000000,65298.01000000,64425.00000000,65298.01000000,1321.35545000,60,60,False
1721941200000,1721944800000,65298.01000000,66000.00000000,65214.00000000,65838.00000000,1615.79585000,60,60,False
1721944800000,1721948400000,65838.01000000,66175.49000000,65639.89000000,65644.00000000,838.73111000,60,60,False
1721948400000,1721952000000,65644.01000000,65825.36000000,65630.00000000,65799.95000000,406.99924000,60,60,False
1721952000000,1721955600000,65799.95000000,66450.46000000,65722.63000000,66384.00000000,893.68777000,60,60,False
1721955600000,1721959200000,66384.00000000,66570.01000000,66193.69000000,66430.01000000,1195.77266000,60,60,False
1721959200000,1721962800000,66430.01000000,67198.99000000,66393.18000000,67014.01000000,2181.16059000,60,60,False
1721962800000,1721966400000,67014.00000000,67480.00000000,66933.56000000,67042.01000000,1521.10366000,60,60,False
1721966400000,1721970000000,67042.00000000,67117.28000000,66894.00000000,67075.83000000,809.06053000,60,60,False
1721970000000,1721973600000,67075.83000000,67100.00000000,66870.82000000,66924.00000000,612.58402000,60,60,False
1721973600000,1721977200000,66924.01000000,67160.00000000,66874.01000000,67062.01000000,697.81043000,60,60,False
1721977200000,1721980800000,67062.01000000,67190.00000000,66879.99000000,66890.56000000,1281.20610000,60,60,False
1721980800000,1721984400000,66890.56000000,67142.76000000,66890.56000000,67106.01000000,613.50309000,60,60,False
1721984400000,1721988000000,67106.00000000,67498.00000000,67085.77000000,67296.01000000,1270.55004000,60,60,False
1721988000000,1721991600000,67296.01000000,67410.00000000,67172.90000000,67304.01000000,678.93096000,60,60,False
1721991600000,1721995200000,67304.00000000,67366.31000000,67152.00000000,67322.00000000,448.52207000,60,60,False
1721995200000,1721998800000,67321.99000000,67410.00000000,67086.45000000,67314.01000000,630.55190000,60,60,False
1721998800000,1722002400000,67314.01000000,67976.05000000,67170.00000000,67887.88000000,1995.48652000,60,60,False
1722002400000,1722006000000,67887.88000000,68000.00000000,66892.00000000,67328.01000000,2379.19242000,60,60,False
1722006000000,1722009600000,67328.00000000,67751.01000000,67286.00000000,67560.01000000,1225.53699000,60,60,False
1722009600000,1722013200000,67560.00000000,67685.11000000,67366.79000000,67396.00000000,611.56316000,60,60,False
1722013200000,1722016800000,67396.01000000,67600.00000000,67303.07000000,67372.00000000,529.20633000,60,60,False
1722016800000,1722020400000,67372.00000000,67602.09000000,67336.08000000,67573.75000000,597.58976000,60,60,False
1722020400000,1722024000000,67573.74000000,68144.01000000,67552.47000000,67990.00000000,1555.75712000,60,60,False
1722024000000,1722027600000,67990.00000000,68000.01000000,67413.50000000,67435.17000000,884.14339000,60,60,False
1722027600000,1722031200000,67435.16000000,68200.00000000,67419.81000000,67946.01000000,941.42178000,60,60,False
1722031200000,1722034800000,67946.00000000,68086.02000000,67855.42000000,67926.00000000,459.37017000,60,60,False
1722034800000,1722038400000,67926.00000000,67976.10000000,67848.00000000,67907.99000000,230.64877000,60,60,False
1722038400000,1722042000000,67908.00000000,67946.01000000,67808.01000000,67872.27000000,424.91488000,60,60,False
1722042000000,1722045600000,67872.28000000,67874.00000000,67630.00000000,67657.99000000,301.13113000,60,60,False
1722045600000,1722049200000,67657.99000000,68070.01000000,67657.99000000,68028.00000000,344.65050000,60,60,False
1722049200000,1722052800000,68028.00000000,68081.57000000,67773.01000000,67798.00000000,475.53549000,60,60,False
1722052800000,1722056400000,67797.99000000,67898.20000000,67782.73000000,67866.01000000,210.67744000,60,60,False
1722056400000,1722060000000,67866.01000000,67998.05000000,67866.00000000,67895.21000000,253.32780000,60,60,False
1722060000000,1722063600000,67895.21000000,68094.03000000,67886.46000000,68092.89000000,552.14178000,60,60,False
1722063600000,1722067200000,68092.89000000,68295.39000000,68036.67000000,68036.68000000,899.43914000,60,60,False
1722067200000,1722070800000,68036.68000000,68176.44000000,67892.24000000,67986.00000000,593.02191000,60,60,False
1722070800000,1722074400000,67985.99000000,68217.22000000,67946.82000000,68217.21000000,444.66944000,60,60,False
1722074400000,1722078000000,68217.20000000,68275.64000000,68082.99000000,68155.41000000,309.17712000,60,60,False
1722078000000,1722081600000,68155.42000000,68212.00000000,68010.45000000,68209.88000000,487.13700000,60,60,False
1722081600000,1722085200000,68209.88000000,68471.79000000,68195.43000000,68400.00000000,965.28244000,60,60,False
1722085200000,1722088800000,68400.00000000,69385.06000000,68399.99000000,69226.01000000,2533.40815000,60,60,False
1722088800000,1722092400000,69226.01000000,69399.99000000,68794.46000000,68981.69000000,1478.17223000,60,60,False
1722092400000,1722096000000,68981.69000000,69086.00000000,68583.69000000,68844.00000000,1218.54970000,60,60,False
1722096000000,1722099600000,68844.00000000,68979.32000000,68644.00000000,68684.01000000,610.23017000,60,60,False
1722099600000,1722103200000,68684.01000000,68754.34000000,68428.18000000,68540.01000000,821.17611000,60,60,False
1722103200000,1722106800000,68540.00000000,68990.03000000,68508.12000000,68542.76000000,841.42652000,60,60,False
1722106800000,1722110400000,68542.76000000,68641.53000000,67658.68000000,68246.00000000,2998.73711000,60,60,False
1722110400000,1722114000000,68246.00000000,68450.00000000,66650.00000000,67791.22000000,9441.78954000,60,60,False
1722114000000,1722117600000,67791.21000000,69182.94000000,67596.00000000,68860.00000000,3685.95466000,60,60,False
1722117600000,1722121200000,68860.01000000,68860.01000000,68502.60000000,68619.97000000,676.67595000,60,60,False
1722121200000,1722124800000,68619.97000000,68619.97000000,67749.50000000,67896.50000000,1142.99300000,60,60,False
1722124800000,1722128400000,67896.49000000,68083.35000000,67260.54000000,67958.00000000,1184.21920000,60,60,False
1722128400000,1722132000000,67958.00000000,68285.43000000,67916.00000000,68090.01000000,483.06066000,60,60,False
1722132000000,1722135600000,68090.01000000,68149.45000000,67966.00000000,68149.45000000,260.89082000,60,60,False
1722135600000,1722139200000,68149.44000000,68149.45000000,67940.94000000,67940.95000000,287.53753000,60,60,False
1722139200000,1722142800000,67940.94000000,68024.18000000,67300.00000000,67338.00000000,750.45729000,60,60,False
1722142800000,1722146400000,67338.00000000,67500.00000000,67066.66000000,67422.00000000,765.53150000,60,60,False
1722146400000,1722150000000,67422.01000000,67590.82000000,67386.00000000,67486.01000000,363.16586000,60,60,False
1722150000000,1722153600000,67486.00000000,67560.86000000,67309.15000000,67560.86000000,519.16465000,60,60,False
1722153600000,1722157200000,67560.86000000,67564.48000000,67220.00000000,67380.00000000,403.65485000,60,60,False
1722157200000,1722160800000,67380.00000000,67550.28000000,67329.60000000,67433.65000000,254.57758000,60,60,False
1722160800000,1722164400000,67433.65000000,67686.39000000,67390.34000000,67560.01000000,441.61158000,60,60,False
1722164400000,1722168000000,67560.01000000,68000.00000000,67560.01000000,67836.00000000,671.09227000,60,60,False
1722168000000,1722171600000,67836.01000000,68123.32000000,67745.46000000,68000.01000000,530.60556000,60,60,False
1722171600000,1722175200000,68000.01000000,68044.01000000,67861.27000000,67988.01000000,309.86124000,60,60,False
1722175200000,1722178800000,67988.01000000,68024.99000000,67634.70000000,67746.00000000,602.61210000,60,60,False
1722178800000,1722182400000,67746.00000000,67777.77000000,67577.63000000,67645.00000000,325.75611000,60,60,False
1722182400000,1722186000000,67645.00000000,67753.26000000,67624.00000000,67680.01000000,249.98290000,60,60,False
1722186000000,1722189600000,67680.01000000,67998.42000000,67680.00000000,67988.47000000,309.88669000,60,60,False
1722189600000,1722193200000,67988.47000000,68318.43000000,67939.81000000,68236.01000000,608.47713000,60,60,False
1722193200000,1722196800000,68236.00000000,68295.00000000,68084.58000000,68112.00000000,342.16948000,60,60,False
1722196800000,1722200400000,68112.00000000,68164.76000000,67954.48000000,68007.99000000,221.81791000,60,60,False
1722200400000,1722204000000,68008.00000000,68069.00000000,67801.62000000,68021.93000000,324.46082000,60,60,False
1722204000000,1722207600000,68021.93000000,68253.59000000,67941.94000000,68010.24000000,421.43621000,60,60,False
1722207600000,1722211200000,68010.23000000,68277.83000000,67956.00000000,68249.88000000,236.66400000,60,60,False
1722211200000,1722214800000,68249.88000000,68999.00000000,68168.00000000,68714.01000000,1541.58518000,60,60,False
1722214800000,1722218400000,68714.01000000,68833.33000000,68349.49000000,68547.99000000,631.12401000,60,60,False
1722218400000,1722222000000,68548.00000000,69635.14000000,68533.45000000,69559.00000000,2595.72315000,60,60,False
1722222000000,1722225600000,69558.99000000,69800.00000000,69302.00000000,69347.67000000,1204.99131000,60,60,False
1722225600000,1722229200000,69347.66000000,69475.65000000,69263.07000000,69368.00000000,752.39426000,60,60,False
1722229200000,1722232800000,69367.99000000,69800.00000000,69367.99000000,69662.07000000,1284.50311000,60,60,False
1722232800000,1722236400000,69662.07000000,69888.00000000,69551.00000000,69588.01000000,1097.84452000,60,60,False
1722236400000,1722240000000,69588.01000000,69611.30000000,69446.00000000,69528.01000000,1011.61388000,60,60,False
1722240000000,1722243600000,69528.01000000,69700.00000000,69375.00000000,69457.50000000,656.77325000,60,60,False
1722243600000,1722247200000,69457.51000000,69618.90000000,69440.00000000,69520.00000000,713.20072000,60,60,False
1722247200000,1722250800000,69520.00000000,69743.07000000,69378.80000000,69620.00000000,743.84688000,60,60,False
1722250800000,1722254400000,69620.00000000,69838.62000000,69580.00000000,69580.01000000,900.06669000,60,60,False
1722254400000,1722258000000,69580.01000000,69950.00000000,69396.74000000,69799.38000000,1451.28526000,60,60,False
1722258000000,1722261600000,69799.37000000,70079.99000000,69088.00000000,69273.60000000,4339.27014000,60,60,False
1722261600000,1722265200000,69273.59000000,69294.64000000,68071.98000000,68228.01000000,3026.68088000,60,60,False
1722265200000,1722268800000,68228.01000000,68304.00000000,67668.34000000,68104.00000000,2569.35164000,60,60,False
1722268800000,1722272400000,68103.99000000,68118.00000000,66800.00000000,66940.01000000,3974.77521000,60,60,False
1722272400000,1722276000000,66940.01000000,67177.52000000,66428.00000000,67015.08000000,3084.77284000,60,60,False
1722276000000,1722279600000,67015.09000000,67547.32000000,66940.00000000,67419.99000000,1330.02008000,60,60,False
1722279600000,1722283200000,67419.99000000,67549.73000000,67242.99000000,67303.05000000,693.95142000,60,60,False
1722283200000,1722286800000,67303.05000000,67392.01000000,67158.00000000,67369.99000000,469.94603000,60,60,False
1722286800000,1722290400000,67370.00000000,67510.01000000,67030.00000000,67500.00000000,717.72731000,60,60,False
1722290400000,1722294000000,67499.99000000,67553.66000000,67140.00000000,67227.36000000,460.75972000,60,60,False
1722294000000,1722297600000,67227.35000000,67264.01000000,66600.00000000,66784.69000000,1215.08884000,60,60,False
1722297600000,1722301200000,66784.68000000,66862.45000000,65862.00000000,66610.00000000,2915.26069000,60,60,False
1722301200000,1722304800000,66610.01000000,66886.00000000,66060.06000000,66211.33000000,1208.75036000,60,60,False
1722304800000,1722308400000,66211.32000000,66477.80000000,65958.57000000,66418.01000000,1133.36375000,60,60,False
1722308400000,1722312000000,66418.00000000,66680.00000000,66380.00000000,66610.00000000,732.36446000,60,60,False
1722312000000,1722315600000,66610.00000000,66808.04000000,66533.14000000,66808.04000000,532.22539000,60,60,False
1722315600000,1722319200000,66808.04000000,66808.04000000,66322.49000000,66484.01000000,729.74093000,60,60,False
1722319200000,1722322800000,66484.01000000,66775.00000000,66464.17000000,66766.01000000,399.62507000,60,60,False
1722322800000,1722326400000,66766.00000000,67000.00000000,66766.00000000,66952.00000000,834.68149000,60,60,False
1722326400000,1722330000000,66952.00000000,66999.92000000,66712.00000000,66772.01000000,687.68717000,60,60,False
1722330000000,1722333600000,66772.01000000,66900.56000000,66444.00000000,66608.01000000,562.09159000,60,60,False
1722333600000,1722337200000,66608.01000000,66687.34000000,66404.53000000,66581.87000000,601.07358000,60,60,False
1722337200000,1722340800000,66581.88000000,66720.00000000,66488.71000000,66574.01000000,476.42342000,60,60,False
1722340800000,1722344400000,66574.00000000,66820.01000000,66233.07000000,66668.00000000,1202.54612000,60,60,False
1722344400000,1722348000000,66668.01000000,66948.00000000,66332.61000000,66381.99000000,908.66387000,60,60,False
1722348000000,1722351600000,66382.00000000,66449.99000000,65660.89000000,65810.00000000,2571.18005000,60,60,False
1722351600000,1722355200000,65810.01000000,66332.01000000,65555.00000000,66216.01000000,1403.78889000,60,60,False
1722355200000,1722358800000,66216.01000000,66550.01000000,66145.00000000,66180.01000000,629.10607000,60,60,False
1722358800000,1722362400000,66180.02000000,66210.01000000,65684.68000000,65868.01000000,1013.37053000,60,60,False
1722362400000,1722366000000,65868.01000000,66074.98000000,65600.00000000,65824.01000000,857.83946000,60,60,False
1722366000000,1722369600000,65824.00000000,66008.01000000,65556.56000000,65931.02000000,950.33271000,60,60,False
1722369600000,1722373200000,65931.03000000,66240.00000000,65302.67000000,66186.01000000,1780.27506000,60,60,False
1722373200000,1722376800000,66186.00000000,66312.80000000,65942.00000000,66304.00000000,409.68569000,60,60,False
1722376800000,1722380400000,66304.00000000,66356.89000000,66072.43000000,66222.00000000,379.01701000,60,60,False
1722380400000,1722384000000,66222.00000000,66307.50000000,66130.00000000,66188.00000000,213.16105000,60,60,False
1722384000000,1722387600000,66188.00000000,66413.00000000,65881.96000000,66344.00000000,619.04281000,60,60,False
1722387600000,1722391200000,66344.01000000,66404.01000000,66104.00000000,66296.00000000,334.00952000,60,60,False
1722391200000,1722394800000,66295.99000000,66413.28000000,66068.63000000,66122.16000000,399.73998000,60,60,False
1722394800000,1722398400000,66122.17000000,66228.86000000,66026.12000000,66058.00000000,372.44784000,60,60,False
1722398400000,1722402000000,66058.00000000,66092.00000000,65496.00000000,65804.00000000,899.70132000,60,60,False
1722402000000,1722405600000,65804.00000000,66221.55000000,65578.51000000,66175.52000000,906.31705000,60,60,False
1722405600000,1722409200000,66175.53000000,66554.40000000,66120.60000000,66459.99000000,1123.26462000,60,60,False
1722409200000,1722412800000,66460.00000000,66527.11000000,66213.00000000,66224.00000000,447.50807000,60,60,False
1722412800000,1722416400000,66224.00000000,66370.00000000,66044.00000000,66312.01000000,609.60851000,60,60,False
1722416400000,1722420000000,66312.01000000,66374.01000000,66162.37000000,66262.00000000,347.22471000,60,60,False
1722420000000,1722423600000,66262.01000000,66262.01000000,65954.54000000,65992.00000000,516.06956000,60,60,False
1722423600000,1722427200000,65992.00000000,66144.00000000,65958.00000000,66094.01000000,356.84286000,60,60,False
1722427200000,1722430800000,66094.01000000,66294.00000000,66000.00000000,66153.82000000,553.77911000,60,60,False
1722430800000,1722434400000,66153.82000000,66849.24000000,66136.00000000,66508.00000000,1327.05883000,60,60,False
1722434400000,1722438000000,66508.01000000,66733.02000000,65963.25000000,66440.00000000,1822.66459000,60,60,False
1722438000000,1722441600000,66440.01000000,66560.01000000,66326.00000000,66379.99000000,663.87816000,60,60,False
1722441600000,1722445200000,66379.99000000,66751.32000000,66287.87000000,66362.00000000,678.14956000,60,60,False
1722445200000,1722448800000,66362.01000000,66836.30000000,66303.84000000,66686.00000000,716.24977000,60,60,False
1722448800000,1722452400000,66686.01000000,66733.99000000,66138.00000000,66527.99000000,1237.29065000,60,60,False
1722452400000,1722456000000,66527.99000000,66649.12000000,64957.14000000,65256.83000000,3777.68319000,60,60,False
1722456000000,1722459600000,65256.83000000,65422.00000000,64543.57000000,64595.81000000,2050.40584000,60,60,False
1722459600000,1722463200000,64595.81000000,65136.04000000,64530.00000000,64978.00000000,1450.50923000,60,60,False
1722463200000,1722466800000,64978.00000000,65058.00000000,64634.00000000,64980.01000000,730.42884000,60,60,False
1722466800000,1722470400000,64980.01000000,64996.00000000,64627.97000000,64628.00000000,685.56443000,60,60,False
1722470400000,1722474000000,64628.01000000,64841.29000000,64316.55000000,64645.90000000,1271.22941000,60,60,False
1722474000000,1722477600000,64645.90000000,64816.01000000,64099.00000000,64202.00000000,1394.76324000,60,60,False
1722477600000,1722481200000,64202.00000000,64254.00000000,63900.00000000,64110.01000000,1829.24939000,60,60,False
1722481200000,1722484800000,64110.00000000,64139.82000000,63750.00000000,63936.01000000,1273.19128000,60,60,False
1722484800000,1722488400000,63936.01000000,64058.00000000,63613.33000000,63740.41000000,1258.10705000,60,60,False
1722488400000,1722492000000,63740.41000000,64357.38000000,63584.00000000,64303.99000000,1574.31338000,60,60,False
1722492000000,1722495600000,64304.00000000,64454.00000000,64124.00000000,64226.00000000,767.67304000,60,60,False
1722495600000,1722499200000,64226.00000000,64488.00000000,64216.71000000,64328.59000000,507.42839000,60,60,False
1722499200000,1722502800000,64328.60000000,64560.01000000,64310.00000000,64507.17000000,671.75258000,60,60,False
1722502800000,1722506400000,64507.18000000,64701.41000000,64441.20000000,64466.00000000,741.11821000,60,60,False
1722506400000,1722510000000,64466.01000000,64610.01000000,64299.87000000,64584.55000000,679.91455000,60,60,False
1722510000000,1722513600000,64584.54000000,64690.00000000,64467.40000000,64674.25000000,562.26161000,60,60,False
1722513600000,1722517200000,64674.26000000,64926.52000000,64634.89000000,64883.98000000,793.66658000,60,60,False
1722517200000,1722520800000,64883.99000000,64949.58000000,64466.21000000,64754.03000000,824.85890000,60,60,False
1722520800000,1722524400000,64754.02000000,64776.75000000,63928.10000000,63935.83000000,1520.44035000,60,60,False
1722524400000,1722528000000,63935.83000000,63962.00000000,62666.07000000,62906.60000000,4867.57964000,60,60,False
1722528000000,1722531600000,62907.44000000,63203.99000000,62652.55000000,62908.00000000,2247.41429000,60,60,False
1722531600000,1722535200000,62908.01000000,63254.82000000,62302.00000000,63220.00000000,2830.78277000,60,60,False
1722535200000,1722538800000,63220.00000000,63435.75000000,62811.26000000,62954.00000000,2268.81997000,60,60,False
1722538800000,1722542400000,62953.99000000,63509.83000000,62944.01000000,63422.01000000,1194.87928000,60,60,False
1722542400000,1722546000000,63422.01000000,64776.00000000,63336.61000000,64760.00000000,2346.97089000,60,60,False
1722546000000,1722549600000,64760.01000000,65356.00000000,64628.01000000,64889.03000000,1718.44824000,60,60,False
1722549600000,1722553200000,64889.04000000,65659.78000000,64869.49000000,65184.37000000,1352.78035000,60,60,False
1722553200000,1722556800000,65184.37000000,65470.84000000,65000.00000000,65354.02000000,1044.62515000,60,60,False
1722556800000,1722560400000,65354.02000000,65596.14000000,64895.83000000,64897.99000000,882.43436000,60,60,False
1722560400000,1722564000000,64898.00000000,64898.00000000,64548.01000000,64647.99000000,936.14981000,60,60,False
1722564000000,1722567600000,64648.00000000,64821.99000000,63668.00000000,64359.91000000,1590.23256000,60,60,False
1722567600000,1722571200000,64359.92000000,64636.80000000,64246.00000000,64609.18000000,754.34259000,60,60,False
1722571200000,1722574800000,64609.17000000,64655.17000000,64438.00000000,64531.99000000,490.12041000,60,60,False
1722574800000,1722578400000,64531.98000000,64541.72000000,64078.00000000,64170.01000000,1001.77839000,60,60,False
1722578400000,1722582000000,64170.01000000,64640.00000000,63807.29000000,64477.21000000,1386.59857000,60,60,False
1722582000000,1722585600000,64477.22000000,64516.01000000,64124.87000000,64164.07000000,944.57984000,60,60,False
1722585600000,1722589200000,64164.07000000,64610.00000000,64044.00000000,64598.01000000,1005.20836000,60,60,False
1722589200000,1722592800000,64598.01000000,64618.75000000,64420.80000000,64511.99000000,560.78311000,60,60,False
1722592800000,1722596400000,64512.00000000,64873.61000000,64350.00000000,64764.93000000,804.08820000,60,60,False
1722596400000,1722600000000,64764.93000000,64974.00000000,64649.96000000,64660.01000000,932.49056000,60,60,False
1722600000000,1722603600000,64660.01000000,64940.01000000,64118.60000000,64846.00000000,2278.09126000,60,60,False
1722603600000,1722607200000,64846.00000000,65524.01000000,64558.15000000,65229.99000000,2709.88702000,60,60,False
1722607200000,1722610800000,65229.99000000,65366.01000000,63102.00000000,63157.95000000,4724.50891000,60,60,False
1722610800000,1722614400000,63157.95000000,63636.46000000,62432.90000000,63416.01000000,4670.33215000,60,60,False
1722614400000,1722618000000,63416.00000000,63611.24000000,62964.41000000,63307.38000000,1657.67588000,60,60,False
1722618000000,1722621600000,63307.39000000,63456.01000000,63066.00000000,63098.01000000,743.54298000,60,60,False
1722621600000,1722625200000,63098.01000000,63220.00000000,62784.00000000,62898.25000000,1026.49958000,60,60,False
1722625200000,1722628800000,62898.24000000,62981.56000000,62515.00000000,62633.57000000,1627.26837000,60,60,False
1722628800000,1722632400000,62633.58000000,63187.26000000,62088.00000000,62622.01000000,2476.71591000,60,60,False
1722632400000,1722636000000,62622.01000000,62736.01000000,61286.54000000,61987.01000000,2830.77006000,60,60,False
1722636000000,1722639600000,61987.02000000,62250.00000000,61230.01000000,61386.01000000,1492.72604000,60,60,False
1722639600000,1722643200000,61386.01000000,61782.00000000,61311.00000000,61498.33000000,1293.60445000,60,60,False
1722643200000,1722646800000,61498.34000000,61725.78000000,60903.00000000,61132.01000000,2158.32562000,60,60,False
1722646800000,1722650400000,61132.01000000,61390.12000000,60505.00000000,61342.01000000,2498.20118000,60,60,False
1722650400000,1722654000000,61342.01000000,61614.00000000,61217.99000000,61450.01000000,1235.71624000,60,60,False
1722654000000,1722657600000,61450.01000000,61975.00000000,61310.90000000,61895.99000000,1165.23343000,60,60,False
1722657600000,1722661200000,61895.99000000,61981.43000000,61398.01000000,61566.25000000,674.61075000,60,60,False
1722661200000,1722664800000,61566.26000000,61720.34000000,61512.00000000,61693.99000000,369.59368000,60,60,False
1722664800000,1722668400000,61694.00000000,61847.11000000,61674.69000000,61827.89000000,391.96603000,60,60,False
1722668400000,1722672000000,61827.89000000,61906.37000000,61618.70000000,61662.01000000,591.46276000,60,60,False
1722672000000,1722675600000,61662.02000000,61740.60000000,61480.00000000,61629.68000000,536.12938000,60,60,False
1722675600000,1722679200000,61629.68000000,61749.07000000,61457.89000000,61735.99000000,468.75911000,60,60,False
1722679200000,1722682800000,61735.98000000,61885.90000000,61668.06000000,61822.01000000,462.84734000,60,60,False
1722682800000,1722686400000,61822.01000000,62002.39000000,61785.51000000,61919.38000000,528.52742000,60,60,False
1722686400000,1722690000000,61919.38000000,62198.22000000,61847.04000000,62002.71000000,824.67931000,60,60,False
1722690000000,1722693600000,62002.71000000,62040.01000000,61844.49000000,62007.99000000,483.17523000,60,60,False
1722693600000,1722697200000,62007.99000000,62173.01000000,61900.00000000,61990.00000000,522.43205000,60,60,False
1722697200000,1722700800000,61990.00000000,62088.38000000,60833.33000000,60879.00000000,1851.06340000,60,60,False
1722700800000,1722704400000,60879.01000000,61288.00000000,60387.00000000,60912.01000000,3779.61996000,60,60,False
1722704400000,1722708000000,60912.01000000,61015.50000000,60450.00000000,60576.00000000,1471.63779000,60,60,False
1722708000000,1722711600000,60575.99000000,60840.00000000,60174.54000000,60243.97000000,1887.75774000,60,60,False
1722711600000,1722715200000,60243.97000000,60628.24000000,59920.00000000,60246.00000000,2092.03786000,60,60,False
1722715200000,1722718800000,60246.01000000,60716.64000000,60158.00000000,60395.97000000,965.52159000,60,60,False
1722718800000,1722722400000,60395.97000000,60849.93000000,59850.00000000,60648.00000000,1578.50839000,60,60,False
1722722400000,1722726000000,60648.00000000,60765.00000000,60370.67000000,60629.84000000,597.64878000,60,60,False
1722726000000,1722729600000,60629.85000000,60830.00000000,60380.00000000,60697.99000000,899.26063000,60,60,False
1722729600000,1722733200000,60697.99000000,60814.16000000,60597.32000000,60747.00000000,612.35285000,60,60,False
1722733200000,1722736800000,60747.00000000,60774.02000000,60320.00000000,60743.58000000,550.52464000,60,60,False
1722736800000,1722740400000,60743.57000000,61117.63000000,60714.29000000,60886.95000000,879.07402000,60,60,False
1722740400000,1722744000000,60886.96000000,60902.36000000,60692.00000000,60735.00000000,460.77491000,60,60,False
1722744000000,1722747600000,60735.00000000,60792.47000000,60546.67000000,60564.12000000,399.81815000,60,60,False
1722747600000,1722751200000,60564.12000000,60938.54000000,60542.50000000,60792.00000000,468.34097000,60,60,False
1722751200000,1722754800000,60792.00000000,60871.50000000,60714.60000000,60819.61000000,284.28564000,60,60,False
1722754800000,1722758400000,60819.60000000,60830.00000000,60260.00000000,60373.99000000,819.82285000,60,60,False
1722758400000,1722762000000,60374.00000000,60666.00000000,60081.57000000,60565.41000000,862.41634000,60,60,False
1722762000000,1722765600000,60566.00000000,60740.00000000,60504.00000000,60708.00000000,332.05825000,60,60,False
1722765600000,1722769200000,60708.00000000,60828.70000000,60529.08000000,60812.01000000,494.27022000,60,60,False
1722769200000,1722772800000,60812.01000000,61000.00000000,60779.00000000,60896.00000000,491.41428000,60,60,False
1722772800000,1722776400000,60896.00000000,61097.55000000,60800.00000000,61062.00000000,451.93334000,60,60,False
1722776400000,1722780000000,61062.00000000,61089.36000000,60822.00000000,60822.01000000,429.99502000,60,60,False
1722780000000,1722783600000,60822.01000000,60876.00000000,59317.00000000,59586.70000000,3573.41697000,60,60,False
1722783600000,1722787200000,59586.69000000,59600.00000000,58960.00000000,59086.01000000,2940.33636000,60,60,False
1722787200000,1722790800000,59086.01000000,59314.57000000,58621.00000000,58663.90000000,2156.62874000,60,60,False
1722790800000,1722794400000,58663.90000000,58750.00000000,57122.77000000,57864.43000000,5593.91789000,60,60,False
1722794400000,1722798000000,57864.43000000,58930.58000000,57748.85000000,58770.60000000,2855.09279000,60,60,False
1722798000000,1722801600000,58770.60000000,59497.21000000,58530.80000000,59257.66000000,2334.95061000,60,60,False
1722801600000,1722805200000,59257.67000000,59583.00000000,58850.39000000,59158.00000000,1086.95356000,60,60,False
1722805200000,1722808800000,59158.01000000,59163.52000000,58357.15000000,58459.98000000,1164.75251000,60,60,False
1722808800000,1722812400000,58459.98000000,59133.33000000,58392.21000000,58715.83000000,1092.08800000,60,60,False
1722812400000,1722816000000,58715.83000000,58762.01000000,58001.81000000,58161.00000000,1281.30112000,60,60,False
1722816000000,1722819600000,58161.00000000,58305.59000000,55701.00000000,56174.02000000,6366.26136000,60,60,False
1722819600000,1722823200000,56174.01000000,56294.00000000,52300.17000000,54432.65000000,18291.93944000,60,60,False
1722823200000,1722826800000,54432.65000000,54720.00000000,53600.00000000,54697.98000000,7647.89590000,60,60,False
1722826800000,1722830400000,54697.98000000,54713.99000000,53797.14000000,53890.87000000,3830.36560000,60,60,False
1722830400000,1722834000000,53890.87000000,54576.71000000,53394.01000000,53528.01000000,4506.48269000,60,60,False
1722834000000,1722837600000,53526.01000000,53856.05000000,52300.00000000,52718.00000000,9486.11842000,60,60,False
1722837600000,1722841200000,52717.99000000,52994.28000000,49000.00000000,51588.00000000,20888.72287000,60,60,False
1722841200000,1722844800000,51588.00000000,53088.22000000,51356.02000000,52674.19000000,8503.60672000,60,60,False
1722844800000,1722848400000,52674.20000000,53218.37000000,52288.00000000,52752.00000000,5272.69477000,60,60,False
1722848400000,1722852000000,52752.00000000,52935.63000000,51750.01000000,52667.80000000,3568.47028000,60,60,False
1722852000000,1722855600000,52667.80000000,52667.80000000,50671.66000000,51386.00000000,5666.36487000,60,60,False
1722855600000,1722859200000,51384.00000000,51899.99000000,50633.47000000,51340.00000000,4715.94005000,60,60,False
1722859200000,1722862800000,51340.00000000,51542.00000000,49542.83000000,49804.00000000,10310.06291000,60,60,False
1722862800000,1722866400000,49804.01000000,52534.09000000,49599.90000000,51951.00000000,11920.84778000,60,60,False
1722866400000,1722870000000,51951.01000000,54516.01000000,51951.01000000,54061.68000000,11347.47221000,60,60,False
1722870000000,1722873600000,54061.67000000,54980.00000000,53500.00000000,54321.09000000,6182.10967000,60,60,False
1722873600000,1722877200000,54321.08000000,55600.00000000,54034.00000000,54039.11000000,5846.92743000,60,60,False
1722877200000,1722880800000,54039.11000000,55068.42000000,53767.48000000,54707.99000000,3352.59724000,60,60,False
1722880800000,1722884400000,54708.00000000,54717.14000000,53000.00000000,53096.84000000,3324.36066000,60,60,False
1722884400000,1722888000000,53096.85000000,53601.00000000,52555.00000000,53470.09000000,3753.87523000,60,60,False
1722888000000,1722891600000,53470.08000000,54404.00000000,53462.00000000,54393.85000000,2144.05024000,60,60,False
1722891600000,1722895200000,54393.85000000,55200.00000000,54272.00000000,54372.01000000,1946.64283000,60,60,False
1722895200000,1722898800000,54372.00000000,54971.00000000,54206.09000000,54695.87000000,1482.40313000,60,60,False
1722898800000,1722902400000,54695.87000000,55082.00000000,53876.47000000,54018.81000000,1709.37956000,60,60,False
1722902400000,1722906000000,54018.82000000,56064.21000000,53950.00000000,56038.00000000,4020.21665000,60,60,False
1722906000000,1722909600000,56037.99000000,56276.00000000,55436.00000000,55723.98000000,2935.50989000,60,60,False
1722909600000,1722913200000,55723.99000000,56064.00000000,55628.44000000,55845.44000000,2144.92755000,60,60,False
1722913200000,1722916800000,55845.44000000,55888.00000000,55471.50000000,55665.73000000,1405.99110000,60,60,False
1722916800000,1722920400000,55665.73000000,55760.00000000,55255.00000000,55493.98000000,1633.25285000,60,60,False
1722920400000,1722924000000,55493.97000000,55999.00000000,55257.82000000,55925.97000000,1722.28213000,60,60,False
1722924000000,1722927600000,55925.96000000,56050.00000000,55535.69000000,55782.00000000,2232.18355000,60,60,False
1722927600000,1722931200000,55782.00000000,56169.48000000,55458.00000000,55999.99000000,2142.87168000,60,60,False
1722931200000,1722934800000,55998.02000000,56122.00000000,54600.01000000,54992.00000000,3660.95326000,60,60,False
1722934800000,1722938400000,54992.01000000,55309.54000000,54602.21000000,55211.99000000,2763.88727000,60,60,False
1722938400000,1722942000000,55211.98000000,55440.47000000,54879.25000000,55062.00000000,1473.76294000,60,60,False
1722942000000,1722945600000,55062.00000000,55400.85000000,54868.36000000,55210.01000000,1488.38598000,60,60,False
1722945600000,1722949200000,55210.00000000,55468.00000000,54677.49000000,54772.01000000,2140.16498000,60,60,False
1722949200000,1722952800000,54772.01000000,55438.03000000,54371.94000000,55204.00000000,3421.11371000,60,60,False
1722952800000,1722956400000,55203.99000000,56605.55000000,55152.00000000,56132.01000000,6015.81670000,60,60,False
1722956400000,1722960000000,56132.01000000,56429.98000000,55735.00000000,56405.99000000,2155.87056000,60,60,False
1722960000000,1722963600000,56405.99000000,56899.00000000,56234.80000000,56775.52000000,3029.81314000,60,60,False
1722963600000,1722967200000,56775.51000000,56988.83000000,56487.17000000,56494.00000000,2411.99491000,60,60,False
1722967200000,1722970800000,56492.01000000,57040.99000000,56356.00000000,56729.99000000,1969.44663000,60,60,False
1722970800000,1722974400000,56730.00000000,56878.00000000,56312.66000000,56765.48000000,1416.02875000,60,60,False
1722974400000,1722978000000,56769.98000000,56850.48000000,56172.09000000,56541.99000000,1551.33085000,60,60,False
1722978000000,1722981600000,56542.00000000,56632.00000000,56090.69000000,56458.01000000,977.63530000,60,60,False
1722981600000,1722985200000,56458.00000000,56935.56000000,55942.02000000,56200.26000000,1874.33722000,60,60,False
1722985200000,1722988800000,56200.26000000,56416.46000000,55800.00000000,56022.01000000,1296.99916000,60,60,False
1722988800000,1722992400000,56022.00000000,56375.00000000,55557.88000000,56269.99000000,1727.99543000,60,60,False
1722992400000,1722996000000,56270.00000000,57000.00000000,55782.00000000,56965.99000000,1878.60068000,60,60,False
1722996000000,1722999600000,56965.99000000,57287.99000000,56501.00000000,56762.01000000,2274.53901000,60,60,False
1722999600000,1723003200000,56762.01000000,56980.62000000,56590.00000000,56862.00000000,875.41298000,60,60,False
1723003200000,1723006800000,56862.01000000,57250.00000000,56750.00000000,57048.02000000,1671.15949000,60,60,False
1723006800000,1723010400000,57048.02000000,57246.23000000,56704.00000000,56796.01000000,1465.85788000,60,60,False
1723010400000,1723014000000,56796.01000000,56996.00000000,56692.39000000,56838.57000000,1094.48522000,60,60,False
1723014000000,1723017600000,56838.58000000,57091.57000000,56544.70000000,56920.91000000,1215.73729000,60,60,False
1723017600000,1723021200000,56920.91000000,57448.90000000,56871.44000000,57348.00000000,1496.95967000,60,60,False
1723021200000,1723024800000,57348.00000000,57669.00000000,57170.90000000,57350.01000000,2015.58278000,60,60,False
1723024800000,1723028400000,57350.01000000,57736.05000000,57255.10000000,57323.00000000,1172.75864000,60,60,False
1723028400000,1723032000000,57322.99000000,57372.01000000,56870.39000000,56963.38000000,1916.02762000,60,60,False
1723032000000,1723035600000,56963.39000000,57341.38000000,56812.00000000,57292.00000000,1773.60438000,60,60,False
1723035600000,1723039200000,57292.00000000,57479.60000000,56710.50000000,56834.00000000,2150.98919000,60,60,False
1723039200000,1723042800000,56832.06000000,56988.00000000,55650.00000000,56085.83000000,4134.20562000,60,60,False
1723042800000,1723046400000,56085.83000000,56400.00000000,55768.50000000,56094.50000000,1946.88224000,60,60,False
1723046400000,1723050000000,56094.51000000,56290.42000000,55800.03000000,56125.47000000,1771.89960000,60,60,False
1723050000000,1723053600000,56125.48000000,56300.00000000,55435.00000000,55570.59000000,2350.11275000,60,60,False
1723053600000,1723057200000,55570.59000000,55623.48000000,54676.35000000,54805.01000000,3462.66481000,60,60,False
1723057200000,1723060800000,54805.01000000,55152.15000000,54682.36000000,54759.22000000,1821.81006000,60,60,False
1723060800000,1723064400000,54760.97000000,55297.46000000,54643.02000000,55141.31000000,2085.03326000,60,60,False
1723064400000,1723068000000,55141.31000000,55566.24000000,54868.95000000,55416.00000000,1363.98910000,60,60,False
1723068000000,1723071600000,55416.00000000,55464.32000000,54558.62000000,55284.01000000,1743.64068000,60,60,False
1723071600000,1723075200000,55284.00000000,55434.57000000,54926.97000000,55134.16000000,859.42846000,60,60,False
1723075200000,1723078800000,55133.76000000,55370.07000000,54730.00000000,55300.00000000,1305.09221000,60,60,False
1723078800000,1723082400000,55300.00000000,57381.36000000,55270.35000000,56868.00000000,4003.00881000,60,60,False
1723082400000,1723086000000,56868.00000000,57636.36000000,56822.00000000,57364.00000000,2063.72332000,60,60,False
1723086000000,1723089600000,57364.00000000,57636.35000000,57046.00000000,57049.74000000,1275.97754000,60,60,False
1723089600000,1723093200000,57049.74000000,57234.11000000,56670.47000000,56765.34000000,1051.42972000,60,60,False
1723093200000,1723096800000,56765.35000000,57019.62000000,56714.52000000,56955.62000000,695.37757000,60,60,False
1723096800000,1723100400000,56955.62000000,57352.13000000,56794.35000000,57216.00000000,851.93145000,60,60,False
1723100400000,1723104000000,57216.00000000,57434.35000000,57122.00000000,57193.49000000,1072.16338000,60,60,False
1723104000000,1723107600000,57193.48000000,57382.51000000,57100.69000000,57230.00000000,936.47776000,60,60,False
1723107600000,1723111200000,57230.00000000,57495.00000000,56978.52000000,57339.19000000,882.70365000,60,60,False
1723111200000,1723114800000,57339.20000000,57558.00000000,57197.43000000,57377.09000000,1024.38947000,60,60,False
1723114800000,1723118400000,57377.10000000,57670.04000000,57252.11000000,57320.51000000,845.35727000,60,60,False
1723118400000,1723122000000,57320.51000000,58486.02000000,57000.00000000,57924.62000000,4026.90433000,60,60,False
1723122000000,1723125600000,57924.63000000,58255.00000000,56700.00000000,57266.73000000,3143.35857000,60,60,False
1723125600000,1723129200000,57266.73000000,58998.98000000,57168.71000000,58922.25000000,3376.24767000,60,60,False
1723129200000,1723132800000,58922.25000000,59505.00000000,58640.00000000,59428.03000000,3768.91338000,60,60,False
1723132800000,1723136400000,59428.03000000,59863.00000000,59354.45000000,59568.56000000,3443.04468000,60,60,False
1723136400000,1723140000000,59568.57000000,59854.53000000,59272.21000000,59469.88000000,1207.73852000,60,60,False
1723140000000,1723143600000,59469.89000000,59696.44000000,59317.89000000,59328.09000000,781.71579000,60,60,False
1723143600000,1723147200000,59328.10000000,59819.60000000,59237.59000000,59414.51000000,1317.07769000,60,60,False
1723147200000,1723150800000,59414.52000000,59683.50000000,59297.34000000,59506.29000000,616.80621000,60,60,False
1723150800000,1723154400000,59506.30000000,61355.66000000,59500.00000000,61173.69000000,2520.68689000,60,60,False
1723154400000,1723158000000,61170.44000000,62530.00000000,60621.22000000,62332.00000000,4551.00737000,60,60,False
1723158000000,1723161600000,62332.00000000,62745.14000000,61583.22000000,61685.99000000,3588.39624000,60,60,False
1723161600000,1723165200000,61686.00000000,61744.37000000,61086.95000000,61214.00000000,2033.42760000,60,60,False
1723165200000,1723168800000,61214.01000000,61550.08000000,60720.00000000,61400.00000000,1766.56142000,60,60,False
1723168800000,1723172400000,61400.00000000,61461.03000000,61147.88000000,61235.51000000,829.95324000,60,60,False
1723172400000,1723176000000,61235.51000000,61573.27000000,61171.86000000,61358.39000000,743.62787000,60,60,False
1723176000000,1723179600000,61358.39000000,61390.70000000,60720.00000000,60720.01000000,1063.85453000,60,60,False
1723179600000,1723183200000,60720.01000000,60998.00000000,60588.63000000,60989.00000000,981.14947000,60,60,False
1723183200000,1723186800000,60988.99000000,61113.50000000,60734.87000000,60890.01000000,1032.32739000,60,60,False
1723186800000,1723190400000,60890.01000000,61225.00000000,60750.52000000,60863.57000000,1398.19774000,60,60,False
1723190400000,1723194000000,60863.58000000,61110.96000000,60600.34000000,61095.73000000,896.53055000,60,60,False
1723194000000,1723197600000,61095.73000000,61210.31000000,60718.21000000,60759.99000000,852.39900000,60,60,False
1723197600000,1723201200000,60760.00000000,60847.99000000,60170.16000000,60600.01000000,1726.08072000,60,60,False
1723201200000,1723204800000,60600.01000000,60797.75000000,60362.29000000,60655.24000000,763.44060000,60,60,False
1723204800000,1723208400000,60655.25000000,60800.00000000,60236.00000000,60551.99000000,922.51907000,60,60,False
1723208400000,1723212000000,60551.99000000,60757.83000000,59800.00000000,60450.01000000,2863.87359000,60,60,False
1723212000000,1723215600000,60450.02000000,61115.11000000,59535.00000000,60341.07000000,3519.45144000,60,60,False
1723215600000,1723219200000,60346.98000000,60587.24000000,59800.00000000,59810.23000000,1450.52956000,60,60,False
1723219200000,1723222800000,59810.24000000,60450.00000000,59700.00000000,60432.65000000,1358.31729000,60,60,False
1723222800000,1723226400000,60432.65000000,60747.53000000,60153.01000000,60197.50000000,1038.11949000,60,60,False
1723226400000,1723230000000,60197.50000000,60368.42000000,59835.38000000,60314.23000000,780.72783000,60,60,False
1723230000000,1723233600000,60314.23000000,60750.00000000,60116.00000000,60681.42000000,617.44285000,60,60,False
1723233600000,1723237200000,60681.79000000,60986.03000000,60526.66000000,60745.96000000,669.71140000,60,60,False
1723237200000,1723240800000,60745.96000000,60866.65000000,59909.16000000,60732.01000000,1565.30947000,60,60,False
1723240800000,1723244400000,60732.00000000,60985.00000000,60289.53000000,60763.58000000,1477.45761000,60,60,False
1723244400000,1723248000000,60763.59000000,60927.95000000,60348.74000000,60837.99000000,621.47044000,60,60,False
1723248000000,1723251600000,60837.99000000,61470.58000000,60495.56000000,60541.92000000,1556.31119000,60,60,False
1723251600000,1723255200000,60541.91000000,60963.00000000,60459.00000000,60464.00000000,563.14449000,60,60,False
1723255200000,1723258800000,60464.01000000,60723.18000000,60287.51000000,60536.25000000,368.11379000,60,60,False
1723258800000,1723262400000,60536.25000000,60536.25000000,60266.03000000,60437.84000000,378.50579000,60,60,False
1723262400000,1723266000000,60437.85000000,60440.01000000,60242.00000000,60413.49000000,280.85729000,60,60,False
1723266000000,1723269600000,60413.50000000,60469.50000000,60330.32000000,60355.46000000,206.02393000,60,60,False
1723269600000,1723273200000,60355.46000000,60510.54000000,60330.00000000,60458.00000000,233.86317000,60,60,False
1723273200000,1723276800000,60458.01000000,60851.91000000,60458.01000000,60842.00000000,431.74440000,60,60,False
1723276800000,1723280400000,60842.01000000,60900.43000000,60601.96000000,60733.58000000,418.89183000,60,60,False
1723280400000,1723284000000,60733.59000000,61116.65000000,60733.58000000,60896.50000000,553.67133000,60,60,False
1723284000000,1723287600000,60896.50000000,61010.52000000,60646.00000000,60788.01000000,359.54332000,60,60,False
1723287600000,1723291200000,60788.01000000,61008.00000000,60757.62000000,60920.88000000,286.13876000,60,60,False
1723291200000,1723294800000,60920.88000000,60949.99000000,60717.03000000,60722.81000000,269.99280000,60,60,False
1723294800000,1723298400000,60722.82000000,60744.00000000,60425.00000000,60431.56000000,497.16695000,60,60,False
1723298400000,1723302000000,60431.57000000,60676.55000000,60400.00000000,60585.38000000,273.35051000,60,60,False
1723302000000,1723305600000,60585.39000000,60750.00000000,60504.11000000,60515.89000000,488.96677000,60,60,False
1723305600000,1723309200000,60515.90000000,60709.99000000,60400.00000000,60672.59000000,446.95026000,60,60,False
1723309200000,1723312800000,60672.59000000,60860.92000000,60549.31000000,60767.80000000,313.43030000,60,60,False
1723312800000,1723316400000,60767.81000000,61196.63000000,60735.28000000,60953.38000000,775.52259000,60,60,False
1723316400000,1723320000000,60954.00000000,61140.00000000,60840.57000000,61016.45000000,253.54530000,60,60,False
1723320000000,1723323600000,61016.44000000,61108.74000000,60902.07000000,60986.19000000,309.43002000,60,60,False
1723323600000,1723327200000,60986.19000000,61160.00000000,60966.00000000,61075.99000000,298.59789000,60,60,False
1723327200000,1723330800000,61076.00000000,61076.00000000,60884.89000000,60930.27000000,189.99957000,60,60,False
1723330800000,1723334400000,60930.27000000,60940.72000000,60757.39000000,60923.51000000,241.44396000,60,60,False
1723334400000,1723338000000,60923.51000000,61243.99000000,60892.00000000,61095.15000000,435.48691000,60,60,False
1723338000000,1723341600000,61095.16000000,61160.91000000,60949.27000000,61112.10000000,181.78631000,60,60,False
1723341600000,1723345200000,61112.11000000,61133.72000000,60977.95000000,61026.78000000,181.28199000,60,60,False
1723345200000,1723348800000,61026.77000000,61382.73000000,61023.99000000,61085.01000000,598.83815000,60,60,False
1723348800000,1723352400000,61085.01000000,61145.82000000,60881.36000000,60895.99000000,365.86583000,60,60,False
1723352400000,1723356000000,60895.99000000,61150.00000000,60882.04000000,61114.29000000,215.58465000,60,60,False
1723356000000,1723359600000,61114.29000000,61163.90000000,61013.49000000,61120.01000000,214.18786000,60,60,False
1723359600000,1723363200000,61120.01000000,61271.43000000,61092.85000000,61257.00000000,418.10258000,60,60,False
1723363200000,1723366800000,61257.00000000,61426.97000000,61158.00000000,61260.42000000,456.03453000,60,60,False
1723366800000,1723370400000,61260.43000000,61858.00000000,61001.01000000,61110.00000000,1468.80283000,60,60,False
1723370400000,1723374000000,61110.00000000,61263.14000000,60946.11000000,61037.63000000,453.80554000,60,60,False
1723374000000,1723377600000,61037.64000000,61063.02000000,60425.00000000,60669.15000000,1157.15861000,60,60,False
1723377600000,1723381200000,60669.14000000,60700.00000000,60228.21000000,60492.09000000,749.08490000,60,60,False
1723381200000,1723384800000,60492.10000000,60640.94000000,60167.22000000,60457.54000000,848.62677000,60,60,False
1723384800000,1723388400000,60457.54000000,60761.09000000,60200.00000000,60350.00000000,1217.30715000,60,60,False
1723388400000,1723392000000,60350.00000000,60431.58000000,59941.00000000,60127.29000000,1191.69278000,60,60,False
1723392000000,1723395600000,60127.29000000,60288.01000000,59986.00000000,60182.20000000,520.32464000,60,60,False
1723395600000,1723399200000,60182.20000000,60350.00000000,60015.38000000,60265.07000000,578.88609000,60,60,False
1723399200000,1723402800000,60265.07000000,60345.88000000,60117.06000000,60263.11000000,309.49821000,60,60,False
1723402800000,1723406400000,60263.11000000,60274.94000000,59542.57000000,59621.11000000,1189.87128000,60,60,False
1723406400000,1723410000000,59621.11000000,59674.38000000,58286.73000000,58504.92000000,3007.44807000,60,60,False
1723410000000,1723413600000,58504.91000000,59087.00000000,58317.00000000,59009.80000000,1293.05151000,60,60,False
1723413600000,1723417200000,59009.79000000,59349.04000000,58525.08000000,58996.00000000,1493.92484000,60,60,False
1723417200000,1723420800000,58996.01000000,59021.66000000,58700.01000000,58712.59000000,643.19309000,60,60,False
1723420800000,1723424400000,58712.59000000,59088.33000000,58100.06000000,58450.00000000,1616.54316000,60,60,False
1723424400000,1723428000000,58450.01000000,58798.69000000,58278.46000000,58584.01000000,1026.68937000,60,60,False
1723428000000,1723431600000,58584.02000000,58760.45000000,58310.00000000,58717.25000000,814.94993000,60,60,False
1723431600000,1723435200000,58717.24000000,58818.78000000,58443.76000000,58509.50000000,637.80901000,60,60,False
1723435200000,1723438800000,58509.50000000,58680.00000000,58363.08000000,58523.83000000,506.04350000,60,60,False
1723438800000,1723442400000,58523.83000000,58693.02000000,58400.00000000,58571.57000000,563.38187000,60,60,False
1723442400000,1723446000000,58571.57000000,58638.00000000,58124.15000000,58403.76000000,885.13655000,60,60,False
1723446000000,1723449600000,58403.76000000,58984.85000000,57642.21000000,58674.61000000,2546.67432000,60,60,False
1723449600000,1723453200000,58674.62000000,59025.66000000,58240.51000000,58317.43000000,1398.97397000,60,60,False
1723453200000,1723456800000,58317.43000000,58636.36000000,58163.01000000,58296.67000000,1062.50945000,60,60,False
1723456800000,1723460400000,58296.68000000,58994.98000000,58125.75000000,58969.60000000,1221.94893000,60,60,False
1723460400000,1723464000000,58969.60000000,59990.00000000,58881.01000000,59851.70000000,2920.53333000,60,60,False
1723464000000,1723467600000,59851.71000000,59942.69000000,59518.26000000,59728.23000000,1246.54844000,60,60,False
1723467600000,1723471200000,59728.24000000,59876.90000000,58000.00000000,58157.55000000,2828.61707000,60,60,False
1723471200000,1723474800000,58157.55000000,60711.09000000,57800.00000000,60299.98000000,5156.24546000,60,60,False
1723474800000,1723478400000,60299.99000000,60510.20000000,59230.00000000,60207.37000000,2847.64813000,60,60,False
1723478400000,1723482000000,60207.38000000,60420.34000000,59555.56000000,59608.06000000,1522.45273000,60,60,False
1723482000000,1723485600000,59608.07000000,59919.69000000,59255.83000000,59296.11000000,1335.69510000,60,60,False
1723485600000,1723489200000,59296.12000000,59490.00000000,58440.54000000,58526.78000000,1497.27827000,60,60,False
1723489200000,1723492800000,58527.91000000,59300.88000000,58527.91000000,59043.98000000,1285.57015000,60,60,False
1723492800000,1723496400000,59043.99000000,59389.48000000,58723.58000000,58841.96000000,1387.47948000,60,60,False
1723496400000,1723500000000,58841.96000000,59223.47000000,58555.26000000,58969.44000000,1063.92021000,60,60,False
1723500000000,1723503600000,58969.45000000,59258.73000000,58849.44000000,59051.68000000,624.69274000,60,60,False
1723503600000,1723507200000,59051.67000000,59745.99000000,59024.01000000,59346.64000000,1012.57626000,60,60,False
1723507200000,1723510800000,59346.64000000,59890.62000000,59275.86000000,59798.17000000,1038.08536000,60,60,False
1723510800000,1723514400000,59798.18000000,59923.28000000,59466.34000000,59740.00000000,684.04808000,60,60,False
1723514400000,1723518000000,59740.00000000,59782.71000000,59269.85000000,59481.99000000,891.59566000,60,60,False
1723518000000,1723521600000,59482.00000000,59520.00000000,58846.95000000,59040.00000000,1691.63708000,60,60,False
1723521600000,1723525200000,59040.00000000,59250.00000000,58830.23000000,59219.99000000,623.38342000,60,60,False
1723525200000,1723528800000,59219.99000000,59359.99000000,59104.61000000,59211.99000000,355.46625000,60,60,False
1723528800000,1723532400000,59212.00000000,59476.00000000,58947.75000000,59368.00000000,709.80360000,60,60,False
1723532400000,1723536000000,59367.99000000,59457.34000000,59059.82000000,59238.05000000,892.07753000,60,60,False
1723536000000,1723539600000,59238.05000000,59331.99000000,58919.86000000,59099.98000000,830.40486000,60,60,False
1723539600000,1723543200000,59099.99000000,59103.99000000,58700.75000000,58946.01000000,1036.08791000,60,60,False
1723543200000,1723546800000,58946.01000000,58969.44000000,58392.88000000,58672.10000000,1000.16405000,60,60,False
1723546800000,1723550400000,58672.09000000,58904.00000000,58563.99000000,58830.00000000,509.25128000,60,60,False
1723550400000,1723554000000,58830.01000000,59190.00000000,58709.57000000,59124.00000000,1412.37442000,60,60,False
1723554000000,1723557600000,59124.00000000,59427.74000000,58819.30000000,59395.25000000,1623.46914000,60,60,False
1723557600000,1723561200000,59395.25000000,59776.70000000,58996.81000000,59643.63000000,1801.20013000,60,60,False
1723561200000,1723564800000,59643.63000000,59729.84000000,59352.36000000,59472.26000000,849.07557000,60,60,False
1723564800000,1723568400000,59472.25000000,61171.86000000,59446.22000000,61157.59000000,3358.11036000,60,60,False
1723568400000,1723572000000,61157.60000000,61578.10000000,60904.84000000,61167.58000000,2978.69513000,60,60,False
1723572000000,1723575600000,61167.58000000,61214.95000000,60761.91000000,60795.41000000,1316.92837000,60,60,False
1723575600000,1723579200000,60795.40000000,60969.39000000,60243.77000000,60820.15000000,1688.73237000,60,60,False
1723579200000,1723582800000,60820.16000000,60975.00000000,60566.37000000,60569.14000000,649.17304000,60,60,False
1723582800000,1723586400000,60569.15000000,61138.87000000,60505.98000000,61030.03000000,693.13710000,60,60,False
1723586400000,1723590000000,61030.04000000,61065.46000000,60455.00000000,60585.14000000,829.87139000,60,60,False
1723590000000,1723593600000,60585.14000000,60611.94000000,60389.75000000,60587.15000000,396.18641000,60,60,False
1723593600000,1723597200000,60587.16000000,60855.27000000,60425.01000000,60786.85000000,538.59458000,60,60,False
1723597200000,1723600800000,60786.85000000,60826.24000000,60520.40000000,60520.40000000,532.10853000,60,60,False
1723600800000,1723604400000,60520.41000000,60842.00000000,60487.89000000,60805.49000000,456.59945000,60,60,False
1723604400000,1723608000000,60805.50000000,61302.88000000,60805.49000000,60952.83000000,844.47854000,60,60,False
1723608000000,1723611600000,60952.83000000,61162.20000000,60895.02000000,60943.51000000,595.37832000,60,60,False
1723611600000,1723615200000,60943.52000000,61087.98000000,60796.00000000,60834.64000000,370.78279000,60,60,False
1723615200000,1723618800000,60834.64000000,60913.68000000,60637.30000000,60861.50000000,580.39760000,60,60,False
1723618800000,1723622400000,60861.50000000,60940.00000000,60700.00000000,60914.02000000,273.53209000,60,60,False
1723622400000,1723626000000,60914.02000000,60931.46000000,60640.40000000,60896.00000000,633.08007000,60,60,False
1723626000000,1723629600000,60896.00000000,60980.01000000,60818.99000000,60857.21000000,726.23432000,60,60,False
1723629600000,1723633200000,60856.85000000,61325.32000000,60839.00000000,61100.00000000,1109.73240000,60,60,False
1723633200000,1723636800000,61100.00000000,61453.00000000,60891.56000000,61296.87000000,1006.62214000,60,60,False
1723636800000,1723640400000,61296.88000000,61800.00000000,60846.53000000,61064.53000000,3076.76024000,60,60,False
1723640400000,1723644000000,61064.52000000,61171.14000000,59473.36000000,59611.92000000,3404.21123000,60,60,False
1723644000000,1723647600000,59611.93000000,59621.94000000,58823.52000000,59502.67000000,4124.81255000,60,60,False
1723647600000,1723651200000,59502.67000000,59841.73000000,58903.01000000,59435.69000000,2893.21630000,60,60,False
1723651200000,1723654800000,59435.69000000,59451.53000000,58615.06000000,59131.99000000,2045.95643000,60,60,False
1723654800000,1723658400000,59131.99000000,59379.51000000,59039.47000000,59168.36000000,1043.58426000,60,60,False
1723658400000,1723662000000,59168.37000000,59462.61000000,58809.00000000,58990.05000000,1024.74483000,60,60,False
1723662000000,1723665600000,58990.04000000,59120.09000000,58710.02000000,58891.13000000,810.39795000,60,60,False
1723665600000,1723669200000,58891.13000000,59183.99000000,58880.51000000,59149.16000000,513.16696000,60,60,False
1723669200000,1723672800000,59149.15000000,59156.00000000,58869.74000000,58913.56000000,404.08382000,60,60,False
1723672800000,1723676400000,58913.57000000,59011.49000000,58433.18000000,58986.00000000,948.67809000,60,60,False
1723676400000,1723680000000,58985.99000000,59022.50000000,58673.81000000,58683.39000000,465.60977000,60,60,False
1723680000000,1723683600000,58683.39000000,59040.89000000,58678.00000000,58993.99000000,652.16711000,60,60,False
1723683600000,1723687200000,58994.00000000,59044.44000000,58135.20000000,58204.93000000,1384.77004000,60,60,False
1723687200000,1723690800000,58204.93000000,58562.61000000,58010.00000000,58412.25000000,2459.79333000,60,60,False
1723690800000,1723694400000,58412.75000000,58494.74000000,58350.00000000,58442.98000000,503.56200000,60,60,False
1723694400000,1723698000000,58442.99000000,58471.00000000,58160.00000000,58388.71000000,687.66513000,60,60,False
1723698000000,1723701600000,58388.72000000,58639.00000000,58188.29000000,58315.01000000,747.54161000,60,60,False
1723701600000,1723705200000,58315.01000000,58390.00000000,57847.32000000,58101.44000000,1550.94234000,60,60,False
1723705200000,1723708800000,58101.44000000,58149.00000000,57713.88000000,58060.37000000,1156.56805000,60,60,False
1723708800000,1723712400000,58060.36000000,58390.21000000,57964.85000000,58378.30000000,1024.07628000,60,60,False
1723712400000,1723716000000,58378.30000000,58551.87000000,58305.14000000,58412.64000000,864.04001000,60,60,False
1723716000000,1723719600000,58412.64000000,58543.25000000,58298.60000000,58361.90000000,620.74430000,60,60,False
1723719600000,1723723200000,58361.90000000,58872.85000000,58354.53000000,58745.36000000,836.78188000,60,60,False
1723723200000,1723726800000,58745.36000000,59387.11000000,58607.86000000,58800.26000000,2158.36080000,60,60,False
1723726800000,1723730400000,58800.26000000,59477.00000000,58532.42000000,59451.34000000,1905.33986000,60,60,False
1723730400000,1723734000000,59451.33000000,59743.13000000,59210.48000000,59416.35000000,2073.10429000,60,60,False
1723734000000,1723737600000,59416.36000000,59787.37000000,59261.61000000,59682.84000000,1586.27247000,60,60,False
1723737600000,1723741200000,59682.85000000,59849.38000000,59428.57000000,59538.01000000,1358.43935000,60,60,False
1723741200000,1723744800000,59538.01000000,59547.96000000,58782.90000000,58875.10000000,1484.03158000,60,60,False
1723744800000,1723748400000,58875.10000000,58878.15000000,57524.56000000,57872.82000000,3577.73998000,60,60,False
1723748400000,1723752000000,57872.82000000,57963.04000000,56680.00000000,57047.46000000,4014.49421000,60,60,False
1723752000000,1723755600000,57046.34000000,57133.02000000,56078.54000000,56671.06000000,2541.61631000,60,60,False
1723755600000,1723759200000,56671.06000000,57632.34000000,56606.12000000,57622.21000000,1722.38505000,60,60,False
1723759200000,1723762800000,57622.21000000,57885.00000000,57382.90000000,57617.36000000,1824.12623000,60,60,False
1723762800000,1723766400000,57617.35000000,57824.46000000,57484.54000000,57541.06000000,951.61401000,60,60,False
1723766400000,1723770000000,57541.05000000,57673.80000000,57355.00000000,57469.99000000,1048.25626000,60,60,False
1723770000000,1723773600000,57469.99000000,57616.00000000,57098.62000000,57540.96000000,646.17641000,60,60,False
1723773600000,1723777200000,57540.97000000,58517.47000000,57336.00000000,58199.99000000,1557.25516000,60,60,False
1723777200000,1723780800000,58199.98000000,58237.31000000,57801.00000000,57890.00000000,894.93645000,60,60,False
1723780800000,1723784400000,57890.00000000,58313.16000000,57800.47000000,58309.99000000,894.61517000,60,60,False
1723784400000,1723788000000,58310.00000000,58350.45000000,58122.95000000,58196.01000000,402.70872000,60,60,False
1723788000000,1723791600000,58196.01000000,58666.77000000,58059.73000000,58527.59000000,1113.53338000,60,60,False
1723791600000,1723795200000,58528.70000000,58562.97000000,58325.10000000,58456.99000000,833.49962000,60,60,False
1723795200000,1723798800000,58456.99000000,58600.00000000,58327.99000000,58360.00000000,495.81746000,60,60,False
1723798800000,1723802400000,58360.01000000,58683.47000000,58258.52000000,58672.51000000,789.20778000,60,60,False
1723802400000,1723806000000,58672.51000000,58672.76000000,58300.00000000,58433.95000000,502.53949000,60,60,False
1723806000000,1723809600000,58433.95000000,58625.56000000,58218.71000000,58400.00000000,663.19096000,60,60,False
1723809600000,1723813200000,58400.00000000,58509.95000000,57526.31000000,57868.13000000,1989.47459000,60,60,False
1723813200000,1723816800000,57868.80000000,58915.18000000,57750.00000000,58343.66000000,3043.10126000,60,60,False
1723816800000,1723820400000,58343.65000000,58472.87000000,57861.99000000,58018.86000000,2012.59046000,60,60,False
1723820400000,1723824000000,58018.85000000,58223.04000000,57647.05000000,58071.06000000,1203.27113000,60,60,False
1723824000000,1723827600000,58071.07000000,58728.39000000,58000.00000000,58563.18000000,1350.36722000,60,60,False
1723827600000,1723831200000,58563.18000000,59360.23000000,58385.13000000,59215.85000000,1703.01485000,60,60,False
1723831200000,1723834800000,59215.85000000,59570.01000000,59081.42000000,59467.00000000,2045.24539000,60,60,False
1723834800000,1723838400000,59467.01000000,59817.76000000,59410.25000000,59683.39000000,1865.31626000,60,60,False
1723838400000,1723842000000,59683.39000000,59715.69000000,59184.72000000,59257.06000000,936.40681000,60,60,False
1723842000000,1723845600000,59256.89000000,59314.91000000,58950.00000000,59023.98000000,560.59915000,60,60,False
1723845600000,1723849200000,59023.97000000,59178.21000000,58966.55000000,58966.56000000,422.90519000,60,60,False
1723849200000,1723852800000,58966.56000000,59047.21000000,58703.99000000,58874.60000000,636.81427000,60,60,False
1723852800000,1723856400000,58874.59000000,59259.90000000,58785.05000000,59187.25000000,629.17488000,60,60,False
1723856400000,1723860000000,59187.26000000,59389.18000000,59120.08000000,59248.49000000,520.90864000,60,60,False
1723860000000,1723863600000,59248.50000000,59339.72000000,59110.79000000,59146.36000000,300.25744000,60,60,False
1723863600000,1723867200000,59146.36000000,59178.00000000,59000.00000000,59158.37000000,319.61718000,60,60,False
1723867200000,1723870800000,59158.36000000,59263.47000000,59083.90000000,59216.74000000,332.94374000,60,60,False
1723870800000,1723874400000,59216.74000000,59247.03000000,59150.18000000,59163.17000000,231.18690000,60,60,False
1723874400000,1723878000000,59163.16000000,59220.20000000,59141.96000000,59158.18000000,194.96540000,60,60,False
1723878000000,1723881600000,59158.18000000,59261.21000000,59051.98000000,59248.00000000,347.74849000,60,60,False
1723881600000,1723885200000,59248.00000000,59287.85000000,59163.16000000,59279.08000000,292.68992000,60,60,False
1723885200000,1723888800000,59279.09000000,59477.16000000,59223.17000000,59326.34000000,441.96549000,60,60,False
1723888800000,1723892400000,59326.35000000,59346.33000000,59083.58000000,59106.40000000,332.29700000,60,60,False
1723892400000,1723896000000,59106.41000000,59189.43000000,59060.00000000,59137.12000000,260.05895000,60,60,False
1723896000000,1723899600000,59137.12000000,59267.79000000,59100.28000000,59230.07000000,216.65392000,60,60,False
1723899600000,1723903200000,59230.07000000,59442.89000000,59190.00000000,59324.28000000,459.60377000,60,60,False
1723903200000,1723906800000,59324.29000000,59571.99000000,59254.11000000,59535.37000000,355.43806000,60,60,False
1723906800000,1723910400000,59535.37000000,59654.90000000,59363.64000000,59388.11000000,459.16837000,60,60,False
1723910400000,1723914000000,59388.11000000,59700.00000000,59388.11000000,59610.10000000,355.94605000,60,60,False
1723914000000,1723917600000,59610.09000000,59669.95000000,59428.57000000,59428.57000000,381.31489000,60,60,False
1723917600000,1723921200000,59428.57000000,59471.18000000,59294.31000000,59417.67000000,245.57509000,60,60,False
1723921200000,1723924800000,59417.68000000,59541.93000000,59385.71000000,59473.19000000,174.17452000,60,60,False
1723924800000,1723928400000,59473.19000000,59500.00000000,59330.00000000,59397.12000000,179.64912000,60,60,False
1723928400000,1723932000000,59397.13000000,59429.79000000,59113.68000000,59303.80000000,293.07022000,60,60,False
1723932000000,1723935600000,59303.80000000,59348.38000000,59246.43000000,59314.19000000,164.32824000,60,60,False
1723935600000,1723939200000,59314.19000000,59492.00000000,59300.95000000,59491.99000000,232.99303000,60,60,False
1723939200000,1723942800000,59491.99000000,59747.77000000,59424.16000000,59678.93000000,421.67863000,60,60,False
1723942800000,1723946400000,59678.93000000,59690.99000000,59410.21000000,59435.95000000,230.17190000,60,60,False
1723946400000,1723950000000,59435.95000000,60259.01000000,59393.10000000,60126.00000000,1194.84789000,60,60,False
1723950000000,1723953600000,60125.99000000,60254.77000000,59300.00000000,59337.42000000,1003.95868000,60,60,False
1723953600000,1723957200000,59337.41000000,59499.99000000,59256.56000000,59456.00000000,496.05122000,60,60,False
1723957200000,1723960800000,59456.00000000,59698.00000000,59406.02000000,59490.00000000,429.44826000,60,60,False
1723960800000,1723964400000,59490.00000000,59623.97000000,59480.00000000,59595.99000000,227.12593000,60,60,False
1723964400000,1723968000000,59596.00000000,59678.40000000,59516.00000000,59573.39000000,368.75995000,60,60,False
1723968000000,1723971600000,59573.39000000,59717.89000000,59436.00000000,59706.02000000,341.48521000,60,60,False
1723971600000,1723975200000,59706.01000000,60125.99000000,59651.68000000,59880.00000000,625.30681000,60,60,False
1723975200000,1723978800000,59880.01000000,60200.00000000,59826.31000000,59870.73000000,1134.85926000,60,60,False
1723978800000,1723982400000,59870.72000000,60033.34000000,59759.04000000,60024.01000000,455.21640000,60,60,False
1723982400000,1723986000000,60024.00000000,60284.99000000,59892.98000000,59969.55000000,792.74575000,60,60,False
1723986000000,1723989600000,59969.56000000,60227.71000000,59826.31000000,59828.00000000,516.38036000,60,60,False
1723989600000,1723993200000,59828.01000000,59971.14000000,59669.85000000,59806.01000000,645.58452000,60,60,False
1723993200000,1723996800000,59806.00000000,59931.51000000,59700.67000000,59863.99000000,274.37716000,60,60,False
1723996800000,1724000400000,59863.99000000,59945.83000000,59766.30000000,59840.45000000,242.12455000,60,60,False
1724000400000,1724004000000,59840.45000000,59858.05000000,59377.14000000,59527.58000000,647.11206000,60,60,False
1724004000000,1724007600000,59527.58000000,59623.97000000,59468.19000000,59602.17000000,286.59077000,60,60,False
1724007600000,1724011200000,59602.18000000,59756.00000000,59511.79000000,59708.38000000,235.22316000,60,60,False
1724011200000,1724014800000,59708.38000000,59869.77000000,59682.63000000,59814.53000000,270.88956000,60,60,False
1724014800000,1724018400000,59814.53000000,59814.53000000,59311.14000000,59439.33000000,464.86074000,60,60,False
1724018400000,1724022000000,59439.33000000,59577.88000000,59350.00000000,59350.00000000,315.50332000,60,60,False
1724022000000,1724025600000,59350.00000000,59407.61000000,58408.92000000,58427.35000000,2014.55508000,60,60,False
1724025600000,1724029200000,58427.35000000,58710.00000000,58210.03000000,58346.03000000,2258.26711000,60,60,False
1724029200000,1724032800000,58346.03000000,58630.00000000,58216.33000000,58564.00000000,1674.85658000,60,60,False
1724032800000,1724036400000,58564.00000000,58748.00000000,58427.07000000,58670.51000000,571.95643000,60,60,False
1724036400000,1724040000000,58670.51000000,58763.83000000,58561.87000000,58736.85000000,481.87935000,60,60,False
1724040000000,1724043600000,58736.85000000,58746.00000000,58450.00000000,58582.00000000,446.59763000,60,60,False
1724043600000,1724047200000,58581.99000000,58612.00000000,58359.50000000,58475.18000000,597.59200000,60,60,False
1724047200000,1724050800000,58475.19000000,58660.84000000,58388.85000000,58570.00000000,470.28750000,60,60,False
1724050800000,1724054400000,58570.00000000,58745.82000000,58500.00000000,58502.19000000,563.15490000,60,60,False
1724054400000,1724058000000,58502.19000000,58660.85000000,58403.16000000,58608.27000000,555.99622000,60,60,False
1724058000000,1724061600000,58608.28000000,58671.38000000,57965.60000000,58006.59000000,1680.68671000,60,60,False
1724061600000,1724065200000,58006.60000000,58199.28000000,57787.30000000,58046.01000000,1538.43823000,60,60,False
1724065200000,1724068800000,58046.01000000,58520.21000000,57984.18000000,58396.95000000,968.93626000,60,60,False
1724068800000,1724072400000,58396.94000000,58520.13000000,58264.00000000,58412.00000000,536.51605000,60,60,False
1724072400000,1724076000000,58412.01000000,58970.00000000,58029.77000000,58199.99000000,2044.11579000,60,60,False
1724076000000,1724079600000,58200.00000000,58633.34000000,58075.49000000,58617.42000000,1293.04771000,60,60,False
1724079600000,1724083200000,58617.42000000,58777.00000000,58510.01000000,58539.24000000,754.64022000,60,60,False
1724083200000,1724086800000,58539.25000000,58716.11000000,58380.00000000,58705.99000000,651.87865000,60,60,False
1724086800000,1724090400000,58706.00000000,59290.00000000,58555.92000000,59021.61000000,1384.41843000,60,60,False
1724090400000,1724094000000,59021.61000000,59235.93000000,58732.00000000,59011.99000000,654.64785000,60,60,False
1724094000000,1724097600000,59012.00000000,59130.83000000,58873.87000000,58967.53000000,478.53320000,60,60,False
1724097600000,1724101200000,58967.54000000,59342.11000000,58914.00000000,59080.01000000,682.11094000,60,60,False
1724101200000,1724104800000,59080.02000000,59242.74000000,58967.53000000,58967.54000000,596.81780000,60,60,False
1724104800000,1724108400000,58967.54000000,59280.01000000,58967.54000000,59241.00000000,549.13208000,60,60,False
1724108400000,1724112000000,59240.99000000,59617.63000000,59089.95000000,59438.50000000,1374.80487000,60,60,False
1724112000000,1724115600000,59438.50000000,60643.51000000,59363.31000000,60482.78000000,3181.00267000,60,60,False
1724115600000,1724119200000,60482.77000000,60910.55000000,60378.02000000,60446.03000000,1770.45828000,60,60,False
1724119200000,1724122800000,60446.04000000,60552.64000000,60336.97000000,60528.83000000,792.76049000,60,60,False
1724122800000,1724126400000,60528.84000000,60619.19000000,60422.37000000,60619.18000000,648.12493000,60,60,False
1724126400000,1724130000000,60619.19000000,61000.00000000,60576.06000000,60865.61000000,1772.25079000,60,60,False
1724130000000,1724133600000,60865.61000000,61400.00000000,60860.01000000,61119.99000000,1810.14308000,60,60,False
1724133600000,1724137200000,61120.00000000,61144.02000000,60938.00000000,60960.84000000,799.15334000,60,60,False
1724137200000,1724140800000,60960.84000000,61020.74000000,60799.81000000,60924.33000000,894.38912000,60,60,False
1724140800000,1724144400000,60924.33000000,60947.40000000,60679.36000000,60765.13000000,998.77224000,60,60,False
1724144400000,1724148000000,60765.14000000,60975.00000000,60752.30000000,60856.04000000,630.87196000,60,60,False
1724148000000,1724151600000,60856.04000000,60878.01000000,60668.30000000,60716.01000000,492.57450000,60,60,False
1724151600000,1724155200000,60716.01000000,60734.91000000,60401.90000000,60518.82000000,1086.55870000,60,60,False
1724155200000,1724158800000,60518.83000000,60752.25000000,60502.83000000,60693.71000000,825.73743000,60,60,False
1724158800000,1724162400000,60693.72000000,60955.99000000,60324.33000000,60891.99000000,1511.42527000,60,60,False
1724162400000,1724166000000,60892.00000000,60904.00000000,59446.03000000,59461.80000000,4267.15555000,60,60,False
1724166000000,1724169600000,59461.81000000,59483.52000000,58680.01000000,58825.53000000,3840.52655000,60,60,False
1724169600000,1724173200000,58825.53000000,59046.76000000,58548.23000000,58801.15000000,1468.04254000,60,60,False
1724173200000,1724176800000,58801.15000000,59059.84000000,58681.40000000,59039.48000000,599.95694000,60,60,False
1724176800000,1724180400000,59039.47000000,59479.80000000,59000.00000000,59191.45000000,1065.47526000,60,60,False
1724180400000,1724184000000,59191.45000000,59597.28000000,59137.78000000,59511.99000000,544.56764000,60,60,False
1724184000000,1724187600000,59512.00000000,59722.72000000,59285.71000000,59317.57000000,724.21595000,60,60,False
1724187600000,1724191200000,59317.58000000,59331.01000000,58802.35000000,59296.94000000,901.43638000,60,60,False
1724191200000,1724194800000,59296.94000000,59545.51000000,59238.08000000,59368.00000000,461.98957000,60,60,False
1724194800000,1724198400000,59368.00000000,59402.64000000,58992.81000000,59013.80000000,389.85630000,60,60,False
1724198400000,1724202000000,59013.80000000,59279.96000000,58954.99000000,58989.00000000,612.37826000,60,60,False
1724202000000,1724205600000,58989.00000000,59281.58000000,58783.47000000,59281.58000000,659.71496000,60,60,False
1724205600000,1724209200000,59281.57000000,59519.99000000,59253.12000000,59363.32000000,648.06025000,60,60,False
1724209200000,1724212800000,59363.32000000,59419.49000000,59209.87000000,59320.00000000,444.35025000,60,60,False
1724212800000,1724216400000,59320.00000000,59406.21000000,59183.13000000,59358.00000000,296.07758000,60,60,False
1724216400000,1724220000000,59357.99000000,59404.97000000,59292.64000000,59379.99000000,373.88885000,60,60,False
1724220000000,1724223600000,59379.99000000,59739.52000000,59364.10000000,59627.32000000,813.29793000,60,60,False
1724223600000,1724227200000,59627.32000000,59735.99000000,59580.00000000,59712.00000000,533.99979000,60,60,False
1724227200000,1724230800000,59711.99000000,59924.13000000,59231.33000000,59443.00000000,1071.73137000,60,60,False
1724230800000,1724234400000,59443.00000000,59508.00000000,59085.88000000,59290.51000000,979.21548000,60,60,False
1724234400000,1724238000000,59290.51000000,59484.40000000,59210.48000000,59468.40000000,481.17914000,60,60,False
1724238000000,1724241600000,59468.40000000,59509.34000000,59254.47000000,59361.14000000,399.07490000,60,60,False
1724241600000,1724245200000,59361.14000000,59600.00000000,59265.77000000,59506.90000000,711.51803000,60,60,False
1724245200000,1724248800000,59506.90000000,60100.00000000,58850.00000000,59928.00000000,2610.70655000,60,60,False
1724248800000,1724252400000,59928.01000000,60201.98000000,59193.66000000,59410.41000000,3616.50419000,60,60,False
1724252400000,1724256000000,59410.41000000,59782.97000000,59300.99000000,59511.80000000,1069.51671000,60,60,False
1724256000000,1724259600000,59511.79000000,59947.36000000,59375.00000000,59885.58000000,1038.66262000,60,60,False
1724259600000,1724263200000,59885.58000000,60046.00000000,59708.04000000,59928.42000000,703.95841000,60,60,False
1724263200000,1724266800000,59928.42000000,60831.90000000,59843.23000000,60771.28000000,1989.87165000,60,60,False
1724266800000,1724270400000,60771.28000000,61625.20000000,60588.64000000,61570.00000000,3404.80333000,60,60,False
1724270400000,1724274000000,61570.00000000,61820.93000000,60902.13000000,61236.00000000,2736.96402000,60,60,False
1724274000000,1724277600000,61236.00000000,61499.93000000,60928.00000000,61235.97000000,1109.71897000,60,60,False
1724277600000,1724281200000,61235.97000000,61500.00000000,61173.51000000,61176.47000000,624.24182000,60,60,False
1724281200000,1724284800000,61176.47000000,61300.01000000,61002.17000000,61156.03000000,1054.20714000,60,60,False
1724284800000,1724288400000,61156.03000000,61229.00000000,60811.07000000,60818.15000000,697.77129000,60,60,False
1724288400000,1724292000000,60818.15000000,60995.96000000,60724.79000000,60970.00000000,664.60511000,60,60,False
1724292000000,1724295600000,60970.00000000,60970.01000000,59724.87000000,60186.48000000,1774.35461000,60,60,False
1724295600000,1724299200000,60186.49000000,60624.00000000,60074.00000000,60548.90000000,972.81011000,60,60,False
1724299200000,1724302800000,60548.90000000,60850.00000000,60459.98000000,60834.52000000,853.58077000,60,60,False
1724302800000,1724306400000,60834.53000000,60834.53000000,60602.45000000,60724.00000000,507.77932000,60,60,False
1724306400000,1724310000000,60724.01000000,60944.53000000,60682.41000000,60762.91000000,554.46896000,60,60,False
1724310000000,1724313600000,60762.92000000,61114.23000000,60708.69000000,60984.31000000,761.04674000,60,60,False
1724313600000,1724317200000,60984.31000000,61112.00000000,60859.79000000,60926.81000000,740.93955000,60,60,False
1724317200000,1724320800000,60926.81000000,60976.32000000,60802.38000000,60887.98000000,541.86058000,60,60,False
1724320800000,1724324400000,60887.99000000,61400.00000000,60827.12000000,61350.01000000,807.95803000,60,60,False
1724324400000,1724328000000,61350.02000000,61382.24000000,61097.59000000,61336.09000000,1008.84315000,60,60,False
1724328000000,1724331600000,61336.09000000,61398.18000000,60772.12000000,60879.19000000,1784.93315000,60,60,False
1724331600000,1724335200000,60879.19000000,60934.03000000,60394.64000000,60815.99000000,1767.72909000,60,60,False
1724335200000,1724338800000,60816.00000000,60854.28000000,60300.00000000,60510.48000000,1756.83797000,60,60,False
1724338800000,1724342400000,60510.48000000,60833.00000000,60100.00000000,60407.40000000,1539.81542000,60,60,False
1724342400000,1724346000000,60407.39000000,60600.20000000,60281.02000000,60329.70000000,791.08987000,60,60,False
1724346000000,1724349600000,60329.70000000,60512.01000000,60142.85000000,60164.70000000,622.62683000,60,60,False
1724349600000,1724353200000,60164.70000000,60566.51000000,60131.00000000,60331.16000000,609.78843000,60,60,False
1724353200000,1724356800000,60331.16000000,60439.11000000,60154.78000000,60308.00000000,640.16244000,60,60,False
1724356800000,1724360400000,60307.99000000,60691.20000000,60288.00000000,60680.01000000,824.09940000,60,60,False
1724360400000,1724364000000,60680.00000000,60707.88000000,60439.78000000,60545.47000000,388.49711000,60,60,False
1724364000000,1724367600000,60545.46000000,60609.80000000,60400.00000000,60435.05000000,324.00458000,60,60,False
1724367600000,1724371200000,60435.04000000,60462.56000000,60297.50000000,60375.84000000,305.60337000,60,60,False
1724371200000,1724374800000,60375.83000000,60968.24000000,60342.14000000,60726.16000000,824.57505000,60,60,False
1724374800000,1724378400000,60726.17000000,60855.77000000,60603.99000000,60768.45000000,491.11811000,60,60,False
1724378400000,1724382000000,60768.45000000,60806.74000000,60618.00000000,60625.70000000,502.98931000,60,60,False
1724382000000,1724385600000,60625.69000000,60689.40000000,60572.94000000,60593.31000000,365.69223000,60,60,False
1724385600000,1724389200000,60593.31000000,60742.85000000,60582.68000000,60707.51000000,537.65592000,60,60,False
1724389200000,1724392800000,60707.52000000,61089.60000000,60707.51000000,60856.26000000,825.62287000,60,60,False
1724392800000,1724396400000,60856.26000000,61367.74000000,60832.27000000,61189.58000000,963.67862000,60,60,False
1724396400000,1724400000000,61189.59000000,61259.93000000,60937.97000000,61069.27000000,610.29337000,60,60,False
1724400000000,1724403600000,61069.26000000,61322.66000000,61036.84000000,61321.40000000,594.03020000,60,60,False
1724403600000,1724407200000,61321.40000000,61337.57000000,61003.00000000,61022.13000000,593.42725000,60,60,False
1724407200000,1724410800000,61022.12000000,61166.01000000,61007.17000000,61060.75000000,371.99579000,60,60,False
1724410800000,1724414400000,61060.75000000,61079.04000000,60691.11000000,60741.68000000,754.07451000,60,60,False
1724414400000,1724418000000,60741.68000000,61217.39000000,60741.68000000,61146.58000000,750.19091000,60,60,False
1724418000000,1724421600000,61146.59000000,61175.60000000,60881.34000000,61119.99000000,1070.75883000,60,60,False
1724421600000,1724425200000,61119.99000000,62320.36000000,60802.36000000,60994.91000000,7401.52477000,60,60,False
1724425200000,1724428800000,60994.91000000,61778.76000000,60916.41000000,61533.05000000,2404.42812000,60,60,False
1724428800000,1724432400000,61533.04000000,61828.82000000,61349.99000000,61731.99000000,1071.22153000,60,60,False
1724432400000,1724436000000,61731.99000000,63015.99000000,61616.02000000,62999.89000000,3272.80400000,60,60,False
1724436000000,1724439600000,62999.88000000,63411.23000000,62659.09000000,63152.60000000,3836.82331000,60,60,False
1724439600000,1724443200000,63152.59000000,63819.16000000,63000.01000000,63628.84000000,3322.52116000,60,60,False
1724443200000,1724446800000,63628.84000000,63818.21000000,63484.18000000,63627.74000000,1175.41217000,60,60,False
1724446800000,1724450400000,63627.74000000,64777.00000000,63598.96000000,64392.58000000,2659.84528000,60,60,False
1724450400000,1724454000000,64392.58000000,64955.00000000,63850.00000000,64084.96000000,1980.78779000,60,60,False
1724454000000,1724457600000,64084.95000000,64318.93000000,63836.69000000,64037.24000000,1736.59979000,60,60,False
1724457600000,1724461200000,64037.24000000,64206.70000000,63816.05000000,63961.78000000,990.20813000,60,60,False
1724461200000,1724464800000,63961.79000000,64006.40000000,63626.58000000,63836.48000000,754.58663000,60,60,False
1724464800000,1724468400000,63836.49000000,64000.00000000,63788.80000000,63949.99000000,492.89746000,60,60,False
1724468400000,1724472000000,63949.99000000,63990.00000000,63759.01000000,63832.01000000,853.72101000,60,60,False
1724472000000,1724475600000,63832.00000000,63986.00000000,63822.00000000,63897.61000000,412.12908000,60,60,False
1724475600000,1724479200000,63897.61000000,64032.95000000,63860.61000000,63987.98000000,665.56607000,60,60,False
1724479200000,1724482800000,63987.98000000,64277.43000000,63924.56000000,64048.00000000,1078.40628000,60,60,False
1724482800000,1724486400000,64048.00000000,64332.00000000,64048.00000000,64315.00000000,687.08796000,60,60,False
1724486400000,1724490000000,64315.00000000,64450.63000000,64144.50000000,64416.00000000,551.68752000,60,60,False
1724490000000,1724493600000,64416.00000000,64494.50000000,64200.00000000,64328.66000000,530.49253000,60,60,False
1724493600000,1724497200000,64328.65000000,64382.36000000,64098.00000000,64117.76000000,570.99589000,60,60,False
1724497200000,1724500800000,64117.77000000,64186.67000000,63868.00000000,63905.01000000,704.72227000,60,60,False
1724500800000,1724504400000,63905.00000000,64180.00000000,63902.00000000,64086.99000000,673.82206000,60,60,False
1724504400000,1724508000000,64086.99000000,64244.00000000,63961.25000000,64221.49000000,613.01605000,60,60,False
1724508000000,1724511600000,64221.50000000,64228.89000000,64013.03000000,64171.84000000,435.57022000,60,60,False
1724511600000,1724515200000,64171.84000000,64171.84000000,63872.00000000,63976.00000000,571.55586000,60,60,False
1724515200000,1724518800000,63976.00000000,64413.01000000,63903.58000000,64298.01000000,1010.63731000,60,60,False
1724518800000,1724522400000,64298.01000000,64298.01000000,63951.97000000,64050.99000000,646.06987000,60,60,False
1724522400000,1724526000000,64051.00000000,64444.00000000,63938.00000000,64223.06000000,979.61184000,60,60,False
1724526000000,1724529600000,64223.06000000,64372.00000000,64210.60000000,64210.60000000,238.47032000,60,60,False
1724529600000,1724533200000,64210.60000000,64328.00000000,64123.77000000,64131.00000000,347.97182000,60,60,False
1724533200000,1724536800000,64131.00000000,64172.01000000,63531.00000000,63612.37000000,919.93156000,60,60,False
1724536800000,1724540400000,63612.36000000,64000.00000000,63570.00000000,63833.98000000,805.85726000,60,60,False
1724540400000,1724544000000,63833.98000000,64163.62000000,63796.41000000,64157.01000000,322.14116000,60,60,False
1724544000000,1724547600000,64157.02000000,64507.04000000,64107.16000000,64175.99000000,1152.61806000,60,60,False
1724547600000,1724551200000,64175.98000000,64376.69000000,64042.42000000,64150.08000000,597.68105000,60,60,False
1724551200000,1724554800000,64150.08000000,64269.00000000,64102.50000000,64137.00000000,342.76349000,60,60,False
1724554800000,1724558400000,64137.00000000,64170.00000000,64000.00000000,64101.01000000,530.18477000,60,60,False
1724558400000,1724562000000,64101.01000000,64161.00000000,64000.00000000,64150.99000000,320.06289000,60,60,False
1724562000000,1724565600000,64151.00000000,64196.00000000,64100.01000000,64137.50000000,318.99046000,60,60,False
1724565600000,1724569200000,64137.50000000,64163.64000000,63976.82000000,63994.00000000,330.76798000,60,60,False
1724569200000,1724572800000,63994.00000000,64038.00000000,63785.76000000,63868.26000000,675.62000000,60,60,False
1724572800000,1724576400000,63868.27000000,64010.00000000,63806.00000000,63931.00000000,395.31490000,60,60,False
1724576400000,1724580000000,63931.00000000,63978.00000000,63773.27000000,63861.31000000,517.92750000,60,60,False
1724580000000,1724583600000,63861.30000000,63932.00000000,63787.50000000,63881.01000000,368.20509000,60,60,False
1724583600000,1724587200000,63881.02000000,64009.83000000,63870.73000000,63873.91000000,447.23263000,60,60,False
1724587200000,1724590800000,63873.92000000,63940.00000000,63805.00000000,63924.00000000,252.02697000,60,60,False
1724590800000,1724594400000,63923.99000000,64167.00000000,63851.34000000,64082.02000000,613.96041000,60,60,False
1724594400000,1724598000000,64082.03000000,64251.00000000,64082.02000000,64148.01000000,584.35901000,60,60,False
1724598000000,1724601600000,64148.00000000,64288.00000000,64086.00000000,64132.16000000,383.87031000,60,60,False
1724601600000,1724605200000,64132.17000000,64201.00000000,64000.00000000,64033.99000000,331.81574000,60,60,False
1724605200000,1724608800000,64033.99000000,64162.94000000,64024.00000000,64140.99000000,310.62121000,60,60,False
1724608800000,1724612400000,64141.00000000,64248.66000000,64065.25000000,64166.99000000,312.63719000,60,60,False
1724612400000,1724616000000,64166.99000000,64210.05000000,64145.13000000,64187.41000000,163.54754000,60,60,False
1724616000000,1724619600000,64187.42000000,64264.00000000,64122.49000000,64206.99000000,256.83345000,60,60,False
1724619600000,1724623200000,64207.00000000,64572.00000000,64206.99000000,64383.73000000,798.13298000,60,60,False
1724623200000,1724626800000,64383.73000000,64616.00000000,64279.12000000,64482.01000000,542.03129000,60,60,False
1724626800000,1724630400000,64482.00000000,65000.00000000,64200.00000000,64220.00000000,1758.27485000,60,60,False
1724630400000,1724634000000,64219.99000000,64481.00000000,63891.00000000,64111.01000000,947.63480000,60,60,False
1724634000000,1724637600000,64111.01000000,64196.00000000,63890.94000000,63939.98000000,628.23778000,60,60,False
1724637600000,1724641200000,63939.98000000,64071.60000000,63790.00000000,64070.00000000,539.50265000,60,60,False
1724641200000,1724644800000,64070.00000000,64121.00000000,64004.00000000,64114.99000000,362.07039000,60,60,False
1724644800000,1724648400000,64115.00000000,64205.31000000,63948.00000000,64019.00000000,325.83820000,60,60,False
1724648400000,1724652000000,64019.00000000,64050.00000000,63885.00000000,63950.01000000,423.63548000,60,60,False
1724652000000,1724655600000,63950.01000000,64012.92000000,63420.00000000,63728.44000000,1288.02400000,60,60,False
1724655600000,1724659200000,63728.43000000,63867.84000000,63575.00000000,63627.01000000,735.13817000,60,60,False
1724659200000,1724662800000,63627.01000000,63868.00000000,63595.39000000,63738.00000000,511.11937000,60,60,False
1724662800000,1724666400000,63737.99000000,63875.81000000,63220.95000000,63856.99000000,1076.07648000,60,60,False
1724666400000,1724670000000,63857.00000000,64039.20000000,63733.28000000,63780.00000000,811.05712000,60,60,False
1724670000000,1724673600000,63780.01000000,63996.77000000,63739.39000000,63859.00000000,484.09348000,60,60,False
1724673600000,1724677200000,63859.00000000,63958.95000000,63464.00000000,63633.00000000,679.77337000,60,60,False
1724677200000,1724680800000,63633.00000000,63873.00000000,63500.00000000,63766.00000000,1006.49967000,60,60,False
1724680800000,1724684400000,63766.00000000,63874.34000000,63125.53000000,63500.60000000,1976.77515000,60,60,False
1724684400000,1724688000000,63500.60000000,63635.00000000,63061.00000000,63532.53000000,1295.22278000,60,60,False
1724688000000,1724691600000,63532.54000000,63826.00000000,63412.06000000,63705.00000000,913.46553000,60,60,False
1724691600000,1724695200000,63705.00000000,63878.78000000,63204.00000000,63375.99000000,983.69834000,60,60,False
1724695200000,1724698800000,63376.00000000,63702.85000000,63192.04000000,63643.94000000,899.31418000,60,60,False
1724698800000,1724702400000,63643.94000000,63703.00000000,63252.01000000,63342.99000000,690.61114000,60,60,False
1724702400000,1724706000000,63342.99000000,63557.58000000,63202.71000000,63417.01000000,572.74237000,60,60,False
1724706000000,1724709600000,63417.00000000,63423.89000000,62838.00000000,63155.81000000,1226.02546000,60,60,False
1724709600000,1724713200000,63155.82000000,63280.00000000,62888.24000000,62973.01000000,510.56933000,60,60,False
1724713200000,1724716800000,62973.01000000,63168.00000000,62800.00000000,62834.00000000,582.92752000,60,60,False
1724716800000,1724720400000,62834.00000000,63050.00000000,62657.00000000,62722.00000000,1059.42323000,60,60,False
1724720400000,1724724000000,62722.00000000,63212.00000000,62688.15000000,62994.80000000,1116.54789000,60,60,False
1724724000000,1724727600000,62994.81000000,63193.94000000,62892.00000000,62900.07000000,461.80843000,60,60,False
1724727600000,1724731200000,62900.07000000,63009.91000000,62716.00000000,62970.00000000,930.74178000,60,60,False
1724731200000,1724734800000,62970.00000000,63099.69000000,62911.49000000,63038.99000000,693.63977000,60,60,False
1724734800000,1724738400000,63038.99000000,63200.00000000,63038.98000000,63150.02000000,604.41032000,60,60,False
1724738400000,1724742000000,63150.02000000,63151.26000000,62701.06000000,62761.00000000,1117.40037000,60,60,False
1724742000000,1724745600000,62761.00000000,62961.00000000,62750.19000000,62902.31000000,697.55272000,60,60,False
1724745600000,1724749200000,62902.32000000,63000.00000000,62700.00000000,62813.38000000,517.80435000,60,60,False
1724749200000,1724752800000,62813.38000000,62952.41000000,62566.00000000,62679.99000000,1288.23733000,60,60,False
1724752800000,1724756400000,62679.99000000,62679.99000000,62244.37000000,62332.05000000,1546.51796000,60,60,False
1724756400000,1724760000000,62332.06000000,62545.00000000,62230.00000000,62417.00000000,837.00917000,60,60,False
1724760000000,1724763600000,62416.99000000,62475.00000000,62132.00000000,62419.56000000,1252.12850000,60,60,False
1724763600000,1724767200000,62419.57000000,62495.00000000,62128.24000000,62232.64000000,1653.75690000,60,60,False
1724767200000,1724770800000,62232.65000000,62293.00000000,61801.01000000,61851.01000000,2802.72381000,60,60,False
1724770800000,1724774400000,61851.01000000,61981.82000000,61473.03000000,61709.13000000,2549.55396000,60,60,False
1724774400000,1724778000000,61709.13000000,61989.90000000,61534.60000000,61560.12000000,1222.28193000,60,60,False
1724778000000,1724781600000,61560.13000000,61933.32000000,61518.74000000,61933.32000000,677.07398000,60,60,False
1724781600000,1724785200000,61933.31000000,62142.84000000,61885.30000000,62096.01000000,688.15593000,60,60,False
1724785200000,1724788800000,62096.01000000,62196.75000000,61884.98000000,62102.01000000,456.27549000,60,60,False
1724788800000,1724792400000,62102.00000000,62102.01000000,61846.33000000,61859.00000000,407.88963000,60,60,False
1724792400000,1724796000000,61858.99000000,61956.17000000,60000.00000000,60419.99000000,3799.49778000,60,60,False
1724796000000,1724799600000,60419.99000000,60420.00000000,58034.01000000,59506.94000000,6854.72907000,60,60,False
1724799600000,1724803200000,59506.94000000,59780.00000000,59150.00000000,59415.00000000,1900.78148000,60,60,False
1724803200000,1724806800000,59415.00000000,59448.96000000,59000.00000000,59088.94000000,2123.34371000,60,60,False
1724806800000,1724810400000,59088.94000000,59459.45000000,58917.12000000,59383.63000000,1700.79770000,60,60,False
1724810400000,1724814000000,59383.63000000,59424.00000000,59190.75000000,59336.02000000,895.46761000,60,60,False
1724814000000,1724817600000,59336.02000000,59650.00000000,59304.92000000,59629.01000000,832.34628000,60,60,False
1724817600000,1724821200000,59629.01000000,59661.00000000,59275.87000000,59325.33000000,1316.20016000,60,60,False
1724821200000,1724824800000,59325.33000000,59486.54000000,59250.42000000,59287.94000000,753.80596000,60,60,False
1724824800000,1724828400000,59287.93000000,59356.66000000,59126.21000000,59186.91000000,774.02907000,60,60,False
1724828400000,1724832000000,59186.91000000,59271.82000000,58516.00000000,58600.98000000,1770.51433000,60,60,False
1724832000000,1724835600000,58600.98000000,59296.92000000,58534.35000000,59223.99000000,1573.32066000,60,60,False
1724835600000,1724839200000,59224.00000000,60231.00000000,59136.18000000,60200.12000000,2553.59538000,60,60,False
1724839200000,1724842800000,60200.11000000,60234.98000000,59700.00000000,59756.99000000,1403.93467000,60,60,False
1724842800000,1724846400000,59757.00000000,60099.99000000,59680.03000000,59935.00000000,874.91888000,60,60,False
1724846400000,1724850000000,59934.99000000,60160.00000000,59886.01000000,59946.22000000,796.69476000,60,60,False
1724850000000,1724853600000,59946.23000000,60004.96000000,59310.16000000,59334.00000000,2032.67941000,60,60,False
1724853600000,1724857200000,59334.00000000,59942.00000000,58926.00000000,59195.26000000,2777.70792000,60,60,False
1724857200000,1724860800000,59195.26000000,59195.26000000,58443.07000000,59000.00000000,2674.48023000,60,60,False
1724860800000,1724864400000,59000.00000000,59218.38000000,57860.00000000,59198.01000000,3914.29528000,60,60,False
1724864400000,1724868000000,59198.01000000,59255.00000000,58636.47000000,58650.00000000,1326.75703000,60,60,False
1724868000000,1724871600000,58650.00000000,59510.00000000,58597.66000000,59487.00000000,1479.05702000,60,60,False
1724871600000,1724875200000,59487.00000000,59849.99000000,58815.00000000,58898.85000000,1583.15619000,60,60,False
1724875200000,1724878800000,58898.85000000,59602.00000000,58623.01000000,59312.01000000,1863.09861000,60,60,False
1724878800000,1724882400000,59312.00000000,59483.88000000,59077.86000000,59113.91000000,754.12540000,60,60,False
1724882400000,1724886000000,59113.91000000,59255.41000000,58844.59000000,59195.43000000,706.10295000,60,60,False
1724886000000,1724889600000,59195.43000000,59197.14000000,58989.00000000,59034.90000000,388.11354000,60,60,False
1724889600000,1724893200000,59034.90000000,59237.00000000,58917.83000000,59205.83000000,631.47104000,60,60,False
1724893200000,1724896800000,59205.83000000,59320.00000000,58878.46000000,58997.99000000,624.55418000,60,60,False
1724896800000,1724900400000,58998.00000000,59187.50000000,58919.99000000,59137.00000000,607.16247000,60,60,False
1724900400000,1724904000000,59137.01000000,59200.00000000,59032.48000000,59141.10000000,325.53359000,60,60,False
1724904000000,1724907600000,59141.11000000,59226.22000000,59049.79000000,59197.96000000,533.50259000,60,60,False
1724907600000,1724911200000,59197.96000000,59460.00000000,59146.33000000,59436.17000000,681.05918000,60,60,False
1724911200000,1724914800000,59436.17000000,59764.00000000,59370.00000000,59570.65000000,1102.14489000,60,60,False
1724914800000,1724918400000,59570.65000000,59685.99000000,59499.63000000,59583.88000000,560.33345000,60,60,False
1724918400000,1724922000000,59583.88000000,59635.66000000,59374.00000000,59551.97000000,654.01276000,60,60,False
1724922000000,1724925600000,59551.97000000,59773.75000000,59551.20000000,59586.00000000,788.63089000,60,60,False
1724925600000,1724929200000,59586.00000000,59841.66000000,59575.04000000,59673.01000000,725.43255000,60,60,False
1724929200000,1724932800000,59673.01000000,60477.00000000,59614.86000000,60067.06000000,1945.68093000,60,60,False
1724932800000,1724936400000,60067.06000000,60498.00000000,59990.00000000,60322.00000000,1495.85159000,60,60,False
1724936400000,1724940000000,60321.99000000,60664.00000000,60170.01000000,60626.01000000,2607.65176000,60,60,False
1724940000000,1724943600000,60626.99000000,60949.00000000,60452.00000000,60814.99000000,1881.45671000,60,60,False
1724943600000,1724947200000,60815.00000000,61166.99000000,60741.93000000,60779.99000000,1639.54115000,60,60,False
1724947200000,1724950800000,60779.99000000,60960.00000000,60220.22000000,60295.00000000,1640.14060000,60,60,False
1724950800000,1724954400000,60294.99000000,60585.63000000,60174.20000000,60533.00000000,901.54549000,60,60,False
1724954400000,1724958000000,60533.00000000,60548.99000000,58915.01000000,59161.00000000,2929.66661000,60,60,False
1724958000000,1724961600000,59161.01000000,59703.77000000,58951.10000000,59258.00000000,1701.15398000,60,60,False
1724961600000,1724965200000,59257.99000000,59529.00000000,59234.00000000,59529.00000000,654.10283000,60,60,False
1724965200000,1724968800000,59529.00000000,59638.37000000,59423.77000000,59496.00000000,472.84440000,60,60,False
1724968800000,1724972400000,59496.00000000,59496.01000000,58713.09000000,59211.99000000,1440.49823000,60,60,False
1724972400000,1724976000000,59211.99000000,59397.00000000,59145.10000000,59359.01000000,476.93556000,60,60,False
1724976000000,1724979600000,59359.00000000,59487.64000000,59132.00000000,59204.01000000,594.15049000,60,60,False
1724979600000,1724983200000,59204.01000000,59300.95000000,58953.70000000,59217.00000000,856.07388000,60,60,False
1724983200000,1724986800000,59217.00000000,59341.00000000,59062.52000000,59202.51000000,390.61709000,60,60,False
1724986800000,1724990400000,59202.50000000,59206.00000000,58899.70000000,59032.01000000,902.86149000,60,60,False
1724990400000,1724994000000,59032.00000000,59156.00000000,59001.11000000,59013.01000000,486.06780000,60,60,False
1724994000000,1724997600000,59013.01000000,59023.85000000,58685.00000000,58784.00000000,1317.81097000,60,60,False
1724997600000,1725001200000,58783.99000000,59373.00000000,58705.01000000,59361.00000000,1057.28122000,60,60,False
1725001200000,1725004800000,59361.01000000,59582.86000000,59226.84000000,59271.10000000,1283.14241000,60,60,False
1725004800000,1725008400000,59271.11000000,59587.12000000,59271.00000000,59445.00000000,764.08273000,60,60,False
1725008400000,1725012000000,59445.00000000,59669.96000000,59421.10000000,59580.64000000,817.94515000,60,60,False
1725012000000,1725015600000,59580.65000000,59674.42000000,59426.50000000,59581.13000000,651.90723000,60,60,False
1725015600000,1725019200000,59581.13000000,59650.00000000,59318.00000000,59396.00000000,942.65040000,60,60,False
1725019200000,1725022800000,59396.00000000,59944.07000000,59375.00000000,59539.00000000,1560.98266000,60,60,False
1725022800000,1725026400000,59538.99000000,59668.00000000,58901.00000000,59653.00000000,1636.19787000,60,60,False
1725026400000,1725030000000,59653.00000000,59830.00000000,58441.31000000,58462.89000000,3132.81170000,60,60,False
1725030000000,1725033600000,58462.89000000,58675.01000000,57946.01000000,58094.99000000,4035.99461000,60,60,False
1725033600000,1725037200000,58095.00000000,58600.00000000,57701.10000000,58551.11000000,2484.77070000,60,60,False
1725037200000,1725040800000,58551.10000000,58811.04000000,58406.00000000,58630.91000000,1172.01387000,60,60,False
1725040800000,1725044400000,58630.91000000,59371.00000000,58625.00000000,59370.99000000,1799.51718000,60,60,False
1725044400000,1725048000000,59371.00000000,59371.00000000,58700.01000000,58700.02000000,961.28426000,60,60,False
1725048000000,1725051600000,58700.02000000,59048.00000000,58700.00000000,59048.00000000,529.06241000,60,60,False
1725051600000,1725055200000,59048.00000000,59155.00000000,58975.40000000,59055.99000000,402.27734000,60,60,False
1725055200000,1725058800000,59056.00000000,59298.89000000,59051.10000000,59237.50000000,458.92411000,60,60,False
1725058800000,1725062400000,59237.50000000,59275.78000000,59088.01000000,59123.99000000,280.89438000,60,60,False
1725062400000,1725066000000,59123.99000000,59462.38000000,59070.40000000,59246.01000000,963.75214000,60,60,False
1725066000000,1725069600000,59246.00000000,59335.00000000,59180.94000000,59285.00000000,240.32843000,60,60,False
1725069600000,1725073200000,59285.00000000,59293.00000000,59119.01000000,59196.50000000,240.22348000,60,60,False
1725073200000,1725076800000,59196.50000000,59254.00000000,59129.33000000,59232.01000000,203.50087000,60,60,False
1725076800000,1725080400000,59232.01000000,59350.00000000,59215.00000000,59350.00000000,242.60313000,60,60,False
1725080400000,1725084000000,59350.00000000,59350.00000000,59211.88000000,59212.00000000,326.53818000,60,60,False
1725084000000,1725087600000,59212.01000000,59264.95000000,59151.80000000,59154.01000000,282.17292000,60,60,False
1725087600000,1725091200000,59154.02000000,59188.99000000,59043.12000000,59095.00000000,379.35638000,60,60,False
1725091200000,1725094800000,59095.01000000,59130.00000000,58981.10000000,58985.01000000,314.66099000,60,60,False
1725094800000,1725098400000,58985.01000000,59023.00000000,58831.88000000,58905.01000000,523.53629000,60,60,False
1725098400000,1725102000000,58905.01000000,59170.40000000,58872.00000000,59136.99000000,384.10867000,60,60,False
1725102000000,1725105600000,59136.99000000,59188.90000000,59103.54000000,59120.99000000,181.78193000,60,60,False
1725105600000,1725109200000,59120.99000000,59244.04000000,59071.10000000,59192.26000000,383.94179000,60,60,False
1725109200000,1725112800000,59192.26000000,59244.04000000,58929.96000000,58954.99000000,375.75966000,60,60,False
1725112800000,1725116400000,58955.00000000,59170.11000000,58892.15000000,59126.00000000,491.93631000,60,60,False
1725116400000,1725120000000,59126.01000000,59155.00000000,58954.81000000,59006.54000000,523.34825000,60,60,False
1725120000000,1725123600000,59006.54000000,59032.12000000,58854.00000000,58971.55000000,341.62388000,60,60,False
1725123600000,1725127200000,58971.55000000,59034.84000000,58744.00000000,59013.16000000,481.82306000,60,60,False
1725127200000,1725130800000,59013.17000000,59140.01000000,58868.22000000,58920.52000000,536.82943000,60,60,False
1725130800000,1725134400000,58920.53000000,58941.29000000,58823.73000000,58856.00000000,276.99153000,60,60,False
1725134400000,1725138000000,58856.00000000,58971.56000000,58763.29000000,58951.08000000,262.63261000,60,60,False
1725138000000,1725141600000,58951.09000000,59130.00000000,58900.00000000,59061.01000000,354.03407000,60,60,False
1725141600000,1725145200000,59061.00000000,59141.72000000,59006.00000000,59024.00000000,203.35984000,60,60,False
1725145200000,1725148800000,59023.99000000,59056.00000000,58927.00000000,58973.99000000,283.56516000,60,60,False
1725148800000,1725152400000,58974.00000000,59076.59000000,58900.00000000,58930.00000000,289.12701000,60,60,False
1725152400000,1725156000000,58929.99000000,58957.00000000,58819.78000000,58828.01000000,330.21542000,60,60,False
1725156000000,1725159600000,58828.00000000,58851.65000000,58276.01000000,58540.25000000,1256.77642000,60,60,False
1725159600000,1725163200000,58540.25000000,58672.01000000,58399.01000000,58524.21000000,437.88318000,60,60,False
1725163200000,1725166800000,58524.21000000,58599.98000000,58355.00000000,58442.00000000,359.59086000,60,60,False
1725166800000,1725170400000,58442.01000000,58468.00000000,57777.00000000,57986.00000000,2028.37000000,60,60,False
1725170400000,1725174000000,57986.00000000,58298.00000000,57952.00000000,58201.10000000,470.79448000,60,60,False
1725174000000,1725177600000,58201.11000000,58500.00000000,58131.12000000,58478.64000000,507.40659000,60,60,False
1725177600000,1725181200000,58478.64000000,58504.81000000,58200.51000000,58233.99000000,388.37704000,60,60,False
1725181200000,1725184800000,58234.00000000,58400.00000000,58126.98000000,58205.00000000,479.13526000,60,60,False
1725184800000,1725188400000,58205.00000000,58222.00000000,57896.01000000,57931.00000000,715.76724000,60,60,False
1725188400000,1725192000000,57931.00000000,58250.21000000,57840.00000000,58240.52000000,937.31779000,60,60,False
1725192000000,1725195600000,58240.51000000,58320.15000000,57912.30000000,58020.00000000,632.17288000,60,60,False
1725195600000,1725199200000,58020.01000000,58215.00000000,57710.00000000,58175.01000000,1244.45581000,60,60,False
1725199200000,1725202800000,58175.00000000,58179.00000000,57201.00000000,57879.99000000,2863.15990000,60,60,False
1725202800000,1725206400000,57879.99000000,58360.38000000,57714.35000000,58217.00000000,1171.60774000,60,60,False
1725206400000,1725210000000,58217.00000000,58350.00000000,58090.01000000,58132.06000000,522.62561000,60,60,False
1725210000000,1725213600000,58132.07000000,58201.00000000,57864.30000000,58127.98000000,571.34425000,60,60,False
1725213600000,1725217200000,58127.98000000,58788.93000000,58122.00000000,58541.10000000,942.52521000,60,60,False
1725217200000,1725220800000,58541.11000000,58775.00000000,58292.00000000,58514.00000000,632.24922000,60,60,False
1725220800000,1725224400000,58514.01000000,58656.77000000,58381.10000000,58431.10000000,334.87245000,60,60,False
1725224400000,1725228000000,58431.10000000,58431.10000000,58093.57000000,58351.11000000,337.48050000,60,60,False
1725228000000,1725231600000,58351.11000000,58414.00000000,57232.00000000,57309.01000000,1949.02986000,60,60,False
1725231600000,1725235200000,57309.00000000,57598.00000000,57205.00000000,57301.86000000,1302.87269000,60,60,False
1725235200000,1725238800000,57301.77000000,57650.00000000,57128.00000000,57467.24000000,1254.37293000,60,60,False
1725238800000,1725242400000,57467.25000000,57578.99000000,57242.00000000,57423.23000000,1069.88828000,60,60,False
1725242400000,1725246000000,57423.23000000,57721.00000000,57294.00000000,57509.01000000,1338.60119000,60,60,False
1725246000000,1725249600000,57509.01000000,57767.14000000,57502.05000000,57742.01000000,942.01768000,60,60,False
1725249600000,1725253200000,57742.00000000,57766.00000000,57445.91000000,57459.51000000,662.73901000,60,60,False
1725253200000,1725256800000,57459.51000000,57987.99000000,57449.75000000,57785.01000000,803.51922000,60,60,False
1725256800000,1725260400000,57785.00000000,57883.00000000,57662.01000000,57688.00000000,469.19262000,60,60,False
1725260400000,1725264000000,57688.00000000,57792.00000000,57362.06000000,57547.99000000,681.15499000,60,60,False
1725264000000,1725267600000,57548.00000000,58300.00000000,57520.12000000,58056.01000000,1815.84911000,60,60,False
1725267600000,1725271200000,58056.01000000,58462.00000000,57901.20000000,58402.35000000,1244.82426000,60,60,False
1725271200000,1725274800000,58402.00000000,58587.00000000,58293.00000000,58498.51000000,1034.96543000,60,60,False
1725274800000,1725278400000,58498.51000000,58680.76000000,58349.02000000,58422.01000000,976.69221000,60,60,False
1725278400000,1725282000000,58422.01000000,58509.00000000,58256.10000000,58393.94000000,616.46841000,60,60,False
1725282000000,1725285600000,58393.94000000,58489.00000000,58149.54000000,58181.22000000,720.24026000,60,60,False
1725285600000,1725289200000,58181.21000000,58808.00000000,58104.00000000,58597.00000000,1965.04778000,60,60,False
1725289200000,1725292800000,58597.00000000,58741.10000000,58480.90000000,58537.99000000,722.13290000,60,60,False
1725292800000,1725296400000,58537.99000000,58653.00000000,58293.12000000,58345.00000000,535.14834000,60,60,False
1725296400000,1725300000000,58345.00000000,58558.49000000,58301.00000000,58514.01000000,753.89905000,60,60,False
1725300000000,1725303600000,58514.01000000,58666.64000000,58318.33000000,58486.01000000,1025.88981000,60,60,False
1725303600000,1725307200000,58486.01000000,58559.00000000,58390.39000000,58439.99000000,541.53520000,60,60,False
1725307200000,1725310800000,58440.03000000,59243.00000000,58384.61000000,58992.00000000,1191.56744000,60,60,False
1725310800000,1725314400000,58992.01000000,59274.32000000,58875.03000000,59047.00000000,1326.68023000,60,60,False
1725314400000,1725318000000,59047.00000000,59350.00000000,59008.81000000,59349.99000000,637.61533000,60,60,False
1725318000000,1725321600000,59349.99000000,59425.69000000,59073.00000000,59132.13000000,564.97293000,60,60,False
1725321600000,1725325200000,59132.12000000,59258.00000000,59021.62000000,59257.99000000,502.75643000,60,60,False
1725325200000,1725328800000,59258.00000000,59406.57000000,59195.41000000,59388.01000000,518.71715000,60,60,False
1725328800000,1725332400000,59388.01000000,59809.65000000,59300.00000000,59311.01000000,1623.18138000,60,60,False
1725332400000,1725336000000,59311.01000000,59327.71000000,59041.86000000,59110.99000000,544.08321000,60,60,False
1725336000000,1725339600000,59111.00000000,59236.00000000,59003.99000000,59099.01000000,718.44133000,60,60,False
1725339600000,1725343200000,59099.00000000,59259.00000000,58988.00000000,59186.00000000,782.13092000,60,60,False
1725343200000,1725346800000,59186.00000000,59186.00000000,58872.00000000,58891.00000000,744.03271000,60,60,False
1725346800000,1725350400000,58891.01000000,59140.35000000,58880.57000000,59112.00000000,541.94542000,60,60,False
1725350400000,1725354000000,59112.01000000,59136.58000000,58717.00000000,58789.02000000,856.96694000,60,60,False
1725354000000,1725357600000,58789.01000000,58961.50000000,58783.00000000,58874.00000000,617.95793000,60,60,False
1725357600000,1725361200000,58874.01000000,59195.63000000,58836.87000000,59078.94000000,575.26778000,60,60,False
1725361200000,1725364800000,59078.94000000,59106.01000000,58951.00000000,59072.00000000,383.86430000,60,60,False
1725364800000,1725368400000,59072.01000000,59350.00000000,59057.34000000,59135.01000000,692.84349000,60,60,False
1725368400000,1725372000000,59135.01000000,59320.14000000,58198.28000000,58398.99000000,2496.48305000,60,60,False
1725372000000,1725375600000,58398.99000000,58398.99000000,57568.00000000,57672.84000000,3781.01296000,60,60,False
1725375600000,1725379200000,57672.84000000,58018.00000000,57630.00000000,57725.00000000,1219.72466000,60,60,False
1725379200000,1725382800000,57725.01000000,57924.00000000,57655.81000000,57708.00000000,1112.37825000,60,60,False
1725382800000,1725386400000,57707.99000000,58100.00000000,57680.00000000,57698.00000000,885.89458000,60,60,False
1725386400000,1725390000000,57698.00000000,58055.00000000,57589.01000000,57926.00000000,915.05632000,60,60,False
1725390000000,1725393600000,57925.99000000,58251.09000000,57852.00000000,58046.00000000,833.08235000,60,60,False
1725393600000,1725397200000,58045.99000000,58247.00000000,58045.99000000,58228.00000000,587.21957000,60,60,False
1725397200000,1725400800000,58228.01000000,58238.00000000,57957.50000000,58134.61000000,471.63225000,60,60,False
1725400800000,1725404400000,58134.61000000,58183.68000000,57863.99000000,57865.00000000,495.40241000,60,60,False
1725404400000,1725408000000,57865.00000000,57899.00000000,57415.00000000,57487.73000000,928.10908000,60,60,False
1725408000000,1725411600000,57487.74000000,57943.53000000,57100.00000000,57140.02000000,1476.45488000,60,60,False
1725411600000,1725415200000,57140.02000000,57161.06000000,55606.00000000,56784.01000000,6507.54633000,60,60,False
1725415200000,1725418800000,56784.01000000,56823.00000000,56520.35000000,56648.01000000,1131.28965000,60,60,False
1725418800000,1725422400000,56648.01000000,56850.00000000,56618.00000000,56653.98000000,893.25504000,60,60,False
1725422400000,1725426000000,56653.99000000,56728.00000000,56559.15000000,56694.00000000,517.99161000,60,60,False
1725426000000,1725429600000,56694.00000000,56694.00000000,56201.00000000,56252.01000000,1520.48803000,60,60,False
1725429600000,1725433200000,56252.01000000,56530.01000000,56209.99000000,56277.00000000,2018.11039000,60,60,False
1725433200000,1725436800000,56277.00000000,56881.00000000,56253.00000000,56746.00000000,1513.51398000,60,60,False
1725436800000,1725440400000,56746.00000000,56909.94000000,56668.28000000,56783.01000000,740.01293000,60,60,False
1725440400000,1725444000000,56783.01000000,56855.00000000,56570.00000000,56596.99000000,853.89851000,60,60,False
1725444000000,1725447600000,56596.99000000,56710.47000000,56453.00000000,56456.45000000,878.42947000,60,60,False
1725447600000,1725451200000,56456.46000000,56682.32000000,56454.73000000,56573.00000000,540.51183000,60,60,False
1725451200000,1725454800000,56573.00000000,56763.99000000,56479.95000000,56599.99000000,776.26939000,60,60,False
1725454800000,1725458400000,56600.00000000,56700.00000000,56319.41000000,56490.00000000,1446.03410000,60,60,False
1725458400000,1725462000000,56489.99000000,57581.40000000,56187.61000000,57511.10000000,3849.65881000,60,60,False
1725462000000,1725465600000,57511.11000000,58181.43000000,57365.00000000,58134.00000000,3831.97973000,60,60,False
1725465600000,1725469200000,58134.00000000,58519.00000000,58121.10000000,58406.07000000,2363.63405000,60,60,False
1725469200000,1725472800000,58406.06000000,58472.00000000,57821.79000000,57878.00000000,1365.95138000,60,60,False
1725472800000,1725476400000,57878.01000000,57997.99000000,57646.00000000,57684.01000000,805.58545000,60,60,False
1725476400000,1725480000000,57684.01000000,58165.00000000,57662.00000000,58058.01000000,749.56159000,60,60,False
1725480000000,1725483600000,58058.00000000,58181.00000000,57792.46000000,58048.01000000,598.90498000,60,60,False
1725483600000,1725487200000,58048.00000000,58120.00000000,57948.00000000,58100.00000000,300.28427000,60,60,False
1725487200000,1725490800000,58100.00000000,58390.00000000,58041.10000000,58130.99000000,465.29601000,60,60,False
1725490800000,1725494400000,58130.98000000,58232.00000000,57889.81000000,57970.90000000,416.15905000,60,60,False
1725494400000,1725498000000,57970.90000000,58327.07000000,57964.00000000,57997.75000000,935.43836000,60,60,False
1725498000000,1725501600000,57997.75000000,58249.00000000,57955.55000000,58021.99000000,499.19331000,60,60,False
1725501600000,1725505200000,58021.99000000,58063.99000000,57653.13000000,57692.99000000,783.10999000,60,60,False
1725505200000,1725508800000,57693.00000000,57693.00000000,56891.07000000,57135.42000000,2500.28710000,60,60,False
1725508800000,1725512400000,57135.42000000,57291.10000000,57076.01000000,57206.40000000,672.68373000,60,60,False
1725512400000,1725516000000,57206.40000000,57268.75000000,57029.00000000,57194.99000000,549.29554000,60,60,False
1725516000000,1725519600000,57195.00000000,57222.78000000,56541.68000000,56914.01000000,1323.86325000,60,60,False
1725519600000,1725523200000,56914.01000000,57245.03000000,56831.71000000,57155.10000000,791.72283000,60,60,False
1725523200000,1725526800000,57155.10000000,57232.00000000,56952.65000000,57004.00000000,627.52643000,60,60,False
1725526800000,1725530400000,57004.00000000,57012.00000000,56623.00000000,56797.00000000,1013.95708000,60,60,False
1725530400000,1725534000000,56797.00000000,56848.97000000,56654.31000000,56771.00000000,586.08011000,60,60,False
1725534000000,1725537600000,56771.00000000,56863.80000000,56663.00000000,56698.01000000,597.41447000,60,60,False
1725537600000,1725541200000,56698.01000000,56850.00000000,56318.00000000,56662.00000000,1962.33334000,60,60,False
1725541200000,1725544800000,56662.01000000,57158.81000000,56571.47000000,57028.62000000,1904.35960000,60,60,False
1725544800000,1725548400000,57028.62000000,57350.00000000,56479.36000000,56558.01000000,2734.64511000,60,60,False
1725548400000,1725552000000,56558.00000000,56674.83000000,55817.51000000,55976.01000000,3598.75143000,60,60,False
1725552000000,1725555600000,55976.01000000,56416.65000000,55960.00000000,56335.00000000,1223.32262000,60,60,False
1725555600000,1725559200000,56335.00000000,56614.00000000,56200.42000000,56602.99000000,893.08044000,60,60,False
1725559200000,1725562800000,56603.00000000,56710.00000000,56506.30000000,56548.99000000,602.59695000,60,60,False
1725562800000,1725566400000,56549.00000000,56568.00000000,55800.00000000,56060.01000000,1587.58365000,60,60,False
1725566400000,1725570000000,56060.00000000,56259.97000000,56010.00000000,56094.00000000,664.19636000,60,60,False
1725570000000,1725573600000,56094.00000000,56253.44000000,55643.65000000,56150.60000000,901.95735000,60,60,False
1725573600000,1725577200000,56150.59000000,56227.50000000,55783.00000000,56104.60000000,521.41259000,60,60,False
1725577200000,1725580800000,56104.99000000,56208.00000000,55993.45000000,56180.00000000,332.10249000,60,60,False
1725580800000,1725584400000,56180.00000000,56333.82000000,55989.00000000,56182.00000000,597.43117000,60,60,False
1725584400000,1725588000000,56182.01000000,56615.49000000,55993.00000000,56558.99000000,911.87979000,60,60,False
1725588000000,1725591600000,56559.00000000,56858.88000000,56499.87000000,56738.00000000,940.25226000,60,60,False
1725591600000,1725595200000,56738.00000000,56840.88000000,56532.00000000,56588.00000000,639.59002000,60,60,False
1725595200000,1725598800000,56588.01000000,56747.91000000,56585.29000000,56594.66000000,418.54986000,60,60,False
1725598800000,1725602400000,56594.67000000,56665.26000000,56295.49000000,56491.01000000,859.71721000,60,60,False
1725602400000,1725606000000,56491.01000000,56518.00000000,56278.57000000,56430.01000000,555.46099000,60,60,False
1725606000000,1725609600000,56430.01000000,56439.00000000,55280.00000000,55804.29000000,4110.12466000,60,60,False
1725609600000,1725613200000,55804.28000000,55938.42000000,55639.00000000,55783.01000000,1256.44684000,60,60,False
1725613200000,1725616800000,55783.01000000,55925.46000000,55676.72000000,55889.86000000,1042.62400000,60,60,False
1725616800000,1725620400000,55889.86000000,56262.11000000,55889.85000000,56178.01000000,890.38249000,60,60,False
1725620400000,1725624000000,56178.01000000,56252.00000000,55826.26000000,55999.09000000,926.80769000,60,60,False
1725624000000,1725627600000,55999.09000000,56944.59000000,55653.42000000,56873.99000000,5000.00747000,60,60,False
1725627600000,1725631200000,56873.99000000,57008.00000000,55849.80000000,55896.01000000,3481.49831000,60,60,False
1725631200000,1725634800000,55896.01000000,55936.00000000,54424.24000000,54733.24000000,7268.22081000,60,60,False
1725634800000,1725638400000,54734.00000000,55000.00000000,53808.00000000,54045.01000000,5387.23718000,60,60,False
1725638400000,1725642000000,54045.00000000,54256.00000000,53632.83000000,54074.00000000,3316.19995000,60,60,False
1725642000000,1725645600000,54074.00000000,54435.00000000,53705.78000000,53935.00000000,2443.31424000,60,60,False
1725645600000,1725649200000,53935.01000000,53995.00000000,53350.00000000,53352.67000000,2451.71241000,60,60,False
1725649200000,1725652800000,53352.67000000,53997.00000000,53267.54000000,53534.28000000,3103.27696000,60,60,False
1725652800000,1725656400000,53534.27000000,53800.00000000,52650.00000000,52887.99000000,4613.33459000,60,60,False
1725656400000,1725660000000,52888.00000000,53766.58000000,52550.00000000,53766.57000000,2677.79026000,60,60,False
1725660000000,1725663600000,53766.58000000,53856.82000000,53614.52000000,53644.01000000,858.28910000,60,60,False
1725663600000,1725667200000,53644.00000000,53969.99000000,53611.10000000,53962.97000000,697.62000000,60,60,False
1725667200000,1725670800000,53962.97000000,54095.65000000,53891.51000000,53914.00000000,800.05680000,60,60,False
1725670800000,1725674400000,53914.00000000,54000.11000000,53745.54000000,53813.37000000,690.46871000,60,60,False
1725674400000,1725678000000,53813.37000000,53945.42000000,53756.56000000,53802.00000000,418.47169000,60,60,False
1725678000000,1725681600000,53802.00000000,53873.81000000,53791.42000000,53818.91000000,374.19346000,60,60,False
1725681600000,1725685200000,53818.92000000,54061.10000000,53814.00000000,54060.59000000,413.16824000,60,60,False
1725685200000,1725688800000,54060.59000000,54381.10000000,54007.67000000,54185.01000000,1125.35224000,60,60,False
1725688800000,1725692400000,54185.01000000,54379.00000000,54028.22000000,54320.23000000,1117.41166000,60,60,False
1725692400000,1725696000000,54320.23000000,54405.37000000,54183.31000000,54286.00000000,1554.89451000,60,60,False
1725696000000,1725699600000,54286.00000000,54393.48000000,54189.60000000,54370.99000000,795.86330000,60,60,False
1725699600000,1725703200000,54371.00000000,54419.38000000,54168.23000000,54251.11000000,528.55394000,60,60,False
1725703200000,1725706800000,54251.11000000,54454.80000000,54247.00000000,54346.01000000,489.08196000,60,60,False
1725706800000,1725710400000,54346.01000000,54492.98000000,54264.54000000,54326.00000000,476.36642000,60,60,False
1725710400000,1725714000000,54326.01000000,54663.00000000,54326.00000000,54578.71000000,562.26084000,60,60,False
1725714000000,1725717600000,54578.72000000,54665.94000000,54404.00000000,54546.99000000,686.74052000,60,60,False
1725717600000,1725721200000,54547.00000000,54691.10000000,54488.41000000,54632.17000000,529.51042000,60,60,False
1725721200000,1725724800000,54632.17000000,54829.00000000,54600.00000000,54780.00000000,732.36309000,60,60,False
1725724800000,1725728400000,54780.00000000,54850.00000000,54434.84000000,54465.97000000,810.17573000,60,60,False
1725728400000,1725732000000,54465.97000000,54535.72000000,54000.00000000,54134.00000000,976.36036000,60,60,False
1725732000000,1725735600000,54134.00000000,54396.88000000,54037.00000000,54291.10000000,814.89276000,60,60,False
1725735600000,1725739200000,54291.10000000,54457.82000000,54231.10000000,54404.01000000,536.34811000,60,60,False
1725739200000,1725742800000,54404.01000000,54437.97000000,54166.00000000,54166.01000000,392.25408000,60,60,False
1725742800000,1725746400000,54166.01000000,54188.00000000,53867.00000000,53926.99000000,874.49354000,60,60,False
1725746400000,1725750000000,53927.00000000,54082.89000000,53868.00000000,53954.00000000,364.40500000,60,60,False
1725750000000,1725753600000,53954.00000000,54196.64000000,53814.01000000,54160.86000000,630.36036000,60,60,False
1725753600000,1725757200000,54160.86000000,54190.17000000,53964.00000000,54137.50000000,497.48026000,60,60,False
1725757200000,1725760800000,54137.50000000,54365.44000000,54136.00000000,54275.00000000,423.04988000,60,60,False
1725760800000,1725764400000,54274.99000000,54509.00000000,54274.99000000,54337.43000000,668.68659000,60,60,False
1725764400000,1725768000000,54337.44000000,54405.01000000,54266.88000000,54402.99000000,390.28341000,60,60,False
1725768000000,1725771600000,54402.98000000,54575.00000000,54371.10000000,54491.99000000,374.73132000,60,60,False
1725771600000,1725775200000,54492.00000000,54518.75000000,54327.52000000,54344.01000000,365.61789000,60,60,False
1725775200000,1725778800000,54344.01000000,54419.99000000,54261.10000000,54292.01000000,445.26758000,60,60,False
1725778800000,1725782400000,54292.01000000,54525.00000000,54292.00000000,54436.25000000,536.61685000,60,60,False
1725782400000,1725786000000,54436.25000000,54500.01000000,54356.00000000,54480.00000000,304.76109000,60,60,False
1725786000000,1725789600000,54480.00000000,54722.85000000,54456.01000000,54456.02000000,793.52683000,60,60,False
1725789600000,1725793200000,54456.02000000,54643.20000000,54440.00000000,54608.01000000,375.08850000,60,60,False
1725793200000,1725796800000,54608.01000000,54669.60000000,54517.39000000,54556.08000000,292.35522000,60,60,False
1725796800000,1725800400000,54556.08000000,54567.00000000,54095.52000000,54194.70000000,792.46432000,60,60,False
1725800400000,1725804000000,54194.71000000,54399.00000000,54072.01000000,54399.00000000,630.64238000,60,60,False
1725804000000,1725807600000,54398.99000000,54444.00000000,54041.61000000,54149.50000000,632.85213000,60,60,False
1725807600000,1725811200000,54149.51000000,54189.99000000,53640.00000000,53687.00000000,1444.45724000,60,60,False
1725811200000,1725814800000,53686.99000000,54024.56000000,53629.01000000,53907.18000000,781.00754000,60,60,False
1725814800000,1725818400000,53907.18000000,54519.30000000,53907.17000000,54510.01000000,810.89877000,60,60,False
1725818400000,1725822000000,54510.00000000,54531.10000000,54277.00000000,54412.01000000,433.05093000,60,60,False
1725822000000,1725825600000,54412.01000000,54475.00000000,54317.00000000,54337.01000000,264.25083000,60,60,False
1725825600000,1725829200000,54337.02000000,54384.00000000,54184.00000000,54379.02000000,364.27157000,60,60,False
1725829200000,1725832800000,54379.01000000,54619.84000000,54299.89000000,54464.00000000,663.07010000,60,60,False
1725832800000,1725836400000,54463.99000000,55318.00000000,54367.50000000,54530.00000000,2894.91447000,60,60,False
1725836400000,1725840000000,54530.00000000,54975.00000000,54424.75000000,54869.95000000,1094.80209000,60,60,False
1725840000000,1725843600000,54869.95000000,55210.00000000,54688.69000000,55045.00000000,1414.80055000,60,60,False
1725843600000,1725847200000,55045.01000000,55370.23000000,54901.10000000,55103.99000000,1831.55993000,60,60,False
1725847200000,1725850800000,55104.00000000,55137.00000000,54851.10000000,55113.00000000,623.14252000,60,60,False
1725850800000,1725854400000,55113.01000000,55215.74000000,54764.68000000,55115.00000000,1030.08827000,60,60,False
1725854400000,1725858000000,55115.00000000,55150.00000000,54849.64000000,54849.65000000,1034.90046000,60,60,False
1725858000000,1725861600000,54849.65000000,54935.39000000,54591.96000000,54668.00000000,745.99128000,60,60,False
1725861600000,1725865200000,54668.00000000,54971.10000000,54644.01000000,54898.00000000,593.88858000,60,60,False
1725865200000,1725868800000,54898.00000000,55010.87000000,54730.00000000,54974.01000000,716.38164000,60,60,False
1725868800000,1725872400000,54974.01000000,55341.78000000,54960.00000000,55244.00000000,1100.18154000,60,60,False
1725872400000,1725876000000,55244.00000000,55555.00000000,55102.00000000,55152.00000000,988.10681000,60,60,False
1725876000000,1725879600000,55152.00000000,55457.51000000,55100.00000000,55364.00000000,816.93047000,60,60,False
1725879600000,1725883200000,55364.00000000,55386.00000000,55159.91000000,55264.87000000,523.95744000,60,60,False
1725883200000,1725886800000,55264.87000000,55356.00000000,54965.71000000,55341.10000000,801.65503000,60,60,False
1725886800000,1725890400000,55341.10000000,55799.00000000,55252.00000000,55686.92000000,1851.55425000,60,60,False
1725890400000,1725894000000,55686.93000000,55750.00000000,54804.00000000,54840.01000000,2380.62272000,60,60,False
1725894000000,1725897600000,54840.00000000,55470.00000000,54828.00000000,55386.00000000,1508.65033000,60,60,False
1725897600000,1725901200000,55385.99000000,56525.14000000,55348.54000000,56430.11000000,3509.02955000,60,60,False
1725901200000,1725904800000,56430.11000000,56775.24000000,56339.51000000,56514.00000000,1860.60515000,60,60,False
1725904800000,1725908400000,56514.00000000,56650.00000000,56264.00000000,56530.00000000,1814.74824000,60,60,False
1725908400000,1725912000000,56529.99000000,57177.00000000,56482.00000000,57089.54000000,1869.53558000,60,60,False
1725912000000,1725915600000,57089.53000000,57128.00000000,56810.00000000,57007.98000000,788.17451000,60,60,False
1725915600000,1725919200000,57007.98000000,58088.00000000,57002.93000000,57454.27000000,2977.36994000,60,60,False
1725919200000,1725922800000,57454.27000000,57620.00000000,57184.32000000,57216.00000000,786.55970000,60,60,False
1725922800000,1725926400000,57216.01000000,57265.13000000,56998.19000000,57042.00000000,816.08288000,60,60,False
1725926400000,1725930000000,57042.01000000,57065.34000000,56624.50000000,56982.01000000,1449.29090000,60,60,False
1725930000000,1725933600000,56982.01000000,57050.72000000,56709.16000000,56900.00000000,849.86814000,60,60,False
1725933600000,1725937200000,56900.00000000,56911.09000000,56635.80000000,56775.28000000,612.49789000,60,60,False
1725937200000,1725940800000,56775.27000000,56802.00000000,56522.86000000,56524.74000000,677.60914000,60,60,False
1725940800000,1725944400000,56524.74000000,56739.40000000,56386.40000000,56609.99000000,816.27974000,60,60,False
1725944400000,1725948000000,56610.00000000,56966.00000000,56591.10000000,56945.45000000,611.35477000,60,60,False
1725948000000,1725951600000,56945.45000000,56945.45000000,56771.10000000,56825.99000000,466.45247000,60,60,False
1725951600000,1725955200000,56826.00000000,57290.00000000,56773.43000000,57218.57000000,1075.89816000,60,60,False
1725955200000,1725958800000,57218.56000000,57378.00000000,56990.00000000,57046.99000000,1189.37056000,60,60,False
1725958800000,1725962400000,57046.99000000,57273.52000000,56878.65000000,57086.01000000,1085.49639000,60,60,False
1725962400000,1725966000000,57086.01000000,57184.22000000,56947.13000000,57170.00000000,558.15752000,60,60,False
1725966000000,1725969600000,57170.00000000,57260.00000000,57018.00000000,57228.00000000,690.71799000,60,60,False
1725969600000,1725973200000,57228.01000000,57468.98000000,57162.00000000,57203.19000000,870.91615000,60,60,False
1725973200000,1725976800000,57203.20000000,57204.00000000,56630.56000000,56741.09000000,1992.90587000,60,60,False
1725976800000,1725980400000,56741.10000000,57165.99000000,56502.31000000,56941.09000000,1919.82830000,60,60,False
1725980400000,1725984000000,56941.09000000,57210.00000000,56596.00000000,56596.00000000,1353.37693000,60,60,False
1725984000000,1725987600000,56596.01000000,56945.94000000,56566.00000000,56819.60000000,788.17727000,60,60,False
1725987600000,1725991200000,56819.59000000,57380.00000000,56795.05000000,57175.96000000,1100.35899000,60,60,False
1725991200000,1725994800000,57175.96000000,57978.41000000,57175.96000000,57581.99000000,1752.37098000,60,60,False
1725994800000,1725998400000,57581.99000000,58044.36000000,57334.01000000,57952.01000000,1395.59965000,60,60,False
1725998400000,1726002000000,57952.01000000,57975.99000000,57545.02000000,57567.89000000,763.18706000,60,60,False
1726002000000,1726005600000,57567.89000000,57754.00000000,57455.72000000,57507.99000000,537.18530000,60,60,False
1726005600000,1726009200000,57508.00000000,57677.64000000,57453.00000000,57615.85000000,374.58263000,60,60,False
1726009200000,1726012800000,57615.86000000,57870.00000000,57581.05000000,57635.99000000,695.29846000,60,60,False
1726012800000,1726016400000,57635.99000000,57687.71000000,57438.34000000,57640.50000000,455.10120000,60,60,False
1726016400000,1726020000000,57640.51000000,57750.00000000,56681.32000000,56717.99000000,2058.25846000,60,60,False
1726020000000,1726023600000,56717.99000000,57180.98000000,56696.93000000,56921.10000000,1296.56648000,60,60,False
1726023600000,1726027200000,56921.11000000,56971.10000000,56688.40000000,56819.55000000,825.15952000,60,60,False
1726027200000,1726030800000,56819.56000000,56819.56000000,56252.00000000,56530.50000000,1669.11700000,60,60,False
1726030800000,1726034400000,56530.51000000,56539.99000000,56100.00000000,56244.00000000,925.68105000,60,60,False
1726034400000,1726038000000,56244.00000000,56578.00000000,56174.00000000,56460.00000000,842.41486000,60,60,False
1726038000000,1726041600000,56460.00000000,56783.10000000,56460.00000000,56712.00000000,923.92737000,60,60,False
1726041600000,1726045200000,56712.01000000,56716.13000000,56325.70000000,56398.00000000,771.50692000,60,60,False
1726045200000,1726048800000,56398.01000000,56741.24000000,56381.67000000,56677.99000000,797.07803000,60,60,False
1726048800000,1726052400000,56678.00000000,56700.00000000,56328.26000000,56510.00000000,1570.34775000,60,60,False
1726052400000,1726056000000,56510.00000000,56895.82000000,56507.39000000,56797.99000000,1155.69961000,60,60,False
1726056000000,1726059600000,56798.00000000,56915.66000000,56279.42000000,56748.01000000,2511.69575000,60,60,False
1726059600000,1726063200000,56748.00000000,57166.66000000,55710.70000000,55740.00000000,3577.27957000,60,60,False
1726063200000,1726066800000,55740.01000000,56024.00000000,55545.19000000,55974.00000000,2432.24783000,60,60,False
1726066800000,1726070400000,55974.00000000,57003.99000000,55852.00000000,56701.23000000,2304.21875000,60,60,False
1726070400000,1726074000000,56701.22000000,57514.47000000,56646.00000000,57312.00000000,2083.08795000,60,60,False
1726074000000,1726077600000,57311.99000000,57868.47000000,57254.00000000,57694.00000000,2295.97581000,60,60,False
1726077600000,1726081200000,57694.00000000,57981.71000000,57377.50000000,57500.00000000,2079.80815000,60,60,False
1726081200000,1726084800000,57499.99000000,57776.32000000,57325.38000000,57585.50000000,853.90969000,60,60,False
1726084800000,1726088400000,57585.50000000,57676.83000000,57438.00000000,57486.00000000,457.00677000,60,60,False
1726088400000,1726092000000,57486.01000000,57558.00000000,57252.00000000,57352.00000000,369.41938000,60,60,False
1726092000000,1726095600000,57352.00000000,57468.00000000,57211.10000000,57467.99000000,413.39490000,60,60,False
1726095600000,1726099200000,57468.00000000,57508.00000000,57310.97000000,57338.00000000,357.66477000,60,60,False
1726099200000,1726102800000,57338.00000000,57907.90000000,57324.00000000,57626.01000000,1283.19916000,60,60,False
1726102800000,1726106400000,57626.01000000,58275.00000000,57597.80000000,58137.74000000,1210.69319000,60,60,False
1726106400000,1726110000000,58137.74000000,58470.01000000,57827.61000000,57946.28000000,1728.57135000,60,60,False
1726110000000,1726113600000,57946.29000000,58335.53000000,57946.28000000,58232.72000000,702.63656000,60,60,False
1726113600000,1726117200000,58232.73000000,58430.56000000,58160.00000000,58181.98000000,777.70022000,60,60,False
1726117200000,1726120800000,58181.99000000,58181.99000000,57909.92000000,57968.01000000,1279.37595000,60,60,False
1726120800000,1726124400000,57968.01000000,58100.11000000,57836.28000000,57947.99000000,1070.22732000,60,60,False
1726124400000,1726128000000,57948.00000000,58148.00000000,57876.00000000,58138.16000000,677.87543000,60,60,False
1726128000000,1726131600000,58138.15000000,58350.00000000,58100.00000000,58171.06000000,1100.64695000,60,60,False
1726131600000,1726135200000,58171.06000000,58250.00000000,57980.00000000,58022.00000000,578.59489000,60,60,False
1726135200000,1726138800000,58022.00000000,58098.00000000,57929.07000000,57930.41000000,804.75125000,60,60,False
1726138800000,1726142400000,57930.41000000,58146.17000000,57894.00000000,58057.99000000,919.41988000,60,60,False
1726142400000,1726146000000,58058.00000000,58162.11000000,57583.29000000,57691.56000000,1845.08693000,60,60,False
1726146000000,1726149600000,57691.55000000,57875.99000000,57345.23000000,57627.99000000,2310.27986000,60,60,False
1726149600000,1726153200000,57628.00000000,58588.00000000,57541.29000000,57541.29000000,3152.10176000,60,60,False
1726153200000,1726156800000,57541.30000000,57878.77000000,57408.41000000,57512.03000000,1840.14849000,60,60,False
1726156800000,1726160400000,57512.03000000,58125.00000000,57494.01000000,58065.99000000,894.00799000,60,60,False
1726160400000,1726164000000,58065.99000000,58410.00000000,58007.56000000,58389.10000000,1014.58403000,60,60,False
1726164000000,1726167600000,58389.11000000,58450.99000000,57949.18000000,58181.99000000,1519.66560000,60,60,False
1726167600000,1726171200000,58181.99000000,58442.86000000,58129.13000000,58388.00000000,2503.13125000,60,60,False
1726171200000,1726174800000,58388.00000000,58388.00000000,58085.09000000,58199.99000000,1796.87711000,60,60,False
1726174800000,1726178400000,58199.99000000,58385.81000000,57781.10000000,57921.11000000,1313.07343000,60,60,False
1726178400000,1726182000000,57921.10000000,58260.00000000,57904.18000000,58143.34000000,416.62633000,60,60,False
1726182000000,1726185600000,58143.33000000,58190.38000000,58031.00000000,58132.32000000,335.13138000,60,60,False
1726185600000,1726189200000,58132.31000000,58244.00000000,57999.90000000,58031.14000000,460.24187000,60,60,False
1726189200000,1726192800000,58031.14000000,58290.40000000,57876.90000000,58129.99000000,802.88113000,60,60,False
1726192800000,1726196400000,58129.98000000,58170.00000000,57974.00000000,58050.80000000,414.94887000,60,60,False
1726196400000,1726200000000,58050.80000000,58070.00000000,57798.49000000,57845.97000000,671.10826000,60,60,False
1726200000000,1726203600000,57845.97000000,57985.99000000,57804.01000000,57844.00000000,324.13177000,60,60,False
1726203600000,1726207200000,57844.00000000,58024.89000000,57833.97000000,57946.00000000,539.69127000,60,60,False
1726207200000,1726210800000,57946.01000000,57952.00000000,57742.00000000,57767.01000000,553.36201000,60,60,False
1726210800000,1726214400000,57767.00000000,58137.68000000,57767.00000000,58109.31000000,626.44185000,60,60,False
1726214400000,1726218000000,58109.31000000,58150.00000000,57898.56000000,57953.64000000,551.14525000,60,60,False
1726218000000,1726221600000,57953.63000000,58146.84000000,57924.00000000,58058.60000000,555.03453000,60,60,False
1726221600000,1726225200000,58058.60000000,58350.00000000,58031.11000000,58343.99000000,603.13646000,60,60,False
1726225200000,1726228800000,58343.99000000,58343.99000000,57815.00000000,57871.10000000,933.49267000,60,60,False
1726228800000,1726232400000,57871.10000000,57951.10000000,57632.62000000,57910.00000000,1463.01336000,60,60,False
1726232400000,1726236000000,57910.01000000,58157.12000000,57686.67000000,58056.01000000,1359.25546000,60,60,False
1726236000000,1726239600000,58056.00000000,58553.01000000,57833.38000000,58456.89000000,2473.04952000,60,60,False
1726239600000,1726243200000,58456.89000000,59723.97000000,58362.00000000,59667.38000000,4934.87479000,60,60,False
1726243200000,1726246800000,59666.01000000,59796.70000000,59312.01000000,59452.31000000,2444.84234000,60,60,False
1726246800000,1726250400000,59452.31000000,59971.17000000,59444.04000000,59584.00000000,1593.31149000,60,60,False
1726250400000,1726254000000,59584.00000000,59900.00000000,59478.00000000,59752.17000000,1119.07510000,60,60,False
1726254000000,1726257600000,59752.17000000,59999.00000000,59652.72000000,59743.99000000,1281.66571000,60,60,False
1726257600000,1726261200000,59743.99000000,59956.00000000,59633.40000000,59838.52000000,643.70741000,60,60,False
1726261200000,1726264800000,59838.52000000,60358.00000000,59822.00000000,60283.86000000,2104.71656000,60,60,False
1726264800000,1726268400000,60283.85000000,60625.00000000,60240.00000000,60608.00000000,2041.22233000,60,60,False
1726268400000,1726272000000,60608.00000000,60623.48000000,60169.00000000,60498.00000000,1330.88332000,60,60,False
1726272000000,1726275600000,60497.99000000,60610.45000000,60372.77000000,60414.39000000,753.37252000,60,60,False
1726275600000,1726279200000,60414.39000000,60595.70000000,60406.06000000,60406.06000000,590.92967000,60,60,False
1726279200000,1726282800000,60406.06000000,60496.00000000,60285.55000000,60287.99000000,465.87729000,60,60,False
1726282800000,1726286400000,60288.00000000,60431.98000000,60287.99000000,60329.37000000,465.89329000,60,60,False
1726286400000,1726290000000,60329.38000000,60348.24000000,60184.86000000,60213.05000000,480.76008000,60,60,False
1726290000000,1726293600000,60213.06000000,60242.47000000,59900.32000000,59926.00000000,1113.74602000,60,60,False
1726293600000,1726297200000,59926.00000000,60079.36000000,59900.00000000,60046.00000000,484.87910000,60,60,False
1726297200000,1726300800000,60046.01000000,60174.00000000,59998.01000000,60138.14000000,440.82171000,60,60,False
1726300800000,1726304400000,60138.14000000,60156.00000000,59933.94000000,59973.99000000,480.77595000,60,60,False
1726304400000,1726308000000,59973.99000000,60070.21000000,59858.58000000,60070.20000000,651.32309000,60,60,False
1726308000000,1726311600000,60070.20000000,60070.21000000,59789.32000000,59851.09000000,515.51731000,60,60,False
1726311600000,1726315200000,59851.10000000,59851.10000000,59605.98000000,59706.39000000,556.27985000,60,60,False
1726315200000,1726318800000,59706.40000000,59851.27000000,59626.01000000,59794.03000000,405.89240000,60,60,False
1726318800000,1726322400000,59794.03000000,59794.03000000,59646.00000000,59769.11000000,348.56935000,60,60,False
1726322400000,1726326000000,59769.11000000,60010.00000000,59706.00000000,59914.00000000,646.73823000,60,60,False
1726326000000,1726329600000,59914.00000000,59949.11000000,59828.07000000,59876.00000000,303.09513000,60,60,False
1726329600000,1726333200000,59875.99000000,59982.00000000,59838.22000000,59981.99000000,298.03992000,60,60,False
1726333200000,1726336800000,59982.00000000,59983.39000000,59854.32000000,59885.26000000,222.91264000,60,60,False
1726336800000,1726340400000,59885.26000000,59897.79000000,59400.00000000,59786.00000000,1444.64627000,60,60,False
1726340400000,1726344000000,59786.01000000,59903.56000000,59735.16000000,59810.00000000,168.39931000,60,60,False
1726344000000,1726347600000,59810.01000000,60134.13000000,59774.00000000,60024.01000000,575.12177000,60,60,False
1726347600000,1726351200000,60024.02000000,60056.71000000,59950.21000000,60036.00000000,259.37223000,60,60,False
1726351200000,1726354800000,60036.01000000,60125.00000000,59940.00000000,60006.97000000,279.16570000,60,60,False
1726354800000,1726358400000,60006.97000000,60050.00000000,59936.91000000,59993.03000000,185.78018000,60,60,False
1726358400000,1726362000000,59993.02000000,60119.42000000,59986.01000000,60025.95000000,194.47345000,60,60,False
1726362000000,1726365600000,60025.95000000,60280.06000000,60025.95000000,60235.22000000,503.55364000,60,60,False
1726365600000,1726369200000,60235.22000000,60267.86000000,60116.00000000,60238.01000000,363.73600000,60,60,False
1726369200000,1726372800000,60238.01000000,60238.57000000,60134.00000000,60155.93000000,174.35633000,60,60,False
1726372800000,1726376400000,60155.93000000,60216.00000000,60032.90000000,60117.99000000,443.84071000,60,60,False
1726376400000,1726380000000,60118.00000000,60214.89000000,60117.99000000,60160.00000000,199.50456000,60,60,False
1726380000000,1726383600000,60160.00000000,60183.02000000,60144.17000000,60164.01000000,164.76842000,60,60,False
1726383600000,1726387200000,60164.01000000,60214.34000000,60129.93000000,60196.00000000,213.48898000,60,60,False
1726387200000,1726390800000,60195.99000000,60204.00000000,60044.00000000,60069.99000000,270.79467000,60,60,False
1726390800000,1726394400000,60069.99000000,60105.74000000,60009.96000000,60016.00000000,215.67193000,60,60,False
1726394400000,1726398000000,60016.01000000,60042.00000000,59880.00000000,59991.30000000,349.39558000,60,60,False
1726398000000,1726401600000,59991.31000000,60034.00000000,59894.00000000,60000.51000000,327.68379000,60,60,False
1726401600000,1726405200000,60000.51000000,60118.00000000,59949.99000000,60104.39000000,326.54419000,60,60,False
1726405200000,1726408800000,60104.39000000,60350.98000000,60085.62000000,60189.98000000,716.18863000,60,60,False
1726408800000,1726412400000,60189.99000000,60280.00000000,59871.00000000,60279.52000000,542.27478000,60,60,False
1726412400000,1726416000000,60279.51000000,60395.80000000,60170.75000000,60335.41000000,527.80420000,60,60,False
1726416000000,1726419600000,60335.41000000,60352.65000000,59934.54000000,59950.05000000,949.54284000,60,60,False
1726419600000,1726423200000,59950.05000000,60042.63000000,59707.08000000,59814.07000000,965.11031000,60,60,False
1726423200000,1726426800000,59814.07000000,60181.80000000,59746.00000000,59971.09000000,854.93726000,60,60,False
1726426800000,1726430400000,59971.09000000,60140.00000000,59812.00000000,59878.22000000,476.15894000,60,60,False
1726430400000,1726434000000,59878.23000000,59939.10000000,59691.10000000,59795.99000000,498.98533000,60,60,False
1726434000000,1726437600000,59796.00000000,59797.15000000,59479.06000000,59651.69000000,751.06314000,60,60,False
1726437600000,1726441200000,59651.70000000,59670.15000000,59392.00000000,59430.31000000,654.83091000,60,60,False
1726441200000,1726444800000,59430.30000000,59456.00000000,58691.05000000,59132.00000000,3073.21502000,60,60,False
1726444800000,1726448400000,59132.00000000,59210.70000000,58606.30000000,58666.36000000,1563.34944000,60,60,False
1726448400000,1726452000000,58666.36000000,58798.00000000,58420.00000000,58607.07000000,1323.60665000,60,60,False
1726452000000,1726455600000,58607.07000000,58670.62000000,58112.00000000,58263.99000000,1538.51475000,60,60,False
1726455600000,1726459200000,58263.99000000,58606.00000000,58218.00000000,58575.09000000,945.36776000,60,60,False
1726459200000,1726462800000,58575.09000000,58592.00000000,58312.54000000,58352.00000000,895.94436000,60,60,False
1726462800000,1726466400000,58351.99000000,58670.01000000,58343.70000000,58670.00000000,966.19076000,60,60,False
1726466400000,1726470000000,58670.00000000,58863.86000000,58628.00000000,58707.43000000,937.81199000,60,60,False
1726470000000,1726473600000,58707.43000000,58970.00000000,58668.89000000,58911.10000000,633.50300000,60,60,False
1726473600000,1726477200000,58911.10000000,59179.35000000,58854.86000000,58924.98000000,833.50487000,60,60,False
1726477200000,1726480800000,58924.98000000,59032.20000000,58579.27000000,58636.54000000,1072.98491000,60,60,False
1726480800000,1726484400000,58636.54000000,58750.00000000,58506.00000000,58749.99000000,681.17224000,60,60,False
1726484400000,1726488000000,58749.99000000,58835.84000000,58652.00000000,58663.99000000,682.69309000,60,60,False
1726488000000,1726491600000,58664.00000000,58789.93000000,58419.91000000,58527.99000000,802.53453000,60,60,False
1726491600000,1726495200000,58527.99000000,58610.10000000,58021.00000000,58497.10000000,2094.22366000,60,60,False
1726495200000,1726498800000,58497.11000000,58560.44000000,57555.00000000,57604.00000000,2696.19159000,60,60,False
1726498800000,1726502400000,57604.00000000,58000.00000000,57553.38000000,57881.69000000,1357.33170000,60,60,False
1726502400000,1726506000000,57881.70000000,57951.86000000,57676.93000000,57809.98000000,1124.43570000,60,60,False
1726506000000,1726509600000,57809.98000000,58263.84000000,57493.30000000,58176.01000000,1913.78305000,60,60,False
1726509600000,1726513200000,58176.00000000,58192.00000000,57701.56000000,57896.00000000,1221.41424000,60,60,False
1726513200000,1726516800000,57896.00000000,58030.00000000,57797.56000000,57943.99000000,668.26015000,60,60,False
1726516800000,1726520400000,57943.99000000,58172.50000000,57642.00000000,57687.99000000,741.16452000,60,60,False
1726520400000,1726524000000,57688.00000000,57995.50000000,57608.00000000,57995.50000000,834.60810000,60,60,False
1726524000000,1726527600000,57995.50000000,58037.62000000,57842.00000000,57970.01000000,360.27336000,60,60,False
1726527600000,1726531200000,57970.01000000,58410.00000000,57970.01000000,58213.99000000,588.69978000,60,60,False
1726531200000,1726534800000,58213.99000000,58343.99000000,57610.01000000,57630.01000000,875.34452000,60,60,False
1726534800000,1726538400000,57630.01000000,57960.00000000,57622.00000000,57896.00000000,525.18524000,60,60,False
1726538400000,1726542000000,57896.00000000,58211.10000000,57837.17000000,58115.52000000,590.35788000,60,60,False
1726542000000,1726545600000,58115.53000000,58148.84000000,58011.10000000,58060.00000000,408.80369000,60,60,False
1726545600000,1726549200000,58060.00000000,58350.03000000,58028.00000000,58246.01000000,584.36182000,60,60,False
1726549200000,1726552800000,58246.00000000,58779.08000000,58232.87000000,58642.76000000,613.92189000,60,60,False
1726552800000,1726556400000,58642.62000000,58670.00000000,58450.00000000,58488.00000000,412.51616000,60,60,False
1726556400000,1726560000000,58488.00000000,58711.10000000,58452.78000000,58695.39000000,790.90366000,60,60,False
1726560000000,1726563600000,58695.39000000,58863.00000000,58636.36000000,58792.00000000,734.10993000,60,60,False
1726563600000,1726567200000,58792.00000000,59079.99000000,58702.01000000,58966.48000000,818.33697000,60,60,False
1726567200000,1726570800000,58966.47000000,59275.00000000,58898.37000000,59236.00000000,1000.86967000,60,60,False
1726570800000,1726574400000,59235.99000000,59300.00000000,59032.66000000,59080.99000000,849.73416000,60,60,False
1726574400000,1726578000000,59080.99000000,59445.76000000,59044.06000000,59381.10000000,1419.68743000,60,60,False
1726578000000,1726581600000,59381.10000000,59416.00000000,58872.02000000,58966.00000000,1805.65841000,60,60,False
1726581600000,1726585200000,58966.00000000,60406.18000000,58940.00000000,60265.17000000,5356.27751000,60,60,False
1726585200000,1726588800000,60265.99000000,61320.00000000,60220.90000000,61135.50000000,5936.88721000,60,60,False
1726588800000,1726592400000,61135.49000000,61261.00000000,60725.11000000,60873.86000000,2324.36181000,60,60,False
1726592400000,1726596000000,60873.86000000,60999.00000000,60686.36000000,60958.37000000,1409.46651000,60,60,False
1726596000000,1726599600000,60958.37000000,61075.39000000,60363.81000000,60540.17000000,1305.76779000,60,60,False
1726599600000,1726603200000,60540.17000000,60696.48000000,59618.26000000,59967.99000000,2112.05320000,60,60,False
1726603200000,1726606800000,59967.98000000,60342.85000000,59715.42000000,60120.00000000,1665.06151000,60,60,False
1726606800000,1726610400000,60119.99000000,60424.25000000,60105.01000000,60334.07000000,662.68788000,60,60,False
1726610400000,1726614000000,60334.07000000,60343.99000000,60122.50000000,60240.01000000,424.37655000,60,60,False
1726614000000,1726617600000,60240.01000000,60324.00000000,60005.31000000,60313.99000000,489.52738000,60,60,False
1726617600000,1726621200000,60313.99000000,60334.00000000,59854.60000000,60240.00000000,1066.36130000,60,60,False
1726621200000,1726624800000,60240.01000000,60330.05000000,59988.41000000,60114.00000000,650.41247000,60,60,False
1726624800000,1726628400000,60114.00000000,60361.00000000,60073.09000000,60352.00000000,455.14795000,60,60,False
1726628400000,1726632000000,60352.00000000,60769.00000000,60348.51000000,60509.99000000,1819.91935000,60,60,False
1726632000000,1726635600000,60510.00000000,60689.62000000,60318.00000000,60429.99000000,604.50439000,60,60,False
1726635600000,1726639200000,60429.99000000,60429.99000000,60199.68000000,60241.07000000,421.02101000,60,60,False
1726639200000,1726642800000,60241.07000000,60488.96000000,60204.00000000,60453.99000000,379.01087000,60,60,False
1726642800000,1726646400000,60453.99000000,60541.65000000,60334.00000000,60428.01000000,428.78480000,60,60,False
1726646400000,1726650000000,60428.01000000,60428.01000000,60086.54000000,60198.05000000,630.96889000,60,60,False
1726650000000,1726653600000,60198.05000000,60198.06000000,59654.77000000,59654.77000000,1334.23239000,60,60,False
1726653600000,1726657200000,59654.76000000,59924.00000000,59348.88000000,59907.49000000,2111.03734000,60,60,False
1726657200000,1726660800000,59907.50000000,60000.00000000,59821.81000000,59846.00000000,451.89241000,60,60,False
1726660800000,1726664400000,59846.00000000,60000.00000000,59689.57000000,59978.24000000,829.14742000,60,60,False
1726664400000,1726668000000,59978.24000000,60160.00000000,59308.61000000,59508.50000000,1920.77662000,60,60,False
1726668000000,1726671600000,59508.50000000,59776.00000000,59340.00000000,59487.60000000,1376.14090000,60,60,False
1726671600000,1726675200000,59487.61000000,59757.06000000,59320.00000000,59429.18000000,991.84446000,60,60,False
1726675200000,1726678800000,59429.19000000,59954.00000000,59174.80000000,59915.26000000,1247.00154000,60,60,False
1726678800000,1726682400000,59915.26000000,60247.69000000,59485.45000000,60013.01000000,1472.53323000,60,60,False
1726682400000,1726686000000,60013.02000000,61318.60000000,59759.84000000,60629.79000000,8768.74537000,60,60,False
1726686000000,1726689600000,60629.79000000,60745.99000000,59987.25000000,60057.99000000,3156.74947000,60,60,False
1726689600000,1726693200000,60057.99000000,60320.00000000,59473.68000000,60230.01000000,2083.48272000,60,60,False
1726693200000,1726696800000,60230.01000000,60496.95000000,60168.04000000,60199.46000000,808.61440000,60,60,False
1726696800000,1726700400000,60199.46000000,60700.00000000,60194.00000000,60684.78000000,732.26197000,60,60,False
1726700400000,1726704000000,60684.78000000,61786.24000000,60680.00000000,61759.99000000,2346.43342000,60,60,False
1726704000000,1726707600000,61759.98000000,62589.52000000,61704.02000000,62226.00000000,4317.11457000,60,60,False
1726707600000,1726711200000,62226.00000000,62316.00000000,61555.00000000,62005.99000000,1884.00728000,60,60,False
1726711200000,1726714800000,62006.00000000,62329.00000000,61799.90000000,62204.32000000,1425.98063000,60,60,False
1726714800000,1726718400000,62204.32000000,62278.00000000,61998.29000000,62117.99000000,717.19002000,60,60,False
1726718400000,1726722000000,62117.98000000,62150.00000000,61892.10000000,62082.00000000,600.47755000,60,60,False
1726722000000,1726725600000,62082.00000000,62179.99000000,61902.00000000,61990.42000000,730.33282000,60,60,False
1726725600000,1726729200000,61990.42000000,62124.00000000,61814.00000000,62020.60000000,758.55786000,60,60,False
1726729200000,1726732800000,62020.60000000,62176.21000000,61923.45000000,62093.99000000,1270.87999000,60,60,False
1726732800000,1726736400000,62094.00000000,62197.39000000,61888.18000000,61932.00000000,668.50319000,60,60,False
1726736400000,1726740000000,61932.01000000,62349.00000000,61892.00000000,62272.01000000,905.48226000,60,60,False
1726740000000,1726743600000,62272.01000000,62727.52000000,62272.00000000,62320.01000000,1169.11847000,60,60,False
1726743600000,1726747200000,62320.00000000,62708.00000000,62242.00000000,62645.44000000,942.55837000,60,60,False
1726747200000,1726750800000,62645.44000000,63200.00000000,62582.14000000,62924.07000000,3495.58417000,60,60,False
1726750800000,1726754400000,62924.06000000,63370.50000000,62690.00000000,63035.98000000,2426.97861000,60,60,False
1726754400000,1726758000000,63035.98000000,63500.84000000,62888.00000000,62935.83000000,2941.04278000,60,60,False
1726758000000,1726761600000,62935.84000000,63355.00000000,62810.68000000,63154.04000000,1302.93609000,60,60,False
1726761600000,1726765200000,63154.03000000,63675.97000000,62940.00000000,63556.92000000,1836.99145000,60,60,False
1726765200000,1726768800000,63556.92000000,63850.00000000,63279.35000000,63709.22000000,2038.38188000,60,60,False
1726768800000,1726772400000,63709.22000000,63776.99000000,63490.00000000,63628.00000000,1122.13495000,60,60,False
1726772400000,1726776000000,63628.01000000,63639.69000000,63149.44000000,63251.99000000,1057.33622000,60,60,False
1726776000000,1726779600000,63251.99000000,63254.14000000,62961.20000000,63016.74000000,664.18566000,60,60,False
1726779600000,1726783200000,63016.75000000,63168.75000000,62879.76000000,62879.76000000,655.95987000,60,60,False
1726783200000,1726786800000,62879.76000000,63086.01000000,62650.00000000,62940.01000000,1048.49106000,60,60,False
1726786800000,1726790400000,62940.01000000,63070.00000000,62900.01000000,62947.99000000,352.30033000,60,60,False
1726790400000,1726794000000,62948.00000000,63010.00000000,62663.72000000,62756.40000000,804.40766000,60,60,False
1726794000000,1726797600000,62756.39000000,63184.54000000,62606.00000000,63037.99000000,1034.87387000,60,60,False
1726797600000,1726801200000,63037.99000000,63125.01000000,62819.85000000,63125.01000000,602.69311000,60,60,False
1726801200000,1726804800000,63125.01000000,63750.00000000,63086.95000000,63742.16000000,1179.84226000,60,60,False
1726804800000,1726808400000,63742.15000000,64133.32000000,63670.30000000,63843.81000000,2897.89215000,60,60,False
1726808400000,1726812000000,63843.81000000,64033.99000000,63608.81000000,63809.99000000,1264.42506000,60,60,False
1726812000000,1726815600000,63810.00000000,63925.32000000,63636.00000000,63795.33000000,977.43992000,60,60,False
1726815600000,1726819200000,63795.34000000,63795.34000000,63390.32000000,63524.80000000,1498.59593000,60,60,False
1726819200000,1726822800000,63524.81000000,63530.00000000,63090.43000000,63298.91000000,1303.94156000,60,60,False
1726822800000,1726826400000,63298.91000000,63554.99000000,63264.01000000,63468.00000000,760.64387000,60,60,False
1726826400000,1726830000000,63468.00000000,63677.99000000,63350.93000000,63664.00000000,642.71135000,60,60,False
1726830000000,1726833600000,63664.01000000,63700.00000000,63344.00000000,63440.00000000,1036.45468000,60,60,False
1726833600000,1726837200000,63440.01000000,63544.37000000,63332.89000000,63417.45000000,666.52531000,60,60,False
1726837200000,1726840800000,63417.45000000,63450.00000000,62676.90000000,62836.46000000,2118.70560000,60,60,False
1726840800000,1726844400000,62836.46000000,63506.00000000,62553.90000000,63037.53000000,2317.76296000,60,60,False
1726844400000,1726848000000,63037.53000000,63359.99000000,62703.00000000,63153.99000000,1486.93407000,60,60,False
1726848000000,1726851600000,63153.99000000,63282.00000000,62810.46000000,62872.50000000,801.73168000,60,60,False
1726851600000,1726855200000,62872.51000000,62987.50000000,62622.01000000,62704.00000000,810.02438000,60,60,False
1726855200000,1726858800000,62704.01000000,62979.07000000,62350.00000000,62865.45000000,1069.46021000,60,60,False
1726858800000,1726862400000,62865.45000000,63030.01000000,62786.80000000,62809.13000000,712.37874000,60,60,False
1726862400000,1726866000000,62809.13000000,62947.72000000,62709.30000000,62814.00000000,285.66812000,60,60,False
1726866000000,1726869600000,62814.00000000,63300.00000000,62809.68000000,63116.03000000,678.44567000,60,60,False
1726869600000,1726873200000,63116.04000000,63273.21000000,63116.03000000,63180.24000000,257.08609000,60,60,False
1726873200000,1726876800000,63180.23000000,63212.00000000,63072.00000000,63201.05000000,257.73369000,60,60,False
1726876800000,1726880400000,63201.05000000,63310.37000000,63040.00000000,63174.00000000,584.51455000,60,60,False
1726880400000,1726884000000,63174.01000000,63200.00000000,62832.60000000,62836.98000000,596.02587000,60,60,False
1726884000000,1726887600000,62836.98000000,62991.89000000,62816.47000000,62917.11000000,259.34123000,60,60,False
1726887600000,1726891200000,62917.11000000,63000.00000000,62876.00000000,62889.57000000,201.10799000,60,60,False
1726891200000,1726894800000,62889.58000000,62930.00000000,62820.00000000,62860.00000000,313.14930000,60,60,False
1726894800000,1726898400000,62860.01000000,62946.00000000,62758.00000000,62908.82000000,295.45080000,60,60,False
1726898400000,1726902000000,62908.82000000,63091.69000000,62890.00000000,62999.98000000,299.20950000,60,60,False
1726902000000,1726905600000,62999.99000000,63134.00000000,62974.00000000,63091.02000000,302.17384000,60,60,False
1726905600000,1726909200000,63091.02000000,63120.00000000,63000.00000000,63028.00000000,364.87888000,60,60,False
1726909200000,1726912800000,63028.01000000,63136.00000000,63003.84000000,63115.99000000,247.34877000,60,60,False
1726912800000,1726916400000,63116.00000000,63118.98000000,62966.01000000,62979.05000000,146.85522000,60,60,False
1726916400000,1726920000000,62979.06000000,63105.01000000,62972.00000000,63089.77000000,276.03518000,60,60,False
1726920000000,1726923600000,63089.76000000,63160.00000000,63040.00000000,63151.98000000,263.41202000,60,60,False
1726923600000,1726927200000,63151.98000000,63225.00000000,63036.92000000,63188.00000000,445.94814000,60,60,False
1726927200000,1726930800000,63188.00000000,63300.00000000,63138.54000000,63300.00000000,389.66677000,60,60,False
1726930800000,1726934400000,63300.00000000,63306.00000000,63061.97000000,63167.98000000,504.25226000,60,60,False
1726934400000,1726938000000,63167.98000000,63232.00000000,63086.00000000,63215.13000000,838.78946000,60,60,False
1726938000000,1726941600000,63215.13000000,63400.00000000,63176.41000000,63279.99000000,490.00964000,60,60,False
1726941600000,1726945200000,63279.99000000,63302.99000000,63233.69000000,63267.99000000,148.10356000,60,60,False
1726945200000,1726948800000,63267.99000000,63340.00000000,63170.00000000,63203.59000000,310.78687000,60,60,False
1726948800000,1726952400000,63203.59000000,63215.97000000,63132.30000000,63139.99000000,125.55715000,60,60,False
1726952400000,1726956000000,63139.99000000,63150.00000000,63059.00000000,63088.00000000,192.22962000,60,60,False
1726956000000,1726959600000,63087.99000000,63233.99000000,63058.00000000,63230.32000000,136.09922000,60,60,False
1726959600000,1726963200000,63230.32000000,63559.90000000,63153.23000000,63348.96000000,644.40024000,60,60,False
1726963200000,1726966800000,63348.97000000,63450.00000000,63110.00000000,63230.93000000,586.79372000,60,60,False
1726966800000,1726970400000,63230.92000000,63294.00000000,63018.60000000,63046.00000000,300.57810000,60,60,False
1726970400000,1726974000000,63046.01000000,63103.20000000,62830.01000000,62957.31000000,592.28143000,60,60,False
1726974000000,1726977600000,62957.31000000,63208.82000000,62924.00000000,63106.00000000,384.08676000,60,60,False
1726977600000,1726981200000,63106.00000000,63200.00000000,63077.69000000,63080.01000000,133.93924000,60,60,False
1726981200000,1726984800000,63080.01000000,63083.99000000,62910.05000000,62938.51000000,273.10291000,60,60,False
1726984800000,1726988400000,62938.52000000,63044.63000000,62838.00000000,62876.24000000,350.09941000,60,60,False
1726988400000,1726992000000,62876.24000000,62973.99000000,62876.23000000,62936.00000000,210.77851000,60,60,False
1726992000000,1726995600000,62936.00000000,63034.99000000,62900.00000000,63025.35000000,285.70928000,60,60,False
1726995600000,1726999200000,63025.35000000,63025.35000000,62659.96000000,62702.94000000,634.37277000,60,60,False
1726999200000,1727002800000,62702.93000000,62776.75000000,62544.94000000,62655.99000000,454.47776000,60,60,False
1727002800000,1727006400000,62655.99000000,62842.00000000,62552.00000000,62784.00000000,466.37503000,60,60,False
1727006400000,1727010000000,62784.00000000,62930.00000000,62749.53000000,62781.99000000,384.72727000,60,60,False
1727010000000,1727013600000,62781.99000000,62835.67000000,62566.00000000,62589.99000000,661.06999000,60,60,False
1727013600000,1727017200000,62590.00000000,62711.84000000,62429.16000000,62668.00000000,809.50139000,60,60,False
1727017200000,1727020800000,62668.00000000,62813.36000000,62579.20000000,62652.12000000,416.04748000,60,60,False
1727020800000,1727024400000,62652.12000000,62848.00000000,62468.01000000,62776.03000000,679.56957000,60,60,False
1727024400000,1727028000000,62776.03000000,63134.00000000,62776.03000000,63062.66000000,696.24367000,60,60,False
1727028000000,1727031600000,63062.66000000,63068.00000000,62835.20000000,62955.99000000,434.96443000,60,60,False
1727031600000,1727035200000,62956.00000000,63229.50000000,62806.24000000,63160.00000000,451.57112000,60,60,False
1727035200000,1727038800000,63160.00000000,63315.99000000,63106.54000000,63208.00000000,510.91713000,60,60,False
1727038800000,1727042400000,63208.00000000,63329.19000000,62750.22000000,62779.99000000,704.12813000,60,60,False
1727042400000,1727046000000,62780.00000000,64000.00000000,62357.93000000,63881.51000000,2778.17647000,60,60,False
1727046000000,1727049600000,63881.50000000,63970.00000000,63424.46000000,63578.76000000,1042.68735000,60,60,False
1727049600000,1727053200000,63578.76000000,63762.70000000,62538.75000000,63577.88000000,2347.48616000,60,60,False
1727053200000,1727056800000,63577.87000000,63966.00000000,63486.00000000,63826.80000000,1173.05615000,60,60,False
1727056800000,1727060400000,63826.80000000,63985.00000000,63675.75000000,63940.47000000,554.68165000,60,60,False
1727060400000,1727064000000,63940.47000000,64745.88000000,63921.37000000,64354.00000000,3065.09550000,60,60,False
1727064000000,1727067600000,64354.00000000,64455.13000000,63787.68000000,63912.30000000,1086.21332000,60,60,False
1727067600000,1727071200000,63912.31000000,63937.97000000,63668.98000000,63754.00000000,688.03870000,60,60,False
1727071200000,1727074800000,63754.00000000,63774.40000000,63524.36000000,63671.42000000,747.95134000,60,60,False
1727074800000,1727078400000,63671.42000000,63671.42000000,63400.00000000,63548.82000000,921.48581000,60,60,False
1727078400000,1727082000000,63548.83000000,63630.27000000,63300.00000000,63492.01000000,972.72379000,60,60,False
1727082000000,1727085600000,63492.00000000,63710.00000000,63482.76000000,63635.69000000,703.26749000,60,60,False
1727085600000,1727089200000,63635.69000000,63642.17000000,63415.08000000,63496.96000000,671.29195000,60,60,False
1727089200000,1727092800000,63496.96000000,63550.02000000,63374.14000000,63435.04000000,579.95947000,60,60,False
1727092800000,1727096400000,63435.03000000,63540.00000000,63236.98000000,63315.80000000,962.19152000,60,60,False
1727096400000,1727100000000,63315.81000000,63420.00000000,63059.93000000,63185.21000000,1584.03531000,60,60,False
1727100000000,1727103600000,63185.21000000,63806.00000000,63059.93000000,63394.50000000,1966.64092000,60,60,False
1727103600000,1727107200000,63394.50000000,63772.30000000,63099.99000000,63618.00000000,1170.27061000,60,60,False
1727107200000,1727110800000,63617.99000000,63825.96000000,63200.00000000,63227.55000000,1345.42996000,60,60,False
1727110800000,1727114400000,63227.55000000,63341.67000000,63098.97000000,63318.01000000,490.75963000,60,60,False
1727114400000,1727118000000,63318.01000000,63559.08000000,63280.72000000,63430.19000000,519.71802000,60,60,False
1727118000000,1727121600000,63430.18000000,63489.00000000,63256.00000000,63298.56000000,695.98551000,60,60,False
1727121600000,1727125200000,63300.01000000,63438.00000000,63260.09000000,63308.00000000,292.76607000,60,60,False
1727125200000,1727128800000,63308.00000000,63489.00000000,63088.69000000,63380.00000000,688.20458000,60,60,False
1727128800000,1727132400000,63380.00000000,63380.00000000,63193.39000000,63219.00000000,289.82950000,60,60,False
1727132400000,1727136000000,63219.00000000,63418.87000000,63186.00000000,63339.99000000,560.96991000,60,60,False
1727136000000,1727139600000,63339.99000000,63401.21000000,62800.49000000,62906.00000000,1501.94449000,60,60,False
1727139600000,1727143200000,62906.01000000,63270.10000000,62800.00000000,62942.01000000,1090.69881000,60,60,False
1727143200000,1727146800000,62942.00000000,63160.00000000,62700.00000000,63123.99000000,855.70764000,60,60,False
1727146800000,1727150400000,63124.00000000,63190.37000000,62898.30000000,63124.00000000,914.02033000,60,60,False
1727150400000,1727154000000,63124.01000000,63140.00000000,62900.00000000,63088.00000000,660.87421000,60,60,False
1727154000000,1727157600000,63088.00000000,63226.33000000,63045.94000000,63215.99000000,489.77515000,60,60,False
1727157600000,1727161200000,63216.00000000,63394.00000000,63215.99000000,63305.43000000,426.78830000,60,60,False
1727161200000,1727164800000,63305.43000000,63569.99000000,63300.00000000,63559.92000000,717.69816000,60,60,False
1727164800000,1727168400000,63559.93000000,63948.00000000,63540.00000000,63851.05000000,995.90843000,60,60,False
1727168400000,1727172000000,63851.05000000,63893.51000000,63484.00000000,63524.50000000,729.48652000,60,60,False
1727172000000,1727175600000,63524.50000000,63883.00000000,63504.10000000,63526.00000000,618.45246000,60,60,False
1727175600000,1727179200000,63526.01000000,63600.00000000,63380.00000000,63478.34000000,591.19060000,60,60,False
1727179200000,1727182800000,63478.35000000,63663.57000000,63412.00000000,63446.01000000,672.15138000,60,60,False
1727182800000,1727186400000,63446.01000000,63768.00000000,63402.50000000,63519.85000000,932.32278000,60,60,False
1727186400000,1727190000000,63519.86000000,63551.81000000,62731.10000000,63194.89000000,3165.50264000,60,60,False
1727190000000,1727193600000,63194.89000000,63370.09000000,62999.90000000,63159.99000000,980.12341000,60,60,False
1727193600000,1727197200000,63159.99000000,63372.45000000,63088.02000000,63262.00000000,524.87788000,60,60,False
1727197200000,1727200800000,63262.01000000,64000.00000000,63241.75000000,63775.86000000,1504.89392000,60,60,False
1727200800000,1727204400000,63775.54000000,63886.00000000,63540.48000000,63727.58000000,804.94922000,60,60,False
1727204400000,1727208000000,63727.58000000,64375.00000000,63682.93000000,64292.34000000,1316.46046000,60,60,False
1727208000000,1727211600000,64292.35000000,64596.53000000,64093.15000000,64215.01000000,1610.30279000,60,60,False
1727211600000,1727215200000,64215.02000000,64285.59000000,63966.66000000,64030.00000000,504.42128000,60,60,False
1727215200000,1727218800000,64030.00000000,64688.00000000,64030.00000000,64579.90000000,943.68870000,60,60,False
1727218800000,1727222400000,64579.91000000,64626.00000000,64249.91000000,64262.70000000,632.80803000,60,60,False
1727222400000,1727226000000,64262.70000000,64444.00000000,63990.41000000,64126.93000000,1049.52455000,60,60,False
1727226000000,1727229600000,64126.94000000,64817.99000000,64090.50000000,64390.01000000,1312.23012000,60,60,False
1727229600000,1727233200000,64390.00000000,64564.26000000,64287.49000000,64422.52000000,570.90098000,60,60,False
1727233200000,1727236800000,64422.52000000,64461.95000000,64224.37000000,64460.00000000,380.98284000,60,60,False
1727236800000,1727240400000,64460.01000000,64460.23000000,64172.84000000,64172.85000000,403.02902000,60,60,False
1727240400000,1727244000000,64172.84000000,64274.70000000,64140.12000000,64170.63000000,344.55978000,60,60,False
1727244000000,1727247600000,64170.63000000,64170.63000000,63700.00000000,63806.00000000,1192.60601000,60,60,False
1727247600000,1727251200000,63806.01000000,63867.99000000,63645.49000000,63843.33000000,553.53928000,60,60,False
1727251200000,1727254800000,63843.34000000,63915.07000000,63743.93000000,63819.10000000,403.70624000,60,60,False
1727254800000,1727258400000,63819.09000000,63873.50000000,63600.00000000,63609.89000000,555.06060000,60,60,False
1727258400000,1727262000000,63609.89000000,63750.01000000,63407.70000000,63630.45000000,1082.95884000,60,60,False
1727262000000,1727265600000,63630.44000000,63857.41000000,63500.02000000,63838.01000000,630.03177000,60,60,False
1727265600000,1727269200000,63838.01000000,63841.02000000,63600.00000000,63600.01000000,423.01315000,60,60,False
1727269200000,1727272800000,63600.01000000,63766.00000000,63283.37000000,63761.34000000,1255.58143000,60,60,False
1727272800000,1727276400000,63761.33000000,63946.00000000,63648.00000000,63936.50000000,934.57063000,60,60,False
1727276400000,1727280000000,63936.51000000,63999.00000000,63450.01000000,63495.66000000,1070.13047000,60,60,False
1727280000000,1727283600000,63495.66000000,63670.00000000,63440.00000000,63463.88000000,794.37884000,60,60,False
1727283600000,1727287200000,63463.87000000,63550.00000000,63000.00000000,63168.00000000,1383.14125000,60,60,False
1727287200000,1727290800000,63168.01000000,63393.86000000,63128.97000000,63351.00000000,639.68674000,60,60,False
1727290800000,1727294400000,63351.00000000,63468.00000000,63138.12000000,63181.50000000,603.93072000,60,60,False
1727294400000,1727298000000,63181.51000000,63548.24000000,63176.00000000,63505.78000000,486.38172000,60,60,False
1727298000000,1727301600000,63505.78000000,63551.81000000,63410.00000000,63437.99000000,312.52177000,60,60,False
1727301600000,1727305200000,63438.00000000,63508.69000000,63053.50000000,63261.99000000,658.35749000,60,60,False
1727305200000,1727308800000,63262.00000000,63270.00000000,62947.08000000,63152.01000000,772.28744000,60,60,False
1727308800000,1727312400000,63152.01000000,63285.85000000,62829.40000000,62946.01000000,814.41306000,60,60,False
1727312400000,1727316000000,62946.01000000,63154.74000000,62670.00000000,63154.74000000,1333.28534000,60,60,False
1727316000000,1727319600000,63154.73000000,63400.00000000,63104.00000000,63353.99000000,567.35561000,60,60,False
1727319600000,1727323200000,63353.99000000,63544.00000000,63304.54000000,63514.34000000,467.78659000,60,60,False
1727323200000,1727326800000,63514.35000000,63532.15000000,63340.00000000,63427.51000000,302.30459000,60,60,False
1727326800000,1727330400000,63427.51000000,63724.45000000,63362.00000000,63594.00000000,502.63042000,60,60,False
1727330400000,1727334000000,63593.99000000,63780.00000000,63590.23000000,63721.48000000,627.19031000,60,60,False
1727334000000,1727337600000,63721.49000000,63874.41000000,63661.50000000,63852.07000000,546.52894000,60,60,False
1727337600000,1727341200000,63852.07000000,63892.59000000,63696.50000000,63709.50000000,630.28855000,60,60,False
1727341200000,1727344800000,63709.50000000,63979.89000000,63595.67000000,63798.00000000,705.50852000,60,60,False
1727344800000,1727348400000,63798.00000000,64464.00000000,63766.08000000,64391.99000000,1912.06340000,60,60,False
1727348400000,1727352000000,64391.99000000,64500.00000000,64295.77000000,64393.99000000,1017.66567000,60,60,False
1727352000000,1727355600000,64393.98000000,64720.00000000,64321.42000000,64481.82000000,1565.84293000,60,60,False
1727355600000,1727359200000,64481.82000000,64550.78000000,64150.00000000,64428.21000000,1417.17946000,60,60,False
1727359200000,1727362800000,64428.34000000,65200.00000000,64374.76000000,64426.64000000,4644.13690000,60,60,False
1727362800000,1727366400000,64426.64000000,65550.00000000,64319.90000000,65229.03000000,3345.42899000,60,60,False
1727366400000,1727370000000,65229.03000000,65571.25000000,65104.00000000,65338.00000000,1495.21233000,60,60,False
1727370000000,1727373600000,65338.00000000,65839.00000000,65122.00000000,65132.54000000,1926.78437000,60,60,False
1727373600000,1727377200000,65132.54000000,65308.00000000,64950.00000000,65285.52000000,950.03994000,60,60,False
1727377200000,1727380800000,65285.53000000,65298.00000000,64693.26000000,64711.06000000,1049.19142000,60,60,False
1727380800000,1727384400000,64711.07000000,64869.85000000,64646.84000000,64664.26000000,745.57514000,60,60,False
1727384400000,1727388000000,64664.26000000,65200.00000000,64633.52000000,65052.00000000,734.41816000,60,60,False
1727388000000,1727391600000,65052.00000000,65244.00000000,64967.22000000,65086.33000000,517.23281000,60,60,False
1727391600000,1727395200000,65086.32000000,65174.00000000,64732.37000000,65173.99000000,555.24248000,60,60,False
1727395200000,1727398800000,65173.99000000,65296.53000000,64995.47000000,65241.98000000,629.16946000,60,60,False
1727398800000,1727402400000,65241.99000000,65349.65000000,65014.00000000,65119.90000000,563.52583000,60,60,False
1727402400000,1727406000000,65119.91000000,65200.00000000,64833.33000000,64878.12000000,554.40527000,60,60,False
1727406000000,1727409600000,64878.13000000,65425.00000000,64819.90000000,65366.01000000,765.05109000,60,60,False
1727409600000,1727413200000,65366.01000000,65459.74000000,65276.00000000,65303.96000000,548.98052000,60,60,False
1727413200000,1727416800000,65303.96000000,65378.37000000,65099.99000000,65354.58000000,532.09630000,60,60,False
1727416800000,1727420400000,65354.59000000,65520.14000000,65228.00000000,65344.79000000,1019.29391000,60,60,False
1727420400000,1727424000000,65344.78000000,65550.00000000,65265.65000000,65460.02000000,1354.66468000,60,60,False
1727424000000,1727427600000,65460.02000000,65795.63000000,65414.00000000,65725.99000000,1095.96354000,60,60,False
1727427600000,1727431200000,65726.00000000,65986.00000000,65668.78000000,65754.01000000,1317.66112000,60,60,False
1727431200000,1727434800000,65754.00000000,65779.07000000,65490.00000000,65490.01000000,871.87267000,60,60,False
1727434800000,1727438400000,65490.02000000,65611.99000000,65342.78000000,65437.35000000,608.69637000,60,60,False
1727438400000,1727442000000,65437.36000000,65890.00000000,65314.31000000,65741.19000000,1485.79878000,60,60,False
1727442000000,1727445600000,65741.19000000,65791.95000000,65361.11000000,65678.01000000,1050.76174000,60,60,False
1727445600000,1727449200000,65678.02000000,66498.00000000,65576.01000000,66242.66000000,3355.18836000,60,60,False
1727449200000,1727452800000,66242.65000000,66422.79000000,66006.00000000,66006.01000000,1353.19361000,60,60,False
1727452800000,1727456400000,66006.01000000,66360.00000000,65888.01000000,66303.03000000,1230.10335000,60,60,False
1727456400000,1727460000000,66303.03000000,66347.56000000,65698.00000000,65915.61000000,1162.16245000,60,60,False
1727460000000,1727463600000,65915.61000000,65929.02000000,65524.00000000,65876.42000000,612.44352000,60,60,False
1727463600000,1727467200000,65876.42000000,65968.74000000,65636.00000000,65657.99000000,576.67864000,60,60,False
1727467200000,1727470800000,65657.99000000,65920.00000000,65625.00000000,65804.87000000,437.31919000,60,60,False
1727470800000,1727474400000,65804.87000000,65880.00000000,65766.03000000,65816.62000000,299.68891000,60,60,False
1727474400000,1727478000000,65816.62000000,65962.00000000,65766.00000000,65870.00000000,294.36539000,60,60,False
1727478000000,1727481600000,65870.00000000,65910.00000000,65683.01000000,65769.95000000,329.72017000,60,60,False
1727481600000,1727485200000,65769.95000000,65900.00000000,65720.00000000,65899.10000000,331.31840000,60,60,False
1727485200000,1727488800000,65899.10000000,66000.00000000,65793.00000000,65994.00000000,406.91773000,60,60,False
1727488800000,1727492400000,65994.00000000,66198.72000000,65906.00000000,66168.74000000,471.85819000,60,60,False
1727492400000,1727496000000,66168.74000000,66260.00000000,65984.96000000,66063.76000000,456.93880000,60,60,False
1727496000000,1727499600000,66063.76000000,66087.00000000,65970.00000000,66006.50000000,250.72736000,60,60,False
1727499600000,1727503200000,66006.51000000,66026.00000000,65912.75000000,65953.80000000,294.88887000,60,60,False
1727503200000,1727506800000,65953.81000000,65955.24000000,65738.00000000,65800.00000000,459.05628000,60,60,False
1727506800000,1727510400000,65799.99000000,65898.33000000,65753.73000000,65824.01000000,257.32638000,60,60,False
1727510400000,1727514000000,65824.01000000,65824.01000000,65578.22000000,65635.90000000,446.73728000,60,60,False
1727514000000,1727517600000,65635.90000000,65635.91000000,65453.00000000,65628.20000000,698.99941000,60,60,False
1727517600000,1727521200000,65628.50000000,65779.06000000,65580.53000000,65764.01000000,268.15462000,60,60,False
1727521200000,1727524800000,65764.01000000,65800.00000000,65702.00000000,65798.01000000,244.62608000,60,60,False
1727524800000,1727528400000,65798.01000000,65798.01000000,65430.46000000,65548.12000000,464.64231000,60,60,False
1727528400000,1727532000000,65548.12000000,65602.00000000,65422.23000000,65528.03000000,383.41591000,60,60,False
1727532000000,1727535600000,65528.04000000,65816.00000000,65528.03000000,65720.74000000,449.04904000,60,60,False
1727535600000,1727539200000,65720.73000000,65722.70000000,65618.57000000,65619.13000000,316.69261000,60,60,False
1727539200000,1727542800000,65619.14000000,65667.14000000,65492.59000000,65516.00000000,317.15778000,60,60,False
1727542800000,1727546400000,65516.00000000,65718.69000000,65506.00000000,65633.20000000,362.82222000,60,60,False
1727546400000,1727550000000,65633.20000000,65823.08000000,65633.20000000,65715.01000000,706.88365000,60,60,False
1727550000000,1727553600000,65715.01000000,65776.00000000,65700.38000000,65724.00000000,357.63834000,60,60,False
1727553600000,1727557200000,65724.00000000,65769.96000000,65640.72000000,65645.99000000,238.36379000,60,60,False
1727557200000,1727560800000,65646.00000000,65692.00000000,65432.00000000,65692.00000000,341.45942000,60,60,False
1727560800000,1727564400000,65692.00000000,65775.00000000,65582.51000000,65680.01000000,242.23449000,60,60,False
1727564400000,1727568000000,65680.01000000,65982.16000000,65617.42000000,65858.00000000,359.32420000,60,60,False
1727568000000,1727571600000,65858.00000000,65984.00000000,65647.28000000,65687.10000000,393.60140000,60,60,False
1727571600000,1727575200000,65687.10000000,65872.91000000,65665.96000000,65872.90000000,321.49032000,60,60,False
1727575200000,1727578800000,65872.90000000,65936.00000000,65820.47000000,65824.00000000,281.95005000,60,60,False
1727578800000,1727582400000,65824.00000000,65827.99000000,65728.00000000,65815.92000000,178.77796000,60,60,False
1727582400000,1727586000000,65815.93000000,65815.93000000,65688.31000000,65741.99000000,162.32883000,60,60,False
1727586000000,1727589600000,65742.00000000,65750.00000000,65518.00000000,65594.01000000,367.46959000,60,60,False
1727589600000,1727593200000,65594.00000000,65620.00000000,65489.93000000,65499.99000000,384.38990000,60,60,False
1727593200000,1727596800000,65500.00000000,65566.01000000,65432.00000000,65477.01000000,369.93605000,60,60,False
1727596800000,1727600400000,65477.01000000,65602.55000000,65433.00000000,65559.91000000,383.02385000,60,60,False
1727600400000,1727604000000,65559.91000000,65665.18000000,65559.90000000,65579.91000000,181.75826000,60,60,False
1727604000000,1727607600000,65579.91000000,65582.00000000,65470.67000000,65571.99000000,189.63510000,60,60,False
1727607600000,1727611200000,65572.00000000,65720.00000000,65571.99000000,65691.92000000,287.04811000,60,60,False
1727611200000,1727614800000,65691.92000000,65759.50000000,65616.80000000,65631.68000000,285.54910000,60,60,False
1727614800000,1727618400000,65631.68000000,65850.00000000,65576.21000000,65817.98000000,715.77614000,60,60,False
1727618400000,1727622000000,65817.98000000,65824.00000000,65661.17000000,65694.07000000,357.88830000,60,60,False
1727622000000,1727625600000,65694.07000000,65807.81000000,65584.71000000,65751.34000000,565.46468000,60,60,False
1727625600000,1727629200000,65751.34000000,65791.95000000,65654.01000000,65764.99000000,287.06248000,60,60,False
1727629200000,1727632800000,65765.00000000,65960.01000000,65764.99000000,65818.01000000,426.49829000,60,60,False
1727632800000,1727636400000,65818.01000000,65855.99000000,65750.00000000,65789.45000000,192.04654000,60,60,False
1727636400000,1727640000000,65789.44000000,65972.17000000,65786.00000000,65958.82000000,229.03531000,60,60,False
1727640000000,1727643600000,65958.81000000,66076.12000000,65800.02000000,65812.00000000,527.67529000,60,60,False
1727643600000,1727647200000,65812.01000000,65973.16000000,65800.00000000,65868.60000000,206.23762000,60,60,False
1727647200000,1727650800000,65868.60000000,65948.86000000,65578.66000000,65674.42000000,593.42452000,60,60,False
1727650800000,1727654400000,65674.42000000,65731.55000000,65528.00000000,65602.01000000,449.67342000,60,60,False
1727654400000,1727658000000,65602.01000000,65618.80000000,65094.00000000,65463.85000000,1154.50096000,60,60,False
1727658000000,1727661600000,65463.86000000,65544.00000000,64699.98000000,64769.99000000,1424.06087000,60,60,False
1727661600000,1727665200000,64769.99000000,64810.00000000,64335.36000000,64376.01000000,1652.43674000,60,60,False
1727665200000,1727668800000,64376.01000000,64580.34000000,64190.00000000,64553.68000000,1817.79078000,60,60,False
1727668800000,1727672400000,64553.68000000,64553.68000000,64310.00000000,64441.70000000,546.49938000,60,60,False
1727672400000,1727676000000,64441.69000000,64532.00000000,64394.00000000,64525.99000000,678.85223000,60,60,False
1727676000000,1727679600000,64526.00000000,64750.01000000,64356.00000000,64356.00000000,1282.93321000,60,60,False
1727679600000,1727683200000,64356.00000000,64689.36000000,64350.00000000,64562.01000000,700.93445000,60,60,False
1727683200000,1727686800000,64562.01000000,64576.01000000,64000.00000000,64311.58000000,1608.80518000,60,60,False
1727686800000,1727690400000,64311.58000000,64311.59000000,63541.00000000,63541.01000000,2221.80198000,60,60,False
1727690400000,1727694000000,63541.00000000,63665.60000000,63249.68000000,63645.99000000,2401.13005000,60,60,False
1727694000000,1727697600000,63645.98000000,63870.00000000,63520.00000000,63819.44000000,1055.44847000,60,60,False
1727697600000,1727701200000,63819.45000000,64132.00000000,63760.83000000,64048.00000000,957.73370000,60,60,False
1727701200000,1727704800000,64048.01000000,64161.08000000,63799.81000000,63874.54000000,1133.93923000,60,60,False
1727704800000,1727708400000,63874.54000000,64010.07000000,63571.28000000,63740.72000000,1521.78188000,60,60,False
1727708400000,1727712000000,63740.72000000,63999.50000000,63508.00000000,63561.41000000,1232.08431000,60,60,False
1727712000000,1727715600000,63561.42000000,63732.00000000,63462.59000000,63486.98000000,786.10126000,60,60,False
1727715600000,1727719200000,63486.98000000,63711.61000000,63372.69000000,63696.00000000,1657.21829000,60,60,False
1727719200000,1727722800000,63696.00000000,63738.25000000,63056.00000000,63330.55000000,1516.30048000,60,60,False
1727722800000,1727726400000,63330.56000000,63634.72000000,63282.00000000,63488.00000000,1528.28399000,60,60,False
1727726400000,1727730000000,63488.00000000,63860.00000000,63456.00000000,63809.99000000,857.72548000,60,60,False
1727730000000,1727733600000,63810.00000000,63831.63000000,63640.00000000,63706.93000000,319.89044000,60,60,False
1727733600000,1727737200000,63706.93000000,63771.11000000,63480.00000000,63481.98000000,406.67834000,60,60,False
1727737200000,1727740800000,63481.99000000,63617.45000000,62856.30000000,63327.59000000,1548.15582000,60,60,False
1727740800000,1727744400000,63327.60000000,63606.00000000,63006.70000000,63531.99000000,1336.93335000,60,60,False
1727744400000,1727748000000,63532.00000000,63639.86000000,63370.01000000,63458.00000000,1004.08763000,60,60,False
1727748000000,1727751600000,63458.00000000,63458.00000000,63180.00000000,63443.76000000,716.11822000,60,60,False
1727751600000,1727755200000,63443.76000000,63744.00000000,63430.00000000,63723.48000000,822.21265000,60,60,False
1727755200000,1727758800000,63723.47000000,63879.81000000,63652.06000000,63868.94000000,778.75286000,60,60,False
1727758800000,1727762400000,63868.93000000,63899.99000000,63674.49000000,63749.99000000,816.29206000,60,60,False
1727762400000,1727766000000,63750.00000000,64097.03000000,63750.00000000,64033.98000000,778.17242000,60,60,False
1727766000000,1727769600000,64033.99000000,64130.63000000,63920.00000000,64045.92000000,1142.17634000,60,60,False
1727769600000,1727773200000,64045.92000000,64096.00000000,63839.00000000,63956.00000000,974.16370000,60,60,False
1727773200000,1727776800000,63955.99000000,64118.00000000,63864.46000000,63864.46000000,1152.06750000,60,60,False
1727776800000,1727780400000,63864.47000000,63942.00000000,63707.89000000,63910.12000000,603.43982000,60,60,False
1727780400000,1727784000000,63910.11000000,63989.58000000,63723.40000000,63734.00000000,500.67520000,60,60,False
1727784000000,1727787600000,63734.01000000,63809.97000000,63559.63000000,63668.21000000,535.43878000,60,60,False
1727787600000,1727791200000,63668.21000000,63688.00000000,62522.00000000,62866.80000000,3512.99790000,60,60,False
1727791200000,1727794800000,62866.80000000,63084.00000000,62448.01000000,62598.00000000,3649.61853000,60,60,False
1727794800000,1727798400000,62598.00000000,62821.76000000,61814.01000000,62628.85000000,4931.80431000,60,60,False
1727798400000,1727802000000,62628.85000000,62778.73000000,61906.04000000,62448.00000000,3426.50410000,60,60,False
1727802000000,1727805600000,62448.00000000,62448.00000000,61092.00000000,62151.99000000,5545.71241000,60,60,False
1727805600000,1727809200000,62152.00000000,62440.00000000,61859.57000000,61987.99000000,1708.27737000,60,60,False
1727809200000,1727812800000,61987.98000000,62091.29000000,61610.71000000,61755.99000000,1598.40777000,60,60,False
1727812800000,1727816400000,61755.99000000,61760.74000000,60164.00000000,60809.02000000,4855.59431000,60,60,False
1727816400000,1727820000000,60809.03000000,61214.73000000,60656.77000000,61142.01000000,1253.06187000,60,60,False
1727820000000,1727823600000,61142.00000000,61142.01000000,60630.01000000,60767.99000000,1093.23745000,60,60,False
1727823600000,1727827200000,60768.00000000,61033.71000000,60652.00000000,60805.78000000,935.73453000,60,60,False
1727827200000,1727830800000,60804.92000000,61208.49000000,60733.81000000,61046.26000000,1228.11528000,60,60,False
1727830800000,1727834400000,61046.27000000,61536.16000000,61000.00000000,61522.89000000,941.08845000,60,60,False
1727834400000,1727838000000,61522.89000000,61822.62000000,61433.49000000,61782.89000000,1174.69646000,60,60,False
1727838000000,1727841600000,61782.89000000,61883.00000000,61662.65000000,61750.47000000,944.98223000,60,60,False
1727841600000,1727845200000,61750.46000000,61750.47000000,61440.00000000,61495.79000000,704.31237000,60,60,False
1727845200000,1727848800000,61495.78000000,61609.30000000,61350.00000000,61489.71000000,661.76897000,60,60,False
1727848800000,1727852400000,61489.71000000,61788.40000000,61359.90000000,61700.01000000,760.10641000,60,60,False
1727852400000,1727856000000,61700.01000000,61940.00000000,61588.78000000,61727.40000000,698.17476000,60,60,False
1727856000000,1727859600000,61727.39000000,61914.34000000,61603.49000000,61806.01000000,535.23837000,60,60,False
1727859600000,1727863200000,61806.01000000,61817.76000000,61130.00000000,61271.25000000,1082.07393000,60,60,False
1727863200000,1727866800000,61271.24000000,61555.00000000,61151.04000000,61188.28000000,1005.99847000,60,60,False
1727866800000,1727870400000,61188.27000000,61380.00000000,60888.88000000,61164.01000000,1204.28505000,60,60,False
1727870400000,1727874000000,61164.01000000,61220.00000000,60696.40000000,60798.80000000,1274.80586000,60,60,False
1727874000000,1727877600000,60798.80000000,61460.00000000,60524.21000000,61350.00000000,2508.38932000,60,60,False
1727877600000,1727881200000,61350.00000000,61672.00000000,61047.16000000,61077.78000000,2267.56057000,60,60,False
1727881200000,1727884800000,61077.77000000,61926.90000000,61059.90000000,61874.01000000,1514.52104000,60,60,False
1727884800000,1727888400000,61874.01000000,62390.31000000,61779.87000000,61800.00000000,1555.81954000,60,60,False
1727888400000,1727892000000,61800.01000000,61835.99000000,61242.00000000,61628.01000000,1115.92104000,60,60,False
1727892000000,1727895600000,61628.01000000,61691.00000000,60762.09000000,60762.09000000,1403.72059000,60,60,False
1727895600000,1727899200000,60762.10000000,60926.00000000,60000.00000000,60190.01000000,3854.05654000,60,60,False
1727899200000,1727902800000,60190.01000000,60999.24000000,60128.00000000,60924.00000000,3301.59077000,60,60,False
1727902800000,1727906400000,60923.99000000,60952.00000000,60656.00000000,60831.99000000,607.84007000,60,60,False
1727906400000,1727910000000,60832.00000000,60851.75000000,60438.00000000,60851.74000000,678.65953000,60,60,False
1727910000000,1727913600000,60851.74000000,60869.56000000,60622.00000000,60649.28000000,510.97556000,60,60,False
1727913600000,1727917200000,60649.27000000,61105.00000000,60536.00000000,60988.01000000,1646.41886000,60,60,False
1727917200000,1727920800000,60988.01000000,61183.76000000,60919.90000000,61024.00000000,834.87326000,60,60,False
1727920800000,1727924400000,61024.00000000,61274.00000000,60987.00000000,61185.17000000,502.78816000,60,60,False
1727924400000,1727928000000,61185.18000000,61464.00000000,61092.00000000,61463.99000000,673.23178000,60,60,False
1727928000000,1727931600000,61464.00000000,61477.19000000,61276.31000000,61326.00000000,571.45959000,60,60,False
1727931600000,1727935200000,61326.00000000,61360.00000000,61100.00000000,61176.01000000,702.22305000,60,60,False
1727935200000,1727938800000,61176.00000000,61418.42000000,61106.01000000,61334.01000000,618.19443000,60,60,False
1727938800000,1727942400000,61334.00000000,61424.25000000,60814.12000000,60926.00000000,1459.32009000,60,60,False
1727942400000,1727946000000,60926.00000000,60978.00000000,60138.00000000,60354.00000000,1805.58584000,60,60,False
1727946000000,1727949600000,60354.00000000,60765.33000000,60126.56000000,60720.48000000,984.32204000,60,60,False
1727949600000,1727953200000,60720.48000000,61036.00000000,60648.00000000,61025.98000000,738.07634000,60,60,False
1727953200000,1727956800000,61025.98000000,61070.47000000,60594.00000000,60764.74000000,879.13477000,60,60,False
1727956800000,1727960400000,60764.73000000,60770.00000000,60372.12000000,60469.95000000,1231.76196000,60,60,False
1727960400000,1727964000000,60469.95000000,60583.99000000,59828.11000000,60382.05000000,2876.59550000,60,60,False
1727964000000,1727967600000,60382.06000000,60900.00000000,60100.00000000,60172.01000000,2862.27532000,60,60,False
1727967600000,1727971200000,60172.01000000,60690.00000000,60044.00000000,60641.50000000,1601.39415000,60,60,False
1727971200000,1727974800000,60641.50000000,60781.53000000,60084.00000000,60168.00000000,1306.79294000,60,60,False
1727974800000,1727978400000,60167.99000000,60723.68000000,59917.02000000,60632.00000000,1556.13418000,60,60,False
1727978400000,1727982000000,60632.00000000,60858.31000000,60531.85000000,60722.31000000,684.53507000,60,60,False
1727982000000,1727985600000,60722.31000000,61058.00000000,60544.33000000,61036.00000000,861.39195000,60,60,False
1727985600000,1727989200000,61036.00000000,61100.00000000,60668.00000000,60773.99000000,610.81892000,60,60,False
1727989200000,1727992800000,60774.00000000,60950.00000000,60596.40000000,60807.13000000,437.80348000,60,60,False
1727992800000,1727996400000,60807.13000000,60978.26000000,60714.00000000,60895.27000000,420.20059000,60,60,False
1727996400000,1728000000000,60895.27000000,60984.00000000,60700.49000000,60752.71000000,356.10245000,60,60,False
1728000000000,1728003600000,60752.72000000,60812.00000000,60459.90000000,60504.01000000,660.07721000,60,60,False
1728003600000,1728007200000,60504.01000000,61256.47000000,60488.00000000,61218.00000000,1068.07006000,60,60,False
1728007200000,1728010800000,61218.00000000,61272.73000000,60939.75000000,61036.14000000,410.02036000,60,60,False
1728010800000,1728014400000,61036.15000000,61065.36000000,60890.00000000,60951.99000000,235.42925000,60,60,False
1728014400000,1728018000000,60951.99000000,61200.00000000,60936.66000000,61001.44000000,423.24552000,60,60,False
1728018000000,1728021600000,61001.45000000,61238.00000000,60982.70000000,61224.34000000,365.05248000,60,60,False
1728021600000,1728025200000,61224.34000000,61343.75000000,61100.00000000,61119.99000000,575.69204000,60,60,False
1728025200000,1728028800000,61120.00000000,61544.98000000,61068.00000000,61443.64000000,1090.01477000,60,60,False
1728028800000,1728032400000,61443.64000000,61646.27000000,61340.22000000,61449.73000000,807.34468000,60,60,False
1728032400000,1728036000000,61449.73000000,61586.00000000,61302.42000000,61339.43000000,582.64883000,60,60,False
1728036000000,1728039600000,61339.43000000,61432.64000000,61266.42000000,61284.01000000,367.21188000,60,60,False
1728039600000,1728043200000,61284.01000000,61483.02000000,61274.00000000,61449.84000000,586.46012000,60,60,False
1728043200000,1728046800000,61449.84000000,61936.00000000,61211.92000000,61932.24000000,2563.17863000,60,60,False
1728046800000,1728050400000,61932.24000000,62004.48000000,61488.10000000,61580.02000000,2047.98501000,60,60,False
1728050400000,1728054000000,61580.02000000,61584.00000000,60753.97000000,61239.99000000,2316.23481000,60,60,False
1728054000000,1728057600000,61240.00000000,61873.04000000,61224.00000000,61873.04000000,1573.58655000,60,60,False
1728057600000,1728061200000,61873.05000000,62294.87000000,61644.01000000,62244.00000000,1683.63251000,60,60,False
1728061200000,1728064800000,62243.99000000,62340.00000000,61843.00000000,61983.32000000,909.37617000,60,60,False
1728064800000,1728068400000,61983.32000000,62360.00000000,61909.09000000,62345.00000000,616.86040000,60,60,False
1728068400000,1728072000000,62344.99000000,62468.00000000,62254.37000000,62368.00000000,821.27586000,60,60,False
1728072000000,1728075600000,62368.00000000,62484.85000000,62171.33000000,62407.69000000,523.80906000,60,60,False
1728075600000,1728079200000,62407.70000000,62463.54000000,62274.45000000,62274.45000000,263.95326000,60,60,False
1728079200000,1728082800000,62274.46000000,62350.00000000,62193.18000000,62213.14000000,404.20202000,60,60,False
1728082800000,1728086400000,62213.15000000,62213.15000000,61965.14000000,62086.00000000,399.29846000,60,60,False
1728086400000,1728090000000,62086.00000000,62214.00000000,62045.97000000,62170.00000000,435.38431000,60,60,False
1728090000000,1728093600000,62170.00000000,62200.00000000,61990.01000000,62069.99000000,323.64591000,60,60,False
1728093600000,1728097200000,62069.99000000,62070.00000000,61794.62000000,61812.00000000,332.21680000,60,60,False
1728097200000,1728100800000,61812.01000000,61971.93000000,61689.26000000,61861.99000000,399.56844000,60,60,False
1728100800000,1728104400000,61861.99000000,62020.00000000,61824.01000000,61950.01000000,226.26091000,60,60,False
1728104400000,1728108000000,61950.01000000,62157.14000000,61944.01000000,62149.47000000,264.66328000,60,60,False
1728108000000,1728111600000,62149.48000000,62246.11000000,62076.19000000,62224.00000000,302.03997000,60,60,False
1728111600000,1728115200000,62224.00000000,62268.28000000,62076.19000000,62076.19000000,259.63293000,60,60,False
1728115200000,1728118800000,62076.20000000,62198.87000000,62076.19000000,62151.52000000,287.51516000,60,60,False
1728118800000,1728122400000,62151.52000000,62326.48000000,62146.16000000,62252.00000000,906.59633000,60,60,False
1728122400000,1728126000000,62252.01000000,62269.13000000,62202.53000000,62213.84000000,167.45379000,60,60,False
1728126000000,1728129600000,62213.85000000,62233.09000000,62169.53000000,62180.00000000,161.27568000,60,60,False
1728129600000,1728133200000,62179.99000000,62304.00000000,62179.99000000,62302.03000000,230.69463000,60,60,False
1728133200000,1728136800000,62302.02000000,62370.56000000,62100.00000000,62153.35000000,469.51747000,60,60,False
1728136800000,1728140400000,62153.35000000,62239.09000000,62100.07000000,62196.01000000,391.87120000,60,60,False
1728140400000,1728144000000,62196.00000000,62220.00000000,62119.20000000,62167.66000000,225.57254000,60,60,False
1728144000000,1728147600000,62167.65000000,62180.00000000,61958.39000000,61958.39000000,558.60491000,60,60,False
1728147600000,1728151200000,61958.40000000,62030.00000000,61908.00000000,62016.01000000,222.18350000,60,60,False
1728151200000,1728154800000,62016.01000000,62050.00000000,61840.01000000,61864.00000000,274.26427000,60,60,False
1728154800000,1728158400000,61864.00000000,61900.00000000,61790.00000000,61848.48000000,353.76316000,60,60,False
1728158400000,1728162000000,61848.48000000,61848.49000000,61700.00000000,61723.38000000,359.51629000,60,60,False
1728162000000,1728165600000,61723.39000000,61939.40000000,61706.00000000,61857.64000000,250.49320000,60,60,False
1728165600000,1728169200000,61857.65000000,62089.99000000,61850.29000000,62039.52000000,231.51808000,60,60,False
1728169200000,1728172800000,62039.52000000,62100.00000000,61980.33000000,62058.00000000,173.20865000,60,60,False
1728172800000,1728176400000,62058.01000000,62088.17000000,61888.46000000,61920.00000000,191.30107000,60,60,False
1728176400000,1728180000000,61919.99000000,62150.00000000,61919.99000000,62081.01000000,247.54462000,60,60,False
1728180000000,1728183600000,62081.01000000,62115.99000000,61940.11000000,61966.01000000,199.51399000,60,60,False
1728183600000,1728187200000,61966.01000000,62020.00000000,61876.00000000,61878.66000000,244.29144000,60,60,False
1728187200000,1728190800000,61878.66000000,61966.25000000,61798.97000000,61878.03000000,273.75210000,60,60,False
1728190800000,1728194400000,61878.03000000,61974.69000000,61845.07000000,61938.51000000,150.78816000,60,60,False
1728194400000,1728198000000,61938.51000000,62010.00000000,61879.92000000,61961.99000000,390.35484000,60,60,False
1728198000000,1728201600000,61962.00000000,62001.99000000,61948.02000000,61949.01000000,92.16551000,60,60,False
1728201600000,1728205200000,61949.01000000,62070.00000000,61922.00000000,61989.81000000,243.41255000,60,60,False
1728205200000,1728208800000,61989.81000000,62176.75000000,61976.52000000,62066.38000000,280.81292000,60,60,False
1728208800000,1728212400000,62066.38000000,62079.00000000,62006.55000000,62023.83000000,218.64231000,60,60,False
1728212400000,1728216000000,62023.84000000,62145.00000000,62012.00000000,62101.92000000,193.91457000,60,60,False
1728216000000,1728219600000,62101.92000000,62230.00000000,62065.31000000,62222.00000000,499.05718000,60,60,False
1728219600000,1728223200000,62221.99000000,62371.05000000,62221.99000000,62257.73000000,684.22241000,60,60,False
1728223200000,1728226800000,62257.73000000,62777.00000000,62196.00000000,62715.99000000,968.70462000,60,60,False
1728226800000,1728230400000,62716.00000000,62766.22000000,62444.00000000,62720.01000000,911.02124000,60,60,False
1728230400000,1728234000000,62720.01000000,62927.87000000,62597.50000000,62602.00000000,709.17287000,60,60,False
1728234000000,1728237600000,62602.01000000,62760.01000000,62550.00000000,62591.20000000,364.35832000,60,60,False
1728237600000,1728241200000,62591.20000000,62765.00000000,62590.91000000,62718.36000000,250.01336000,60,60,False
1728241200000,1728244800000,62718.37000000,62975.00000000,62590.00000000,62631.38000000,358.18016000,60,60,False
1728244800000,1728248400000,62631.38000000,62753.86000000,62585.00000000,62620.62000000,219.43399000,60,60,False
1728248400000,1728252000000,62620.62000000,62658.23000000,62302.00000000,62303.03000000,433.39775000,60,60,False
1728252000000,1728255600000,62303.04000000,62624.03000000,62303.03000000,62618.85000000,231.96477000,60,60,False
1728255600000,1728259200000,62618.84000000,62912.33000000,62618.84000000,62819.91000000,550.84102000,60,60,False
1728259200000,1728262800000,62819.91000000,63718.84000000,62657.44000000,63677.98000000,1704.33510000,60,60,False
1728262800000,1728266400000,63677.98000000,63970.19000000,63660.00000000,63819.00000000,1335.96920000,60,60,False
1728266400000,1728270000000,63819.00000000,63948.46000000,63597.22000000,63637.29000000,773.41171000,60,60,False
1728270000000,1728273600000,63637.29000000,63769.84000000,63345.97000000,63530.51000000,642.28798000,60,60,False
1728273600000,1728277200000,63530.51000000,63670.00000000,63462.88000000,63466.66000000,309.55226000,60,60,False
1728277200000,1728280800000,63466.67000000,63628.00000000,63300.48000000,63380.01000000,485.61573000,60,60,False
1728280800000,1728284400000,63380.00000000,63753.91000000,63312.00000000,63706.00000000,653.60056000,60,60,False
1728284400000,1728288000000,63705.99000000,63710.56000000,63452.01000000,63531.99000000,666.26925000,60,60,False
1728288000000,1728291600000,63532.00000000,63706.00000000,63520.00000000,63554.62000000,529.85189000,60,60,False
1728291600000,1728295200000,63554.62000000,63554.63000000,63088.00000000,63210.83000000,1154.64233000,60,60,False
1728295200000,1728298800000,63210.82000000,63222.00000000,62865.09000000,62891.48000000,1095.22985000,60,60,False
1728298800000,1728302400000,62891.49000000,63179.99000000,62649.95000000,63135.44000000,1677.47151000,60,60,False
1728302400000,1728306000000,63135.45000000,63135.45000000,62834.03000000,62883.33000000,724.06922000,60,60,False
1728306000000,1728309600000,62883.32000000,63566.67000000,62825.37000000,63457.36000000,1393.04464000,60,60,False
1728309600000,1728313200000,63457.37000000,64478.19000000,63457.37000000,63991.89000000,3989.25639000,60,60,False
1728313200000,1728316800000,63991.89000000,63995.00000000,63525.00000000,63651.60000000,1496.13836000,60,60,False
1728316800000,1728320400000,63651.59000000,63874.65000000,63427.96000000,63819.90000000,793.57942000,60,60,False
1728320400000,1728324000000,63819.91000000,63906.57000000,63519.99000000,63819.99000000,751.04511000,60,60,False
1728324000000,1728327600000,63820.00000000,63822.49000000,62735.90000000,62848.00000000,1494.26538000,60,60,False
1728327600000,1728331200000,62848.00000000,63468.72000000,62848.00000000,63382.00000000,1055.60592000,60,60,False
1728331200000,1728334800000,63381.99000000,63410.00000000,62984.29000000,63020.00000000,457.18377000,60,60,False
1728334800000,1728338400000,63020.00000000,63374.00000000,63002.29000000,63373.99000000,399.72130000,60,60,False
1728338400000,1728342000000,63373.99000000,63374.00000000,62419.90000000,62471.08000000,1024.37163000,60,60,False
1728342000000,1728345600000,62471.08000000,62665.83000000,62128.00000000,62224.00000000,1359.66669000,60,60,False
1728345600000,1728349200000,62224.01000000,62585.06000000,62156.02000000,62552.98000000,795.16170000,60,60,False
1728349200000,1728352800000,62552.98000000,62737.84000000,62312.00000000,62630.01000000,699.78371000,60,60,False
1728352800000,1728356400000,62630.01000000,62789.65000000,62419.90000000,62785.78000000,790.25190000,60,60,False
1728356400000,1728360000000,62785.79000000,62820.00000000,62522.61000000,62629.80000000,473.99204000,60,60,False
1728360000000,1728363600000,62629.80000000,62778.04000000,62533.56000000,62694.90000000,567.31828000,60,60,False
1728363600000,1728367200000,62694.90000000,62723.69000000,62305.78000000,62517.35000000,719.31657000,60,60,False
1728367200000,1728370800000,62517.35000000,62531.52000000,62200.00000000,62509.42000000,580.02424000,60,60,False
1728370800000,1728374400000,62509.42000000,62509.42000000,62005.00000000,62319.99000000,722.21187000,60,60,False
1728374400000,1728378000000,62319.99000000,62439.32000000,62193.63000000,62409.46000000,824.81768000,60,60,False
1728378000000,1728381600000,62409.46000000,62590.00000000,62301.14000000,62537.38000000,524.50951000,60,60,False
1728381600000,1728385200000,62537.37000000,62589.86000000,62410.82000000,62519.78000000,406.80723000,60,60,False
1728385200000,1728388800000,62519.77000000,62670.16000000,62471.24000000,62624.01000000,484.82065000,60,60,False
1728388800000,1728392400000,62624.02000000,62670.00000000,62427.15000000,62440.00000000,463.54487000,60,60,False
1728392400000,1728396000000,62440.01000000,63058.43000000,62326.52000000,63035.27000000,1568.71636000,60,60,False
1728396000000,1728399600000,63035.27000000,63200.00000000,62157.46000000,62778.00000000,2396.82105000,60,60,False
1728399600000,1728403200000,62778.00000000,62850.24000000,61864.89000000,62288.01000000,2548.14024000,60,60,False
1728403200000,1728406800000,62288.01000000,62598.00000000,62023.42000000,62570.00000000,889.56934000,60,60,False
1728406800000,1728410400000,62569.99000000,62570.00000000,62071.31000000,62393.94000000,716.71801000,60,60,False
1728410400000,1728414000000,62393.94000000,62534.00000000,61930.34000000,62110.72000000,928.34993000,60,60,False
1728414000000,1728417600000,62110.71000000,62350.00000000,61860.31000000,62245.53000000,1051.14599000,60,60,False
1728417600000,1728421200000,62245.99000000,62400.02000000,62147.39000000,62400.02000000,411.43606000,60,60,False
1728421200000,1728424800000,62400.02000000,62565.95000000,62320.00000000,62443.74000000,354.90699000,60,60,False
1728424800000,1728428400000,62443.75000000,62453.14000000,62159.90000000,62175.01000000,390.36179000,60,60,False
1728428400000,1728432000000,62175.01000000,62281.21000000,62026.13000000,62160.49000000,393.49770000,60,60,False
1728432000000,1728435600000,62160.50000000,62266.00000000,62002.50000000,62154.00000000,696.00437000,60,60,False
1728435600000,1728439200000,62154.00000000,62494.00000000,62108.00000000,62414.55000000,719.19866000,60,60,False
1728439200000,1728442800000,62414.55000000,62420.01000000,62264.00000000,62264.01000000,298.93255000,60,60,False
1728442800000,1728446400000,62264.00000000,62460.00000000,62150.09000000,62394.07000000,504.43621000,60,60,False
1728446400000,1728450000000,62394.07000000,62433.37000000,62300.00000000,62347.78000000,438.36498000,60,60,False
1728450000000,1728453600000,62347.78000000,62542.06000000,62347.78000000,62524.09000000,698.96105000,60,60,False
1728453600000,1728457200000,62524.09000000,62543.75000000,62380.00000000,62430.00000000,411.04474000,60,60,False
1728457200000,1728460800000,62430.00000000,62430.00000000,62200.00000000,62276.78000000,493.56012000,60,60,False
1728460800000,1728464400000,62276.79000000,62287.07000000,62046.69000000,62149.99000000,599.01755000,60,60,False
1728464400000,1728468000000,62150.00000000,62275.37000000,62102.00000000,62264.02000000,392.90440000,60,60,False
1728468000000,1728471600000,62264.02000000,62264.02000000,62051.27000000,62150.00000000,428.36988000,60,60,False
1728471600000,1728475200000,62149.99000000,62231.12000000,62104.35000000,62200.00000000,298.13635000,60,60,False
1728475200000,1728478800000,62199.99000000,62225.99000000,61766.00000000,61980.00000000,1296.22422000,60,60,False
1728478800000,1728482400000,61980.00000000,62094.77000000,61750.00000000,61800.99000000,1341.96135000,60,60,False
1728482400000,1728486000000,61801.00000000,62028.00000000,61634.61000000,61872.99000000,1156.05584000,60,60,False
1728486000000,1728489600000,61872.99000000,62412.09000000,61780.00000000,62316.00000000,1435.35966000,60,60,False
1728489600000,1728493200000,62316.00000000,62350.00000000,61686.00000000,61814.01000000,1304.67493000,60,60,False
1728493200000,1728496800000,61814.01000000,61906.28000000,61666.98000000,61748.00000000,634.04881000,60,60,False
1728496800000,1728500400000,61748.00000000,61818.19000000,61150.00000000,61196.01000000,1600.85322000,60,60,False
1728500400000,1728504000000,61196.00000000,61218.00000000,60835.00000000,61031.98000000,1531.82306000,60,60,False
1728504000000,1728507600000,61031.99000000,61122.53000000,60301.00000000,60420.01000000,1843.13319000,60,60,False
1728507600000,1728511200000,60420.01000000,60958.00000000,60362.01000000,60902.01000000,921.66159000,60,60,False
1728511200000,1728514800000,60902.01000000,60915.66000000,60699.90000000,60798.01000000,448.46829000,60,60,False
1728514800000,1728518400000,60798.01000000,60829.88000000,60610.00000000,60636.02000000,517.96182000,60,60,False
1728518400000,1728522000000,60636.01000000,60693.50000000,60355.00000000,60437.61000000,1064.58671000,60,60,False
1728522000000,1728525600000,60437.61000000,60860.87000000,60435.73000000,60803.02000000,706.81361000,60,60,False
1728525600000,1728529200000,60803.01000000,60937.99000000,60708.07000000,60882.08000000,579.73713000,60,60,False
1728529200000,1728532800000,60882.08000000,60956.00000000,60821.06000000,60865.29000000,376.43901000,60,60,False
1728532800000,1728536400000,60865.29000000,60957.41000000,60814.90000000,60865.90000000,279.67137000,60,60,False
1728536400000,1728540000000,60865.89000000,61052.00000000,60842.09000000,60941.48000000,381.79627000,60,60,False
1728540000000,1728543600000,60941.48000000,61149.58000000,60892.29000000,61143.85000000,566.90796000,60,60,False
1728543600000,1728547200000,61143.86000000,61145.99000000,60900.00000000,60900.00000000,398.99964000,60,60,False
1728547200000,1728550800000,60900.01000000,61073.42000000,60784.75000000,60815.70000000,595.18801000,60,60,False
1728550800000,1728554400000,60815.71000000,60988.92000000,60630.71000000,60935.15000000,908.49779000,60,60,False
1728554400000,1728558000000,60935.14000000,61211.99000000,60932.69000000,61075.56000000,473.81685000,60,60,False
1728558000000,1728561600000,61075.56000000,61321.68000000,61052.00000000,61262.00000000,582.16912000,60,60,False
1728561600000,1728565200000,61262.01000000,61320.00000000,60752.04000000,60962.00000000,1487.32919000,60,60,False
1728565200000,1728568800000,60962.01000000,61254.00000000,60617.05000000,60940.01000000,1121.40668000,60,60,False
1728568800000,1728572400000,60940.01000000,61055.99000000,60513.44000000,60593.95000000,1109.62787000,60,60,False
1728572400000,1728576000000,60593.95000000,60814.98000000,60444.99000000,60789.36000000,1509.54800000,60,60,False
1728576000000,1728579600000,60789.36000000,61030.31000000,60255.36000000,60298.12000000,1239.94022000,60,60,False
1728579600000,1728583200000,60298.12000000,60460.00000000,59561.51000000,59611.01000000,2434.69214000,60,60,False
1728583200000,1728586800000,59611.00000000,59611.01000000,58946.00000000,59502.01000000,3644.40509000,60,60,False
1728586800000,1728590400000,59502.00000000,59761.00000000,59360.00000000,59727.28000000,1198.92032000,60,60,False
1728590400000,1728594000000,59727.27000000,60026.08000000,59586.29000000,59799.83000000,1105.03452000,60,60,False
1728594000000,1728597600000,59799.83000000,60198.78000000,59692.79000000,60198.77000000,969.22291000,60,60,False
1728597600000,1728601200000,60198.78000000,60250.00000000,59945.62000000,60148.01000000,752.21843000,60,60,False
1728601200000,1728604800000,60148.00000000,60329.27000000,60148.00000000,60326.39000000,480.95597000,60,60,False
1728604800000,1728608400000,60326.40000000,60360.00000000,60151.23000000,60194.01000000,709.69559000,60,60,False
1728608400000,1728612000000,60194.01000000,60768.64000000,60087.64000000,60578.55000000,903.56723000,60,60,False
1728612000000,1728615600000,60578.55000000,60649.99000000,60362.30000000,60553.31000000,432.09823000,60,60,False
1728615600000,1728619200000,60553.32000000,60710.21000000,60553.31000000,60614.00000000,369.81958000,60,60,False
1728619200000,1728622800000,60614.01000000,60720.03000000,60578.00000000,60699.99000000,320.68003000,60,60,False
1728622800000,1728626400000,60699.99000000,60770.00000000,60588.23000000,60600.00000000,350.72883000,60,60,False
1728626400000,1728630000000,60600.01000000,60925.16000000,60600.00000000,60800.00000000,557.93131000,60,60,False
1728630000000,1728633600000,60800.01000000,60919.83000000,60656.00000000,60674.69000000,804.72065000,60,60,False
1728633600000,1728637200000,60674.68000000,60810.89000000,60650.44000000,60669.39000000,404.79120000,60,60,False
1728637200000,1728640800000,60669.39000000,61118.19000000,60654.05000000,61086.00000000,903.88588000,60,60,False
1728640800000,1728644400000,61086.00000000,61263.40000000,61002.49000000,61160.00000000,994.23585000,60,60,False
1728644400000,1728648000000,61160.01000000,61260.00000000,61079.90000000,61174.87000000,452.07523000,60,60,False
1728648000000,1728651600000,61174.88000000,61477.57000000,61129.72000000,61379.00000000,1031.16609000,60,60,False
1728651600000,1728655200000,61379.01000000,61848.00000000,61206.15000000,61676.00000000,1576.49136000,60,60,False
1728655200000,1728658800000,61675.99000000,61950.00000000,61634.41000000,61753.65000000,2246.32837000,60,60,False
1728658800000,1728662400000,61753.65000000,62450.00000000,61753.65000000,62259.05000000,2053.88774000,60,60,False
1728662400000,1728666000000,62259.04000000,62438.64000000,62123.00000000,62272.00000000,1576.08866000,60,60,False
1728666000000,1728669600000,62272.01000000,62934.80000000,62166.02000000,62918.00000000,1730.53186000,60,60,False
1728669600000,1728673200000,62918.00000000,62973.47000000,62714.00000000,62922.08000000,790.45713000,60,60,False
1728673200000,1728676800000,62922.07000000,63417.56000000,62819.47000000,63086.01000000,2353.79665000,60,60,False
1728676800000,1728680400000,63086.00000000,63087.50000000,62924.00000000,62993.68000000,625.88299000,60,60,False
1728680400000,1728684000000,62993.68000000,63160.00000000,62796.19000000,62848.48000000,1016.19852000,60,60,False
1728684000000,1728687600000,62848.48000000,62910.00000000,62374.13000000,62450.27000000,822.93768000,60,60,False
1728687600000,1728691200000,62450.27000000,62666.67000000,62357.70000000,62540.00000000,613.35543000,60,60,False
1728691200000,1728694800000,62539.99000000,62930.00000000,62500.00000000,62840.00000000,757.11212000,60,60,False
1728694800000,1728698400000,62840.01000000,63073.78000000,62684.67000000,62733.67000000,876.84838000,60,60,False
1728698400000,1728702000000,62733.67000000,62757.58000000,62505.64000000,62554.97000000,404.88126000,60,60,False
1728702000000,1728705600000,62554.98000000,62636.00000000,62487.23000000,62568.00000000,472.10486000,60,60,False
1728705600000,1728709200000,62568.00000000,62746.00000000,62565.51000000,62583.58000000,477.93544000,60,60,False
1728709200000,1728712800000,62583.58000000,62800.00000000,62579.00000000,62778.01000000,201.05441000,60,60,False
1728712800000,1728716400000,62778.00000000,62778.01000000,62670.65000000,62679.91000000,275.66986000,60,60,False
1728716400000,1728720000000,62679.91000000,62774.00000000,62645.73000000,62767.57000000,244.00832000,60,60,False
1728720000000,1728723600000,62767.57000000,62783.06000000,62699.98000000,62725.58000000,219.30239000,60,60,False
1728723600000,1728727200000,62725.59000000,62843.33000000,62672.34000000,62843.32000000,222.24086000,60,60,False
1728727200000,1728730800000,62843.32000000,63049.00000000,62815.03000000,63043.73000000,674.64810000,60,60,False
1728730800000,1728734400000,63043.73000000,63260.53000000,62914.65000000,62936.91000000,882.96206000,60,60,False
1728734400000,1728738000000,62936.91000000,63062.00000000,62824.03000000,63056.26000000,568.09497000,60,60,False
1728738000000,1728741600000,63056.26000000,63151.52000000,62975.00000000,63072.12000000,464.98284000,60,60,False
1728741600000,1728745200000,63072.12000000,63400.00000000,63014.00000000,63234.99000000,646.31938000,60,60,False
1728745200000,1728748800000,63235.00000000,63480.00000000,63057.00000000,63157.49000000,1011.08640000,60,60,False
1728748800000,1728752400000,63157.50000000,63400.00000000,63063.40000000,63064.06000000,491.72842000,60,60,False
1728752400000,1728756000000,63064.06000000,63260.00000000,63048.00000000,63103.47000000,321.78631000,60,60,False
1728756000000,1728759600000,63103.46000000,63177.64000000,62936.00000000,62936.01000000,371.62018000,60,60,False
1728759600000,1728763200000,62936.01000000,63075.61000000,62911.00000000,63000.01000000,352.60400000,60,60,False
1728763200000,1728766800000,63000.01000000,63113.21000000,63000.00000000,63043.29000000,207.96238000,60,60,False
1728766800000,1728770400000,63043.29000000,63225.24000000,63043.28000000,63221.16000000,172.79716000,60,60,False
1728770400000,1728774000000,63221.16000000,63324.00000000,63140.00000000,63296.63000000,208.14162000,60,60,False
1728774000000,1728777600000,63296.63000000,63388.00000000,63169.82000000,63206.22000000,385.40944000,60,60,False
1728777600000,1728781200000,63206.23000000,63285.72000000,63035.00000000,63190.23000000,392.73552000,60,60,False
1728781200000,1728784800000,63190.24000000,63190.24000000,62818.00000000,62879.26000000,906.08765000,60,60,False
1728784800000,1728788400000,62879.26000000,62920.00000000,62700.00000000,62867.20000000,408.56362000,60,60,False
1728788400000,1728792000000,62867.20000000,62900.00000000,62654.91000000,62712.31000000,271.47783000,60,60,False
1728792000000,1728795600000,62712.31000000,62860.00000000,62707.21000000,62814.00000000,199.62475000,60,60,False
1728795600000,1728799200000,62814.00000000,62964.00000000,62813.99000000,62853.92000000,184.12566000,60,60,False
1728799200000,1728802800000,62853.91000000,62990.00000000,62853.91000000,62867.29000000,211.17094000,60,60,False
1728802800000,1728806400000,62867.29000000,62912.92000000,62729.81000000,62843.48000000,382.01636000,60,60,False
1728806400000,1728810000000,62843.48000000,62962.00000000,62797.93000000,62809.99000000,495.84681000,60,60,False
1728810000000,1728813600000,62809.99000000,62867.57000000,62770.61000000,62830.00000000,473.75794000,60,60,False
1728813600000,1728817200000,62830.00000000,62830.01000000,62688.01000000,62700.99000000,419.55548000,60,60,False
1728817200000,1728820800000,62700.99000000,62776.00000000,62520.18000000,62561.33000000,683.10484000,60,60,False
1728820800000,1728824400000,62561.34000000,62728.37000000,62546.00000000,62664.01000000,337.55907000,60,60,False
1728824400000,1728828000000,62664.01000000,62818.00000000,62624.75000000,62660.00000000,417.77487000,60,60,False
1728828000000,1728831600000,62660.00000000,62660.00000000,62200.00000000,62249.60000000,891.39712000,60,60,False
1728831600000,1728835200000,62249.60000000,62347.49000000,62050.00000000,62229.31000000,1235.55429000,60,60,False
1728835200000,1728838800000,62229.32000000,62712.50000000,62177.67000000,62629.10000000,666.47125000,60,60,False
1728838800000,1728842400000,62629.11000000,62887.78000000,62410.21000000,62515.59000000,805.68447000,60,60,False
1728842400000,1728846000000,62515.58000000,62623.12000000,62314.13000000,62414.00000000,366.44599000,60,60,False
1728846000000,1728849600000,62414.00000000,62740.00000000,62414.00000000,62734.32000000,347.62511000,60,60,False
1728849600000,1728853200000,62734.31000000,62762.92000000,62610.67000000,62762.91000000,264.84711000,60,60,False
1728853200000,1728856800000,62762.92000000,63010.00000000,62679.90000000,62895.11000000,659.18256000,60,60,False
1728856800000,1728860400000,62895.11000000,63125.00000000,62727.27000000,62837.99000000,617.63003000,60,60,False
1728860400000,1728864000000,62838.00000000,62895.90000000,62630.00000000,62870.02000000,270.98068000,60,60,False
1728864000000,1728867600000,62870.02000000,62898.43000000,62457.81000000,62520.18000000,498.83037000,60,60,False
1728867600000,1728871200000,62520.19000000,62850.00000000,62510.01000000,62631.83000000,500.36381000,60,60,False
1728871200000,1728874800000,62631.83000000,62634.17000000,62478.65000000,62614.00000000,267.08282000,60,60,False
1728874800000,1728878400000,62614.00000000,64392.49000000,62612.00000000,64299.99000000,3936.41882000,60,60,False
1728878400000,1728882000000,64300.00000000,64500.00000000,64082.37000000,64137.99000000,2574.70527000,60,60,False
1728882000000,1728885600000,64137.99000000,64160.00000000,63778.62000000,63941.54000000,1258.11830000,60,60,False
1728885600000,1728889200000,63941.54000000,64227.86000000,63801.89000000,64095.99000000,809.03000000,60,60,False
1728889200000,1728892800000,64096.00000000,64686.00000000,64028.99000000,64620.87000000,1898.35413000,60,60,False
1728892800000,1728896400000,64620.87000000,64860.00000000,64382.72000000,64427.99000000,1331.28363000,60,60,False
1728896400000,1728900000000,64427.99000000,64899.98000000,64340.98000000,64822.23000000,1190.87041000,60,60,False
1728900000000,1728903600000,64822.24000000,64999.00000000,64695.79000000,64860.18000000,1212.28075000,60,60,False
1728903600000,1728907200000,64860.18000000,65188.57000000,64800.01000000,64920.06000000,1604.40044000,60,60,False
1728907200000,1728910800000,64920.05000000,65000.00000000,64743.00000000,64868.05000000,1400.73972000,60,60,False
1728910800000,1728914400000,64868.06000000,65292.00000000,64660.56000000,65150.01000000,1898.59510000,60,60,False
1728914400000,1728918000000,65150.01000000,66299.93000000,65116.00000000,65922.00000000,5246.02328000,60,60,False
1728918000000,1728921600000,65922.00000000,66111.16000000,65800.00000000,65870.00000000,2620.60347000,60,60,False
1728921600000,1728925200000,65870.00000000,66014.00000000,65609.04000000,65703.99000000,2115.94718000,60,60,False
1728925200000,1728928800000,65703.99000000,65846.00000000,65459.00000000,65640.01000000,1061.53508000,60,60,False
1728928800000,1728932400000,65640.00000000,65960.00000000,65579.90000000,65769.59000000,978.39321000,60,60,False
1728932400000,1728936000000,65769.59000000,66072.30000000,65723.40000000,65939.40000000,1385.23734000,60,60,False
1728936000000,1728939600000,65939.41000000,66050.00000000,65815.56000000,65925.97000000,589.40036000,60,60,False
1728939600000,1728943200000,65925.98000000,65999.00000000,65730.00000000,65782.14000000,396.51022000,60,60,False
1728943200000,1728946800000,65782.14000000,66500.00000000,65770.00000000,66454.00000000,1948.67266000,60,60,False
1728946800000,1728950400000,66454.01000000,66500.00000000,66035.29000000,66083.99000000,946.55585000,60,60,False
1728950400000,1728954000000,66084.00000000,66330.00000000,65856.45000000,65929.99000000,1154.23779000,60,60,False
1728954000000,1728957600000,65930.00000000,66013.83000000,65733.39000000,65866.48000000,694.44944000,60,60,False
1728957600000,1728961200000,65866.48000000,65928.00000000,65706.01000000,65759.99000000,617.73826000,60,60,False
1728961200000,1728964800000,65759.99000000,65760.00000000,65324.40000000,65400.00000000,1108.40050000,60,60,False
1728964800000,1728968400000,65399.99000000,65691.21000000,65322.00000000,65599.99000000,567.45376000,60,60,False
1728968400000,1728972000000,65599.99000000,65600.00000000,65201.00000000,65363.24000000,822.80503000,60,60,False
1728972000000,1728975600000,65363.25000000,65612.17000000,65285.24000000,65564.98000000,735.52735000,60,60,False
1728975600000,1728979200000,65564.98000000,65846.00000000,65560.01000000,65638.74000000,1193.58339000,60,60,False
1728979200000,1728982800000,65638.74000000,65850.00000000,65615.57000000,65754.00000000,565.59570000,60,60,False
1728982800000,1728986400000,65753.99000000,65785.33000000,65602.68000000,65637.99000000,1081.37313000,60,60,False
1728986400000,1728990000000,65637.99000000,65750.00000000,65582.95000000,65679.94000000,642.13152000,60,60,False
1728990000000,1728993600000,65679.95000000,65720.00000000,65280.00000000,65399.69000000,1509.55209000,60,60,False
1728993600000,1728997200000,65399.68000000,65964.56000000,65383.50000000,65802.01000000,1376.78893000,60,60,False
1728997200000,1729000800000,65802.01000000,67767.66000000,65770.00000000,67658.00000000,4758.39408000,60,60,False
1729000800000,1729004400000,67658.00000000,67950.00000000,65150.01000000,65376.00000000,9039.37258000,60,60,False
1729004400000,1729008000000,65376.01000000,66300.00000000,64800.01000000,66022.00000000,5392.76390000,60,60,False
1729008000000,1729011600000,66022.01000000,67218.00000000,65982.55000000,66868.20000000,3418.13618000,60,60,False
1729011600000,1729015200000,66868.21000000,67059.33000000,66501.00000000,66808.01000000,1765.93618000,60,60,False
1729015200000,1729018800000,66808.00000000,67390.89000000,66754.00000000,66901.15000000,1591.98685000,60,60,False
1729018800000,1729022400000,66901.15000000,67051.99000000,66574.94000000,66970.18000000,1664.01097000,60,60,False
1729022400000,1729026000000,66970.18000000,67007.99000000,66391.65000000,66469.41000000,1318.01559000,60,60,False
1729026000000,1729029600000,66469.41000000,66614.00000000,66130.64000000,66432.00000000,1096.16117000,60,60,False
1729029600000,1729033200000,66432.01000000,66992.00000000,66409.42000000,66747.58000000,795.05313000,60,60,False
1729033200000,1729036800000,66747.59000000,67156.47000000,66675.06000000,67074.14000000,774.48671000,60,60,False
1729036800000,1729040400000,67074.14000000,67138.96000000,66759.01000000,66874.04000000,786.91734000,60,60,False
1729040400000,1729044000000,66874.04000000,67496.89000000,66750.49000000,67375.99000000,1155.89777000,60,60,False
1729044000000,1729047600000,67376.00000000,67561.04000000,67241.04000000,67280.01000000,855.21854000,60,60,False
1729047600000,1729051200000,67280.01000000,67293.99000000,67071.33000000,67095.98000000,710.36875000,60,60,False
1729051200000,1729054800000,67095.99000000,67236.00000000,66885.05000000,67000.00000000,694.88785000,60,60,False
1729054800000,1729058400000,67000.00000000,67361.41000000,66930.71000000,67218.74000000,776.15846000,60,60,False
1729058400000,1729062000000,67218.74000000,67300.00000000,66961.62000000,67050.00000000,772.89972000,60,60,False
1729062000000,1729065600000,67050.00000000,67050.01000000,66775.67000000,66972.53000000,826.47000000,60,60,False
1729065600000,1729069200000,66972.53000000,67270.15000000,66917.52000000,67129.82000000,1139.02083000,60,60,False
1729069200000,1729072800000,67129.82000000,67469.00000000,67087.26000000,67420.01000000,1155.95012000,60,60,False
1729072800000,1729076400000,67420.01000000,67799.00000000,67323.61000000,67733.54000000,2132.60078000,60,60,False
1729076400000,1729080000000,67733.55000000,68424.00000000,67602.05000000,67894.72000000,4243.53323000,60,60,False
1729080000000,1729083600000,67894.73000000,68058.00000000,67670.00000000,67832.00000000,2119.64251000,60,60,False
1729083600000,1729087200000,67832.00000000,67962.00000000,67117.18000000,67386.00000000,2383.91323000,60,60,False
1729087200000,1729090800000,67386.00000000,68308.91000000,67346.00000000,67671.91000000,3438.18800000,60,60,False
1729090800000,1729094400000,67671.91000000,68050.00000000,67391.01000000,67749.99000000,1400.46686000,60,60,False
1729094400000,1729098000000,67750.00000000,67929.99000000,67482.00000000,67823.88000000,1175.82956000,60,60,False
1729098000000,1729101600000,67823.88000000,68100.00000000,67686.00000000,67942.00000000,983.28128000,60,60,False
1729101600000,1729105200000,67942.00000000,68064.00000000,67780.32000000,67822.74000000,688.26491000,60,60,False
1729105200000,1729108800000,67822.73000000,67952.84000000,67643.24000000,67728.00000000,727.95399000,60,60,False
1729108800000,1729112400000,67728.01000000,67954.03000000,67630.00000000,67630.01000000,594.85817000,60,60,False
1729112400000,1729116000000,67630.01000000,67706.00000000,67500.00000000,67566.90000000,394.73361000,60,60,False
1729116000000,1729119600000,67566.90000000,67860.00000000,67563.84000000,67790.01000000,413.91674000,60,60,False
1729119600000,1729123200000,67790.00000000,67827.48000000,67602.34000000,67620.01000000,367.28319000,60,60,False
1729123200000,1729126800000,67620.00000000,67939.40000000,67580.00000000,67709.99000000,437.46753000,60,60,False
1729126800000,1729130400000,67709.99000000,67899.99000000,67406.99000000,67893.98000000,839.22722000,60,60,False
1729130400000,1729134000000,67893.98000000,67908.48000000,67408.00000000,67472.01000000,748.44335000,60,60,False
1729134000000,1729137600000,67472.01000000,67700.00000000,67438.00000000,67601.40000000,478.64401000,60,60,False
1729137600000,1729141200000,67601.40000000,67601.40000000,67260.00000000,67260.00000000,695.26222000,60,60,False
1729141200000,1729144800000,67260.01000000,67470.00000000,67260.00000000,67340.82000000,509.73015000,60,60,False
1729144800000,1729148400000,67340.81000000,67504.49000000,67104.18000000,67162.87000000,1233.26564000,60,60,False
1729148400000,1729152000000,67162.87000000,67317.17000000,67087.35000000,67303.18000000,1114.64608000,60,60,False
1729152000000,1729155600000,67303.18000000,67473.49000000,67200.00000000,67450.00000000,745.35931000,60,60,False
1729155600000,1729159200000,67450.00000000,67530.01000000,67185.16000000,67191.40000000,941.84050000,60,60,False
1729159200000,1729162800000,67191.41000000,67295.40000000,66818.96000000,67214.00000000,1208.73503000,60,60,False
1729162800000,1729166400000,67214.01000000,67285.00000000,66741.09000000,66872.43000000,1944.76935000,60,60,False
1729166400000,1729170000000,66872.44000000,67184.00000000,66799.90000000,67171.42000000,998.62443000,60,60,False
1729170000000,1729173600000,67171.42000000,67354.94000000,66669.00000000,67021.99000000,1702.17377000,60,60,False
1729173600000,1729177200000,67021.99000000,67293.94000000,66666.00000000,67123.80000000,2327.10904000,60,60,False
1729177200000,1729180800000,67123.80000000,67680.00000000,66925.06000000,67590.66000000,1616.10959000,60,60,False
1729180800000,1729184400000,67590.67000000,67590.67000000,67122.68000000,67384.42000000,1677.79081000,60,60,False
1729184400000,1729188000000,67384.42000000,67526.00000000,67156.70000000,67290.00000000,1220.03847000,60,60,False
1729188000000,1729191600000,67290.00000000,67308.82000000,66720.00000000,66938.01000000,1635.90526000,60,60,False
1729191600000,1729195200000,66938.01000000,67017.39000000,66780.00000000,66840.00000000,830.39720000,60,60,False
1729195200000,1729198800000,66840.00000000,67149.50000000,66827.68000000,66940.00000000,469.06350000,60,60,False
1729198800000,1729202400000,66940.00000000,67129.98000000,66940.00000000,67084.00000000,319.20057000,60,60,False
1729202400000,1729206000000,67084.01000000,67480.00000000,67084.01000000,67444.02000000,919.29212000,60,60,False
1729206000000,1729209600000,67444.02000000,67479.99000000,67288.01000000,67421.78000000,715.13346000,60,60,False
1729209600000,1729213200000,67421.78000000,67457.07000000,67192.36000000,67214.42000000,626.09327000,60,60,False
1729213200000,1729216800000,67214.41000000,68260.92000000,67194.00000000,68085.50000000,2138.13847000,60,60,False
1729216800000,1729220400000,68085.50000000,68142.00000000,67800.00000000,68103.99000000,1073.14990000,60,60,False
1729220400000,1729224000000,68104.00000000,68108.58000000,67522.00000000,67555.40000000,978.29799000,60,60,False
1729224000000,1729227600000,67555.41000000,67867.93000000,67544.00000000,67742.72000000,770.77181000,60,60,False
1729227600000,1729231200000,67742.71000000,68050.00000000,67640.00000000,68000.79000000,567.44614000,60,60,False
1729231200000,1729234800000,68000.79000000,68378.95000000,67925.98000000,68108.00000000,1482.28962000,60,60,False
1729234800000,1729238400000,68108.00000000,68194.00000000,67864.00000000,67969.70000000,1615.53030000,60,60,False
1729238400000,1729242000000,67969.69000000,68050.00000000,67830.00000000,67922.45000000,641.38325000,60,60,False
1729242000000,1729245600000,67922.44000000,68045.55000000,67763.26000000,67802.00000000,753.29192000,60,60,False
1729245600000,1729249200000,67802.00000000,67970.33000000,67776.43000000,67874.92000000,921.44904000,60,60,False
1729249200000,1729252800000,67874.92000000,68028.44000000,67674.98000000,67702.00000000,1288.33547000,60,60,False
1729252800000,1729256400000,67702.00000000,67820.66000000,67642.71000000,67662.00000000,574.19737000,60,60,False
1729256400000,1729260000000,67662.00000000,68196.00000000,67656.99000000,68196.00000000,1233.37326000,60,60,False
1729260000000,1729263600000,68195.99000000,68600.00000000,67936.18000000,68426.98000000,4002.87329000,60,60,False
1729263600000,1729267200000,68426.99000000,68870.68000000,68293.04000000,68735.35000000,3171.49022000,60,60,False
1729267200000,1729270800000,68735.34000000,68897.99000000,68360.00000000,68787.88000000,1754.84058000,60,60,False
1729270800000,1729274400000,68787.87000000,68908.05000000,68656.53000000,68710.14000000,1032.29321000,60,60,False
1729274400000,1729278000000,68710.13000000,69000.00000000,68560.00000000,68892.42000000,1227.26584000,60,60,False
1729278000000,1729281600000,68892.41000000,68974.00000000,68572.72000000,68608.01000000,1079.87377000,60,60,False
1729281600000,1729285200000,68608.01000000,68690.00000000,68400.00000000,68432.00000000,674.44986000,60,60,False
1729285200000,1729288800000,68431.99000000,68495.45000000,68230.00000000,68412.00000000,381.16213000,60,60,False
1729288800000,1729292400000,68412.00000000,68420.00000000,68204.10000000,68205.60000000,430.32404000,60,60,False
1729292400000,1729296000000,68205.59000000,68470.00000000,68205.59000000,68428.00000000,307.31425000,60,60,False
1729296000000,1729299600000,68427.99000000,68480.00000000,68303.03000000,68334.20000000,310.84184000,60,60,False
1729299600000,1729303200000,68334.21000000,68454.55000000,68330.00000000,68340.02000000,321.83758000,60,60,False
1729303200000,1729306800000,68340.02000000,68469.91000000,68334.00000000,68459.59000000,276.07774000,60,60,False
1729306800000,1729310400000,68459.58000000,68693.26000000,68435.96000000,68450.01000000,467.97911000,60,60,False
1729310400000,1729314000000,68450.00000000,68560.00000000,68334.00000000,68334.01000000,312.97065000,60,60,False
1729314000000,1729317600000,68334.00000000,68432.62000000,68326.00000000,68390.01000000,234.25062000,60,60,False
1729317600000,1729321200000,68390.01000000,68439.00000000,68335.83000000,68335.83000000,234.88358000,60,60,False
1729321200000,1729324800000,68335.84000000,68405.11000000,68302.31000000,68346.54000000,331.56830000,60,60,False
1729324800000,1729328400000,68346.54000000,68475.70000000,68346.54000000,68409.99000000,382.56805000,60,60,False
1729328400000,1729332000000,68410.00000000,68436.44000000,68352.00000000,68352.00000000,271.85228000,60,60,False
1729332000000,1729335600000,68352.00000000,68380.00000000,68242.00000000,68244.00000000,371.42915000,60,60,False
1729335600000,1729339200000,68244.01000000,68297.28000000,68090.30000000,68090.30000000,629.51337000,60,60,False
1729339200000,1729342800000,68090.30000000,68268.32000000,68088.00000000,68222.00000000,260.37486000,60,60,False
1729342800000,1729346400000,68222.00000000,68222.01000000,68114.69000000,68114.70000000,265.42369000,60,60,False
1729346400000,1729350000000,68114.71000000,68350.00000000,68114.70000000,68300.01000000,401.41070000,60,60,False
1729350000000,1729353600000,68300.00000000,68338.00000000,68159.90000000,68226.93000000,419.69957000,60,60,False
1729353600000,1729357200000,68226.94000000,68227.54000000,68041.02000000,68042.00000000,365.85620000,60,60,False
1729357200000,1729360800000,68042.00000000,68142.80000000,68010.00000000,68121.99000000,207.03330000,60,60,False
1729360800000,1729364400000,68121.99000000,68190.06000000,68094.40000000,68179.99000000,187.56654000,60,60,False
1729364400000,1729368000000,68179.99000000,68242.43000000,68154.31000000,68181.98000000,259.13892000,60,60,False
1729368000000,1729371600000,68181.98000000,68277.96000000,68168.45000000,68245.18000000,518.33656000,60,60,False
1729371600000,1729375200000,68245.18000000,68345.41000000,68222.43000000,68222.43000000,423.73528000,60,60,False
1729375200000,1729378800000,68222.43000000,68410.00000000,68203.18000000,68330.00000000,345.97000000,60,60,False
1729378800000,1729382400000,68330.00000000,68413.96000000,68304.00000000,68378.00000000,393.34948000,60,60,False
1729382400000,1729386000000,68377.99000000,68446.00000000,68231.23000000,68231.24000000,440.41304000,60,60,False
1729386000000,1729389600000,68231.24000000,68253.30000000,68155.00000000,68158.00000000,217.11239000,60,60,False
1729389600000,1729393200000,68158.00000000,68220.00000000,68114.43000000,68177.01000000,217.83232000,60,60,False
1729393200000,1729396800000,68177.01000000,68198.00000000,68100.00000000,68188.00000000,179.36249000,60,60,False
1729396800000,1729400400000,68188.01000000,68316.00000000,68184.96000000,68235.99000000,181.24513000,60,60,False
1729400400000,1729404000000,68236.00000000,68291.67000000,68180.99000000,68214.00000000,232.81996000,60,60,False
1729404000000,1729407600000,68213.99000000,68410.00000000,68176.26000000,68400.01000000,446.43758000,60,60,False
1729407600000,1729411200000,68400.01000000,68433.50000000,68364.10000000,68378.00000000,580.54038000,60,60,False
1729411200000,1729414800000,68378.01000000,68500.00000000,68355.01000000,68394.00000000,454.72661000,60,60,False
1729414800000,1729418400000,68393.99000000,68445.99000000,68355.00000000,68434.20000000,239.27437000,60,60,False
1729418400000,1729422000000,68434.20000000,68458.30000000,68376.04000000,68376.05000000,241.82127000,60,60,False
1729422000000,1729425600000,68376.05000000,68443.40000000,68374.01000000,68420.01000000,194.59843000,60,60,False
1729425600000,1729429200000,68420.01000000,68438.69000000,68259.90000000,68268.36000000,372.43389000,60,60,False
1729429200000,1729432800000,68268.37000000,68486.00000000,68198.22000000,68451.85000000,663.03298000,60,60,False
1729432800000,1729436400000,68451.85000000,68772.70000000,68451.84000000,68637.99000000,1336.44277000,60,60,False
1729436400000,1729440000000,68638.00000000,68687.99000000,68366.00000000,68625.99000000,653.09373000,60,60,False
1729440000000,1729443600000,68625.99000000,68660.00000000,68505.46000000,68505.47000000,342.64364000,60,60,False
1729443600000,1729447200000,68505.47000000,68608.00000000,68422.00000000,68562.00000000,319.60725000,60,60,False
1729447200000,1729450800000,68562.01000000,68653.50000000,68562.00000000,68604.00000000,218.85961000,60,60,False
1729450800000,1729454400000,68604.01000000,68604.01000000,68495.99000000,68508.29000000,256.27441000,60,60,False
1729454400000,1729458000000,68508.30000000,68900.00000000,68461.93000000,68781.98000000,482.77596000,60,60,False
1729458000000,1729461600000,68781.98000000,68870.00000000,68658.00000000,68770.00000000,463.65363000,60,60,False
1729461600000,1729465200000,68770.00000000,69400.00000000,68600.00000000,69137.28000000,2772.83894000,60,60,False
1729465200000,1729468800000,69137.28000000,69196.16000000,68923.32000000,69031.99000000,934.63300000,60,60,False
1729468800000,1729472400000,69032.00000000,69519.52000000,68972.56000000,69160.00000000,1511.98728000,60,60,False
1729472400000,1729476000000,69160.00000000,69480.00000000,69106.00000000,69210.89000000,726.66974000,60,60,False
1729476000000,1729479600000,69210.88000000,69266.64000000,68709.87000000,68710.00000000,1082.59587000,60,60,False
1729479600000,1729483200000,68709.99000000,68940.00000000,68588.51000000,68939.99000000,704.09672000,60,60,False
1729483200000,1729486800000,68940.00000000,69039.00000000,68795.75000000,69039.00000000,546.23263000,60,60,False
1729486800000,1729490400000,69039.00000000,69185.18000000,68951.27000000,68979.97000000,590.83933000,60,60,False
1729490400000,1729494000000,68979.96000000,69146.51000000,68639.90000000,68699.36000000,697.48997000,60,60,False
1729494000000,1729497600000,68699.36000000,68799.95000000,68488.33000000,68514.00000000,822.48063000,60,60,False
1729497600000,1729501200000,68513.99000000,68661.00000000,68290.04000000,68301.46000000,1026.84906000,60,60,False
1729501200000,1729504800000,68301.47000000,68426.00000000,68119.01000000,68378.00000000,1084.12302000,60,60,False
1729504800000,1729508400000,68377.99000000,68482.87000000,68261.61000000,68281.49000000,1318.07234000,60,60,False
1729508400000,1729512000000,68281.50000000,68434.00000000,68169.02000000,68238.01000000,815.17210000,60,60,False
1729512000000,1729515600000,68238.00000000,68328.68000000,68046.00000000,68207.27000000,885.71411000,60,60,False
1729515600000,1729519200000,68207.26000000,68242.00000000,67152.00000000,67312.00000000,5358.21525000,60,60,False
1729519200000,1729522800000,67312.01000000,67620.25000000,67020.00000000,67268.00000000,3713.85728000,60,60,False
1729522800000,1729526400000,67268.00000000,67347.96000000,66840.67000000,67341.02000000,2856.87172000,60,60,False
1729526400000,1729530000000,67341.02000000,67344.00000000,66894.00000000,67327.00000000,1382.94149000,60,60,False
1729530000000,1729533600000,67326.99000000,67669.62000000,67260.00000000,67526.01000000,1640.03756000,60,60,False
1729533600000,1729537200000,67526.00000000,67526.01000000,67035.04000000,67335.05000000,1277.99748000,60,60,False
1729537200000,1729540800000,67335.05000000,67941.17000000,67335.01000000,67763.00000000,1240.18922000,60,60,False
1729540800000,1729544400000,67763.99000000,67818.19000000,67624.18000000,67749.99000000,494.38709000,60,60,False
1729544400000,1729548000000,67750.00000000,67933.79000000,67688.14000000,67803.21000000,389.90719000,60,60,False
1729548000000,1729551600000,67803.21000000,67878.78000000,67602.84000000,67781.07000000,544.89463000,60,60,False
1729551600000,1729555200000,67781.07000000,67781.08000000,67366.66000000,67377.50000000,662.80013000,60,60,False
1729555200000,1729558800000,67377.50000000,67406.50000000,66571.42000000,67149.73000000,2276.06378000,60,60,False
1729558800000,1729562400000,67149.73000000,67538.00000000,67050.00000000,67508.29000000,826.66904000,60,60,False
1729562400000,1729566000000,67508.29000000,67694.92000000,67269.32000000,67317.23000000,876.23526000,60,60,False
1729566000000,1729569600000,67317.23000000,67553.34000000,67300.55000000,67390.02000000,551.26328000,60,60,False
1729569600000,1729573200000,67390.01000000,67493.35000000,67278.02000000,67493.34000000,386.13539000,60,60,False
1729573200000,1729576800000,67493.35000000,67642.23000000,67452.05000000,67579.99000000,605.65686000,60,60,False
1729576800000,1729580400000,67579.99000000,67800.00000000,67572.00000000,67572.01000000,992.83241000,60,60,False
1729580400000,1729584000000,67572.00000000,67696.97000000,67386.04000000,67402.00000000,598.06763000,60,60,False
1729584000000,1729587600000,67402.00000000,67402.14000000,66900.00000000,66934.07000000,1660.35676000,60,60,False
1729587600000,1729591200000,66934.08000000,67127.71000000,66740.00000000,66960.02000000,1798.41018000,60,60,False
1729591200000,1729594800000,66960.02000000,67240.00000000,66868.53000000,67184.56000000,1590.12437000,60,60,False
1729594800000,1729598400000,67184.56000000,67526.67000000,67166.95000000,67299.15000000,904.03864000,60,60,False
1729598400000,1729602000000,67299.15000000,67474.23000000,66860.00000000,66984.00000000,964.61675000,60,60,False
1729602000000,1729605600000,66984.00000000,67175.00000000,66644.18000000,66998.21000000,1827.64620000,60,60,False
1729605600000,1729609200000,66998.21000000,67686.67000000,66828.00000000,67559.03000000,2285.92003000,60,60,False
1729609200000,1729612800000,67559.03000000,67693.34000000,67105.65000000,67282.27000000,1155.40221000,60,60,False
1729612800000,1729616400000,67282.27000000,67282.28000000,66920.00000000,66966.07000000,968.42904000,60,60,False
1729616400000,1729620000000,66966.06000000,67435.00000000,66946.50000000,67331.58000000,952.92437000,60,60,False
1729620000000,1729623600000,67331.58000000,67534.19000000,67246.79000000,67385.00000000,1006.37813000,60,60,False
1729623600000,1729627200000,67385.00000000,67635.72000000,67343.81000000,67482.98000000,701.61513000,60,60,False
1729627200000,1729630800000,67482.99000000,67575.57000000,67422.12000000,67532.00000000,447.58720000,60,60,False
1729630800000,1729634400000,67532.00000000,67550.00000000,67415.30000000,67534.85000000,244.98103000,60,60,False
1729634400000,1729638000000,67534.85000000,67836.01000000,67491.05000000,67724.00000000,618.02795000,60,60,False
1729638000000,1729641600000,67724.00000000,67773.94000000,67292.00000000,67426.00000000,359.58104000,60,60,False
1729641600000,1729645200000,67426.01000000,67472.83000000,67130.43000000,67179.13000000,577.86445000,60,60,False
1729645200000,1729648800000,67179.13000000,67386.94000000,67179.13000000,67348.46000000,393.55985000,60,60,False
1729648800000,1729652400000,67348.46000000,67386.93000000,67068.28000000,67096.00000000,581.36673000,60,60,False
1729652400000,1729656000000,67095.99000000,67180.92000000,66890.00000000,67082.10000000,639.25878000,60,60,False
1729656000000,1729659600000,67082.10000000,67249.84000000,66999.99000000,67217.48000000,515.38779000,60,60,False
1729659600000,1729663200000,67217.48000000,67227.59000000,67042.44000000,67087.06000000,344.91746000,60,60,False
1729663200000,1729666800000,67087.06000000,67302.83000000,66904.18000000,66917.55000000,734.38739000,60,60,False
1729666800000,1729670400000,66917.55000000,67000.77000000,66800.00000000,66852.34000000,610.35202000,60,60,False
1729670400000,1729674000000,66852.33000000,67048.00000000,66415.62000000,66530.00000000,1433.79395000,60,60,False
1729674000000,1729677600000,66530.00000000,66602.35000000,66200.00000000,66516.00000000,1401.02255000,60,60,False
1729677600000,1729681200000,66515.99000000,66643.50000000,66397.37000000,66398.19000000,898.86870000,60,60,False
1729681200000,1729684800000,66398.18000000,66600.00000000,66276.04000000,66414.00000000,944.47823000,60,60,False
1729684800000,1729688400000,66414.00000000,66512.11000000,66105.00000000,66416.72000000,1715.78782000,60,60,False
1729688400000,1729692000000,66416.72000000,66910.15000000,66340.40000000,66800.00000000,1214.47220000,60,60,False
1729692000000,1729695600000,66799.99000000,66878.79000000,66433.00000000,66490.00000000,1221.12677000,60,60,False
1729695600000,1729699200000,66489.99000000,66492.00000000,65923.01000000,66223.44000000,2404.06932000,60,60,False
1729699200000,1729702800000,66223.45000000,66288.00000000,65801.00000000,65878.02000000,1896.31971000,60,60,False
1729702800000,1729706400000,65878.02000000,65989.97000000,65637.00000000,65723.32000000,1676.39017000,60,60,False
1729706400000,1729710000000,65723.31000000,66070.26000000,65260.00000000,66057.79000000,2506.24902000,60,60,False
1729710000000,1729713600000,66057.78000000,66573.58000000,65872.00000000,66472.00000000,1668.71629000,60,60,False
1729713600000,1729717200000,66472.00000000,66680.00000000,66338.99000000,66669.00000000,727.46539000,60,60,False
1729717200000,1729720800000,66668.99000000,66683.34000000,66362.15000000,66414.01000000,372.21879000,60,60,False
1729720800000,1729724400000,66414.00000000,66575.76000000,66351.58000000,66472.96000000,462.35838000,60,60,False
1729724400000,1729728000000,66472.95000000,66807.37000000,66460.00000000,66668.65000000,589.80894000,60,60,False
1729728000000,1729731600000,66668.65000000,67476.11000000,66510.00000000,67432.01000000,1333.57278000,60,60,False
1729731600000,1729735200000,67432.00000000,67612.12000000,67058.03000000,67268.17000000,1439.99436000,60,60,False
1729735200000,1729738800000,67268.17000000,67507.60000000,67157.09000000,67459.63000000,789.12141000,60,60,False
1729738800000,1729742400000,67459.63000000,67474.29000000,67213.15000000,67213.16000000,506.44407000,60,60,False
1729742400000,1729746000000,67213.16000000,67442.33000000,67210.26000000,67382.19000000,546.25312000,60,60,False
1729746000000,1729749600000,67382.20000000,67479.55000000,67353.14000000,67364.00000000,403.43455000,60,60,False
1729749600000,1729753200000,67364.01000000,67475.00000000,67117.78000000,67119.99000000,641.23642000,60,60,False
1729753200000,1729756800000,67119.99000000,67321.16000000,67068.75000000,67123.08000000,577.32243000,60,60,False
1729756800000,1729760400000,67123.09000000,67260.61000000,66850.00000000,66852.87000000,633.54945000,60,60,False
1729760400000,1729764000000,66852.88000000,67005.61000000,66700.00000000,66876.00000000,1136.78891000,60,60,False
1729764000000,1729767600000,66875.99000000,67123.00000000,66852.04000000,66999.99000000,1079.75886000,60,60,False
1729767600000,1729771200000,67000.00000000,67322.26000000,66989.92000000,67285.99000000,777.47807000,60,60,False
1729771200000,1729774800000,67286.00000000,67612.48000000,67262.00000000,67517.75000000,921.95126000,60,60,False
1729774800000,1729778400000,67517.76000000,67998.00000000,67450.00000000,67905.99000000,1900.54444000,60,60,False
1729778400000,1729782000000,67906.00000000,67980.00000000,67529.18000000,67786.27000000,1490.59296000,60,60,False
1729782000000,1729785600000,67786.27000000,67972.00000000,67600.00000000,67701.22000000,1243.60288000,60,60,False
1729785600000,1729789200000,67701.21000000,67793.34000000,67350.01000000,67574.14000000,888.58253000,60,60,False
1729789200000,1729792800000,67574.15000000,67859.50000000,67460.00000000,67653.44000000,789.36736000,60,60,False
1729792800000,1729796400000,67653.45000000,67958.00000000,67627.50000000,67832.00000000,687.80118000,60,60,False
1729796400000,1729800000000,67831.99000000,68323.00000000,67732.54000000,68309.79000000,1652.44687000,60,60,False
1729800000000,1729803600000,68309.79000000,68341.64000000,67978.04000000,68196.00000000,946.04241000,60,60,False
1729803600000,1729807200000,68196.00000000,68850.00000000,68196.00000000,68348.01000000,1198.62429000,60,60,False
1729807200000,1729810800000,68348.00000000,68557.99000000,68183.78000000,68183.78000000,563.32651000,60,60,False
1729810800000,1729814400000,68183.78000000,68264.97000000,68055.75000000,68198.28000000,442.00165000,60,60,False
1729814400000,1729818000000,68198.27000000,68286.56000000,67903.00000000,67989.27000000,603.33465000,60,60,False
1729818000000,1729821600000,67989.26000000,68010.01000000,67845.01000000,67969.70000000,508.33758000,60,60,False
1729821600000,1729825200000,67969.70000000,68080.00000000,67836.00000000,68066.99000000,478.05039000,60,60,False
1729825200000,1729828800000,68066.99000000,68234.34000000,67989.55000000,68008.00000000,513.74526000,60,60,False
1729828800000,1729832400000,68007.99000000,68045.36000000,67691.44000000,67744.00000000,757.84685000,60,60,False
1729832400000,1729836000000,67744.01000000,67875.08000000,67574.92000000,67757.21000000,688.27431000,60,60,False
1729836000000,1729839600000,67757.21000000,67860.00000000,67596.92000000,67646.21000000,555.06302000,60,60,False
1729839600000,1729843200000,67646.21000000,67727.30000000,67250.00000000,67531.97000000,1238.06394000,60,60,False
1729843200000,1729846800000,67531.96000000,67757.58000000,67286.28000000,67658.50000000,931.52642000,60,60,False
1729846800000,1729850400000,67658.49000000,67878.00000000,67524.91000000,67837.28000000,1010.31439000,60,60,False
1729850400000,1729854000000,67837.29000000,67878.76000000,67678.00000000,67855.23000000,456.55528000,60,60,False
1729854000000,1729857600000,67855.23000000,68183.78000000,67801.21000000,68105.79000000,1034.19925000,60,60,False
1729857600000,1729861200000,68105.79000000,68294.92000000,67959.68000000,68061.90000000,658.31277000,60,60,False
1729861200000,1729864800000,68061.89000000,68427.62000000,67737.61000000,68334.00000000,1218.60277000,60,60,False
1729864800000,1729868400000,68334.01000000,68771.49000000,68140.00000000,68311.31000000,2041.27174000,60,60,False
1729868400000,1729872000000,68311.30000000,68543.30000000,67429.87000000,67690.01000000,2145.61355000,60,60,False
1729872000000,1729875600000,67690.01000000,67890.52000000,67355.00000000,67670.00000000,1661.39602000,60,60,False
1729875600000,1729879200000,67669.99000000,67814.00000000,66770.70000000,66836.01000000,2503.52003000,60,60,False
1729879200000,1729882800000,66836.00000000,67585.87000000,66006.60000000,67026.61000000,6126.68051000,60,60,False
1729882800000,1729886400000,67026.62000000,67237.01000000,66618.58000000,66850.00000000,2527.96506000,60,60,False
1729886400000,1729890000000,66849.99000000,67034.36000000,66620.38000000,66937.99000000,1056.82465000,60,60,False
1729890000000,1729893600000,66938.00000000,67297.90000000,66938.00000000,67297.90000000,482.54189000,60,60,False
1729893600000,1729897200000,67297.89000000,67392.52000000,66618.01000000,66626.42000000,660.45329000,60,60,False
1729897200000,1729900800000,66626.43000000,66800.00000000,65596.29000000,66698.33000000,4621.21763000,60,60,False
1729900800000,1729904400000,66698.32000000,66859.76000000,66546.67000000,66736.00000000,1351.31462000,60,60,False
1729904400000,1729908000000,66736.00000000,66816.00000000,66543.46000000,66711.99000000,750.17007000,60,60,False
1729908000000,1729911600000,66711.99000000,67050.20000000,66439.90000000,66847.18000000,1008.27108000,60,60,False
1729911600000,1729915200000,66847.19000000,66988.00000000,66700.00000000,66914.00000000,575.24971000,60,60,False
1729915200000,1729918800000,66914.00000000,66994.31000000,66784.26000000,66948.07000000,396.34710000,60,60,False
1729918800000,1729922400000,66948.06000000,67223.92000000,66944.00000000,67132.00000000,545.64975000,60,60,False
1729922400000,1729926000000,67131.99000000,67240.02000000,67047.54000000,67170.03000000,336.91550000,60,60,False
1729926000000,1729929600000,67170.03000000,67186.00000000,66995.61000000,67007.99000000,349.95281000,60,60,False
1729929600000,1729933200000,67007.99000000,67175.31000000,66997.52000000,67134.65000000,218.43166000,60,60,False
1729933200000,1729936800000,67134.65000000,67264.34000000,67054.75000000,67054.75000000,343.50673000,60,60,False
1729936800000,1729940400000,67054.76000000,67177.38000000,66994.31000000,67053.96000000,434.19227000,60,60,False
1729940400000,1729944000000,67053.95000000,67162.81000000,66953.02000000,67138.00000000,495.74422000,60,60,False
1729944000000,1729947600000,67138.00000000,67180.00000000,67006.47000000,67034.11000000,279.60201000,60,60,False
1729947600000,1729951200000,67034.12000000,67118.00000000,66867.96000000,66894.00000000,987.30125000,60,60,False
1729951200000,1729954800000,66894.00000000,66953.28000000,66744.00000000,66797.99000000,703.64163000,60,60,False
1729954800000,1729958400000,66797.99000000,67010.00000000,66762.57000000,66886.49000000,640.23767000,60,60,False
1729958400000,1729962000000,66886.49000000,67053.61000000,66788.00000000,66979.99000000,625.33027000,60,60,False
1729962000000,1729965600000,66980.00000000,67140.00000000,66970.00000000,67062.00000000,272.94127000,60,60,False
1729965600000,1729969200000,67062.01000000,67143.64000000,67027.14000000,67042.00000000,202.36147000,60,60,False
1729969200000,1729972800000,67042.00000000,67181.82000000,67042.00000000,67177.99000000,217.67147000,60,60,False
1729972800000,1729976400000,67178.00000000,67454.55000000,67144.00000000,67265.46000000,470.54756000,60,60,False
1729976400000,1729980000000,67265.46000000,67272.00000000,67103.45000000,67176.82000000,264.93924000,60,60,False
1729980000000,1729983600000,67176.82000000,67235.69000000,67106.43000000,67132.00000000,179.60762000,60,60,False
1729983600000,1729987200000,67132.00000000,67149.53000000,67084.00000000,67092.76000000,192.98072000,60,60,False
1729987200000,1729990800000,67092.76000000,67118.12000000,66974.00000000,67014.85000000,210.48300000,60,60,False
1729990800000,1729994400000,67014.85000000,67127.49000000,66913.73000000,67074.94000000,281.57477000,60,60,False
1729994400000,1729998000000,67074.94000000,67116.44000000,67024.32000000,67054.00000000,143.14834000,60,60,False
1729998000000,1730001600000,67054.00000000,67325.46000000,67000.00000000,67289.57000000,350.83558000,60,60,False
1730001600000,1730005200000,67289.57000000,67317.78000000,67120.00000000,67160.00000000,182.15550000,60,60,False
1730005200000,1730008800000,67160.00000000,67213.99000000,67149.79000000,67181.82000000,217.69434000,60,60,False
1730008800000,1730012400000,67181.81000000,67186.00000000,67128.00000000,67186.00000000,110.32857000,60,60,False
1730012400000,1730016000000,67186.00000000,67230.67000000,67184.94000000,67204.01000000,158.77541000,60,60,False
1730016000000,1730019600000,67204.00000000,67266.49000000,67168.50000000,67226.00000000,205.47642000,60,60,False
1730019600000,1730023200000,67226.00000000,67226.00000000,67101.04000000,67149.45000000,309.30960000,60,60,False
1730023200000,1730026800000,67149.44000000,67194.00000000,67072.64000000,67088.00000000,279.44594000,60,60,False
1730026800000,1730030400000,67088.00000000,67185.03000000,67036.85000000,67128.04000000,295.19627000,60,60,False
1730030400000,1730034000000,67128.03000000,67500.00000000,67121.45000000,67400.00000000,568.19545000,60,60,False
1730034000000,1730037600000,67399.99000000,67776.99000000,67396.00000000,67616.00000000,702.21189000,60,60,False
1730037600000,1730041200000,67616.00000000,67750.00000000,67608.00000000,67695.99000000,354.20285000,60,60,False
1730041200000,1730044800000,67696.00000000,67858.00000000,67693.72000000,67791.99000000,436.88107000,60,60,False
1730044800000,1730048400000,67792.00000000,67878.79000000,67662.00000000,67828.00000000,421.72819000,60,60,False
1730048400000,1730052000000,67828.00000000,68000.00000000,67722.56000000,67759.70000000,559.95827000,60,60,False
1730052000000,1730055600000,67759.70000000,67771.51000000,67540.88000000,67560.00000000,381.72644000,60,60,False
1730055600000,1730059200000,67560.00000000,67850.00000000,67554.00000000,67850.00000000,273.26642000,60,60,False
1730059200000,1730062800000,67850.00000000,67921.26000000,67688.09000000,67762.01000000,281.50714000,60,60,False
1730062800000,1730066400000,67762.00000000,68195.11000000,67740.10000000,67930.01000000,545.91543000,60,60,False
1730066400000,1730070000000,67930.02000000,68332.05000000,67930.02000000,68124.00000000,969.56799000,60,60,False
1730070000000,1730073600000,68124.00000000,68290.00000000,67988.00000000,68021.70000000,413.61104000,60,60,False
1730073600000,1730077200000,68021.69000000,68116.78000000,67839.90000000,67859.91000000,555.35912000,60,60,False
1730077200000,1730080800000,67859.90000000,67907.20000000,67740.11000000,67751.89000000,304.90747000,60,60,False
1730080800000,1730084400000,67751.89000000,67860.00000000,67677.77000000,67803.99000000,438.32590000,60,60,False
1730084400000,1730088000000,67804.00000000,67991.28000000,67700.51000000,67727.59000000,449.91570000,60,60,False
1730088000000,1730091600000,67727.59000000,67800.00000000,67636.44000000,67744.29000000,490.56951000,60,60,False
1730091600000,1730095200000,67744.30000000,67964.10000000,67618.00000000,67909.85000000,354.11541000,60,60,False
1730095200000,1730098800000,67909.85000000,67959.15000000,67800.00000000,67959.15000000,467.50971000,60,60,False
1730098800000,1730102400000,67959.15000000,68680.00000000,67959.15000000,68415.52000000,1916.25094000,60,60,False
1730102400000,1730106000000,68415.52000000,68596.00000000,68328.00000000,68328.00000000,660.79200000,60,60,False
1730106000000,1730109600000,68328.00000000,68614.09000000,68238.81000000,68574.00000000,636.96149000,60,60,False
1730109600000,1730113200000,68573.99000000,68833.57000000,68548.00000000,68625.87000000,785.04653000,60,60,False
1730113200000,1730116800000,68625.86000000,68768.57000000,68490.00000000,68753.78000000,586.05532000,60,60,False
1730116800000,1730120400000,68753.78000000,69063.62000000,68590.00000000,68908.01000000,1872.43757000,60,60,False
1730120400000,1730124000000,68908.00000000,69280.00000000,68777.00000000,68819.99000000,2492.62084000,60,60,False
1730124000000,1730127600000,68820.00000000,69100.00000000,68688.00000000,68840.00000000,1777.84938000,60,60,False
1730127600000,1730131200000,68840.00000000,68853.27000000,68426.67000000,68494.20000000,1476.61850000,60,60,False
1730131200000,1730134800000,68494.20000000,68980.00000000,68452.54000000,68709.27000000,1074.24282000,60,60,False
1730134800000,1730138400000,68709.27000000,69208.43000000,68513.10000000,68984.00000000,1538.03860000,60,60,False
1730138400000,1730142000000,68984.00000000,69240.00000000,68846.00000000,69212.12000000,995.60134000,60,60,False
1730142000000,1730145600000,69212.12000000,69900.00000000,69150.01000000,69629.98000000,4352.02346000,60,60,False
1730145600000,1730149200000,69629.99000000,69719.59000000,69427.79000000,69644.56000000,838.75248000,60,60,False
1730149200000,1730152800000,69644.57000000,69797.99000000,69518.35000000,69791.00000000,637.09431000,60,60,False
1730152800000,1730156400000,69791.00000000,70270.00000000,69791.00000000,69961.65000000,3417.36180000,60,60,False
1730156400000,1730160000000,69961.64000000,70145.50000000,69733.30000000,69962.21000000,928.30439000,60,60,False
1730160000000,1730163600000,69962.21000000,70010.00000000,69760.00000000,69960.88000000,654.60671000,60,60,False
1730163600000,1730167200000,69960.89000000,70387.97000000,69840.24000000,70310.58000000,1101.99256000,60,60,False
1730167200000,1730170800000,70310.58000000,71587.88000000,70221.11000000,71190.05000000,5855.97331000,60,60,False
1730170800000,1730174400000,71190.05000000,71430.96000000,70885.02000000,70938.14000000,1648.12275000,60,60,False
1730174400000,1730178000000,70938.15000000,71139.22000000,70926.73000000,71088.01000000,1128.17440000,60,60,False
1730178000000,1730181600000,71088.00000000,71110.40000000,70886.59000000,71039.99000000,1131.77562000,60,60,False
1730181600000,1730185200000,71039.99000000,71370.00000000,71006.00000000,71248.45000000,1502.77840000,60,60,False
1730185200000,1730188800000,71248.46000000,71267.08000000,70837.83000000,71017.97000000,1627.98917000,60,60,False
1730188800000,1730192400000,71017.96000000,71219.72000000,70974.00000000,71134.01000000,881.19294000,60,60,False
1730192400000,1730196000000,71134.00000000,71344.00000000,71114.68000000,71301.42000000,968.21912000,60,60,False
1730196000000,1730199600000,71301.42000000,71344.00000000,71078.67000000,71171.32000000,827.37173000,60,60,False
1730199600000,1730203200000,71171.32000000,71578.95000000,71150.01000000,71452.01000000,1657.03998000,60,60,False
1730203200000,1730206800000,71452.02000000,71500.00000000,71102.02000000,71108.01000000,1143.99738000,60,60,False
1730206800000,1730210400000,71108.00000000,71825.75000000,70929.00000000,71804.00000000,2434.69356000,60,60,False
1730210400000,1730214000000,71803.99000000,71983.00000000,71327.67000000,71867.09000000,3599.99870000,60,60,False
1730214000000,1730217600000,71867.10000000,72429.99000000,71654.01000000,72402.01000000,4331.32016000,60,60,False
1730217600000,1730221200000,72402.00000000,72923.74000000,72350.70000000,72739.44000000,4607.25360000,60,60,False
1730221200000,1730224800000,72739.43000000,72990.00000000,72529.58000000,72721.50000000,2664.90624000,60,60,False
1730224800000,1730228400000,72721.49000000,73250.00000000,72666.32000000,73170.01000000,2532.22293000,60,60,False
1730228400000,1730232000000,73170.00000000,73620.12000000,72504.03000000,72536.16000000,4571.61324000,60,60,False
1730232000000,1730235600000,72536.38000000,72670.47000000,71864.65000000,72336.22000000,2515.05927000,60,60,False
1730235600000,1730239200000,72336.22000000,72612.27000000,72221.28000000,72289.98000000,749.13640000,60,60,False
1730239200000,1730242800000,72289.97000000,72978.90000000,72192.03000000,72660.00000000,1029.06082000,60,60,False
1730242800000,1730246400000,72659.99000000,72808.77000000,72516.56000000,72736.42000000,964.10695000,60,60,False
1730246400000,1730250000000,72736.41000000,72785.72000000,72113.78000000,72289.99000000,991.64175000,60,60,False
1730250000000,1730253600000,72289.99000000,72415.36000000,72000.01000000,72415.36000000,865.90573000,60,60,False
1730253600000,1730257200000,72415.36000000,72634.50000000,72330.00000000,72342.99000000,791.25703000,60,60,False
1730257200000,1730260800000,72342.99000000,72482.12000000,72171.47000000,72234.00000000,904.95499000,60,60,False
1730260800000,1730264400000,72234.00000000,72350.00000000,72187.55000000,72282.00000000,607.31878000,60,60,False
1730264400000,1730268000000,72281.99000000,72513.03000000,72268.00000000,72498.00000000,1032.61237000,60,60,False
1730268000000,1730271600000,72498.00000000,72610.00000000,72306.31000000,72306.31000000,781.27626000,60,60,False
1730271600000,1730275200000,72306.32000000,72445.63000000,72100.00000000,72227.99000000,644.66298000,60,60,False
1730275200000,1730278800000,72227.99000000,72542.20000000,72211.59000000,72241.35000000,766.37279000,60,60,False
1730278800000,1730282400000,72241.35000000,72588.00000000,72224.31000000,72576.01000000,669.47116000,60,60,False
1730282400000,1730286000000,72576.02000000,72604.97000000,72369.00000000,72378.02000000,806.77509000,60,60,False
1730286000000,1730289600000,72378.02000000,72378.02000000,71926.82000000,71983.99000000,1006.60850000,60,60,False
1730289600000,1730293200000,71984.00000000,72140.34000000,71750.04000000,71862.17000000,1946.32423000,60,60,False
1730293200000,1730296800000,71862.17000000,72100.00000000,71436.00000000,71966.00000000,2218.00998000,60,60,False
1730296800000,1730300400000,71966.00000000,72470.00000000,71932.00000000,72411.79000000,2024.37063000,60,60,False
1730300400000,1730304000000,72411.79000000,72440.00000000,71693.94000000,72061.34000000,1598.11480000,60,60,False
1730304000000,1730307600000,72061.34000000,72197.50000000,71800.00000000,72110.86000000,1098.11079000,60,60,False
1730307600000,1730311200000,72110.86000000,72126.00000000,71641.77000000,71894.72000000,699.54975000,60,60,False
1730311200000,1730314800000,71894.73000000,72150.00000000,71851.57000000,71974.75000000,699.00200000,60,60,False
1730314800000,1730318400000,71974.74000000,72060.00000000,71783.19000000,71822.01000000,805.15685000,60,60,False
1730318400000,1730322000000,71822.01000000,72857.15000000,71644.19000000,72857.14000000,3307.50597000,60,60,False
1730322000000,1730325600000,72857.14000000,72961.00000000,72112.70000000,72388.10000000,1305.51987000,60,60,False
1730325600000,1730329200000,72388.10000000,72675.53000000,72252.00000000,72397.40000000,706.69763000,60,60,False
1730329200000,1730332800000,72397.40000000,72700.00000000,72343.98000000,72344.74000000,608.77063000,60,60,False
1730332800000,1730336400000,72344.75000000,72413.99000000,72052.98000000,72165.99000000,1010.24554000,60,60,False
1730336400000,1730340000000,72165.99000000,72455.49000000,72030.08000000,72370.00000000,634.00593000,60,60,False
1730340000000,1730343600000,72370.01000000,72588.00000000,72189.00000000,72553.01000000,728.10372000,60,60,False
1730343600000,1730347200000,72553.01000000,72599.99000000,72293.01000000,72353.74000000,583.47158000,60,60,False
1730347200000,1730350800000,72353.75000000,72380.91000000,72224.38000000,72273.99000000,532.75988000,60,60,False
1730350800000,1730354400000,72273.99000000,72384.17000000,72207.85000000,72282.00000000,464.23150000,60,60,False
1730354400000,1730358000000,72282.01000000,72320.64000000,72152.00000000,72212.12000000,669.03855000,60,60,False
1730358000000,1730361600000,72212.13000000,72478.00000000,72150.00000000,72417.19000000,634.52539000,60,60,False
1730361600000,1730365200000,72417.19000000,72452.00000000,72149.79000000,72276.05000000,672.13547000,60,60,False
1730365200000,1730368800000,72276.06000000,72397.78000000,72253.55000000,72304.70000000,542.01550000,60,60,False
1730368800000,1730372400000,72304.70000000,72700.00000000,72222.77000000,72639.27000000,931.04054000,60,60,False
1730372400000,1730376000000,72639.28000000,72660.00000000,72222.00000000,72226.00000000,984.02992000,60,60,False
1730376000000,1730379600000,72226.00000000,72276.00000000,71966.00000000,72114.00000000,1326.92001000,60,60,False
1730379600000,1730383200000,72114.00000000,72178.60000000,71110.00000000,71308.00000000,2477.47738000,60,60,False
1730383200000,1730386800000,71308.00000000,71386.00000000,70624.01000000,70752.02000000,3934.50715000,60,60,False
1730386800000,1730390400000,70752.01000000,71060.00000000,70431.77000000,70620.00000000,2652.44860000,60,60,False
1730390400000,1730394000000,70620.01000000,70949.51000000,70355.93000000,70403.58000000,2149.23423000,60,60,False
1730394000000,1730397600000,70403.59000000,70803.12000000,70359.00000000,70785.28000000,1208.41275000,60,60,False
1730397600000,1730401200000,70785.28000000,70787.88000000,70106.20000000,70633.67000000,1423.95498000,60,60,False
1730401200000,1730404800000,70633.67000000,70750.00000000,70036.00000000,70092.07000000,1205.92036000,60,60,False
1730404800000,1730408400000,70092.07000000,70299.44000000,69685.76000000,70026.73000000,2110.54484000,60,60,False
1730408400000,1730412000000,70026.74000000,70541.52000000,69856.04000000,70442.39000000,924.50362000,60,60,False
1730412000000,1730415600000,70442.39000000,70543.98000000,70174.09000000,70480.00000000,702.79368000,60,60,False
1730415600000,1730419200000,70479.99000000,70654.76000000,70292.00000000,70292.01000000,849.78185000,60,60,False
1730419200000,1730422800000,70292.01000000,70470.00000000,70146.80000000,70173.73000000,840.45290000,60,60,False
1730422800000,1730426400000,70173.72000000,70360.00000000,69313.74000000,69402.01000000,2171.71390000,60,60,False
1730426400000,1730430000000,69402.00000000,69600.00000000,68830.00000000,69579.89000000,2802.10218000,60,60,False
1730430000000,1730433600000,69579.89000000,69714.45000000,69334.00000000,69369.99000000,921.81357000,60,60,False
1730433600000,1730437200000,69369.99000000,69623.99000000,69342.01000000,69592.00000000,670.40870000,60,60,False
1730437200000,1730440800000,69592.00000000,69670.90000000,69526.00000000,69609.29000000,441.90421000,60,60,False
1730440800000,1730444400000,69609.28000000,69699.14000000,69212.12000000,69212.13000000,1307.31559000,60,60,False
1730444400000,1730448000000,69212.13000000,69420.13000000,69080.00000000,69273.70000000,1420.50492000,60,60,False
1730448000000,1730451600000,69273.70000000,69538.00000000,69237.26000000,69376.10000000,882.41902000,60,60,False
1730451600000,1730455200000,69376.10000000,69588.00000000,69324.00000000,69534.90000000,486.09866000,60,60,False
1730455200000,1730458800000,69534.90000000,70156.00000000,69524.28000000,69989.65000000,1759.86747000,60,60,False
1730458800000,1730462400000,69989.64000000,70228.00000000,69987.77000000,70002.01000000,1130.24211000,60,60,False
1730462400000,1730466000000,70002.01000000,70467.65000000,69897.02000000,70354.87000000,1876.81718000,60,60,False
1730466000000,1730469600000,70354.86000000,71220.00000000,70142.00000000,71200.44000000,2985.26242000,60,60,False
1730469600000,1730473200000,71200.43000000,71632.95000000,70912.60000000,71271.17000000,3312.24710000,60,60,False
1730473200000,1730476800000,71271.17000000,71360.00000000,69044.00000000,69387.77000000,4408.92622000,60,60,False
1730476800000,1730480400000,69387.78000000,70515.16000000,69352.00000000,69920.73000000,2872.61732000,60,60,False
1730480400000,1730484000000,69920.72000000,70181.83000000,69475.00000000,69586.01000000,2260.11920000,60,60,False
1730484000000,1730487600000,69586.01000000,69636.37000000,69066.07000000,69151.66000000,1455.45627000,60,60,False
1730487600000,1730491200000,69151.66000000,69454.00000000,68820.14000000,69268.00000000,2134.07040000,60,60,False
1730491200000,1730494800000,69268.00000000,69460.00000000,69168.60000000,69248.95000000,722.65352000,60,60,False
1730494800000,1730498400000,69248.95000000,69358.77000000,68854.50000000,69263.99000000,702.31597000,60,60,False
1730498400000,1730502000000,69264.00000000,69455.95000000,69234.00000000,69440.01000000,381.96835000,60,60,False
1730502000000,1730505600000,69440.01000000,69627.00000000,69364.00000000,69496.01000000,354.57037000,60,60,False
1730505600000,1730509200000,69496.00000000,69675.92000000,69479.91000000,69665.99000000,598.79838000,60,60,False
1730509200000,1730512800000,69665.99000000,69696.97000000,69506.72000000,69668.10000000,366.28930000,60,60,False
1730512800000,1730516400000,69668.10000000,69914.37000000,69655.47000000,69661.96000000,612.69586000,60,60,False
1730516400000,1730520000000,69661.95000000,69787.74000000,69563.22000000,69599.99000000,311.19594000,60,60,False
1730520000000,1730523600000,69599.99000000,69627.90000000,69468.05000000,69568.00000000,320.13500000,60,60,False
1730523600000,1730527200000,69568.00000000,69727.28000000,69446.00000000,69710.00000000,291.01338000,60,60,False
1730527200000,1730530800000,69709.99000000,69748.16000000,69576.32000000,69744.86000000,275.27943000,60,60,False
1730530800000,1730534400000,69744.86000000,69823.94000000,69682.00000000,69813.91000000,411.71980000,60,60,False
1730534400000,1730538000000,69813.91000000,69838.62000000,69580.81000000,69630.95000000,301.05421000,60,60,False
1730538000000,1730541600000,69630.95000000,69670.00000000,69510.91000000,69558.86000000,348.41823000,60,60,False
1730541600000,1730545200000,69558.86000000,69628.00000000,69417.88000000,69623.63000000,359.11695000,60,60,False
1730545200000,1730548800000,69623.63000000,69701.68000000,69576.00000000,69608.00000000,271.01091000,60,60,False
1730548800000,1730552400000,69608.00000000,69680.00000000,69390.09000000,69459.05000000,484.74954000,60,60,False
1730552400000,1730556000000,69459.05000000,69711.59000000,69358.87000000,69365.99000000,916.02900000,60,60,False
1730556000000,1730559600000,69366.00000000,69437.85000000,69000.14000000,69263.48000000,1275.86887000,60,60,False
1730559600000,1730563200000,69263.49000000,69450.01000000,69139.90000000,69393.17000000,688.48363000,60,60,False
1730563200000,1730566800000,69393.18000000,69616.00000000,69321.99000000,69587.98000000,509.52438000,60,60,False
1730566800000,1730570400000,69587.98000000,69600.00000000,69340.00000000,69401.99000000,407.60708000,60,60,False
1730570400000,1730574000000,69401.99000000,69481.48000000,69215.00000000,69422.93000000,370.18861000,60,60,False
1730574000000,1730577600000,69422.94000000,69562.00000000,69384.00000000,69510.00000000,266.19778000,60,60,False
1730577600000,1730581200000,69510.00000000,69571.99000000,69462.29000000,69540.00000000,193.44987000,60,60,False
1730581200000,1730584800000,69539.99000000,69560.00000000,69442.00000000,69442.00000000,139.60191000,60,60,False
1730584800000,1730588400000,69442.01000000,69550.68000000,69363.08000000,69434.00000000,212.73359000,60,60,False
1730588400000,1730592000000,69434.00000000,69446.00000000,69149.00000000,69374.74000000,590.51078000,60,60,False
1730592000000,1730595600000,69374.74000000,69391.00000000,69159.76000000,69159.76000000,464.82077000,60,60,False
1730595600000,1730599200000,69159.77000000,69225.03000000,69000.21000000,69010.13000000,876.36609000,60,60,False
1730599200000,1730602800000,69010.14000000,69028.72000000,67864.16000000,68214.91000000,3555.86884000,60,60,False
1730602800000,1730606400000,68214.91000000,68454.55000000,68018.79000000,68379.89000000,949.35350000,60,60,False
1730606400000,1730610000000,68379.90000000,68696.97000000,68303.99000000,68592.01000000,650.51560000,60,60,False
1730610000000,1730613600000,68592.00000000,68693.99000000,68428.54000000,68432.00000000,438.34921000,60,60,False
1730613600000,1730617200000,68432.00000000,68771.58000000,68400.00000000,68569.99000000,421.89741000,60,60,False
1730617200000,1730620800000,68570.00000000,68703.68000000,68379.90000000,68397.42000000,450.87968000,60,60,False
1730620800000,1730624400000,68397.42000000,68603.58000000,68299.62000000,68480.01000000,714.31316000,60,60,False
1730624400000,1730628000000,68480.01000000,68527.78000000,68200.01000000,68242.43000000,552.69928000,60,60,False
1730628000000,1730631600000,68242.43000000,68571.94000000,68242.42000000,68441.99000000,734.03417000,60,60,False
1730631600000,1730635200000,68442.00000000,68589.50000000,68316.52000000,68358.86000000,459.75688000,60,60,False
1730635200000,1730638800000,68358.86000000,68560.00000000,68269.70000000,68486.05000000,553.72691000,60,60,False
1730638800000,1730642400000,68486.04000000,68504.92000000,67972.00000000,68048.13000000,1341.51178000,60,60,False
1730642400000,1730646000000,68048.13000000,68187.50000000,67588.61000000,67777.00000000,2264.76320000,60,60,False
1730646000000,1730649600000,67776.99000000,68222.00000000,67478.73000000,68090.90000000,1882.77785000,60,60,False
1730649600000,1730653200000,68090.91000000,68547.98000000,68054.00000000,68152.01000000,2124.00690000,60,60,False
1730653200000,1730656800000,68152.00000000,68482.00000000,68132.16000000,68359.98000000,734.59969000,60,60,False
1730656800000,1730660400000,68359.98000000,68446.00000000,67667.21000000,68018.00000000,1154.16433000,60,60,False
1730660400000,1730664000000,68018.00000000,68693.81000000,68000.00000000,68679.00000000,798.46087000,60,60,False
1730664000000,1730667600000,68679.00000000,68979.76000000,68499.90000000,68970.07000000,1066.32736000,60,60,False
1730667600000,1730671200000,68970.06000000,69358.00000000,68966.65000000,69145.35000000,1294.60741000,60,60,False
1730671200000,1730674800000,69145.35000000,69301.00000000,68784.10000000,68880.01000000,560.07952000,60,60,False
1730674800000,1730678400000,68880.00000000,68915.00000000,68492.82000000,68775.99000000,951.82202000,60,60,False
1730678400000,1730682000000,68775.99000000,68775.99000000,68240.61000000,68712.00000000,861.93595000,60,60,False
1730682000000,1730685600000,68712.00000000,69037.03000000,68568.00000000,68970.01000000,972.75822000,60,60,False
1730685600000,1730689200000,68970.00000000,69338.58000000,68882.00000000,69305.56000000,932.17697000,60,60,False
1730689200000,1730692800000,69305.55000000,69500.00000000,69004.00000000,69047.86000000,764.94770000,60,60,False
1730692800000,1730696400000,69047.86000000,69401.55000000,69047.85000000,69150.31000000,561.18813000,60,60,False
1730696400000,1730700000000,69150.30000000,69177.37000000,68699.90000000,68820.01000000,717.81186000,60,60,False
1730700000000,1730703600000,68820.01000000,69170.01000000,68820.00000000,69126.18000000,720.61568000,60,60,False
1730703600000,1730707200000,69126.18000000,69175.97000000,68618.00000000,68618.00000000,753.64248000,60,60,False
1730707200000,1730710800000,68618.00000000,68755.24000000,68470.00000000,68699.99000000,805.29507000,60,60,False
1730710800000,1730714400000,68699.98000000,68924.00000000,68480.01000000,68640.83000000,840.07280000,60,60,False
1730714400000,1730718000000,68640.83000000,68921.28000000,68602.00000000,68834.05000000,772.27691000,60,60,False
1730718000000,1730721600000,68834.04000000,69036.00000000,68700.00000000,68792.71000000,644.03695000,60,60,False
1730721600000,1730725200000,68792.72000000,69019.16000000,68739.90000000,68978.20000000,794.13164000,60,60,False
1730725200000,1730728800000,68978.19000000,69264.52000000,68650.00000000,68662.39000000,1434.89991000,60,60,False
1730728800000,1730732400000,68662.39000000,68722.00000000,68202.99000000,68394.01000000,2513.64508000,60,60,False
1730732400000,1730736000000,68394.01000000,68758.00000000,68234.00000000,68646.01000000,1760.22137000,60,60,False
1730736000000,1730739600000,68646.01000000,68814.32000000,67613.91000000,67756.00000000,2633.47611000,60,60,False
1730739600000,1730743200000,67756.00000000,67934.39000000,67251.50000000,67830.00000000,2315.76983000,60,60,False
1730743200000,1730746800000,67830.00000000,68098.05000000,67535.96000000,67651.81000000,1126.90863000,60,60,False
1730746800000,1730750400000,67651.81000000,68100.00000000,67642.07000000,67856.00000000,946.44978000,60,60,False
1730750400000,1730754000000,67856.01000000,67856.01000000,67316.00000000,67348.00000000,1313.58853000,60,60,False
1730754000000,1730757600000,67347.99000000,67622.00000000,66835.00000000,67120.57000000,2909.11716000,60,60,False
1730757600000,1730761200000,67120.56000000,68106.07000000,67059.90000000,67920.01000000,1854.74227000,60,60,False
1730761200000,1730764800000,67920.00000000,68030.00000000,67639.90000000,67850.01000000,850.68284000,60,60,False
1730764800000,1730768400000,67850.01000000,68180.00000000,67788.00000000,68030.00000000,1005.35361000,60,60,False
1730768400000,1730772000000,68030.00000000,68097.07000000,67476.63000000,67997.31000000,1419.80695000,60,60,False
1730772000000,1730775600000,67997.32000000,68075.48000000,67830.00000000,67880.77000000,561.13281000,60,60,False
1730775600000,1730779200000,67880.78000000,68255.00000000,67880.00000000,68243.00000000,645.01015000,60,60,False
1730779200000,1730782800000,68243.01000000,68500.00000000,68218.51000000,68323.01000000,779.42197000,60,60,False
1730782800000,1730786400000,68323.00000000,68796.88000000,68300.00000000,68741.50000000,926.41824000,60,60,False
1730786400000,1730790000000,68741.50000000,68803.04000000,68565.99000000,68779.90000000,765.15263000,60,60,False
1730790000000,1730793600000,68779.91000000,68976.00000000,68570.24000000,68893.99000000,1056.69164000,60,60,False
1730793600000,1730797200000,68894.00000000,69050.00000000,68786.00000000,69038.01000000,814.59939000,60,60,False
1730797200000,1730800800000,69038.00000000,69100.00000000,68741.36000000,68776.49000000,1051.95627000,60,60,False
1730800800000,1730804400000,68776.49000000,68855.50000000,68615.11000000,68764.29000000,677.27967000,60,60,False
1730804400000,1730808000000,68764.29000000,68964.00000000,68758.47000000,68810.03000000,561.30189000,60,60,False
1730808000000,1730811600000,68810.03000000,68948.00000000,68666.00000000,68865.09000000,746.12058000,60,60,False
1730811600000,1730815200000,68865.09000000,68914.02000000,68671.98000000,68820.00000000,768.66425000,60,60,False
1730815200000,1730818800000,68820.01000000,70325.06000000,68766.03000000,69964.00000000,4586.84531000,60,60,False
1730818800000,1730822400000,69964.01000000,70071.43000000,69216.50000000,69639.99000000,3172.19973000,60,60,False
1730822400000,1730826000000,69640.00000000,70577.91000000,69530.00000000,70191.98000000,2763.72791000,60,60,False
1730826000000,1730829600000,70191.98000000,70468.35000000,69890.00000000,69949.66000000,1673.50723000,60,60,False
1730829600000,1730833200000,69949.65000000,70260.00000000,69739.90000000,70229.99000000,1261.94490000,60,60,False
1730833200000,1730836800000,70229.99000000,70267.95000000,68732.77000000,68995.99000000,2552.71002000,60,60,False
1730836800000,1730840400000,68995.99000000,69663.01000000,68786.91000000,69445.99000000,2494.19588000,60,60,False
1730840400000,1730844000000,69446.00000000,69620.00000000,69085.26000000,69160.00000000,963.20652000,60,60,False
1730844000000,1730847600000,69160.00000000,69600.00000000,68888.88000000,69594.00000000,1070.14882000,60,60,False
1730847600000,1730851200000,69594.01000000,69898.02000000,69294.99000000,69372.01000000,1037.67251000,60,60,False
1730851200000,1730854800000,69372.01000000,71455.00000000,69298.00000000,71096.04000000,4435.56271000,60,60,False
1730854800000,1730858400000,71096.03000000,71412.03000000,70606.00000000,71128.81000000,4226.53164000,60,60,False
1730858400000,1730862000000,71128.81000000,73287.21000000,70950.22000000,73077.05000000,7183.69545000,60,60,False
1730862000000,1730865600000,73077.05000000,75000.00000000,73070.05000000,74348.53000000,13585.40713700,60,60,False
1730865600000,1730869200000,74348.53000000,74966.70000000,73912.00000000,74261.07000000,6021.94651000,60,60,False
1730869200000,1730872800000,74261.06000000,74850.00000000,73638.97000000,74768.38000000,4917.01690000,60,60,False
1730872800000,1730876400000,74768.38000000,75407.10000000,74200.01000000,74252.57000000,7948.70047100,60,60,False
1730876400000,1730880000000,74252.56000000,74659.99000000,72727.00000000,73370.89000000,7177.23414000,60,60,False
1730880000000,1730883600000,73370.89000000,73539.53000000,72656.31000000,73456.04000000,5507.09957000,60,60,False
1730883600000,1730887200000,73456.05000000,74083.01000000,73456.04000000,73756.34000000,3452.56869000,60,60,False
1730887200000,1730890800000,73756.35000000,73944.27000000,73314.85000000,73830.01000000,2489.42033000,60,60,False
1730890800000,1730894400000,73830.01000000,74475.47000000,73657.27000000,74272.01000000,2541.30390000,60,60,False
1730894400000,1730898000000,74272.00000000,74757.58000000,74166.21000000,74171.47000000,2353.66921000,60,60,False
1730898000000,1730901600000,74171.48000000,74271.99000000,73585.78000000,73987.05000000,2265.58654000,60,60,False
1730901600000,1730905200000,73987.06000000,74736.03000000,73488.00000000,73640.00000000,5206.19674000,60,60,False
1730905200000,1730908800000,73639.99000000,74499.00000000,73514.00000000,74298.00000000,4154.59288000,60,60,False
1730908800000,1730912400000,74297.99000000,74566.99000000,74150.00000000,74333.99000000,2437.22494000,60,60,False
1730912400000,1730916000000,74333.99000000,74666.00000000,74151.52000000,74452.01000000,1976.24321000,60,60,False
1730916000000,1730919600000,74452.00000000,75230.00000000,74404.57000000,75229.99000000,3088.90530000,60,60,False
1730919600000,1730923200000,75229.99000000,75850.00000000,75037.87000000,75823.55000000,3998.01762200,60,60,False
1730923200000,1730926800000,75823.55000000,76400.00000000,75507.10000000,76101.99000000,4735.94745700,60,60,False
1730926800000,1730930400000,76101.98000000,76170.13000000,75658.20000000,75890.00000000,2060.40775000,60,60,False
1730930400000,1730934000000,75890.00000000,76035.50000000,75519.94000000,75638.49000000,1348.01515000,60,60,False
1730934000000,1730937600000,75638.50000000,75837.47000000,75552.78000000,75571.99000000,1015.70054000,60,60,False
1730937600000,1730941200000,75571.99000000,75643.64000000,75050.00000000,75349.08000000,1516.93383000,60,60,False
1730941200000,1730944800000,75349.07000000,76022.79000000,75228.00000000,75386.00000000,2770.57793000,60,60,False
1730944800000,1730948400000,75386.00000000,75458.00000000,75141.51000000,75276.01000000,1461.71324000,60,60,False
1730948400000,1730952000000,75276.01000000,75392.67000000,75003.83000000,75048.01000000,1421.02719000,60,60,False
1730952000000,1730955600000,75048.01000000,75048.01000000,74611.50000000,74707.34000000,2079.79490000,60,60,False
1730955600000,1730959200000,74707.34000000,74889.50000000,74670.00000000,74755.49000000,891.77676000,60,60,False
1730959200000,1730962800000,74755.49000000,74831.07000000,74416.00000000,74768.27000000,1407.37166000,60,60,False
1730962800000,1730966400000,74768.28000000,74964.87000000,74673.67000000,74757.58000000,1056.17171000,60,60,False
1730966400000,1730970000000,74757.58000000,75150.00000000,74649.54000000,75150.00000000,1308.84009000,60,60,False
1730970000000,1730973600000,75149.99000000,75150.11000000,74809.63000000,74916.76000000,698.93967000,60,60,False
1730973600000,1730977200000,74916.76000000,75040.00000000,74766.00000000,75031.20000000,919.92356000,60,60,False
1730977200000,1730980800000,75031.20000000,75043.50000000,74691.74000000,74746.00000000,838.72131000,60,60,False
1730980800000,1730984400000,74745.99000000,75118.00000000,74726.00000000,74991.88000000,662.91433000,60,60,False
1730984400000,1730988000000,74991.88000000,75038.00000000,74601.63000000,74672.53000000,918.65130000,60,60,False
1730988000000,1730991600000,74672.54000000,75000.00000000,74512.19000000,74822.00000000,2268.50726000,60,60,False
1730991600000,1730995200000,74822.00000000,76059.69000000,74675.05000000,76059.69000000,3749.87711000,60,60,False
1730995200000,1730998800000,76059.68000000,76200.00000000,75555.17000000,75893.99000000,3155.37329000,60,60,False
1730998800000,1731002400000,75893.98000000,76466.48000000,75739.90000000,76257.89000000,3177.19993000,60,60,False
1731002400000,1731006000000,76257.90000000,76718.99000000,75671.09000000,76604.01000000,4375.30466500,60,60,False
1731006000000,1731009600000,76604.00000000,76612.00000000,75906.56000000,76530.39000000,3142.40554000,60,60,False
1731009600000,1731013200000,76530.40000000,76849.99000000,76268.52000000,76431.48000000,3091.90956000,60,60,False
1731013200000,1731016800000,76431.49000000,76572.00000000,75860.00000000,75876.49000000,1454.73559000,60,60,False
1731016800000,1731020400000,75876.49000000,75984.00000000,75494.00000000,75872.00000000,1284.07366000,60,60,False
1731020400000,1731024000000,75872.00000000,76079.80000000,75700.00000000,75857.89000000,1216.67826000,60,60,False
1731024000000,1731027600000,75857.89000000,76358.00000000,75844.99000000,76005.25000000,1567.30594000,60,60,False
1731027600000,1731031200000,76005.24000000,76329.63000000,75832.14000000,75983.91000000,1139.43516000,60,60,False
1731031200000,1731034800000,75983.91000000,76020.00000000,75652.65000000,75711.14000000,709.19516000,60,60,False
1731034800000,1731038400000,75711.15000000,75890.80000000,75555.00000000,75890.79000000,1000.64121000,60,60,False
1731038400000,1731042000000,75890.79000000,76026.00000000,75808.04000000,75832.14000000,693.63204000,60,60,False
1731042000000,1731045600000,75832.13000000,76139.83000000,75800.00000000,75975.32000000,1058.29765000,60,60,False
1731045600000,1731049200000,75975.32000000,76012.82000000,75830.00000000,75876.00000000,596.39265000,60,60,False
1731049200000,1731052800000,75876.00000000,76220.00000000,75686.00000000,76148.49000000,2653.03890000,60,60,False
1731052800000,1731056400000,76148.49000000,76164.00000000,75760.00000000,75802.00000000,1075.30347000,60,60,False
1731056400000,1731060000000,75802.00000000,76073.78000000,75777.16000000,75947.69000000,771.79192000,60,60,False
1731060000000,1731063600000,75947.68000000,76320.00000000,75780.70000000,76229.98000000,768.15953000,60,60,False
1731063600000,1731067200000,76229.97000000,76284.60000000,75924.00000000,75934.46000000,705.99368000,60,60,False
1731067200000,1731070800000,75934.47000000,76172.00000000,75934.46000000,76067.55000000,799.12641000,60,60,False
1731070800000,1731074400000,76067.56000000,76279.71000000,75846.09000000,76268.13000000,1261.44788000,60,60,False
1731074400000,1731078000000,76268.13000000,76309.13000000,75630.76000000,75752.00000000,3024.76051000,60,60,False
1731078000000,1731081600000,75752.01000000,76584.60000000,75636.36000000,76427.72000000,4176.02729000,60,60,False
1731081600000,1731085200000,76427.72000000,76514.99000000,75834.00000000,75919.30000000,2102.02572000,60,60,False
1731085200000,1731088800000,75919.30000000,76522.00000000,75822.07000000,76385.99000000,1917.72706000,60,60,False
1731088800000,1731092400000,76386.00000000,76999.00000000,76342.00000000,76812.00000000,2615.86905000,60,60,False
1731092400000,1731096000000,76812.00000000,77199.99000000,76699.05000000,76912.58000000,2811.24187300,60,60,False
1731096000000,1731099600000,76912.58000000,77097.00000000,76414.63000000,76591.33000000,2711.01365000,60,60,False
1731099600000,1731103200000,76591.33000000,76695.99000000,76379.36000000,76483.09000000,1104.62036000,60,60,False
1731103200000,1731106800000,76483.08000000,76622.70000000,76303.03000000,76369.12000000,670.14814000,60,60,False
1731106800000,1731110400000,76369.13000000,76530.03000000,76300.23000000,76509.78000000,587.90433000,60,60,False
1731110400000,1731114000000,76509.78000000,76639.84000000,76363.63000000,76430.00000000,810.03501000,60,60,False
1731114000000,1731117600000,76430.00000000,76541.65000000,76256.00000000,76310.00000000,583.19381000,60,60,False
1731117600000,1731121200000,76310.00000000,76430.44000000,76136.00000000,76422.98000000,669.81557000,60,60,False
1731121200000,1731124800000,76422.97000000,76440.00000000,76240.08000000,76341.47000000,435.25274000,60,60,False
1731124800000,1731128400000,76341.47000000,76406.12000000,76294.00000000,76377.99000000,329.62583000,60,60,False
1731128400000,1731132000000,76377.99000000,76657.13000000,76358.60000000,76552.00000000,786.14324000,60,60,False
1731132000000,1731135600000,76552.00000000,76795.69000000,76408.01000000,76510.00000000,1049.87565000,60,60,False
1731135600000,1731139200000,76510.01000000,76529.08000000,76354.00000000,76529.08000000,659.23843000,60,60,False
1731139200000,1731142800000,76529.07000000,76735.59000000,76436.00000000,76539.99000000,538.80074000,60,60,False
1731142800000,1731146400000,76539.99000000,76636.37000000,76506.90000000,76554.00000000,522.33266000,60,60,False
1731146400000,1731150000000,76554.00000000,76620.00000000,76415.89000000,76468.01000000,520.41883000,60,60,False
1731150000000,1731153600000,76468.01000000,76511.78000000,76358.91000000,76487.11000000,375.09530000,60,60,False
1731153600000,1731157200000,76487.11000000,76541.53000000,76280.00000000,76280.27000000,619.23260000,60,60,False
1731157200000,1731160800000,76280.26000000,76495.77000000,76280.26000000,76426.39000000,881.68891000,60,60,False
1731160800000,1731164400000,76426.40000000,76440.82000000,76272.72000000,76355.61000000,656.57304000,60,60,False
1731164400000,1731168000000,76355.61000000,76416.52000000,76300.00000000,76319.90000000,418.84313000,60,60,False
1731168000000,1731171600000,76319.91000000,76324.84000000,76058.00000000,76087.18000000,1200.70717000,60,60,False
1731171600000,1731175200000,76087.19000000,76238.77000000,75714.66000000,76238.77000000,978.18075000,60,60,False
1731175200000,1731178800000,76238.77000000,76387.19000000,76198.00000000,76356.53000000,530.21491000,60,60,False
1731178800000,1731182400000,76356.53000000,76700.00000000,76116.00000000,76204.92000000,1249.58091000,60,60,False
1731182400000,1731186000000,76204.91000000,76360.00000000,76179.00000000,76294.00000000,334.34498000,60,60,False
1731186000000,1731189600000,76293.99000000,76486.00000000,76227.52000000,76451.60000000,408.62709000,60,60,False
1731189600000,1731193200000,76451.61000000,76606.34000000,76365.25000000,76519.90000000,610.63157000,60,60,False
1731193200000,1731196800000,76519.90000000,76900.00000000,76474.00000000,76677.46000000,1773.62628000,60,60,False
1731196800000,1731200400000,76677.46000000,77100.00000000,76492.00000000,76884.01000000,1848.55068000,60,60,False
1731200400000,1731204000000,76884.01000000,76964.00000000,76679.36000000,76702.31000000,853.09775000,60,60,False
1731204000000,1731207600000,76702.31000000,77498.00000000,76661.40000000,77033.99000000,2512.97846500,60,60,False
1731207600000,1731211200000,77033.99000000,77426.68000000,76985.43000000,77205.96000000,1022.83807000,60,60,False
1731211200000,1731214800000,77205.97000000,79323.74000000,77138.00000000,79122.02000000,5557.68071300,60,60,False
1731214800000,1731218400000,79122.02000000,79788.96000000,78803.38000000,79064.16000000,6049.42317900,60,60,False
1731218400000,1731222000000,79064.16000000,79249.97000000,78612.00000000,78903.42000000,2379.84718000,60,60,False
1731222000000,1731225600000,78903.42000000,79148.94000000,78743.98000000,78832.37000000,1574.77443000,60,60,False
1731225600000,1731229200000,78832.36000000,79137.83000000,78832.36000000,79130.10000000,1049.78994000,60,60,False
1731229200000,1731232800000,79130.09000000,79494.67000000,79122.00000000,79368.00000000,1290.33391000,60,60,False
1731232800000,1731236400000,79367.99000000,79769.88000000,79280.00000000,79540.74000000,1738.33669000,60,60,False
1731236400000,1731240000000,79540.75000000,80040.00000000,79540.74000000,79844.01000000,3281.09553200,60,60,False
1731240000000,1731243600000,79844.00000000,80080.00000000,79268.15000000,79654.00000000,3270.28363000,60,60,False
1731243600000,1731247200000,79654.00000000,79899.90000000,79540.00000000,79728.01000000,1458.86412000,60,60,False
1731247200000,1731250800000,79728.01000000,79960.00000000,79200.00000000,79508.01000000,2759.50281000,60,60,False
1731250800000,1731254400000,79508.00000000,79758.88000000,79379.90000000,79694.03000000,1527.98427000,60,60,False
1731254400000,1731258000000,79694.03000000,79782.29000000,79486.01000000,79775.99000000,1313.89455000,60,60,False
1731258000000,1731261600000,79776.00000000,80703.10000000,79648.00000000,80333.01000000,3087.36390900,60,60,False
1731261600000,1731265200000,80333.01000000,81069.99000000,80333.01000000,80538.04000000,3698.35504200,60,60,False
1731265200000,1731268800000,80538.04000000,80845.19000000,79324.59000000,79748.99000000,3215.15386000,60,60,False
1731268800000,1731272400000,79748.99000000,79907.66000000,78940.77000000,78950.01000000,3517.83206000,60,60,False
1731272400000,1731276000000,78950.00000000,80004.09000000,78473.13000000,79873.97000000,2794.88034000,60,60,False
1731276000000,1731279600000,79873.98000000,81500.00000000,79788.01000000,80614.01000000,3744.26736500,60,60,False
1731279600000,1731283200000,80614.00000000,80700.00000000,79945.23000000,80370.01000000,2282.97194000,60,60,False
1731283200000,1731286800000,80370.01000000,80803.00000000,80216.01000000,80579.99000000,1518.19751000,60,60,False
1731286800000,1731290400000,80579.99000000,81730.00000000,80366.02000000,81214.00000000,2744.96482700,60,60,False
1731290400000,1731294000000,81213.99000000,81519.19000000,81032.00000000,81431.17000000,1858.44676000,60,60,False
1731294000000,1731297600000,81431.18000000,81846.71000000,80946.00000000,81612.23000000,1745.18910500,60,60,False
1731297600000,1731301200000,81612.23000000,81727.47000000,81116.53000000,81440.01000000,1226.04186000,60,60,False
1731301200000,1731304800000,81440.01000000,81581.65000000,80432.00000000,80731.99000000,1681.12781000,60,60,False
1731304800000,1731308400000,80731.99000000,81250.00000000,80590.98000000,80900.68000000,1864.06524000,60,60,False
1731308400000,1731312000000,80900.68000000,81205.99000000,80747.58000000,81109.10000000,1247.61687000,60,60,False
1731312000000,1731315600000,81109.11000000,81368.00000000,81023.29000000,81239.53000000,1638.37211000,60,60,False
1731315600000,1731319200000,81239.52000000,81766.56000000,81166.00000000,81695.33000000,1888.89563000,60,60,False
1731319200000,1731322800000,81695.34000000,82380.94000000,81668.73000000,81984.19000000,3031.71661100,60,60,False
1731322800000,1731326400000,81984.19000000,82244.67000000,81842.01000000,82134.00000000,1487.64111000,60,60,False
1731326400000,1731330000000,82133.99000000,82471.20000000,81719.21000000,82168.91000000,2599.32275000,60,60,False
1731330000000,1731333600000,82168.92000000,82222.13000000,81460.19000000,81835.74000000,2377.53515000,60,60,False
1731333600000,1731337200000,81835.73000000,82580.00000000,81500.01000000,82484.90000000,4581.23065000,60,60,False
1731337200000,1731340800000,82484.91000000,84263.51000000,82349.98000000,84059.54000000,7999.97362600,60,60,False
1731340800000,1731344400000,84059.53000000,84886.00000000,83831.84000000,84200.00000000,5612.39180800,60,60,False
1731344400000,1731348000000,84200.00000000,84880.03000000,84196.41000000,84603.99000000,3245.90107000,60,60,False
1731348000000,1731351600000,84603.99000000,85832.65000000,84208.77000000,85831.99000000,4435.91296000,60,60,False
1731351600000,1731355200000,85831.99000000,86650.00000000,85314.00000000,86102.21000000,5977.44949600,60,60,False
1731355200000,1731358800000,86102.21000000,87386.50000000,86052.00000000,86922.65000000,5360.19567300,60,60,False
1731358800000,1731362400000,86922.66000000,88378.00000000,86703.00000000,87900.01000000,5158.49319900,60,60,False
1731362400000,1731366000000,87900.00000000,88083.47000000,86372.31000000,87979.28000000,4668.03984000,60,60,False
1731366000000,1731369600000,87979.27000000,89530.54000000,87979.27000000,88647.99000000,8374.94411100,60,60,False
1731369600000,1731373200000,88648.00000000,89012.23000000,86561.35000000,88978.57000000,6202.57596000,60,60,False
1731373200000,1731376800000,88978.56000000,89470.00000000,88392.51000000,88542.51000000,5394.13548000,60,60,False
1731376800000,1731380400000,88542.51000000,88876.00000000,86928.68000000,87694.53000000,4470.78293000,60,60,False
1731380400000,1731384000000,87694.53000000,88206.93000000,87474.19000000,88047.46000000,3384.74149000,60,60,False
1731384000000,1731387600000,88047.45000000,88983.93000000,87700.00000000,88430.57000000,2860.49173000,60,60,False
1731387600000,1731391200000,88430.56000000,88798.93000000,88159.99000000,88378.46000000,2376.99375000,60,60,False
1731391200000,1731394800000,88378.46000000,89800.00000000,88160.01000000,89545.46000000,3887.83801800,60,60,False
1731394800000,1731398400000,89545.46000000,89940.00000000,88953.58000000,88983.35000000,4282.79871300,60,60,False
1731398400000,1731402000000,88983.35000000,89300.00000000,88720.91000000,89280.01000000,3007.80980000,60,60,False
1731402000000,1731405600000,89280.00000000,89372.00000000,87620.00000000,87630.89000000,4144.80325000,60,60,False
1731405600000,1731409200000,87630.89000000,88023.66000000,85229.00000000,86787.51000000,9748.05049000,60,60,False
1731409200000,1731412800000,86787.52000000,87860.75000000,86524.14000000,87155.55000000,4625.62881000,60,60,False
1731412800000,1731416400000,87155.55000000,87860.00000000,86203.83000000,86348.01000000,4534.67447000,60,60,False
1731416400000,1731420000000,86348.02000000,86521.95000000,85072.00000000,86330.52000000,6017.90626000,60,60,False
1731420000000,1731423600000,86330.52000000,87074.53000000,85208.20000000,87001.51000000,4368.49084000,60,60,False
1731423600000,1731427200000,87001.51000000,87493.37000000,86148.00000000,86632.00000000,4188.52066000,60,60,False
1731427200000,1731430800000,86632.00000000,87600.00000000,85730.35000000,87030.31000000,4206.00567000,60,60,False
1731430800000,1731434400000,87030.31000000,87878.00000000,86850.66000000,86966.07000000,2935.44402000,60,60,False
1731434400000,1731438000000,86966.07000000,88877.36000000,86907.26000000,88796.41000000,3326.61216000,60,60,False
1731438000000,1731441600000,88796.41000000,89764.38000000,88620.01000000,88704.28000000,4018.37248000,60,60,False
1731441600000,1731445200000,88704.28000000,89876.94000000,88672.00000000,89473.10000000,3121.07877000,60,60,False
1731445200000,1731448800000,89472.01000000,89683.65000000,88160.27000000,88240.32000000,2297.49275000,60,60,False
1731448800000,1731452400000,88240.32000000,88642.00000000,87612.00000000,88592.00000000,1621.46359000,60,60,False
1731452400000,1731456000000,88592.00000000,88592.00000000,87379.59000000,87952.01000000,2277.17582000,60,60,False
1731456000000,1731459600000,87952.00000000,88453.16000000,87604.00000000,88040.00000000,2506.13719000,60,60,False
1731459600000,1731463200000,88040.00000000,88562.94000000,87708.00000000,88253.53000000,2490.18284000,60,60,False
1731463200000,1731466800000,88253.54000000,88320.00000000,87004.00000000,87868.00000000,2120.81586000,60,60,False
1731466800000,1731470400000,87868.01000000,88150.00000000,87049.52000000,87136.00000000,2891.48301000,60,60,False
1731470400000,1731474000000,87136.00000000,87692.69000000,86226.15000000,87172.01000000,3319.43657000,60,60,False
1731474000000,1731477600000,87172.00000000,87436.67000000,86452.78000000,86545.99000000,1957.43138000,60,60,False
1731477600000,1731481200000,86545.99000000,86950.54000000,86127.99000000,86500.00000000,1697.27156000,60,60,False
1731481200000,1731484800000,86500.00000000,87492.30000000,86480.07000000,87356.00000000,2570.39211000,60,60,False
1731484800000,1731488400000,87356.01000000,87684.00000000,87100.00000000,87228.68000000,1541.49195000,60,60,False
1731488400000,1731492000000,87228.69000000,87550.00000000,87082.42000000,87400.02000000,1407.08338000,60,60,False
1731492000000,1731495600000,87400.03000000,87553.64000000,87124.92000000,87535.55000000,1322.67388000,60,60,False
1731495600000,1731499200000,87535.55000000,88083.00000000,87454.54000000,87669.39000000,1729.14636000,60,60,False
1731499200000,1731502800000,87669.40000000,87997.20000000,87502.49000000,87626.96000000,1420.45660000,60,60,False
1731502800000,1731506400000,87626.95000000,89696.97000000,87548.00000000,89152.01000000,5115.10890000,60,60,False
1731506400000,1731510000000,89152.00000000,91827.09000000,88623.64000000,91508.00000000,10520.73213400,60,60,False
1731510000000,1731513600000,91508.00000000,92690.00000000,90432.23000000,92540.01000000,8070.55184900,60,60,False
1731513600000,1731517200000,92540.00000000,93265.64000000,91467.90000000,92256.00000000,8454.24022400,60,60,False
1731517200000,1731520800000,92256.01000000,92803.00000000,91755.00000000,92218.87000000,3483.23126000,60,60,False
1731520800000,1731524400000,92218.87000000,93139.93000000,92050.07000000,92824.00000000,3464.86045000,60,60,False
1731524400000,1731528000000,92824.00000000,92892.98000000,89969.87000000,90193.51000000,7363.95202000,60,60,False
1731528000000,1731531600000,90193.50000000,91184.02000000,89292.00000000,89691.99000000,5146.59132000,60,60,False
1731531600000,1731535200000,89692.00000000,89796.21000000,87970.98000000,88539.77000000,4478.14358000,60,60,False
1731535200000,1731538800000,88539.77000000,89854.27000000,88350.00000000,89715.12000000,1736.16108000,60,60,False
1731538800000,1731542400000,89715.12000000,90518.89000000,89248.28000000,90375.20000000,1956.27862000,60,60,False
1731542400000,1731546000000,90375.21000000,90511.63000000,89685.10000000,90104.93000000,1980.13190000,60,60,False
1731546000000,1731549600000,90104.93000000,90444.00000000,89458.13000000,90372.01000000,2341.26104000,60,60,False
1731549600000,1731553200000,90372.00000000,90566.00000000,89664.00000000,90104.01000000,1526.15424000,60,60,False
1731553200000,1731556800000,90104.00000000,90220.00000000,89531.86000000,89937.02000000,1506.55837000,60,60,False
1731556800000,1731560400000,89937.03000000,90192.35000000,89320.37000000,90123.99000000,1549.89871000,60,60,False
1731560400000,1731564000000,90123.99000000,90123.99000000,89647.19000000,89957.22000000,1094.80806000,60,60,False
1731564000000,1731567600000,89957.23000000,90308.83000000,89283.50000000,89300.69000000,1465.14038000,60,60,False
1731567600000,1731571200000,89309.41000000,90850.00000000,89104.54000000,90769.42000000,2087.50442000,60,60,False
1731571200000,1731574800000,90769.42000000,91438.41000000,90329.80000000,90558.28000000,2547.27054000,60,60,False
1731574800000,1731578400000,90558.28000000,90918.18000000,90368.00000000,90909.01000000,1359.25030000,60,60,False
1731578400000,1731582000000,90909.01000000,91424.00000000,90840.01000000,91103.00000000,1937.65192000,60,60,False
1731582000000,1731585600000,91102.99000000,91657.77000000,90472.00000000,91491.86000000,2287.83266000,60,60,False
1731585600000,1731589200000,91491.85000000,91599.99000000,90945.00000000,91243.17000000,1587.33383000,60,60,False
1731589200000,1731592800000,91243.17000000,91380.00000000,90559.65000000,90754.42000000,2037.91332000,60,60,False
1731592800000,1731596400000,90754.42000000,91790.00000000,88639.76000000,88720.03000000,5271.45761000,60,60,False
1731596400000,1731600000000,88720.03000000,89638.50000000,87829.57000000,87947.99000000,6221.33894000,60,60,False
1731600000000,1731603600000,87947.99000000,89239.79000000,87526.74000000,89198.31000000,3863.10102000,60,60,False
1731603600000,1731607200000,89198.32000000,89449.49000000,88584.00000000,89239.35000000,1958.59519000,60,60,False
1731607200000,1731610800000,89239.35000000,89775.24000000,88916.80000000,89111.55000000,1486.62454000,60,60,False
1731610800000,1731614400000,89111.55000000,89664.19000000,89111.54000000,89463.99000000,1223.63851000,60,60,False
1731614400000,1731618000000,89463.99000000,89464.00000000,87565.01000000,87612.66000000,3373.06448000,60,60,False
1731618000000,1731621600000,87612.67000000,88280.91000000,87029.65000000,88227.22000000,3405.01670000,60,60,False
1731621600000,1731625200000,88227.23000000,88360.00000000,87050.00000000,87640.01000000,1875.13133000,60,60,False
1731625200000,1731628800000,87640.01000000,87771.85000000,86668.21000000,87325.59000000,2742.83285000,60,60,False
1731628800000,1731632400000,87325.59000000,88435.16000000,87252.00000000,87870.27000000,2102.34838000,60,60,False
1731632400000,1731636000000,87870.26000000,88168.63000000,87373.45000000,88098.99000000,1707.79199000,60,60,False
1731636000000,1731639600000,88098.99000000,88443.83000000,87736.00000000,88364.07000000,1227.36308000,60,60,False
1731639600000,1731643200000,88364.07000000,88473.70000000,88116.00000000,88218.21000000,995.01845000,60,60,False
1731643200000,1731646800000,88218.22000000,88242.43000000,87073.38000000,87454.57000000,2138.56254000,60,60,False
1731646800000,1731650400000,87454.58000000,87860.46000000,87276.01000000,87724.00000000,1229.77864000,60,60,False
1731650400000,1731654000000,87724.00000000,88182.69000000,87584.20000000,88182.67000000,1425.90985000,60,60,False
1731654000000,1731657600000,88182.68000000,88391.99000000,87588.00000000,87612.00000000,2089.72502000,60,60,False
1731657600000,1731661200000,87612.01000000,88165.91000000,87368.00000000,88082.96000000,1347.90092000,60,60,False
1731661200000,1731664800000,88082.96000000,89350.00000000,88024.40000000,89195.99000000,2296.30230000,60,60,False
1731664800000,1731668400000,89195.99000000,89458.13000000,88943.53000000,89354.55000000,1429.92991000,60,60,False
1731668400000,1731672000000,89354.54000000,89771.99000000,89138.94000000,89741.25000000,1566.32537000,60,60,False
1731672000000,1731675600000,89741.24000000,90709.74000000,89591.55000000,89753.84000000,2627.03494000,60,60,False
1731675600000,1731679200000,89753.84000000,90482.30000000,89241.57000000,90148.00000000,1904.87357000,60,60,False
1731679200000,1731682800000,90148.00000000,90200.00000000,88585.33000000,89107.98000000,3372.88896000,60,60,False
1731682800000,1731686400000,89107.97000000,89134.74000000,87754.45000000,88445.41000000,3999.02812000,60,60,False
1731686400000,1731690000000,88445.40000000,89768.41000000,88386.99000000,89375.99000000,2745.84242000,60,60,False
1731690000000,1731693600000,89376.00000000,89944.00000000,89191.47000000,89484.85000000,1835.70209000,60,60,False
1731693600000,1731697200000,89484.84000000,89810.00000000,89214.55000000,89387.99000000,1353.64414000,60,60,False
1731697200000,1731700800000,89388.00000000,90844.90000000,89260.00000000,90377.89000000,2737.65262000,60,60,False
1731700800000,1731704400000,90377.89000000,91461.01000000,90324.85000000,91447.98000000,3159.42709000,60,60,False
1731704400000,1731708000000,91447.99000000,91830.35000000,91067.60000000,91678.78000000,2173.04829000,60,60,False
1731708000000,1731711600000,91678.78000000,91850.00000000,91033.66000000,91208.00000000,1278.88642000,60,60,False
1731711600000,1731715200000,91208.00000000,91450.00000000,90866.72000000,91032.07000000,1182.96557000,60,60,False
1731715200000,1731718800000,91032.08000000,91348.50000000,90850.00000000,91000.00000000,1330.88177000,60,60,False
1731718800000,1731722400000,91000.00000000,91442.11000000,90942.42000000,91249.29000000,919.75125000,60,60,False
1731722400000,1731726000000,91249.30000000,91709.06000000,91151.51000000,91405.54000000,1116.54026000,60,60,False
1731726000000,1731729600000,91405.54000000,91597.08000000,91053.48000000,91252.03000000,882.78064000,60,60,False
1731729600000,1731733200000,91252.04000000,91400.00000000,91064.24000000,91269.69000000,674.33101000,60,60,False
1731733200000,1731736800000,91269.70000000,91779.66000000,91144.74000000,91350.34000000,837.02267000,60,60,False
1731736800000,1731740400000,91350.34000000,91447.74000000,91149.76000000,91192.00000000,799.84039000,60,60,False
1731740400000,1731744000000,91192.00000000,91388.45000000,91068.19000000,91117.53000000,717.08105000,60,60,False
1731744000000,1731747600000,91117.52000000,91430.00000000,91025.11000000,91425.98000000,991.04550000,60,60,False
1731747600000,1731751200000,91425.98000000,91428.00000000,91199.18000000,91235.24000000,723.99711000,60,60,False
1731751200000,1731754800000,91235.23000000,91598.13000000,91220.15000000,91393.93000000,1068.90218000,60,60,False
1731754800000,1731758400000,91393.94000000,91423.33000000,90993.15000000,91169.69000000,1188.75818000,60,60,False
1731758400000,1731762000000,91169.69000000,91320.00000000,90500.00000000,90894.74000000,1543.84482000,60,60,False
1731762000000,1731765600000,90894.75000000,91190.00000000,90684.21000000,90755.99000000,838.54990000,60,60,False
1731765600000,1731769200000,90756.00000000,91074.22000000,90608.80000000,90968.00000000,856.47747000,60,60,False
1731769200000,1731772800000,90968.01000000,91016.93000000,90056.17000000,90521.20000000,2183.32434000,60,60,False
1731772800000,1731776400000,90521.20000000,90865.48000000,90186.64000000,90612.65000000,1292.44473000,60,60,False
1731776400000,1731780000000,90612.64000000,91000.00000000,90505.39000000,90904.03000000,693.43545000,60,60,False
1731780000000,1731783600000,90904.02000000,91396.03000000,90840.00000000,91303.04000000,840.12951000,60,60,False
1731783600000,1731787200000,91303.04000000,91332.00000000,90949.61000000,91100.24000000,640.37150000,60,60,False
1731787200000,1731790800000,91100.23000000,91181.82000000,90670.60000000,90752.01000000,672.80452000,60,60,False
1731790800000,1731794400000,90752.01000000,91067.67000000,90702.00000000,90993.50000000,519.94090000,60,60,False
1731794400000,1731798000000,90993.49000000,91000.00000000,90300.00000000,90328.39000000,697.50998000,60,60,False
1731798000000,1731801600000,90328.39000000,90651.98000000,90328.00000000,90586.92000000,688.11176000,60,60,False
1731801600000,1731805200000,90587.98000000,90888.00000000,90576.00000000,90808.00000000,501.86790000,60,60,False
1731805200000,1731808800000,90808.00000000,90876.81000000,90001.00000000,90272.74000000,1256.20862000,60,60,False
1731808800000,1731812400000,90272.73000000,90272.74000000,89364.00000000,90024.01000000,2502.31411000,60,60,False
1731812400000,1731816000000,90024.02000000,90247.86000000,89775.37000000,90247.86000000,690.33334000,60,60,False
1731816000000,1731819600000,90247.86000000,90681.37000000,90158.56000000,90576.00000000,1106.20149000,60,60,False
1731819600000,1731823200000,90576.01000000,90888.00000000,90374.45000000,90470.13000000,676.89936000,60,60,False
1731823200000,1731826800000,90470.13000000,90769.99000000,90369.72000000,90645.44000000,518.74589000,60,60,False
1731826800000,1731830400000,90645.44000000,90666.67000000,90368.00000000,90550.80000000,672.26890000,60,60,False
1731830400000,1731834000000,90550.80000000,91050.01000000,90478.99000000,90985.11000000,1120.60865000,60,60,False
1731834000000,1731837600000,90985.11000000,91449.99000000,90968.80000000,91295.24000000,1069.22190000,60,60,False
1731837600000,1731841200000,91295.24000000,91330.88000000,90882.74000000,91056.00000000,541.78681000,60,60,False
1731841200000,1731844800000,91055.99000000,91076.00000000,90508.00000000,90684.19000000,1197.47782000,60,60,False
1731844800000,1731848400000,90684.19000000,91189.88000000,90632.00000000,91080.68000000,972.81942000,60,60,False
1731848400000,1731852000000,91080.68000000,91112.00000000,90310.00000000,90504.01000000,1124.65301000,60,60,False
1731852000000,1731855600000,90504.02000000,90765.96000000,89925.91000000,90310.91000000,1342.19407000,60,60,False
1731855600000,1731859200000,90310.92000000,90587.99000000,90114.50000000,90260.01000000,727.14765000,60,60,False
1731859200000,1731862800000,90260.01000000,90523.45000000,90076.29000000,90446.92000000,733.62749000,60,60,False
1731862800000,1731866400000,90446.91000000,90640.18000000,90150.23000000,90578.66000000,731.60128000,60,60,False
1731866400000,1731870000000,90578.66000000,90616.78000000,89832.44000000,89936.00000000,852.41957000,60,60,False
1731870000000,1731873600000,89936.00000000,90140.00000000,89664.34000000,90044.00000000,794.74329000,60,60,False
1731873600000,1731877200000,90044.00000000,90212.13000000,89500.00000000,89636.00000000,984.02570000,60,60,False
1731877200000,1731880800000,89636.00000000,89748.02000000,89002.08000000,89137.98000000,1208.84489000,60,60,False
1731880800000,1731884400000,89137.97000000,89647.84000000,88722.00000000,89556.00000000,1526.58089000,60,60,False
1731884400000,1731888000000,89556.00000000,89863.99000000,89316.98000000,89855.99000000,1014.96404000,60,60,False
1731888000000,1731891600000,89855.98000000,90120.74000000,89617.96000000,89940.00000000,744.60437000,60,60,False
1731891600000,1731895200000,89940.00000000,90935.44000000,89894.38000000,90747.57000000,1089.21916000,60,60,False
1731895200000,1731898800000,90747.57000000,90847.61000000,90405.01000000,90493.89000000,733.42403000,60,60,False
1731898800000,1731902400000,90493.88000000,90676.92000000,90300.00000000,90668.58000000,684.98496000,60,60,False
1731902400000,1731906000000,90668.58000000,90700.00000000,90438.85000000,90441.30000000,440.84819000,60,60,False
1731906000000,1731909600000,90441.30000000,90809.36000000,90441.29000000,90615.71000000,706.34235000,60,60,False
1731909600000,1731913200000,90615.72000000,92079.30000000,90615.71000000,92061.84000000,2850.16791000,60,60,False
1731913200000,1731916800000,92061.84000000,92300.00000000,91415.79000000,91719.90000000,2381.30640000,60,60,False
1731916800000,1731920400000,91719.90000000,92141.13000000,91555.54000000,91810.61000000,1210.88132000,60,60,False
1731920400000,1731924000000,91810.60000000,92211.99000000,91640.00000000,91710.60000000,1098.76634000,60,60,False
1731924000000,1731927600000,91710.59000000,92016.00000000,91680.00000000,91769.42000000,1099.18688000,60,60,False
1731927600000,1731931200000,91769.43000000,91816.01000000,90051.10000000,90275.13000000,3079.76212000,60,60,False
1731931200000,1731934800000,90275.13000000,90757.58000000,90100.50000000,90517.13000000,1724.96027000,60,60,False
1731934800000,1731938400000,90517.14000000,90595.98000000,89376.90000000,89502.23000000,2600.74405000,60,60,False
1731938400000,1731942000000,89502.23000000,91053.58000000,89436.29000000,90308.01000000,3049.73206000,60,60,False
1731942000000,1731945600000,90308.00000000,92594.00000000,90242.61000000,92309.51000000,5498.53658000,60,60,False
1731945600000,1731949200000,92309.51000000,92584.95000000,91121.23000000,91403.12000000,3213.18996000,60,60,False
1731949200000,1731952800000,91403.12000000,92149.85000000,90904.25000000,91564.69000000,2525.68968000,60,60,False
1731952800000,1731956400000,91564.69000000,91660.90000000,90100.00000000,90356.80000000,2030.63341000,60,60,False
1731956400000,1731960000000,90356.80000000,90640.00000000,89667.66000000,90608.26000000,2185.28321000,60,60,False
1731960000000,1731963600000,90608.26000000,91924.04000000,90412.00000000,91473.42000000,3550.12502000,60,60,False
1731963600000,1731967200000,91473.43000000,91980.00000000,91144.08000000,91276.33000000,1649.50066000,60,60,False
1731967200000,1731970800000,91276.33000000,91461.01000000,91001.00000000,91148.02000000,848.76047000,60,60,False
1731970800000,1731974400000,91148.02000000,91220.00000000,90224.02000000,90464.08000000,1548.38508000,60,60,False
1731974400000,1731978000000,90464.07000000,91228.58000000,90357.00000000,91042.94000000,1152.06439000,60,60,False
1731978000000,1731981600000,91042.95000000,91241.46000000,90616.00000000,90714.26000000,692.68474000,60,60,False
1731981600000,1731985200000,90714.27000000,91271.65000000,90702.73000000,91236.00000000,895.46765000,60,60,False
1731985200000,1731988800000,91236.00000000,91529.00000000,91163.90000000,91428.00000000,835.04934000,60,60,False
1731988800000,1731992400000,91428.00000000,91816.28000000,91248.01000000,91528.00000000,1005.54690000,60,60,False
1731992400000,1731996000000,91528.00000000,91891.80000000,91238.09000000,91877.00000000,968.00577000,60,60,False
1731996000000,1731999600000,91877.00000000,91980.00000000,91598.50000000,91959.11000000,951.70937000,60,60,False
1731999600000,1732003200000,91959.11000000,92000.00000000,91600.00000000,91620.01000000,968.54265000,60,60,False
1732003200000,1732006800000,91620.00000000,91781.00000000,91400.03000000,91780.99000000,766.04140000,60,60,False
1732006800000,1732010400000,91780.99000000,91950.00000000,91200.00000000,91694.38000000,1510.11782000,60,60,False
1732010400000,1732014000000,91694.37000000,91916.24000000,91485.04000000,91750.77000000,780.59382000,60,60,False
1732014000000,1732017600000,91750.78000000,91842.89000000,91524.00000000,91652.02000000,674.19361000,60,60,False
1732017600000,1732021200000,91652.01000000,92500.00000000,91652.01000000,92467.99000000,3004.42435000,60,60,False
1732021200000,1732024800000,92467.99000000,92788.00000000,91044.15000000,91142.28000000,4201.52317000,60,60,False
1732024800000,1732028400000,91142.27000000,92381.00000000,90975.80000000,91824.00000000,3721.67107000,60,60,False
1732028400000,1732032000000,91824.00000000,92446.00000000,91500.00000000,92391.99000000,2896.00963000,60,60,False
1732032000000,1732035600000,92391.99000000,92628.90000000,92147.12000000,92553.79000000,1569.18552000,60,60,False
1732035600000,1732039200000,92553.78000000,93265.80000000,92339.26000000,92853.76000000,3497.84889000,60,60,False
1732039200000,1732042800000,92853.75000000,93856.00000000,92711.50000000,93646.15000000,4048.37561000,60,60,False
1732042800000,1732046400000,93646.16000000,93905.51000000,93060.00000000,93227.87000000,2335.36728000,60,60,False
1732046400000,1732050000000,93227.87000000,93571.08000000,92165.05000000,92458.00000000,2443.65539000,60,60,False
1732050000000,1732053600000,92457.99000000,92748.00000000,91800.00000000,92196.82000000,2004.44288000,60,60,False
1732053600000,1732057200000,92196.82000000,92424.25000000,91320.00000000,91826.19000000,1602.60407000,60,60,False
1732057200000,1732060800000,91826.19000000,92333.77000000,91585.30000000,92310.79000000,1134.92150000,60,60,False
1732060800000,1732064400000,92310.80000000,92418.68000000,92000.00000000,92044.19000000,764.92352000,60,60,False
1732064400000,1732068000000,92044.18000000,92284.53000000,91720.00000000,91976.79000000,1087.89177000,60,60,False
1732068000000,1732071600000,91976.79000000,92028.74000000,91580.00000000,91748.00000000,902.70195000,60,60,False
1732071600000,1732075200000,91748.00000000,92066.66000000,91500.00000000,92039.99000000,1340.70675000,60,60,False
1732075200000,1732078800000,92039.99000000,92271.71000000,91850.00000000,92121.21000000,761.92254000,60,60,False
1732078800000,1732082400000,92121.21000000,92516.00000000,91958.56000000,92505.47000000,752.93639000,60,60,False
1732082400000,1732086000000,92505.47000000,92654.93000000,92352.59000000,92372.95000000,756.29573000,60,60,False
1732086000000,1732089600000,92372.95000000,92851.09000000,92300.00000000,92850.38000000,1206.02389000,60,60,False
1732089600000,1732093200000,92850.38000000,93333.33000000,92720.00000000,93200.00000000,1862.07171000,60,60,False
1732093200000,1732096800000,93200.00000000,93669.98000000,92970.00000000,93100.01000000,2098.04798000,60,60,False
1732096800000,1732100400000,93100.01000000,93520.00000000,93009.98000000,93278.50000000,1040.10863000,60,60,False
1732100400000,1732104000000,93278.50000000,93614.98000000,92808.00000000,93454.65000000,1216.52056000,60,60,False
1732104000000,1732107600000,93454.65000000,93750.00000000,93314.49000000,93531.95000000,1707.24079000,60,60,False
1732107600000,1732111200000,93531.95000000,94585.23000000,93531.94000000,94382.88000000,3912.45098200,60,60,False
1732111200000,1732114800000,94382.87000000,94750.00000000,93828.00000000,94627.41000000,3797.49185000,60,60,False
1732114800000,1732118400000,94627.41000000,94807.62000000,94050.00000000,94739.97000000,3285.36081000,60,60,False
1732118400000,1732122000000,94739.98000000,94831.97000000,93316.00000000,94048.00000000,4089.13579000,60,60,False
1732122000000,1732125600000,94048.00000000,94338.99000000,93594.31000000,93916.34000000,2014.91043000,60,60,False
1732125600000,1732129200000,93916.34000000,94272.35000000,93138.00000000,93684.00000000,3071.47167000,60,60,False
1732129200000,1732132800000,93684.00000000,94000.00000000,93240.12000000,94000.00000000,1585.58901000,60,60,False
1732132800000,1732136400000,94000.00000000,94599.98000000,93801.45000000,94271.99000000,2158.56850000,60,60,False
1732136400000,1732140000000,94271.99000000,94500.00000000,93900.01000000,94365.92000000,1238.86975000,60,60,False
1732140000000,1732143600000,94365.92000000,94490.00000000,93933.62000000,94160.55000000,783.67613000,60,60,False
1732143600000,1732147200000,94160.56000000,94286.56000000,93770.07000000,94286.56000000,768.28158000,60,60,False
1732147200000,1732150800000,94286.56000000,94925.66000000,94194.62000000,94709.61000000,1763.85139000,60,60,False
1732150800000,1732154400000,94709.62000000,94977.00000000,94596.00000000,94702.49000000,1081.29502000,60,60,False
1732154400000,1732158000000,94702.48000000,94757.57000000,94040.00000000,94404.13000000,1830.66755000,60,60,False
1732158000000,1732161600000,94404.14000000,95904.00000000,94400.00000000,95798.12000000,4663.24354500,60,60,False
1732161600000,1732165200000,95798.12000000,97662.36000000,95798.11000000,97554.22000000,6002.61088500,60,60,False
1732165200000,1732168800000,97554.22000000,97852.00000000,96692.00000000,97328.00000000,3455.11486400,60,60,False
1732168800000,1732172400000,97328.01000000,97400.00000000,96800.01000000,97004.02000000,2285.57976000,60,60,False
1732172400000,1732176000000,97004.03000000,97384.62000000,96912.00000000,96912.01000000,1476.87831000,60,60,False
1732176000000,1732179600000,96912.01000000,97155.01000000,96723.96000000,97107.99000000,1545.04117000,60,60,False
1732179600000,1732183200000,97107.99000000,97699.76000000,97024.00000000,97613.24000000,2081.15425000,60,60,False
1732183200000,1732186800000,97613.24000000,97787.49000000,97272.18000000,97756.00000000,2493.73347000,60,60,False
1732186800000,1732190400000,97756.00000000,98384.86000000,97729.77000000,97974.99000000,3928.97214000,60,60,False
1732190400000,1732194000000,97975.00000000,98250.00000000,97300.00000000,97317.93000000,3107.00439000,60,60,False
1732194000000,1732197600000,97317.93000000,97743.85000000,97019.94000000,97512.01000000,3423.76352000,60,60,False
1732197600000,1732201200000,97512.01000000,97681.43000000,96521.73000000,97042.86000000,4537.05169000,60,60,False
1732201200000,1732204800000,97042.85000000,97124.29000000,95600.00000000,96672.00000000,5782.29938000,60,60,False
1732204800000,1732208400000,96672.00000000,97400.00000000,96276.69000000,97147.99000000,3483.62330000,60,60,False
1732208400000,1732212000000,97147.99000000,98055.99000000,96927.42000000,98048.65000000,2134.39526000,60,60,False
1732212000000,1732215600000,98048.65000000,98437.50000000,97668.00000000,98280.01000000,3337.47257000,60,60,False
1732215600000,1732219200000,98280.02000000,98988.00000000,97721.96000000,97829.83000000,4054.29000300,60,60,False
1732219200000,1732222800000,97829.84000000,98686.86000000,97608.18000000,98118.16000000,2217.62903000,60,60,False
1732222800000,1732226400000,98118.16000000,98200.00000000,97533.18000000,97973.80000000,2003.47663000,60,60,False
1732226400000,1732230000000,97973.81000000,98430.23000000,97850.00000000,98356.00000000,1163.29668000,60,60,False
1732230000000,1732233600000,98355.99000000,98723.65000000,98305.34000000,98317.12000000,1375.91567000,60,60,False
1732233600000,1732237200000,98317.12000000,98516.00000000,97841.57000000,97987.57000000,1445.05716000,60,60,False
1732237200000,1732240800000,97987.56000000,98377.26000000,97840.00000000,98081.60000000,1287.82116000,60,60,False
1732240800000,1732244400000,98081.61000000,98779.62000000,98039.55000000,98617.46000000,1767.59711000,60,60,False
1732244400000,1732248000000,98617.46000000,99299.99000000,98422.33000000,98836.50000000,3031.99947300,60,60,False
1732248000000,1732251600000,98836.49000000,99100.00000000,98666.67000000,98797.21000000,1252.78507000,60,60,False
1732251600000,1732255200000,98797.21000000,98988.00000000,98517.21000000,98790.97000000,1249.93318000,60,60,False
1732255200000,1732258800000,98790.97000000,99030.31000000,98624.41000000,98999.99000000,1140.73557000,60,60,False
1732258800000,1732262400000,99000.00000000,99419.99000000,98875.82000000,99173.70000000,2989.41178000,60,60,False
1732262400000,1732266000000,99173.70000000,99267.19000000,98750.00000000,98815.79000000,1967.24513000,60,60,False
1732266000000,1732269600000,98815.79000000,98847.79000000,98358.00000000,98702.00000000,1915.68673000,60,60,False
1732269600000,1732273200000,98702.01000000,98768.00000000,98256.41000000,98400.00000000,1328.09623000,60,60,False
1732273200000,1732276800000,98400.00000000,98937.00000000,98219.84000000,98870.38000000,1079.71994000,60,60,False
1732276800000,1732280400000,98870.39000000,98949.00000000,98492.00000000,98621.04000000,999.27938000,60,60,False
1732280400000,1732284000000,98621.05000000,98628.87000000,97344.90000000,97763.54000000,3839.86087000,60,60,False
1732284000000,1732287600000,97763.54000000,98147.41000000,97122.11000000,97296.00000000,3335.17223000,60,60,False
1732287600000,1732291200000,97296.00000000,98770.00000000,97155.68000000,98664.00000000,3089.62303000,60,60,False
1732291200000,1732294800000,98663.99000000,99010.00000000,98220.00000000,98865.30000000,2350.90254000,60,60,False
1732294800000,1732298400000,98865.30000000,99275.00000000,98753.66000000,98801.87000000,1981.76744000,60,60,False
1732298400000,1732302000000,98801.87000000,99174.00000000,98677.37000000,99108.87000000,1760.48396000,60,60,False
1732302000000,1732305600000,99108.87000000,99588.01000000,98838.01000000,99079.74000000,3447.90227000,60,60,False
1732305600000,1732309200000,99079.74000000,99449.00000000,98924.01000000,99163.99000000,1805.05499000,60,60,False
1732309200000,1732312800000,99164.00000000,99307.27000000,98711.37000000,99272.72000000,1123.81247000,60,60,False
1732312800000,1732316400000,99272.72000000,99369.99000000,98535.00000000,98627.35000000,1189.07747000,60,60,False
1732316400000,1732320000000,98627.36000000,98904.00000000,98576.85000000,98892.00000000,810.28406000,60,60,False
1732320000000,1732323600000,98892.00000000,98908.85000000,98550.02000000,98634.89000000,1023.70905000,60,60,False
1732323600000,1732327200000,98634.88000000,98655.72000000,98313.48000000,98590.00000000,1346.17227000,60,60,False
1732327200000,1732330800000,98590.00000000,98604.01000000,98300.00000000,98483.54000000,966.83006000,60,60,False
1732330800000,1732334400000,98483.53000000,98800.00000000,98404.02000000,98666.67000000,581.60262000,60,60,False
1732334400000,1732338000000,98666.66000000,98695.95000000,98284.61000000,98576.14000000,1249.36095000,60,60,False
1732338000000,1732341600000,98576.14000000,98769.24000000,98399.83000000,98755.15000000,603.03176000,60,60,False
1732341600000,1732345200000,98755.15000000,98800.00000000,98583.72000000,98709.90000000,567.51996000,60,60,False
1732345200000,1732348800000,98709.90000000,98720.00000000,98408.57000000,98560.85000000,940.46801000,60,60,False
1732348800000,1732352400000,98560.84000000,98623.76000000,98369.00000000,98451.98000000,1196.12543000,60,60,False
1732352400000,1732356000000,98451.98000000,98539.69000000,98359.17000000,98449.07000000,740.01430000,60,60,False
1732356000000,1732359600000,98449.06000000,98564.11000000,98300.00000000,98408.55000000,751.11494000,60,60,False
1732359600000,1732363200000,98408.55000000,98523.10000000,98374.25000000,98429.99000000,489.49638000,60,60,False
1732363200000,1732366800000,98430.00000000,98619.99000000,98415.00000000,98598.75000000,798.23630000,60,60,False
1732366800000,1732370400000,98598.74000000,98847.68000000,98532.08000000,98532.08000000,837.41697000,60,60,False
1732370400000,1732374000000,98532.09000000,98783.85000000,98465.04000000,98744.37000000,1154.22024000,60,60,False
1732374000000,1732377600000,98744.37000000,98779.70000000,98400.00000000,98400.00000000,1348.81631000,60,60,False
1732377600000,1732381200000,98400.01000000,98459.56000000,97533.00000000,97708.85000000,4007.99470000,60,60,False
1732381200000,1732384800000,97708.85000000,98051.29000000,97336.06000000,97900.79000000,2022.77114000,60,60,False
1732384800000,1732388400000,97900.79000000,98067.66000000,97636.36000000,97839.99000000,834.76174000,60,60,False
1732388400000,1732392000000,97839.99000000,97840.00000000,97362.00000000,97504.00000000,621.25669000,60,60,False
1732392000000,1732395600000,97504.00000000,97712.63000000,97136.00000000,97703.52000000,1046.09877000,60,60,False
1732395600000,1732399200000,97703.53000000,98015.82000000,97544.06000000,97962.80000000,649.84625000,60,60,False
1732399200000,1732402800000,97962.81000000,98015.82000000,97508.83000000,97631.99000000,497.13727000,60,60,False
1732402800000,1732406400000,97632.00000000,97727.28000000,97402.87000000,97672.40000000,483.84156000,60,60,False
1732406400000,1732410000000,97672.40000000,97998.95000000,97620.74000000,97919.50000000,960.14844000,60,60,False
1732410000000,1732413600000,97919.51000000,98400.00000000,97919.50000000,98182.40000000,1230.90504000,60,60,False
1732413600000,1732417200000,98182.40000000,98564.00000000,98182.40000000,98390.66000000,1140.53119000,60,60,False
1732417200000,1732420800000,98390.66000000,98428.00000000,98105.01000000,98200.10000000,657.99671000,60,60,False
1732420800000,1732424400000,98200.10000000,98260.00000000,97872.20000000,98169.21000000,585.35013000,60,60,False
1732424400000,1732428000000,98169.22000000,98269.99000000,97915.00000000,98264.44000000,737.36062000,60,60,False
1732428000000,1732431600000,98264.44000000,98412.14000000,98028.17000000,98360.02000000,1129.96793000,60,60,False
1732431600000,1732435200000,98360.03000000,98431.06000000,98168.62000000,98431.05000000,1130.67147000,60,60,False
1732435200000,1732438800000,98431.05000000,98472.98000000,97945.00000000,98067.75000000,923.59984000,60,60,False
1732438800000,1732442400000,98067.75000000,98195.75000000,97816.23000000,97936.47000000,700.50160000,60,60,False
1732442400000,1732446000000,97936.47000000,97974.12000000,97435.89000000,97668.85000000,709.65699000,60,60,False
1732446000000,1732449600000,97668.85000000,97732.01000000,97239.29000000,97280.03000000,1273.16329000,60,60,False
1732449600000,1732453200000,97280.04000000,97430.02000000,96403.78000000,96899.99000000,3199.08852000,60,60,False
1732453200000,1732456800000,96899.99000000,97606.52000000,96726.00000000,97214.93000000,1641.95321000,60,60,False
1732456800000,1732460400000,97214.93000000,97214.94000000,96577.52000000,97029.95000000,1898.27855000,60,60,False
1732460400000,1732464000000,97029.96000000,97091.31000000,95900.01000000,95901.51000000,2642.99893000,60,60,False
1732464000000,1732467600000,95901.52000000,96747.98000000,95734.77000000,96404.00000000,2310.89572000,60,60,False
1732467600000,1732471200000,96403.99000000,96414.64000000,95747.57000000,95902.83000000,1649.22729000,60,60,False
1732471200000,1732474800000,95902.83000000,96563.87000000,95832.36000000,96537.56000000,866.98322000,60,60,False
1732474800000,1732478400000,96537.56000000,96537.57000000,96120.92000000,96320.02000000,835.76337000,60,60,False
1732478400000,1732482000000,96320.01000000,96844.46000000,96195.47000000,96826.49000000,717.92100000,60,60,False
1732482000000,1732485600000,96826.48000000,96997.32000000,96591.17000000,96974.89000000,785.67851000,60,60,False
1732485600000,1732489200000,96974.89000000,98000.00000000,96974.89000000,97999.99000000,1499.70626000,60,60,False
1732489200000,1732492800000,97999.99000000,98369.46000000,97531.00000000,97900.04000000,1972.63055000,60,60,False
1732492800000,1732496400000,97900.05000000,98050.00000000,97518.28000000,97714.28000000,1038.89860000,60,60,False
1732496400000,1732500000000,97714.28000000,97840.00000000,96888.00000000,97205.23000000,1363.33777000,60,60,False
1732500000000,1732503600000,97205.22000000,97714.28000000,97202.53000000,97368.63000000,772.57817000,60,60,False
1732503600000,1732507200000,97368.62000000,97898.81000000,97339.16000000,97898.80000000,663.44882000,60,60,False
1732507200000,1732510800000,97898.81000000,98050.00000000,97491.66000000,97800.00000000,1108.54922000,60,60,False
1732510800000,1732514400000,97799.99000000,98239.43000000,97776.39000000,98082.69000000,1422.10023000,60,60,False
1732514400000,1732518000000,98082.69000000,98376.99000000,98037.00000000,98082.86000000,1317.07606000,60,60,False
1732518000000,1732521600000,98082.87000000,98271.63000000,97735.29000000,98047.34000000,1382.99014000,60,60,False
1732521600000,1732525200000,98047.34000000,98292.00000000,97850.00000000,98217.77000000,1115.52291000,60,60,False
1732525200000,1732528800000,98217.77000000,98871.80000000,98205.00000000,98492.96000000,2043.34112000,60,60,False
1732528800000,1732532400000,98492.95000000,98680.94000000,98203.41000000,98319.34000000,1139.98678000,60,60,False
1732532400000,1732536000000,98319.35000000,98553.90000000,98031.11000000,98188.09000000,896.88048000,60,60,False
1732536000000,1732539600000,98188.09000000,98313.08000000,97850.00000000,97900.00000000,942.82165000,60,60,False
1732539600000,1732543200000,97900.01000000,97929.70000000,97222.22000000,97468.30000000,2003.87762000,60,60,False
1732543200000,1732546800000,97468.29000000,97640.00000000,95340.00000000,95385.49000000,4321.63813000,60,60,False
1732546800000,1732550400000,95385.50000000,96488.95000000,94525.00000000,96000.56000000,7077.15091000,60,60,False
1732550400000,1732554000000,96000.57000000,96500.00000000,95686.43000000,95912.00000000,2500.76428000,60,60,False
1732554000000,1732557600000,95912.00000000,95912.00000000,94850.00000000,95238.09000000,3012.83030000,60,60,False
1732557600000,1732561200000,95238.10000000,95908.59000000,94856.67000000,95139.99000000,1976.54900000,60,60,False
1732561200000,1732564800000,95140.00000000,95288.00000000,94400.00000000,94669.48000000,2792.99650000,60,60,False
1732564800000,1732568400000,94669.49000000,95300.00000000,94498.35000000,94955.89000000,1921.88304000,60,60,False
1732568400000,1732572000000,94955.89000000,95166.65000000,93564.00000000,93747.80000000,2977.66837000,60,60,False
1732572000000,1732575600000,93747.81000000,94414.17000000,92600.19000000,94404.49000000,4141.71114000,60,60,False
1732575600000,1732579200000,94404.49000000,94405.93000000,92820.00000000,93010.01000000,2912.84972000,60,60,False
1732579200000,1732582800000,93010.01000000,94356.00000000,92727.90000000,93836.50000000,2627.24565000,60,60,False
1732582800000,1732586400000,93836.58000000,94857.15000000,93819.87000000,94857.15000000,1464.80746000,60,60,False
1732586400000,1732590000000,94857.15000000,94923.69000000,94408.76000000,94587.98000000,1117.26552000,60,60,False
1732590000000,1732593600000,94587.99000000,94700.12000000,94234.59000000,94464.00000000,1036.34148000,60,60,False
1732593600000,1732597200000,94464.00000000,94536.79000000,94048.49000000,94309.52000000,1033.57893000,60,60,False
1732597200000,1732600800000,94309.52000000,94676.00000000,94188.23000000,94647.96000000,938.12181000,60,60,False
1732600800000,1732604400000,94647.96000000,94973.37000000,94450.00000000,94495.96000000,864.96111000,60,60,False
1732604400000,1732608000000,94495.96000000,94510.48000000,93500.08000000,93785.71000000,1885.36431000,60,60,False
1732608000000,1732611600000,93785.72000000,93785.72000000,92326.31000000,93142.85000000,4451.53471000,60,60,False
1732611600000,1732615200000,93142.85000000,93732.00000000,93064.00000000,93519.62000000,2198.13475000,60,60,False
1732615200000,1732618800000,93519.61000000,93750.00000000,92272.72000000,92327.99000000,2566.71282000,60,60,False
1732618800000,1732622400000,92327.99000000,92686.44000000,91466.52000000,92356.85000000,4376.55360000,60,60,False
1732622400000,1732626000000,92356.84000000,92670.00000000,91784.86000000,92164.21000000,3215.96285000,60,60,False
1732626000000,1732629600000,92164.21000000,92920.00000000,91914.61000000,92168.84000000,2731.84235000,60,60,False
1732629600000,1732633200000,92168.84000000,93546.20000000,91739.70000000,93274.15000000,4131.32937000,60,60,False
1732633200000,1732636800000,93274.14000000,93559.00000000,92316.71000000,92813.00000000,3099.99558000,60,60,False
1732636800000,1732640400000,92812.99000000,94685.60000000,92692.00000000,94029.43000000,3367.10928000,60,60,False
1732640400000,1732644000000,94029.42000000,94044.00000000,93425.16000000,93547.99000000,1825.51046000,60,60,False
1732644000000,1732647600000,93547.99000000,93632.00000000,92000.00000000,92119.99000000,2396.58272000,60,60,False
1732647600000,1732651200000,92120.00000000,92670.28000000,91554.11000000,91683.89000000,3039.36680000,60,60,False
1732651200000,1732654800000,91683.90000000,92040.00000000,90791.10000000,91036.01000000,4496.09161000,60,60,False
1732654800000,1732658400000,91036.00000000,91919.83000000,90850.45000000,91700.08000000,1927.03485000,60,60,False
1732658400000,1732662000000,91700.09000000,92364.00000000,91543.86000000,91811.14000000,1753.92386000,60,60,False
1732662000000,1732665600000,91811.14000000,92068.00000000,91588.00000000,91965.16000000,1313.35950000,60,60,False
1732665600000,1732669200000,91965.16000000,92428.58000000,91792.14000000,91939.33000000,1258.85709000,60,60,False
1732669200000,1732672800000,91939.33000000,92813.92000000,91824.34000000,92753.86000000,1552.30509000,60,60,False
1732672800000,1732676400000,92753.86000000,93037.38000000,92304.80000000,92943.34000000,1337.36368000,60,60,False
1732676400000,1732680000000,92943.34000000,92946.10000000,92521.73000000,92588.00000000,1407.05432000,60,60,False
1732680000000,1732683600000,92588.00000000,93211.20000000,92500.00000000,92568.00000000,1553.55520000,60,60,False
1732683600000,1732687200000,92568.00000000,92815.23000000,92361.66000000,92768.01000000,886.15723000,60,60,False
1732687200000,1732690800000,92768.01000000,93393.19000000,92768.01000000,93068.16000000,1418.27916000,60,60,False
1732690800000,1732694400000,93068.15000000,93648.00000000,93024.00000000,93597.16000000,982.28053000,60,60,False
1732694400000,1732698000000,93597.16000000,93609.93000000,93236.01000000,93433.21000000,1196.09475000,60,60,False
1732698000000,1732701600000,93433.20000000,93492.98000000,93109.12000000,93403.50000000,849.82941000,60,60,False
1732701600000,1732705200000,93403.49000000,93885.60000000,93353.82000000,93821.35000000,1020.37533000,60,60,False
1732705200000,1732708800000,93821.35000000,93823.34000000,93316.87000000,93367.99000000,927.71240000,60,60,False
1732708800000,1732712400000,93367.99000000,93500.00000000,92847.84000000,93499.99000000,1362.34844000,60,60,False
1732712400000,1732716000000,93499.99000000,94264.00000000,93416.00000000,94264.00000000,1732.88941000,60,60,False
1732716000000,1732719600000,94264.00000000,94885.00000000,94106.74000000,94833.41000000,2687.68780000,60,60,False
1732719600000,1732723200000,94833.42000000,95850.00000000,94316.00000000,95556.01000000,4085.67328000,60,60,False
1732723200000,1732726800000,95556.00000000,96333.10000000,95184.79000000,95689.19000000,3735.98049000,60,60,False
1732726800000,1732730400000,95689.18000000,96300.00000000,95300.90000000,96247.24000000,2172.15499000,60,60,False
1732730400000,1732734000000,96247.24000000,96539.33000000,96004.00000000,96119.51000000,2183.10482000,60,60,False
1732734000000,1732737600000,96119.51000000,96631.68000000,95893.13000000,96627.99000000,1434.64526000,60,60,False
1732737600000,1732741200000,96627.99000000,97208.21000000,96312.01000000,96482.75000000,2769.17906000,60,60,False
1732741200000,1732744800000,96482.96000000,96595.00000000,96052.39000000,96267.86000000,1587.26456000,60,60,False
1732744800000,1732748400000,96267.87000000,96520.00000000,96035.00000000,96047.47000000,1228.85624000,60,60,False
1732748400000,1732752000000,96047.47000000,96183.01000000,95731.72000000,95863.11000000,1783.77880000,60,60,False
1732752000000,1732755600000,95863.11000000,96564.00000000,95722.22000000,96552.01000000,1430.37340000,60,60,False
1732755600000,1732759200000,96552.00000000,96552.52000000,96084.00000000,96273.95000000,1230.16331000,60,60,False
1732759200000,1732762800000,96273.94000000,96439.69000000,95624.01000000,95699.79000000,1574.70118000,60,60,False
1732762800000,1732766400000,95699.79000000,95789.33000000,94822.54000000,95471.43000000,2040.46488000,60,60,False
1732766400000,1732770000000,95471.44000000,95840.65000000,95338.08000000,95742.72000000,1348.18004000,60,60,False
1732770000000,1732773600000,95742.73000000,95922.39000000,95350.22000000,95443.43000000,1214.96792000,60,60,False
1732773600000,1732777200000,95443.44000000,95692.00000000,95063.15000000,95479.07000000,1427.20010000,60,60,False
1732777200000,1732780800000,95479.07000000,95757.08000000,95218.01000000,95299.66000000,1024.65086000,60,60,False
1732780800000,1732784400000,95299.66000000,95615.45000000,95090.00000000,95456.01000000,929.59955000,60,60,False
1732784400000,1732788000000,95456.02000000,95507.62000000,94940.10000000,94976.00000000,872.54696000,60,60,False
1732788000000,1732791600000,94976.00000000,95149.61000000,94640.00000000,94958.74000000,1675.94679000,60,60,False
1732791600000,1732795200000,94958.74000000,95780.00000000,94760.84000000,95452.01000000,1273.93260000,60,60,False
1732795200000,1732798800000,95452.00000000,95688.68000000,95204.00000000,95484.01000000,928.57105000,60,60,False
1732798800000,1732802400000,95484.01000000,95777.76000000,95025.13000000,95711.25000000,1160.45403000,60,60,False
1732802400000,1732806000000,95711.24000000,96221.80000000,95359.18000000,95376.04000000,1807.71904000,60,60,False
1732806000000,1732809600000,95376.03000000,95508.94000000,94900.00000000,95007.14000000,1651.54390000,60,60,False
1732809600000,1732813200000,95007.15000000,95308.00000000,94817.00000000,94972.00000000,1029.97590000,60,60,False
1732813200000,1732816800000,94972.00000000,95240.00000000,94821.77000000,94864.31000000,1122.59940000,60,60,False
1732816800000,1732820400000,94864.32000000,95329.58000000,94854.16000000,95290.21000000,811.99521000,60,60,False
1732820400000,1732824000000,95290.21000000,95435.68000000,95024.00000000,95119.48000000,714.25570000,60,60,False
1732824000000,1732827600000,95119.48000000,95131.53000000,94698.00000000,94820.01000000,810.83116000,60,60,False
1732827600000,1732831200000,94820.00000000,95164.00000000,94809.52000000,95099.99000000,1023.53283000,60,60,False
1732831200000,1732834800000,95100.00000000,95651.82000000,95008.22000000,95651.79000000,907.44782000,60,60,False
1732834800000,1732838400000,95651.78000000,96023.48000000,95530.24000000,95643.98000000,802.88994000,60,60,False
1732838400000,1732842000000,95643.99000000,95825.40000000,95364.99000000,95476.01000000,643.65307000,60,60,False
1732842000000,1732845600000,95476.00000000,95970.56000000,95407.20000000,95920.00000000,542.26396000,60,60,False
1732845600000,1732849200000,95920.01000000,96859.00000000,95903.93000000,96739.98000000,1265.34857000,60,60,False
1732849200000,1732852800000,96739.99000000,96812.24000000,96436.51000000,96590.36000000,757.51091000,60,60,False
1732852800000,1732856400000,96590.35000000,96630.09000000,96236.99000000,96263.83000000,589.10252000,60,60,False
1732856400000,1732860000000,96263.84000000,96540.71000000,96153.85000000,96153.86000000,515.37368000,60,60,False
1732860000000,1732863600000,96153.86000000,96358.00000000,95997.85000000,96266.19000000,626.08590000,60,60,False
1732863600000,1732867200000,96266.18000000,96416.34000000,95600.03000000,95625.05000000,1186.42089000,60,60,False
1732867200000,1732870800000,95625.05000000,95998.76000000,95616.00000000,95979.99000000,751.73481000,60,60,False
1732870800000,1732874400000,95980.00000000,96482.61000000,95870.71000000,96355.39000000,851.51172000,60,60,False
1732874400000,1732878000000,96355.39000000,96849.00000000,96293.61000000,96844.01000000,1116.53171000,60,60,False
1732878000000,1732881600000,96844.00000000,97358.21000000,96548.00000000,97237.91000000,1444.65653000,60,60,False
1732881600000,1732885200000,97237.91000000,97500.00000000,96876.82000000,96929.07000000,1711.23986000,60,60,False
1732885200000,1732888800000,96929.07000000,97259.27000000,96768.00000000,97223.36000000,733.98329000,60,60,False
1732888800000,1732892400000,97223.35000000,98052.00000000,96916.66000000,98002.01000000,2591.48375000,60,60,False
1732892400000,1732896000000,98002.01000000,98619.99000000,97685.46000000,98019.47000000,3820.86943000,60,60,False
1732896000000,1732899600000,98019.46000000,98440.00000000,97700.00000000,97779.99000000,1997.13465000,60,60,False
1732899600000,1732903200000,97779.99000000,97810.00000000,96952.00000000,96968.29000000,2113.02564000,60,60,False
1732903200000,1732906800000,96968.28000000,97359.36000000,96853.82000000,97175.99000000,998.21089000,60,60,False
1732906800000,1732910400000,97175.99000000,97481.77000000,96879.53000000,97329.73000000,884.98604000,60,60,False
1732910400000,1732914000000,97329.73000000,97624.62000000,97200.00000000,97307.98000000,724.47274000,60,60,False
1732914000000,1732917600000,97307.98000000,97428.00000000,96981.01000000,97386.07000000,502.29134000,60,60,False
1732917600000,1732921200000,97386.07000000,97477.01000000,97232.00000000,97292.69000000,438.30227000,60,60,False
1732921200000,1732924800000,97292.69000000,97486.27000000,97111.47000000,97460.00000000,895.58814000,60,60,False
1732924800000,1732928400000,97460.00000000,97463.95000000,96946.06000000,96968.06000000,713.95220000,60,60,False
1732928400000,1732932000000,96968.06000000,96968.07000000,96425.21000000,96425.22000000,972.92368000,60,60,False
1732932000000,1732935600000,96425.22000000,96703.68000000,96309.85000000,96609.21000000,724.10767000,60,60,False
1732935600000,1732939200000,96609.20000000,96708.44000000,96394.56000000,96640.02000000,641.59085000,60,60,False
1732939200000,1732942800000,96640.02000000,96730.66000000,96532.70000000,96680.18000000,376.40360000,60,60,False
1732942800000,1732946400000,96680.18000000,97183.51000000,96680.17000000,97102.32000000,636.49230000,60,60,False
1732946400000,1732950000000,97102.33000000,97234.02000000,96602.00000000,96639.66000000,1571.94959000,60,60,False
1732950000000,1732953600000,96639.67000000,96920.00000000,96550.25000000,96783.38000000,812.54565000,60,60,False
1732953600000,1732957200000,96783.38000000,96968.78000000,96699.97000000,96953.49000000,571.60043000,60,60,False
1732957200000,1732960800000,96953.48000000,96953.49000000,96617.05000000,96779.98000000,509.04419000,60,60,False
1732960800000,1732964400000,96779.98000000,96802.79000000,96121.00000000,96137.48000000,837.68484000,60,60,False
1732964400000,1732968000000,96137.48000000,96444.00000000,96092.01000000,96267.99000000,527.28592000,60,60,False
1732968000000,1732971600000,96267.99000000,96563.98000000,96242.14000000,96553.23000000,419.01373000,60,60,False
1732971600000,1732975200000,96553.23000000,96682.54000000,96404.00000000,96405.34000000,617.96870000,60,60,False
1732975200000,1732978800000,96405.34000000,96720.00000000,96308.00000000,96462.64000000,561.32076000,60,60,False
1732978800000,1732982400000,96462.65000000,96732.15000000,96403.20000000,96645.41000000,462.12069000,60,60,False
1732982400000,1732986000000,96645.42000000,96960.00000000,96531.35000000,96871.31000000,724.01283000,60,60,False
1732986000000,1732989600000,96871.31000000,96964.00000000,96777.77000000,96780.38000000,414.54363000,60,60,False
1732989600000,1732993200000,96780.38000000,97010.00000000,96764.50000000,96966.37000000,364.99285000,60,60,False
1732993200000,1732996800000,96966.37000000,97062.50000000,96876.51000000,97019.68000000,319.04171000,60,60,False
1732996800000,1733000400000,97019.69000000,97040.00000000,96824.78000000,96967.99000000,363.64404000,60,60,False
1733000400000,1733004000000,96967.99000000,96977.69000000,96772.35000000,96792.02000000,307.83913000,60,60,False
1733004000000,1733007600000,96792.03000000,96831.84000000,96344.00000000,96466.11000000,643.55467000,60,60,False
1733007600000,1733011200000,96466.11000000,96592.00000000,96320.99000000,96407.99000000,410.19940000,60,60,False
1733011200000,1733014800000,96407.99000000,96672.49000000,96260.00000000,96340.60000000,532.95388000,60,60,False
1733014800000,1733018400000,96340.61000000,96516.00000000,96044.21000000,96106.62000000,756.83521000,60,60,False
1733018400000,1733022000000,96106.62000000,96518.88000000,95693.88000000,95776.22000000,1892.57481000,60,60,False
1733022000000,1733025600000,95776.22000000,96441.72000000,95770.03000000,96336.75000000,439.67101000,60,60,False
1733025600000,1733029200000,96336.76000000,96515.52000000,96195.99000000,96515.52000000,425.10396000,60,60,False
1733029200000,1733032800000,96515.51000000,96515.51000000,96284.51000000,96308.83000000,342.77205000,60,60,False
1733032800000,1733036400000,96308.82000000,96483.98000000,96284.52000000,96327.66000000,284.94834000,60,60,False
1733036400000,1733040000000,96327.65000000,96490.62000000,96299.10000000,96472.97000000,232.07707000,60,60,False
1733040000000,1733043600000,96472.97000000,97179.04000000,96424.99000000,97048.01000000,1566.85489000,60,60,False
1733043600000,1733047200000,97048.00000000,97098.53000000,96853.82000000,97030.15000000,447.52809000,60,60,False
1733047200000,1733050800000,97030.15000000,97036.00000000,96535.87000000,96811.99000000,372.85396000,60,60,False
1733050800000,1733054400000,96811.99000000,97140.00000000,96811.99000000,97108.89000000,416.13015000,60,60,False
1733054400000,1733058000000,97108.89000000,97130.56000000,96774.48000000,96774.49000000,619.39670000,60,60,False
1733058000000,1733061600000,96774.48000000,97388.78000000,96660.88000000,97071.93000000,1269.18144000,60,60,False
1733061600000,1733065200000,97071.93000000,97332.88000000,96968.25000000,97289.78000000,723.39318000,60,60,False
1733065200000,1733068800000,97289.77000000,97311.95000000,96960.51000000,97028.02000000,648.10982000,60,60,False
1733068800000,1733072400000,97028.02000000,97333.00000000,97000.00000000,97187.98000000,1175.84041000,60,60,False
1733072400000,1733076000000,97187.98000000,97299.98000000,97035.02000000,97299.97000000,499.07351000,60,60,False
1733076000000,1733079600000,97299.97000000,97523.41000000,97095.23000000,97118.69000000,690.43406000,60,60,False
1733079600000,1733083200000,97118.69000000,97306.59000000,96958.48000000,97178.73000000,602.77541000,60,60,False
1733083200000,1733086800000,97178.73000000,97200.00000000,96800.01000000,97099.99000000,608.28813000,60,60,False
1733086800000,1733090400000,97099.99000000,97780.00000000,97052.16000000,97767.62000000,672.45318000,60,60,False
1733090400000,1733094000000,97767.61000000,97836.00000000,97384.00000000,97562.56000000,769.64210000,60,60,False
1733094000000,1733097600000,97562.56000000,97771.04000000,97170.50000000,97185.18000000,949.71316000,60,60,False
1733097600000,1733101200000,97185.17000000,97613.08000000,97068.84000000,97436.75000000,1101.06797000,60,60,False
1733101200000,1733104800000,97436.75000000,98130.00000000,97405.26000000,97964.93000000,1944.92206000,60,60,False
1733104800000,1733108400000,97964.93000000,98050.00000000,97445.87000000,97644.76000000,911.50431000,60,60,False
1733108400000,1733112000000,97644.75000000,97662.60000000,96350.00000000,96483.75000000,1435.45466000,60,60,False
1733112000000,1733115600000,96483.75000000,96841.27000000,96077.00000000,96708.00000000,2113.72725000,60,60,False
1733115600000,1733119200000,96708.00000000,96924.00000000,96349.01000000,96359.99000000,704.32952000,60,60,False
1733119200000,1733122800000,96359.99000000,96434.02000000,96141.43000000,96279.99000000,774.11264000,60,60,False
1733122800000,1733126400000,96279.99000000,96465.38000000,95749.97000000,95999.99000000,1786.28249000,60,60,False
1733126400000,1733130000000,95999.99000000,96112.00000000,94872.00000000,95053.66000000,2561.69785000,60,60,False
1733130000000,1733133600000,95053.66000000,95546.21000000,94967.32000000,95493.18000000,1323.54796000,60,60,False
1733133600000,1733137200000,95492.81000000,95496.75000000,94820.41000000,94972.01000000,1297.52641000,60,60,False
1733137200000,1733140800000,94972.01000000,95332.80000000,94868.33000000,95128.68000000,1117.08285000,60,60,False
1733140800000,1733144400000,95128.67000000,95407.64000000,94766.00000000,94972.02000000,1125.17789000,60,60,False
1733144400000,1733148000000,94972.03000000,95822.61000000,94837.77000000,95679.99000000,1636.29258000,60,60,False
1733148000000,1733151600000,95679.99000000,96814.73000000,95501.00000000,96321.27000000,2094.23553000,60,60,False
1733151600000,1733155200000,96321.27000000,97214.77000000,95701.53000000,97048.00000000,3441.97446000,60,60,False
1733155200000,1733158800000,97048.01000000,97356.69000000,96000.00000000,96167.46000000,2585.99366000,60,60,False
1733158800000,1733162400000,96167.45000000,96573.00000000,94395.00000000,94604.03000000,3311.66979000,60,60,False
1733162400000,1733166000000,94604.03000000,95839.44000000,94488.00000000,95646.14000000,1728.47693000,60,60,False
1733166000000,1733169600000,95646.13000000,95856.40000000,95157.12000000,95816.00000000,1170.85264000,60,60,False
1733169600000,1733173200000,95816.01000000,96327.87000000,95451.33000000,95666.66000000,1146.95152000,60,60,False
1733173200000,1733176800000,95666.66000000,95754.64000000,95345.05000000,95406.88000000,775.05733000,60,60,False
1733176800000,1733180400000,95406.88000000,95529.34000000,95112.01000000,95372.00000000,824.11254000,60,60,False
1733180400000,1733184000000,95372.00000000,95869.28000000,95328.00000000,95840.62000000,1046.61897000,60,60,False
1733184000000,1733187600000,95840.61000000,96105.26000000,95680.00000000,95804.03000000,1319.66771000,60,60,False
1733187600000,1733191200000,95804.04000000,95920.64000000,95454.54000000,95524.08000000,758.47935000,60,60,False
1733191200000,1733194800000,95524.08000000,96305.52000000,95400.00000000,96035.49000000,1027.42213000,60,60,False
1733194800000,1733198400000,96035.48000000,96210.42000000,95916.02000000,96079.36000000,565.82005000,60,60,False
1733198400000,1733202000000,96079.36000000,96220.00000000,95900.00000000,95920.64000000,580.79822000,60,60,False
1733202000000,1733205600000,95920.64000000,96168.00000000,95848.36000000,96155.18000000,572.94235000,60,60,False
1733205600000,1733209200000,96155.17000000,96238.10000000,95522.44000000,95632.22000000,1057.77004000,60,60,False
1733209200000,1733212800000,95632.22000000,95721.95000000,95277.35000000,95550.00000000,1298.94713000,60,60,False
1733212800000,1733216400000,95550.00000000,95662.94000000,95305.95000000,95528.00000000,816.04704000,60,60,False
1733216400000,1733220000000,95528.00000000,95539.69000000,95158.00000000,95256.01000000,767.73327000,60,60,False
1733220000000,1733223600000,95256.00000000,95482.63000000,94641.93000000,94697.90000000,1328.43580000,60,60,False
1733223600000,1733227200000,94697.90000000,95033.99000000,94595.38000000,94988.01000000,1144.27280000,60,60,False
1733227200000,1733230800000,94988.00000000,95005.67000000,94679.51000000,94813.58000000,959.39741000,60,60,False
1733230800000,1733234400000,94813.59000000,94871.23000000,93670.00000000,93715.98000000,3416.93540000,60,60,False
1733234400000,1733238000000,93715.98000000,95448.97000000,93578.17000000,95235.25000000,5054.59198000,60,60,False
1733238000000,1733241600000,95235.25000000,96250.00000000,95100.36000000,95682.54000000,4112.15370000,60,60,False
1733241600000,1733245200000,95682.54000000,96169.99000000,94860.00000000,95112.00000000,2102.60918000,60,60,False
1733245200000,1733248800000,95112.00000000,95900.00000000,94882.83000000,95828.00000000,1569.70182000,60,60,False
1733248800000,1733252400000,95828.01000000,95828.01000000,95270.20000000,95481.15000000,1039.50620000,60,60,False
1733252400000,1733256000000,95481.15000000,95500.00000000,94939.77000000,95428.60000000,1225.15604000,60,60,False
1733256000000,1733259600000,95428.61000000,95680.00000000,95272.50000000,95615.06000000,1517.38179000,60,60,False
1733259600000,1733263200000,95615.06000000,96100.00000000,95545.82000000,96000.00000000,1544.87685000,60,60,False
1733263200000,1733266800000,96000.01000000,96140.01000000,95644.44000000,96117.76000000,1005.40430000,60,60,False
1733266800000,1733270400000,96117.76000000,96124.28000000,95811.31000000,95849.69000000,1041.27227000,60,60,False
1733270400000,1733274000000,95849.69000000,96027.35000000,95572.18000000,95746.42000000,1163.38095000,60,60,False
1733274000000,1733277600000,95746.41000000,96614.16000000,95449.98000000,96216.00000000,1710.49995000,60,60,False
1733277600000,1733281200000,96216.00000000,96223.34000000,95224.17000000,95788.00000000,1285.02700000,60,60,False
1733281200000,1733284800000,95788.01000000,95896.00000000,95548.75000000,95770.32000000,629.40058000,60,60,False
1733284800000,1733288400000,95770.32000000,96050.10000000,95717.54000000,96024.80000000,676.25556000,60,60,False
1733288400000,1733292000000,96024.80000000,96480.23000000,96016.68000000,96480.22000000,743.85498000,60,60,False
1733292000000,1733295600000,96480.22000000,96714.41000000,96279.80000000,96539.68000000,1201.55961000,60,60,False
1733295600000,1733299200000,96539.69000000,96702.79000000,96404.54000000,96588.81000000,985.76728000,60,60,False
1733299200000,1733302800000,96588.81000000,96810.12000000,96524.40000000,96687.53000000,965.59916000,60,60,False
1733302800000,1733306400000,96687.53000000,96950.00000000,96661.53000000,96815.78000000,1046.92043000,60,60,False
1733306400000,1733310000000,96815.78000000,96836.10000000,96430.00000000,96512.00000000,875.05140000,60,60,False
1733310000000,1733313600000,96511.99000000,96512.00000000,96172.00000000,96190.41000000,892.53931000,60,60,False
1733313600000,1733317200000,96190.41000000,96277.71000000,95684.67000000,95967.98000000,1153.84025000,60,60,False
1733317200000,1733320800000,95967.98000000,96011.61000000,95352.41000000,95665.51000000,1444.66410000,60,60,False
1733320800000,1733324400000,95665.51000000,96560.00000000,95456.37000000,95822.99000000,2471.04588000,60,60,False
1733324400000,1733328000000,95822.99000000,96386.20000000,95411.47000000,95742.81000000,2889.64076000,60,60,False
1733328000000,1733331600000,95742.80000000,95820.00000000,94587.83000000,94847.81000000,3483.10085000,60,60,False
1733331600000,1733335200000,94847.81000000,95571.63000000,94685.51000000,95546.62000000,1754.08338000,60,60,False
1733335200000,1733338800000,95546.63000000,96225.48000000,95451.00000000,96111.01000000,1649.74210000,60,60,False
1733338800000,1733342400000,96111.01000000,97232.01000000,96043.65000000,97209.64000000,2580.08489000,60,60,False
1733342400000,1733346000000,97209.64000000,99000.00000000,97128.52000000,98747.97000000,7370.81853000,60,60,False
1733346000000,1733349600000,98747.96000000,98900.00000000,97416.59000000,97691.11000000,3022.15927000,60,60,False
1733349600000,1733353200000,97691.11000000,98598.00000000,97544.00000000,98174.61000000,1637.42365000,60,60,False
1733353200000,1733356800000,98174.60000000,99000.00000000,98164.01000000,98587.32000000,2218.07741000,60,60,False
1733356800000,1733360400000,98587.32000000,98799.00000000,98212.53000000,98296.01000000,1885.73231000,60,60,False
1733360400000,1733364000000,98296.01000000,98648.47000000,97888.89000000,98179.14000000,2159.70606000,60,60,False
1733364000000,1733367600000,98179.14000000,101616.22000000,98138.23000000,101248.19000000,13614.29957900,60,60,False
1733367600000,1733371200000,101248.19000000,104088.00000000,101248.19000000,102964.00000000,12251.75148300,60,60,False
1733371200000,1733374800000,102964.00000000,103544.71000000,102484.00000000,103339.96000000,4204.10271000,60,60,False
1733374800000,1733378400000,103339.96000000,103455.13000000,101706.35000000,102450.01000000,3818.61708000,60,60,False
1733378400000,1733382000000,102450.01000000,102662.46000000,101421.59000000,101904.02000000,3820.02291000,60,60,False
1733382000000,1733385600000,101904.02000000,102560.76000000,101324.16000000,102236.10000000,3087.83057000,60,60,False
1733385600000,1733389200000,102236.10000000,102899.99000000,102236.10000000,102764.00000000,3813.37873000,60,60,False
1733389200000,1733392800000,102764.01000000,103159.76000000,102565.63000000,102698.24000000,2204.40307000,60,60,False
1733392800000,1733396400000,102698.25000000,102920.00000000,102260.00000000,102280.62000000,1591.37326000,60,60,False
1733396400000,1733400000000,102280.62000000,102672.84000000,102237.79000000,102566.91000000,1395.71099000,60,60,False
1733400000000,1733403600000,102566.91000000,103295.99000000,102452.95000000,102846.15000000,2215.64476000,60,60,False
1733403600000,1733407200000,102846.16000000,103250.00000000,102684.73000000,102753.90000000,1851.85906000,60,60,False
1733407200000,1733410800000,102753.91000000,103550.00000000,102280.00000000,103507.99000000,3124.41507000,60,60,False
1733410800000,1733414400000,103508.00000000,103540.00000000,100925.97000000,101292.01000000,8058.89896000,60,60,False
1733414400000,1733418000000,101292.00000000,101999.00000000,100568.02000000,101037.51000000,4508.84935000,60,60,False
1733418000000,1733421600000,101037.50000000,101356.00000000,100533.41000000,101282.36000000,2414.13279000,60,60,False
1733421600000,1733425200000,101282.37000000,101521.14000000,100172.67000000,100179.24000000,3771.11550000,60,60,False
1733425200000,1733428800000,100179.24000000,100932.00000000,98599.36000000,99028.00000000,4094.54231000,60,60,False
1733428800000,1733432400000,99028.01000000,99424.00000000,97888.00000000,99072.84000000,5619.97633000,60,60,False
1733432400000,1733436000000,99072.84000000,99479.72000000,98801.93000000,98908.02000000,1883.42416000,60,60,False
1733436000000,1733439600000,98908.01000000,99040.00000000,90500.00000000,96589.04000000,14364.88865000,60,60,False
1733439600000,1733443200000,96589.03000000,97457.55000000,95340.00000000,96945.63000000,4167.05397000,60,60,False
1733443200000,1733446800000,96945.63000000,97757.51000000,95981.72000000,97551.99000000,3693.49758000,60,60,False
1733446800000,1733450400000,97551.99000000,98828.70000000,97109.68000000,98118.38000000,3073.99532000,60,60,False
1733450400000,1733454000000,98118.38000000,98161.07000000,97473.68000000,97589.74000000,1855.59169000,60,60,False
1733454000000,1733457600000,97589.75000000,97752.14000000,97186.27000000,97735.29000000,1879.69228000,60,60,False
1733457600000,1733461200000,97735.29000000,97972.85000000,97370.19000000,97877.50000000,917.85636000,60,60,False
1733461200000,1733464800000,97877.51000000,98266.66000000,97633.26000000,97864.01000000,1012.80730000,60,60,False
1733464800000,1733468400000,97864.02000000,98275.90000000,97755.09000000,98079.96000000,1155.86623000,60,60,False
1733468400000,1733472000000,98079.97000000,98288.00000000,97759.74000000,98138.54000000,1513.64496000,60,60,False
1733472000000,1733475600000,98138.53000000,98705.23000000,98013.93000000,98345.38000000,1621.63385000,60,60,False
1733475600000,1733479200000,98345.38000000,98542.33000000,97927.22000000,98000.00000000,1586.98865000,60,60,False
1733479200000,1733482800000,98000.00000000,98186.00000000,97622.86000000,98124.78000000,1357.01704000,60,60,False
1733482800000,1733486400000,98124.79000000,98320.00000000,97812.42000000,98069.62000000,942.87343000,60,60,False
1733486400000,1733490000000,98069.61000000,98382.36000000,97512.26000000,97636.29000000,1273.05657000,60,60,False
1733490000000,1733493600000,97638.55000000,98913.46000000,97512.26000000,98591.99000000,2422.42538000,60,60,False
1733493600000,1733497200000,98591.99000000,99483.81000000,98346.19000000,99481.69000000,3056.57310000,60,60,False
1733497200000,1733500800000,99481.68000000,99483.81000000,98568.82000000,99309.99000000,2616.12535000,60,60,False
1733500800000,1733504400000,99310.00000000,99500.00000000,98762.60000000,99004.07000000,1589.18851000,60,60,False
1733504400000,1733508000000,99004.06000000,101250.00000000,98882.58000000,100844.05000000,3287.63064000,60,60,False
1733508000000,1733511600000,100844.06000000,101766.48000000,100588.23000000,101363.95000000,3318.42583000,60,60,False
1733511600000,1733515200000,101363.95000000,101799.00000000,101120.16000000,101439.99000000,1457.11119000,60,60,False
1733515200000,1733518800000,101439.99000000,101898.99000000,101056.00000000,101360.00000000,1587.73777000,60,60,False
1733518800000,1733522400000,101360.00000000,101449.99000000,100290.90000000,100372.01000000,1134.08609000,60,60,False
1733522400000,1733526000000,100372.01000000,100707.37000000,100357.68000000,100504.00000000,695.79652000,60,60,False
1733526000000,1733529600000,100504.00000000,100573.99000000,99053.03000000,99740.84000000,1999.91146000,60,60,False
1733529600000,1733533200000,99740.84000000,100406.15000000,99529.41000000,100272.01000000,912.55455000,60,60,False
1733533200000,1733536800000,100272.01000000,100428.00000000,99824.62000000,100044.31000000,666.65588000,60,60,False
1733536800000,1733540400000,100044.31000000,100169.42000000,99868.00000000,99930.01000000,423.24483000,60,60,False
1733540400000,1733544000000,99930.01000000,99930.01000000,99285.71000000,99299.63000000,800.94309000,60,60,False
1733544000000,1733547600000,99299.64000000,99666.31000000,99025.01000000,99494.57000000,859.54997000,60,60,False
1733547600000,1733551200000,99494.58000000,99643.96000000,98844.00000000,99155.98000000,909.81086000,60,60,False
1733551200000,1733554800000,99155.99000000,99393.60000000,99060.12000000,99336.27000000,808.71363000,60,60,False
1733554800000,1733558400000,99336.28000000,99494.19000000,99108.00000000,99405.20000000,675.92852000,60,60,False
1733558400000,1733562000000,99405.20000000,99561.44000000,99260.00000000,99414.76000000,498.53222000,60,60,False
1733562000000,1733565600000,99414.76000000,99821.83000000,99414.75000000,99676.48000000,558.38011000,60,60,False
1733565600000,1733569200000,99676.48000000,99708.43000000,99440.00000000,99529.50000000,795.39219000,60,60,False
1733569200000,1733572800000,99529.50000000,99750.00000000,99421.53000000,99620.00000000,437.99027000,60,60,False
1733572800000,1733576400000,99620.00000000,99703.55000000,99364.00000000,99426.87000000,421.89864000,60,60,False
1733576400000,1733580000000,99426.88000000,99518.75000000,99304.00000000,99350.00000000,495.32597000,60,60,False
1733580000000,1733583600000,99350.00000000,99779.34000000,99036.01000000,99465.30000000,738.05732000,60,60,False
1733583600000,1733587200000,99465.30000000,99800.00000000,99336.00000000,99756.01000000,753.80096000,60,60,False
1733587200000,1733590800000,99756.00000000,99799.99000000,99476.62000000,99621.56000000,503.91810000,60,60,False
1733590800000,1733594400000,99621.57000000,99717.80000000,99460.37000000,99631.97000000,416.16617000,60,60,False
1733594400000,1733598000000,99631.98000000,100263.64000000,99582.35000000,100123.32000000,722.02580000,60,60,False
1733598000000,1733601600000,100123.32000000,100262.35000000,99920.31000000,100077.45000000,615.47471000,60,60,False
1733601600000,1733605200000,100077.45000000,100380.72000000,100077.45000000,100313.57000000,439.41032000,60,60,False
1733605200000,1733608800000,100313.57000000,100439.18000000,99700.00000000,99869.80000000,527.22024000,60,60,False
1733608800000,1733612400000,99869.81000000,100046.92000000,99595.11000000,99595.11000000,408.98144000,60,60,False
1733612400000,1733616000000,99595.12000000,100259.00000000,99595.11000000,99831.99000000,541.97011000,60,60,False
1733616000000,1733619600000,99831.99000000,99978.38000000,99632.28000000,99978.38000000,384.70173000,60,60,False
1733619600000,1733623200000,99978.38000000,100128.00000000,99669.01000000,99848.36000000,390.67541000,60,60,False
1733623200000,1733626800000,99848.35000000,100328.88000000,99750.17000000,100146.90000000,590.34251000,60,60,False
1733626800000,1733630400000,100146.91000000,100260.00000000,99912.00000000,99934.82000000,322.49487000,60,60,False
1733630400000,1733634000000,99934.83000000,100030.00000000,99694.66000000,99756.01000000,483.49842000,60,60,False
1733634000000,1733637600000,99756.00000000,99783.56000000,99370.00000000,99534.26000000,431.31034000,60,60,False
1733637600000,1733641200000,99534.26000000,99803.32000000,99336.00000000,99675.96000000,397.06249000,60,60,False
1733641200000,1733644800000,99675.97000000,99863.35000000,99632.61000000,99675.11000000,278.48465000,60,60,False
1733644800000,1733648400000,99675.11000000,99687.85000000,98964.00000000,98980.01000000,668.22137000,60,60,False
1733648400000,1733652000000,98980.02000000,99300.00000000,98657.70000000,98884.02000000,890.41696000,60,60,False
1733652000000,1733655600000,98884.03000000,99409.02000000,98876.00000000,99249.22000000,525.53622000,60,60,False
1733655600000,1733659200000,99249.21000000,99844.28000000,99124.01000000,99701.16000000,473.22138000,60,60,False
1733659200000,1733662800000,99701.17000000,100200.00000000,99452.00000000,99922.48000000,766.06693000,60,60,False
1733662800000,1733666400000,99922.49000000,100500.00000000,99803.80000000,100408.80000000,993.73135000,60,60,False
1733666400000,1733670000000,100408.79000000,100426.10000000,99724.75000000,99726.73000000,784.39963000,60,60,False
1733670000000,1733673600000,99726.72000000,99964.63000000,99357.16000000,99912.01000000,844.24534000,60,60,False
1733673600000,1733677200000,99912.01000000,100142.85000000,99733.15000000,99832.96000000,648.81492000,60,60,False
1733677200000,1733680800000,99832.97000000,100000.00000000,99628.01000000,99943.98000000,477.73217000,60,60,False
1733680800000,1733684400000,99943.99000000,100016.00000000,99563.83000000,99660.98000000,561.37841000,60,60,False
1733684400000,1733688000000,99660.99000000,100198.00000000,99480.00000000,100100.98000000,531.70789000,60,60,False
1733688000000,1733691600000,100100.99000000,100156.00000000,99800.00000000,99800.01000000,402.06692000,60,60,False
1733691600000,1733695200000,99800.01000000,100058.83000000,99736.06000000,100026.97000000,359.99203000,60,60,False
1733695200000,1733698800000,100026.98000000,100274.44000000,99879.21000000,100220.01000000,504.28845000,60,60,False
1733698800000,1733702400000,100220.01000000,101351.00000000,100088.98000000,101109.59000000,1902.60649000,60,60,False
1733702400000,1733706000000,101109.60000000,101215.93000000,99347.98000000,99656.36000000,2258.99758000,60,60,False
1733706000000,1733709600000,99656.36000000,99863.99000000,99390.00000000,99528.54000000,823.51766000,60,60,False
1733709600000,1733713200000,99528.55000000,99721.56000000,99009.73000000,99195.89000000,1413.47378000,60,60,False
1733713200000,1733716800000,99195.89000000,99350.45000000,98432.18000000,99090.84000000,1635.58345000,60,60,False
1733716800000,1733720400000,99090.84000000,99459.61000000,98767.54000000,99427.99000000,1121.55117000,60,60,False
1733720400000,1733724000000,99428.00000000,99554.89000000,99324.00000000,99435.87000000,828.28925000,60,60,False
1733724000000,1733727600000,99435.87000000,99475.99000000,98856.02000000,99044.64000000,742.40929000,60,60,False
1733727600000,1733731200000,99044.64000000,99729.88000000,98328.00000000,99576.51000000,1948.80400000,60,60,False
1733731200000,1733734800000,99576.51000000,99679.71000000,98808.00000000,98901.15000000,1450.14652000,60,60,False
1733734800000,1733738400000,98901.15000000,99099.99000000,98406.08000000,98406.08000000,1562.66715000,60,60,False
1733738400000,1733742000000,98406.08000000,98770.11000000,98272.04000000,98714.52000000,1334.96471000,60,60,False
1733742000000,1733745600000,98714.52000000,98714.52000000,98035.57000000,98088.47000000,1407.15762000,60,60,False
1733745600000,1733749200000,98088.47000000,98627.70000000,97948.01000000,98601.05000000,1508.07381000,60,60,False
1733749200000,1733752800000,98601.05000000,99211.58000000,98237.03000000,99004.03000000,1460.24803000,60,60,False
1733752800000,1733756400000,99004.03000000,100390.00000000,98856.00000000,100156.26000000,2487.20504000,60,60,False
1733756400000,1733760000000,100156.26000000,100421.80000000,97508.58000000,97812.00000000,5110.07575000,60,60,False
1733760000000,1733763600000,97812.00000000,98398.00000000,97460.00000000,97844.06000000,2642.96173000,60,60,False
1733763600000,1733767200000,97844.06000000,98240.00000000,97350.00000000,97368.04000000,1542.83473000,60,60,False
1733767200000,1733770800000,97368.05000000,98260.00000000,97365.48000000,97776.66000000,1546.89958000,60,60,False
1733770800000,1733774400000,97776.65000000,97776.66000000,97000.00000000,97070.32000000,1913.69602000,60,60,False
1733774400000,1733778000000,97070.33000000,97330.49000000,96111.00000000,96252.01000000,3713.47796000,60,60,False
1733778000000,1733781600000,96252.00000000,97572.52000000,94150.05000000,96892.00000000,8232.45482000,60,60,False
1733781600000,1733785200000,96892.00000000,97381.47000000,94837.42000000,96984.01000000,5598.28570000,60,60,False
1733785200000,1733788800000,96984.00000000,97533.14000000,96700.46000000,97276.47000000,1665.34060000,60,60,False
1733788800000,1733792400000,97276.48000000,98138.00000000,97000.00000000,97867.91000000,1941.40264000,60,60,False
1733792400000,1733796000000,97867.91000000,98058.50000000,97467.80000000,97946.00000000,1095.21618000,60,60,False
1733796000000,1733799600000,97946.00000000,97946.01000000,96614.27000000,96660.01000000,1804.43021000,60,60,False
1733799600000,1733803200000,96660.00000000,96947.26000000,95565.41000000,96931.99000000,3126.85208000,60,60,False
1733803200000,1733806800000,96931.99000000,97132.45000000,95900.00000000,97031.97000000,1630.90831000,60,60,False
1733806800000,1733810400000,97031.98000000,97051.99000000,96520.49000000,96941.99000000,1054.45271000,60,60,False
1733810400000,1733814000000,96941.99000000,97519.20000000,96810.85000000,97464.60000000,1222.41402000,60,60,False
1733814000000,1733817600000,97464.60000000,97502.74000000,96908.00000000,97196.44000000,943.52763000,60,60,False
1733817600000,1733821200000,97196.44000000,97547.52000000,96938.19000000,97385.72000000,866.37002000,60,60,False
1733821200000,1733824800000,97385.72000000,97680.00000000,97224.79000000,97489.10000000,851.77822000,60,60,False
1733824800000,1733828400000,97489.10000000,97862.43000000,97489.09000000,97687.50000000,947.81939000,60,60,False
1733828400000,1733832000000,97687.50000000,97937.50000000,97444.42000000,97722.52000000,1066.94048000,60,60,False
1733832000000,1733835600000,97722.53000000,97841.10000000,96864.04000000,97161.50000000,1548.27714000,60,60,False
1733835600000,1733839200000,97161.50000000,97929.99000000,97128.00000000,97738.36000000,1701.94365000,60,60,False
1733839200000,1733842800000,97738.35000000,98270.00000000,97140.00000000,97820.01000000,3526.12099000,60,60,False
1733842800000,1733846400000,97820.01000000,98113.68000000,95555.00000000,95658.79000000,4812.98677000,60,60,False
1733846400000,1733850000000,95658.79000000,96500.00000000,94508.69000000,96319.77000000,7543.54551000,60,60,False
1733850000000,1733853600000,96319.76000000,96391.17000000,94401.76000000,94484.01000000,5401.75410000,60,60,False
1733853600000,1733857200000,94484.01000000,95524.00000000,94256.54000000,95132.03000000,2558.43561000,60,60,False
1733857200000,1733860800000,95132.04000000,96171.14000000,94980.27000000,95856.50000000,1778.37842000,60,60,False
1733860800000,1733864400000,95856.50000000,96700.00000000,95616.00000000,96434.76000000,1949.38081000,60,60,False
1733864400000,1733868000000,96434.75000000,97200.70000000,96382.35000000,96858.00000000,2026.89962000,60,60,False
1733868000000,1733871600000,96858.00000000,97099.49000000,96587.43000000,96849.44000000,1109.33596000,60,60,False
1733871600000,1733875200000,96849.45000000,97128.62000000,96402.70000000,96593.00000000,1199.51886000,60,60,False
1733875200000,1733878800000,96593.00000000,96842.42000000,95816.36000000,96412.61000000,1676.16419000,60,60,False
1733878800000,1733882400000,96412.61000000,96635.79000000,95658.24000000,95752.02000000,1661.31944000,60,60,False
1733882400000,1733886000000,95752.02000000,97444.44000000,95677.96000000,97207.29000000,1684.35094000,60,60,False
1733886000000,1733889600000,97207.29000000,97625.76000000,97128.24000000,97398.43000000,1079.97914000,60,60,False
1733889600000,1733893200000,97398.42000000,97600.00000000,97181.70000000,97546.96000000,1071.82464000,60,60,False
1733893200000,1733896800000,97546.97000000,97700.00000000,97300.80000000,97495.19000000,581.06970000,60,60,False
1733896800000,1733900400000,97495.20000000,97765.77000000,97391.40000000,97689.57000000,482.35697000,60,60,False
1733900400000,1733904000000,97689.57000000,97790.36000000,97248.87000000,97334.60000000,747.37970000,60,60,False
1733904000000,1733907600000,97334.59000000,98472.57000000,97316.78000000,98109.90000000,1557.01346000,60,60,False
1733907600000,1733911200000,98109.90000000,98171.35000000,97757.44000000,97999.99000000,778.44620000,60,60,False
1733911200000,1733914800000,98000.00000000,98301.17000000,97862.66000000,98214.29000000,779.21065000,60,60,False
1733914800000,1733918400000,98214.29000000,98450.00000000,98137.09000000,98292.61000000,800.38789000,60,60,False
1733918400000,1733922000000,98292.61000000,98493.04000000,98164.02000000,98236.00000000,775.58074000,60,60,False
1733922000000,1733925600000,98236.00000000,98865.47000000,98072.33000000,98736.86000000,1875.90205000,60,60,False
1733925600000,1733929200000,98736.86000000,99539.29000000,98369.82000000,99515.98000000,2230.19310000,60,60,False
1733929200000,1733932800000,99515.99000000,100800.00000000,99414.72000000,100361.64000000,5764.60580000,60,60,False
1733932800000,1733936400000,100361.64000000,101090.90000000,100295.61000000,100575.99000000,2950.52479000,60,60,False
1733936400000,1733940000000,100576.00000000,100982.07000000,99660.15000000,99781.90000000,2298.27737000,60,60,False
1733940000000,1733943600000,99781.89000000,100786.30000000,99608.23000000,100388.71000000,2207.59419000,60,60,False
1733943600000,1733947200000,100388.72000000,101141.01000000,100388.71000000,101122.71000000,1758.39622000,60,60,False
1733947200000,1733950800000,101122.71000000,101674.72000000,101024.75000000,101271.56000000,2068.71914000,60,60,False
1733950800000,1733954400000,101271.57000000,101536.70000000,100866.42000000,101520.12000000,1152.95810000,60,60,False
1733954400000,1733958000000,101520.13000000,101888.00000000,101180.63000000,101209.74000000,1098.87478000,60,60,False
1733958000000,1733961600000,101209.74000000,101500.00000000,101068.25000000,101125.00000000,672.65371000,60,60,False
1733961600000,1733965200000,101125.00000000,101200.00000000,100559.71000000,100772.46000000,970.26535000,60,60,False
1733965200000,1733968800000,100772.47000000,100861.98000000,100331.61000000,100496.30000000,1065.71101000,60,60,False
1733968800000,1733972400000,100496.30000000,101824.77000000,100496.30000000,101824.76000000,1067.28192000,60,60,False
1733972400000,1733976000000,101824.77000000,101829.00000000,100792.00000000,101025.87000000,1481.01937000,60,60,False
1733976000000,1733979600000,101025.88000000,101191.85000000,100572.00000000,100675.70000000,877.84617000,60,60,False
1733979600000,1733983200000,100675.70000000,101136.92000000,100617.64000000,100618.86000000,1063.06897000,60,60,False
1733983200000,1733986800000,100618.87000000,100701.24000000,100402.82000000,100584.37000000,548.35286000,60,60,False
1733986800000,1733990400000,100584.37000000,100828.16000000,100496.47000000,100499.99000000,528.75796000,60,60,False
1733990400000,1733994000000,100499.99000000,101049.36000000,100470.58000000,100980.00000000,703.47330000,60,60,False
1733994000000,1733997600000,100979.99000000,101126.54000000,100794.11000000,100814.07000000,604.85218000,60,60,False
1733997600000,1734001200000,100814.06000000,100814.07000000,100473.14000000,100579.44000000,620.99851000,60,60,False
1734001200000,1734004800000,100579.44000000,100637.97000000,100178.32000000,100358.42000000,663.75995000,60,60,False
1734004800000,1734008400000,100358.42000000,100944.00000000,100348.35000000,100828.00000000,783.19887000,60,60,False
1734008400000,1734012000000,100828.00000000,101545.78000000,100540.74000000,100911.99000000,1810.00915000,60,60,False
1734012000000,1734015600000,100912.00000000,101749.74000000,100629.41000000,101702.04000000,2588.59757000,60,60,False
1734015600000,1734019200000,101702.04000000,101861.60000000,100700.07000000,101797.14000000,2345.92427000,60,60,False
1734019200000,1734022800000,101797.14000000,102540.00000000,101462.49000000,101462.49000000,3118.04465000,60,60,False
1734022800000,1734026400000,101462.49000000,101700.00000000,101227.27000000,101617.65000000,1046.05464000,60,60,False
1734026400000,1734030000000,101617.64000000,101657.75000000,100831.00000000,100857.59000000,907.96892000,60,60,False
1734030000000,1734033600000,100857.59000000,101052.77000000,99311.64000000,99481.32000000,2862.50310000,60,60,False
1734033600000,1734037200000,99481.33000000,100464.73000000,99465.33000000,100028.01000000,1571.02583000,60,60,False
1734037200000,1734040800000,100028.02000000,100109.09000000,99700.00000000,99760.01000000,764.07160000,60,60,False
1734040800000,1734044400000,99760.01000000,100476.19000000,99513.00000000,100444.00000000,803.02299000,60,60,False
1734044400000,1734048000000,100444.00000000,100476.00000000,99879.38000000,100004.29000000,436.27831000,60,60,False
1734048000000,1734051600000,100004.29000000,100356.85000000,99939.85000000,100083.21000000,501.95354000,60,60,False
1734051600000,1734055200000,100083.21000000,100140.00000000,99210.53000000,99323.94000000,996.85798000,60,60,False
1734055200000,1734058800000,99323.94000000,99675.66000000,99205.00000000,99484.99000000,1138.64214000,60,60,False
1734058800000,1734062400000,99484.99000000,99793.50000000,99484.98000000,99729.09000000,532.23358000,60,60,False
1734062400000,1734066000000,99729.09000000,100054.91000000,99652.00000000,100000.46000000,531.66419000,60,60,False
1734066000000,1734069600000,100000.46000000,100172.00000000,99850.35000000,99890.00000000,430.05413000,60,60,False
1734069600000,1734073200000,99889.99000000,100092.00000000,99700.00000000,99700.00000000,483.54224000,60,60,False
1734073200000,1734076800000,99700.00000000,100225.52000000,99500.00000000,100130.00000000,1277.18261000,60,60,False
1734076800000,1734080400000,100130.01000000,100361.93000000,99896.00000000,100272.00000000,562.17584000,60,60,False
1734080400000,1734084000000,100271.99000000,100340.00000000,99904.43000000,100100.00000000,499.52207000,60,60,False
1734084000000,1734087600000,100100.00000000,100550.00000000,99913.51000000,100457.62000000,520.33241000,60,60,False
1734087600000,1734091200000,100457.62000000,100789.00000000,100314.19000000,100353.37000000,678.01774000,60,60,False
1734091200000,1734094800000,100353.37000000,100470.59000000,100142.11000000,100299.85000000,462.58738000,60,60,False
1734094800000,1734098400000,100299.85000000,100527.91000000,99936.25000000,100284.35000000,605.47063000,60,60,False
1734098400000,1734102000000,100284.36000000,101018.12000000,100220.92000000,101018.12000000,988.71208000,60,60,False
1734102000000,1734105600000,101018.12000000,101375.26000000,99700.00000000,99873.16000000,2338.34375000,60,60,False
1734105600000,1734109200000,99873.16000000,101272.73000000,99800.00000000,100988.01000000,1964.84991000,60,60,False
1734109200000,1734112800000,100988.02000000,101777.75000000,100780.01000000,101737.89000000,1575.29189000,60,60,False
1734112800000,1734116400000,101737.88000000,101895.26000000,101293.14000000,101495.91000000,1655.90604000,60,60,False
1734116400000,1734120000000,101495.92000000,101617.65000000,101205.88000000,101462.34000000,980.79695000,60,60,False
1734120000000,1734123600000,101462.34000000,101879.98000000,101227.97000000,101680.00000000,1230.46768000,60,60,False
1734123600000,1734127200000,101680.01000000,101691.46000000,101250.09000000,101303.64000000,699.51818000,60,60,False
1734127200000,1734130800000,101303.63000000,101407.99000000,101090.90000000,101227.28000000,406.27702000,60,60,False
1734130800000,1734134400000,101227.28000000,101529.42000000,101139.88000000,101424.25000000,843.63925000,60,60,False
1734134400000,1734138000000,101424.24000000,101519.42000000,101148.35000000,101301.07000000,468.18694000,60,60,False
1734138000000,1734141600000,101301.07000000,102650.00000000,101301.07000000,102145.28000000,2528.31652000,60,60,False
1734141600000,1734145200000,102145.28000000,102279.43000000,101668.45000000,102032.61000000,698.88108000,60,60,False
1734145200000,1734148800000,102032.61000000,102344.00000000,102022.39000000,102088.00000000,406.92709000,60,60,False
1734148800000,1734152400000,102088.00000000,102138.00000000,101590.90000000,101681.81000000,636.87362000,60,60,False
1734152400000,1734156000000,101681.82000000,101816.71000000,101632.00000000,101722.80000000,439.71251000,60,60,False
1734156000000,1734159600000,101722.79000000,102000.00000000,101690.37000000,101906.05000000,572.18592000,60,60,False
1734159600000,1734163200000,101906.06000000,101923.99000000,101596.43000000,101824.00000000,706.73681000,60,60,False
1734163200000,1734166800000,101824.00000000,101863.64000000,101578.58000000,101803.03000000,319.99027000,60,60,False
1734166800000,1734170400000,101803.04000000,101803.04000000,101478.05000000,101551.28000000,327.22429000,60,60,False
1734170400000,1734174000000,101551.29000000,101602.31000000,101321.00000000,101550.58000000,371.42714000,60,60,False
1734174000000,1734177600000,101550.59000000,101697.50000000,101464.92000000,101583.99000000,227.39658000,60,60,False
1734177600000,1734181200000,101584.00000000,101647.06000000,101241.26000000,101297.96000000,590.74082000,60,60,False
1734181200000,1734184800000,101297.96000000,101411.63000000,100826.38000000,101170.05000000,1220.28333000,60,60,False
1734184800000,1734188400000,101170.04000000,101536.00000000,101163.64000000,101434.30000000,526.12869000,60,60,False
1734188400000,1734192000000,101434.30000000,101742.43000000,101342.71000000,101625.12000000,400.83121000,60,60,False
1734192000000,1734195600000,101625.12000000,101650.77000000,101420.01000000,101650.76000000,412.87893000,60,60,False
1734195600000,1734199200000,101650.77000000,101737.70000000,100860.00000000,100988.00000000,798.14281000,60,60,False
1734199200000,1734202800000,100988.01000000,101175.75000000,100831.63000000,100895.98000000,659.88076000,60,60,False
1734202800000,1734206400000,100895.99000000,101411.77000000,100872.38000000,101313.54000000,442.94587000,60,60,False
1734206400000,1734210000000,101313.54000000,101409.92000000,100609.41000000,100760.00000000,528.13263000,60,60,False
1734210000000,1734213600000,100760.00000000,101187.03000000,100760.00000000,101074.68000000,300.55759000,60,60,False
1734213600000,1734217200000,101074.68000000,101259.25000000,100895.53000000,101117.63000000,292.13848000,60,60,False
1734217200000,1734220800000,101117.64000000,101499.08000000,101045.45000000,101420.00000000,315.18337000,60,60,False
1734220800000,1734224400000,101420.00000000,101558.83000000,101237.14000000,101442.42000000,313.78863000,60,60,False
1734224400000,1734228000000,101442.41000000,102196.97000000,101424.01000000,102134.48000000,1458.80477000,60,60,False
1734228000000,1734231600000,102134.48000000,102155.28000000,101775.88000000,101831.15000000,728.33298000,60,60,False
1734231600000,1734235200000,101831.16000000,101931.73000000,101722.31000000,101733.82000000,216.32352000,60,60,False
1734235200000,1734238800000,101733.83000000,102850.00000000,101733.82000000,102366.17000000,1788.48948000,60,60,False
1734238800000,1734242400000,102366.17000000,102511.81000000,102107.92000000,102159.29000000,485.39491000,60,60,False
1734242400000,1734246000000,102159.29000000,102169.90000000,101759.80000000,101759.80000000,417.41142000,60,60,False
1734246000000,1734249600000,101759.81000000,101941.18000000,101534.01000000,101732.09000000,399.71077000,60,60,False
1734249600000,1734253200000,101732.09000000,102015.16000000,101581.07000000,102015.15000000,434.85636000,60,60,False
1734253200000,1734256800000,102015.15000000,102270.95000000,101919.60000000,102264.34000000,361.99787000,60,60,False
1734256800000,1734260400000,102264.34000000,102450.22000000,102147.58000000,102280.00000000,390.62989000,60,60,False
1734260400000,1734264000000,102280.01000000,102691.01000000,102228.01000000,102671.44000000,613.11003000,60,60,False
1734264000000,1734267600000,102671.44000000,103359.97000000,102533.33000000,102946.54000000,2308.19851000,60,60,False
1734267600000,1734271200000,102946.55000000,102987.43000000,102473.01000000,102784.65000000,917.26646000,60,60,False
1734271200000,1734274800000,102784.65000000,103061.88000000,102622.99000000,102994.37000000,988.69088000,60,60,False
1734274800000,1734278400000,102994.37000000,103039.99000000,102704.00000000,102704.01000000,704.04111000,60,60,False
1734278400000,1734282000000,102704.00000000,103490.00000000,102583.65000000,103127.08000000,1092.30198000,60,60,False
1734282000000,1734285600000,103127.08000000,103368.19000000,102978.93000000,103164.00000000,493.45924000,60,60,False
1734285600000,1734289200000,103164.01000000,103358.89000000,102984.58000000,103204.00000000,381.55820000,60,60,False
1734289200000,1734292800000,103203.99000000,103455.00000000,103178.47000000,103252.95000000,474.60080000,60,60,False
1734292800000,1734296400000,103252.96000000,103404.16000000,103066.67000000,103144.83000000,421.52166000,60,60,False
1734296400000,1734300000000,103144.83000000,103197.67000000,102634.25000000,102859.06000000,733.51731000,60,60,False
1734300000000,1734303600000,102859.05000000,103385.80000000,102621.50000000,103277.32000000,752.53486000,60,60,False
1734303600000,1734307200000,103277.31000000,105250.00000000,103246.07000000,104463.99000000,5352.38013500,60,60,False
1734307200000,1734310800000,104463.99000000,106648.00000000,104324.50000000,105444.95000000,4439.21432600,60,60,False
1734310800000,1734314400000,105444.95000000,105591.58000000,104979.39000000,105531.99000000,1469.85302000,60,60,False
1734314400000,1734318000000,105532.00000000,105640.00000000,104446.28000000,104585.32000000,1719.94162000,60,60,False
1734318000000,1734321600000,104585.32000000,105000.00000000,104259.48000000,104582.28000000,1174.83928000,60,60,False
1734321600000,1734325200000,104582.28000000,104805.22000000,104469.89000000,104686.15000000,650.79766000,60,60,False
1734325200000,1734328800000,104686.15000000,105064.00000000,104482.46000000,105028.00000000,781.51923000,60,60,False
1734328800000,1734332400000,105028.01000000,105373.76000000,104956.00000000,105149.98000000,971.06116000,60,60,False
1734332400000,1734336000000,105149.98000000,105420.76000000,104900.00000000,104992.79000000,679.89461000,60,60,False
1734336000000,1734339600000,104992.79000000,105016.85000000,104505.22000000,104535.44000000,713.40126000,60,60,False
1734339600000,1734343200000,104535.44000000,104942.48000000,104500.46000000,104676.72000000,767.27443000,60,60,False
1734343200000,1734346800000,104676.73000000,104722.10000000,104350.01000000,104684.99000000,993.28252000,60,60,False
1734346800000,1734350400000,104684.98000000,104836.36000000,103625.78000000,103757.99000000,1498.30185000,60,60,False
1734350400000,1734354000000,103758.00000000,104145.90000000,103333.00000000,103656.02000000,1555.92886000,60,60,False
1734354000000,1734357600000,103656.02000000,104138.99000000,103484.51000000,103908.02000000,1256.73983000,60,60,False
1734357600000,1734361200000,103908.03000000,106000.00000000,103879.25000000,105487.00000000,3025.52605000,60,60,False
1734361200000,1734364800000,105487.01000000,106499.99000000,105253.46000000,106332.01000000,3451.11467000,60,60,False
1734364800000,1734368400000,106332.00000000,107195.58000000,106140.00000000,106824.95000000,3224.84045800,60,60,False
1734368400000,1734372000000,106824.94000000,107195.00000000,106693.26000000,107078.55000000,2075.56347000,60,60,False
1734372000000,1734375600000,107078.55000000,107793.07000000,106882.47000000,107078.60000000,3417.43628600,60,60,False
1734375600000,1734379200000,107078.60000000,107078.61000000,105797.41000000,106583.12000000,3277.26405000,60,60,False
1734379200000,1734382800000,106583.13000000,106648.48000000,105762.56000000,105808.36000000,1901.28728000,60,60,False
1734382800000,1734386400000,105808.36000000,106274.90000000,105688.93000000,106057.77000000,880.58820000,60,60,False
1734386400000,1734390000000,106057.78000000,106301.59000000,105721.39000000,105815.99000000,620.69466000,60,60,False
1734390000000,1734393600000,105816.00000000,106064.00000000,105480.02000000,106058.66000000,756.03796000,60,60,False
1734393600000,1734397200000,106058.65000000,106244.40000000,105657.34000000,105856.51000000,1086.89201000,60,60,False
1734397200000,1734400800000,105856.51000000,106469.29000000,105744.62000000,106376.00000000,1112.03906000,60,60,False
1734400800000,1734404400000,106376.01000000,106590.55000000,106197.74000000,106269.14000000,804.33118000,60,60,False
1734404400000,1734408000000,106269.15000000,107000.00000000,106240.50000000,106866.49000000,879.61902000,60,60,False
1734408000000,1734411600000,106866.50000000,106866.50000000,106412.99000000,106500.77000000,533.25830000,60,60,False
1734411600000,1734415200000,106500.77000000,106823.28000000,106448.00000000,106817.43000000,576.75389000,60,60,False
1734415200000,1734418800000,106817.44000000,106845.00000000,106368.45000000,106549.98000000,543.19883000,60,60,False
1734418800000,1734422400000,106549.99000000,107143.29000000,106478.00000000,106805.75000000,1284.61121000,60,60,False
1734422400000,1734426000000,106805.75000000,107550.02000000,106753.53000000,107406.61000000,1330.80553000,60,60,False
1734426000000,1734429600000,107406.61000000,107474.10000000,107130.00000000,107306.03000000,693.66559000,60,60,False
1734429600000,1734433200000,107306.03000000,107343.82000000,106897.44000000,107209.67000000,792.66466000,60,60,False
1734433200000,1734436800000,107209.67000000,107329.49000000,106708.86000000,106808.31000000,805.81206000,60,60,False
1734436800000,1734440400000,106808.31000000,107177.55000000,106534.29000000,107136.01000000,997.93197000,60,60,False
1734440400000,1734444000000,107136.01000000,107620.09000000,106981.06000000,107298.42000000,795.32765000,60,60,False
1734444000000,1734447600000,107298.42000000,108353.00000000,107056.13000000,108258.39000000,2997.39758600,60,60,False
1734447600000,1734451200000,108258.38000000,108258.38000000,105725.99000000,106478.47000000,4148.52325000,60,60,False
1734451200000,1734454800000,106478.48000000,107100.86000000,106148.00000000,107075.72000000,1719.47030000,60,60,False
1734454800000,1734458400000,107075.73000000,107617.12000000,106713.96000000,107506.37000000,1501.46563000,60,60,False
1734458400000,1734462000000,107506.37000000,107633.00000000,106410.55000000,106551.89000000,1312.39668000,60,60,False
1734462000000,1734465600000,106551.89000000,106986.44000000,106216.06000000,106475.89000000,1342.02320000,60,60,False
1734465600000,1734469200000,106475.89000000,106903.99000000,106156.22000000,106732.98000000,1003.81925000,60,60,False
1734469200000,1734472800000,106732.98000000,106799.18000000,106236.53000000,106411.54000000,442.63546000,60,60,False
1734472800000,1734476400000,106411.53000000,106419.38000000,105321.49000000,105972.01000000,1143.43647000,60,60,False
1734476400000,1734480000000,105972.00000000,106350.01000000,105550.00000000,106133.74000000,1216.85768000,60,60,False
1734480000000,1734483600000,106133.74000000,106460.00000000,105620.03000000,106098.93000000,999.41593000,60,60,False
1734483600000,1734487200000,106098.92000000,106524.98000000,104942.32000000,105332.84000000,2375.39062000,60,60,False
1734487200000,1734490800000,105335.23000000,105651.88000000,105016.00000000,105312.91000000,985.53584000,60,60,False
1734490800000,1734494400000,105312.90000000,105331.63000000,104581.58000000,104763.98000000,1424.59685000,60,60,False
1734494400000,1734498000000,104763.99000000,104763.99000000,103516.98000000,103868.01000000,2603.97627000,60,60,False
1734498000000,1734501600000,103868.00000000,104125.18000000,103276.00000000,103572.17000000,1659.21540000,60,60,False
1734501600000,1734505200000,103572.16000000,104000.21000000,103137.82000000,103794.65000000,1754.37180000,60,60,False
1734505200000,1734508800000,103794.65000000,104317.82000000,103702.32000000,104250.75000000,1239.07366000,60,60,False
1734508800000,1734512400000,104250.75000000,104378.92000000,103729.18000000,103805.43000000,707.25432000,60,60,False
1734512400000,1734516000000,103805.42000000,104435.00000000,103804.66000000,104047.99000000,794.73016000,60,60,False
1734516000000,1734519600000,104047.99000000,104659.25000000,103984.00000000,104531.03000000,547.48679000,60,60,False
1734519600000,1734523200000,104531.03000000,105033.33000000,104500.00000000,105028.33000000,878.17039000,60,60,False
1734523200000,1734526800000,105028.33000000,105350.00000000,104687.44000000,104920.01000000,1428.18959000,60,60,False
1734526800000,1734530400000,104920.02000000,105271.80000000,104532.01000000,104580.58000000,888.46850000,60,60,False
1734530400000,1734534000000,104580.57000000,104860.66000000,103855.07000000,104019.93000000,2756.64761000,60,60,False
1734534000000,1734537600000,104019.94000000,104569.41000000,103650.00000000,104428.54000000,2169.56095000,60,60,False
1734537600000,1734541200000,104428.54000000,104474.14000000,103380.43000000,104199.62000000,2165.97625000,60,60,False
1734541200000,1734544800000,104199.63000000,104819.83000000,103876.00000000,104656.18000000,998.63962000,60,60,False
1734544800000,1734548400000,104656.18000000,104999.98000000,104150.01000000,104808.99000000,1126.27380000,60,60,False
1734548400000,1734552000000,104805.44000000,104805.44000000,102817.82000000,102817.82000000,4875.44811000,60,60,False
1734552000000,1734555600000,102817.82000000,102997.77000000,100303.72000000,100846.67000000,10402.44410000,60,60,False
1734555600000,1734559200000,100846.68000000,101745.45000000,100481.81000000,101010.55000000,3022.31056000,60,60,False
1734559200000,1734562800000,101010.54000000,101560.89000000,100648.99000000,101152.45000000,1684.68673000,60,60,False
1734562800000,1734566400000,101152.45000000,101203.45000000,100000.00000000,100204.01000000,2820.13370000,60,60,False
1734566400000,1734570000000,100204.01000000,100986.09000000,100128.00000000,100831.16000000,2011.20722000,60,60,False
1734570000000,1734573600000,100831.17000000,100903.28000000,99605.98000000,99768.97000000,1922.58004000,60,60,False
1734573600000,1734577200000,99768.97000000,100534.56000000,98802.00000000,100534.56000000,4808.23260000,60,60,False
1734577200000,1734580800000,100534.56000000,101310.25000000,100456.00000000,101193.15000000,2269.12938000,60,60,False
1734580800000,1734584400000,101193.15000000,101228.31000000,100629.99000000,100671.62000000,834.97520000,60,60,False
1734584400000,1734588000000,100671.62000000,101415.25000000,100671.62000000,101300.01000000,935.02447000,60,60,False
1734588000000,1734591600000,101300.01000000,101392.15000000,101015.44000000,101200.01000000,712.40267000,60,60,False
1734591600000,1734595200000,101200.01000000,101727.28000000,101124.46000000,101656.57000000,716.67385000,60,60,False
1734595200000,1734598800000,101656.57000000,101820.00000000,101380.10000000,101640.40000000,745.81150000,60,60,False
1734598800000,1734602400000,101640.40000000,101873.08000000,101537.56000000,101815.99000000,863.07944000,60,60,False
1734602400000,1734606000000,101815.99000000,102609.72000000,101758.19000000,102409.34000000,1608.23665000,60,60,False
1734606000000,1734609600000,102409.34000000,102514.05000000,102176.38000000,102449.99000000,857.73867000,60,60,False
1734609600000,1734613200000,102450.00000000,102559.21000000,101882.09000000,101988.00000000,1055.08532000,60,60,False
1734613200000,1734616800000,101987.99000000,102216.07000000,101667.00000000,101952.44000000,1706.53325000,60,60,False
1734616800000,1734620400000,101952.44000000,102800.11000000,100694.07000000,100942.41000000,3192.18817000,60,60,False
1734620400000,1734624000000,100942.41000000,101063.38000000,99500.00000000,100679.86000000,4543.00113000,60,60,False
1734624000000,1734627600000,100679.86000000,101200.00000000,99830.00000000,100716.30000000,2127.60244000,60,60,False
1734627600000,1734631200000,100716.30000000,100748.87000000,97500.00000000,98855.86000000,5111.98146000,60,60,False
1734631200000,1734634800000,98855.86000000,98952.73000000,96900.00000000,98932.73000000,5024.54216000,60,60,False
1734634800000,1734638400000,98932.72000000,99064.06000000,96251.32000000,97199.72000000,3592.37286000,60,60,False
1734638400000,1734642000000,97199.72000000,97312.00000000,95700.00000000,96409.54000000,4430.95326000,60,60,False
1734642000000,1734645600000,96409.55000000,98090.90000000,95828.98000000,97417.66000000,2612.13623000,60,60,False
1734645600000,1734649200000,97417.66000000,98500.00000000,97231.02000000,98391.21000000,1990.04732000,60,60,False
1734649200000,1734652800000,98391.21000000,98400.01000000,97455.30000000,97461.86000000,1475.86271000,60,60,False
1734652800000,1734656400000,97461.86000000,97814.09000000,96648.78000000,97248.22000000,2526.33162000,60,60,False
1734656400000,1734660000000,97248.22000000,97542.68000000,96159.84000000,96319.99000000,2512.42589000,60,60,False
1734660000000,1734663600000,96319.99000000,97731.91000000,96000.00000000,97632.59000000,2632.07757000,60,60,False
1734663600000,1734667200000,97632.59000000,97784.81000000,96969.70000000,97106.02000000,1041.19363000,60,60,False
1734667200000,1734670800000,97106.02000000,97838.98000000,96839.40000000,97304.07000000,1275.17255000,60,60,False
1734670800000,1734674400000,97304.07000000,97491.95000000,96672.47000000,96734.32000000,1339.46566000,60,60,False
1734674400000,1734678000000,96734.33000000,97303.99000000,96374.03000000,97281.37000000,1663.60632000,60,60,False
1734678000000,1734681600000,97281.38000000,98233.00000000,97276.50000000,97832.53000000,2593.15424000,60,60,False
1734681600000,1734685200000,97832.52000000,97864.91000000,95300.00000000,95473.74000000,3437.65104000,60,60,False
1734685200000,1734688800000,95473.74000000,95738.79000000,94682.27000000,94811.85000000,4514.51169000,60,60,False
1734688800000,1734692400000,94811.85000000,95114.71000000,94000.00000000,94359.53000000,4759.81141000,60,60,False
1734692400000,1734696000000,94359.54000000,94749.92000000,92612.10000000,92723.98000000,6297.21711000,60,60,False
1734696000000,1734699600000,92723.99000000,94244.00000000,92232.54000000,93941.75000000,5424.78009000,60,60,False
1734699600000,1734703200000,93941.74000000,95803.57000000,93581.32000000,95204.00000000,4179.24629000,60,60,False
1734703200000,1734706800000,95204.00000000,96235.29000000,94745.87000000,95627.99000000,3245.11909000,60,60,False
1734706800000,1734710400000,95628.00000000,97572.00000000,95608.01000000,96991.62000000,3494.16219000,60,60,False
1734710400000,1734714000000,96991.63000000,97700.00000000,96300.00000000,96727.99000000,2894.10090000,60,60,False
1734714000000,1734717600000,96728.00000000,97375.45000000,96427.00000000,97206.59000000,1735.72497000,60,60,False
1734717600000,1734721200000,97206.60000000,97308.39000000,96602.69000000,96993.58000000,1216.44814000,60,60,False
1734721200000,1734724800000,96992.26000000,97748.00000000,96840.00000000,97116.00000000,1339.74895000,60,60,False
1734724800000,1734728400000,97116.00000000,97232.00000000,96422.06000000,96451.88000000,1354.12601000,60,60,False
1734728400000,1734732000000,96451.88000000,96647.36000000,95393.84000000,96623.29000000,1604.60540000,60,60,False
1734732000000,1734735600000,96623.29000000,97513.00000000,96451.03000000,97463.93000000,978.34197000,60,60,False
1734735600000,1734739200000,97463.93000000,97816.44000000,97389.38000000,97805.44000000,825.11297000,60,60,False
1734739200000,1734742800000,97805.44000000,97813.59000000,97216.32000000,97525.77000000,941.26945000,60,60,False
1734742800000,1734746400000,97525.77000000,97668.68000000,97198.76000000,97357.23000000,939.89900000,60,60,False
1734746400000,1734750000000,97357.23000000,97610.54000000,97188.09000000,97396.00000000,507.91033000,60,60,False
1734750000000,1734753600000,97396.00000000,97487.47000000,97244.00000000,97487.46000000,489.58985000,60,60,False
1734753600000,1734757200000,97487.47000000,97643.00000000,97378.50000000,97588.00000000,424.52783000,60,60,False
1734757200000,1734760800000,97588.00000000,98692.00000000,97541.06000000,98691.98000000,1167.51919000,60,60,False
1734760800000,1734764400000,98691.98000000,98837.49000000,98318.60000000,98726.76000000,1768.19966000,60,60,False
1734764400000,1734768000000,98726.76000000,99540.61000000,98500.00000000,99040.00000000,2107.70340000,60,60,False
1734768000000,1734771600000,99040.00000000,99187.95000000,98438.01000000,98650.00000000,1024.17691000,60,60,False
1734771600000,1734775200000,98650.00000000,98686.77000000,98296.01000000,98565.82000000,668.62346000,60,60,False
1734775200000,1734778800000,98565.82000000,98649.90000000,98043.12000000,98131.22000000,904.66058000,60,60,False
1734778800000,1734782400000,98131.22000000,98424.77000000,97800.00000000,98262.08000000,836.65859000,60,60,False
1734782400000,1734786000000,98262.08000000,98283.95000000,97105.26000000,97131.99000000,1762.27838000,60,60,False
1734786000000,1734789600000,97132.00000000,97500.48000000,96398.39000000,97344.54000000,2544.04817000,60,60,False
1734789600000,1734793200000,97344.02000000,97755.35000000,97069.40000000,97083.11000000,968.11701000,60,60,False
1734793200000,1734796800000,97083.11000000,97719.86000000,97070.28000000,97527.97000000,655.66124000,60,60,False
1734796800000,1734800400000,97527.96000000,97718.80000000,96951.41000000,97292.00000000,1007.90405000,60,60,False
1734800400000,1734804000000,97292.00000000,97695.80000000,97035.58000000,97595.28000000,805.82908000,60,60,False
1734804000000,1734807600000,97595.29000000,97723.18000000,97287.87000000,97400.01000000,378.39640000,60,60,False
1734807600000,1734811200000,97400.01000000,97436.69000000,96819.36000000,97269.03000000,741.60788000,60,60,False
1734811200000,1734814800000,97269.03000000,98057.51000000,97224.83000000,97456.91000000,882.07806000,60,60,False
1734814800000,1734818400000,97456.92000000,97577.99000000,96539.91000000,96892.00000000,703.06094000,60,60,False
1734818400000,1734822000000,96892.00000000,97399.99000000,96624.00000000,97147.46000000,879.19206000,60,60,False
1734822000000,1734825600000,97147.46000000,97313.26000000,96900.00000000,97291.99000000,374.62991000,60,60,False
1734825600000,1734829200000,97292.00000000,97448.08000000,97052.00000000,97253.01000000,422.37636000,60,60,False
1734829200000,1734832800000,97253.01000000,97432.69000000,96720.00000000,97060.01000000,447.72923000,60,60,False
1734832800000,1734836400000,97060.00000000,97236.18000000,96613.18000000,96719.99000000,371.81103000,60,60,False
1734836400000,1734840000000,96719.99000000,97320.00000000,96549.37000000,96994.37000000,606.61122000,60,60,False
1734840000000,1734843600000,96994.37000000,97071.97000000,96072.00000000,96076.01000000,713.47180000,60,60,False
1734843600000,1734847200000,96076.01000000,96409.64000000,95890.28000000,96156.19000000,1122.09453000,60,60,False
1734847200000,1734850800000,96156.19000000,96749.99000000,96112.00000000,96739.99000000,591.16867000,60,60,False
1734850800000,1734854400000,96740.00000000,96847.99000000,96080.00000000,96210.24000000,554.68137000,60,60,False
1734854400000,1734858000000,96210.25000000,96689.55000000,96196.85000000,96534.50000000,503.87812000,60,60,False
1734858000000,1734861600000,96534.51000000,97256.02000000,96333.50000000,96940.27000000,777.26357000,60,60,False
1734861600000,1734865200000,96940.27000000,97351.57000000,96852.00000000,97009.03000000,522.54613000,60,60,False
1734865200000,1734868800000,97009.03000000,97334.25000000,96988.00000000,97101.28000000,381.30098000,60,60,False
1734868800000,1734872400000,97101.29000000,97300.00000000,96836.36000000,96987.61000000,442.59499000,60,60,False
1734872400000,1734876000000,96987.61000000,97250.00000000,96850.00000000,96976.00000000,512.07060000,60,60,False
1734876000000,1734879600000,96976.00000000,97044.02000000,95254.77000000,95363.44000000,2055.07585000,60,60,False
1734879600000,1734883200000,95363.44000000,95660.80000000,95109.13000000,95377.72000000,1435.16530000,60,60,False
1734883200000,1734886800000,95377.71000000,95888.09000000,95200.00000000,95715.09000000,972.83507000,60,60,False
1734886800000,1734890400000,95715.09000000,95854.54000000,95457.62000000,95612.19000000,554.90428000,60,60,False
1734890400000,1734894000000,95612.18000000,96444.45000000,95371.96000000,95955.22000000,987.27141000,60,60,False
1734894000000,1734897600000,95955.23000000,96152.00000000,94700.00000000,94836.55000000,1395.29769000,60,60,False
1734897600000,1734901200000,94836.55000000,95624.00000000,94424.00000000,95592.49000000,1089.42566000,60,60,False
1734901200000,1734904800000,95592.49000000,95740.00000000,95069.03000000,95203.11000000,734.29415000,60,60,False
1734904800000,1734908400000,95203.10000000,95640.00000000,94250.35000000,95547.41000000,1382.41430000,60,60,False
1734908400000,1734912000000,95547.42000000,95824.00000000,95024.00000000,95186.27000000,777.54805000,60,60,False
1734912000000,1734915600000,95186.28000000,95410.77000000,94333.33000000,94390.84000000,1150.62099000,60,60,False
1734915600000,1734919200000,94390.83000000,95130.01000000,93771.37000000,94449.99000000,1808.05684000,60,60,False
1734919200000,1734922800000,94450.00000000,94786.45000000,93700.42000000,94723.96000000,1620.88771000,60,60,False
1734922800000,1734926400000,94723.96000000,96043.99000000,94610.76000000,96025.15000000,1448.87686000,60,60,False
1734926400000,1734930000000,96025.15000000,96509.98000000,95644.00000000,95832.03000000,912.17420000,60,60,False
1734930000000,1734933600000,95832.02000000,95961.53000000,95352.21000000,95608.02000000,1320.33706000,60,60,False
1734933600000,1734937200000,95608.01000000,95650.76000000,94705.07000000,94824.83000000,941.38747000,60,60,False
1734937200000,1734940800000,94824.83000000,95579.62000000,94824.83000000,95404.01000000,745.23607000,60,60,False
1734940800000,1734944400000,95404.01000000,95554.88000000,95036.77000000,95503.87000000,612.57094000,60,60,False
1734944400000,1734948000000,95503.87000000,96167.98000000,95493.22000000,96013.72000000,893.03527000,60,60,False
1734948000000,1734951600000,96013.72000000,96445.17000000,95962.26000000,96392.39000000,943.52748000,60,60,False
1734951600000,1734955200000,96392.40000000,96538.92000000,95819.79000000,95932.42000000,571.71903000,60,60,False
1734955200000,1734958800000,95932.41000000,96423.00000000,95864.80000000,96305.00000000,862.92265000,60,60,False
1734958800000,1734962400000,96305.00000000,96350.00000000,94832.93000000,94924.34000000,1162.53760000,60,60,False
1734962400000,1734966000000,94924.35000000,95621.54000000,93700.01000000,94389.67000000,3351.51629000,60,60,False
1734966000000,1734969600000,94389.67000000,94430.89000000,93107.52000000,93250.37000000,2940.01344000,60,60,False
1734969600000,1734973200000,93250.38000000,94260.00000000,92928.82000000,93980.61000000,2356.01885000,60,60,False
1734973200000,1734976800000,93980.61000000,94135.47000000,93206.79000000,93364.26000000,1328.46895000,60,60,False
1734976800000,1734980400000,93364.26000000,93747.66000000,92690.00000000,92758.55000000,1297.92664000,60,60,False
1734980400000,1734984000000,92758.54000000,93710.03000000,92702.00000000,93044.79000000,1253.88219000,60,60,False
1734984000000,1734987600000,93044.79000000,93530.01000000,92520.00000000,93186.34000000,1794.60092000,60,60,False
1734987600000,1734991200000,93186.34000000,94305.61000000,93181.83000000,93964.01000000,1407.12075000,60,60,False
1734991200000,1734994800000,93964.01000000,95191.81000000,93911.50000000,95191.81000000,1019.60575000,60,60,False
1734994800000,1734998400000,95191.80000000,95509.09000000,94683.81000000,94881.47000000,1067.72308000,60,60,False
1734998400000,1735002000000,94881.47000000,94881.47000000,94131.11000000,94550.22000000,955.84079000,60,60,False
1735002000000,1735005600000,94550.23000000,94672.00000000,94036.00000000,94123.43000000,567.58156000,60,60,False
1735005600000,1735009200000,94123.43000000,94320.00000000,93569.02000000,93961.45000000,879.60295000,60,60,False
1735009200000,1735012800000,93961.45000000,94400.00000000,93810.02000000,94348.75000000,732.79870000,60,60,False
1735012800000,1735016400000,94348.75000000,94416.00000000,94052.70000000,94412.30000000,546.31234000,60,60,False
1735016400000,1735020000000,94412.30000000,94653.45000000,94311.55000000,94606.06000000,412.67676000,60,60,False
1735020000000,1735023600000,94606.06000000,94606.07000000,93830.47000000,93918.99000000,591.57780000,60,60,False
1735023600000,1735027200000,93918.99000000,94313.61000000,93810.45000000,94233.19000000,448.92608000,60,60,False
1735027200000,1735030800000,94233.20000000,94635.70000000,94125.42000000,94495.77000000,633.45604000,60,60,False
1735030800000,1735034400000,94495.77000000,94530.42000000,93952.00000000,94068.01000000,446.78916000,60,60,False
1735034400000,1735038000000,94068.01000000,94194.07000000,93840.00000000,93972.01000000,389.62902000,60,60,False
1735038000000,1735041600000,93972.01000000,94425.70000000,93934.69000000,94398.60000000,466.22641000,60,60,False
1735041600000,1735045200000,94398.60000000,94410.39000000,94075.10000000,94304.32000000,421.20785000,60,60,False
1735045200000,1735048800000,94305.84000000,96094.00000000,94289.24000000,96085.02000000,1620.10206000,60,60,False
1735048800000,1735052400000,96085.02000000,97498.64000000,95864.50000000,97465.06000000,2637.73752000,60,60,False
1735052400000,1735056000000,97465.06000000,98300.00000000,97235.55000000,98300.00000000,2291.31734000,60,60,False
1735056000000,1735059600000,98299.99000000,98666.00000000,97964.00000000,98496.23000000,2172.24903000,60,60,False
1735059600000,1735063200000,98496.23000000,99030.72000000,98325.78000000,98797.47000000,1789.42098000,60,60,False
1735063200000,1735066800000,98797.47000000,99487.99000000,98418.16000000,98618.66000000,1479.28279000,60,60,False
1735066800000,1735070400000,98618.66000000,98743.52000000,97546.57000000,97581.09000000,1005.96025000,60,60,False
1735070400000,1735074000000,97581.10000000,98056.27000000,97250.00000000,97298.01000000,1248.65596000,60,60,False
1735074000000,1735077600000,97298.02000000,98462.28000000,97277.90000000,98397.96000000,791.97528000,60,60,False
1735077600000,1735081200000,98397.95000000,99068.90000000,98355.43000000,98777.11000000,751.43045000,60,60,False
1735081200000,1735084800000,98777.10000000,99019.10000000,98492.67000000,98663.58000000,393.46776000,60,60,False
1735084800000,1735088400000,98663.58000000,98878.44000000,98393.60000000,98418.42000000,715.42470000,60,60,False
1735088400000,1735092000000,98418.42000000,98597.60000000,97901.08000000,97983.18000000,598.00500000,60,60,False
1735092000000,1735095600000,97983.17000000,98353.99000000,97725.27000000,98131.07000000,593.82651000,60,60,False
1735095600000,1735099200000,98131.07000000,98280.02000000,97930.53000000,98029.48000000,439.76979000,60,60,False
1735099200000,1735102800000,98029.49000000,98354.39000000,97875.91000000,98236.01000000,336.98364000,60,60,False
1735102800000,1735106400000,98236.01000000,98360.65000000,98159.09000000,98279.28000000,255.48309000,60,60,False
1735106400000,1735110000000,98279.28000000,98581.90000000,97844.18000000,97884.38000000,454.70940000,60,60,False
1735110000000,1735113600000,97884.39000000,98366.79000000,97873.49000000,98084.33000000,407.46219000,60,60,False
1735113600000,1735117200000,98084.33000000,98271.76000000,97926.99000000,98069.71000000,389.90170000,60,60,False
1735117200000,1735120800000,98069.72000000,98265.07000000,98007.69000000,98189.54000000,332.61032000,60,60,False
1735120800000,1735124400000,98189.55000000,99349.31000000,98145.75000000,98457.00000000,1287.95699000,60,60,False
1735124400000,1735128000000,98456.99000000,98866.77000000,97773.83000000,97907.61000000,1015.89784000,60,60,False
1735128000000,1735131600000,97907.61000000,98610.11000000,97632.02000000,98176.03000000,1309.05980000,60,60,False
1735131600000,1735135200000,98176.02000000,98609.89000000,98131.85000000,98462.56000000,455.54429000,60,60,False
1735135200000,1735138800000,98462.57000000,98832.89000000,98257.32000000,98710.00000000,550.83181000,60,60,False
1735138800000,1735142400000,98710.00000000,98724.00000000,98202.43000000,98519.98000000,527.91917000,60,60,False
1735142400000,1735146000000,98519.99000000,98696.40000000,98134.40000000,98425.51000000,508.99836000,60,60,False
1735146000000,1735149600000,98425.50000000,98659.00000000,98185.21000000,98570.82000000,344.11537000,60,60,False
1735149600000,1735153200000,98570.82000000,98978.18000000,98544.22000000,98756.26000000,567.60019000,60,60,False
1735153200000,1735156800000,98756.26000000,99299.99000000,98734.66000000,99018.52000000,674.13162000,60,60,False
1735156800000,1735160400000,99018.52000000,99400.00000000,98870.95000000,99144.62000000,542.46107000,60,60,False
1735160400000,1735164000000,99144.62000000,99555.00000000,98384.61000000,98506.36000000,873.33545000,60,60,False
1735164000000,1735167600000,98506.37000000,99100.00000000,98434.78000000,98811.16000000,466.68630000,60,60,False
1735167600000,1735171200000,98811.16000000,99569.15000000,98811.16000000,99429.60000000,825.45050000,60,60,False
1735171200000,1735174800000,99429.61000000,99963.70000000,98955.77000000,99028.66000000,1112.66226000,60,60,False
1735174800000,1735178400000,99028.66000000,99250.00000000,98590.00000000,99057.01000000,842.68396000,60,60,False
1735178400000,1735182000000,99057.02000000,99194.21000000,98468.26000000,98750.34000000,755.75962000,60,60,False
1735182000000,1735185600000,98750.34000000,99167.12000000,98576.77000000,98995.17000000,627.92857000,60,60,False
1735185600000,1735189200000,98995.18000000,98995.18000000,98255.00000000,98300.00000000,629.92754000,60,60,False
1735189200000,1735192800000,98300.00000000,98460.00000000,98076.58000000,98375.01000000,634.59553000,60,60,False
1735192800000,1735196400000,98375.01000000,98484.00000000,98023.10000000,98121.20000000,471.41543000,60,60,False
1735196400000,1735200000000,98121.21000000,98292.00000000,97711.17000000,97719.99000000,802.99524000,60,60,False
1735200000000,1735203600000,97719.99000000,97772.13000000,95616.18000000,95878.56000000,3318.24181000,60,60,False
1735203600000,1735207200000,95878.56000000,95978.52000000,95420.26000000,95439.25000000,1084.30994000,60,60,False
1735207200000,1735210800000,95439.40000000,95777.40000000,95199.14000000,95500.02000000,836.54692000,60,60,False
1735210800000,1735214400000,95500.02000000,96035.50000000,95469.53000000,95695.81000000,817.15898000,60,60,False
1735214400000,1735218000000,95695.81000000,95880.60000000,95462.57000000,95680.71000000,526.11877000,60,60,False
1735218000000,1735221600000,95680.71000000,95772.90000000,95288.00000000,95704.44000000,919.98638000,60,60,False
1735221600000,1735225200000,95704.45000000,96280.25000000,95234.93000000,95449.36000000,1656.27872000,60,60,False
1735225200000,1735228800000,95449.36000000,96216.91000000,95270.00000000,96042.88000000,1165.18448000,60,60,False
1735228800000,1735232400000,96042.89000000,96621.95000000,95816.86000000,96519.47000000,1018.76508000,60,60,False
1735232400000,1735236000000,96519.47000000,96547.99000000,95680.00000000,95824.27000000,772.56303000,60,60,False
1735236000000,1735239600000,95824.27000000,95986.40000000,95458.66000000,95743.44000000,530.95010000,60,60,False
1735239600000,1735243200000,95743.44000000,96198.58000000,95444.44000000,96102.25000000,569.90971000,60,60,False
1735243200000,1735246800000,96102.24000000,96114.46000000,95400.00000000,95589.60000000,630.68028000,60,60,False
1735246800000,1735250400000,95589.60000000,95933.74000000,95302.00000000,95812.63000000,597.64881000,60,60,False
1735250400000,1735254000000,95812.63000000,95963.86000000,95625.00000000,95821.92000000,326.30061000,60,60,False
1735254000000,1735257600000,95821.92000000,95887.99000000,95372.32000000,95791.60000000,543.75550000,60,60,False
1735257600000,1735261200000,95791.60000000,95930.39000000,95401.03000000,95794.56000000,627.70553000,60,60,False
1735261200000,1735264800000,95794.55000000,96250.00000000,95575.07000000,95917.03000000,726.33893000,60,60,False
1735264800000,1735268400000,95917.02000000,96443.68000000,95718.75000000,96073.77000000,973.05088000,60,60,False
1735268400000,1735272000000,96073.77000000,96443.00000000,95982.51000000,96417.84000000,608.14876000,60,60,False
1735272000000,1735275600000,96417.84000000,96595.98000000,96229.39000000,96300.00000000,892.67108000,60,60,False
1735275600000,1735279200000,96300.01000000,96333.77000000,96001.00000000,96238.89000000,623.74969000,60,60,False
1735279200000,1735282800000,96238.89000000,96594.44000000,96107.28000000,96594.16000000,389.55148000,60,60,False
1735282800000,1735286400000,96594.17000000,96604.24000000,94646.03000000,95104.76000000,2694.55677000,60,60,False
1735286400000,1735290000000,95104.76000000,96395.00000000,95104.76000000,95724.02000000,1419.07808000,60,60,False
1735290000000,1735293600000,95724.01000000,97544.58000000,95674.00000000,96774.13000000,2345.43490000,60,60,False
1735293600000,1735297200000,96774.14000000,97029.25000000,96195.20000000,96605.46000000,732.07575000,60,60,False
1735297200000,1735300800000,96605.46000000,96953.71000000,96377.77000000,96952.38000000,466.91984000,60,60,False
1735300800000,1735304400000,96952.38000000,97035.80000000,96617.64000000,96686.75000000,616.98763000,60,60,False
1735304400000,1735308000000,96686.74000000,96686.74000000,96229.66000000,96407.99000000,791.88930000,60,60,False
1735308000000,1735311600000,96407.99000000,96480.00000000,95161.17000000,95691.99000000,1516.74425000,60,60,False
1735311600000,1735315200000,95692.00000000,95718.13000000,94011.11000000,94573.75000000,3500.11218000,60,60,False
1735315200000,1735318800000,94573.75000000,94996.16000000,94101.02000000,94165.92000000,1635.42881000,60,60,False
1735318800000,1735322400000,94165.92000000,94354.82000000,93500.01000000,94291.30000000,2312.03777000,60,60,False
1735322400000,1735326000000,94291.30000000,94770.15000000,94212.30000000,94566.06000000,756.45526000,60,60,False
1735326000000,1735329600000,94566.05000000,94810.07000000,94252.00000000,94750.00000000,575.05533000,60,60,False
1735329600000,1735333200000,94750.11000000,94778.43000000,94313.82000000,94588.12000000,742.35545000,60,60,False
1735333200000,1735336800000,94588.12000000,94823.09000000,94379.35000000,94526.07000000,397.53728000,60,60,False
1735336800000,1735340400000,94526.07000000,94674.50000000,94200.00000000,94437.75000000,459.69514000,60,60,False
1735340400000,1735344000000,94437.75000000,94526.09000000,94100.60000000,94299.03000000,697.68420000,60,60,False
1735344000000,1735347600000,94299.03000000,94544.35000000,94243.32000000,94398.75000000,435.25082000,60,60,False
1735347600000,1735351200000,94398.75000000,94615.24000000,94135.66000000,94556.93000000,377.17171000,60,60,False
1735351200000,1735354800000,94556.92000000,94619.00000000,94276.01000000,94338.00000000,288.78768000,60,60,False
1735354800000,1735358400000,94338.00000000,94720.00000000,94335.88000000,94594.91000000,240.31584000,60,60,False
1735358400000,1735362000000,94594.91000000,94643.87000000,94511.71000000,94524.00000000,185.04174000,60,60,False
1735362000000,1735365600000,94524.00000000,94800.00000000,94523.99000000,94625.64000000,245.81860000,60,60,False
1735365600000,1735369200000,94625.64000000,94724.88000000,94405.28000000,94466.49000000,304.41114000,60,60,False
1735369200000,1735372800000,94466.49000000,94634.25000000,94307.00000000,94381.99000000,235.91255000,60,60,False
1735372800000,1735376400000,94381.98000000,94539.43000000,94312.67000000,94488.01000000,189.15654000,60,60,False
1735376400000,1735380000000,94488.01000000,94692.30000000,94488.01000000,94589.27000000,281.34727000,60,60,False
1735380000000,1735383600000,94589.28000000,94716.06000000,94502.21000000,94619.99000000,276.54014000,60,60,False
1735383600000,1735387200000,94620.00000000,94883.00000000,94600.00000000,94754.83000000,316.63364000,60,60,False
1735387200000,1735390800000,94754.83000000,94880.00000000,94577.66000000,94599.57000000,294.25135000,60,60,False
1735390800000,1735394400000,94599.56000000,94761.33000000,94496.73000000,94665.94000000,394.23476000,60,60,False
1735394400000,1735398000000,94665.29000000,95340.36000000,94411.76000000,94583.99000000,905.83186000,60,60,False
1735398000000,1735401600000,94583.99000000,94819.57000000,94375.80000000,94447.29000000,418.82501000,60,60,False
1735401600000,1735405200000,94447.28000000,94923.06000000,94389.45000000,94874.89000000,556.98186000,60,60,False
1735405200000,1735408800000,94874.89000000,95245.24000000,94810.51000000,95022.57000000,570.88991000,60,60,False
1735408800000,1735412400000,95022.58000000,95100.00000000,94715.16000000,94837.31000000,305.64776000,60,60,False
1735412400000,1735416000000,94837.31000000,95138.05000000,94837.30000000,95027.76000000,265.45992000,60,60,False
1735416000000,1735419600000,95027.75000000,95151.13000000,94878.26000000,95083.05000000,193.31417000,60,60,False
1735419600000,1735423200000,95083.05000000,95223.72000000,94968.86000000,95171.67000000,208.89259000,60,60,False
1735423200000,1735426800000,95171.67000000,95733.99000000,95047.11000000,95326.40000000,556.46419000,60,60,False
1735426800000,1735430400000,95326.40000000,95408.90000000,95112.43000000,95300.00000000,338.71185000,60,60,False
1735430400000,1735434000000,95300.00000000,95340.00000000,95042.60000000,95148.49000000,283.78071000,60,60,False
1735434000000,1735437600000,95148.49000000,95210.22000000,94808.00000000,94857.65000000,316.37330000,60,60,False
1735437600000,1735441200000,94857.66000000,95211.88000000,94851.25000000,95154.50000000,237.18289000,60,60,False
1735441200000,1735444800000,95154.50000000,95221.69000000,94978.33000000,95172.40000000,215.77474000,60,60,False
1735444800000,1735448400000,95172.41000000,95283.99000000,95063.40000000,95126.39000000,211.83200000,60,60,False
1735448400000,1735452000000,95126.39000000,95199.97000000,95071.21000000,95118.89000000,135.90901000,60,60,False
1735452000000,1735455600000,95118.89000000,95212.00000000,94971.44000000,95181.70000000,270.97676000,60,60,False
1735455600000,1735459200000,95181.70000000,95272.05000000,95076.68000000,95272.04000000,257.21309000,60,60,False
1735459200000,1735462800000,95272.05000000,95315.50000000,95078.50000000,95123.33000000,184.58621000,60,60,False
1735462800000,1735466400000,95123.33000000,95211.41000000,95048.30000000,95190.49000000,175.08412000,60,60,False
1735466400000,1735470000000,95190.50000000,95278.85000000,95102.76000000,95167.83000000,284.07406000,60,60,False
1735470000000,1735473600000,95167.83000000,95183.61000000,95010.00000000,95032.57000000,144.75849000,60,60,False
1735473600000,1735477200000,95032.58000000,95130.24000000,94900.82000000,94907.89000000,264.05508000,60,60,False
1735477200000,1735480800000,94907.88000000,95015.18000000,94800.00000000,94928.20000000,484.06443000,60,60,False
1735480800000,1735484400000,94928.20000000,95231.58000000,94010.00000000,94623.67000000,1574.50585000,60,60,False
1735484400000,1735488000000,94623.68000000,94794.79000000,94404.90000000,94511.12000000,558.58884000,60,60,False
1735488000000,1735491600000,94511.11000000,94578.89000000,93600.00000000,93900.01000000,1573.86589000,60,60,False
1735491600000,1735495200000,93900.01000000,94117.50000000,93800.37000000,93945.01000000,611.15623000,60,60,False
1735495200000,1735498800000,93945.00000000,93945.01000000,93600.00000000,93652.00000000,863.75577000,60,60,False
1735498800000,1735502400000,93652.00000000,93880.00000000,93367.52000000,93612.89000000,991.70232000,60,60,False
1735502400000,1735506000000,93612.89000000,93880.00000000,93345.00000000,93858.55000000,721.84653000,60,60,False
1735506000000,1735509600000,93858.55000000,93949.52000000,93121.00000000,93352.65000000,1034.06452000,60,60,False
1735509600000,1735513200000,93352.65000000,93770.41000000,93087.97000000,93135.32000000,1143.65741000,60,60,False
1735513200000,1735516800000,93135.32000000,93871.02000000,93009.52000000,93738.20000000,1037.19753000,60,60,False
1735516800000,1735520400000,93738.19000000,93908.24000000,93500.00000000,93583.96000000,575.76998000,60,60,False
1735520400000,1735524000000,93583.96000000,94274.29000000,93368.93000000,93948.42000000,1152.47209000,60,60,False
1735524000000,1735527600000,93948.41000000,93973.61000000,93413.72000000,93906.41000000,767.45195000,60,60,False
1735527600000,1735531200000,93906.41000000,94080.00000000,93639.87000000,93722.71000000,402.93622000,60,60,False
1735531200000,1735534800000,93722.72000000,93979.45000000,93264.14000000,93280.26000000,563.78609000,60,60,False
1735534800000,1735538400000,93280.27000000,93581.53000000,93240.03000000,93581.53000000,472.45526000,60,60,False
1735538400000,1735542000000,93581.53000000,94060.35000000,93517.38000000,93901.29000000,632.83617000,60,60,False
1735542000000,1735545600000,93901.29000000,93947.99000000,93319.99000000,93731.65000000,770.90489000,60,60,False
1735545600000,1735549200000,93731.66000000,93967.21000000,93723.29000000,93851.11000000,373.21320000,60,60,False
1735549200000,1735552800000,93851.10000000,94023.84000000,93686.68000000,93892.35000000,459.50171000,60,60,False
1735552800000,1735556400000,93892.35000000,94068.56000000,93730.95000000,93793.27000000,304.04427000,60,60,False
1735556400000,1735560000000,93793.27000000,93953.09000000,93469.56000000,93923.14000000,547.14351000,60,60,False
1735560000000,1735563600000,93923.14000000,94277.23000000,93722.06000000,93750.69000000,646.55159000,60,60,False
1735563600000,1735567200000,93750.68000000,93820.90000000,92613.00000000,92680.52000000,2283.46335000,60,60,False
1735567200000,1735570800000,92680.52000000,93120.00000000,91820.46000000,91883.99000000,3137.00815000,60,60,False
1735570800000,1735574400000,91884.00000000,92473.32000000,91530.45000000,92130.21000000,3228.93941000,60,60,False
1735574400000,1735578000000,92130.21000000,92227.17000000,91800.00000000,92120.60000000,1185.04222000,60,60,False
1735578000000,1735581600000,92120.60000000,94200.00000000,91980.53000000,93832.83000000,2087.38638000,60,60,False
1735581600000,1735585200000,93832.82000000,94684.09000000,93570.00000000,94583.99000000,1962.74282000,60,60,False
1735585200000,1735588800000,94583.98000000,94622.75000000,93939.29000000,94417.04000000,895.80875000,60,60,False
1735588800000,1735592400000,94417.04000000,95024.50000000,94296.75000000,94338.80000000,1146.04057000,60,60,False
1735592400000,1735596000000,94338.80000000,94376.30000000,91901.57000000,92076.00000000,2274.79849000,60,60,False
1735596000000,1735599600000,92076.00000000,93027.69000000,91948.00000000,92784.75000000,1170.61959000,60,60,False
1735599600000,1735603200000,92784.76000000,92893.40000000,92389.28000000,92792.05000000,578.50584000,60,60,False
1735603200000,1735606800000,92792.05000000,92907.03000000,92375.15000000,92450.00000000,584.04771000,60,60,False
1735606800000,1735610400000,92450.00000000,92575.76000000,92033.73000000,92435.57000000,1243.12207000,60,60,False
1735610400000,1735614000000,92435.73000000,92702.43000000,92303.21000000,92476.35000000,413.58133000,60,60,False
1735614000000,1735617600000,92476.35000000,92654.74000000,92250.00000000,92509.59000000,432.51551000,60,60,False
1735617600000,1735621200000,92509.60000000,92832.29000000,92344.07000000,92448.00000000,508.87389000,60,60,False
1735621200000,1735624800000,92448.00000000,92750.00000000,92357.71000000,92596.08000000,330.97028000,60,60,False
1735624800000,1735628400000,92596.08000000,93040.10000000,92568.50000000,92816.00000000,585.69313000,60,60,False
1735628400000,1735632000000,92816.00000000,92910.03000000,92770.00000000,92860.75000000,485.23565000,60,60,False
1735632000000,1735635600000,92860.75000000,94741.68000000,92842.88000000,93933.38000000,1778.41415000,60,60,False
1735635600000,1735639200000,93933.38000000,94151.52000000,93831.24000000,94023.88000000,694.62156000,60,60,False
1735639200000,1735642800000,94023.88000000,94271.29000000,93664.06000000,94113.69000000,715.16946000,60,60,False
1735642800000,1735646400000,94113.69000000,94285.12000000,93984.00000000,94232.68000000,540.22294000,60,60,False
1735646400000,1735650000000,94232.68000000,94958.85000000,94232.67000000,94539.85000000,1252.18005000,60,60,False
1735650000000,1735653600000,94539.86000000,96054.79000000,94524.43000000,95587.12000000,1803.50187000,60,60,False
1735653600000,1735657200000,95587.12000000,96250.00000000,95372.35000000,95679.17000000,1504.33717000,60,60,False
1735657200000,1735660800000,95679.17000000,95982.62000000,94909.12000000,95412.00000000,1362.37354000,60,60,False
1735660800000,1735664400000,95412.00000000,95590.52000000,94606.40000000,94868.42000000,1042.48497000,60,60,False
1735664400000,1735668000000,94868.41000000,95047.71000000,93189.59000000,94120.94000000,1332.40373000,60,60,False
1735668000000,1735671600000,94120.92000000,94416.72000000,93779.80000000,93875.68000000,816.81017000,60,60,False
1735671600000,1735675200000,93875.69000000,94290.91000000,93712.45000000,94166.88000000,462.79342000,60,60,False
1735675200000,1735678800000,94166.88000000,94222.50000000,93450.17000000,93564.04000000,733.04147000,60,60,False
1735678800000,1735682400000,93564.01000000,93964.15000000,93504.67000000,93899.68000000,337.52715000,60,60,False
1735682400000,1735686000000,93899.67000000,93899.67000000,93375.58000000,93488.84000000,315.53272000,60,60,False
1735686000000,1735689600000,93488.83000000,93756.00000000,93375.38000000,93576.00000000,336.57995000,60,60,False
1735689600000,1735693200000,93576.00000000,94509.42000000,93489.03000000,94401.14000000,755.99010000,60,60,False
1735693200000,1735696800000,94401.13000000,94408.72000000,93578.77000000,93607.74000000,586.53456000,60,60,False
1735696800000,1735700400000,93607.74000000,94105.12000000,93594.56000000,94098.91000000,276.78045000,60,60,False
1735700400000,1735704000000,94098.90000000,94098.91000000,93728.22000000,93838.04000000,220.99302000,60,60,False
1735704000000,1735707600000,93838.04000000,93838.04000000,93500.00000000,93553.91000000,279.46909000,60,60,False
1735707600000,1735711200000,93553.91000000,93937.19000000,93547.40000000,93792.02000000,209.17940000,60,60,False
1735711200000,1735714800000,93792.02000000,93792.02000000,93568.38000000,93757.58000000,272.27846000,60,60,False
1735714800000,1735718400000,93757.57000000,93800.00000000,93664.08000000,93684.10000000,197.93458000,60,60,False
1735718400000,1735722000000,93684.11000000,93756.02000000,93304.00000000,93428.46000000,481.71173000,60,60,False
1735722000000,1735725600000,93428.47000000,93486.29000000,92888.00000000,93413.06000000,798.49773000,60,60,False
1735725600000,1735729200000,93413.07000000,93536.75000000,93284.00000000,93326.23000000,265.55192000,60,60,False
1735729200000,1735732800000,93326.24000000,93705.08000000,93200.00000000,93444.64000000,321.72225000,60,60,False
1735732800000,1735736400000,93444.65000000,93972.00000000,93407.07000000,93820.76000000,499.35613000,60,60,False
1735736400000,1735740000000,93820.75000000,94058.79000000,93600.28000000,94031.76000000,340.36387000,60,60,False
1735740000000,1735743600000,94031.77000000,94450.85000000,93671.48000000,94175.89000000,751.90697000,60,60,False
1735743600000,1735747200000,94175.89000000,94500.00000000,93900.00000000,94432.94000000,486.08395000,60,60,False
1735747200000,1735750800000,94432.94000000,94492.00000000,93922.00000000,94090.49000000,580.27384000,60,60,False
1735750800000,1735754400000,94090.50000000,94189.16000000,93760.93000000,94143.85000000,303.86795000,60,60,False
1735754400000,1735758000000,94143.84000000,94380.44000000,93936.44000000,94340.06000000,291.78831000,60,60,False
1735758000000,1735761600000,94340.06000000,94823.75000000,94148.34000000,94627.07000000,545.12372000,60,60,False
1735761600000,1735765200000,94627.08000000,94852.70000000,94579.83000000,94786.23000000,424.42468000,60,60,False
1735765200000,1735768800000,94786.23000000,95151.15000000,94687.87000000,94978.48000000,636.81156000,60,60,False
1735768800000,1735772400000,94978.48000000,94997.32000000,94685.81000000,94802.98000000,409.77402000,60,60,False
1735772400000,1735776000000,94802.99000000,94952.29000000,94542.00000000,94591.79000000,436.90784000,60,60,False
