InicioUtcMs,FinUtcMsExclusivo,Open,High,Low,Close,Volume,MinutosEsperados,MinutosRecibidos,EsParcial
1640995200000,1641024000000,46216.93000000,47555.55000000,46208.37000000,47194.73000000,7018.00353000,480,480,False
1641024000000,1641052800000,47194.73000000,47491.14000000,46715.39000000,47219.04000000,5785.58757000,480,480,False
1641052800000,1641081600000,47219.04000000,47954.63000000,47186.07000000,47722.65000000,6800.87215000,480,480,False
1641081600000,1641110400000,47722.66000000,47750.00000000,46770.23000000,47173.45000000,5406.37551000,480,480,False
1641110400000,1641139200000,47173.44000000,47499.45000000,46970.05000000,47340.47000000,4900.17739000,480,480,False
1641139200000,1641168000000,47340.47000000,47990.00000000,46654.00000000,47286.18000000,8033.90750000,480,480,False
1641168000000,1641196800000,47286.18000000,47289.11000000,46722.39000000,47051.37000000,5833.29645000,480,480,False
1641196800000,1641225600000,47051.36000000,47570.00000000,46575.25000000,46693.45000000,9726.11124000,480,480,False
1641225600000,1641254400000,46693.44000000,46790.00000000,45696.00000000,46446.10000000,12102.66941000,480,480,False
1641254400000,1641283200000,46446.10000000,46600.21000000,45934.50000000,46550.00000000,9339.11439000,480,480,False
1641283200000,1641312000000,46549.99000000,47557.54000000,46300.00000000,46925.35000000,12752.43554000,480,480,False
1641312000000,1641340800000,46925.34000000,46984.99000000,45500.00000000,45832.01000000,13399.86367000,480,480,False
1641340800000,1641369600000,45832.01000000,46549.00000000,45722.21000000,46407.51000000,5219.67501000,480,480,False
1641369600000,1641398400000,46407.50000000,47070.00000000,45803.67000000,46622.53000000,11680.06784000,480,480,False
1641398400000,1641427200000,46622.53000000,46674.37000000,42500.00000000,43451.13000000,34884.37572000,480,480,False
1641427200000,1641456000000,43451.14000000,43816.00000000,42600.05000000,43245.25000000,15055.68714000,480,480,False
1641456000000,1641484800000,43245.26000000,43273.87000000,42430.58000000,42950.01000000,15166.03015000,480,480,False
1641484800000,1641513600000,42950.02000000,43581.30000000,42725.09000000,43082.31000000,8658.65576000,480,480,False
1641513600000,1641542400000,43082.30000000,43145.83000000,41000.00000000,41706.71000000,21932.86723000,480,480,False
1641542400000,1641571200000,41706.71000000,42883.47000000,40610.00000000,41319.11000000,21573.25621000,480,480,False
1641571200000,1641600000000,41310.85000000,42315.85000000,40917.66000000,41566.48000000,11330.38474000,480,480,False
1641600000000,1641628800000,41566.48000000,42246.37000000,41558.00000000,41913.58000000,5681.73531000,480,480,False
1641628800000,1641657600000,41913.59000000,42200.00000000,41400.00000000,41613.33000000,7492.48077000,480,480,False
1641657600000,1641686400000,41609.60000000,42300.00000000,40501.00000000,41679.74000000,19778.51503000,480,480,False
1641686400000,1641715200000,41679.74000000,42170.11000000,41388.13000000,41791.51000000,6716.50078000,480,480,False
1641715200000,1641744000000,41791.50000000,41990.00000000,41200.02000000,41621.11000000,6505.30948000,480,480,False
1641744000000,1641772800000,41621.11000000,42786.70000000,41556.49000000,41864.62000000,9502.58400000,480,480,False
1641772800000,1641801600000,41864.62000000,42248.50000000,41601.00000000,42042.38000000,6306.16152000,480,480,False
1641801600000,1641830400000,42042.38000000,42116.61000000,39650.00000000,40984.33000000,26752.58776000,480,480,False
1641830400000,1641859200000,40984.34000000,42121.63000000,40564.89000000,41822.49000000,17670.42091000,480,480,False
1641859200000,1641888000000,41822.49000000,42400.01000000,41544.64000000,42211.05000000,8817.27787000,480,480,False
1641888000000,1641916800000,42212.21000000,42627.66000000,41268.93000000,41733.93000000,13417.76345000,480,480,False
1641916800000,1641945600000,41733.92000000,43100.00000000,41680.44000000,42729.29000000,15061.39597000,480,480,False
1641945600000,1641974400000,42729.29000000,42965.00000000,42450.00000000,42561.67000000,6423.41459000,480,480,False
1641974400000,1642003200000,42561.66000000,44078.40000000,42508.69000000,43560.29000000,18522.03159000,480,480,False
1642003200000,1642032000000,43560.29000000,44322.00000000,43317.00000000,43902.66000000,8997.84662000,480,480,False
1642032000000,1642060800000,43902.65000000,44075.42000000,43422.72000000,43699.99000000,7311.44142000,480,480,False
1642060800000,1642089600000,43699.99000000,44500.00000000,42871.01000000,43200.00000000,16159.53670000,480,480,False
1642089600000,1642118400000,43200.01000000,43500.00000000,42311.22000000,42560.11000000,11439.89950000,480,480,False
1642118400000,1642147200000,42558.35000000,42978.10000000,42362.91000000,42660.01000000,8550.75052000,480,480,False
1642147200000,1642176000000,42660.00000000,43347.42000000,41725.95000000,43109.00000000,16625.73485000,480,480,False
1642176000000,1642204800000,43109.00000000,43448.78000000,42777.00000000,43059.96000000,7464.39755000,480,480,False
1642204800000,1642233600000,43059.96000000,43174.00000000,42712.94000000,43088.12000000,5833.97234000,480,480,False
1642233600000,1642262400000,43088.12000000,43406.96000000,42555.00000000,43401.21000000,7580.25603000,480,480,False
1642262400000,1642291200000,43401.21000000,43800.00000000,43071.11000000,43084.29000000,8521.82779000,480,480,False
1642291200000,1642320000000,43084.29000000,43253.68000000,42838.00000000,43202.21000000,5047.40646000,480,480,False
1642320000000,1642348800000,43202.21000000,43416.05000000,42581.79000000,43219.53000000,10033.74637000,480,480,False
1642348800000,1642377600000,43219.54000000,43475.00000000,42750.25000000,43071.66000000,5521.19988000,480,480,False
1642377600000,1642406400000,43071.66000000,43176.18000000,42300.00000000,42656.03000000,7383.23822000,480,480,False
1642406400000,1642435200000,42656.03000000,42900.00000000,42385.00000000,42477.66000000,7699.64153000,480,480,False
1642435200000,1642464000000,42477.67000000,42538.47000000,41540.42000000,42201.62000000,12479.20638000,480,480,False
1642464000000,1642492800000,42201.63000000,42436.66000000,41886.25000000,42061.94000000,8685.47618000,480,480,False
1642492800000,1642521600000,42065.42000000,42065.42000000,41250.00000000,41587.27000000,12303.89044000,480,480,False
1642521600000,1642550400000,41587.26000000,42691.00000000,41381.66000000,42352.12000000,8334.71595000,480,480,False
1642550400000,1642579200000,42352.12000000,42500.00000000,41161.20000000,41287.10000000,9375.88625000,480,480,False
1642579200000,1642608000000,41287.10000000,42559.13000000,41138.56000000,41981.27000000,13704.26680000,480,480,False
1642608000000,1642636800000,41981.27000000,42355.90000000,41548.00000000,41660.01000000,8605.56854000,480,480,False
1642636800000,1642665600000,41660.00000000,42148.00000000,41639.88000000,42058.31000000,6843.50513000,480,480,False
1642665600000,1642694400000,42058.31000000,43456.00000000,41807.94000000,43308.69000000,14021.53795000,480,480,False
1642694400000,1642723200000,43308.70000000,43505.00000000,40553.31000000,40680.91000000,21465.29645000,480,480,False
1642723200000,1642752000000,40680.92000000,41100.00000000,38220.00000000,39134.55000000,31227.02276200,480,480,False
1642752000000,1642780800000,39136.31000000,39320.00000000,37710.00000000,38857.26000000,23076.36438300,480,480,False
1642780800000,1642809600000,38857.24000000,39071.13000000,35440.45000000,36445.31000000,34557.50485400,480,480,False
1642809600000,1642838400000,36445.31000000,36835.22000000,35112.84000000,35400.02000000,28670.71691800,480,480,False
1642838400000,1642867200000,35400.01000000,36192.76000000,34008.00000000,34838.68000000,41633.82038300,480,480,False
1642867200000,1642896000000,34838.69000000,35729.03000000,34243.38000000,35071.42000000,20166.80166000,480,480,False
1642896000000,1642924800000,35071.42000000,35758.64000000,34811.00000000,35571.19000000,13268.50591000,480,480,False
1642924800000,1642953600000,35571.19000000,36150.76000000,35050.40000000,35287.58000000,16193.99720000,480,480,False
1642953600000,1642982400000,35282.66000000,36499.00000000,34601.01000000,36244.55000000,14817.02043000,480,480,False
1642982400000,1643011200000,36244.55000000,36251.50000000,34811.87000000,34888.81000000,12143.22864000,480,480,False
1643011200000,1643040000000,34887.90000000,35562.15000000,32917.17000000,34233.95000000,46300.61441100,480,480,False
1643040000000,1643068800000,34237.31000000,37550.00000000,33803.13000000,36660.35000000,33460.91016000,480,480,False
1643068800000,1643097600000,36660.35000000,36691.87000000,35701.00000000,36044.01000000,12198.62081000,480,480,False
1643097600000,1643126400000,36044.01000000,37149.42000000,35967.33000000,36530.00000000,21794.73798000,480,480,False
1643126400000,1643155200000,36530.00000000,37545.14000000,36421.56000000,36958.32000000,15239.04304000,480,480,False
1643155200000,1643184000000,36958.32000000,37974.43000000,36550.20000000,37338.59000000,15216.63590000,480,480,False
1643184000000,1643212800000,37338.60000000,38499.00000000,37324.58000000,37985.00000000,22100.98833000,480,480,False
1643212800000,1643241600000,37985.01000000,38919.98000000,36234.63000000,36809.34000000,32512.53613000,480,480,False
1643241600000,1643270400000,36807.24000000,37080.00000000,35507.01000000,36173.87000000,19617.79714000,480,480,False
1643270400000,1643299200000,36177.17000000,37199.00000000,35815.80000000,36639.43000000,16164.85845000,480,480,False
1643299200000,1643328000000,36639.43000000,37234.47000000,35538.75000000,37160.10000000,17238.22375000,480,480,False
1643328000000,1643356800000,37160.11000000,37500.00000000,36500.00000000,36799.82000000,14692.58441000,480,480,False
1643356800000,1643385600000,36799.82000000,37300.00000000,36155.01000000,37188.98000000,16453.53482000,480,480,False
1643385600000,1643414400000,37188.99000000,38000.00000000,36765.05000000,37716.56000000,11008.15033000,480,480,False
1643414400000,1643443200000,37716.57000000,37983.41000000,37448.58000000,37836.99000000,7543.14684000,480,480,False
1643443200000,1643472000000,37836.98000000,38198.82000000,37268.44000000,37566.82000000,9224.79535000,480,480,False
1643472000000,1643500800000,37567.98000000,38720.74000000,37317.37000000,38166.84000000,9361.55463000,480,480,False
1643500800000,1643529600000,38166.83000000,38300.00000000,37737.49000000,38244.98000000,6056.95963000,480,480,False
1643529600000,1643558400000,38244.98000000,38359.26000000,37712.05000000,37980.09000000,7647.00354000,480,480,False
1643558400000,1643587200000,37977.47000000,38230.00000000,37351.63000000,37881.76000000,7726.70210000,480,480,False
1643587200000,1643616000000,37881.75000000,37951.07000000,36632.61000000,37121.83000000,10286.72825000,480,480,False
1643616000000,1643644800000,37121.84000000,37900.00000000,36724.00000000,37722.91000000,13011.51341000,480,480,False
1643644800000,1643673600000,37722.91000000,38744.00000000,37671.46000000,38466.90000000,13557.00414000,480,480,False
1643673600000,1643702400000,38466.90000000,38649.90000000,38175.86000000,38440.77000000,6966.49210000,480,480,False
1643702400000,1643731200000,38440.76000000,39100.00000000,38000.00000000,38630.33000000,17021.82106000,480,480,False
1643731200000,1643760000000,38630.32000000,39265.20000000,38341.06000000,38694.59000000,10586.13347000,480,480,False
1643760000000,1643788800000,38694.59000000,38855.92000000,38196.42000000,38284.69000000,7044.47880000,480,480,False
1643788800000,1643817600000,38282.14000000,38773.41000000,37361.49000000,37429.78000000,13902.53289000,480,480,False
1643817600000,1643846400000,37429.78000000,37674.34000000,36586.95000000,36896.36000000,14847.66961000,480,480,False
1643846400000,1643875200000,36896.37000000,37093.03000000,36720.01000000,37024.16000000,9220.74455000,480,480,False
1643875200000,1643904000000,37024.16000000,37106.91000000,36250.00000000,36910.05000000,13247.34734000,480,480,False
1643904000000,1643932800000,36910.06000000,37387.00000000,36270.00000000,37311.61000000,9613.01810000,480,480,False
1643932800000,1643961600000,37311.98000000,38222.00000000,37026.73000000,37869.31000000,13082.60402000,480,480,False
1643961600000,1643990400000,37869.31000000,39819.91000000,37290.20000000,39490.87000000,26090.21578000,480,480,False
1643990400000,1644019200000,39490.88000000,41772.33000000,39442.89000000,41574.25000000,25531.13894000,480,480,False
1644019200000,1644048000000,41571.70000000,41913.69000000,41173.36000000,41379.99000000,12820.03770000,480,480,False
1644048000000,1644076800000,41379.99000000,41899.54000000,41099.92000000,41761.85000000,11237.34702000,480,480,False
1644076800000,1644105600000,41761.87000000,41854.81000000,40843.01000000,41382.59000000,8474.95900000,480,480,False
1644105600000,1644134400000,41382.60000000,41714.18000000,41305.29000000,41612.33000000,4332.18876000,480,480,False
1644134400000,1644163200000,41612.32000000,42168.00000000,41116.56000000,41519.49000000,9394.88679000,480,480,False
1644163200000,1644192000000,41519.48000000,42656.00000000,41417.23000000,42380.87000000,8678.09149000,480,480,False
1644192000000,1644220800000,42380.87000000,43000.00000000,41645.85000000,42723.92000000,15830.22279000,480,480,False
1644220800000,1644249600000,42723.91000000,43895.02000000,42234.09000000,43835.59000000,17131.37659000,480,480,False
1644249600000,1644278400000,43835.59000000,44500.50000000,43484.91000000,43839.99000000,18099.02068000,480,480,False
1644278400000,1644307200000,43839.99000000,45492.00000000,43555.72000000,44855.00000000,18571.53321000,480,480,False
1644307200000,1644336000000,44855.00000000,44919.77000000,42854.81000000,43429.31000000,29137.65397000,480,480,False
1644336000000,1644364800000,43429.32000000,44393.36000000,42666.00000000,44042.99000000,17171.10669000,480,480,False
1644364800000,1644393600000,44043.00000000,44341.88000000,43117.92000000,43807.75000000,10954.05424000,480,480,False
1644393600000,1644422400000,43807.75000000,44471.40000000,43181.91000000,43867.63000000,13069.68991000,480,480,False
1644422400000,1644451200000,43867.63000000,44799.00000000,43579.66000000,44372.72000000,10404.42314000,480,480,False
1644451200000,1644480000000,44372.71000000,44400.00000000,43542.14000000,44092.42000000,8704.16008000,480,480,False
1644480000000,1644508800000,44092.43000000,45669.71000000,43174.01000000,44947.10000000,32224.43923000,480,480,False
1644508800000,1644537600000,44947.12000000,45821.00000000,43333.42000000,43495.44000000,21428.69160000,480,480,False
1644537600000,1644566400000,43495.44000000,43749.86000000,42600.00000000,43359.25000000,14052.66536000,480,480,False
1644566400000,1644595200000,43359.24000000,43920.00000000,42851.00000000,43669.01000000,13056.57539000,480,480,False
1644595200000,1644624000000,43669.02000000,43767.16000000,41938.51000000,42373.73000000,17865.92795000,480,480,False
1644624000000,1644652800000,42373.73000000,42485.66000000,41688.88000000,42103.94000000,7655.99310000,480,480,False
1644652800000,1644681600000,42103.94000000,42459.06000000,41800.13000000,42123.93000000,8435.33760000,480,480,False
1644681600000,1644710400000,42123.92000000,43079.49000000,41700.00000000,42217.87000000,10465.52611000,480,480,False
1644710400000,1644739200000,42217.87000000,42508.47000000,42057.26000000,42412.40000000,4108.23547000,480,480,False
1644739200000,1644768000000,42412.39000000,42760.00000000,42138.17000000,42559.97000000,6253.35817000,480,480,False
1644768000000,1644796800000,42559.97000000,42580.00000000,41870.00000000,42053.66000000,7370.48749000,480,480,False
1644796800000,1644825600000,42053.65000000,42368.21000000,41550.56000000,42314.42000000,8890.38605000,480,480,False
1644825600000,1644854400000,42314.42000000,42842.40000000,41922.48000000,42584.97000000,13385.24131000,480,480,False
1644854400000,1644883200000,42584.97000000,42818.35000000,41803.17000000,42535.94000000,11734.50324000,480,480,False
1644883200000,1644912000000,42535.94000000,43781.97000000,42427.03000000,43691.57000000,11698.95188000,480,480,False
1644912000000,1644940800000,43691.57000000,44500.00000000,43608.67000000,44198.96000000,16472.90402000,480,480,False
1644940800000,1644969600000,44198.97000000,44751.40000000,43846.07000000,44544.86000000,9923.33986000,480,480,False
1644969600000,1644998400000,44544.85000000,44549.97000000,43673.92000000,44184.20000000,8604.05097000,480,480,False
1644998400000,1645027200000,44184.19000000,44327.55000000,43307.00000000,43598.63000000,10819.02292000,480,480,False
1645027200000,1645056000000,43598.62000000,44376.58000000,43350.00000000,43873.56000000,9048.79881000,480,480,False
1645056000000,1645084800000,43873.56000000,44164.71000000,43350.00000000,43919.46000000,7603.70169000,480,480,False
1645084800000,1645113600000,43919.46000000,44022.36000000,41700.00000000,41925.44000000,19906.46099000,480,480,False
1645113600000,1645142400000,41925.44000000,42111.00000000,40073.21000000,40515.70000000,19735.83226000,480,480,False
1645142400000,1645171200000,40515.71000000,40950.00000000,40300.00000000,40665.81000000,8764.53825000,480,480,False
1645171200000,1645200000000,40665.81000000,40959.88000000,39616.72000000,39832.03000000,21693.24494000,480,480,False
1645200000000,1645228800000,39832.02000000,40438.27000000,39450.00000000,39974.44000000,13388.13922000,480,480,False
1645228800000,1645257600000,39974.45000000,40444.32000000,39915.89000000,40263.71000000,4864.20342000,480,480,False
1645257600000,1645286400000,40263.70000000,40301.11000000,39639.03000000,39969.93000000,8187.52229000,480,480,False
1645286400000,1645315200000,39969.92000000,40345.62000000,39800.00000000,40079.17000000,4990.32939000,480,480,False
1645315200000,1645344000000,40079.17000000,40125.44000000,38581.10000000,38796.64000000,11769.35806000,480,480,False
1645344000000,1645372800000,38796.63000000,38836.18000000,38000.00000000,38335.04000000,13940.47068000,480,480,False
1645372800000,1645401600000,38337.20000000,38979.12000000,38048.49000000,38386.89000000,7729.46137000,480,480,False
1645401600000,1645430400000,38386.89000000,39494.35000000,38182.98000000,39294.07000000,10661.17384000,480,480,False
1645430400000,1645459200000,39294.06000000,39362.15000000,37213.63000000,38827.94000000,27362.42825000,480,480,False
1645459200000,1645488000000,38827.93000000,39141.41000000,36800.00000000,37008.16000000,24324.08287000,480,480,False
1645488000000,1645516800000,37008.16000000,37468.35000000,36350.00000000,36771.66000000,19703.84546000,480,480,False
1645516800000,1645545600000,36771.65000000,38298.48000000,36756.53000000,37759.90000000,19731.52408000,480,480,False
1645545600000,1645574400000,37759.90000000,38429.00000000,37380.00000000,38230.33000000,14350.57635000,480,480,False
1645574400000,1645603200000,38230.33000000,38354.56000000,37528.33000000,38151.17000000,9733.55685000,480,480,False
1645603200000,1645632000000,38151.16000000,39249.93000000,38081.12000000,38512.51000000,17204.33135000,480,480,False
1645632000000,1645660800000,38512.51000000,38780.00000000,37036.79000000,37250.01000000,16622.84380000,480,480,False
1645660800000,1645689600000,37250.02000000,37427.81000000,34322.28000000,35312.05000000,47731.71388000,480,480,False
1645689600000,1645718400000,35312.04000000,36100.00000000,34818.09000000,35919.96000000,37548.54271000,480,480,False
1645718400000,1645747200000,35919.96000000,39843.00000000,35721.96000000,38327.21000000,35196.03799000,480,480,False
1645747200000,1645776000000,38328.68000000,39030.01000000,38138.54000000,38466.24000000,16180.02625000,480,480,False
1645776000000,1645804800000,38466.25000000,39683.53000000,38014.37000000,39410.92000000,26120.15118000,480,480,False
1645804800000,1645833600000,39415.46000000,39600.00000000,38537.91000000,39219.17000000,14274.39382000,480,480,False
1645833600000,1645862400000,39219.16000000,40348.45000000,38910.11000000,39200.00000000,11130.19743000,480,480,False
1645862400000,1645891200000,39200.00000000,39546.00000000,38573.18000000,39215.66000000,10391.52480000,480,480,False
1645891200000,1645920000000,39215.66000000,39700.00000000,38823.08000000,39116.72000000,7839.53457000,480,480,False
1645920000000,1645948800000,39116.73000000,39256.58000000,38189.19000000,38790.93000000,8523.28743000,480,480,False
1645948800000,1645977600000,38790.92000000,39855.70000000,38565.14000000,39357.03000000,16590.67262000,480,480,False
1645977600000,1646006400000,39357.03000000,39450.94000000,37000.00000000,37699.07000000,21115.48714000,480,480,False
1646006400000,1646035200000,37699.08000000,38483.53000000,37450.17000000,38347.58000000,13254.44528000,480,480,False
1646035200000,1646064000000,38347.58000000,40898.00000000,37934.89000000,40824.96000000,27800.61920000,480,480,False
1646064000000,1646092800000,40824.96000000,44225.84000000,40693.18000000,43160.00000000,32890.57410000,480,480,False
1646092800000,1646121600000,43160.00000000,43750.00000000,42855.20000000,43492.96000000,15578.18952000,480,480,False
1646121600000,1646150400000,43492.96000000,44949.00000000,42809.98000000,43643.69000000,31018.29885000,480,480,False
1646150400000,1646179200000,43643.69000000,44506.65000000,43111.46000000,44421.20000000,15146.61036000,480,480,False
1646179200000,1646208000000,44421.20000000,44750.00000000,43653.63000000,43973.09000000,16300.12878000,480,480,False
1646208000000,1646236800000,43973.09000000,45400.00000000,43334.09000000,44126.52000000,28512.48215000,480,480,False
1646236800000,1646265600000,44126.51000000,44498.02000000,43433.00000000,43892.98000000,12970.03988000,480,480,False
1646265600000,1646294400000,43892.99000000,44063.15000000,42915.06000000,43477.05000000,13009.33603000,480,480,False
1646294400000,1646323200000,43477.04000000,44101.12000000,42348.56000000,42547.34000000,21292.50998000,480,480,False
1646323200000,1646352000000,42547.34000000,42750.00000000,41832.28000000,42454.00000000,16638.76420000,480,480,False
1646352000000,1646380800000,42454.00000000,42527.30000000,41069.91000000,41436.98000000,15878.15511000,480,480,False
1646380800000,1646409600000,41436.98000000,41904.88000000,40550.04000000,40694.32000000,23215.59494000,480,480,False
1646409600000,1646438400000,40694.32000000,40958.66000000,38550.00000000,39148.66000000,22870.93493000,480,480,False
1646438400000,1646467200000,39148.65000000,39197.94000000,38407.59000000,39016.73000000,12194.53871000,480,480,False
1646467200000,1646496000000,39016.74000000,39371.15000000,38784.69000000,39160.01000000,9540.26164000,480,480,False
1646496000000,1646524800000,39160.00000000,39613.24000000,39122.33000000,39397.96000000,8628.33306000,480,480,False
1646524800000,1646553600000,39397.97000000,39693.87000000,38814.73000000,39387.57000000,8685.85948000,480,480,False
1646553600000,1646582400000,39387.56000000,39387.57000000,38088.57000000,38862.61000000,17000.39328000,480,480,False
1646582400000,1646611200000,38862.62000000,39368.40000000,38127.00000000,38420.81000000,13991.00882000,480,480,False
1646611200000,1646640000000,38420.80000000,38555.85000000,37578.03000000,37895.24000000,16507.63712000,480,480,False
1646640000000,1646668800000,37895.24000000,39285.00000000,37649.46000000,39071.48000000,20150.43945000,480,480,False
1646668800000,1646697600000,39071.49000000,39547.57000000,37155.00000000,37988.00000000,27336.03902000,480,480,False
1646697600000,1646726400000,37988.01000000,38972.08000000,37867.65000000,38547.79000000,15861.11221000,480,480,False
1646726400000,1646755200000,38547.79000000,39226.99000000,38307.07000000,38658.34000000,21688.29215000,480,480,False
1646755200000,1646784000000,38658.34000000,39362.08000000,38139.84000000,38730.63000000,18033.66202000,480,480,False
1646784000000,1646812800000,38730.63000000,41884.00000000,38656.45000000,41791.10000000,27575.94059000,480,480,False
1646812800000,1646841600000,41791.10000000,42594.06000000,41626.28000000,42520.99000000,25967.48538000,480,480,False
1646841600000,1646870400000,42520.99000000,42558.96000000,41683.06000000,41941.71000000,13849.16202000,480,480,False
1646870400000,1646899200000,41941.70000000,42039.63000000,38848.48000000,39238.90000000,30530.48191000,480,480,False
1646899200000,1646928000000,39238.90000000,40292.44000000,38539.73000000,39179.54000000,29203.08837000,480,480,False
1646928000000,1646956800000,39179.55000000,39680.00000000,38904.63000000,39422.00000000,12229.36126000,480,480,False
1646956800000,1646985600000,39422.01000000,39439.65000000,38223.60000000,39132.09000000,18067.46911000,480,480,False
1646985600000,1647014400000,39132.10000000,40236.26000000,38806.86000000,39080.26000000,26901.80897000,480,480,False
1647014400000,1647043200000,39080.26000000,39177.48000000,38308.83000000,38729.57000000,14049.48612000,480,480,False
1647043200000,1647072000000,38729.57000000,39327.99000000,38660.52000000,39104.99000000,7148.92565000,480,480,False
1647072000000,1647100800000,39104.99000000,39284.46000000,38678.22000000,39042.04000000,9024.65373000,480,480,False
1647100800000,1647129600000,39042.05000000,39486.71000000,38730.67000000,38807.36000000,7860.78494000,480,480,False
1647129600000,1647158400000,38807.35000000,39310.00000000,38703.73000000,39089.77000000,5610.90719000,480,480,False
1647158400000,1647187200000,39089.76000000,39129.22000000,38370.00000000,38936.00000000,13439.21026000,480,480,False
1647187200000,1647216000000,38936.00000000,39067.00000000,37578.51000000,37777.34000000,13741.70614000,480,480,False
1647216000000,1647244800000,37777.35000000,39184.66000000,37555.00000000,39078.92000000,16182.19498000,480,480,False
1647244800000,1647273600000,39078.91000000,39299.98000000,38612.01000000,38964.25000000,15405.83097000,480,480,False
1647273600000,1647302400000,38964.26000000,39947.12000000,38415.40000000,39671.37000000,15357.42780000,480,480,False
1647302400000,1647331200000,39671.37000000,39804.68000000,38098.33000000,38439.50000000,13475.83329000,480,480,False
1647331200000,1647360000000,38439.50000000,39270.24000000,38254.35000000,39017.11000000,16096.05628000,480,480,False
1647360000000,1647388800000,39017.11000000,39887.61000000,38926.15000000,39280.33000000,16443.65969000,480,480,False
1647388800000,1647417600000,39280.33000000,41718.00000000,38828.48000000,39581.00000000,32047.92753000,480,480,False
1647417600000,1647446400000,39581.01000000,41194.60000000,39563.63000000,40611.67000000,23764.06885000,480,480,False
1647446400000,1647475200000,40611.67000000,41471.36000000,39311.53000000,41114.00000000,32308.76529000,480,480,False
1647475200000,1647504000000,41114.01000000,41478.82000000,40543.52000000,40726.05000000,13377.30403000,480,480,False
1647504000000,1647532800000,40726.06000000,41233.27000000,40500.00000000,40798.56000000,14661.85244000,480,480,False
1647532800000,1647561600000,40798.56000000,41068.90000000,40565.39000000,40917.90000000,9150.22440000,480,480,False
1647561600000,1647590400000,40917.89000000,40933.11000000,40215.59000000,40570.67000000,10019.96814000,480,480,False
1647590400000,1647619200000,40570.67000000,41072.96000000,40135.04000000,40931.08000000,16852.32973000,480,480,False
1647619200000,1647648000000,40931.08000000,42325.02000000,40904.98000000,41757.51000000,18535.71182000,480,480,False
1647648000000,1647676800000,41757.51000000,42000.00000000,41499.29000000,41610.00000000,9454.04424000,480,480,False
1647676800000,1647705600000,41609.99000000,42085.62000000,41575.06000000,41937.68000000,8988.18051000,480,480,False
1647705600000,1647734400000,41937.68000000,42400.00000000,41715.43000000,42201.13000000,10624.95633000,480,480,False
1647734400000,1647763200000,42201.13000000,42296.26000000,41751.99000000,41863.99000000,7902.55782000,480,480,False
1647763200000,1647792000000,41863.99000000,41937.99000000,41252.67000000,41340.30000000,11367.82037000,480,480,False
1647792000000,1647820800000,41340.30000000,41677.65000000,40911.00000000,41262.11000000,11382.95649000,480,480,False
1647820800000,1647849600000,41262.11000000,41451.51000000,40467.94000000,41102.01000000,12125.23789000,480,480,False
1647849600000,1647878400000,41102.00000000,41544.22000000,40738.48000000,41224.48000000,15374.75455000,480,480,False
1647878400000,1647907200000,41224.48000000,41370.00000000,40759.18000000,41002.25000000,11926.25633000,480,480,False
1647907200000,1647936000000,41002.26000000,43361.00000000,40875.51000000,42215.94000000,29799.14765000,480,480,False
1647936000000,1647964800000,42215.95000000,43199.00000000,42085.74000000,42573.81000000,19389.47749000,480,480,False
1647964800000,1647993600000,42573.80000000,42872.17000000,42258.68000000,42364.13000000,10266.31780000,480,480,False
1647993600000,1648022400000,42364.13000000,42529.99000000,41751.47000000,42107.74000000,12236.73975000,480,480,False
1648022400000,1648051200000,42107.73000000,42737.39000000,41878.82000000,42618.18000000,16173.92967000,480,480,False
1648051200000,1648080000000,42618.18000000,43025.96000000,42050.37000000,42882.76000000,12418.20097000,480,480,False
1648080000000,1648108800000,42882.76000000,43478.00000000,42650.00000000,43077.74000000,16130.38775000,480,480,False
1648108800000,1648137600000,43077.75000000,44036.93000000,42560.46000000,44000.01000000,26152.31431000,480,480,False
1648137600000,1648166400000,44000.00000000,44220.89000000,43757.10000000,43991.46000000,13912.42168000,480,480,False
1648166400000,1648195200000,43991.46000000,44398.53000000,43854.38000000,43904.97000000,14080.40580000,480,480,False
1648195200000,1648224000000,43904.97000000,45094.14000000,43579.00000000,44318.21000000,26469.07829000,480,480,False
1648224000000,1648252800000,44318.21000000,44646.06000000,44013.11000000,44313.16000000,14064.95239000,480,480,False
1648252800000,1648281600000,44313.16000000,44548.24000000,44071.97000000,44510.07000000,7221.93105000,480,480,False
1648281600000,1648310400000,44510.07000000,44578.00000000,44153.94000000,44205.31000000,6980.73994000,480,480,False
1648310400000,1648339200000,44205.30000000,44792.99000000,44140.76000000,44511.27000000,8838.94642000,480,480,False
1648339200000,1648368000000,44511.27000000,44950.00000000,44484.11000000,44734.06000000,6790.44596000,480,480,False
1648368000000,1648396800000,44734.06000000,44933.45000000,44421.46000000,44857.52000000,8021.99595000,480,480,False
1648396800000,1648425600000,44857.53000000,46999.00000000,44678.12000000,46827.76000000,27062.46880000,480,480,False
1648425600000,1648454400000,46827.76000000,47650.00000000,46663.56000000,46989.24000000,22562.50590000,480,480,False
1648454400000,1648483200000,46989.24000000,47908.05000000,46845.98000000,47422.51000000,18782.25097000,480,480,False
1648483200000,1648512000000,47422.51000000,48189.84000000,46885.44000000,47122.21000000,17604.50453000,480,480,False
1648512000000,1648540800000,47122.21000000,47753.75000000,47050.00000000,47344.44000000,9390.22498000,480,480,False
1648540800000,1648569600000,47344.45000000,48096.47000000,47334.69000000,47440.00000000,14495.47212000,480,480,False
1648569600000,1648598400000,47440.00000000,47871.02000000,46950.85000000,47434.80000000,12886.58747000,480,480,False
1648598400000,1648627200000,47434.79000000,47580.00000000,46445.42000000,47384.44000000,13665.08179000,480,480,False
1648627200000,1648656000000,47384.44000000,47500.00000000,46869.00000000,47160.81000000,12704.77255000,480,480,False
1648656000000,1648684800000,47160.82000000,47700.22000000,46831.81000000,47067.99000000,14577.35416000,480,480,False
1648684800000,1648713600000,47067.99000000,47425.21000000,46898.12000000,47160.76000000,8703.31051000,480,480,False
1648713600000,1648742400000,47160.75000000,47600.00000000,46230.00000000,46453.81000000,20888.81343000,480,480,False
1648742400000,1648771200000,46453.81000000,46492.65000000,45200.00000000,45510.34000000,19053.00273000,480,480,False
1648771200000,1648800000000,45510.35000000,45644.86000000,44200.00000000,45015.69000000,21592.38959000,480,480,False
1648800000000,1648828800000,45015.68000000,46720.09000000,44701.01000000,46532.00000000,23359.02559000,480,480,False
1648828800000,1648857600000,46531.99000000,46602.00000000,45893.98000000,46283.49000000,11319.64956000,480,480,False
1648857600000,1648886400000,46283.49000000,47213.00000000,46081.93000000,46584.49000000,12876.72986000,480,480,False
1648886400000,1648915200000,46584.49000000,46941.11000000,46130.03000000,46295.06000000,12286.82004000,480,480,False
1648915200000,1648944000000,46295.06000000,46487.01000000,45620.00000000,45811.00000000,11909.98592000,480,480,False
1648944000000,1648972800000,45810.99000000,46570.00000000,45530.92000000,46363.82000000,9095.80962000,480,480,False
1648972800000,1649001600000,46363.83000000,46723.00000000,46076.92000000,46412.49000000,8928.84068000,480,480,False
1649001600000,1649030400000,46412.49000000,47444.11000000,46220.16000000,46407.35000000,15370.02764000,480,480,False
1649030400000,1649059200000,46407.36000000,46461.14000000,45744.77000000,46173.99000000,11372.58071000,480,480,False
1649059200000,1649088000000,46174.00000000,46359.00000000,45555.00000000,45633.88000000,14373.79403000,480,480,False
1649088000000,1649116800000,45633.88000000,46890.71000000,45118.00000000,46580.51000000,18895.50040000,480,480,False
1649116800000,1649145600000,46580.50000000,46884.49000000,46412.62000000,46709.99000000,8028.49990000,480,480,False
1649145600000,1649174400000,46710.00000000,47200.00000000,45667.40000000,45763.72000000,20142.59680000,480,480,False
1649174400000,1649203200000,45763.73000000,46191.00000000,45353.81000000,45497.55000000,14021.65182000,480,480,False
1649203200000,1649232000000,45497.54000000,45507.14000000,44412.00000000,45276.04000000,13908.44285000,480,480,False
1649232000000,1649260800000,45276.04000000,45453.94000000,43705.64000000,44168.35000000,24894.64974000,480,480,False
1649260800000,1649289600000,44168.36000000,44298.61000000,43121.00000000,43170.47000000,22046.23677000,480,480,False
1649289600000,1649318400000,43170.47000000,43559.09000000,42727.35000000,43445.33000000,13008.36589000,480,480,False
1649318400000,1649347200000,43445.34000000,43900.99000000,43024.86000000,43331.81000000,14734.03509000,480,480,False
1649347200000,1649376000000,43331.82000000,43819.99000000,43208.00000000,43444.19000000,9654.14058000,480,480,False
1649376000000,1649404800000,43444.20000000,43780.32000000,43305.57000000,43763.52000000,7258.30129000,480,480,False
1649404800000,1649433600000,43763.53000000,43970.62000000,42751.01000000,43648.01000000,18041.56763000,480,480,False
1649433600000,1649462400000,43648.01000000,43714.97000000,42107.14000000,42252.01000000,17075.17311000,480,480,False
1649462400000,1649491200000,42252.02000000,42640.00000000,42125.48000000,42481.09000000,6820.77508000,480,480,False
1649491200000,1649520000000,42481.08000000,42540.00000000,42158.67000000,42260.77000000,5743.19118000,480,480,False
1649520000000,1649548800000,42253.02000000,42800.00000000,42183.60000000,42753.97000000,5327.69421000,480,480,False
1649548800000,1649577600000,42753.96000000,42896.64000000,42575.40000000,42633.59000000,3939.13869000,480,480,False
1649577600000,1649606400000,42633.59000000,42850.00000000,42433.49000000,42747.47000000,5401.93728000,480,480,False
1649606400000,1649635200000,42747.48000000,43410.30000000,41868.00000000,42158.85000000,13430.01806000,480,480,False
1649635200000,1649664000000,42158.85000000,42414.71000000,41755.00000000,42305.75000000,12440.81108000,480,480,False
1649664000000,1649692800000,42305.74000000,42350.00000000,40560.00000000,40581.51000000,25421.72992000,480,480,False
1649692800000,1649721600000,40581.52000000,40896.83000000,39200.00000000,39530.45000000,25697.90621000,480,480,False
1649721600000,1649750400000,39530.45000000,40196.39000000,39290.00000000,40183.97000000,17974.68022000,480,480,False
1649750400000,1649779200000,40183.97000000,40699.00000000,39800.00000000,40179.13000000,23367.06390000,480,480,False
1649779200000,1649808000000,40179.12000000,40376.80000000,39254.63000000,40074.94000000,16409.27366000,480,480,False
1649808000000,1649836800000,40074.95000000,40275.00000000,39588.54000000,40130.00000000,8647.83726000,480,480,False
1649836800000,1649865600000,40129.99000000,41411.00000000,39622.87000000,41158.18000000,19994.06952000,480,480,False
1649865600000,1649894400000,41158.18000000,41561.31000000,40829.00000000,41147.79000000,12700.36576000,480,480,False
1649894400000,1649923200000,41147.78000000,41500.00000000,41064.35000000,41271.66000000,8226.19610000,480,480,False
1649923200000,1649952000000,41271.66000000,41324.93000000,39925.21000000,39964.02000000,17802.17139000,480,480,False
1649952000000,1649980800000,39964.01000000,40069.00000000,39551.94000000,39942.38000000,10778.64652000,480,480,False
1649980800000,1650009600000,39942.37000000,40449.96000000,39766.40000000,40239.43000000,7899.07290000,480,480,False
1650009600000,1650038400000,40239.43000000,40870.36000000,39900.00000000,40412.20000000,10558.36120000,480,480,False
1650038400000,1650067200000,40412.21000000,40650.01000000,40203.68000000,40551.90000000,5568.92329000,480,480,False
1650067200000,1650096000000,40551.90000000,40709.35000000,40353.54000000,40393.77000000,4191.72657000,480,480,False
1650096000000,1650124800000,40393.77000000,40577.57000000,39991.55000000,40062.68000000,6829.90965000,480,480,False
1650124800000,1650153600000,40062.67000000,40699.55000000,40005.78000000,40378.71000000,4783.81096000,480,480,False
1650153600000,1650182400000,40378.70000000,40430.00000000,40122.05000000,40285.15000000,3187.17978000,480,480,False
1650182400000,1650211200000,40285.15000000,40595.67000000,40200.00000000,40445.30000000,5696.52902000,480,480,False
1650211200000,1650240000000,40445.30000000,40476.07000000,39546.17000000,39678.12000000,11104.78379000,480,480,False
1650240000000,1650268800000,39678.11000000,39896.98000000,38536.51000000,38919.85000000,15694.16348000,480,480,False
1650268800000,1650297600000,38919.85000000,39620.80000000,38799.00000000,39254.50000000,15558.17510000,480,480,False
1650297600000,1650326400000,39254.50000000,41116.73000000,39000.00000000,40801.13000000,22991.15717000,480,480,False
1650326400000,1650355200000,40801.13000000,41263.43000000,40571.00000000,40683.14000000,8836.86713000,480,480,False
1650355200000,1650384000000,40683.13000000,41760.00000000,40580.00000000,41445.87000000,17635.95349000,480,480,False
1650384000000,1650412800000,41445.88000000,41547.65000000,41167.92000000,41493.18000000,9316.03781000,480,480,False
1650412800000,1650441600000,41493.19000000,41631.47000000,41229.96000000,41340.05000000,8383.61950000,480,480,False
1650441600000,1650470400000,41340.04000000,42199.00000000,41054.10000000,41261.73000000,21297.58276000,480,480,False
1650470400000,1650499200000,41261.72000000,41645.09000000,40820.00000000,41358.19000000,11196.14815000,480,480,False
1650499200000,1650528000000,41358.19000000,41940.00000000,41320.47000000,41855.69000000,9575.17541000,480,480,False
1650528000000,1650556800000,41855.69000000,42976.00000000,41741.10000000,42135.33000000,26458.55970000,480,480,False
1650556800000,1650585600000,42135.34000000,42184.04000000,39751.00000000,40480.01000000,23282.54146000,480,480,False
1650585600000,1650614400000,40480.01000000,40795.06000000,40232.63000000,40709.59000000,13312.14762000,480,480,False
1650614400000,1650643200000,40709.60000000,40783.54000000,39320.02000000,39433.60000000,20445.75747000,480,480,False
1650643200000,1650672000000,39433.60000000,39835.23000000,39177.00000000,39709.18000000,12906.11451000,480,480,False
1650672000000,1650700800000,39709.19000000,39872.64000000,39285.00000000,39600.98000000,7051.75067000,480,480,False
1650700800000,1650729600000,39600.98000000,39820.62000000,39501.41000000,39792.65000000,6785.94612000,480,480,False
1650729600000,1650758400000,39792.65000000,39980.00000000,39327.58000000,39441.60000000,6453.72696000,480,480,False
1650758400000,1650787200000,39441.61000000,39828.00000000,39414.18000000,39751.38000000,6150.71137000,480,480,False
1650787200000,1650816000000,39751.38000000,39940.00000000,39351.58000000,39656.49000000,8255.64205000,480,480,False
1650816000000,1650844800000,39656.49000000,39807.94000000,38929.62000000,39450.13000000,12297.25844000,480,480,False
1650844800000,1650873600000,39450.12000000,39500.84000000,38200.00000000,38453.92000000,18722.04755000,480,480,False
1650873600000,1650902400000,38453.92000000,39420.00000000,38209.36000000,38976.76000000,24036.24096000,480,480,False
1650902400000,1650931200000,38976.76000000,40616.00000000,38911.57000000,40426.08000000,20278.83933000,480,480,False
1650931200000,1650960000000,40426.08000000,40773.65000000,40374.23000000,40584.50000000,11180.53810000,480,480,False
1650960000000,1650988800000,40584.50000000,40797.31000000,38550.00000000,38563.94000000,24678.00873000,480,480,False
1650988800000,1651017600000,38563.94000000,38886.51000000,37702.26000000,38112.65000000,30791.71117000,480,480,False
1651017600000,1651046400000,38112.64000000,39113.72000000,37881.31000000,39112.74000000,12720.73190000,480,480,False
1651046400000,1651075200000,39113.06000000,39474.72000000,38435.95000000,39005.76000000,29448.64698000,480,480,False
1651075200000,1651104000000,39005.77000000,39399.99000000,38668.20000000,39235.72000000,14913.74384000,480,480,False
1651104000000,1651132800000,39235.72000000,39689.49000000,39152.96000000,39385.01000000,10737.21143000,480,480,False
1651132800000,1651161600000,39385.01000000,40300.00000000,38881.43000000,39438.01000000,26354.26814000,480,480,False
1651161600000,1651190400000,39438.12000000,40372.63000000,39314.05000000,39742.07000000,18995.19193000,480,480,False
1651190400000,1651219200000,39742.06000000,39925.25000000,39286.01000000,39610.14000000,10801.61442000,480,480,False
1651219200000,1651248000000,39610.14000000,39634.12000000,38616.46000000,39004.86000000,22958.77785000,480,480,False
1651248000000,1651276800000,39004.87000000,39078.30000000,38175.00000000,38596.11000000,17693.26488000,480,480,False
1651276800000,1651305600000,38596.11000000,38795.38000000,38493.52000000,38650.34000000,6500.31449000,480,480,False
1651305600000,1651334400000,38650.35000000,38688.72000000,38156.04000000,38466.56000000,12877.92827000,480,480,False
1651334400000,1651363200000,38466.56000000,38610.15000000,37578.20000000,37630.80000000,15942.94713000,480,480,False
1651363200000,1651392000000,37630.80000000,38165.12000000,37386.38000000,37970.27000000,12989.45006000,480,480,False
1651392000000,1651420800000,37970.27000000,38641.46000000,37841.90000000,38490.00000000,9646.54913000,480,480,False
1651420800000,1651449600000,38490.01000000,38675.00000000,37686.26000000,38468.35000000,16176.24185000,480,480,False
1651449600000,1651478400000,38468.35000000,39167.34000000,38376.38000000,38881.47000000,12560.27334000,480,480,False
1651478400000,1651507200000,38881.46000000,39155.47000000,38242.51000000,38696.05000000,24317.48873000,480,480,False
1651507200000,1651536000000,38696.05000000,38908.56000000,38052.00000000,38525.16000000,16323.16421000,480,480,False
1651536000000,1651564800000,38525.16000000,38625.00000000,38317.06000000,38559.99000000,9051.40009000,480,480,False
1651564800000,1651593600000,38559.99000000,38651.51000000,38152.00000000,38326.36000000,14119.25879000,480,480,False
1651593600000,1651622400000,38326.37000000,38396.05000000,37517.80000000,37728.95000000,17145.79470000,480,480,False
1651622400000,1651651200000,37728.95000000,38757.27000000,37670.00000000,38701.32000000,13508.04480000,480,480,False
1651651200000,1651680000000,38701.32000000,39182.00000000,38658.96000000,38973.20000000,20012.28564000,480,480,False
1651680000000,1651708800000,38973.20000000,40023.77000000,38590.97000000,39690.00000000,29054.28692000,480,480,False
1651708800000,1651737600000,39690.00000000,39845.51000000,39516.92000000,39588.84000000,9408.84111000,480,480,False
1651737600000,1651766400000,39588.85000000,39629.85000000,36514.29000000,36909.67000000,40140.46107000,480,480,False
1651766400000,1651795200000,36909.67000000,37322.00000000,35571.90000000,36552.97000000,39173.13137000,480,480,False
1651795200000,1651824000000,36552.97000000,36675.63000000,35833.01000000,36371.94000000,15929.20745000,480,480,False
1651824000000,1651852800000,36371.94000000,36514.63000000,35258.00000000,36004.34000000,38472.84989000,480,480,False
1651852800000,1651881600000,36004.33000000,36239.40000000,35834.03000000,36013.77000000,14035.74453000,480,480,False
1651881600000,1651910400000,36013.77000000,36077.98000000,35722.24000000,35921.60000000,7565.50411000,480,480,False
1651910400000,1651939200000,35921.60000000,36146.30000000,35866.00000000,35962.47000000,8299.20506000,480,480,False
1651939200000,1651968000000,35962.47000000,35997.14000000,34785.00000000,35472.39000000,18416.99765000,480,480,False
1651968000000,1651996800000,35472.40000000,35514.22000000,34210.00000000,34596.55000000,30358.11174000,480,480,False
1651996800000,1652025600000,34596.55000000,34870.88000000,34301.01000000,34357.92000000,16249.42362000,480,480,False
1652025600000,1652054400000,34357.91000000,34763.34000000,33713.95000000,34038.40000000,25838.10808000,480,480,False
1652054400000,1652083200000,34038.39000000,34243.15000000,33267.26000000,33523.27000000,31184.06116000,480,480,False
1652083200000,1652112000000,33523.27000000,33777.00000000,32061.29000000,32341.53000000,59532.30100500,480,480,False
1652112000000,1652140800000,32341.53000000,32588.20000000,30033.33000000,30076.31000000,101160.56426300,480,480,False
1652140800000,1652169600000,30074.23000000,32658.99000000,29730.40000000,31609.78000000,75424.96433000,480,480,False
1652169600000,1652198400000,31609.79000000,32383.80000000,30819.98000000,31320.00000000,57846.14241000,480,480,False
1652198400000,1652227200000,31320.00000000,31805.15000000,30147.78000000,31017.10000000,32260.89637000,480,480,False
1652227200000,1652256000000,31017.11000000,31888.85000000,30200.00000000,30614.99000000,43823.24671000,480,480,False
1652256000000,1652284800000,30614.99000000,32162.59000000,29039.54000000,30977.61000000,108769.93886700,480,480,False
1652284800000,1652313600000,30977.61000000,31131.58000000,27785.00000000,29103.94000000,54470.55370100,480,480,False
1652313600000,1652342400000,29103.94000000,30243.00000000,26700.00000000,28193.40000000,103273.77118800,480,480,False
1652342400000,1652371200000,28193.40000000,29813.00000000,27477.70000000,29021.27000000,65689.41176000,480,480,False
1652371200000,1652400000000,29021.26000000,29967.03000000,28001.00000000,29029.75000000,35544.08019000,480,480,False
1652400000000,1652428800000,29029.74000000,31083.37000000,28751.67000000,30171.13000000,40090.69288000,480,480,False
1652428800000,1652457600000,30171.13000000,31033.00000000,30171.13000000,30339.99000000,31457.30867000,480,480,False
1652457600000,1652486400000,30340.00000000,30537.78000000,29200.00000000,29287.05000000,26324.36802000,480,480,False
1652486400000,1652515200000,29287.05000000,29824.69000000,29200.00000000,29431.59000000,12781.57196000,480,480,False
1652515200000,1652544000000,29431.58000000,29599.51000000,28660.76000000,28818.06000000,19268.01592000,480,480,False
1652544000000,1652572800000,28818.05000000,30343.27000000,28630.00000000,30086.74000000,19046.29075000,480,480,False
1652572800000,1652601600000,30086.74000000,30273.21000000,29480.00000000,29825.99000000,11224.70867000,480,480,False
1652601600000,1652630400000,29826.00000000,30561.37000000,29547.48000000,30013.47000000,15854.97025000,480,480,False
1652630400000,1652659200000,30013.46000000,31460.00000000,29936.49000000,31328.89000000,19195.99020000,480,480,False
1652659200000,1652688000000,31328.89000000,31328.90000000,29258.00000000,29593.89000000,23076.17110000,480,480,False
1652688000000,1652716800000,29593.89000000,30252.77000000,29313.48000000,29676.56000000,30249.38549000,480,480,False
1652716800000,1652745600000,29676.56000000,30259.78000000,29087.04000000,29874.01000000,19756.63999000,480,480,False
1652745600000,1652774400000,29874.01000000,30578.14000000,29780.97000000,30412.06000000,12571.72588000,480,480,False
1652774400000,1652803200000,30412.05000000,30788.37000000,29944.48000000,30153.74000000,21251.26262000,480,480,False
1652803200000,1652832000000,30153.74000000,30669.00000000,29450.38000000,30444.93000000,22901.14457000,480,480,False
1652832000000,1652860800000,30444.93000000,30709.99000000,29682.97000000,29910.25000000,15215.12009000,480,480,False
1652860800000,1652889600000,29910.25000000,30046.79000000,28875.00000000,28984.99000000,23479.31280000,480,480,False
1652889600000,1652918400000,28984.98000000,29538.19000000,28654.47000000,28715.32000000,21054.72510000,480,480,False
1652918400000,1652947200000,28715.33000000,29432.80000000,28691.38000000,29192.13000000,16177.01158000,480,480,False
1652947200000,1652976000000,29192.13000000,30545.18000000,28855.42000000,30389.45000000,31109.19779000,480,480,False
1652976000000,1653004800000,30389.45000000,30486.57000000,29950.45000000,30319.23000000,20591.15478000,480,480,False
1653004800000,1653033600000,30319.22000000,30777.33000000,29850.51000000,30256.74000000,16536.66290000,480,480,False
1653033600000,1653062400000,30256.74000000,30535.40000000,29071.39000000,29152.90000000,24789.53372000,480,480,False
1653062400000,1653091200000,29152.90000000,29391.40000000,28730.00000000,29201.01000000,19191.05663000,480,480,False
1653091200000,1653120000000,29201.01000000,29566.00000000,28947.28000000,29423.18000000,7075.47545000,480,480,False
1653120000000,1653148800000,29423.18000000,29645.70000000,29168.68000000,29552.47000000,7535.16641000,480,480,False
1653148800000,1653177600000,29552.47000000,29656.18000000,29311.07000000,29445.06000000,6376.48938000,480,480,False
1653177600000,1653206400000,29445.07000000,29545.75000000,29255.11000000,29441.78000000,5086.38852000,480,480,False
1653206400000,1653235200000,29441.78000000,30311.31000000,29421.53000000,29844.01000000,19684.90271000,480,480,False
1653235200000,1653264000000,29844.01000000,30487.99000000,29738.57000000,30293.94000000,11387.69625000,480,480,False
1653264000000,1653292800000,30293.93000000,30670.51000000,30048.77000000,30457.01000000,12225.39740000,480,480,False
1653292800000,1653321600000,30457.01000000,30625.98000000,29967.07000000,30373.53000000,22023.46407000,480,480,False
1653321600000,1653350400000,30373.53000000,30529.90000000,28866.35000000,29109.15000000,29652.63785000,480,480,False
1653350400000,1653379200000,29109.14000000,29439.26000000,29056.70000000,29404.55000000,11537.85495000,480,480,False
1653379200000,1653408000000,29404.54000000,29650.00000000,28669.00000000,29382.31000000,26996.74861000,480,480,False
1653408000000,1653436800000,29382.32000000,29845.86000000,29101.00000000,29654.58000000,20908.35680000,480,480,False
1653436800000,1653465600000,29654.58000000,30223.74000000,29557.36000000,29701.46000000,16064.44143000,480,480,False
1653465600000,1653494400000,29701.47000000,29941.41000000,29294.21000000,29629.36000000,24472.71042000,480,480,False
1653494400000,1653523200000,29629.35000000,30034.37000000,29430.54000000,29542.15000000,19000.23474000,480,480,False
1653523200000,1653552000000,29542.14000000,29886.64000000,29337.77000000,29733.70000000,12369.20129000,480,480,False
1653552000000,1653580800000,29733.71000000,29744.25000000,28019.56000000,29393.10000000,62727.90228000,480,480,False
1653580800000,1653609600000,29393.10000000,29787.69000000,29174.00000000,29201.35000000,19484.55106000,480,480,False
1653609600000,1653638400000,29201.35000000,29390.34000000,28643.89000000,28992.99000000,34832.17312000,480,480,False
1653638400000,1653667200000,28993.00000000,29397.66000000,28639.26000000,28850.45000000,28161.63705000,480,480,False
1653667200000,1653696000000,28850.46000000,29056.00000000,28282.90000000,28629.80000000,28004.70993000,480,480,False
1653696000000,1653724800000,28629.81000000,28949.39000000,28450.00000000,28885.72000000,16151.80876000,480,480,False
1653724800000,1653753600000,28885.71000000,29266.00000000,28766.68000000,28988.21000000,11291.51181000,480,480,False
1653753600000,1653782400000,28988.20000000,29154.61000000,28784.48000000,29031.33000000,7036.03070000,480,480,False
1653782400000,1653811200000,29031.33000000,29060.32000000,28839.21000000,29008.35000000,5747.15596000,480,480,False
1653811200000,1653840000000,29008.35000000,29489.00000000,28952.70000000,29215.98000000,12872.32999000,480,480,False
1653840000000,1653868800000,29215.97000000,29587.78000000,29077.98000000,29468.10000000,8947.86169000,480,480,False
1653868800000,1653897600000,29468.10000000,30928.71000000,29299.62000000,30636.12000000,30132.28164000,480,480,False
1653897600000,1653926400000,30636.12000000,30931.00000000,30269.22000000,30634.08000000,22884.35278000,480,480,False
1653926400000,1653955200000,30634.08000000,32222.00000000,30500.00000000,31734.22000000,43769.31318000,480,480,False
1653955200000,1653984000000,31734.23000000,31861.55000000,31434.66000000,31573.77000000,17627.25119000,480,480,False
1653984000000,1654012800000,31573.76000000,32181.37000000,31200.01000000,32058.53000000,23942.65221000,480,480,False
1654012800000,1654041600000,32058.52000000,32399.00000000,31570.53000000,31801.04000000,20863.21292000,480,480,False
1654041600000,1654070400000,31801.05000000,31982.97000000,31371.45000000,31482.43000000,13676.93896000,480,480,False
1654070400000,1654099200000,31482.42000000,31901.34000000,30600.00000000,30742.59000000,30606.04796000,480,480,False
1654099200000,1654128000000,30742.59000000,30744.19000000,29301.00000000,29805.83000000,59112.64690000,480,480,False
1654128000000,1654156800000,29805.84000000,30123.35000000,29594.55000000,29968.26000000,14346.72089000,480,480,False
1654156800000,1654185600000,29968.27000000,30387.84000000,29597.01000000,30212.73000000,26931.63623000,480,480,False
1654185600000,1654214400000,30212.73000000,30689.00000000,29977.45000000,30452.62000000,15683.07216000,480,480,False
1654214400000,1654243200000,30452.63000000,30699.00000000,30282.29000000,30443.74000000,11129.53297000,480,480,False
1654243200000,1654272000000,30443.70000000,30529.07000000,29282.36000000,29506.24000000,31862.67122000,480,480,False
1654272000000,1654300800000,29506.25000000,29887.56000000,29401.00000000,29700.21000000,11075.24308000,480,480,False
1654300800000,1654329600000,29700.21000000,29763.35000000,29500.00000000,29700.96000000,8496.64475000,480,480,False
1654329600000,1654358400000,29700.96000000,29988.88000000,29485.00000000,29858.80000000,9820.83816000,480,480,False
1654358400000,1654387200000,29858.79000000,29977.99000000,29613.26000000,29864.04000000,7300.41822000,480,480,False
1654387200000,1654416000000,29864.03000000,29897.18000000,29645.67000000,29645.67000000,4841.51812000,480,480,False
1654416000000,1654444800000,29645.68000000,29981.00000000,29531.42000000,29972.22000000,6668.70308000,480,480,False
1654444800000,1654473600000,29972.23000000,30189.00000000,29761.00000000,29919.21000000,11629.70690000,480,480,False
1654473600000,1654502400000,29919.20000000,31434.75000000,29890.23000000,31292.77000000,27373.15142000,480,480,False
1654502400000,1654531200000,31292.76000000,31765.64000000,31162.55000000,31541.42000000,25900.99420000,480,480,False
1654531200000,1654560000000,31541.41000000,31599.85000000,31000.01000000,31373.10000000,15562.77894000,480,480,False
1654560000000,1654588800000,31373.10000000,31381.03000000,29218.96000000,29585.12000000,44411.01803000,480,480,False
1654588800000,1654617600000,29585.12000000,30041.25000000,29345.00000000,29891.17000000,22753.32483000,480,480,False
1654617600000,1654646400000,29891.17000000,31589.60000000,29747.62000000,31125.33000000,43510.17372000,480,480,False
1654646400000,1654675200000,31125.32000000,31327.22000000,29843.88000000,30561.77000000,32968.06412000,480,480,False
1654675200000,1654704000000,30561.77000000,30901.67000000,30051.16000000,30476.77000000,21872.65916000,480,480,False
1654704000000,1654732800000,30476.77000000,30552.64000000,29916.45000000,30204.77000000,13701.88948000,480,480,False
1654732800000,1654761600000,30204.77000000,30487.54000000,30070.24000000,30487.54000000,9714.33045000,480,480,False
1654761600000,1654790400000,30487.53000000,30700.00000000,29944.10000000,30302.24000000,23386.67962000,480,480,False
1654790400000,1654819200000,30302.23000000,30450.00000000,29970.51000000,30109.93000000,13190.17643000,480,480,False
1654819200000,1654848000000,30109.93000000,30382.80000000,29578.96000000,30052.43000000,20426.56817000,480,480,False
1654848000000,1654876800000,30052.44000000,30184.40000000,29222.67000000,29454.53000000,34539.70421000,480,480,False
1654876800000,1654905600000,29454.52000000,29484.45000000,28850.00000000,29091.88000000,21237.97742000,480,480,False
1654905600000,1654934400000,29091.87000000,29440.41000000,29047.93000000,29326.83000000,8055.01566000,480,480,False
1654934400000,1654963200000,29326.83000000,29345.11000000,28251.00000000,28405.54000000,37227.55467000,480,480,False
1654963200000,1654992000000,28405.55000000,28794.46000000,28099.99000000,28424.70000000,20618.82862000,480,480,False
1654992000000,1655020800000,28424.71000000,28544.96000000,27190.00000000,27645.89000000,33147.51992000,480,480,False
1655020800000,1655049600000,27645.88000000,28347.89000000,26890.00000000,28094.42000000,31324.81084000,480,480,False
1655049600000,1655078400000,28094.42000000,28238.58000000,26560.00000000,26574.53000000,28002.26804900,480,480,False
1655078400000,1655107200000,26574.53000000,26895.84000000,24555.00000000,24811.59000000,91780.84417600,480,480,False
1655107200000,1655136000000,24811.59000000,24941.17000000,22600.00000000,23271.54000000,112242.94558200,480,480,False
1655136000000,1655164800000,23271.53000000,24204.55000000,21925.77000000,22487.41000000,50587.24520800,480,480,False
1655164800000,1655193600000,22485.27000000,23362.88000000,20846.00000000,22877.52000000,108032.51736000,480,480,False
1655193600000,1655222400000,22877.52000000,22979.96000000,21725.22000000,22680.38000000,51659.28133000,480,480,False
1655222400000,1655251200000,22680.38000000,22777.07000000,21358.00000000,22136.41000000,27509.84802000,480,480,False
1655251200000,1655280000000,22136.42000000,22297.37000000,20652.18000000,20722.92000000,52452.13232300,480,480,False
1655280000000,1655308800000,20722.92000000,21798.95000000,20111.62000000,21419.10000000,79293.17869400,480,480,False
1655308800000,1655337600000,21419.09000000,22800.00000000,20250.00000000,22583.72000000,69029.18245000,480,480,False
1655337600000,1655366400000,22583.72000000,22995.73000000,21646.64000000,21764.17000000,27191.58741000,480,480,False
1655366400000,1655395200000,21764.18000000,21888.00000000,20745.00000000,21074.77000000,41183.33200000,480,480,False
1655395200000,1655424000000,21074.77000000,21500.00000000,20232.00000000,20401.31000000,31298.67488000,480,480,False
1655424000000,1655452800000,20400.60000000,21286.01000000,20246.66000000,21100.64000000,33108.34893000,480,480,False
1655452800000,1655481600000,21100.65000000,21365.43000000,20386.93000000,20663.70000000,32725.38566000,480,480,False
1655481600000,1655510400000,20661.95000000,20791.96000000,20368.20000000,20468.81000000,20860.60204000,480,480,False
1655510400000,1655539200000,20468.81000000,20792.06000000,19066.80000000,19258.58000000,48977.49491900,480,480,False
1655539200000,1655568000000,19258.58000000,19540.00000000,18742.50000000,18953.76000000,52828.99711900,480,480,False
1655568000000,1655596800000,18953.76000000,19493.23000000,17622.00000000,18970.79000000,94635.16348600,480,480,False
1655596800000,1655625600000,18970.79000000,19198.00000000,17960.41000000,18306.93000000,36227.49129000,480,480,False
1655625600000,1655654400000,18307.39000000,20150.00000000,18264.67000000,19824.97000000,55072.72501000,480,480,False
1655654400000,1655683200000,19824.96000000,20815.95000000,19350.08000000,20574.00000000,37020.65965000,480,480,False
1655683200000,1655712000000,20574.00000000,20687.99000000,19637.03000000,20086.63000000,32900.78538000,480,480,False
1655712000000,1655740800000,20086.62000000,21090.00000000,20023.14000000,20824.74000000,47403.54358000,480,480,False
1655740800000,1655769600000,20824.74000000,20832.82000000,19832.95000000,20573.89000000,28724.61258000,480,480,False
1655769600000,1655798400000,20573.90000000,21333.00000000,20348.40000000,21120.28000000,35302.25827000,480,480,False
1655798400000,1655827200000,21120.28000000,21723.00000000,20853.36000000,21392.19000000,44239.26833000,480,480,False
1655827200000,1655856000000,21392.18000000,21550.39000000,20551.00000000,20723.52000000,24829.54830000,480,480,False
1655856000000,1655884800000,20723.51000000,20736.68000000,19950.34000000,20099.62000000,28111.69045000,480,480,False
1655884800000,1655913600000,20099.62000000,20900.00000000,20035.54000000,20080.10000000,35983.97802000,480,480,False
1655913600000,1655942400000,20080.85000000,20380.00000000,19770.51000000,19987.99000000,28038.31091000,480,480,False
1655942400000,1655971200000,19988.00000000,20657.14000000,19890.07000000,20461.83000000,25390.35455000,480,480,False
1655971200000,1656000000000,20461.83000000,20829.21000000,20287.41000000,20351.91000000,28973.44741000,480,480,False
1656000000000,1656028800000,20351.91000000,21233.00000000,20170.00000000,21110.13000000,28763.28520000,480,480,False
1656028800000,1656057600000,21110.12000000,21369.85000000,20736.72000000,20913.72000000,22805.76401000,480,480,False
1656057600000,1656086400000,20913.73000000,21457.00000000,20745.01000000,20884.17000000,31554.12229000,480,480,False
1656086400000,1656115200000,20884.17000000,21558.41000000,20784.76000000,21237.69000000,23070.47992000,480,480,False
1656115200000,1656144000000,21237.68000000,21614.50000000,21121.72000000,21508.13000000,17808.91133000,480,480,False
1656144000000,1656172800000,21508.09000000,21555.71000000,20906.62000000,20961.89000000,19085.31403000,480,480,False
1656172800000,1656201600000,20961.89000000,21588.43000000,20915.00000000,21491.19000000,14537.45258000,480,480,False
1656201600000,1656230400000,21491.18000000,21544.49000000,21282.13000000,21396.52000000,11012.36033000,480,480,False
1656230400000,1656259200000,21396.52000000,21888.00000000,21197.12000000,21326.11000000,24588.76950000,480,480,False
1656259200000,1656288000000,21325.98000000,21445.88000000,20964.73000000,21038.07000000,17676.97481000,480,480,False
1656288000000,1656316800000,21038.08000000,21404.52000000,20926.01000000,21363.22000000,16402.41739000,480,480,False
1656316800000,1656345600000,21363.23000000,21539.85000000,20590.00000000,20754.73000000,29777.61126000,480,480,False
1656345600000,1656374400000,20754.74000000,20966.73000000,20510.00000000,20742.56000000,18294.97265000,480,480,False
1656374400000,1656403200000,20742.57000000,20933.00000000,20510.00000000,20879.39000000,16895.32064000,480,480,False
1656403200000,1656432000000,20879.39000000,21212.10000000,20588.00000000,20606.40000000,25326.06563000,480,480,False
1656432000000,1656460800000,20606.40000000,20771.80000000,20202.01000000,20281.29000000,21579.69693000,480,480,False
1656460800000,1656489600000,20281.28000000,20398.00000000,19889.00000000,20093.75000000,24585.80959000,480,480,False
1656489600000,1656518400000,20093.74000000,20254.20000000,19854.92000000,20084.48000000,30355.27773000,480,480,False
1656518400000,1656547200000,20084.48000000,20432.31000000,19921.85000000,20123.01000000,22367.95647000,480,480,False
1656547200000,1656576000000,20123.00000000,20179.08000000,19310.00000000,19435.90000000,22549.48297000,480,480,False
1656576000000,1656604800000,19435.89000000,19440.73000000,18756.71000000,19143.98000000,39812.48866000,480,480,False
1656604800000,1656633600000,19143.97000000,19980.00000000,18626.00000000,19942.21000000,31484.67643000,480,480,False
1656633600000,1656662400000,19942.21000000,20918.35000000,19315.91000000,19579.11000000,50314.26954000,480,480,False
1656662400000,1656691200000,19579.11000000,19821.28000000,18975.00000000,19290.94000000,39816.24544000,480,480,False
1656691200000,1656720000000,19290.95000000,19686.71000000,19221.03000000,19279.80000000,21714.07996000,480,480,False
1656720000000,1656748800000,19279.80000000,19387.44000000,19063.52000000,19126.81000000,17164.02880000,480,480,False
1656748800000,1656777600000,19126.81000000,19467.39000000,18977.01000000,19229.39000000,17319.34270000,480,480,False
1656777600000,1656806400000,19229.39000000,19408.01000000,19191.91000000,19252.81000000,11696.93060000,480,480,False
1656806400000,1656835200000,19252.82000000,19400.00000000,18781.00000000,19139.74000000,20103.37107000,480,480,False
1656835200000,1656864000000,19139.75000000,19155.44000000,18930.19000000,19046.78000000,12297.95800000,480,480,False
1656864000000,1656892800000,19046.78000000,19647.63000000,19011.66000000,19315.83000000,18686.13724000,480,480,False
1656892800000,1656921600000,19315.83000000,19343.43000000,19055.31000000,19120.60000000,12319.86375000,480,480,False
1656921600000,1656950400000,19120.60000000,20143.02000000,19110.04000000,19801.47000000,37084.25259000,480,480,False
1656950400000,1656979200000,19801.48000000,20354.01000000,19676.90000000,20236.71000000,25409.92967000,480,480,False
1656979200000,1657008000000,20236.71000000,20478.40000000,20159.59000000,20215.69000000,21507.00981000,480,480,False
1657008000000,1657036800000,20215.68000000,20215.69000000,19304.40000000,19519.98000000,35674.51755000,480,480,False
1657036800000,1657065600000,19519.98000000,20750.00000000,19479.53000000,20175.83000000,38859.61020000,480,480,False
1657065600000,1657094400000,20175.84000000,20414.01000000,19761.25000000,20162.22000000,28273.91962000,480,480,False
1657094400000,1657123200000,20162.21000000,20366.20000000,19961.02000000,20148.86000000,27950.45657000,480,480,False
1657123200000,1657152000000,20148.85000000,20675.22000000,20133.55000000,20564.51000000,26215.20461000,480,480,False
1657152000000,1657180800000,20564.51000000,20594.77000000,20251.68000000,20440.01000000,15320.67923000,480,480,False
1657180800000,1657209600000,20440.01000000,21035.00000000,20378.16000000,20888.44000000,28722.01697000,480,480,False
1657209600000,1657238400000,20888.44000000,21838.10000000,20837.67000000,21624.98000000,40971.88641000,480,480,False
1657238400000,1657267200000,21624.99000000,22527.37000000,21578.14000000,21797.64000000,27185.01895000,480,480,False
1657267200000,1657296000000,21797.65000000,22130.00000000,21189.26000000,21962.52000000,231533.94667000,480,480,False
1657296000000,1657324800000,21964.30000000,22045.91000000,21550.00000000,21594.75000000,144362.60787000,480,480,False
1657324800000,1657353600000,21594.75000000,21728.63000000,21403.24000000,21654.72000000,66586.00266000,480,480,False
1657353600000,1657382400000,21654.72000000,21778.73000000,21322.12000000,21546.90000000,63082.05389000,480,480,False
1657382400000,1657411200000,21545.89000000,21980.00000000,21517.87000000,21591.83000000,48749.78813000,480,480,False
1657411200000,1657440000000,21592.15000000,21607.65000000,21091.81000000,21338.12000000,67356.22325000,480,480,False
1657440000000,1657468800000,21339.46000000,21424.67000000,20835.73000000,20899.76000000,68327.18120000,480,480,False
1657468800000,1657497600000,20898.44000000,21180.92000000,20655.00000000,20862.47000000,56504.81111000,480,480,False
1657497600000,1657526400000,20861.11000000,20868.48000000,20353.72000000,20439.91000000,41960.42258000,480,480,False
1657526400000,1657555200000,20439.17000000,20762.02000000,20271.10000000,20437.44000000,48481.68330000,480,480,False
1657555200000,1657584000000,20440.00000000,20716.29000000,19875.23000000,19963.61000000,47093.30136000,480,480,False
1657584000000,1657612800000,19963.61000000,20059.42000000,19620.00000000,19730.99000000,44282.38311000,480,480,False
1657612800000,1657641600000,19731.00000000,20010.00000000,19558.12000000,19886.33000000,50761.98870000,480,480,False
1657641600000,1657670400000,19886.33000000,20007.23000000,19240.00000000,19328.75000000,44462.08681000,480,480,False
1657670400000,1657699200000,19331.28000000,19875.00000000,19265.40000000,19705.25000000,38232.49843000,480,480,False
1657699200000,1657728000000,19707.06000000,20128.39000000,18910.94000000,19456.20000000,104159.07937000,480,480,False
1657728000000,1657756800000,19454.99000000,20366.61000000,19230.00000000,20234.87000000,66858.67108000,480,480,False
1657756800000,1657785600000,20234.87000000,20435.72000000,19894.76000000,19990.72000000,49918.11145000,480,480,False
1657785600000,1657814400000,19990.72000000,20466.00000000,19616.07000000,20390.50000000,70587.72067000,480,480,False
1657814400000,1657843200000,20390.00000000,20900.00000000,20143.96000000,20588.84000000,54303.38484000,480,480,False
1657843200000,1657872000000,20588.84000000,20936.00000000,20382.29000000,20835.38000000,44282.69666000,480,480,False
1657872000000,1657900800000,20835.38000000,21090.00000000,20720.16000000,20792.19000000,59067.89214000,480,480,False
1657900800000,1657929600000,20792.19000000,21200.00000000,20636.70000000,20830.04000000,39992.71610000,480,480,False
1657929600000,1657958400000,20830.04000000,20865.38000000,20478.61000000,20546.18000000,29240.12625000,480,480,False
1657958400000,1657987200000,20546.18000000,20957.46000000,20539.85000000,20943.02000000,30270.51111000,480,480,False
1657987200000,1658016000000,20943.02000000,21588.94000000,20911.64000000,21195.60000000,61501.03657000,480,480,False
1658016000000,1658044800000,21195.60000000,21684.54000000,21082.80000000,21467.61000000,37866.12528000,480,480,False
1658044800000,1658073600000,21467.61000000,21549.00000000,21075.07000000,21170.09000000,44428.81704000,480,480,False
1658073600000,1658102400000,21170.09000000,21355.00000000,20750.01000000,20798.16000000,35934.51018000,480,480,False
1658102400000,1658131200000,20799.58000000,22400.00000000,20762.45000000,22245.93000000,75575.66043000,480,480,False
1658131200000,1658160000000,22245.93000000,22777.63000000,21898.00000000,22675.83000000,87074.15837000,480,480,False
1658160000000,1658188800000,22675.83000000,22713.28000000,21388.00000000,22432.58000000,77292.91252000,480,480,False
1658188800000,1658217600000,22432.58000000,22961.72000000,21579.54000000,21764.88000000,91455.14668000,480,480,False
1658217600000,1658246400000,21764.88000000,23199.90000000,21696.60000000,23136.08000000,92044.57621000,480,480,False
1658246400000,1658275200000,23128.31000000,23800.00000000,22950.21000000,23396.62000000,80271.04285000,480,480,False
1658275200000,1658304000000,23398.48000000,23864.15000000,22922.00000000,23381.18000000,67757.24105000,480,480,False
1658304000000,1658332800000,23381.18000000,24276.74000000,23313.90000000,24172.63000000,89187.01375000,480,480,False
1658332800000,1658361600000,24172.64000000,24201.94000000,22906.19000000,23223.30000000,81817.91614000,480,480,False
1658361600000,1658390400000,23223.30000000,23442.77000000,22638.53000000,22931.56000000,57856.52579000,480,480,False
1658390400000,1658419200000,22929.28000000,23074.12000000,22341.46000000,22642.34000000,68188.16809000,480,480,False
1658419200000,1658448000000,22639.37000000,23308.80000000,22632.72000000,23152.19000000,58772.98803000,480,480,False
1658448000000,1658476800000,23152.19000000,23352.53000000,22805.89000000,23118.79000000,41409.78546000,480,480,False
1658476800000,1658505600000,23121.63000000,23756.49000000,23068.00000000,23290.68000000,77607.54614000,480,480,False
1658505600000,1658534400000,23290.71000000,23344.62000000,22500.00000000,22684.83000000,52581.10806000,480,480,False
1658534400000,1658563200000,22684.83000000,23000.77000000,22550.14000000,22770.52000000,32762.18785000,480,480,False
1658563200000,1658592000000,22771.94000000,22877.26000000,22039.89000000,22215.61000000,51105.76453000,480,480,False
1658592000000,1658620800000,22216.90000000,22559.00000000,21934.57000000,22451.07000000,38269.82137000,480,480,False
1658620800000,1658649600000,22448.58000000,22839.99000000,22257.15000000,22701.60000000,35843.59832000,480,480,False
1658649600000,1658678400000,22704.09000000,22911.31000000,22444.00000000,22847.08000000,42594.45173000,480,480,False
1658678400000,1658707200000,22847.08000000,23014.64000000,22513.70000000,22579.68000000,36751.62272000,480,480,False
1658707200000,1658736000000,22577.13000000,22666.00000000,21737.82000000,21962.33000000,55707.82991000,480,480,False
1658736000000,1658764800000,21962.33000000,22110.98000000,21683.40000000,21895.79000000,54207.28435000,480,480,False
1658764800000,1658793600000,21893.94000000,22259.98000000,21250.00000000,21310.90000000,70429.65217000,480,480,False
1658793600000,1658822400000,21310.90000000,21347.82000000,20856.48000000,21066.86000000,62537.82350000,480,480,False
1658822400000,1658851200000,21066.86000000,21196.58000000,20706.50000000,20746.81000000,58412.73168000,480,480,False
1658851200000,1658880000000,20746.81000000,21300.00000000,20734.79000000,21254.67000000,56866.68808000,480,480,False
1658880000000,1658908800000,21254.67000000,21451.33000000,21042.53000000,21347.36000000,44724.43988000,480,480,False
1658908800000,1658937600000,21346.11000000,21547.53000000,21129.65000000,21530.86000000,52567.79836000,480,480,False
1658937600000,1658966400000,21530.86000000,23112.63000000,21455.25000000,22952.45000000,113678.95972000,480,480,False
1658966400000,1658995200000,22954.31000000,23460.58000000,22701.44000000,22925.10000000,60557.34876000,480,480,False
1658995200000,1659024000000,22925.10000000,23992.00000000,22582.13000000,23745.57000000,98943.33121000,480,480,False
1659024000000,1659052800000,23747.85000000,24199.72000000,23662.52000000,23842.93000000,76528.39413000,480,480,False
1659052800000,1659081600000,23845.25000000,24442.66000000,23701.00000000,23943.26000000,56197.60302000,480,480,False
1659081600000,1659110400000,23941.63000000,24222.00000000,23414.03000000,24010.74000000,87377.36822000,480,480,False
1659110400000,1659139200000,24012.76000000,24138.69000000,23606.18000000,23773.75000000,54723.53499000,480,480,False
1659139200000,1659168000000,23777.28000000,23968.90000000,23650.00000000,23880.76000000,37591.56850000,480,480,False
1659168000000,1659196800000,23878.58000000,24668.00000000,23732.56000000,24529.10000000,62668.19858000,480,480,False
1659196800000,1659225600000,24526.57000000,24593.02000000,23502.25000000,23643.51000000,50800.36503000,480,480,False
1659225600000,1659254400000,23644.64000000,23886.92000000,23520.00000000,23713.10000000,33235.09135000,480,480,False
1659254400000,1659283200000,23713.10000000,23861.83000000,23558.21000000,23774.97000000,38044.17866000,480,480,False
1659283200000,1659312000000,23774.97000000,24194.82000000,23227.31000000,23293.32000000,56464.05482000,480,480,False
1659312000000,1659340800000,23296.36000000,23466.55000000,23112.00000000,23322.05000000,34389.92776000,480,480,False
1659340800000,1659369600000,23323.26000000,23509.68000000,22939.57000000,23326.73000000,61253.87581000,480,480,False
1659369600000,1659398400000,23325.19000000,23417.11000000,22850.00000000,23268.01000000,48566.35862000,480,480,False
1659398400000,1659427200000,23266.90000000,23447.62000000,22715.61000000,22887.80000000,43418.70947000,480,480,False
1659427200000,1659456000000,22889.62000000,23151.24000000,22654.37000000,22979.50000000,63977.18811000,480,480,False
1659456000000,1659484800000,22977.78000000,23459.89000000,22870.10000000,22987.79000000,50677.38467000,480,480,False
1659484800000,1659513600000,22985.93000000,23079.39000000,22681.22000000,22989.96000000,38123.37853000,480,480,False
1659513600000,1659542400000,22989.16000000,23647.68000000,22987.46000000,23352.76000000,61621.60663000,480,480,False
1659542400000,1659571200000,23352.76000000,23574.98000000,22720.00000000,22818.37000000,46203.82479000,480,480,False
1659571200000,1659600000000,22816.91000000,23223.32000000,22791.46000000,22947.92000000,44525.42892000,480,480,False
1659600000000,1659628800000,22947.92000000,23148.99000000,22750.00000000,22931.68000000,60308.84945000,480,480,False
1659628800000,1659657600000,22931.68000000,22980.00000000,22400.00000000,22622.98000000,50020.39179000,480,480,False
1659657600000,1659686400000,22622.41000000,23432.51000000,22586.95000000,23186.08000000,53175.07994000,480,480,False
1659686400000,1659715200000,23185.08000000,23472.86000000,22879.42000000,22988.25000000,74277.54019000,480,480,False
1659715200000,1659744000000,22988.26000000,23329.00000000,22754.13000000,23312.42000000,47799.07736000,480,480,False
1659744000000,1659772800000,23313.56000000,23354.36000000,23140.02000000,23205.87000000,28530.07635000,480,480,False
1659772800000,1659801600000,23204.77000000,23258.61000000,23100.00000000,23202.21000000,23547.55710000,480,480,False
1659801600000,1659830400000,23201.18000000,23256.37000000,22909.52000000,22954.21000000,31834.16962000,480,480,False
1659830400000,1659859200000,22954.21000000,23051.92000000,22844.62000000,23015.95000000,26253.18971000,480,480,False
1659859200000,1659888000000,23014.60000000,23184.21000000,22890.52000000,23023.14000000,31071.80509000,480,480,False
1659888000000,1659916800000,23021.97000000,23402.00000000,22994.00000000,23174.39000000,31565.01397000,480,480,False
1659916800000,1659945600000,23174.39000000,23852.43000000,23154.25000000,23807.68000000,48168.98522000,480,480,False
1659945600000,1659974400000,23807.53000000,24245.00000000,23771.01000000,23991.38000000,73002.83926000,480,480,False
1659974400000,1660003200000,23991.38000000,24104.55000000,23670.88000000,23810.00000000,49786.61704000,480,480,False
1660003200000,1660032000000,23810.98000000,23933.25000000,23626.87000000,23878.12000000,31999.21498000,480,480,False
1660032000000,1660060800000,23878.12000000,23890.47000000,22865.00000000,23075.00000000,71590.29669000,480,480,False
1660060800000,1660089600000,23075.00000000,23265.00000000,22970.00000000,23149.95000000,39592.99691000,480,480,False
1660089600000,1660118400000,23151.32000000,23151.32000000,22664.69000000,22963.67000000,46046.85630000,480,480,False
1660118400000,1660147200000,22963.67000000,24178.00000000,22961.96000000,23997.10000000,97906.34624000,480,480,False
1660147200000,1660176000000,23997.10000000,24226.00000000,23475.40000000,23954.05000000,64963.34699000,480,480,False
1660176000000,1660204800000,23954.05000000,24745.00000000,23912.39000000,24431.88000000,86002.19122000,480,480,False
1660204800000,1660233600000,24431.88000000,24918.54000000,24280.18000000,24343.68000000,99502.99645000,480,480,False
1660233600000,1660262400000,24343.68000000,24418.50000000,23852.13000000,23934.39000000,64254.60790000,480,480,False
1660262400000,1660291200000,23933.09000000,24097.97000000,23761.84000000,23960.99000000,49833.09131000,480,480,False
1660291200000,1660320000000,23960.99000000,24143.00000000,23583.00000000,23980.66000000,71485.58478000,480,480,False
1660320000000,1660348800000,23979.58000000,24456.50000000,23952.03000000,24403.68000000,52888.89431000,480,480,False
1660348800000,1660377600000,24401.70000000,24888.00000000,24334.37000000,24572.12000000,62581.39492000,480,480,False
1660377600000,1660406400000,24574.03000000,24653.48000000,24291.22000000,24512.66000000,52389.39193000,480,480,False
1660406400000,1660435200000,24512.66000000,24593.37000000,24319.09000000,24441.38000000,37881.46750000,480,480,False
1660435200000,1660464000000,24443.06000000,25047.56000000,24343.30000000,24873.32000000,51498.43297000,480,480,False
1660464000000,1660492800000,24873.32000000,24883.24000000,24400.00000000,24524.54000000,50220.77839000,480,480,False
1660492800000,1660521600000,24525.51000000,24568.74000000,24144.00000000,24305.24000000,49486.93337000,480,480,False
1660521600000,1660550400000,24305.25000000,25211.32000000,23944.62000000,24027.05000000,102659.56717000,480,480,False
1660550400000,1660579200000,24027.05000000,24314.28000000,23869.46000000,24226.00000000,82099.85112000,480,480,False
1660579200000,1660608000000,24226.00000000,24281.10000000,23773.22000000,24094.82000000,57780.12929000,480,480,False
1660608000000,1660636800000,24093.04000000,24247.49000000,23795.67000000,24066.93000000,58459.05490000,480,480,False
1660636800000,1660665600000,24067.77000000,24150.00000000,23671.22000000,23901.27000000,66292.56673000,480,480,False
1660665600000,1660694400000,23901.00000000,24058.00000000,23691.06000000,23854.74000000,54573.32658000,480,480,False
1660694400000,1660723200000,23856.15000000,24446.71000000,23759.30000000,23786.42000000,69637.17959000,480,480,False
1660723200000,1660752000000,23788.32000000,23924.97000000,23321.60000000,23391.90000000,80144.19657000,480,480,False
1660752000000,1660780800000,23391.90000000,23638.84000000,23180.40000000,23342.66000000,60887.31150000,480,480,False
1660780800000,1660809600000,23342.66000000,23516.44000000,23285.23000000,23414.21000000,38821.05959000,480,480,False
1660809600000,1660838400000,23414.21000000,23600.00000000,23344.20000000,23452.28000000,54793.62005000,480,480,False
1660838400000,1660867200000,23451.45000000,23469.27000000,23111.04000000,23191.20000000,50571.29047000,480,480,False
1660867200000,1660896000000,23191.45000000,23208.67000000,21447.76000000,21905.88000000,93729.26147000,480,480,False
1660896000000,1660924800000,21907.37000000,21915.88000000,21261.96000000,21443.36000000,103261.74264000,480,480,False
1660924800000,1660953600000,21443.36000000,21660.73000000,20783.57000000,20834.39000000,87004.87336000,480,480,False
1660953600000,1660982400000,20834.39000000,21370.00000000,20792.92000000,21307.25000000,63590.36969000,480,480,False
1660982400000,1661011200000,21307.99000000,21382.85000000,21118.50000000,21299.44000000,48602.30923000,480,480,False
1661011200000,1661040000000,21300.50000000,21360.00000000,20761.90000000,21140.07000000,70849.00471000,480,480,False
1661040000000,1661068800000,21140.07000000,21330.55000000,21069.11000000,21251.38000000,43625.59330000,480,480,False
1661068800000,1661097600000,21250.21000000,21587.74000000,21224.48000000,21420.20000000,59534.30174000,480,480,False
1661097600000,1661126400000,21419.00000000,21800.00000000,21277.73000000,21515.61000000,56040.78906000,480,480,False
1661126400000,1661155200000,21516.70000000,21530.03000000,21058.62000000,21097.72000000,59290.64311000,480,480,False
1661155200000,1661184000000,21098.01000000,21444.72000000,20890.18000000,21400.47000000,101287.88633000,480,480,False
1661184000000,1661212800000,21400.47000000,21548.71000000,20963.00000000,21399.83000000,61643.51582000,480,480,False
1661212800000,1661241600000,21400.75000000,21468.51000000,20890.14000000,21305.34000000,59976.15662000,480,480,False
1661241600000,1661270400000,21305.34000000,21684.87000000,21286.00000000,21474.67000000,89792.92499000,480,480,False
1661270400000,1661299200000,21473.01000000,21654.91000000,21358.38000000,21529.12000000,51198.69003000,480,480,False
1661299200000,1661328000000,21529.11000000,21555.84000000,21145.00000000,21317.85000000,59459.49399000,480,480,False
1661328000000,1661356800000,21319.27000000,21645.65000000,21261.00000000,21618.45000000,62136.45788000,480,480,False
1661356800000,1661385600000,21618.46000000,21900.00000000,21361.60000000,21368.08000000,52787.26859000,480,480,False
1661385600000,1661414400000,21368.05000000,21762.00000000,21310.15000000,21743.29000000,53382.16567000,480,480,False
1661414400000,1661443200000,21744.22000000,21819.88000000,21483.38000000,21565.12000000,71752.42897000,480,480,False
1661443200000,1661472000000,21563.92000000,21685.00000000,21422.43000000,21559.04000000,44781.18837000,480,480,False
1661472000000,1661500800000,21559.04000000,21614.89000000,21326.66000000,21452.90000000,48687.32451000,480,480,False
1661500800000,1661529600000,21452.90000000,21886.77000000,20635.12000000,20781.08000000,143727.96807000,480,480,False
1661529600000,1661558400000,20780.86000000,20832.23000000,20107.90000000,20241.05000000,81396.32697000,480,480,False
1661558400000,1661587200000,20239.14000000,20402.93000000,19920.00000000,20272.25000000,60728.92415000,480,480,False
1661587200000,1661616000000,20269.90000000,20279.61000000,19800.00000000,19977.36000000,54620.95137000,480,480,False
1661616000000,1661644800000,19976.08000000,20103.57000000,19838.80000000,20037.60000000,47232.58480000,480,480,False
1661644800000,1661673600000,20037.60000000,20171.18000000,19926.78000000,20056.62000000,34968.25023000,480,480,False
1661673600000,1661702400000,20055.85000000,20107.52000000,19811.00000000,20022.03000000,47117.27445000,480,480,False
1661702400000,1661731200000,20022.03000000,20155.62000000,19520.00000000,19555.61000000,57222.43508000,480,480,False
1661731200000,1661760000000,19555.61000000,19966.56000000,19550.79000000,19897.01000000,62640.76515000,480,480,False
1661760000000,1661788800000,19897.01000000,20384.25000000,19762.30000000,20262.28000000,86369.55856000,480,480,False
1661788800000,1661817600000,20263.62000000,20433.62000000,20075.00000000,20285.73000000,61499.17174000,480,480,False
1661817600000,1661846400000,20287.20000000,20576.25000000,20110.00000000,20434.16000000,68621.74982000,480,480,False
1661846400000,1661875200000,20433.65000000,20511.30000000,19650.00000000,19756.24000000,94943.38817000,480,480,False
1661875200000,1661904000000,19756.24000000,20099.81000000,19540.00000000,19811.66000000,93069.21730000,480,480,False
1661904000000,1661932800000,19813.03000000,20490.00000000,19797.94000000,20258.09000000,83993.77057000,480,480,False
1661932800000,1661961600000,20258.09000000,20423.38000000,19870.00000000,20140.63000000,115660.72054000,480,480,False
1661961600000,1661990400000,20142.26000000,20328.46000000,19881.22000000,20050.02000000,77292.11654000,480,480,False
1661990400000,1662019200000,20048.44000000,20208.37000000,19801.38000000,19895.66000000,71478.51730000,480,480,False
1662019200000,1662048000000,19894.97000000,20126.23000000,19652.79000000,19782.59000000,99155.34140000,480,480,False
1662048000000,1662076800000,19783.03000000,20180.00000000,19565.66000000,20131.46000000,74656.11393000,480,480,False
1662076800000,1662105600000,20132.64000000,20298.00000000,19957.78000000,20111.24000000,59973.38396000,480,480,False
1662105600000,1662134400000,20111.24000000,20441.26000000,19991.00000000,20355.85000000,98379.82732000,480,480,False
1662134400000,1662163200000,20355.85000000,20387.30000000,19755.29000000,19951.86000000,87633.39202000,480,480,False
1662163200000,1662192000000,19950.98000000,20055.93000000,19754.77000000,19815.63000000,49389.60677000,480,480,False
1662192000000,1662220800000,19815.63000000,19904.68000000,19726.10000000,19772.95000000,51761.87549000,480,480,False
1662220800000,1662249600000,19772.95000000,19850.00000000,19652.72000000,19831.90000000,45487.54978000,480,480,False
1662249600000,1662278400000,19832.45000000,19861.94000000,19615.00000000,19632.40000000,35757.06317000,480,480,False
1662278400000,1662307200000,19630.95000000,19940.00000000,19583.10000000,19789.90000000,58496.88398000,480,480,False
1662307200000,1662336000000,19790.84000000,20029.23000000,19722.00000000,20000.30000000,51334.83178000,480,480,False
1662336000000,1662364800000,20000.30000000,20057.27000000,19681.22000000,19750.00000000,73666.39434000,480,480,False
1662364800000,1662393600000,19750.51000000,19950.70000000,19633.83000000,19854.59000000,80494.82260000,480,480,False
1662393600000,1662422400000,19854.59000000,19912.40000000,19670.14000000,19796.84000000,68381.79363000,480,480,False
1662422400000,1662451200000,19795.34000000,20180.00000000,19673.44000000,19905.79000000,113359.97716000,480,480,False
1662451200000,1662480000000,19906.88000000,20030.82000000,19663.70000000,19818.37000000,112079.45978000,480,480,False
1662480000000,1662508800000,19818.37000000,19855.00000000,18649.51000000,18790.61000000,130875.62024000,480,480,False
1662508800000,1662537600000,18790.61000000,18873.17000000,18510.77000000,18800.43000000,91070.45700000,480,480,False
1662537600000,1662566400000,18799.61000000,18968.58000000,18674.33000000,18871.35000000,90295.36746000,480,480,False
1662566400000,1662595200000,18870.60000000,19464.06000000,18850.42000000,19292.84000000,106028.95434000,480,480,False
1662595200000,1662624000000,19292.85000000,19391.22000000,19056.00000000,19171.66000000,75505.85912000,480,480,False
1662624000000,1662652800000,19171.60000000,19397.71000000,19012.00000000,19250.81000000,111824.91659000,480,480,False
1662652800000,1662681600000,19250.81000000,19458.25000000,19093.13000000,19319.77000000,75482.50702000,480,480,False
1662681600000,1662710400000,19320.54000000,20800.00000000,19291.75000000,20631.76000000,130131.53636000,480,480,False
1662710400000,1662739200000,20631.76000000,21337.72000000,20625.26000000,21266.79000000,167842.99511000,480,480,False
1662739200000,1662768000000,21266.76000000,21597.22000000,21129.00000000,21360.11000000,130945.21505000,480,480,False
1662768000000,1662796800000,21361.62000000,21672.24000000,21163.25000000,21283.87000000,105648.15064000,480,480,False
1662796800000,1662825600000,21283.89000000,21393.99000000,21111.13000000,21219.36000000,95230.85223000,480,480,False
1662825600000,1662854400000,21220.18000000,21810.80000000,21171.44000000,21648.34000000,107118.33217000,480,480,False
1662854400000,1662883200000,21647.21000000,21682.60000000,21350.00000000,21611.49000000,81076.72200000,480,480,False
1662883200000,1662912000000,21610.82000000,21753.75000000,21455.00000000,21643.16000000,96186.58409000,480,480,False
1662912000000,1662940800000,21642.07000000,21860.00000000,21456.67000000,21826.87000000,103439.24540000,480,480,False
1662940800000,1662969600000,21826.87000000,22374.00000000,21538.51000000,22193.64000000,149594.35178000,480,480,False
1662969600000,1662998400000,22195.78000000,22488.00000000,21970.43000000,22114.50000000,148306.53517000,480,480,False
1662998400000,1663027200000,22112.59000000,22480.71000000,22010.96000000,22395.74000000,97494.73133000,480,480,False
1663027200000,1663056000000,22395.44000000,22627.00000000,22054.07000000,22273.09000000,117191.03635000,480,480,False
1663056000000,1663084800000,22271.59000000,22799.00000000,20751.00000000,20829.77000000,192636.41286000,480,480,False
1663084800000,1663113600000,20829.77000000,20927.73000000,19860.00000000,20173.57000000,122087.58412000,480,480,False
1663113600000,1663142400000,20173.62000000,20541.48000000,20042.15000000,20243.89000000,95126.45917000,480,480,False
1663142400000,1663171200000,20243.22000000,20419.83000000,20070.00000000,20178.79000000,133716.10900000,480,480,False
1663171200000,1663200000000,20178.16000000,20393.37000000,19617.62000000,20226.71000000,111983.83334000,480,480,False
1663200000000,1663228800000,20227.17000000,20330.24000000,19920.00000000,20204.23000000,117296.36009000,480,480,False
1663228800000,1663257600000,20204.23000000,20225.00000000,19497.00000000,19737.36000000,129393.75074000,480,480,False
1663257600000,1663286400000,19737.36000000,19947.56000000,19578.00000000,19701.88000000,86379.64993000,480,480,False
1663286400000,1663315200000,19701.88000000,19859.99000000,19582.05000000,19739.10000000,72498.49541000,480,480,False
1663315200000,1663344000000,19739.10000000,19890.00000000,19442.76000000,19661.24000000,112482.31180000,480,480,False
1663344000000,1663372800000,19661.24000000,19819.22000000,19320.01000000,19803.30000000,98810.26343000,480,480,False
1663372800000,1663401600000,19803.30000000,20071.09000000,19770.00000000,19842.09000000,60737.94001000,480,480,False
1663401600000,1663430400000,19842.22000000,20037.99000000,19748.08000000,19963.34000000,58836.76350000,480,480,False
1663430400000,1663459200000,19963.34000000,20189.00000000,19935.08000000,20113.62000000,59775.53987000,480,480,False
1663459200000,1663488000000,20112.61000000,20117.26000000,19949.95000000,20053.17000000,51463.54122000,480,480,False
1663488000000,1663516800000,20052.57000000,20102.16000000,19725.00000000,19814.63000000,89692.25630000,480,480,False
1663516800000,1663545600000,19814.63000000,19879.44000000,19335.62000000,19416.18000000,113061.67152000,480,480,False
1663545600000,1663574400000,19417.45000000,19518.17000000,18232.56000000,18468.74000000,126303.52189000,480,480,False
1663574400000,1663603200000,18468.74000000,19433.48000000,18367.88000000,19080.49000000,149974.86851000,480,480,False
1663603200000,1663632000000,19081.24000000,19686.20000000,18877.00000000,19537.02000000,104234.01266000,480,480,False
1663632000000,1663660800000,19537.02000000,19634.62000000,19174.74000000,19357.93000000,85803.99084000,480,480,False
1663660800000,1663689600000,19358.87000000,19424.29000000,18777.00000000,19238.10000000,125849.43449000,480,480,False
1663689600000,1663718400000,19238.09000000,19319.28000000,18711.87000000,18875.00000000,112444.90327000,480,480,False
1663718400000,1663747200000,18874.31000000,19135.57000000,18791.20000000,18947.82000000,71394.46973000,480,480,False
1663747200000,1663776000000,18946.80000000,19477.77000000,18823.53000000,19191.17000000,112290.23752000,480,480,False
1663776000000,1663804800000,19191.81000000,19956.00000000,18125.98000000,18461.36000000,201349.39296000,480,480,False
1663804800000,1663833600000,18461.36000000,18969.87000000,18356.39000000,18934.29000000,113839.37223000,480,480,False
1663833600000,1663862400000,18934.29000000,19317.66000000,18794.06000000,18986.89000000,145858.41307000,480,480,False
1663862400000,1663891200000,18985.96000000,19550.17000000,18780.01000000,19401.63000000,119623.93581000,480,480,False
1663891200000,1663920000000,19401.63000000,19500.00000000,19200.00000000,19223.27000000,91841.42731000,480,480,False
1663920000000,1663948800000,19223.27000000,19273.52000000,18531.42000000,18711.86000000,153315.97621000,480,480,False
1663948800000,1663977600000,18712.08000000,19406.73000000,18572.55000000,19289.91000000,140729.51477000,480,480,False
1663977600000,1664006400000,19288.57000000,19316.14000000,18925.94000000,18997.14000000,88643.01629000,480,480,False
1664006400000,1664035200000,18996.63000000,19225.92000000,18940.23000000,19124.14000000,79029.51341000,480,480,False
1664035200000,1664064000000,19124.14000000,19195.00000000,18805.34000000,18920.50000000,71824.03776000,480,480,False
1664064000000,1664092800000,18921.99000000,19132.21000000,18913.43000000,19098.09000000,54589.69079000,480,480,False
1664092800000,1664121600000,19098.09000000,19180.21000000,18841.91000000,18988.74000000,62168.38474000,480,480,False
1664121600000,1664150400000,18988.74000000,19123.27000000,18629.20000000,18807.38000000,74433.37367000,480,480,False
1664150400000,1664179200000,18809.13000000,18948.11000000,18680.72000000,18911.18000000,127414.14201000,480,480,False
1664179200000,1664208000000,18911.18000000,19318.96000000,18803.13000000,19113.48000000,193647.92560000,480,480,False
1664208000000,1664236800000,19113.48000000,19269.69000000,18967.59000000,19227.82000000,118177.15182000,480,480,False
1664236800000,1664265600000,19226.68000000,20350.00000000,19187.63000000,20183.74000000,189745.53135000,480,480,False
1664265600000,1664294400000,20183.74000000,20385.86000000,19865.00000000,19887.73000000,195092.25168000,480,480,False
1664294400000,1664323200000,19887.78000000,19954.49000000,18816.32000000,19079.13000000,208422.95858000,480,480,False
1664323200000,1664352000000,19078.10000000,19238.28000000,18471.28000000,18781.48000000,160982.69611000,480,480,False
1664352000000,1664380800000,18782.49000000,19500.00000000,18565.00000000,19487.79000000,208805.19696000,480,480,False
1664380800000,1664409600000,19487.79000000,19790.00000000,19256.07000000,19412.82000000,151597.56240000,480,480,False
1664409600000,1664438400000,19412.82000000,19629.00000000,19267.00000000,19359.71000000,127535.24699000,480,480,False
1664438400000,1664467200000,19360.40000000,19550.00000000,18843.01000000,19288.85000000,158864.26376000,480,480,False
1664467200000,1664496000000,19288.78000000,19645.52000000,19117.50000000,19591.51000000,120025.42181000,480,480,False
1664496000000,1664524800000,19590.54000000,19700.00000000,19311.99000000,19571.35000000,112055.55767000,480,480,False
1664524800000,1664553600000,19570.74000000,20185.00000000,19155.36000000,19756.01000000,200700.27764000,480,480,False
1664553600000,1664582400000,19756.02000000,19873.50000000,19240.44000000,19422.61000000,131567.11809000,480,480,False
1664582400000,1664611200000,19422.61000000,19484.00000000,19258.53000000,19309.84000000,59885.20839000,480,480,False
1664611200000,1664640000000,19309.84000000,19400.02000000,19159.42000000,19330.95000000,58167.30769000,480,480,False
1664640000000,1664668800000,19332.42000000,19353.81000000,19200.00000000,19310.95000000,47572.62351000,480,480,False
1664668800000,1664697600000,19312.24000000,19395.91000000,19227.73000000,19285.26000000,53496.36781000,480,480,False
1664697600000,1664726400000,19284.93000000,19300.55000000,19036.00000000,19143.94000000,69193.54215000,480,480,False
1664726400000,1664755200000,19143.97000000,19341.58000000,18920.35000000,19056.80000000,84122.56036000,480,480,False
1664755200000,1664784000000,19057.74000000,19315.00000000,18959.68000000,19197.73000000,95163.20790000,480,480,False
1664784000000,1664812800000,19197.73000000,19498.00000000,19122.67000000,19335.92000000,106217.57392000,480,480,False
1664812800000,1664841600000,19336.75000000,19719.10000000,19310.00000000,19629.08000000,92204.97030000,480,480,False
1664841600000,1664870400000,19629.08000000,19975.43000000,19490.60000000,19968.01000000,84445.05844000,480,480,False
1664870400000,1664899200000,19967.69000000,20270.00000000,19808.00000000,20099.70000000,133198.42265000,480,480,False
1664899200000,1664928000000,20099.71000000,20475.00000000,19872.02000000,20337.82000000,109368.52018000,480,480,False
1664928000000,1664956800000,20337.82000000,20365.60000000,20074.91000000,20226.58000000,71679.81118000,480,480,False
1664956800000,1664985600000,20227.20000000,20245.58000000,19730.00000000,20001.70000000,129390.85152000,480,480,False
1664985600000,1665014400000,20001.70000000,20350.00000000,19950.05000000,20158.26000000,111169.08954000,480,480,False
1665014400000,1665043200000,20158.26000000,20456.60000000,20140.38000000,20218.43000000,109990.15947000,480,480,False
1665043200000,1665072000000,20218.43000000,20324.94000000,19874.81000000,20010.00000000,129774.91046000,480,480,False
1665072000000,1665100800000,20010.00000000,20256.00000000,19853.00000000,19960.67000000,80357.10027000,480,480,False
1665100800000,1665129600000,19960.67000000,20054.41000000,19810.00000000,19928.00000000,48352.58966000,480,480,False
1665129600000,1665158400000,19928.00000000,20068.82000000,19474.71000000,19577.65000000,107463.91494000,480,480,False
1665158400000,1665187200000,19577.34000000,19645.00000000,19320.00000000,19530.09000000,65058.33453000,480,480,False
1665187200000,1665216000000,19530.09000000,19627.38000000,19415.60000000,19499.94000000,33408.46759000,480,480,False
1665216000000,1665244800000,19500.64000000,19548.00000000,19415.00000000,19487.88000000,33008.41452000,480,480,False
1665244800000,1665273600000,19487.88000000,19535.91000000,19237.14000000,19417.96000000,36063.21631000,480,480,False
1665273600000,1665302400000,19416.52000000,19455.00000000,19316.04000000,19407.96000000,31874.89576000,480,480,False
1665302400000,1665331200000,19407.96000000,19558.00000000,19373.49000000,19535.77000000,39448.29335000,480,480,False
1665331200000,1665360000000,19535.77000000,19555.89000000,19353.00000000,19439.02000000,42577.63770000,480,480,False
1665360000000,1665388800000,19439.96000000,19525.00000000,19368.08000000,19412.25000000,45570.20057000,480,480,False
1665388800000,1665417600000,19412.25000000,19441.99000000,19107.00000000,19269.02000000,93932.33981000,480,480,False
1665417600000,1665446400000,19269.02000000,19358.76000000,19020.25000000,19131.87000000,73006.55811000,480,480,False
1665446400000,1665475200000,19131.87000000,19133.52000000,18950.01000000,19084.10000000,65340.64109000,480,480,False
1665475200000,1665504000000,19082.28000000,19268.09000000,18860.00000000,19147.60000000,88391.23879000,480,480,False
1665504000000,1665532800000,19147.60000000,19185.52000000,18918.01000000,19060.00000000,89741.96298000,480,480,False
1665532800000,1665561600000,19060.00000000,19203.14000000,19024.65000000,19112.41000000,60432.44361000,480,480,False
1665561600000,1665590400000,19111.50000000,19201.82000000,18965.88000000,19137.32000000,91766.73586000,480,480,False
1665590400000,1665619200000,19137.36000000,19238.31000000,19041.74000000,19155.53000000,61627.08784000,480,480,False
1665619200000,1665648000000,19155.10000000,19175.13000000,18950.00000000,19005.29000000,65077.88755000,480,480,False
1665648000000,1665676800000,19005.29000000,19049.99000000,18190.00000000,18958.59000000,205375.12923000,480,480,False
1665676800000,1665705600000,18958.59000000,19513.79000000,18895.08000000,19375.13000000,129303.66659000,480,480,False
1665705600000,1665734400000,19375.58000000,19951.87000000,19338.07000000,19642.35000000,120062.47401000,480,480,False
1665734400000,1665763200000,19642.20000000,19854.48000000,19301.00000000,19358.59000000,153862.93540000,480,480,False
1665763200000,1665792000000,19358.59000000,19403.60000000,19070.37000000,19176.93000000,77708.91660000,480,480,False
1665792000000,1665820800000,19176.93000000,19227.68000000,19133.16000000,19169.79000000,34094.26525000,480,480,False
1665820800000,1665849600000,19170.43000000,19199.00000000,19037.39000000,19127.95000000,44270.01279000,480,480,False
1665849600000,1665878400000,19127.95000000,19163.39000000,18975.18000000,19069.39000000,35483.36428000,480,480,False
1665878400000,1665907200000,19068.40000000,19170.82000000,19063.74000000,19134.31000000,30746.36849000,480,480,False
1665907200000,1665936000000,19134.31000000,19195.00000000,19087.37000000,19158.49000000,38081.33571000,480,480,False
1665936000000,1665964800000,19158.49000000,19425.84000000,19101.00000000,19262.98000000,63066.91465000,480,480,False
1665964800000,1665993600000,19262.98000000,19318.28000000,19152.03000000,19295.58000000,49602.84613000,480,480,False
1665993600000,1666022400000,19295.58000000,19676.96000000,19244.03000000,19535.19000000,110474.35523000,480,480,False
1666022400000,1666051200000,19535.19000000,19626.91000000,19441.87000000,19549.86000000,62736.67498000,480,480,False
1666051200000,1666080000000,19548.48000000,19706.66000000,19480.00000000,19664.92000000,67234.18659000,480,480,False
1666080000000,1666108800000,19665.95000000,19680.49000000,19280.11000000,19375.01000000,108401.22491000,480,480,False
1666108800000,1666137600000,19375.71000000,19442.00000000,19091.00000000,19327.44000000,84677.66698000,480,480,False
1666137600000,1666166400000,19327.44000000,19360.16000000,19146.80000000,19218.11000000,55676.43070000,480,480,False
1666166400000,1666195200000,19218.59000000,19301.69000000,19065.97000000,19266.43000000,79217.62958000,480,480,False
1666195200000,1666224000000,19267.94000000,19279.31000000,19084.23000000,19123.97000000,51243.23510000,480,480,False
1666224000000,1666252800000,19123.35000000,19210.00000000,18900.00000000,19145.94000000,61481.89162000,480,480,False
1666252800000,1666281600000,19145.10000000,19347.82000000,19105.99000000,19253.30000000,82269.17891000,480,480,False
1666281600000,1666310400000,19253.88000000,19256.55000000,18929.38000000,19041.92000000,79779.06015000,480,480,False
1666310400000,1666339200000,19041.92000000,19131.39000000,18991.69000000,19027.86000000,50371.26105000,480,480,False
1666339200000,1666368000000,19028.68000000,19174.16000000,18650.00000000,19168.25000000,143741.57197000,480,480,False
1666368000000,1666396800000,19168.44000000,19250.00000000,19089.00000000,19164.37000000,75197.92467000,480,480,False
1666396800000,1666425600000,19164.37000000,19183.39000000,19112.72000000,19163.58000000,32004.17823000,480,480,False
1666425600000,1666454400000,19163.58000000,19257.00000000,19140.00000000,19235.65000000,44152.04019000,480,480,False
1666454400000,1666483200000,19234.80000000,19248.85000000,19134.00000000,19204.35000000,34247.68995000,480,480,False
1666483200000,1666512000000,19204.29000000,19221.71000000,19148.01000000,19162.37000000,31554.35369000,480,480,False
1666512000000,1666540800000,19162.16000000,19213.14000000,19070.11000000,19190.14000000,37595.39043000,480,480,False
1666540800000,1666569600000,19190.14000000,19695.00000000,19169.18000000,19570.40000000,97907.45772000,480,480,False
1666569600000,1666598400000,19570.40000000,19601.15000000,19250.59000000,19322.40000000,91347.70251000,480,480,False
1666598400000,1666627200000,19322.40000000,19450.90000000,19157.00000000,19301.96000000,109821.23009000,480,480,False
1666627200000,1666656000000,19301.96000000,19425.05000000,19223.00000000,19329.72000000,54999.21207000,480,480,False
1666656000000,1666684800000,19330.60000000,19377.10000000,19250.00000000,19306.75000000,44578.20366000,480,480,False
1666684800000,1666713600000,19306.34000000,19811.00000000,19237.00000000,19748.48000000,111714.78341000,480,480,False
1666713600000,1666742400000,19748.48000000,20415.87000000,19718.00000000,20080.07000000,170077.68354000,480,480,False
1666742400000,1666771200000,20079.02000000,20382.56000000,20050.41000000,20344.76000000,93711.98966000,480,480,False
1666771200000,1666800000000,20344.05000000,21020.00000000,20281.79000000,20846.66000000,183154.91766000,480,480,False
1666800000000,1666828800000,20846.66000000,20997.13000000,20639.98000000,20771.59000000,103625.78844000,480,480,False
1666828800000,1666857600000,20771.61000000,20872.21000000,20581.49000000,20710.02000000,81039.34963000,480,480,False
1666857600000,1666886400000,20711.12000000,20780.00000000,20430.00000000,20563.09000000,143239.50008000,480,480,False
1666886400000,1666915200000,20564.08000000,20679.51000000,20200.00000000,20295.11000000,104364.72820000,480,480,False
1666915200000,1666944000000,20295.11000000,20337.80000000,20060.00000000,20080.01000000,80710.18585000,480,480,False
1666944000000,1666972800000,20080.01000000,20588.88000000,20000.09000000,20484.59000000,130369.67995000,480,480,False
1666972800000,1667001600000,20483.96000000,20750.00000000,20450.50000000,20591.84000000,75960.07989000,480,480,False
1667001600000,1667030400000,20591.84000000,20823.81000000,20554.01000000,20772.27000000,61534.09154000,480,480,False
1667030400000,1667059200000,20772.27000000,21085.00000000,20650.21000000,20923.33000000,119913.77261000,480,480,False
1667059200000,1667088000000,20922.25000000,20982.86000000,20704.12000000,20809.67000000,73433.91340000,480,480,False
1667088000000,1667116800000,20809.68000000,20931.21000000,20701.15000000,20850.85000000,56734.49033000,480,480,False
1667116800000,1667145600000,20850.84000000,20887.34000000,20589.18000000,20676.70000000,76836.12977000,480,480,False
1667145600000,1667174400000,20676.72000000,20739.00000000,20515.00000000,20627.48000000,59224.98876000,480,480,False
1667174400000,1667203200000,20627.48000000,20675.00000000,20427.23000000,20546.65000000,68309.72538000,480,480,False
1667203200000,1667232000000,20547.08000000,20845.92000000,20237.95000000,20401.53000000,148483.50311000,480,480,False
1667232000000,1667260800000,20402.60000000,20533.00000000,20328.68000000,20490.74000000,86774.38779000,480,480,False
1667260800000,1667289600000,20490.74000000,20662.80000000,20440.64000000,20599.51000000,84227.55685000,480,480,False
1667289600000,1667318400000,20598.74000000,20700.00000000,20330.74000000,20444.00000000,127094.36931000,480,480,False
1667318400000,1667347200000,20444.00000000,20517.77000000,20372.85000000,20483.62000000,68610.51155000,480,480,False
1667347200000,1667376000000,20482.81000000,20563.36000000,20356.75000000,20421.64000000,75943.45884000,480,480,False
1667376000000,1667404800000,20421.64000000,20539.90000000,20339.99000000,20409.03000000,92516.17876000,480,480,False
1667404800000,1667433600000,20409.03000000,20800.00000000,20048.04000000,20151.84000000,205256.63539000,480,480,False
1667433600000,1667462400000,20151.84000000,20393.32000000,20120.00000000,20303.09000000,84922.10577000,480,480,False
1667462400000,1667491200000,20302.35000000,20339.86000000,20031.24000000,20248.62000000,150346.58852000,480,480,False
1667491200000,1667520000000,20249.18000000,20315.80000000,20157.86000000,20207.82000000,83916.46011000,480,480,False
1667520000000,1667548800000,20207.12000000,20688.00000000,20180.96000000,20611.56000000,111773.27406000,480,480,False
1667548800000,1667577600000,20611.56000000,21302.05000000,20350.00000000,20838.70000000,208561.36848000,480,480,False
1667577600000,1667606400000,20837.54000000,21209.16000000,20669.57000000,21148.52000000,133359.74911000,480,480,False
1667606400000,1667635200000,21148.52000000,21480.65000000,21080.65000000,21384.42000000,96486.72628000,480,480,False
1667635200000,1667664000000,21384.92000000,21427.34000000,21210.98000000,21299.22000000,89998.27283000,480,480,False
1667664000000,1667692800000,21299.22000000,21380.00000000,21233.33000000,21299.37000000,59136.98614000,480,480,False
1667692800000,1667721600000,21299.37000000,21365.27000000,21143.27000000,21194.49000000,65619.69408000,480,480,False
1667721600000,1667750400000,21193.88000000,21310.00000000,21173.03000000,21241.10000000,74830.06368000,480,480,False
1667750400000,1667779200000,21241.85000000,21282.19000000,20886.13000000,20905.58000000,89587.21441000,480,480,False
1667779200000,1667808000000,20905.58000000,21069.77000000,20612.67000000,20635.74000000,127532.86309000,480,480,False
1667808000000,1667836800000,20635.10000000,20811.92000000,20571.52000000,20764.95000000,145631.16527000,480,480,False
1667836800000,1667865600000,20764.95000000,20892.04000000,20384.89000000,20591.13000000,113813.57501000,480,480,False
1667865600000,1667894400000,20590.67000000,20673.38000000,19344.00000000,19796.90000000,224756.10351000,480,480,False
1667894400000,1667923200000,19796.90000000,19801.39000000,19229.00000000,19520.97000000,158495.25191000,480,480,False
1667923200000,1667952000000,19522.00000000,20700.88000000,17166.83000000,18547.23000000,377454.00736300,480,480,False
1667952000000,1667980800000,18545.38000000,18587.76000000,18000.00000000,18240.72000000,165294.13290000,480,480,False
1667980800000,1668009600000,18239.34000000,18256.85000000,16918.83000000,17116.08000000,307471.16086400,480,480,False
1668009600000,1668038400000,17119.61000000,17333.33000000,15588.00000000,15922.81000000,259161.63596500,480,480,False
1668038400000,1668067200000,15922.68000000,16920.00000000,15754.26000000,16752.10000000,201447.10788000,480,480,False
1668067200000,1668096000000,16752.36000000,17960.04000000,16258.74000000,17554.06000000,250228.69323000,480,480,False
1668096000000,1668124800000,17556.12000000,18199.00000000,17120.94000000,17601.15000000,156772.56321000,480,480,False
1668124800000,1668153600000,17602.45000000,17695.00000000,16888.76000000,17404.08000000,136140.97608000,480,480,False
1668153600000,1668182400000,17404.09000000,17544.90000000,16361.60000000,16871.27000000,157770.72298000,480,480,False
1668182400000,1668211200000,16871.27000000,17148.96000000,16543.95000000,17070.31000000,99641.16586000,480,480,False
1668211200000,1668240000000,17069.98000000,17119.10000000,16631.39000000,16822.02000000,74839.16419000,480,480,False
1668240000000,1668268800000,16822.02000000,16996.35000000,16727.13000000,16935.74000000,59036.51071000,480,480,False
1668268800000,1668297600000,16935.74000000,16964.37000000,16760.00000000,16812.08000000,33944.28545000,480,480,False
1668297600000,1668326400000,16813.16000000,16954.28000000,16562.82000000,16774.99000000,50701.87067000,480,480,False
1668326400000,1668355200000,16774.99000000,16795.92000000,16435.23000000,16580.79000000,72969.95105000,480,480,False
1668355200000,1668384000000,16579.49000000,16621.23000000,16229.00000000,16329.85000000,61288.96674000,480,480,False
1668384000000,1668412800000,16331.78000000,16889.97000000,15815.21000000,16824.78000000,140963.99252000,480,480,False
1668412800000,1668441600000,16822.96000000,17190.00000000,16425.67000000,16595.84000000,144957.40723000,480,480,False
1668441600000,1668470400000,16593.77000000,16765.00000000,16181.00000000,16619.46000000,94289.37775000,480,480,False
1668470400000,1668499200000,16617.72000000,16946.32000000,16527.72000000,16844.63000000,79764.45946000,480,480,False
1668499200000,1668528000000,16845.34000000,17134.69000000,16708.31000000,16987.03000000,111654.22602000,480,480,False
1668528000000,1668556800000,16988.07000000,17071.43000000,16614.61000000,16900.57000000,91043.15843000,480,480,False
1668556800000,1668585600000,16900.57000000,17015.92000000,16765.64000000,16824.69000000,75976.75556000,480,480,False
1668585600000,1668614400000,16824.69000000,16850.27000000,16378.61000000,16431.70000000,120992.17607000,480,480,False
1668614400000,1668643200000,16431.70000000,16773.09000000,16401.00000000,16662.76000000,64524.47646000,480,480,False
1668643200000,1668672000000,16661.61000000,16751.00000000,16410.74000000,16611.90000000,71048.27908000,480,480,False
1668672000000,1668700800000,16611.90000000,16717.49000000,16430.00000000,16536.71000000,90448.59125000,480,480,False
1668700800000,1668729600000,16534.61000000,16749.00000000,16517.36000000,16692.56000000,66542.10840000,480,480,False
1668729600000,1668758400000,16692.56000000,17011.00000000,16682.06000000,16745.10000000,76999.96034000,480,480,False
1668758400000,1668787200000,16745.84000000,16854.33000000,16608.80000000,16696.86000000,79049.57734000,480,480,False
1668787200000,1668816000000,16695.06000000,16732.85000000,16546.04000000,16700.45000000,58174.64416000,480,480,False
1668816000000,1668844800000,16699.43000000,16708.77000000,16553.53000000,16599.31000000,36663.65683000,480,480,False
1668844800000,1668873600000,16598.98000000,16686.86000000,16580.00000000,16655.65000000,33522.20386000,480,480,False
1668873600000,1668902400000,16655.65000000,16822.41000000,16608.35000000,16700.68000000,34777.29489000,480,480,False
1668902400000,1668931200000,16700.68000000,16753.33000000,16666.47000000,16722.90000000,29032.66204000,480,480,False
1668931200000,1668960000000,16722.20000000,16736.41000000,16461.00000000,16580.53000000,65292.51051000,480,480,False
1668960000000,1668988800000,16580.53000000,16613.35000000,16180.00000000,16280.23000000,60516.96223000,480,480,False
1668988800000,1669017600000,16279.50000000,16319.00000000,15897.15000000,16039.73000000,113378.81892000,480,480,False
1669017600000,1669046400000,16040.73000000,16284.00000000,15964.00000000,16130.45000000,86798.35497000,480,480,False
1669046400000,1669075200000,16130.45000000,16139.19000000,15476.00000000,15781.29000000,123919.82386300,480,480,False
1669075200000,1669104000000,15781.29000000,15967.76000000,15616.63000000,15760.42000000,72136.09527000,480,480,False
1669104000000,1669132800000,15760.42000000,16315.00000000,15660.00000000,16241.30000000,104307.48733000,480,480,False
1669132800000,1669161600000,16241.30000000,16290.27000000,16049.87000000,16226.94000000,63104.48363000,480,480,False
1669161600000,1669190400000,16227.96000000,16662.10000000,16160.20000000,16583.84000000,90654.91414000,480,480,False
1669190400000,1669219200000,16583.84000000,16677.25000000,16342.98000000,16427.11000000,92393.11438000,480,480,False
1669219200000,1669248000000,16427.09000000,16706.00000000,16320.02000000,16603.11000000,81879.67556000,480,480,False
1669248000000,1669276800000,16603.11000000,16812.63000000,16533.65000000,16623.90000000,78818.42465000,480,480,False
1669276800000,1669305600000,16622.38000000,16642.18000000,16458.05000000,16558.11000000,74073.08771000,480,480,False
1669305600000,1669334400000,16559.01000000,16676.00000000,16517.99000000,16598.95000000,53674.41110000,480,480,False
1669334400000,1669363200000,16599.55000000,16622.64000000,16342.81000000,16461.66000000,63541.26696000,480,480,False
1669363200000,1669392000000,16462.22000000,16591.43000000,16407.72000000,16513.00000000,70582.46621000,480,480,False
1669392000000,1669420800000,16513.00000000,16666.00000000,16458.46000000,16522.14000000,47965.76216000,480,480,False
1669420800000,1669449600000,16521.35000000,16701.99000000,16509.60000000,16583.75000000,70373.22902000,480,480,False
1669449600000,1669478400000,16584.13000000,16680.57000000,16483.25000000,16512.86000000,64366.98161000,480,480,False
1669478400000,1669507200000,16512.35000000,16549.66000000,16385.00000000,16458.57000000,47064.60603000,480,480,False
1669507200000,1669536000000,16457.61000000,16600.00000000,16446.59000000,16562.98000000,61300.29136000,480,480,False
1669536000000,1669564800000,16562.98000000,16593.91000000,16513.00000000,16574.28000000,51981.26570000,480,480,False
1669564800000,1669593600000,16573.76000000,16597.36000000,16401.00000000,16428.78000000,48743.91901000,480,480,False
1669593600000,1669622400000,16428.77000000,16487.04000000,16051.90000000,16222.06000000,94081.28585000,480,480,False
1669622400000,1669651200000,16224.14000000,16310.43000000,16120.38000000,16146.26000000,78324.71758000,480,480,False
1669651200000,1669680000000,16146.26000000,16399.69000000,15995.27000000,16212.91000000,80289.40024000,480,480,False
1669680000000,1669708800000,16212.18000000,16541.59000000,16100.00000000,16463.31000000,87468.95231000,480,480,False
1669708800000,1669737600000,16463.95000000,16548.71000000,16328.84000000,16393.48000000,102728.30954000,480,480,False
1669737600000,1669766400000,16394.34000000,16526.91000000,16342.59000000,16442.53000000,57908.98824000,480,480,False
1669766400000,1669795200000,16442.91000000,17162.20000000,16428.30000000,16884.18000000,109582.13773000,480,480,False
1669795200000,1669824000000,16883.87000000,16930.66000000,16766.68000000,16865.64000000,78269.02214000,480,480,False
1669824000000,1669852800000,16865.64000000,17249.00000000,16705.00000000,17163.64000000,115168.64732000,480,480,False
1669852800000,1669881600000,17165.53000000,17236.29000000,17059.58000000,17070.21000000,67385.79335000,480,480,False
1669881600000,1669910400000,17070.21000000,17324.00000000,16895.02000000,16977.67000000,106618.14610000,480,480,False
1669910400000,1669939200000,16977.60000000,17000.00000000,16855.01000000,16977.37000000,58814.24273000,480,480,False
1669939200000,1669968000000,16978.00000000,17048.99000000,16857.89000000,16955.82000000,63347.76793000,480,480,False
1669968000000,1669996800000,16955.42000000,17105.73000000,16787.85000000,16938.94000000,89266.73776000,480,480,False
1669996800000,1670025600000,16938.94000000,17099.00000000,16902.10000000,17092.74000000,49757.70051000,480,480,False
1670025600000,1670054400000,17092.13000000,17188.98000000,16925.55000000,16964.51000000,53953.41824000,480,480,False
1670054400000,1670083200000,16964.51000000,16987.00000000,16880.88000000,16961.49000000,55161.53798000,480,480,False
1670083200000,1670112000000,16961.04000000,16983.65000000,16858.74000000,16885.20000000,45427.61684000,480,480,False
1670112000000,1670140800000,16885.20000000,17068.00000000,16878.25000000,16996.39000000,57839.74158000,480,480,False
1670140800000,1670169600000,16996.39000000,17067.45000000,16905.01000000,17029.88000000,60186.28399000,480,480,False
1670169600000,1670198400000,17029.88000000,17202.84000000,16972.36000000,17105.70000000,60593.10830000,480,480,False
1670198400000,1670227200000,17106.65000000,17424.25000000,17076.85000000,17313.93000000,93694.20107000,480,480,False
1670227200000,1670256000000,17313.34000000,17386.00000000,17015.32000000,17083.92000000,73084.94061000,480,480,False
1670256000000,1670284800000,17083.92000000,17129.72000000,16867.00000000,16966.35000000,66924.15057000,480,480,False
1670284800000,1670313600000,16966.35000000,17102.97000000,16955.13000000,17001.17000000,60908.31197000,480,480,False
1670313600000,1670342400000,17001.17000000,17041.96000000,16906.37000000,16985.27000000,86262.93003000,480,480,False
1670342400000,1670371200000,16985.27000000,17107.01000000,16912.24000000,17088.96000000,71559.52683000,480,480,False
1670371200000,1670400000000,17088.96000000,17142.21000000,16729.35000000,16763.03000000,81403.17810000,480,480,False
1670400000000,1670428800000,16763.03000000,16897.38000000,16678.83000000,16837.48000000,86237.02070000,480,480,False
1670428800000,1670457600000,16837.48000000,16865.81000000,16778.21000000,16836.64000000,53017.21454000,480,480,False
1670457600000,1670486400000,16836.64000000,16890.01000000,16777.00000000,16825.55000000,65212.26345000,480,480,False
1670486400000,1670515200000,16825.55000000,16957.79000000,16733.49000000,16917.40000000,77146.15802000,480,480,False
1670515200000,1670544000000,16917.39000000,17299.00000000,16909.46000000,17224.10000000,94059.55657000,480,480,False
1670544000000,1670572800000,17224.10000000,17300.00000000,17186.50000000,17211.93000000,67950.46040000,480,480,False
1670572800000,1670601600000,17211.65000000,17360.00000000,17058.21000000,17181.50000000,108964.79541000,480,480,False
1670601600000,1670630400000,17181.50000000,17187.51000000,17067.10000000,17128.56000000,61506.80884000,480,480,False
1670630400000,1670659200000,17128.56000000,17178.00000000,17116.40000000,17154.06000000,44754.76823000,480,480,False
1670659200000,1670688000000,17154.06000000,17225.12000000,17112.52000000,17207.70000000,52638.75716000,480,480,False
1670688000000,1670716800000,17207.69000000,17227.72000000,17092.00000000,17127.49000000,43180.45398000,480,480,False
1670716800000,1670745600000,17127.49000000,17200.00000000,17121.92000000,17180.88000000,45456.97118000,480,480,False
1670745600000,1670774400000,17180.88000000,17187.67000000,17127.96000000,17153.52000000,47671.37923000,480,480,False
1670774400000,1670803200000,17153.52000000,17270.99000000,17071.00000000,17085.05000000,62158.12830000,480,480,False
1670803200000,1670832000000,17085.05000000,17087.67000000,16871.85000000,16923.94000000,89674.68661000,480,480,False
1670832000000,1670860800000,16923.61000000,17054.79000000,16903.49000000,17010.81000000,77459.75973000,480,480,False
1670860800000,1670889600000,17010.19000000,17241.89000000,16981.03000000,17209.83000000,59093.05060000,480,480,False
1670889600000,1670918400000,17208.93000000,17238.70000000,17080.14000000,17165.17000000,69661.85703000,480,480,False
1670918400000,1670947200000,17164.82000000,18000.00000000,17155.00000000,17752.94000000,146613.66442000,480,480,False
1670947200000,1670976000000,17753.54000000,17840.00000000,17618.38000000,17774.70000000,68187.39245000,480,480,False
1670976000000,1671004800000,17775.82000000,17845.00000000,17734.19000000,17806.01000000,48463.18372000,480,480,False
1671004800000,1671033600000,17805.54000000,18116.00000000,17785.00000000,18061.83000000,86625.47537000,480,480,False
1671033600000,1671062400000,18061.83000000,18387.95000000,17660.94000000,17803.15000000,131592.56300000,480,480,False
1671062400000,1671091200000,17804.01000000,17854.82000000,17561.00000000,17691.45000000,52250.27891000,480,480,False
1671091200000,1671120000000,17690.84000000,17726.00000000,17374.89000000,17429.05000000,93546.65517000,480,480,False
1671120000000,1671148800000,17428.43000000,17474.38000000,17275.51000000,17356.34000000,77905.03474000,480,480,False
1671148800000,1671177600000,17356.96000000,17531.73000000,17345.15000000,17503.35000000,42407.87558000,480,480,False
1671177600000,1671206400000,17503.36000000,17519.64000000,16890.46000000,16972.34000000,108406.47368000,480,480,False
1671206400000,1671235200000,16972.33000000,16979.02000000,16527.32000000,16632.12000000,102564.69190000,480,480,False
1671235200000,1671264000000,16631.50000000,16772.00000000,16579.85000000,16745.54000000,67278.93675000,480,480,False
1671264000000,1671292800000,16746.15000000,16757.42000000,16642.00000000,16700.26000000,47806.04719000,480,480,False
1671292800000,1671321600000,16700.78000000,16796.82000000,16647.15000000,16776.52000000,29740.68290000,480,480,False
1671321600000,1671350400000,16777.54000000,16804.70000000,16702.23000000,16750.83000000,34085.67368000,480,480,False
1671350400000,1671379200000,16750.83000000,16767.58000000,16663.07000000,16683.84000000,40499.77094000,480,480,False
1671379200000,1671408000000,16683.83000000,16863.26000000,16676.15000000,16738.21000000,38033.87184000,480,480,False
1671408000000,1671436800000,16739.00000000,16815.99000000,16627.35000000,16722.23000000,49363.21890000,480,480,False
1671436800000,1671465600000,16722.23000000,16784.00000000,16665.03000000,16669.08000000,51379.89537000,480,480,False
1671465600000,1671494400000,16668.23000000,16702.83000000,16256.30000000,16438.88000000,78351.16878000,480,480,False
1671494400000,1671523200000,16438.88000000,16880.58000000,16397.20000000,16802.83000000,100721.28445000,480,480,False
1671523200000,1671552000000,16802.23000000,17061.27000000,16710.12000000,16918.83000000,84167.36463000,480,480,False
1671552000000,1671580800000,16918.15000000,16936.32000000,16767.00000000,16895.56000000,63920.27416000,480,480,False
1671580800000,1671609600000,16896.15000000,16925.00000000,16767.53000000,16816.18000000,48139.37694000,480,480,False
1671609600000,1671638400000,16816.18000000,16914.72000000,16723.00000000,16861.13000000,60277.06948000,480,480,False
1671638400000,1671667200000,16860.51000000,16866.40000000,16728.09000000,16824.67000000,48394.51720000,480,480,False
1671667200000,1671696000000,16824.68000000,16860.77000000,16783.43000000,16826.87000000,39314.11300000,480,480,False
1671696000000,1671724800000,16826.23000000,16868.52000000,16610.92000000,16636.54000000,68415.32858000,480,480,False
1671724800000,1671753600000,16636.54000000,16852.79000000,16559.85000000,16821.43000000,68314.83077000,480,480,False
1671753600000,1671782400000,16821.90000000,16893.90000000,16770.00000000,16848.01000000,43597.70872000,480,480,False
1671782400000,1671811200000,16848.45000000,16955.14000000,16731.13000000,16832.16000000,73941.55806000,480,480,False
1671811200000,1671840000000,16832.15000000,16860.07000000,16765.67000000,16778.50000000,44072.74269000,480,480,False
1671840000000,1671868800000,16778.52000000,16857.37000000,16776.62000000,16848.26000000,35345.28614000,480,480,False
1671868800000,1671897600000,16848.26000000,16859.44000000,16815.09000000,16836.35000000,31183.09325000,480,480,False
1671897600000,1671926400000,16835.93000000,16869.99000000,16808.15000000,16836.12000000,33695.91157000,480,480,False
1671926400000,1671955200000,16835.73000000,16852.95000000,16802.00000000,16821.97000000,33212.79630000,480,480,False
1671955200000,1671984000000,16821.97000000,16857.96000000,16721.00000000,16793.09000000,48540.88326000,480,480,False
1671984000000,1672012800000,16793.49000000,16846.00000000,16727.00000000,16832.11000000,43687.39246000,480,480,False
1672012800000,1672041600000,16832.11000000,16924.00000000,16820.75000000,16843.65000000,40885.19138000,480,480,False
1672041600000,1672070400000,16843.76000000,16873.15000000,16791.00000000,16809.51000000,42268.19622000,480,480,False
1672070400000,1672099200000,16809.51000000,16944.52000000,16798.38000000,16919.39000000,41410.61896000,480,480,False
1672099200000,1672128000000,16919.39000000,16972.83000000,16839.00000000,16869.19000000,48534.47837000,480,480,False
1672128000000,1672156800000,16869.68000000,16882.03000000,16733.21000000,16799.78000000,64843.46533000,480,480,False
1672156800000,1672185600000,16799.92000000,16804.98000000,16592.37000000,16706.36000000,60371.64246000,480,480,False
1672185600000,1672214400000,16706.06000000,16755.20000000,16559.79000000,16647.16000000,63124.56349000,480,480,False
1672214400000,1672243200000,16647.16000000,16785.19000000,16569.94000000,16578.52000000,67227.22201000,480,480,False
1672243200000,1672272000000,16578.02000000,16668.00000000,16465.33000000,16547.31000000,62685.78027000,480,480,False
1672272000000,1672300800000,16547.32000000,16594.00000000,16488.91000000,16556.37000000,44767.64151000,480,480,False
1672300800000,1672329600000,16556.37000000,16664.41000000,16517.54000000,16616.60000000,62508.09523000,480,480,False
1672329600000,1672358400000,16616.60000000,16654.54000000,16555.57000000,16633.47000000,53722.73484000,480,480,False
1672358400000,1672387200000,16633.47000000,16648.77000000,16429.00000000,16474.93000000,49803.51551000,480,480,False
1672387200000,1672416000000,16475.10000000,16580.70000000,16333.00000000,16555.26000000,65195.85673000,480,480,False
1672416000000,1672444800000,16555.26000000,16677.35000000,16515.45000000,16607.48000000,49916.93950000,480,480,False
1672444800000,1672473600000,16607.48000000,16616.37000000,16531.00000000,16565.09000000,31464.99726000,480,480,False
1672473600000,1672502400000,16564.81000000,16644.09000000,16540.01000000,16590.10000000,48617.06952000,480,480,False
1672502400000,1672531200000,16590.10000000,16613.30000000,16470.00000000,16542.40000000,34408.36186000,480,480,False
