InicioUtcMs,FinUtcMsExclusivo,Open,High,Low,Close,Volume,MinutosEsperados,MinutosRecibidos,EsParcial
1704153600000,1704160800000,2352.05000000,2397.56000000,2346.95000000,2378.08000000,70111.88830000,120,120,False
1704160800000,1704168000000,2378.09000000,2388.61000000,2371.47000000,2386.43000000,29554.61210000,120,120,False
1704168000000,1704175200000,2386.42000000,2392.40000000,2377.18000000,2377.48000000,26976.64780000,120,120,False
1704175200000,1704182400000,2377.47000000,2388.93000000,2373.69000000,2385.84000000,23565.01080000,120,120,False
1704182400000,1704189600000,2385.84000000,2431.30000000,2380.09000000,2413.77000000,70038.65960000,120,120,False
1704189600000,1704196800000,2413.77000000,2416.40000000,2380.36000000,2391.24000000,36131.48640000,120,120,False
1704196800000,1704204000000,2391.24000000,2404.68000000,2382.22000000,2398.00000000,28729.90060000,120,120,False
1704204000000,1704211200000,2398.01000000,2402.65000000,2352.04000000,2357.48000000,59434.82990000,120,120,False
1704211200000,1704218400000,2357.48000000,2369.60000000,2350.19000000,2357.43000000,30095.45060000,120,120,False
1704218400000,1704225600000,2357.43000000,2372.75000000,2354.79000000,2369.19000000,26866.29380000,120,120,False
1704225600000,1704232800000,2369.19000000,2380.00000000,2341.00000000,2366.34000000,32218.81720000,120,120,False
1704232800000,1704240000000,2366.33000000,2372.50000000,2351.00000000,2355.34000000,24318.06710000,120,120,False
1704240000000,1704247200000,2355.35000000,2375.00000000,2347.40000000,2373.08000000,24919.76420000,120,120,False
1704247200000,1704254400000,2373.08000000,2384.66000000,2364.21000000,2368.51000000,21790.07830000,120,120,False
1704254400000,1704261600000,2368.51000000,2379.61000000,2363.21000000,2376.94000000,21351.08670000,120,120,False
1704261600000,1704268800000,2376.94000000,2380.90000000,2356.99000000,2361.64000000,25203.39970000,120,120,False
1704268800000,1704276000000,2361.65000000,2385.45000000,2361.26000000,2376.01000000,29315.25380000,120,120,False
1704276000000,1704283200000,2376.02000000,2380.84000000,2294.01000000,2307.68000000,79391.59420000,120,120,False
1704283200000,1704290400000,2307.99000000,2308.60000000,2100.00000000,2223.79000000,274536.44240000,120,120,False
1704290400000,1704297600000,2223.79000000,2241.00000000,2190.00000000,2240.40000000,95180.99390000,120,120,False
1704297600000,1704304800000,2240.39000000,2245.33000000,2212.00000000,2223.30000000,86673.08020000,120,120,False
1704304800000,1704312000000,2223.30000000,2229.11000000,2188.00000000,2206.53000000,65634.69390000,120,120,False
1704312000000,1704319200000,2206.54000000,2227.87000000,2205.28000000,2226.03000000,39700.21380000,120,120,False
1704319200000,1704326400000,2226.02000000,2226.45000000,2196.23000000,2209.72000000,35032.88580000,120,120,False
1704326400000,1704333600000,2209.72000000,2219.92000000,2201.91000000,2205.92000000,31113.47490000,120,120,False
1704333600000,1704340800000,2205.92000000,2239.79000000,2204.63000000,2231.08000000,28217.33210000,120,120,False
1704340800000,1704348000000,2231.07000000,2244.04000000,2227.80000000,2235.93000000,27113.83040000,120,120,False
1704348000000,1704355200000,2235.93000000,2244.93000000,2220.00000000,2221.85000000,41907.60030000,120,120,False
1704355200000,1704362400000,2221.85000000,2229.71000000,2211.13000000,2223.40000000,34140.43750000,120,120,False
1704362400000,1704369600000,2223.41000000,2230.71000000,2205.00000000,2228.14000000,26886.62770000,120,120,False
1704369600000,1704376800000,2228.13000000,2247.36000000,2222.70000000,2238.29000000,45742.77650000,120,120,False
1704376800000,1704384000000,2238.29000000,2285.99000000,2230.66000000,2276.87000000,67648.26780000,120,120,False
1704384000000,1704391200000,2276.88000000,2289.26000000,2259.10000000,2274.72000000,59032.68590000,120,120,False
1704391200000,1704398400000,2274.72000000,2294.08000000,2268.28000000,2274.27000000,32391.57740000,120,120,False
1704398400000,1704405600000,2274.27000000,2294.69000000,2268.51000000,2273.17000000,33365.77970000,120,120,False
1704405600000,1704412800000,2273.17000000,2286.75000000,2261.57000000,2267.11000000,21283.66480000,120,120,False
1704412800000,1704420000000,2267.11000000,2274.76000000,2212.00000000,2237.93000000,48924.73300000,120,120,False
1704420000000,1704427200000,2237.94000000,2251.20000000,2231.71000000,2242.28000000,27957.61180000,120,120,False
1704427200000,1704434400000,2242.29000000,2248.00000000,2234.30000000,2246.45000000,22540.54480000,120,120,False
1704434400000,1704441600000,2246.45000000,2265.72000000,2240.48000000,2252.75000000,35947.56280000,120,120,False
1704441600000,1704448800000,2252.75000000,2269.00000000,2250.00000000,2264.59000000,41398.28070000,120,120,False
1704448800000,1704456000000,2264.60000000,2265.89000000,2233.23000000,2241.97000000,28290.60240000,120,120,False
1704456000000,1704463200000,2241.97000000,2253.64000000,2234.29000000,2247.41000000,30904.05030000,120,120,False
1704463200000,1704470400000,2247.41000000,2252.77000000,2218.00000000,2224.99000000,56208.24060000,120,120,False
1704470400000,1704477600000,2225.00000000,2233.34000000,2206.17000000,2232.10000000,38421.26170000,120,120,False
1704477600000,1704484800000,2232.10000000,2240.67000000,2224.20000000,2234.26000000,17683.73810000,120,120,False
1704484800000,1704492000000,2234.26000000,2261.00000000,2234.18000000,2246.39000000,23519.15300000,120,120,False
1704492000000,1704499200000,2246.40000000,2277.21000000,2238.22000000,2268.78000000,33772.22140000,120,120,False
1704499200000,1704506400000,2268.78000000,2270.00000000,2253.28000000,2254.91000000,18271.51410000,120,120,False
1704506400000,1704513600000,2254.92000000,2258.01000000,2250.40000000,2252.99000000,11134.67450000,120,120,False
1704513600000,1704520800000,2253.00000000,2255.66000000,2229.63000000,2235.19000000,20420.00170000,120,120,False
1704520800000,1704528000000,2235.20000000,2235.60000000,2216.40000000,2233.12000000,30238.62450000,120,120,False
1704528000000,1704535200000,2233.13000000,2240.00000000,2228.58000000,2234.60000000,14613.20120000,120,120,False
1704535200000,1704542400000,2234.60000000,2239.20000000,2229.92000000,2238.67000000,13201.37450000,120,120,False
1704542400000,1704549600000,2238.67000000,2241.76000000,2228.37000000,2237.01000000,17327.03490000,120,120,False
1704549600000,1704556800000,2237.00000000,2248.32000000,2236.40000000,2246.40000000,23751.73580000,120,120,False
1704556800000,1704564000000,2246.41000000,2252.45000000,2243.02000000,2248.67000000,11945.63460000,120,120,False
1704564000000,1704571200000,2248.67000000,2254.77000000,2237.50000000,2244.63000000,10288.93800000,120,120,False
1704571200000,1704578400000,2244.64000000,2247.50000000,2233.00000000,2240.15000000,11199.90760000,120,120,False
1704578400000,1704585600000,2240.15000000,2241.01000000,2230.62000000,2240.78000000,11675.22420000,120,120,False
1704585600000,1704592800000,2240.77000000,2254.03000000,2238.52000000,2241.20000000,15564.50550000,120,120,False
1704592800000,1704600000000,2241.20000000,2248.78000000,2235.58000000,2242.20000000,12068.13010000,120,120,False
1704600000000,1704607200000,2242.19000000,2250.67000000,2241.20000000,2242.99000000,10411.26580000,120,120,False
1704607200000,1704614400000,2242.99000000,2251.44000000,2241.00000000,2249.15000000,10948.86810000,120,120,False
1704614400000,1704621600000,2249.15000000,2253.00000000,2230.26000000,2233.54000000,16507.84130000,120,120,False
1704621600000,1704628800000,2233.55000000,2243.03000000,2232.86000000,2237.04000000,12600.53200000,120,120,False
1704628800000,1704636000000,2237.05000000,2258.01000000,2231.60000000,2252.09000000,24359.52130000,120,120,False
1704636000000,1704643200000,2252.10000000,2255.00000000,2222.46000000,2230.83000000,25140.91670000,120,120,False
1704643200000,1704650400000,2230.83000000,2243.00000000,2221.00000000,2239.23000000,19487.88520000,120,120,False
1704650400000,1704657600000,2239.23000000,2249.98000000,2236.71000000,2248.60000000,11138.10000000,120,120,False
1704657600000,1704664800000,2248.60000000,2251.27000000,2234.48000000,2239.76000000,13422.25630000,120,120,False
1704664800000,1704672000000,2239.76000000,2239.76000000,2203.46000000,2221.42000000,35488.87040000,120,120,False
1704672000000,1704679200000,2221.42000000,2224.41000000,2188.88000000,2203.97000000,36241.39070000,120,120,False
1704679200000,1704686400000,2203.98000000,2208.00000000,2166.38000000,2190.87000000,53975.41210000,120,120,False
1704686400000,1704693600000,2190.88000000,2198.40000000,2188.00000000,2196.59000000,22322.32500000,120,120,False
1704693600000,1704700800000,2196.59000000,2230.00000000,2194.67000000,2224.08000000,40184.11460000,120,120,False
1704700800000,1704708000000,2224.07000000,2234.00000000,2204.47000000,2211.06000000,25999.98540000,120,120,False
1704708000000,1704715200000,2211.06000000,2242.00000000,2208.08000000,2240.61000000,30230.04330000,120,120,False
1704715200000,1704722400000,2240.61000000,2275.00000000,2239.81000000,2265.47000000,69605.74180000,120,120,False
1704722400000,1704729600000,2265.48000000,2283.02000000,2256.03000000,2269.59000000,43520.82000000,120,120,False
1704729600000,1704736800000,2269.59000000,2307.69000000,2259.39000000,2306.82000000,52945.13940000,120,120,False
1704736800000,1704744000000,2306.82000000,2358.20000000,2305.30000000,2354.56000000,106394.78900000,120,120,False
1704744000000,1704751200000,2354.57000000,2357.79000000,2332.71000000,2337.08000000,34820.31260000,120,120,False
1704751200000,1704758400000,2337.08000000,2342.57000000,2325.36000000,2330.44000000,23167.48080000,120,120,False
1704758400000,1704765600000,2330.43000000,2336.70000000,2289.98000000,2309.36000000,52433.22660000,120,120,False
1704765600000,1704772800000,2309.35000000,2316.60000000,2306.00000000,2309.13000000,18942.48770000,120,120,False
1704772800000,1704780000000,2309.12000000,2319.01000000,2300.40000000,2308.77000000,17834.89820000,120,120,False
1704780000000,1704787200000,2308.77000000,2310.64000000,2297.26000000,2306.05000000,17160.87840000,120,120,False
1704787200000,1704794400000,2306.05000000,2311.30000000,2285.40000000,2291.37000000,25937.10340000,120,120,False
1704794400000,1704801600000,2291.37000000,2303.09000000,2289.00000000,2298.76000000,19742.31510000,120,120,False
1704801600000,1704808800000,2298.77000000,2304.21000000,2226.78000000,2275.25000000,64947.51480000,120,120,False
1704808800000,1704816000000,2275.25000000,2283.02000000,2241.00000000,2257.18000000,46054.63010000,120,120,False
1704816000000,1704823200000,2257.18000000,2270.57000000,2243.41000000,2264.00000000,33731.00720000,120,120,False
1704823200000,1704830400000,2264.00000000,2278.03000000,2258.22000000,2270.91000000,20514.38910000,120,120,False
1704830400000,1704837600000,2270.91000000,2371.00000000,2247.72000000,2317.66000000,149828.58440000,120,120,False
1704837600000,1704844800000,2317.65000000,2371.72000000,2314.61000000,2344.29000000,84327.95810000,120,120,False
1704844800000,1704852000000,2344.30000000,2400.53000000,2339.59000000,2376.77000000,91398.04090000,120,120,False
1704852000000,1704859200000,2376.77000000,2377.20000000,2343.78000000,2361.51000000,39783.07890000,120,120,False
1704859200000,1704866400000,2361.50000000,2393.22000000,2358.00000000,2386.80000000,45180.77270000,120,120,False
1704866400000,1704873600000,2386.80000000,2388.54000000,2366.10000000,2368.75000000,29006.70400000,120,120,False
1704873600000,1704880800000,2368.75000000,2431.00000000,2362.64000000,2425.62000000,89027.95780000,120,120,False
1704880800000,1704888000000,2425.62000000,2427.17000000,2381.00000000,2402.21000000,46676.75570000,120,120,False
1704888000000,1704895200000,2402.21000000,2417.90000000,2342.00000000,2377.83000000,98698.87940000,120,120,False
1704895200000,1704902400000,2377.84000000,2456.00000000,2369.61000000,2449.30000000,109802.81050000,120,120,False
1704902400000,1704909600000,2449.30000000,2457.60000000,2400.71000000,2436.69000000,71967.20720000,120,120,False
1704909600000,1704916800000,2436.69000000,2481.59000000,2415.00000000,2477.90000000,79211.53240000,120,120,False
1704916800000,1704924000000,2477.90000000,2534.64000000,2411.00000000,2528.14000000,185243.12420000,120,120,False
1704924000000,1704931200000,2528.13000000,2643.10000000,2510.17000000,2584.38000000,152391.80230000,120,120,False
1704931200000,1704938400000,2584.37000000,2608.00000000,2566.01000000,2568.20000000,73563.58800000,120,120,False
1704938400000,1704945600000,2568.21000000,2614.76000000,2566.22000000,2613.01000000,50315.84510000,120,120,False
1704945600000,1704952800000,2613.00000000,2630.00000000,2584.00000000,2596.72000000,79597.87160000,120,120,False
1704952800000,1704960000000,2596.72000000,2598.45000000,2573.01000000,2589.15000000,46006.43660000,120,120,False
1704960000000,1704967200000,2589.15000000,2620.00000000,2586.66000000,2608.68000000,34964.93850000,120,120,False
1704967200000,1704974400000,2608.68000000,2665.74000000,2607.55000000,2657.90000000,72350.67700000,120,120,False
1704974400000,1704981600000,2657.89000000,2662.44000000,2622.40000000,2635.98000000,72042.62110000,120,120,False
1704981600000,1704988800000,2635.97000000,2689.39000000,2593.60000000,2613.19000000,194507.04280000,120,120,False
1704988800000,1704996000000,2613.19000000,2625.13000000,2570.00000000,2602.45000000,98339.07480000,120,120,False
1704996000000,1705003200000,2602.46000000,2622.46000000,2589.67000000,2622.07000000,44044.09950000,120,120,False
1705003200000,1705010400000,2622.07000000,2632.28000000,2587.48000000,2603.79000000,47881.83660000,120,120,False
1705010400000,1705017600000,2603.79000000,2624.81000000,2595.81000000,2618.01000000,25098.22610000,120,120,False
1705017600000,1705024800000,2618.01000000,2624.29000000,2580.00000000,2593.02000000,31955.86940000,120,120,False
1705024800000,1705032000000,2593.01000000,2616.02000000,2588.09000000,2589.81000000,27066.69510000,120,120,False
1705032000000,1705039200000,2589.81000000,2610.00000000,2585.62000000,2608.79000000,24460.08430000,120,120,False
1705039200000,1705046400000,2608.80000000,2626.43000000,2590.66000000,2595.73000000,53306.00630000,120,120,False
1705046400000,1705053600000,2595.72000000,2618.35000000,2584.11000000,2614.77000000,45660.41770000,120,120,False
1705053600000,1705060800000,2614.78000000,2667.99000000,2611.37000000,2647.59000000,71573.77520000,120,120,False
1705060800000,1705068000000,2647.58000000,2691.49000000,2634.00000000,2673.78000000,95505.09890000,120,120,False
1705068000000,1705075200000,2673.78000000,2717.32000000,2637.58000000,2647.02000000,145222.68730000,120,120,False
1705075200000,1705082400000,2647.02000000,2688.83000000,2560.71000000,2603.05000000,153106.85200000,120,120,False
1705082400000,1705089600000,2603.06000000,2613.96000000,2580.00000000,2584.43000000,51984.17500000,120,120,False
1705089600000,1705096800000,2584.44000000,2598.20000000,2501.18000000,2526.05000000,79809.59590000,120,120,False
1705096800000,1705104000000,2526.06000000,2530.90000000,2458.00000000,2522.54000000,107806.50560000,120,120,False
1705104000000,1705111200000,2522.55000000,2538.01000000,2497.50000000,2525.39000000,53110.11240000,120,120,False
1705111200000,1705118400000,2525.39000000,2557.15000000,2519.48000000,2548.53000000,56916.06800000,120,120,False
1705118400000,1705125600000,2548.53000000,2556.02000000,2539.20000000,2554.33000000,22159.82130000,120,120,False
1705125600000,1705132800000,2554.34000000,2561.68000000,2542.66000000,2550.99000000,26803.66580000,120,120,False
1705132800000,1705140000000,2550.99000000,2560.55000000,2537.94000000,2540.78000000,30585.97280000,120,120,False
1705140000000,1705147200000,2540.78000000,2545.61000000,2521.18000000,2542.50000000,39187.01440000,120,120,False
1705147200000,1705154400000,2542.50000000,2551.86000000,2535.80000000,2542.08000000,29229.23020000,120,120,False
1705154400000,1705161600000,2542.08000000,2566.19000000,2531.15000000,2563.83000000,39577.77820000,120,120,False
1705161600000,1705168800000,2563.83000000,2572.20000000,2550.00000000,2555.63000000,49593.67990000,120,120,False
1705168800000,1705176000000,2555.63000000,2580.00000000,2552.01000000,2571.91000000,35583.24320000,120,120,False
1705176000000,1705183200000,2571.91000000,2580.95000000,2562.80000000,2573.28000000,18719.72390000,120,120,False
1705183200000,1705190400000,2573.29000000,2590.00000000,2566.61000000,2578.19000000,20594.92190000,120,120,False
1705190400000,1705197600000,2578.18000000,2578.69000000,2561.08000000,2569.40000000,18427.05480000,120,120,False
1705197600000,1705204800000,2569.41000000,2571.20000000,2549.72000000,2550.99000000,29488.96730000,120,120,False
1705204800000,1705212000000,2551.00000000,2555.88000000,2541.80000000,2552.64000000,34314.11700000,120,120,False
1705212000000,1705219200000,2552.64000000,2555.79000000,2543.65000000,2550.83000000,15874.49020000,120,120,False
1705219200000,1705226400000,2550.84000000,2553.71000000,2539.49000000,2553.71000000,17155.86900000,120,120,False
1705226400000,1705233600000,2553.70000000,2553.80000000,2534.58000000,2538.00000000,17054.58530000,120,120,False
1705233600000,1705240800000,2538.01000000,2546.58000000,2524.39000000,2533.81000000,23609.33000000,120,120,False
1705240800000,1705248000000,2533.80000000,2544.93000000,2530.95000000,2537.68000000,16619.24530000,120,120,False
1705248000000,1705255200000,2537.68000000,2543.97000000,2521.35000000,2530.95000000,24706.63200000,120,120,False
1705255200000,1705262400000,2530.95000000,2538.00000000,2500.00000000,2501.00000000,26759.54810000,120,120,False
1705262400000,1705269600000,2500.99000000,2527.53000000,2480.41000000,2527.20000000,32096.85590000,120,120,False
1705269600000,1705276800000,2527.21000000,2531.93000000,2470.00000000,2472.87000000,50101.05140000,120,120,False
1705276800000,1705284000000,2472.87000000,2512.64000000,2470.92000000,2506.11000000,55246.75060000,120,120,False
1705284000000,1705291200000,2506.11000000,2513.91000000,2491.96000000,2503.32000000,38885.89500000,120,120,False
1705291200000,1705298400000,2503.32000000,2519.29000000,2502.97000000,2518.49000000,16298.08090000,120,120,False
1705298400000,1705305600000,2518.49000000,2521.00000000,2503.46000000,2513.29000000,15334.18090000,120,120,False
1705305600000,1705312800000,2513.29000000,2533.63000000,2506.88000000,2528.16000000,17192.34900000,120,120,False
1705312800000,1705320000000,2528.15000000,2542.86000000,2526.05000000,2539.35000000,19868.36030000,120,120,False
1705320000000,1705327200000,2539.36000000,2549.02000000,2533.00000000,2538.78000000,31243.83490000,120,120,False
1705327200000,1705334400000,2538.79000000,2540.00000000,2505.80000000,2514.49000000,39880.24910000,120,120,False
1705334400000,1705341600000,2514.49000000,2536.76000000,2514.05000000,2532.38000000,18963.79310000,120,120,False
1705341600000,1705348800000,2532.38000000,2553.82000000,2531.00000000,2534.70000000,30466.90800000,120,120,False
1705348800000,1705356000000,2534.69000000,2539.38000000,2521.33000000,2522.13000000,10893.47950000,120,120,False
1705356000000,1705363200000,2522.13000000,2525.12000000,2500.33000000,2511.78000000,20974.00060000,120,120,False
1705363200000,1705370400000,2511.79000000,2522.40000000,2505.00000000,2514.16000000,19196.32700000,120,120,False
1705370400000,1705377600000,2514.16000000,2538.23000000,2512.03000000,2537.60000000,19153.60480000,120,120,False
1705377600000,1705384800000,2537.60000000,2542.14000000,2528.00000000,2531.04000000,17045.32200000,120,120,False
1705384800000,1705392000000,2531.03000000,2536.89000000,2522.30000000,2528.26000000,18765.03680000,120,120,False
1705392000000,1705399200000,2528.25000000,2549.38000000,2523.60000000,2542.86000000,33323.83640000,120,120,False
1705399200000,1705406400000,2542.86000000,2544.12000000,2521.98000000,2530.77000000,20031.32120000,120,120,False
1705406400000,1705413600000,2530.78000000,2547.95000000,2524.10000000,2525.81000000,23723.08730000,120,120,False
1705413600000,1705420800000,2525.80000000,2570.79000000,2500.05000000,2559.44000000,85780.57600000,120,120,False
1705420800000,1705428000000,2559.44000000,2579.62000000,2548.63000000,2564.05000000,50418.52290000,120,120,False
1705428000000,1705435200000,2564.05000000,2576.09000000,2554.80000000,2574.06000000,20258.70670000,120,120,False
1705435200000,1705442400000,2574.06000000,2614.43000000,2571.79000000,2607.29000000,42911.31470000,120,120,False
1705442400000,1705449600000,2607.30000000,2611.60000000,2585.31000000,2587.40000000,30469.96890000,120,120,False
1705449600000,1705456800000,2587.41000000,2592.97000000,2576.91000000,2578.57000000,28011.73270000,120,120,False
1705456800000,1705464000000,2578.58000000,2581.78000000,2571.17000000,2571.43000000,20026.48480000,120,120,False
1705464000000,1705471200000,2571.43000000,2575.57000000,2561.29000000,2562.73000000,19547.87380000,120,120,False
1705471200000,1705478400000,2562.73000000,2570.66000000,2551.81000000,2552.52000000,26015.97230000,120,120,False
1705478400000,1705485600000,2552.53000000,2554.06000000,2534.40000000,2544.36000000,29949.29490000,120,120,False
1705485600000,1705492800000,2544.36000000,2553.67000000,2540.28000000,2542.85000000,24932.09440000,120,120,False
1705492800000,1705500000000,2542.86000000,2552.90000000,2532.67000000,2543.77000000,38242.24170000,120,120,False
1705500000000,1705507200000,2543.77000000,2574.75000000,2535.69000000,2539.46000000,69906.52210000,120,120,False
1705507200000,1705514400000,2539.47000000,2544.75000000,2522.00000000,2529.69000000,36322.92680000,120,120,False
1705514400000,1705521600000,2529.69000000,2539.84000000,2517.22000000,2533.29000000,26715.71440000,120,120,False
1705521600000,1705528800000,2533.29000000,2544.81000000,2524.17000000,2526.58000000,24232.87100000,120,120,False
1705528800000,1705536000000,2526.59000000,2532.00000000,2506.75000000,2530.19000000,22377.61880000,120,120,False
1705536000000,1705543200000,2530.20000000,2533.44000000,2510.03000000,2522.69000000,23221.99820000,120,120,False
1705543200000,1705550400000,2522.68000000,2531.99000000,2522.26000000,2529.94000000,20656.15360000,120,120,False
1705550400000,1705557600000,2529.95000000,2540.69000000,2524.72000000,2529.69000000,36443.84940000,120,120,False
1705557600000,1705564800000,2529.68000000,2539.00000000,2528.24000000,2538.99000000,19134.55590000,120,120,False
1705564800000,1705572000000,2538.99000000,2550.00000000,2535.46000000,2539.49000000,42883.16270000,120,120,False
1705572000000,1705579200000,2539.50000000,2541.26000000,2514.04000000,2522.41000000,28757.94900000,120,120,False
1705579200000,1705586400000,2522.42000000,2523.31000000,2503.77000000,2515.55000000,32446.65040000,120,120,False
1705586400000,1705593600000,2515.55000000,2535.27000000,2513.91000000,2525.64000000,26214.79630000,120,120,False
1705593600000,1705600800000,2525.65000000,2526.15000000,2467.17000000,2481.30000000,79457.29540000,120,120,False
1705600800000,1705608000000,2481.31000000,2485.38000000,2430.00000000,2439.50000000,68196.37790000,120,120,False
1705608000000,1705615200000,2439.50000000,2464.61000000,2428.56000000,2457.35000000,53070.19760000,120,120,False
1705615200000,1705622400000,2457.36000000,2472.86000000,2455.37000000,2470.81000000,21607.12100000,120,120,False
1705622400000,1705629600000,2470.81000000,2474.59000000,2457.31000000,2463.15000000,24752.45520000,120,120,False
1705629600000,1705636800000,2463.16000000,2465.20000000,2443.13000000,2460.40000000,32235.47890000,120,120,False
1705636800000,1705644000000,2460.40000000,2468.22000000,2456.63000000,2464.58000000,15668.41600000,120,120,False
1705644000000,1705651200000,2464.58000000,2474.82000000,2462.22000000,2465.51000000,23917.63750000,120,120,False
1705651200000,1705658400000,2465.50000000,2483.87000000,2460.44000000,2482.40000000,21577.91270000,120,120,False
1705658400000,1705665600000,2482.41000000,2496.62000000,2481.58000000,2488.97000000,27932.74910000,120,120,False
1705665600000,1705672800000,2488.98000000,2497.17000000,2481.23000000,2497.16000000,19383.82340000,120,120,False
1705672800000,1705680000000,2497.16000000,2499.87000000,2460.37000000,2462.98000000,56034.68820000,120,120,False
1705680000000,1705687200000,2462.98000000,2471.80000000,2415.20000000,2471.37000000,99347.32550000,120,120,False
1705687200000,1705694400000,2471.37000000,2504.00000000,2461.87000000,2493.37000000,61462.31980000,120,120,False
1705694400000,1705701600000,2493.37000000,2504.20000000,2481.00000000,2489.12000000,28287.35630000,120,120,False
1705701600000,1705708800000,2489.13000000,2497.96000000,2483.60000000,2492.00000000,13608.84030000,120,120,False
1705708800000,1705716000000,2491.99000000,2492.00000000,2475.00000000,2489.80000000,14178.00400000,120,120,False
1705716000000,1705723200000,2489.80000000,2489.80000000,2475.10000000,2481.22000000,13515.85690000,120,120,False
1705723200000,1705730400000,2481.22000000,2484.75000000,2475.29000000,2477.54000000,9477.13160000,120,120,False
1705730400000,1705737600000,2477.54000000,2486.27000000,2477.02000000,2478.47000000,7978.12240000,120,120,False
1705737600000,1705744800000,2478.48000000,2480.07000000,2463.31000000,2465.95000000,16312.61090000,120,120,False
1705744800000,1705752000000,2465.95000000,2474.51000000,2465.26000000,2470.59000000,9958.95600000,120,120,False
1705752000000,1705759200000,2470.58000000,2475.91000000,2466.84000000,2471.87000000,9899.35450000,120,120,False
1705759200000,1705766400000,2471.87000000,2473.99000000,2458.33000000,2463.83000000,14591.44080000,120,120,False
1705766400000,1705773600000,2463.83000000,2467.81000000,2456.24000000,2462.08000000,12163.72770000,120,120,False
1705773600000,1705780800000,2462.08000000,2463.80000000,2454.20000000,2461.52000000,8759.05610000,120,120,False
1705780800000,1705788000000,2461.52000000,2472.79000000,2460.20000000,2465.61000000,10586.24610000,120,120,False
1705788000000,1705795200000,2465.60000000,2474.88000000,2465.60000000,2472.01000000,9200.45070000,120,120,False
1705795200000,1705802400000,2472.02000000,2472.97000000,2465.00000000,2469.53000000,9527.91880000,120,120,False
1705802400000,1705809600000,2469.53000000,2481.00000000,2469.41000000,2475.42000000,9781.52880000,120,120,False
1705809600000,1705816800000,2475.43000000,2475.83000000,2472.42000000,2473.18000000,5254.82930000,120,120,False
1705816800000,1705824000000,2473.17000000,2476.07000000,2466.64000000,2476.06000000,8162.00590000,120,120,False
1705824000000,1705831200000,2476.06000000,2479.36000000,2472.38000000,2477.42000000,9013.01640000,120,120,False
1705831200000,1705838400000,2477.41000000,2482.18000000,2471.98000000,2473.65000000,10330.10280000,120,120,False
1705838400000,1705845600000,2473.65000000,2480.80000000,2471.27000000,2479.36000000,13549.14520000,120,120,False
1705845600000,1705852800000,2479.36000000,2481.05000000,2464.08000000,2468.01000000,17198.68150000,120,120,False
1705852800000,1705860000000,2468.01000000,2476.66000000,2464.16000000,2474.52000000,11339.74360000,120,120,False
1705860000000,1705867200000,2474.52000000,2478.49000000,2470.73000000,2474.26000000,6734.39350000,120,120,False
1705867200000,1705874400000,2474.27000000,2475.40000000,2465.51000000,2473.42000000,7430.61390000,120,120,False
1705874400000,1705881600000,2473.42000000,2473.72000000,2452.13000000,2457.05000000,14250.18900000,120,120,False
1705881600000,1705888800000,2457.06000000,2466.10000000,2435.47000000,2439.38000000,28829.35410000,120,120,False
1705888800000,1705896000000,2439.39000000,2446.44000000,2424.00000000,2437.56000000,22966.84500000,120,120,False
1705896000000,1705903200000,2437.56000000,2438.69000000,2402.50000000,2427.14000000,49163.88780000,120,120,False
1705903200000,1705910400000,2427.14000000,2436.16000000,2417.94000000,2420.80000000,20664.60240000,120,120,False
1705910400000,1705917600000,2420.80000000,2420.80000000,2385.00000000,2389.32000000,52963.57170000,120,120,False
1705917600000,1705924800000,2389.31000000,2392.80000000,2361.60000000,2381.34000000,59498.51980000,120,120,False
1705924800000,1705932000000,2381.34000000,2404.97000000,2367.65000000,2387.85000000,40698.74710000,120,120,False
1705932000000,1705939200000,2387.85000000,2391.17000000,2353.61000000,2379.61000000,59871.02360000,120,120,False
1705939200000,1705946400000,2379.60000000,2385.08000000,2358.35000000,2376.60000000,34095.09620000,120,120,False
1705946400000,1705953600000,2376.59000000,2381.62000000,2305.27000000,2321.87000000,76319.93530000,120,120,False
1705953600000,1705960800000,2321.88000000,2351.53000000,2319.20000000,2327.41000000,40595.45190000,120,120,False
1705960800000,1705968000000,2327.41000000,2335.48000000,2303.59000000,2314.20000000,40670.61430000,120,120,False
1705968000000,1705975200000,2314.19000000,2336.00000000,2312.67000000,2334.30000000,30441.02940000,120,120,False
1705975200000,1705982400000,2334.31000000,2342.95000000,2329.29000000,2339.16000000,20192.34440000,120,120,False
1705982400000,1705989600000,2339.16000000,2352.23000000,2339.16000000,2348.21000000,31853.56840000,120,120,False
1705989600000,1705996800000,2348.22000000,2350.70000000,2316.12000000,2323.49000000,32248.46260000,120,120,False
1705996800000,1706004000000,2323.49000000,2326.83000000,2213.18000000,2216.10000000,132885.34150000,120,120,False
1706004000000,1706011200000,2216.11000000,2240.88000000,2203.11000000,2218.14000000,74834.19410000,120,120,False
1706011200000,1706018400000,2218.14000000,2227.06000000,2200.00000000,2200.28000000,64461.86290000,120,120,False
1706018400000,1706025600000,2200.28000000,2232.98000000,2168.07000000,2219.39000000,122327.42450000,120,120,False
1706025600000,1706032800000,2219.39000000,2232.01000000,2191.80000000,2208.30000000,66834.57970000,120,120,False
1706032800000,1706040000000,2208.30000000,2225.08000000,2181.00000000,2185.70000000,49513.46030000,120,120,False
1706040000000,1706047200000,2185.69000000,2206.25000000,2183.04000000,2203.19000000,33346.53650000,120,120,False
1706047200000,1706054400000,2203.19000000,2248.21000000,2202.61000000,2242.60000000,41166.52710000,120,120,False
1706054400000,1706061600000,2242.60000000,2255.66000000,2219.58000000,2222.93000000,57241.96220000,120,120,False
1706061600000,1706068800000,2222.92000000,2232.60000000,2211.64000000,2213.45000000,17697.40620000,120,120,False
1706068800000,1706076000000,2213.46000000,2230.36000000,2213.15000000,2227.41000000,18819.73740000,120,120,False
1706076000000,1706083200000,2227.42000000,2244.98000000,2220.52000000,2234.51000000,23241.31000000,120,120,False
1706083200000,1706090400000,2234.50000000,2246.65000000,2229.00000000,2238.83000000,23856.84200000,120,120,False
1706090400000,1706097600000,2238.82000000,2264.60000000,2235.60000000,2244.16000000,32029.16740000,120,120,False
1706097600000,1706104800000,2244.16000000,2248.19000000,2222.35000000,2228.19000000,30124.47820000,120,120,False
1706104800000,1706112000000,2228.19000000,2245.19000000,2218.30000000,2234.88000000,42542.47670000,120,120,False
1706112000000,1706119200000,2234.89000000,2244.52000000,2226.23000000,2237.04000000,25447.08530000,120,120,False
1706119200000,1706126400000,2237.05000000,2237.38000000,2203.32000000,2213.13000000,36648.13270000,120,120,False
1706126400000,1706133600000,2213.13000000,2225.87000000,2196.12000000,2217.29000000,34432.12360000,120,120,False
1706133600000,1706140800000,2217.30000000,2239.80000000,2213.42000000,2235.02000000,17770.42790000,120,120,False
1706140800000,1706148000000,2235.02000000,2239.60000000,2209.28000000,2213.32000000,24166.46990000,120,120,False
1706148000000,1706155200000,2213.32000000,2221.01000000,2206.32000000,2216.88000000,13701.67160000,120,120,False
1706155200000,1706162400000,2216.88000000,2218.79000000,2203.37000000,2210.77000000,12904.46570000,120,120,False
1706162400000,1706169600000,2210.76000000,2227.71000000,2209.59000000,2227.64000000,16226.76200000,120,120,False
1706169600000,1706176800000,2227.64000000,2233.76000000,2220.05000000,2222.35000000,19786.29510000,120,120,False
1706176800000,1706184000000,2222.35000000,2242.89000000,2216.75000000,2231.59000000,31940.83170000,120,120,False
1706184000000,1706191200000,2231.59000000,2234.20000000,2198.01000000,2205.69000000,32761.80890000,120,120,False
1706191200000,1706198400000,2205.69000000,2215.93000000,2181.91000000,2188.00000000,44631.08540000,120,120,False
1706198400000,1706205600000,2188.00000000,2203.38000000,2171.30000000,2203.28000000,48973.93230000,120,120,False
1706205600000,1706212800000,2203.27000000,2224.55000000,2203.27000000,2218.21000000,40768.64740000,120,120,False
1706212800000,1706220000000,2218.22000000,2231.65000000,2212.23000000,2219.49000000,31052.36430000,120,120,False
1706220000000,1706227200000,2219.49000000,2224.60000000,2213.66000000,2218.64000000,13512.27180000,120,120,False
1706227200000,1706234400000,2218.64000000,2226.47000000,2211.12000000,2223.77000000,15854.46900000,120,120,False
1706234400000,1706241600000,2223.78000000,2237.80000000,2221.64000000,2223.42000000,19440.18010000,120,120,False
1706241600000,1706248800000,2223.41000000,2229.60000000,2218.59000000,2221.02000000,13740.21820000,120,120,False
1706248800000,1706256000000,2221.01000000,2224.18000000,2195.84000000,2197.47000000,32945.51970000,120,120,False
1706256000000,1706263200000,2197.46000000,2224.59000000,2195.99000000,2206.21000000,27037.72750000,120,120,False
1706263200000,1706270400000,2206.21000000,2260.66000000,2205.78000000,2254.02000000,66956.59660000,120,120,False
1706270400000,1706277600000,2254.02000000,2265.19000000,2234.46000000,2240.89000000,44478.77550000,120,120,False
1706277600000,1706284800000,2240.90000000,2259.63000000,2240.00000000,2257.90000000,26969.68120000,120,120,False
1706284800000,1706292000000,2257.89000000,2282.36000000,2257.03000000,2268.97000000,52401.00480000,120,120,False
1706292000000,1706299200000,2268.96000000,2276.76000000,2251.07000000,2258.51000000,31498.11310000,120,120,False
1706299200000,1706306400000,2258.51000000,2262.69000000,2252.49000000,2259.87000000,18101.60030000,120,120,False
1706306400000,1706313600000,2259.86000000,2272.00000000,2258.01000000,2267.68000000,14142.53950000,120,120,False
1706313600000,1706320800000,2267.67000000,2282.94000000,2265.23000000,2270.57000000,20180.87680000,120,120,False
1706320800000,1706328000000,2270.56000000,2276.84000000,2270.16000000,2274.13000000,8840.12520000,120,120,False
1706328000000,1706335200000,2274.13000000,2276.56000000,2261.15000000,2263.79000000,9777.96570000,120,120,False
1706335200000,1706342400000,2263.80000000,2267.19000000,2253.41000000,2258.45000000,13786.13730000,120,120,False
1706342400000,1706349600000,2258.45000000,2268.20000000,2251.40000000,2265.99000000,16243.49750000,120,120,False
1706349600000,1706356800000,2266.00000000,2271.49000000,2261.44000000,2265.48000000,10008.13750000,120,120,False
1706356800000,1706364000000,2265.48000000,2270.50000000,2262.13000000,2267.79000000,9094.99520000,120,120,False
1706364000000,1706371200000,2267.80000000,2275.10000000,2267.35000000,2270.18000000,10980.00920000,120,120,False
1706371200000,1706378400000,2270.18000000,2273.79000000,2261.35000000,2265.65000000,11889.67800000,120,120,False
1706378400000,1706385600000,2265.65000000,2277.49000000,2263.43000000,2272.69000000,8481.38640000,120,120,False
1706385600000,1706392800000,2272.70000000,2275.69000000,2267.40000000,2272.73000000,11029.12370000,120,120,False
1706392800000,1706400000000,2272.73000000,2273.34000000,2261.47000000,2267.94000000,14797.45110000,120,120,False
1706400000000,1706407200000,2267.94000000,2288.88000000,2263.00000000,2278.83000000,20945.37090000,120,120,False
1706407200000,1706414400000,2278.82000000,2289.00000000,2276.31000000,2287.17000000,12656.67090000,120,120,False
1706414400000,1706421600000,2287.17000000,2308.24000000,2284.80000000,2290.81000000,26085.33220000,120,120,False
1706421600000,1706428800000,2290.80000000,2293.59000000,2281.81000000,2282.92000000,15886.48420000,120,120,False
1706428800000,1706436000000,2282.91000000,2301.41000000,2277.87000000,2294.86000000,20212.95360000,120,120,False
1706436000000,1706443200000,2294.87000000,2295.99000000,2276.97000000,2281.08000000,18250.43790000,120,120,False
1706443200000,1706450400000,2281.08000000,2282.33000000,2268.65000000,2279.07000000,17279.70450000,120,120,False
1706450400000,1706457600000,2279.06000000,2286.08000000,2261.91000000,2270.17000000,19307.58530000,120,120,False
1706457600000,1706464800000,2270.17000000,2276.00000000,2262.29000000,2269.27000000,12152.83510000,120,120,False
1706464800000,1706472000000,2269.28000000,2270.52000000,2245.03000000,2253.89000000,19043.18820000,120,120,False
1706472000000,1706479200000,2253.88000000,2266.41000000,2249.21000000,2263.50000000,10709.38410000,120,120,False
1706479200000,1706486400000,2263.50000000,2263.92000000,2239.89000000,2256.90000000,16796.96180000,120,120,False
1706486400000,1706493600000,2256.90000000,2274.23000000,2250.57000000,2264.45000000,18036.11160000,120,120,False
1706493600000,1706500800000,2264.46000000,2278.19000000,2263.20000000,2272.11000000,14207.79870000,120,120,False
1706500800000,1706508000000,2272.11000000,2274.23000000,2263.64000000,2264.61000000,11914.83380000,120,120,False
1706508000000,1706515200000,2264.60000000,2271.16000000,2258.28000000,2259.40000000,14340.72190000,120,120,False
1706515200000,1706522400000,2259.39000000,2273.76000000,2253.98000000,2273.76000000,18425.03740000,120,120,False
1706522400000,1706529600000,2273.76000000,2277.00000000,2261.39000000,2264.17000000,17055.63470000,120,120,False
1706529600000,1706536800000,2264.17000000,2269.31000000,2238.88000000,2244.42000000,30463.21020000,120,120,False
1706536800000,1706544000000,2244.42000000,2275.93000000,2233.80000000,2275.80000000,34890.48770000,120,120,False
1706544000000,1706551200000,2275.81000000,2315.45000000,2265.54000000,2302.59000000,78024.24900000,120,120,False
1706551200000,1706558400000,2302.59000000,2312.94000000,2292.14000000,2293.46000000,26379.72800000,120,120,False
1706558400000,1706565600000,2293.46000000,2311.74000000,2292.21000000,2306.32000000,20077.89810000,120,120,False
1706565600000,1706572800000,2306.31000000,2322.34000000,2305.95000000,2317.60000000,21712.36650000,120,120,False
1706572800000,1706580000000,2317.61000000,2324.99000000,2304.00000000,2314.71000000,23919.29220000,120,120,False
1706580000000,1706587200000,2314.71000000,2327.97000000,2310.60000000,2311.40000000,23863.70120000,120,120,False
1706587200000,1706594400000,2311.40000000,2314.69000000,2304.41000000,2304.89000000,14600.50540000,120,120,False
1706594400000,1706601600000,2304.90000000,2314.00000000,2301.00000000,2309.29000000,18822.04290000,120,120,False
1706601600000,1706608800000,2309.30000000,2312.94000000,2302.82000000,2304.39000000,14402.25070000,120,120,False
1706608800000,1706616000000,2304.40000000,2318.22000000,2303.02000000,2314.01000000,17126.30860000,120,120,False
1706616000000,1706623200000,2314.00000000,2332.85000000,2297.00000000,2305.73000000,57261.43300000,120,120,False
1706623200000,1706630400000,2305.72000000,2347.55000000,2298.80000000,2340.91000000,48589.06750000,120,120,False
1706630400000,1706637600000,2340.91000000,2379.79000000,2335.73000000,2370.30000000,75820.38810000,120,120,False
1706637600000,1706644800000,2370.30000000,2381.00000000,2364.42000000,2374.93000000,26301.39110000,120,120,False
1706644800000,1706652000000,2374.93000000,2391.98000000,2370.00000000,2380.03000000,23618.50080000,120,120,False
1706652000000,1706659200000,2380.02000000,2381.79000000,2337.06000000,2343.01000000,28554.69760000,120,120,False
1706659200000,1706666400000,2343.00000000,2351.60000000,2327.54000000,2332.46000000,32432.60310000,120,120,False
1706666400000,1706673600000,2332.47000000,2344.02000000,2327.27000000,2342.91000000,20476.16660000,120,120,False
1706673600000,1706680800000,2342.90000000,2344.55000000,2334.37000000,2338.74000000,19085.74930000,120,120,False
1706680800000,1706688000000,2338.74000000,2342.12000000,2330.00000000,2340.84000000,13996.60740000,120,120,False
1706688000000,1706695200000,2340.84000000,2343.52000000,2309.19000000,2311.20000000,30085.60690000,120,120,False
1706695200000,1706702400000,2311.20000000,2313.72000000,2280.77000000,2300.18000000,50859.91930000,120,120,False
1706702400000,1706709600000,2300.18000000,2318.14000000,2296.89000000,2312.87000000,27541.55020000,120,120,False
1706709600000,1706716800000,2312.87000000,2333.00000000,2291.69000000,2329.42000000,47802.54520000,120,120,False
1706716800000,1706724000000,2329.42000000,2350.30000000,2324.99000000,2347.27000000,41544.05250000,120,120,False
1706724000000,1706731200000,2347.28000000,2348.05000000,2309.51000000,2323.38000000,42835.60060000,120,120,False
1706731200000,1706738400000,2323.39000000,2324.67000000,2263.57000000,2279.00000000,50457.11410000,120,120,False
1706738400000,1706745600000,2278.99000000,2288.91000000,2269.03000000,2283.14000000,19998.67070000,120,120,False
1706745600000,1706752800000,2283.15000000,2289.60000000,2240.00000000,2245.19000000,43950.97980000,120,120,False
1706752800000,1706760000000,2245.19000000,2263.17000000,2242.99000000,2257.21000000,24148.18060000,120,120,False
1706760000000,1706767200000,2257.20000000,2268.87000000,2251.91000000,2268.80000000,20724.56310000,120,120,False
1706767200000,1706774400000,2268.81000000,2277.78000000,2268.36000000,2271.96000000,27954.12330000,120,120,False
1706774400000,1706781600000,2271.95000000,2275.85000000,2265.20000000,2267.84000000,17223.58420000,120,120,False
1706781600000,1706788800000,2267.85000000,2278.12000000,2265.40000000,2266.66000000,16638.97550000,120,120,False
1706788800000,1706796000000,2266.67000000,2277.54000000,2263.20000000,2272.09000000,23800.05680000,120,120,False
1706796000000,1706803200000,2272.08000000,2308.45000000,2270.15000000,2288.88000000,47294.04800000,120,120,False
1706803200000,1706810400000,2288.89000000,2311.72000000,2267.54000000,2304.71000000,40877.99960000,120,120,False
1706810400000,1706817600000,2304.70000000,2309.49000000,2291.75000000,2304.79000000,20472.69440000,120,120,False
1706817600000,1706824800000,2304.79000000,2309.78000000,2296.20000000,2304.36000000,15273.28810000,120,120,False
1706824800000,1706832000000,2304.35000000,2304.85000000,2287.00000000,2304.28000000,12638.96040000,120,120,False
1706832000000,1706839200000,2304.28000000,2320.48000000,2300.70000000,2306.61000000,20203.88000000,120,120,False
1706839200000,1706846400000,2306.62000000,2307.82000000,2298.54000000,2301.66000000,13563.27170000,120,120,False
1706846400000,1706853600000,2301.66000000,2307.23000000,2296.87000000,2305.17000000,14835.32330000,120,120,False
1706853600000,1706860800000,2305.18000000,2319.81000000,2304.23000000,2313.73000000,25769.49820000,120,120,False
1706860800000,1706868000000,2313.73000000,2314.95000000,2306.00000000,2309.89000000,14024.95470000,120,120,False
1706868000000,1706875200000,2309.89000000,2319.37000000,2305.01000000,2318.36000000,16939.75440000,120,120,False
1706875200000,1706882400000,2318.36000000,2324.74000000,2289.04000000,2292.02000000,34799.94230000,120,120,False
1706882400000,1706889600000,2292.02000000,2317.58000000,2281.94000000,2313.99000000,33304.18240000,120,120,False
1706889600000,1706896800000,2314.00000000,2323.88000000,2290.00000000,2292.92000000,28754.03610000,120,120,False
1706896800000,1706904000000,2292.93000000,2301.61000000,2286.69000000,2301.41000000,17661.94990000,120,120,False
1706904000000,1706911200000,2301.42000000,2303.60000000,2295.05000000,2296.67000000,9133.28820000,120,120,False
1706911200000,1706918400000,2296.66000000,2310.00000000,2296.33000000,2309.06000000,9240.42980000,120,120,False
1706918400000,1706925600000,2309.07000000,2329.98000000,2306.75000000,2325.91000000,22434.27240000,120,120,False
1706925600000,1706932800000,2325.90000000,2327.25000000,2319.21000000,2321.45000000,10607.90470000,120,120,False
1706932800000,1706940000000,2321.45000000,2325.28000000,2320.56000000,2324.20000000,6930.08600000,120,120,False
1706940000000,1706947200000,2324.21000000,2324.21000000,2313.46000000,2314.39000000,9128.66400000,120,120,False
1706947200000,1706954400000,2314.38000000,2316.39000000,2307.00000000,2315.12000000,7479.20260000,120,120,False
1706954400000,1706961600000,2315.11000000,2315.12000000,2300.24000000,2303.89000000,11828.46410000,120,120,False
1706961600000,1706968800000,2303.88000000,2308.26000000,2302.17000000,2307.36000000,9050.39130000,120,120,False
1706968800000,1706976000000,2307.36000000,2309.65000000,2292.75000000,2303.64000000,14146.63900000,120,120,False
1706976000000,1706983200000,2303.65000000,2313.88000000,2303.31000000,2309.00000000,15549.33130000,120,120,False
1706983200000,1706990400000,2308.99000000,2309.05000000,2297.00000000,2303.46000000,10930.45230000,120,120,False
1706990400000,1706997600000,2303.45000000,2305.69000000,2297.20000000,2300.56000000,7039.25140000,120,120,False
1706997600000,1707004800000,2300.55000000,2301.83000000,2293.83000000,2296.49000000,8108.18590000,120,120,False
1707004800000,1707012000000,2296.50000000,2306.43000000,2291.00000000,2305.08000000,11215.30850000,120,120,False
1707012000000,1707019200000,2305.09000000,2306.53000000,2302.77000000,2302.96000000,4273.57440000,120,120,False
1707019200000,1707026400000,2302.97000000,2303.61000000,2294.14000000,2300.03000000,8243.67770000,120,120,False
1707026400000,1707033600000,2300.03000000,2302.81000000,2287.00000000,2290.78000000,14299.66550000,120,120,False
1707033600000,1707040800000,2290.79000000,2305.47000000,2286.71000000,2303.39000000,11645.10350000,120,120,False
1707040800000,1707048000000,2303.39000000,2309.99000000,2297.60000000,2305.62000000,9390.46770000,120,120,False
1707048000000,1707055200000,2305.62000000,2309.66000000,2302.85000000,2304.38000000,8644.68120000,120,120,False
1707055200000,1707062400000,2304.38000000,2307.80000000,2297.46000000,2301.68000000,14410.36560000,120,120,False
1707062400000,1707069600000,2301.67000000,2308.13000000,2298.26000000,2306.49000000,12604.00010000,120,120,False
1707069600000,1707076800000,2306.50000000,2308.48000000,2266.00000000,2279.65000000,29324.86390000,120,120,False
1707076800000,1707084000000,2279.64000000,2311.00000000,2273.73000000,2300.48000000,26654.18970000,120,120,False
1707084000000,1707091200000,2300.47000000,2302.80000000,2275.83000000,2289.79000000,20526.14660000,120,120,False
1707091200000,1707098400000,2289.79000000,2294.30000000,2269.11000000,2282.80000000,19998.20810000,120,120,False
1707098400000,1707105600000,2282.80000000,2297.77000000,2277.42000000,2296.27000000,10892.66160000,120,120,False
1707105600000,1707112800000,2296.28000000,2299.40000000,2289.45000000,2295.46000000,9931.99110000,120,120,False
1707112800000,1707120000000,2295.47000000,2312.32000000,2294.00000000,2310.17000000,19421.03060000,120,120,False
1707120000000,1707127200000,2310.18000000,2325.33000000,2310.17000000,2320.81000000,27689.00200000,120,120,False
1707127200000,1707134400000,2320.80000000,2332.90000000,2320.80000000,2329.62000000,20268.61550000,120,120,False
1707134400000,1707141600000,2329.63000000,2338.41000000,2323.00000000,2330.45000000,22446.38210000,120,120,False
1707141600000,1707148800000,2330.45000000,2333.92000000,2294.21000000,2298.71000000,30897.18630000,120,120,False
1707148800000,1707156000000,2298.72000000,2307.51000000,2291.00000000,2302.36000000,23807.02290000,120,120,False
1707156000000,1707163200000,2302.36000000,2312.56000000,2294.63000000,2304.48000000,16357.24290000,120,120,False
1707163200000,1707170400000,2304.49000000,2305.99000000,2283.63000000,2289.09000000,22199.15070000,120,120,False
1707170400000,1707177600000,2289.10000000,2302.16000000,2286.24000000,2301.83000000,12701.91820000,120,120,False
1707177600000,1707184800000,2301.84000000,2312.34000000,2299.00000000,2307.69000000,11795.60490000,120,120,False
1707184800000,1707192000000,2307.68000000,2329.78000000,2306.34000000,2316.85000000,24735.74900000,120,120,False
1707192000000,1707199200000,2316.85000000,2319.39000000,2308.19000000,2314.02000000,18333.41180000,120,120,False
1707199200000,1707206400000,2314.02000000,2327.86000000,2309.29000000,2327.16000000,26654.67100000,120,120,False
1707206400000,1707213600000,2327.16000000,2339.00000000,2323.30000000,2334.45000000,41701.28150000,120,120,False
1707213600000,1707220800000,2334.44000000,2344.00000000,2316.90000000,2325.49000000,31996.83100000,120,120,False
1707220800000,1707228000000,2325.49000000,2349.00000000,2311.90000000,2337.62000000,43213.23400000,120,120,False
1707228000000,1707235200000,2337.63000000,2347.50000000,2331.03000000,2343.74000000,36027.41330000,120,120,False
1707235200000,1707242400000,2343.73000000,2365.42000000,2340.37000000,2353.84000000,45665.78570000,120,120,False
1707242400000,1707249600000,2353.84000000,2379.95000000,2349.06000000,2379.12000000,29425.75300000,120,120,False
1707249600000,1707256800000,2379.13000000,2392.40000000,2375.31000000,2380.74000000,36393.05730000,120,120,False
1707256800000,1707264000000,2380.74000000,2385.06000000,2371.91000000,2372.64000000,22999.95730000,120,120,False
1707264000000,1707271200000,2372.63000000,2390.66000000,2372.20000000,2376.18000000,23690.29260000,120,120,False
1707271200000,1707278400000,2376.17000000,2380.60000000,2363.00000000,2364.75000000,17626.75380000,120,120,False
1707278400000,1707285600000,2364.75000000,2368.76000000,2357.06000000,2365.61000000,20345.98010000,120,120,False
1707285600000,1707292800000,2365.61000000,2368.41000000,2360.10000000,2362.92000000,13421.09100000,120,120,False
1707292800000,1707300000000,2362.91000000,2377.42000000,2356.94000000,2371.61000000,19333.70330000,120,120,False
1707300000000,1707307200000,2371.60000000,2372.11000000,2354.00000000,2361.66000000,19792.55770000,120,120,False
1707307200000,1707314400000,2361.67000000,2376.64000000,2361.00000000,2372.83000000,23415.26840000,120,120,False
1707314400000,1707321600000,2372.83000000,2385.45000000,2361.57000000,2369.66000000,36081.87170000,120,120,False
1707321600000,1707328800000,2369.66000000,2424.34000000,2368.85000000,2410.26000000,69535.23420000,120,120,False
1707328800000,1707336000000,2410.25000000,2425.46000000,2406.26000000,2419.96000000,31890.96380000,120,120,False
1707336000000,1707343200000,2419.97000000,2444.44000000,2419.96000000,2430.17000000,49245.29070000,120,120,False
1707343200000,1707350400000,2430.17000000,2432.00000000,2422.23000000,2425.10000000,18412.69400000,120,120,False
1707350400000,1707357600000,2425.09000000,2443.80000000,2423.94000000,2441.89000000,31991.38600000,120,120,False
1707357600000,1707364800000,2441.89000000,2444.39000000,2430.54000000,2433.48000000,21670.33780000,120,120,False
1707364800000,1707372000000,2433.48000000,2435.32000000,2422.08000000,2423.11000000,15686.42240000,120,120,False
1707372000000,1707379200000,2423.11000000,2425.60000000,2411.01000000,2421.21000000,21850.51970000,120,120,False
1707379200000,1707386400000,2421.20000000,2427.85000000,2420.62000000,2424.24000000,16157.00830000,120,120,False
1707386400000,1707393600000,2424.24000000,2429.58000000,2416.06000000,2425.30000000,20478.14870000,120,120,False
1707393600000,1707400800000,2425.29000000,2429.48000000,2416.63000000,2425.05000000,20642.06240000,120,120,False
1707400800000,1707408000000,2425.05000000,2463.15000000,2420.00000000,2453.88000000,75152.03330000,120,120,False
1707408000000,1707415200000,2453.88000000,2455.69000000,2413.44000000,2424.74000000,56336.36390000,120,120,False
1707415200000,1707422400000,2424.74000000,2432.88000000,2421.31000000,2421.53000000,21690.49620000,120,120,False
1707422400000,1707429600000,2421.54000000,2434.23000000,2421.12000000,2425.75000000,22057.53180000,120,120,False
1707429600000,1707436800000,2425.75000000,2431.44000000,2418.49000000,2419.55000000,14327.74340000,120,120,False
1707436800000,1707444000000,2419.56000000,2428.46000000,2419.16000000,2425.17000000,18012.00230000,120,120,False
1707444000000,1707451200000,2425.18000000,2466.00000000,2423.72000000,2448.67000000,43637.82820000,120,120,False
1707451200000,1707458400000,2448.67000000,2456.89000000,2440.19000000,2453.70000000,26596.45130000,120,120,False
1707458400000,1707465600000,2453.70000000,2463.99000000,2446.35000000,2453.61000000,24930.62650000,120,120,False
1707465600000,1707472800000,2453.60000000,2479.88000000,2453.37000000,2466.89000000,33995.83550000,120,120,False
1707472800000,1707480000000,2466.90000000,2507.40000000,2462.01000000,2503.20000000,59086.16180000,120,120,False
1707480000000,1707487200000,2503.19000000,2525.00000000,2498.56000000,2513.27000000,64006.52810000,120,120,False
1707487200000,1707494400000,2513.27000000,2519.66000000,2476.57000000,2495.33000000,82510.91200000,120,120,False
1707494400000,1707501600000,2495.33000000,2502.72000000,2478.07000000,2497.19000000,39307.77670000,120,120,False
1707501600000,1707508800000,2497.19000000,2523.66000000,2481.68000000,2485.96000000,57424.91190000,120,120,False
1707508800000,1707516000000,2485.96000000,2506.64000000,2483.89000000,2502.82000000,22984.99240000,120,120,False
1707516000000,1707523200000,2502.81000000,2505.79000000,2485.14000000,2486.56000000,19890.35830000,120,120,False
1707523200000,1707530400000,2486.56000000,2505.00000000,2483.09000000,2498.27000000,16366.04580000,120,120,False
1707530400000,1707537600000,2498.27000000,2514.80000000,2496.56000000,2512.21000000,13333.42870000,120,120,False
1707537600000,1707544800000,2512.21000000,2516.00000000,2500.64000000,2504.23000000,9943.10560000,120,120,False
1707544800000,1707552000000,2504.24000000,2507.50000000,2494.49000000,2495.21000000,12809.93950000,120,120,False
1707552000000,1707559200000,2495.21000000,2498.74000000,2485.20000000,2487.53000000,17849.51880000,120,120,False
1707559200000,1707566400000,2487.54000000,2491.94000000,2471.57000000,2483.10000000,21604.28660000,120,120,False
1707566400000,1707573600000,2483.11000000,2492.77000000,2480.76000000,2490.07000000,14055.44490000,120,120,False
1707573600000,1707580800000,2490.07000000,2496.97000000,2488.40000000,2490.45000000,14479.86590000,120,120,False
1707580800000,1707588000000,2490.45000000,2494.22000000,2483.72000000,2484.43000000,11422.35960000,120,120,False
1707588000000,1707595200000,2484.42000000,2497.51000000,2483.40000000,2497.51000000,10336.12450000,120,120,False
1707595200000,1707602400000,2497.51000000,2516.45000000,2493.23000000,2511.00000000,24360.54040000,120,120,False
1707602400000,1707609600000,2511.00000000,2511.41000000,2492.21000000,2500.24000000,18538.92970000,120,120,False
1707609600000,1707616800000,2500.24000000,2514.74000000,2493.80000000,2507.20000000,16728.93770000,120,120,False
1707616800000,1707624000000,2507.20000000,2529.02000000,2504.06000000,2529.02000000,28954.05570000,120,120,False
1707624000000,1707631200000,2529.02000000,2537.58000000,2514.76000000,2523.33000000,26672.71550000,120,120,False
1707631200000,1707638400000,2523.33000000,2534.15000000,2522.03000000,2527.52000000,14933.88000000,120,120,False
1707638400000,1707645600000,2527.53000000,2539.63000000,2521.31000000,2523.18000000,18562.85630000,120,120,False
1707645600000,1707652800000,2523.18000000,2531.63000000,2511.79000000,2531.28000000,16909.92600000,120,120,False
1707652800000,1707660000000,2531.29000000,2532.31000000,2509.60000000,2510.69000000,18419.43190000,120,120,False
1707660000000,1707667200000,2510.70000000,2515.00000000,2505.00000000,2508.94000000,18292.20560000,120,120,False
1707667200000,1707674400000,2508.94000000,2520.58000000,2501.41000000,2511.16000000,17905.86760000,120,120,False
1707674400000,1707681600000,2511.16000000,2512.90000000,2496.80000000,2507.73000000,15586.57840000,120,120,False
1707681600000,1707688800000,2507.74000000,2514.31000000,2493.45000000,2504.00000000,15700.65580000,120,120,False
1707688800000,1707696000000,2504.00000000,2507.59000000,2498.00000000,2507.21000000,11308.03660000,120,120,False
1707696000000,1707703200000,2507.22000000,2525.00000000,2505.06000000,2515.08000000,22381.19330000,120,120,False
1707703200000,1707710400000,2515.08000000,2518.00000000,2493.01000000,2500.12000000,19977.02520000,120,120,False
1707710400000,1707717600000,2500.13000000,2501.34000000,2493.99000000,2494.27000000,8076.64650000,120,120,False
1707717600000,1707724800000,2494.26000000,2504.34000000,2481.05000000,2501.71000000,20903.66100000,120,120,False
1707724800000,1707732000000,2501.70000000,2505.50000000,2472.00000000,2477.05000000,20159.41790000,120,120,False
1707732000000,1707739200000,2477.06000000,2488.52000000,2472.60000000,2488.16000000,17469.16820000,120,120,False
1707739200000,1707746400000,2488.16000000,2489.55000000,2481.08000000,2487.35000000,12798.90410000,120,120,False
1707746400000,1707753600000,2487.36000000,2563.17000000,2486.50000000,2557.87000000,90525.04570000,120,120,False
1707753600000,1707760800000,2557.87000000,2616.39000000,2536.63000000,2608.93000000,99969.68980000,120,120,False
1707760800000,1707768000000,2608.94000000,2638.91000000,2603.07000000,2610.25000000,59248.68080000,120,120,False
1707768000000,1707775200000,2610.25000000,2652.32000000,2610.24000000,2631.55000000,42265.10110000,120,120,False
1707775200000,1707782400000,2631.55000000,2665.58000000,2631.55000000,2659.99000000,35727.24240000,120,120,False
1707782400000,1707789600000,2659.99000000,2686.00000000,2659.99000000,2677.61000000,45211.50590000,120,120,False
1707789600000,1707796800000,2677.61000000,2681.43000000,2635.96000000,2640.47000000,33422.56440000,120,120,False
1707796800000,1707804000000,2640.46000000,2653.52000000,2638.00000000,2651.88000000,23091.00400000,120,120,False
1707804000000,1707811200000,2651.88000000,2654.38000000,2640.80000000,2648.64000000,22884.48730000,120,120,False
1707811200000,1707818400000,2648.64000000,2682.04000000,2647.07000000,2677.39000000,30226.99800000,120,120,False
1707818400000,1707825600000,2677.39000000,2686.06000000,2658.00000000,2681.75000000,42586.26110000,120,120,False
1707825600000,1707832800000,2681.75000000,2686.12000000,2611.00000000,2643.61000000,65704.80970000,120,120,False
1707832800000,1707840000000,2643.61000000,2654.66000000,2590.00000000,2630.99000000,111123.79250000,120,120,False
1707840000000,1707847200000,2631.00000000,2640.29000000,2592.37000000,2619.65000000,53476.88630000,120,120,False
1707847200000,1707854400000,2619.65000000,2635.67000000,2610.00000000,2611.42000000,28818.91800000,120,120,False
1707854400000,1707861600000,2611.42000000,2648.60000000,2610.80000000,2631.54000000,29311.22480000,120,120,False
1707861600000,1707868800000,2631.55000000,2642.34000000,2615.02000000,2639.99000000,16589.29300000,120,120,False
1707868800000,1707876000000,2639.99000000,2641.16000000,2620.45000000,2622.42000000,18084.10130000,120,120,False
1707876000000,1707883200000,2622.43000000,2644.00000000,2618.40000000,2636.88000000,17029.00950000,120,120,False
1707883200000,1707890400000,2636.89000000,2642.78000000,2620.76000000,2641.17000000,16319.39370000,120,120,False
1707890400000,1707897600000,2641.18000000,2654.53000000,2639.64000000,2653.05000000,15712.50870000,120,120,False
1707897600000,1707904800000,2653.04000000,2750.00000000,2647.58000000,2746.48000000,117999.68920000,120,120,False
1707904800000,1707912000000,2746.49000000,2760.00000000,2738.01000000,2755.87000000,52408.70280000,120,120,False
1707912000000,1707919200000,2755.86000000,2772.28000000,2732.64000000,2764.92000000,52693.30050000,120,120,False
1707919200000,1707926400000,2764.91000000,2771.69000000,2730.32000000,2749.40000000,56182.15570000,120,120,False
1707926400000,1707933600000,2749.40000000,2749.99000000,2728.51000000,2741.25000000,28916.88560000,120,120,False
1707933600000,1707940800000,2741.25000000,2766.50000000,2726.54000000,2761.80000000,42527.88300000,120,120,False
1707940800000,1707948000000,2761.80000000,2786.00000000,2754.89000000,2778.40000000,24808.16520000,120,120,False
1707948000000,1707955200000,2778.39000000,2783.50000000,2763.66000000,2774.81000000,18988.89920000,120,120,False
1707955200000,1707962400000,2774.80000000,2825.75000000,2771.61000000,2778.15000000,66714.94340000,120,120,False
1707962400000,1707969600000,2778.15000000,2803.71000000,2776.71000000,2801.39000000,29769.36130000,120,120,False
1707969600000,1707976800000,2801.39000000,2802.33000000,2759.25000000,2771.07000000,29863.12760000,120,120,False
1707976800000,1707984000000,2771.07000000,2785.18000000,2761.32000000,2772.33000000,24066.03590000,120,120,False
1707984000000,1707991200000,2772.32000000,2794.35000000,2768.34000000,2789.86000000,22732.14790000,120,120,False
1707991200000,1707998400000,2789.87000000,2801.97000000,2784.09000000,2793.21000000,25214.32680000,120,120,False
1707998400000,1708005600000,2793.22000000,2814.89000000,2775.91000000,2810.52000000,41288.57400000,120,120,False
1708005600000,1708012800000,2810.52000000,2867.65000000,2799.54000000,2826.27000000,113525.53540000,120,120,False
1708012800000,1708020000000,2826.27000000,2841.44000000,2802.49000000,2814.99000000,47187.72390000,120,120,False
1708020000000,1708027200000,2814.99000000,2838.59000000,2808.28000000,2834.13000000,25565.19500000,120,120,False
1708027200000,1708034400000,2834.13000000,2845.59000000,2786.20000000,2794.05000000,34596.63890000,120,120,False
1708034400000,1708041600000,2794.05000000,2825.00000000,2791.82000000,2822.59000000,21165.57730000,120,120,False
1708041600000,1708048800000,2822.58000000,2857.40000000,2820.35000000,2842.79000000,30025.72360000,120,120,False
1708048800000,1708056000000,2842.79000000,2856.55000000,2836.16000000,2846.18000000,24885.38870000,120,120,False
1708056000000,1708063200000,2846.18000000,2851.05000000,2835.61000000,2842.00000000,16665.77520000,120,120,False
1708063200000,1708070400000,2842.00000000,2852.40000000,2811.75000000,2815.05000000,31076.46580000,120,120,False
1708070400000,1708077600000,2815.05000000,2827.19000000,2794.31000000,2809.37000000,34547.09530000,120,120,False
1708077600000,1708084800000,2809.38000000,2835.40000000,2804.74000000,2823.59000000,27018.61840000,120,120,False
1708084800000,1708092000000,2823.60000000,2847.22000000,2818.81000000,2840.16000000,30884.66540000,120,120,False
1708092000000,1708099200000,2840.15000000,2843.96000000,2740.00000000,2776.01000000,92381.19440000,120,120,False
1708099200000,1708106400000,2776.01000000,2807.39000000,2766.03000000,2777.40000000,44893.61240000,120,120,False
1708106400000,1708113600000,2777.39000000,2785.45000000,2756.75000000,2762.91000000,18685.42600000,120,120,False
1708113600000,1708120800000,2762.92000000,2792.21000000,2758.45000000,2790.68000000,13737.39040000,120,120,False
1708120800000,1708128000000,2790.69000000,2810.00000000,2785.00000000,2801.80000000,13269.44810000,120,120,False
1708128000000,1708135200000,2801.81000000,2804.21000000,2777.64000000,2786.73000000,14014.67490000,120,120,False
1708135200000,1708142400000,2786.72000000,2794.46000000,2785.45000000,2793.40000000,11500.43220000,120,120,False
1708142400000,1708149600000,2793.39000000,2796.60000000,2778.99000000,2785.15000000,13373.65570000,120,120,False
1708149600000,1708156800000,2785.15000000,2798.51000000,2783.00000000,2795.57000000,13714.44050000,120,120,False
1708156800000,1708164000000,2795.56000000,2795.57000000,2768.06000000,2775.37000000,23531.15350000,120,120,False
1708164000000,1708171200000,2775.38000000,2785.37000000,2765.22000000,2780.57000000,17047.59170000,120,120,False
1708171200000,1708178400000,2780.58000000,2786.96000000,2741.69000000,2743.60000000,36908.54590000,120,120,False
1708178400000,1708185600000,2743.60000000,2756.78000000,2719.01000000,2754.33000000,46071.28540000,120,120,False
1708185600000,1708192800000,2754.33000000,2771.43000000,2742.73000000,2768.48000000,22992.18730000,120,120,False
1708192800000,1708200000000,2768.48000000,2776.74000000,2765.09000000,2774.31000000,13493.97770000,120,120,False
1708200000000,1708207200000,2774.32000000,2801.16000000,2771.49000000,2786.12000000,18039.57680000,120,120,False
1708207200000,1708214400000,2786.12000000,2790.61000000,2780.00000000,2785.93000000,12615.35430000,120,120,False
1708214400000,1708221600000,2785.92000000,2797.40000000,2776.39000000,2779.66000000,19426.49340000,120,120,False
1708221600000,1708228800000,2779.66000000,2782.40000000,2764.25000000,2781.68000000,33202.57260000,120,120,False
1708228800000,1708236000000,2781.69000000,2804.82000000,2781.68000000,2802.89000000,28932.02480000,120,120,False
1708236000000,1708243200000,2802.88000000,2806.99000000,2778.90000000,2801.00000000,26003.94470000,120,120,False
1708243200000,1708250400000,2801.00000000,2822.51000000,2796.66000000,2819.79000000,29990.45800000,120,120,False
1708250400000,1708257600000,2819.78000000,2822.93000000,2798.01000000,2803.40000000,18416.74400000,120,120,False
1708257600000,1708264800000,2803.40000000,2807.99000000,2785.89000000,2787.22000000,19643.63400000,120,120,False
1708264800000,1708272000000,2787.21000000,2813.20000000,2787.21000000,2807.49000000,30605.84210000,120,120,False
1708272000000,1708279200000,2807.49000000,2822.13000000,2794.33000000,2812.01000000,25425.82550000,120,120,False
1708279200000,1708286400000,2812.00000000,2844.50000000,2806.99000000,2827.86000000,31288.08690000,120,120,False
1708286400000,1708293600000,2827.86000000,2847.49000000,2817.09000000,2847.11000000,20943.61100000,120,120,False
1708293600000,1708300800000,2847.12000000,2895.00000000,2844.26000000,2881.20000000,84108.64630000,120,120,False
1708300800000,1708308000000,2881.20000000,2893.00000000,2856.93000000,2867.32000000,26122.75880000,120,120,False
1708308000000,1708315200000,2867.32000000,2889.60000000,2867.31000000,2886.78000000,28180.12340000,120,120,False
1708315200000,1708322400000,2886.79000000,2911.20000000,2880.84000000,2907.01000000,37109.35550000,120,120,False
1708322400000,1708329600000,2907.01000000,2931.00000000,2905.15000000,2926.38000000,46760.52510000,120,120,False
1708329600000,1708336800000,2926.38000000,2928.36000000,2902.26000000,2907.87000000,32295.76500000,120,120,False
1708336800000,1708344000000,2907.87000000,2918.26000000,2892.25000000,2913.20000000,28632.24200000,120,120,False
1708344000000,1708351200000,2913.20000000,2919.40000000,2892.72000000,2894.06000000,28706.95460000,120,120,False
1708351200000,1708358400000,2894.06000000,2919.79000000,2886.03000000,2908.93000000,31812.30610000,120,120,False
1708358400000,1708365600000,2908.93000000,2944.44000000,2887.29000000,2942.55000000,64602.16940000,120,120,False
1708365600000,1708372800000,2942.56000000,2953.84000000,2920.03000000,2934.03000000,42775.76190000,120,120,False
1708372800000,1708380000000,2934.04000000,2968.99000000,2927.00000000,2967.83000000,31665.67190000,120,120,False
1708380000000,1708387200000,2967.84000000,2984.52000000,2934.88000000,2944.80000000,47787.40640000,120,120,False
1708387200000,1708394400000,2944.80000000,2955.56000000,2903.31000000,2921.60000000,48623.03830000,120,120,False
1708394400000,1708401600000,2921.60000000,2930.89000000,2905.73000000,2907.00000000,22427.22570000,120,120,False
1708401600000,1708408800000,2907.00000000,2935.20000000,2902.38000000,2928.10000000,23691.86600000,120,120,False
1708408800000,1708416000000,2928.10000000,2935.38000000,2915.90000000,2921.78000000,19512.31800000,120,120,False
1708416000000,1708423200000,2921.78000000,2923.95000000,2874.56000000,2900.43000000,48278.67350000,120,120,False
1708423200000,1708430400000,2900.44000000,2941.00000000,2900.25000000,2935.31000000,43527.48850000,120,120,False
1708430400000,1708437600000,2935.30000000,3002.30000000,2926.84000000,2997.61000000,105549.01730000,120,120,False
1708437600000,1708444800000,2997.61000000,3004.60000000,2900.00000000,2925.09000000,125956.69410000,120,120,False
1708444800000,1708452000000,2925.08000000,2934.54000000,2885.47000000,2917.30000000,56388.51690000,120,120,False
1708452000000,1708459200000,2917.29000000,2987.00000000,2908.41000000,2985.98000000,53161.91190000,120,120,False
1708459200000,1708466400000,2985.98000000,2994.87000000,2966.23000000,2988.03000000,40508.14770000,120,120,False
1708466400000,1708473600000,2988.02000000,3033.09000000,2983.34000000,3014.81000000,47056.84920000,120,120,False
1708473600000,1708480800000,3014.81000000,3017.15000000,2988.60000000,3000.45000000,25713.32410000,120,120,False
1708480800000,1708488000000,3000.45000000,3013.19000000,2992.41000000,3005.14000000,34908.57690000,120,120,False
1708488000000,1708495200000,3005.15000000,3010.00000000,2972.77000000,2976.28000000,44520.90340000,120,120,False
1708495200000,1708502400000,2976.27000000,2980.40000000,2921.90000000,2940.54000000,48809.44340000,120,120,False
1708502400000,1708509600000,2940.54000000,2956.84000000,2887.23000000,2900.20000000,69436.91690000,120,120,False
1708509600000,1708516800000,2900.20000000,2926.36000000,2888.00000000,2899.10000000,50133.11060000,120,120,False
1708516800000,1708524000000,2899.11000000,2928.31000000,2880.00000000,2907.64000000,62333.82060000,120,120,False
1708524000000,1708531200000,2907.64000000,2921.76000000,2868.00000000,2914.81000000,86980.90660000,120,120,False
1708531200000,1708538400000,2914.81000000,2938.00000000,2895.32000000,2898.05000000,58035.03380000,120,120,False
1708538400000,1708545600000,2898.05000000,2915.00000000,2886.00000000,2913.00000000,34109.86090000,120,120,False
1708545600000,1708552800000,2912.99000000,2928.00000000,2897.46000000,2927.99000000,42937.34280000,120,120,False
1708552800000,1708560000000,2927.98000000,2980.00000000,2913.20000000,2967.90000000,38035.76330000,120,120,False
1708560000000,1708567200000,2967.91000000,2968.59000000,2906.51000000,2910.23000000,39340.89210000,120,120,False
1708567200000,1708574400000,2910.23000000,2941.19000000,2909.67000000,2935.51000000,27319.69150000,120,120,False
1708574400000,1708581600000,2935.52000000,2945.21000000,2920.98000000,2933.80000000,44446.10080000,120,120,False
1708581600000,1708588800000,2933.81000000,2998.00000000,2931.30000000,2993.79000000,63274.41130000,120,120,False
1708588800000,1708596000000,2993.79000000,3032.86000000,2987.65000000,3023.65000000,80167.53040000,120,120,False
1708596000000,1708603200000,3023.65000000,3024.00000000,2971.00000000,2990.80000000,41563.24980000,120,120,False
1708603200000,1708610400000,2990.80000000,3005.00000000,2929.39000000,2944.68000000,65775.67370000,120,120,False
1708610400000,1708617600000,2944.68000000,2998.60000000,2939.50000000,2986.95000000,51315.67310000,120,120,False
1708617600000,1708624800000,2986.95000000,2989.86000000,2960.93000000,2984.79000000,32828.88630000,120,120,False
1708624800000,1708632000000,2984.80000000,3002.80000000,2975.75000000,2987.96000000,30802.12590000,120,120,False
1708632000000,1708639200000,2987.96000000,3036.02000000,2972.60000000,2985.16000000,52328.76490000,120,120,False
1708639200000,1708646400000,2985.16000000,2992.68000000,2969.35000000,2971.40000000,34362.99380000,120,120,False
1708646400000,1708653600000,2971.40000000,2993.80000000,2970.20000000,2979.41000000,19967.40110000,120,120,False
1708653600000,1708660800000,2979.41000000,2991.47000000,2932.81000000,2955.95000000,49766.24140000,120,120,False
1708660800000,1708668000000,2955.95000000,2962.00000000,2947.51000000,2959.40000000,26211.68030000,120,120,False
1708668000000,1708675200000,2959.41000000,2967.89000000,2923.26000000,2933.62000000,38319.69740000,120,120,False
1708675200000,1708682400000,2933.61000000,2946.47000000,2913.30000000,2939.01000000,42824.16780000,120,120,False
1708682400000,1708689600000,2939.02000000,2948.65000000,2932.40000000,2943.63000000,25078.72190000,120,120,False
1708689600000,1708696800000,2943.63000000,2944.35000000,2924.32000000,2942.69000000,26212.78730000,120,120,False
1708696800000,1708704000000,2942.70000000,2962.77000000,2913.26000000,2916.07000000,76187.85600000,120,120,False
1708704000000,1708711200000,2916.06000000,2947.42000000,2906.05000000,2945.72000000,51966.03150000,120,120,False
1708711200000,1708718400000,2945.72000000,2951.70000000,2933.43000000,2945.99000000,21373.41790000,120,120,False
1708718400000,1708725600000,2946.00000000,2953.98000000,2938.41000000,2943.20000000,16053.05060000,120,120,False
1708725600000,1708732800000,2943.21000000,2947.61000000,2906.87000000,2922.24000000,34865.52550000,120,120,False
1708732800000,1708740000000,2922.25000000,2937.31000000,2906.40000000,2909.79000000,18866.57370000,120,120,False
1708740000000,1708747200000,2909.80000000,2934.50000000,2909.27000000,2930.19000000,14651.67070000,120,120,False
1708747200000,1708754400000,2930.20000000,2954.97000000,2929.50000000,2948.77000000,46075.46380000,120,120,False
1708754400000,1708761600000,2948.77000000,2965.55000000,2945.20000000,2964.07000000,20859.52370000,120,120,False
1708761600000,1708768800000,2964.07000000,2965.38000000,2948.21000000,2959.28000000,15516.03960000,120,120,False
1708768800000,1708776000000,2959.29000000,2966.53000000,2951.91000000,2961.53000000,13646.51210000,120,120,False
1708776000000,1708783200000,2961.53000000,2967.69000000,2953.95000000,2966.68000000,12853.93340000,120,120,False
1708783200000,1708790400000,2966.68000000,2968.90000000,2953.43000000,2955.47000000,14318.76800000,120,120,False
1708790400000,1708797600000,2955.47000000,3007.48000000,2955.47000000,2993.81000000,37995.63290000,120,120,False
1708797600000,1708804800000,2993.81000000,3004.20000000,2978.41000000,2987.10000000,21627.89800000,120,120,False
1708804800000,1708812000000,2987.10000000,2992.35000000,2979.04000000,2985.45000000,15832.10670000,120,120,False
1708812000000,1708819200000,2985.45000000,2995.90000000,2983.90000000,2992.62000000,11609.95570000,120,120,False
1708819200000,1708826400000,2992.62000000,3017.81000000,2983.61000000,3017.08000000,23426.92730000,120,120,False
1708826400000,1708833600000,3017.08000000,3049.00000000,3010.40000000,3025.17000000,51788.63730000,120,120,False
1708833600000,1708840800000,3025.18000000,3036.88000000,3012.68000000,3033.36000000,26924.34840000,120,120,False
1708840800000,1708848000000,3033.36000000,3048.00000000,3028.01000000,3029.99000000,34266.41990000,120,120,False
1708848000000,1708855200000,3030.00000000,3040.00000000,3010.49000000,3020.28000000,26806.38070000,120,120,False
1708855200000,1708862400000,3020.29000000,3040.93000000,3020.06000000,3040.36000000,28521.62980000,120,120,False
1708862400000,1708869600000,3040.36000000,3049.69000000,3025.84000000,3038.00000000,24781.34940000,120,120,False
1708869600000,1708876800000,3037.99000000,3074.03000000,3036.00000000,3043.62000000,51450.63960000,120,120,False
1708876800000,1708884000000,3043.61000000,3067.00000000,3027.88000000,3062.51000000,30807.33510000,120,120,False
1708884000000,1708891200000,3062.51000000,3088.00000000,3051.16000000,3081.60000000,30799.86750000,120,120,False
1708891200000,1708898400000,3081.60000000,3122.00000000,3081.42000000,3109.42000000,57912.81290000,120,120,False
1708898400000,1708905600000,3109.43000000,3115.20000000,3098.00000000,3112.59000000,24819.87580000,120,120,False
1708905600000,1708912800000,3112.60000000,3135.65000000,3102.51000000,3107.41000000,35000.75530000,120,120,False
1708912800000,1708920000000,3107.42000000,3110.23000000,3085.81000000,3107.80000000,30662.98600000,120,120,False
1708920000000,1708927200000,3107.81000000,3110.71000000,3096.26000000,3106.59000000,20740.50140000,120,120,False
1708927200000,1708934400000,3106.59000000,3115.40000000,3086.10000000,3087.19000000,27936.31510000,120,120,False
1708934400000,1708941600000,3087.19000000,3102.84000000,3036.59000000,3040.70000000,76406.00740000,120,120,False
1708941600000,1708948800000,3040.71000000,3073.55000000,3040.16000000,3057.42000000,43068.18360000,120,120,False
1708948800000,1708956000000,3057.41000000,3077.56000000,3038.00000000,3061.09000000,35030.59410000,120,120,False
1708956000000,1708963200000,3061.08000000,3145.95000000,3060.00000000,3145.60000000,75132.99550000,120,120,False
1708963200000,1708970400000,3145.59000000,3166.62000000,3120.00000000,3149.26000000,77991.75570000,120,120,False
1708970400000,1708977600000,3149.25000000,3182.98000000,3127.57000000,3179.12000000,60024.14870000,120,120,False
1708977600000,1708984800000,3179.11000000,3196.00000000,3166.12000000,3184.97000000,42281.92870000,120,120,False
1708984800000,1708992000000,3184.97000000,3190.35000000,3165.51000000,3175.94000000,22446.60320000,120,120,False
1708992000000,1708999200000,3175.95000000,3230.00000000,3160.02000000,3221.62000000,62038.49670000,120,120,False
1708999200000,1709006400000,3221.61000000,3270.00000000,3205.27000000,3216.56000000,108105.09870000,120,120,False
1709006400000,1709013600000,3216.55000000,3229.08000000,3202.37000000,3221.49000000,47937.76360000,120,120,False
1709013600000,1709020800000,3221.50000000,3239.01000000,3210.88000000,3217.50000000,61874.48530000,120,120,False
1709020800000,1709028000000,3217.51000000,3258.92000000,3216.61000000,3258.44000000,41142.30520000,120,120,False
1709028000000,1709035200000,3258.43000000,3269.00000000,3247.00000000,3254.89000000,40688.68020000,120,120,False
1709035200000,1709042400000,3254.90000000,3288.14000000,3240.14000000,3267.47000000,68419.39800000,120,120,False
1709042400000,1709049600000,3267.46000000,3276.66000000,3219.90000000,3229.78000000,60346.05860000,120,120,False
1709049600000,1709056800000,3229.77000000,3252.79000000,3203.72000000,3225.55000000,58642.43010000,120,120,False
1709056800000,1709064000000,3225.54000000,3260.38000000,3220.78000000,3250.72000000,28993.10900000,120,120,False
1709064000000,1709071200000,3250.72000000,3255.82000000,3233.82000000,3248.00000000,28073.21850000,120,120,False
1709071200000,1709078400000,3247.99000000,3268.34000000,3236.85000000,3242.36000000,19678.07820000,120,120,False
1709078400000,1709085600000,3242.35000000,3258.39000000,3232.80000000,3234.99000000,17329.45980000,120,120,False
1709085600000,1709092800000,3235.00000000,3250.20000000,3230.12000000,3248.82000000,15621.26500000,120,120,False
1709092800000,1709100000000,3248.83000000,3269.99000000,3244.16000000,3251.85000000,36047.98790000,120,120,False
1709100000000,1709107200000,3251.85000000,3306.01000000,3250.60000000,3302.99000000,51307.39420000,120,120,False
1709107200000,1709114400000,3303.00000000,3364.00000000,3282.80000000,3359.57000000,97934.04670000,120,120,False
1709114400000,1709121600000,3359.58000000,3369.80000000,3277.54000000,3296.13000000,68886.22300000,120,120,False
1709121600000,1709128800000,3296.13000000,3358.82000000,3287.07000000,3354.71000000,81811.38740000,120,120,False
1709128800000,1709136000000,3354.72000000,3376.38000000,3318.56000000,3348.39000000,86033.62550000,120,120,False
1709136000000,1709143200000,3348.38000000,3488.00000000,3176.16000000,3342.02000000,260572.26750000,120,120,False
1709143200000,1709150400000,3342.02000000,3360.00000000,3204.57000000,3299.12000000,134220.20080000,120,120,False
1709150400000,1709157600000,3299.13000000,3328.31000000,3253.46000000,3322.79000000,58301.12560000,120,120,False
1709157600000,1709164800000,3322.79000000,3384.54000000,3319.37000000,3383.10000000,39473.78260000,120,120,False
1709164800000,1709172000000,3383.11000000,3467.77000000,3374.18000000,3416.65000000,90781.69090000,120,120,False
1709172000000,1709179200000,3416.65000000,3428.05000000,3389.96000000,3407.15000000,43779.27060000,120,120,False
1709179200000,1709186400000,3407.15000000,3474.81000000,3397.95000000,3469.29000000,52947.68390000,120,120,False
1709186400000,1709193600000,3469.29000000,3494.63000000,3448.22000000,3467.99000000,59964.06260000,120,120,False
1709193600000,1709200800000,3467.99000000,3500.25000000,3442.52000000,3463.26000000,75189.87110000,120,120,False
1709200800000,1709208000000,3463.26000000,3522.81000000,3444.13000000,3513.87000000,65358.98310000,120,120,False
1709208000000,1709215200000,3513.88000000,3517.92000000,3445.42000000,3478.58000000,73482.98480000,120,120,False
1709215200000,1709222400000,3478.58000000,3497.24000000,3450.90000000,3468.42000000,55966.70980000,120,120,False
1709222400000,1709229600000,3468.42000000,3470.60000000,3351.61000000,3384.82000000,89913.88740000,120,120,False
1709229600000,1709236800000,3384.82000000,3411.22000000,3351.00000000,3403.26000000,54553.88380000,120,120,False
1709236800000,1709244000000,3403.27000000,3415.44000000,3310.00000000,3347.74000000,58517.55140000,120,120,False
1709244000000,1709251200000,3347.73000000,3358.97000000,3300.00000000,3340.09000000,39241.53290000,120,120,False
1709251200000,1709258400000,3340.10000000,3388.82000000,3338.54000000,3375.20000000,41567.33170000,120,120,False
1709258400000,1709265600000,3375.20000000,3380.83000000,3352.05000000,3367.79000000,24634.57190000,120,120,False
1709265600000,1709272800000,3367.78000000,3386.65000000,3365.59000000,3368.90000000,25261.08630000,120,120,False
1709272800000,1709280000000,3368.91000000,3399.00000000,3364.32000000,3365.41000000,30162.88520000,120,120,False
1709280000000,1709287200000,3365.41000000,3437.08000000,3353.74000000,3429.14000000,66717.13880000,120,120,False
1709287200000,1709294400000,3429.13000000,3429.14000000,3398.61000000,3410.90000000,24972.01270000,120,120,False
1709294400000,1709301600000,3410.89000000,3449.81000000,3410.26000000,3438.51000000,28672.36800000,120,120,False
1709301600000,1709308800000,3438.50000000,3449.41000000,3379.60000000,3390.76000000,61140.78710000,120,120,False
1709308800000,1709316000000,3390.76000000,3425.45000000,3380.06000000,3419.39000000,37886.19860000,120,120,False
1709316000000,1709323200000,3419.38000000,3435.90000000,3410.19000000,3427.73000000,25995.54590000,120,120,False
1709323200000,1709330400000,3427.73000000,3450.00000000,3421.28000000,3426.71000000,27373.34270000,120,120,False
1709330400000,1709337600000,3426.71000000,3450.00000000,3424.36000000,3433.43000000,18405.30840000,120,120,False
1709337600000,1709344800000,3433.42000000,3460.04000000,3424.71000000,3442.47000000,33222.81560000,120,120,False
1709344800000,1709352000000,3442.47000000,3446.47000000,3428.44000000,3442.34000000,20381.15590000,120,120,False
1709352000000,1709359200000,3442.33000000,3445.00000000,3390.01000000,3419.70000000,44010.00770000,120,120,False
1709359200000,1709366400000,3419.69000000,3452.76000000,3414.71000000,3430.25000000,29950.54010000,120,120,False
1709366400000,1709373600000,3430.26000000,3435.68000000,3391.83000000,3403.00000000,29503.38680000,120,120,False
1709373600000,1709380800000,3402.99000000,3416.48000000,3401.42000000,3403.39000000,17485.85370000,120,120,False
1709380800000,1709388000000,3403.40000000,3427.01000000,3403.14000000,3410.15000000,18368.13460000,120,120,False
1709388000000,1709395200000,3410.15000000,3424.19000000,3394.47000000,3418.05000000,25117.29060000,120,120,False
1709395200000,1709402400000,3418.04000000,3430.84000000,3410.00000000,3414.01000000,21308.68340000,120,120,False
1709402400000,1709409600000,3414.00000000,3431.03000000,3413.37000000,3426.19000000,13136.29960000,120,120,False
1709409600000,1709416800000,3426.20000000,3431.31000000,3402.56000000,3408.19000000,20118.08540000,120,120,False
1709416800000,1709424000000,3408.19000000,3421.48000000,3402.99000000,3421.40000000,11382.69140000,120,120,False
1709424000000,1709431200000,3421.39000000,3434.00000000,3409.10000000,3430.76000000,24285.86770000,120,120,False
1709431200000,1709438400000,3430.75000000,3431.86000000,3410.81000000,3431.56000000,17912.26940000,120,120,False
1709438400000,1709445600000,3431.57000000,3446.23000000,3420.72000000,3421.40000000,23692.51080000,120,120,False
1709445600000,1709452800000,3421.40000000,3425.80000000,3360.00000000,3392.76000000,52359.52580000,120,120,False
1709452800000,1709460000000,3392.76000000,3414.91000000,3375.00000000,3407.02000000,33630.09850000,120,120,False
1709460000000,1709467200000,3407.01000000,3414.00000000,3395.95000000,3413.39000000,18183.60670000,120,120,False
1709467200000,1709474400000,3413.39000000,3447.53000000,3403.92000000,3428.75000000,41076.21390000,120,120,False
1709474400000,1709481600000,3428.75000000,3436.41000000,3415.81000000,3422.50000000,19429.10640000,120,120,False
1709481600000,1709488800000,3422.50000000,3484.44000000,3418.22000000,3460.74000000,52232.65740000,120,120,False
1709488800000,1709496000000,3460.75000000,3474.48000000,3457.00000000,3465.20000000,17396.25910000,120,120,False
1709496000000,1709503200000,3465.20000000,3478.34000000,3458.65000000,3476.95000000,12273.37820000,120,120,False
1709503200000,1709510400000,3476.94000000,3491.80000000,3461.00000000,3487.81000000,29160.03710000,120,120,False
1709510400000,1709517600000,3487.80000000,3528.96000000,3423.78000000,3478.21000000,77759.34090000,120,120,False
1709517600000,1709524800000,3478.21000000,3499.00000000,3461.20000000,3471.85000000,26481.78610000,120,120,False
1709524800000,1709532000000,3471.84000000,3487.34000000,3456.36000000,3465.45000000,36410.15320000,120,120,False
1709532000000,1709539200000,3465.46000000,3487.09000000,3462.00000000,3478.61000000,28521.28910000,120,120,False
1709539200000,1709546400000,3478.61000000,3544.14000000,3478.60000000,3523.00000000,90278.04410000,120,120,False
1709546400000,1709553600000,3523.01000000,3523.52000000,3481.67000000,3506.91000000,40283.19520000,120,120,False
1709553600000,1709560800000,3506.92000000,3519.00000000,3484.70000000,3490.12000000,31534.13230000,120,120,False
1709560800000,1709568000000,3490.11000000,3568.18000000,3459.03000000,3560.42000000,100586.31900000,120,120,False
1709568000000,1709575200000,3560.42000000,3585.34000000,3528.42000000,3543.64000000,104816.04080000,120,120,False
1709575200000,1709582400000,3543.64000000,3610.00000000,3529.80000000,3593.01000000,79872.89130000,120,120,False
1709582400000,1709589600000,3593.00000000,3595.99000000,3558.30000000,3580.40000000,43206.46290000,120,120,False
1709589600000,1709596800000,3580.41000000,3640.94000000,3564.31000000,3627.76000000,55610.98120000,120,120,False
1709596800000,1709604000000,3627.75000000,3655.27000000,3607.24000000,3642.72000000,60498.84560000,120,120,False
1709604000000,1709611200000,3642.72000000,3697.20000000,3607.28000000,3689.81000000,55113.64380000,120,120,False
1709611200000,1709618400000,3689.81000000,3740.00000000,3641.50000000,3715.80000000,159064.21940000,120,120,False
1709618400000,1709625600000,3715.80000000,3727.25000000,3670.81000000,3672.98000000,55589.03640000,120,120,False
1709625600000,1709632800000,3672.99000000,3701.65000000,3651.87000000,3688.67000000,52015.74870000,120,120,False
1709632800000,1709640000000,3688.68000000,3742.00000000,3688.16000000,3731.45000000,44542.11280000,120,120,False
1709640000000,1709647200000,3731.46000000,3782.03000000,3730.80000000,3779.41000000,82913.70560000,120,120,False
1709647200000,1709654400000,3779.40000000,3822.04000000,3745.95000000,3783.01000000,149389.43040000,120,120,False
1709654400000,1709661600000,3783.00000000,3796.07000000,3556.46000000,3686.51000000,214904.93340000,120,120,False
1709661600000,1709668800000,3686.51000000,3686.52000000,3200.00000000,3376.46000000,206539.95170000,120,120,False
1709668800000,1709676000000,3376.46000000,3529.61000000,3324.68000000,3520.05000000,234494.04860000,120,120,False
1709676000000,1709683200000,3520.05000000,3580.60000000,3434.97000000,3553.65000000,77839.18760000,120,120,False
1709683200000,1709690400000,3553.66000000,3591.23000000,3515.00000000,3519.02000000,65255.88790000,120,120,False
1709690400000,1709697600000,3519.01000000,3551.60000000,3499.40000000,3538.01000000,50564.89240000,120,120,False
1709697600000,1709704800000,3538.01000000,3770.63000000,3536.20000000,3769.44000000,139047.61420000,120,120,False
1709704800000,1709712000000,3769.44000000,3789.77000000,3740.83000000,3786.60000000,91690.23400000,120,120,False
1709712000000,1709719200000,3786.61000000,3868.07000000,3778.60000000,3792.23000000,118832.63400000,120,120,False
1709719200000,1709726400000,3792.23000000,3899.47000000,3791.80000000,3879.74000000,82219.24160000,120,120,False
1709726400000,1709733600000,3879.74000000,3900.00000000,3755.00000000,3830.77000000,117035.59040000,120,120,False
1709733600000,1709740800000,3830.78000000,3863.18000000,3724.00000000,3790.94000000,117004.20600000,120,120,False
1709740800000,1709748000000,3790.95000000,3850.62000000,3764.25000000,3847.05000000,61776.55780000,120,120,False
1709748000000,1709755200000,3847.06000000,3880.00000000,3828.39000000,3852.59000000,45229.23100000,120,120,False
1709755200000,1709762400000,3852.59000000,3892.58000000,3832.83000000,3845.55000000,40365.59470000,120,120,False
1709762400000,1709769600000,3845.54000000,3845.88000000,3792.70000000,3818.59000000,40473.02600000,120,120,False
1709769600000,1709776800000,3818.58000000,3852.69000000,3774.82000000,3830.99000000,62011.08530000,120,120,False
1709776800000,1709784000000,3830.99000000,3831.40000000,3764.21000000,3775.18000000,39610.76440000,120,120,False
1709784000000,1709791200000,3775.18000000,3803.36000000,3742.51000000,3753.97000000,36155.82950000,120,120,False
1709791200000,1709798400000,3753.98000000,3800.99000000,3735.00000000,3789.22000000,35696.64640000,120,120,False
1709798400000,1709805600000,3789.23000000,3814.85000000,3774.08000000,3784.21000000,35525.76470000,120,120,False
1709805600000,1709812800000,3784.21000000,3814.92000000,3770.36000000,3787.58000000,37822.53500000,120,120,False
1709812800000,1709820000000,3787.58000000,3810.77000000,3765.12000000,3806.07000000,32755.89650000,120,120,False
1709820000000,1709827200000,3806.06000000,3855.23000000,3780.52000000,3837.16000000,80016.79350000,120,120,False
1709827200000,1709834400000,3837.17000000,3872.60000000,3812.44000000,3858.60000000,45545.70240000,120,120,False
1709834400000,1709841600000,3858.61000000,3883.77000000,3843.89000000,3870.19000000,32783.85010000,120,120,False
1709841600000,1709848800000,3870.19000000,3933.81000000,3854.01000000,3869.15000000,68523.66340000,120,120,False
1709848800000,1709856000000,3869.15000000,3888.53000000,3840.00000000,3868.76000000,34332.14380000,120,120,False
1709856000000,1709863200000,3868.76000000,3940.60000000,3863.56000000,3904.83000000,50340.60550000,120,120,False
1709863200000,1709870400000,3904.83000000,3916.56000000,3891.26000000,3900.85000000,27385.31020000,120,120,False
1709870400000,1709877600000,3900.85000000,3910.22000000,3880.00000000,3888.06000000,21840.97970000,120,120,False
1709877600000,1709884800000,3888.07000000,3946.57000000,3883.59000000,3908.16000000,42903.96940000,120,120,False
1709884800000,1709892000000,3908.16000000,3952.91000000,3908.15000000,3930.43000000,47846.16130000,120,120,False
1709892000000,1709899200000,3930.43000000,3954.98000000,3922.57000000,3950.46000000,31597.80250000,120,120,False
1709899200000,1709906400000,3950.46000000,3981.75000000,3933.43000000,3971.07000000,47135.37950000,120,120,False
1709906400000,1709913600000,3971.08000000,3993.75000000,3886.00000000,3900.75000000,125105.76390000,120,120,False
1709913600000,1709920800000,3900.76000000,3978.49000000,3820.00000000,3942.38000000,130971.10800000,120,120,False
1709920800000,1709928000000,3942.38000000,3950.74000000,3885.12000000,3928.82000000,43034.01170000,120,120,False
1709928000000,1709935200000,3928.82000000,3950.85000000,3890.00000000,3903.34000000,46120.40220000,120,120,False
1709935200000,1709942400000,3903.35000000,3912.37000000,3871.28000000,3883.36000000,32117.76500000,120,120,False
1709942400000,1709949600000,3883.37000000,3909.00000000,3877.50000000,3901.99000000,21663.17430000,120,120,False
1709949600000,1709956800000,3902.00000000,3929.00000000,3899.32000000,3923.21000000,21318.32670000,120,120,False
1709956800000,1709964000000,3923.22000000,3931.39000000,3912.05000000,3918.41000000,15776.27590000,120,120,False
1709964000000,1709971200000,3918.40000000,3942.00000000,3917.51000000,3925.47000000,20555.55750000,120,120,False
1709971200000,1709978400000,3925.46000000,3936.00000000,3906.86000000,3919.79000000,20872.89170000,120,120,False
1709978400000,1709985600000,3919.79000000,3920.00000000,3887.99000000,3912.49000000,26976.83210000,120,120,False
1709985600000,1709992800000,3912.50000000,3927.05000000,3901.62000000,3916.42000000,22241.02010000,120,120,False
1709992800000,1710000000000,3916.42000000,3924.64000000,3905.82000000,3916.66000000,17967.54250000,120,120,False
1710000000000,1710007200000,3916.66000000,3920.22000000,3870.01000000,3883.07000000,38578.40190000,120,120,False
1710007200000,1710014400000,3883.07000000,3893.40000000,3878.02000000,3881.18000000,18875.03520000,120,120,False
1710014400000,1710021600000,3881.18000000,3907.64000000,3881.17000000,3904.20000000,12851.71440000,120,120,False
1710021600000,1710028800000,3904.19000000,3912.68000000,3896.32000000,3905.21000000,17162.36630000,120,120,False
1710028800000,1710036000000,3905.20000000,3940.10000000,3899.51000000,3929.47000000,34254.60710000,120,120,False
1710036000000,1710043200000,3929.48000000,3938.64000000,3910.96000000,3935.00000000,17663.42170000,120,120,False
1710043200000,1710050400000,3935.01000000,3950.00000000,3931.89000000,3938.84000000,24465.13210000,120,120,False
1710050400000,1710057600000,3938.83000000,3949.46000000,3929.79000000,3944.82000000,14239.61410000,120,120,False
1710057600000,1710064800000,3944.81000000,3964.67000000,3920.02000000,3945.57000000,35119.78430000,120,120,False
1710064800000,1710072000000,3945.56000000,3955.88000000,3926.47000000,3932.72000000,25337.37200000,120,120,False
1710072000000,1710079200000,3932.72000000,3947.18000000,3886.32000000,3898.59000000,36225.93920000,120,120,False
1710079200000,1710086400000,3898.59000000,3911.57000000,3860.65000000,3883.69000000,49249.74870000,120,120,False
1710086400000,1710093600000,3883.70000000,3927.05000000,3882.06000000,3912.04000000,30507.63110000,120,120,False
1710093600000,1710100800000,3912.03000000,3918.00000000,3888.85000000,3898.00000000,17942.99260000,120,120,False
1710100800000,1710108000000,3898.01000000,3903.89000000,3875.00000000,3880.55000000,12901.37010000,120,120,False
1710108000000,1710115200000,3880.54000000,3884.05000000,3791.26000000,3878.47000000,58757.06700000,120,120,False
1710115200000,1710122400000,3878.47000000,3888.38000000,3722.95000000,3818.44000000,69926.19410000,120,120,False
1710122400000,1710129600000,3818.43000000,3867.60000000,3814.41000000,3866.93000000,34734.65170000,120,120,False
1710129600000,1710136800000,3866.92000000,3879.17000000,3842.38000000,3847.98000000,25696.86790000,120,120,False
1710136800000,1710144000000,3847.98000000,4011.79000000,3834.22000000,4001.40000000,133044.47650000,120,120,False
1710144000000,1710151200000,4001.40000000,4047.81000000,3986.86000000,4037.01000000,80027.23300000,120,120,False
1710151200000,1710158400000,4037.01000000,4054.60000000,4020.02000000,4034.25000000,86760.65280000,120,120,False
1710158400000,1710165600000,4034.25000000,4065.80000000,4017.00000000,4022.66000000,73184.18240000,120,120,False
1710165600000,1710172800000,4022.66000000,4053.12000000,4017.57000000,4018.00000000,55610.29790000,120,120,False
1710172800000,1710180000000,4018.01000000,4050.52000000,3998.92000000,4038.66000000,59165.51410000,120,120,False
1710180000000,1710187200000,4038.66000000,4086.23000000,4029.77000000,4031.71000000,48748.04990000,120,120,False
1710187200000,1710194400000,4031.70000000,4058.60000000,4027.92000000,4054.65000000,21398.65610000,120,120,False
1710194400000,1710201600000,4054.66000000,4082.00000000,4045.01000000,4064.80000000,33257.73750000,120,120,False
1710201600000,1710208800000,4064.80000000,4093.92000000,4049.12000000,4061.84000000,49278.98580000,120,120,False
1710208800000,1710216000000,4061.85000000,4061.85000000,4021.19000000,4028.69000000,33076.29850000,120,120,False
1710216000000,1710223200000,4028.69000000,4052.40000000,4022.74000000,4040.01000000,24956.77280000,120,120,False
1710223200000,1710230400000,4040.01000000,4040.01000000,4000.02000000,4027.13000000,37062.92250000,120,120,False
1710230400000,1710237600000,4027.13000000,4034.00000000,3965.00000000,4009.09000000,47298.85220000,120,120,False
1710237600000,1710244800000,4009.09000000,4065.00000000,3992.70000000,4020.83000000,36543.54140000,120,120,False
1710244800000,1710252000000,4020.84000000,4049.81000000,3977.16000000,4024.59000000,64029.69020000,120,120,False
1710252000000,1710259200000,4024.60000000,4053.80000000,3950.00000000,3988.46000000,82946.52890000,120,120,False
1710259200000,1710266400000,3988.46000000,3991.62000000,3828.98000000,3950.56000000,124743.77450000,120,120,False
1710266400000,1710273600000,3950.56000000,3991.00000000,3932.22000000,3980.23000000,74276.99730000,120,120,False
1710273600000,1710280800000,3980.23000000,3980.56000000,3927.18000000,3940.86000000,25902.54970000,120,120,False
1710280800000,1710288000000,3940.87000000,3980.54000000,3933.81000000,3979.96000000,32670.48030000,120,120,False
1710288000000,1710295200000,3979.97000000,4029.69000000,3973.53000000,4021.40000000,37750.20260000,120,120,False
1710295200000,1710302400000,4021.40000000,4045.86000000,4012.84000000,4043.78000000,27224.76220000,120,120,False
1710302400000,1710309600000,4043.78000000,4045.00000000,4029.10000000,4037.04000000,22367.28150000,120,120,False
1710309600000,1710316800000,4037.04000000,4078.38000000,4033.60000000,4038.36000000,47750.88320000,120,120,False
1710316800000,1710324000000,4038.36000000,4083.00000000,4038.09000000,4049.77000000,44521.64760000,120,120,False
1710324000000,1710331200000,4049.78000000,4060.21000000,4042.98000000,4048.90000000,26979.34300000,120,120,False
1710331200000,1710338400000,4048.91000000,4053.00000000,3932.23000000,3976.32000000,76397.19570000,120,120,False
1710338400000,1710345600000,3976.27000000,4000.00000000,3948.00000000,3962.80000000,71751.10960000,120,120,False
1710345600000,1710352800000,3962.80000000,3995.26000000,3952.23000000,3981.01000000,43347.13480000,120,120,False
1710352800000,1710360000000,3981.01000000,4011.06000000,3973.51000000,4000.44000000,27231.18010000,120,120,False
1710360000000,1710367200000,4000.44000000,4021.00000000,3974.62000000,4004.31000000,32554.42450000,120,120,False
1710367200000,1710374400000,4004.30000000,4011.61000000,3980.33000000,4004.79000000,24430.61180000,120,120,False
1710374400000,1710381600000,4004.79000000,4010.98000000,3955.00000000,3983.89000000,31956.83090000,120,120,False
1710381600000,1710388800000,3983.89000000,4001.76000000,3980.80000000,3993.77000000,27126.16960000,120,120,False
1710388800000,1710396000000,3993.77000000,4005.69000000,3940.64000000,3969.16000000,35303.86750000,120,120,False
1710396000000,1710403200000,3969.16000000,3993.21000000,3959.00000000,3963.46000000,29211.77440000,120,120,False
1710403200000,1710410400000,3963.45000000,3997.70000000,3962.60000000,3988.20000000,28370.34010000,120,120,False
1710410400000,1710417600000,3988.19000000,3990.00000000,3943.12000000,3955.04000000,31418.82800000,120,120,False
1710417600000,1710424800000,3955.04000000,3967.40000000,3850.00000000,3878.69000000,80543.38550000,120,120,False
1710424800000,1710432000000,3878.68000000,3930.78000000,3820.20000000,3845.81000000,99840.89020000,120,120,False
1710432000000,1710439200000,3845.81000000,3896.02000000,3825.07000000,3874.81000000,69354.11700000,120,120,False
1710439200000,1710446400000,3874.80000000,3874.81000000,3723.00000000,3785.89000000,115304.07230000,120,120,False
1710446400000,1710453600000,3785.89000000,3870.77000000,3780.79000000,3865.75000000,72788.55250000,120,120,False
1710453600000,1710460800000,3865.75000000,3892.00000000,3864.75000000,3881.70000000,27018.69650000,120,120,False
1710460800000,1710468000000,3881.69000000,3934.02000000,3870.00000000,3878.83000000,39997.75390000,120,120,False
1710468000000,1710475200000,3878.84000000,3884.60000000,3623.00000000,3722.20000000,168929.23540000,120,120,False
1710475200000,1710482400000,3722.20000000,3735.00000000,3656.49000000,3674.21000000,117240.66130000,120,120,False
1710482400000,1710489600000,3674.21000000,3779.92000000,3673.80000000,3754.12000000,57737.72440000,120,120,False
1710489600000,1710496800000,3754.12000000,3761.65000000,3570.00000000,3682.91000000,147056.81220000,120,120,False
1710496800000,1710504000000,3682.91000000,3698.00000000,3621.86000000,3689.33000000,84207.04120000,120,120,False
1710504000000,1710511200000,3689.33000000,3742.00000000,3670.77000000,3723.40000000,64213.79200000,120,120,False
1710511200000,1710518400000,3723.41000000,3731.41000000,3684.84000000,3688.90000000,52347.72660000,120,120,False
1710518400000,1710525600000,3688.89000000,3716.10000000,3659.01000000,3694.75000000,47531.46490000,120,120,False
1710525600000,1710532800000,3694.74000000,3806.62000000,3675.09000000,3689.54000000,80652.40060000,120,120,False
1710532800000,1710540000000,3689.53000000,3690.00000000,3606.65000000,3669.65000000,58064.07350000,120,120,False
1710540000000,1710547200000,3669.65000000,3749.93000000,3666.51000000,3742.19000000,29558.72110000,120,120,False
1710547200000,1710554400000,3742.19000000,3781.12000000,3736.15000000,3743.20000000,50970.09580000,120,120,False
1710554400000,1710561600000,3743.20000000,3749.31000000,3722.41000000,3735.52000000,22393.20030000,120,120,False
1710561600000,1710568800000,3735.52000000,3743.60000000,3690.18000000,3714.00000000,24638.87550000,120,120,False
1710568800000,1710576000000,3714.01000000,3741.35000000,3705.25000000,3740.19000000,25580.09220000,120,120,False
1710576000000,1710583200000,3740.20000000,3741.10000000,3712.28000000,3719.47000000,24572.53160000,120,120,False
1710583200000,1710590400000,3719.47000000,3722.74000000,3661.83000000,3692.29000000,37440.49970000,120,120,False
1710590400000,1710597600000,3692.29000000,3711.37000000,3646.03000000,3646.41000000,50698.85690000,120,120,False
1710597600000,1710604800000,3646.41000000,3684.01000000,3637.73000000,3679.55000000,42243.21960000,120,120,False
1710604800000,1710612000000,3679.54000000,3679.88000000,3626.39000000,3632.38000000,41016.56660000,120,120,False
1710612000000,1710619200000,3632.39000000,3638.14000000,3570.00000000,3600.60000000,81753.81180000,120,120,False
1710619200000,1710626400000,3600.60000000,3633.80000000,3541.18000000,3556.39000000,59190.07600000,120,120,False
1710626400000,1710633600000,3556.39000000,3581.70000000,3468.80000000,3523.09000000,87790.33090000,120,120,False
1710633600000,1710640800000,3523.09000000,3568.03000000,3504.95000000,3558.59000000,61722.56890000,120,120,False
1710640800000,1710648000000,3558.59000000,3582.40000000,3552.76000000,3571.50000000,28661.61030000,120,120,False
1710648000000,1710655200000,3571.49000000,3572.51000000,3536.00000000,3545.78000000,19123.15270000,120,120,False
1710655200000,1710662400000,3545.78000000,3550.27000000,3412.00000000,3472.72000000,94997.72010000,120,120,False
1710662400000,1710669600000,3472.72000000,3575.00000000,3460.01000000,3555.60000000,62997.66870000,120,120,False
1710669600000,1710676800000,3555.60000000,3606.41000000,3555.60000000,3578.99000000,44486.31340000,120,120,False
1710676800000,1710684000000,3578.99000000,3601.80000000,3528.36000000,3574.97000000,46449.28520000,120,120,False
1710684000000,1710691200000,3574.96000000,3647.15000000,3560.05000000,3628.42000000,48720.47390000,120,120,False
1710691200000,1710698400000,3628.42000000,3649.00000000,3602.43000000,3644.62000000,37832.94530000,120,120,False
1710698400000,1710705600000,3644.63000000,3656.45000000,3623.04000000,3651.18000000,24547.07310000,120,120,False
1710705600000,1710712800000,3651.18000000,3658.00000000,3624.19000000,3639.88000000,17571.56200000,120,120,False
1710712800000,1710720000000,3639.88000000,3678.68000000,3630.12000000,3644.71000000,30680.62000000,120,120,False
1710720000000,1710727200000,3644.70000000,3645.02000000,3557.31000000,3601.97000000,50578.27290000,120,120,False
1710727200000,1710734400000,3601.98000000,3627.45000000,3584.22000000,3600.39000000,31430.16830000,120,120,False
1710734400000,1710741600000,3600.38000000,3642.52000000,3576.90000000,3634.30000000,34047.47340000,120,120,False
1710741600000,1710748800000,3634.29000000,3640.97000000,3612.99000000,3626.65000000,31423.41630000,120,120,False
1710748800000,1710756000000,3626.65000000,3627.00000000,3555.26000000,3562.95000000,61475.50820000,120,120,False
1710756000000,1710763200000,3562.94000000,3615.00000000,3548.99000000,3597.82000000,42681.24220000,120,120,False
1710763200000,1710770400000,3597.83000000,3613.41000000,3526.54000000,3546.11000000,62600.61810000,120,120,False
1710770400000,1710777600000,3546.12000000,3563.99000000,3486.00000000,3525.18000000,72111.69060000,120,120,False
1710777600000,1710784800000,3525.17000000,3563.86000000,3454.09000000,3508.17000000,66209.07920000,120,120,False
1710784800000,1710792000000,3508.18000000,3516.24000000,3465.00000000,3478.89000000,63711.62780000,120,120,False
1710792000000,1710799200000,3478.88000000,3548.00000000,3478.88000000,3526.59000000,28802.72540000,120,120,False
1710799200000,1710806400000,3526.60000000,3546.26000000,3502.81000000,3520.46000000,25829.46270000,120,120,False
1710806400000,1710813600000,3520.47000000,3548.09000000,3380.00000000,3391.76000000,110583.26580000,120,120,False
1710813600000,1710820800000,3391.76000000,3442.65000000,3362.15000000,3419.17000000,79115.35740000,120,120,False
1710820800000,1710828000000,3419.18000000,3427.80000000,3353.00000000,3382.21000000,70184.87320000,120,120,False
1710828000000,1710835200000,3382.20000000,3393.07000000,3306.10000000,3360.14000000,76036.08150000,120,120,False
1710835200000,1710842400000,3360.14000000,3360.16000000,3206.10000000,3291.90000000,158197.70040000,120,120,False
1710842400000,1710849600000,3291.89000000,3292.05000000,3202.84000000,3276.51000000,107212.51360000,120,120,False
1710849600000,1710856800000,3276.51000000,3316.73000000,3253.67000000,3292.48000000,84016.38700000,120,120,False
1710856800000,1710864000000,3292.48000000,3325.69000000,3223.50000000,3303.16000000,80453.15580000,120,120,False
1710864000000,1710871200000,3303.16000000,3357.68000000,3289.00000000,3314.29000000,83608.89550000,120,120,False
1710871200000,1710878400000,3314.29000000,3359.80000000,3280.80000000,3333.26000000,46228.52870000,120,120,False
1710878400000,1710885600000,3333.27000000,3338.84000000,3253.00000000,3290.88000000,53406.21710000,120,120,False
1710885600000,1710892800000,3290.88000000,3296.43000000,3150.88000000,3158.64000000,100586.71760000,120,120,False
1710892800000,1710900000000,3158.65000000,3238.90000000,3156.02000000,3175.38000000,90198.30310000,120,120,False
1710900000000,1710907200000,3175.37000000,3266.01000000,3153.26000000,3161.02000000,86486.54980000,120,120,False
1710907200000,1710914400000,3161.02000000,3194.24000000,3056.56000000,3109.96000000,136484.78240000,120,120,False
1710914400000,1710921600000,3109.95000000,3226.00000000,3108.23000000,3218.48000000,105013.25070000,120,120,False
1710921600000,1710928800000,3218.47000000,3246.00000000,3205.10000000,3235.18000000,68321.93160000,120,120,False
1710928800000,1710936000000,3235.19000000,3296.72000000,3216.60000000,3293.26000000,68977.37880000,120,120,False
1710936000000,1710943200000,3293.26000000,3372.40000000,3275.35000000,3346.09000000,101784.25680000,120,120,False
1710943200000,1710950400000,3346.09000000,3397.00000000,3283.65000000,3292.55000000,124283.81100000,120,120,False
1710950400000,1710957600000,3292.54000000,3340.69000000,3140.71000000,3299.19000000,173743.11840000,120,120,False
1710957600000,1710964800000,3299.19000000,3405.78000000,3295.42000000,3379.01000000,90163.73820000,120,120,False
1710964800000,1710972000000,3379.00000000,3518.75000000,3370.91000000,3498.53000000,99295.07850000,120,120,False
1710972000000,1710979200000,3498.52000000,3535.24000000,3491.49000000,3516.53000000,62570.62080000,120,120,False
1710979200000,1710986400000,3516.53000000,3550.81000000,3494.79000000,3526.05000000,64356.33830000,120,120,False
1710986400000,1710993600000,3526.05000000,3558.99000000,3493.40000000,3510.59000000,45446.40430000,120,120,False
1710993600000,1711000800000,3510.59000000,3521.60000000,3446.47000000,3510.08000000,45754.17670000,120,120,False
1711000800000,1711008000000,3510.09000000,3537.20000000,3502.00000000,3516.03000000,44211.33980000,120,120,False
1711008000000,1711015200000,3516.04000000,3587.32000000,3516.03000000,3536.96000000,59792.69590000,120,120,False
1711015200000,1711022400000,3536.96000000,3550.00000000,3520.14000000,3531.18000000,35052.14830000,120,120,False
1711022400000,1711029600000,3531.18000000,3574.41000000,3515.01000000,3519.85000000,51428.46570000,120,120,False
1711029600000,1711036800000,3519.84000000,3564.84000000,3478.73000000,3497.60000000,52539.95380000,120,120,False
1711036800000,1711044000000,3497.59000000,3545.99000000,3462.10000000,3472.99000000,52573.89860000,120,120,False
1711044000000,1711051200000,3473.00000000,3481.14000000,3412.22000000,3441.38000000,79105.60290000,120,120,False
1711051200000,1711058400000,3441.37000000,3507.36000000,3412.00000000,3503.75000000,45228.93440000,120,120,False
1711058400000,1711065600000,3503.74000000,3521.91000000,3480.60000000,3492.85000000,27265.24850000,120,120,False
1711065600000,1711072800000,3492.84000000,3519.80000000,3460.00000000,3463.21000000,29992.51030000,120,120,False
1711072800000,1711080000000,3463.22000000,3527.61000000,3454.01000000,3522.01000000,31096.34590000,120,120,False
1711080000000,1711087200000,3522.00000000,3533.49000000,3500.63000000,3531.81000000,27926.81720000,120,120,False
1711087200000,1711094400000,3531.80000000,3542.52000000,3509.45000000,3511.40000000,30274.48170000,120,120,False
1711094400000,1711101600000,3511.39000000,3523.80000000,3455.71000000,3466.49000000,31831.35350000,120,120,False
1711101600000,1711108800000,3466.50000000,3473.00000000,3394.42000000,3405.19000000,36866.88050000,120,120,False
1711108800000,1711116000000,3405.18000000,3425.84000000,3330.00000000,3340.35000000,61652.54650000,120,120,False
1711116000000,1711123200000,3340.35000000,3377.47000000,3281.00000000,3349.31000000,98742.93260000,120,120,False
1711123200000,1711130400000,3349.30000000,3349.70000000,3289.00000000,3335.97000000,53038.09210000,120,120,False
1711130400000,1711137600000,3335.97000000,3362.19000000,3321.16000000,3340.46000000,70911.27190000,120,120,False
1711137600000,1711144800000,3340.46000000,3345.59000000,3250.00000000,3294.80000000,57048.56900000,120,120,False
1711144800000,1711152000000,3294.81000000,3336.36000000,3254.42000000,3336.35000000,29467.08680000,120,120,False
1711152000000,1711159200000,3336.35000000,3353.40000000,3315.51000000,3347.26000000,25401.45090000,120,120,False
1711159200000,1711166400000,3347.25000000,3362.38000000,3270.08000000,3303.56000000,33216.89010000,120,120,False
1711166400000,1711173600000,3303.55000000,3337.50000000,3298.60000000,3331.62000000,16670.96180000,120,120,False
1711173600000,1711180800000,3331.62000000,3383.80000000,3321.21000000,3365.28000000,25784.79280000,120,120,False
1711180800000,1711188000000,3365.28000000,3377.44000000,3328.34000000,3354.11000000,22095.42940000,120,120,False
1711188000000,1711195200000,3354.11000000,3380.57000000,3336.62000000,3364.99000000,21412.58560000,120,120,False
1711195200000,1711202400000,3364.98000000,3382.28000000,3343.41000000,3365.67000000,22918.93600000,120,120,False
1711202400000,1711209600000,3365.68000000,3423.03000000,3352.71000000,3405.50000000,46958.44680000,120,120,False
1711209600000,1711216800000,3405.49000000,3435.48000000,3385.00000000,3403.82000000,31909.79660000,120,120,False
1711216800000,1711224000000,3403.81000000,3413.39000000,3384.82000000,3386.12000000,13168.23860000,120,120,False
1711224000000,1711231200000,3386.11000000,3397.98000000,3371.77000000,3388.05000000,14439.14400000,120,120,False
1711231200000,1711238400000,3388.05000000,3401.60000000,3327.28000000,3329.53000000,49699.27220000,120,120,False
1711238400000,1711245600000,3329.53000000,3368.16000000,3327.44000000,3351.28000000,14591.52410000,120,120,False
1711245600000,1711252800000,3351.28000000,3356.70000000,3307.00000000,3307.62000000,33449.53870000,120,120,False
1711252800000,1711260000000,3307.63000000,3334.82000000,3298.76000000,3325.14000000,27057.98270000,120,120,False
1711260000000,1711267200000,3325.13000000,3343.07000000,3315.01000000,3341.80000000,12475.92100000,120,120,False
1711267200000,1711274400000,3341.81000000,3379.69000000,3335.50000000,3365.08000000,20799.95880000,120,120,False
1711274400000,1711281600000,3365.07000000,3392.72000000,3364.45000000,3387.38000000,15414.36170000,120,120,False
1711281600000,1711288800000,3387.37000000,3412.47000000,3376.73000000,3386.49000000,20817.25490000,120,120,False
1711288800000,1711296000000,3386.49000000,3414.46000000,3384.76000000,3397.51000000,15448.06360000,120,120,False
1711296000000,1711303200000,3397.50000000,3409.50000000,3333.00000000,3367.52000000,33871.65860000,120,120,False
1711303200000,1711310400000,3367.53000000,3396.05000000,3367.08000000,3382.50000000,15700.60530000,120,120,False
1711310400000,1711317600000,3382.49000000,3429.62000000,3375.56000000,3423.46000000,24304.98340000,120,120,False
1711317600000,1711324800000,3423.45000000,3471.22000000,3420.66000000,3454.98000000,26892.28800000,120,120,False
1711324800000,1711332000000,3454.99000000,3461.17000000,3420.12000000,3429.08000000,20897.07710000,120,120,False
1711332000000,1711339200000,3429.09000000,3454.99000000,3421.07000000,3454.97000000,21467.43960000,120,120,False
1711339200000,1711346400000,3454.98000000,3506.49000000,3447.02000000,3486.33000000,60863.55490000,120,120,False
1711346400000,1711353600000,3486.32000000,3487.98000000,3440.80000000,3444.60000000,23709.77330000,120,120,False
1711353600000,1711360800000,3444.59000000,3464.14000000,3434.67000000,3456.83000000,26052.54110000,120,120,False
1711360800000,1711368000000,3456.82000000,3472.00000000,3432.15000000,3436.19000000,23103.30810000,120,120,False
1711368000000,1711375200000,3436.20000000,3486.00000000,3430.00000000,3484.91000000,27455.97550000,120,120,False
1711375200000,1711382400000,3484.91000000,3587.90000000,3471.62000000,3581.49000000,98766.97250000,120,120,False
1711382400000,1711389600000,3581.49000000,3666.00000000,3566.20000000,3638.91000000,108299.65040000,120,120,False
1711389600000,1711396800000,3638.91000000,3645.15000000,3619.09000000,3638.96000000,76477.25860000,120,120,False
1711396800000,1711404000000,3638.96000000,3646.66000000,3566.47000000,3589.01000000,33666.74620000,120,120,False
1711404000000,1711411200000,3589.00000000,3620.50000000,3576.54000000,3590.42000000,27817.39690000,120,120,False
1711411200000,1711418400000,3590.43000000,3623.82000000,3580.95000000,3616.02000000,60800.37740000,120,120,False
1711418400000,1711425600000,3616.01000000,3643.71000000,3598.50000000,3623.00000000,57359.18540000,120,120,False
1711425600000,1711432800000,3623.00000000,3640.93000000,3618.40000000,3630.29000000,49638.93000000,120,120,False
1711432800000,1711440000000,3630.29000000,3678.86000000,3627.00000000,3635.13000000,33982.58090000,120,120,False
1711440000000,1711447200000,3635.14000000,3670.32000000,3630.00000000,3664.72000000,31056.80050000,120,120,False
1711447200000,1711454400000,3664.71000000,3667.33000000,3630.00000000,3631.60000000,27901.60940000,120,120,False
1711454400000,1711461600000,3631.61000000,3654.34000000,3592.69000000,3608.20000000,47296.30640000,120,120,False
1711461600000,1711468800000,3608.21000000,3620.20000000,3545.13000000,3593.35000000,61721.93270000,120,120,False
1711468800000,1711476000000,3593.35000000,3603.55000000,3542.62000000,3583.80000000,38112.63540000,120,120,False
1711476000000,1711483200000,3583.81000000,3594.99000000,3555.56000000,3560.82000000,50209.24320000,120,120,False
1711483200000,1711490400000,3560.83000000,3597.00000000,3558.15000000,3587.01000000,21219.05240000,120,120,False
1711490400000,1711497600000,3587.01000000,3613.50000000,3570.00000000,3587.33000000,19715.18470000,120,120,False
1711497600000,1711504800000,3587.32000000,3627.67000000,3577.00000000,3606.18000000,21073.10500000,120,120,False
1711504800000,1711512000000,3606.18000000,3622.22000000,3597.10000000,3603.11000000,17005.05010000,120,120,False
1711512000000,1711519200000,3603.10000000,3614.28000000,3581.24000000,3612.41000000,20876.46130000,120,120,False
1711519200000,1711526400000,3612.41000000,3616.50000000,3560.20000000,3565.21000000,20534.12850000,120,120,False
1711526400000,1711533600000,3565.21000000,3581.28000000,3532.96000000,3573.81000000,30401.25690000,120,120,False
1711533600000,1711540800000,3573.81000000,3590.84000000,3564.99000000,3585.07000000,25297.72000000,120,120,False
1711540800000,1711548000000,3585.07000000,3665.84000000,3554.30000000,3565.86000000,86537.91530000,120,120,False
1711548000000,1711555200000,3565.86000000,3573.17000000,3496.15000000,3514.30000000,104596.39050000,120,120,False
1711555200000,1711562400000,3514.29000000,3531.76000000,3484.00000000,3498.00000000,37261.19020000,120,120,False
1711562400000,1711569600000,3498.00000000,3508.67000000,3460.02000000,3491.18000000,36397.06720000,120,120,False
1711569600000,1711576800000,3491.18000000,3520.65000000,3489.68000000,3506.55000000,20028.95650000,120,120,False
1711576800000,1711584000000,3506.56000000,3521.47000000,3485.04000000,3501.19000000,23186.08820000,120,120,False
1711584000000,1711591200000,3501.20000000,3531.47000000,3491.59000000,3496.39000000,53200.47250000,120,120,False
1711591200000,1711598400000,3496.40000000,3512.91000000,3465.00000000,3496.61000000,44842.88670000,120,120,False
1711598400000,1711605600000,3496.61000000,3542.37000000,3495.79000000,3533.70000000,30278.58680000,120,120,False
1711605600000,1711612800000,3533.70000000,3579.95000000,3526.09000000,3573.88000000,43210.46240000,120,120,False
1711612800000,1711620000000,3573.88000000,3595.70000000,3565.81000000,3584.08000000,28981.75760000,120,120,False
1711620000000,1711627200000,3584.08000000,3593.60000000,3570.48000000,3579.73000000,26546.34800000,120,120,False
1711627200000,1711634400000,3579.74000000,3603.38000000,3552.55000000,3582.59000000,44112.50060000,120,120,False
1711634400000,1711641600000,3582.60000000,3611.78000000,3568.27000000,3578.70000000,39917.94140000,120,120,False
1711641600000,1711648800000,3578.71000000,3580.75000000,3537.48000000,3553.86000000,24373.93930000,120,120,False
1711648800000,1711656000000,3553.85000000,3576.14000000,3551.05000000,3563.05000000,36134.84260000,120,120,False
1711656000000,1711663200000,3563.06000000,3575.20000000,3547.80000000,3560.59000000,15726.41080000,120,120,False
1711663200000,1711670400000,3560.59000000,3580.00000000,3541.37000000,3560.49000000,17327.88240000,120,120,False
1711670400000,1711677600000,3560.49000000,3584.37000000,3552.80000000,3569.58000000,13580.93430000,120,120,False
1711677600000,1711684800000,3569.57000000,3571.00000000,3550.05000000,3562.39000000,15038.94690000,120,120,False
1711684800000,1711692000000,3562.39000000,3580.80000000,3555.38000000,3558.04000000,18488.13040000,120,120,False
1711692000000,1711699200000,3558.03000000,3576.27000000,3512.85000000,3519.43000000,40098.95800000,120,120,False
1711699200000,1711706400000,3519.42000000,3546.12000000,3517.15000000,3533.38000000,33804.77580000,120,120,False
1711706400000,1711713600000,3533.37000000,3562.71000000,3523.01000000,3549.85000000,22052.39920000,120,120,False
1711713600000,1711720800000,3549.86000000,3558.00000000,3527.99000000,3548.50000000,21207.90340000,120,120,False
1711720800000,1711728000000,3548.51000000,3558.00000000,3481.14000000,3488.53000000,43302.70390000,120,120,False
1711728000000,1711735200000,3488.52000000,3502.36000000,3445.91000000,3485.23000000,48770.91610000,120,120,False
1711735200000,1711742400000,3485.24000000,3500.60000000,3475.39000000,3500.34000000,11994.29510000,120,120,False
1711742400000,1711749600000,3500.35000000,3501.00000000,3476.01000000,3485.30000000,36372.29400000,120,120,False
1711749600000,1711756800000,3485.30000000,3524.55000000,3485.29000000,3509.74000000,18373.92190000,120,120,False
1711756800000,1711764000000,3509.74000000,3521.89000000,3501.16000000,3511.41000000,14009.46760000,120,120,False
1711764000000,1711771200000,3511.40000000,3512.74000000,3486.58000000,3490.00000000,20183.80990000,120,120,False
1711771200000,1711778400000,3489.99000000,3532.77000000,3487.00000000,3508.01000000,36611.53090000,120,120,False
1711778400000,1711785600000,3508.00000000,3508.56000000,3492.34000000,3492.64000000,19467.16770000,120,120,False
1711785600000,1711792800000,3492.65000000,3515.25000000,3492.20000000,3515.25000000,18164.29820000,120,120,False
1711792800000,1711800000000,3515.25000000,3564.00000000,3509.57000000,3560.00000000,25610.05830000,120,120,False
1711800000000,1711807200000,3559.99000000,3565.81000000,3535.26000000,3543.47000000,15380.58940000,120,120,False
1711807200000,1711814400000,3543.47000000,3548.92000000,3531.00000000,3536.61000000,13286.02810000,120,120,False
1711814400000,1711821600000,3536.60000000,3547.71000000,3526.08000000,3531.96000000,14114.04530000,120,120,False
1711821600000,1711828800000,3531.97000000,3531.97000000,3485.00000000,3509.02000000,20050.50280000,120,120,False
1711828800000,1711836000000,3509.02000000,3511.99000000,3494.88000000,3504.25000000,9252.92360000,120,120,False
1711836000000,1711843200000,3504.25000000,3519.00000000,3496.39000000,3505.64000000,9894.84160000,120,120,False
1711843200000,1711850400000,3505.65000000,3528.77000000,3505.09000000,3523.31000000,11834.64960000,120,120,False
1711850400000,1711857600000,3523.31000000,3544.07000000,3520.03000000,3537.26000000,13266.22890000,120,120,False
1711857600000,1711864800000,3537.26000000,3607.97000000,3532.42000000,3604.20000000,38262.29040000,120,120,False
1711864800000,1711872000000,3604.20000000,3631.99000000,3604.03000000,3625.38000000,37680.34780000,120,120,False
1711872000000,1711879200000,3625.38000000,3632.80000000,3601.20000000,3601.21000000,18690.87540000,120,120,False
1711879200000,1711886400000,3601.20000000,3612.39000000,3600.38000000,3609.20000000,14552.95930000,120,120,False
1711886400000,1711893600000,3609.20000000,3630.00000000,3606.78000000,3623.44000000,20579.60840000,120,120,False
1711893600000,1711900800000,3623.45000000,3638.00000000,3613.03000000,3617.68000000,18985.51820000,120,120,False
1711900800000,1711908000000,3617.69000000,3633.81000000,3617.32000000,3626.58000000,13371.97140000,120,120,False
1711908000000,1711915200000,3626.59000000,3655.32000000,3613.75000000,3638.18000000,27718.39940000,120,120,False
1711915200000,1711922400000,3638.19000000,3644.06000000,3617.80000000,3625.32000000,13459.39030000,120,120,False
1711922400000,1711929600000,3625.32000000,3650.60000000,3623.20000000,3645.29000000,15062.74860000,120,120,False
1711929600000,1711936800000,3645.29000000,3645.95000000,3606.26000000,3609.79000000,21396.26520000,120,120,False
1711936800000,1711944000000,3609.79000000,3620.00000000,3600.74000000,3610.42000000,15932.37370000,120,120,False
1711944000000,1711951200000,3610.41000000,3613.30000000,3500.00000000,3510.00000000,51204.25180000,120,120,False
1711951200000,1711958400000,3510.00000000,3555.71000000,3502.23000000,3546.88000000,47486.45950000,120,120,False
1711958400000,1711965600000,3546.88000000,3551.25000000,3520.07000000,3539.93000000,27912.53470000,120,120,False
1711965600000,1711972800000,3539.93000000,3560.17000000,3529.69000000,3537.98000000,16724.39340000,120,120,False
1711972800000,1711980000000,3537.98000000,3570.58000000,3534.74000000,3555.21000000,23955.27250000,120,120,False
1711980000000,1711987200000,3555.21000000,3557.54000000,3437.23000000,3444.04000000,88792.85950000,120,120,False
1711987200000,1711994400000,3444.04000000,3463.67000000,3413.71000000,3443.55000000,49252.79070000,120,120,False
1711994400000,1712001600000,3443.55000000,3489.18000000,3418.93000000,3486.33000000,29225.42760000,120,120,False
1712001600000,1712008800000,3486.33000000,3504.57000000,3471.32000000,3492.80000000,23315.61970000,120,120,False
1712008800000,1712016000000,3492.80000000,3514.88000000,3490.69000000,3503.80000000,13655.87420000,120,120,False
1712016000000,1712023200000,3503.80000000,3505.60000000,3470.42000000,3493.20000000,19946.19330000,120,120,False
1712023200000,1712030400000,3493.21000000,3493.21000000,3319.20000000,3366.08000000,104309.54430000,120,120,False
1712030400000,1712037600000,3366.07000000,3382.74000000,3337.25000000,3369.59000000,38118.45500000,120,120,False
1712037600000,1712044800000,3369.58000000,3388.58000000,3362.37000000,3362.90000000,29156.01460000,120,120,False
1712044800000,1712052000000,3362.89000000,3371.62000000,3310.16000000,3345.41000000,59303.27460000,120,120,False
1712052000000,1712059200000,3345.41000000,3350.00000000,3276.72000000,3308.64000000,67235.30660000,120,120,False
1712059200000,1712066400000,3308.63000000,3324.26000000,3235.00000000,3270.96000000,79170.80050000,120,120,False
1712066400000,1712073600000,3270.97000000,3317.85000000,3232.00000000,3240.13000000,72201.81780000,120,120,False
1712073600000,1712080800000,3240.13000000,3272.02000000,3212.00000000,3269.00000000,63627.21720000,120,120,False
1712080800000,1712088000000,3269.01000000,3284.46000000,3256.93000000,3277.53000000,29906.82900000,120,120,False
1712088000000,1712095200000,3277.53000000,3295.55000000,3241.69000000,3266.19000000,39942.36220000,120,120,False
1712095200000,1712102400000,3266.20000000,3305.00000000,3259.20000000,3278.96000000,20346.83250000,120,120,False
1712102400000,1712109600000,3278.96000000,3304.21000000,3202.79000000,3297.00000000,64748.75650000,120,120,False
1712109600000,1712116800000,3297.01000000,3324.19000000,3293.79000000,3315.41000000,28440.47300000,120,120,False
1712116800000,1712124000000,3315.40000000,3324.60000000,3280.00000000,3293.04000000,22301.05950000,120,120,False
1712124000000,1712131200000,3293.03000000,3319.71000000,3289.80000000,3305.53000000,27146.06820000,120,120,False
1712131200000,1712138400000,3305.52000000,3357.58000000,3289.97000000,3346.62000000,41248.88990000,120,120,False
1712138400000,1712145600000,3346.61000000,3348.18000000,3290.55000000,3317.53000000,32614.42350000,120,120,False
1712145600000,1712152800000,3317.53000000,3328.83000000,3292.80000000,3311.87000000,25043.97390000,120,120,False
1712152800000,1712160000000,3311.87000000,3363.58000000,3310.40000000,3329.20000000,48329.43810000,120,120,False
1712160000000,1712167200000,3329.21000000,3367.40000000,3308.80000000,3324.52000000,32723.36960000,120,120,False
1712167200000,1712174400000,3324.51000000,3341.30000000,3281.21000000,3314.29000000,32174.34420000,120,120,False
1712174400000,1712181600000,3314.28000000,3319.88000000,3288.39000000,3318.40000000,28762.26230000,120,120,False
1712181600000,1712188800000,3318.40000000,3325.64000000,3308.50000000,3310.83000000,26951.13460000,120,120,False
1712188800000,1712196000000,3310.83000000,3333.00000000,3303.50000000,3321.45000000,16317.28900000,120,120,False
1712196000000,1712203200000,3321.44000000,3321.60000000,3262.86000000,3274.37000000,39673.88150000,120,120,False
1712203200000,1712210400000,3274.38000000,3302.84000000,3250.92000000,3296.00000000,35259.98590000,120,120,False
1712210400000,1712217600000,3296.01000000,3334.46000000,3294.46000000,3322.79000000,20611.59940000,120,120,False
1712217600000,1712224800000,3322.80000000,3341.87000000,3319.42000000,3338.20000000,16104.73110000,120,120,False
1712224800000,1712232000000,3338.19000000,3355.48000000,3330.76000000,3340.37000000,15946.03380000,120,120,False
1712232000000,1712239200000,3340.36000000,3380.49000000,3338.95000000,3365.77000000,28009.57820000,120,120,False
1712239200000,1712246400000,3365.75000000,3395.19000000,3359.36000000,3364.12000000,31338.43460000,120,120,False
1712246400000,1712253600000,3364.11000000,3416.83000000,3360.68000000,3412.59000000,26503.26110000,120,120,False
1712253600000,1712260800000,3412.59000000,3443.93000000,3361.03000000,3366.09000000,40008.72990000,120,120,False
1712260800000,1712268000000,3366.09000000,3370.30000000,3278.02000000,3321.59000000,63966.13310000,120,120,False
1712268000000,1712275200000,3321.59000000,3336.00000000,3307.89000000,3327.40000000,22598.91400000,120,120,False
1712275200000,1712282400000,3327.39000000,3336.00000000,3285.35000000,3299.67000000,29085.54670000,120,120,False
1712282400000,1712289600000,3299.68000000,3310.37000000,3252.80000000,3308.30000000,35722.57480000,120,120,False
1712289600000,1712296800000,3308.30000000,3319.25000000,3242.01000000,3273.80000000,33598.69630000,120,120,False
1712296800000,1712304000000,3273.79000000,3292.01000000,3270.00000000,3287.61000000,19403.89630000,120,120,False
1712304000000,1712311200000,3287.60000000,3312.80000000,3253.00000000,3277.60000000,33158.95030000,120,120,False
1712311200000,1712318400000,3277.60000000,3284.33000000,3236.80000000,3243.51000000,27656.71650000,120,120,False
1712318400000,1712325600000,3243.52000000,3289.48000000,3210.00000000,3283.20000000,61924.44880000,120,120,False
1712325600000,1712332800000,3283.21000000,3329.54000000,3275.73000000,3326.43000000,42791.77170000,120,120,False
1712332800000,1712340000000,3326.43000000,3333.31000000,3305.96000000,3312.54000000,23408.02410000,120,120,False
1712340000000,1712347200000,3312.55000000,3350.00000000,3305.10000000,3320.10000000,19157.94180000,120,120,False
1712347200000,1712354400000,3320.11000000,3344.95000000,3317.69000000,3321.54000000,10251.09950000,120,120,False
1712354400000,1712361600000,3321.54000000,3328.91000000,3310.46000000,3317.85000000,8397.13150000,120,120,False
1712361600000,1712368800000,3317.85000000,3337.74000000,3311.20000000,3317.59000000,13722.62910000,120,120,False
1712368800000,1712376000000,3317.59000000,3346.39000000,3306.68000000,3331.34000000,14941.90510000,120,120,False
1712376000000,1712383200000,3331.33000000,3352.81000000,3321.13000000,3337.05000000,13172.24690000,120,120,False
1712383200000,1712390400000,3337.06000000,3346.50000000,3328.18000000,3330.39000000,13542.79050000,120,120,False
1712390400000,1712397600000,3330.40000000,3351.52000000,3325.00000000,3333.11000000,13475.42690000,120,120,False
1712397600000,1712404800000,3333.12000000,3346.49000000,3328.98000000,3330.67000000,12684.20430000,120,120,False
1712404800000,1712412000000,3330.67000000,3336.94000000,3313.40000000,3318.41000000,12213.06160000,120,120,False
1712412000000,1712419200000,3318.40000000,3361.77000000,3316.80000000,3335.37000000,17796.19260000,120,120,False
1712419200000,1712426400000,3335.37000000,3354.26000000,3331.22000000,3340.99000000,12454.34830000,120,120,False
1712426400000,1712433600000,3341.00000000,3357.54000000,3336.94000000,3349.24000000,12607.40990000,120,120,False
1712433600000,1712440800000,3349.23000000,3368.56000000,3344.00000000,3352.44000000,26913.68330000,120,120,False
1712440800000,1712448000000,3352.44000000,3398.42000000,3350.90000000,3351.59000000,19788.31400000,120,120,False
1712448000000,1712455200000,3351.59000000,3397.20000000,3344.08000000,3388.90000000,20582.04610000,120,120,False
1712455200000,1712462400000,3388.91000000,3413.61000000,3379.00000000,3388.41000000,20206.36960000,120,120,False
1712462400000,1712469600000,3388.40000000,3406.51000000,3374.60000000,3400.00000000,10747.74470000,120,120,False
1712469600000,1712476800000,3400.00000000,3401.08000000,3381.12000000,3385.19000000,9389.23810000,120,120,False
1712476800000,1712484000000,3385.19000000,3395.19000000,3377.32000000,3383.60000000,9270.08780000,120,120,False
1712484000000,1712491200000,3383.60000000,3393.40000000,3376.83000000,3390.34000000,11805.77400000,120,120,False
1712491200000,1712498400000,3390.33000000,3420.00000000,3384.71000000,3405.90000000,19595.30090000,120,120,False
1712498400000,1712505600000,3405.89000000,3417.38000000,3385.58000000,3390.13000000,21180.91200000,120,120,False
1712505600000,1712512800000,3390.14000000,3412.97000000,3377.34000000,3386.59000000,22842.66760000,120,120,False
1712512800000,1712520000000,3386.59000000,3392.30000000,3368.00000000,3381.39000000,14227.26880000,120,120,False
1712520000000,1712527200000,3381.38000000,3412.95000000,3378.15000000,3398.96000000,15193.04240000,120,120,False
1712527200000,1712534400000,3398.95000000,3459.94000000,3395.20000000,3454.20000000,35418.62320000,120,120,False
1712534400000,1712541600000,3454.20000000,3457.27000000,3421.06000000,3425.45000000,17803.56730000,120,120,False
1712541600000,1712548800000,3425.44000000,3437.60000000,3406.36000000,3423.00000000,15760.56050000,120,120,False
1712548800000,1712556000000,3422.99000000,3432.24000000,3413.22000000,3428.60000000,13525.51450000,120,120,False
1712556000000,1712563200000,3428.61000000,3478.34000000,3421.12000000,3473.88000000,39282.00550000,120,120,False
1712563200000,1712570400000,3473.88000000,3624.89000000,3469.80000000,3618.79000000,127393.66740000,120,120,False
1712570400000,1712577600000,3618.79000000,3640.44000000,3608.65000000,3633.08000000,48285.00100000,120,120,False
1712577600000,1712584800000,3633.07000000,3672.11000000,3612.00000000,3627.80000000,71672.10700000,120,120,False
1712584800000,1712592000000,3627.80000000,3652.00000000,3615.86000000,3629.20000000,44151.93440000,120,120,False
1712592000000,1712599200000,3629.20000000,3677.00000000,3627.16000000,3668.19000000,34770.62640000,120,120,False
1712599200000,1712606400000,3668.20000000,3710.45000000,3668.19000000,3702.80000000,42218.48720000,120,120,False
1712606400000,1712613600000,3702.80000000,3708.59000000,3681.06000000,3686.00000000,15733.45970000,120,120,False
1712613600000,1712620800000,3686.01000000,3730.71000000,3682.60000000,3694.61000000,26244.42230000,120,120,False
1712620800000,1712628000000,3694.61000000,3725.00000000,3665.25000000,3679.99000000,32340.70540000,120,120,False
1712628000000,1712635200000,3679.99000000,3727.34000000,3675.25000000,3692.29000000,28576.51550000,120,120,False
1712635200000,1712642400000,3692.30000000,3701.94000000,3673.40000000,3692.35000000,20773.94530000,120,120,False
1712642400000,1712649600000,3692.36000000,3696.34000000,3631.00000000,3641.81000000,57889.08510000,120,120,False
1712649600000,1712656800000,3641.81000000,3646.60000000,3580.57000000,3630.00000000,60636.00070000,120,120,False
1712656800000,1712664000000,3630.00000000,3643.51000000,3612.26000000,3632.85000000,23115.22520000,120,120,False
1712664000000,1712671200000,3632.85000000,3643.37000000,3591.26000000,3592.79000000,33582.49350000,120,120,False
1712671200000,1712678400000,3592.80000000,3613.44000000,3478.50000000,3529.92000000,95519.16600000,120,120,False
1712678400000,1712685600000,3529.93000000,3532.96000000,3450.46000000,3504.19000000,48810.07330000,120,120,False
1712685600000,1712692800000,3504.20000000,3524.70000000,3494.42000000,3517.10000000,16881.65100000,120,120,False
1712692800000,1712700000000,3517.10000000,3526.63000000,3496.02000000,3509.20000000,14651.82760000,120,120,False
1712700000000,1712707200000,3509.21000000,3521.62000000,3485.82000000,3506.39000000,24815.56340000,120,120,False
1712707200000,1712714400000,3506.40000000,3520.60000000,3473.70000000,3515.44000000,23387.36080000,120,120,False
1712714400000,1712721600000,3515.44000000,3537.50000000,3465.64000000,3513.00000000,35615.43120000,120,120,False
1712721600000,1712728800000,3513.01000000,3541.71000000,3505.98000000,3533.34000000,20145.29630000,120,120,False
1712728800000,1712736000000,3533.34000000,3554.19000000,3530.30000000,3536.61000000,16620.75510000,120,120,False
1712736000000,1712743200000,3536.61000000,3537.00000000,3501.59000000,3531.67000000,25220.28900000,120,120,False
1712743200000,1712750400000,3531.67000000,3540.36000000,3493.07000000,3521.32000000,29418.52860000,120,120,False
1712750400000,1712757600000,3521.33000000,3527.99000000,3411.82000000,3462.00000000,88864.54000000,120,120,False
1712757600000,1712764800000,3462.00000000,3502.89000000,3446.76000000,3479.41000000,39988.92870000,120,120,False
1712764800000,1712772000000,3479.41000000,3547.49000000,3469.50000000,3517.96000000,42641.14950000,120,120,False
1712772000000,1712779200000,3517.95000000,3523.16000000,3478.42000000,3521.52000000,30489.35200000,120,120,False
1712779200000,1712786400000,3521.52000000,3529.62000000,3495.58000000,3513.22000000,13705.88080000,120,120,False
1712786400000,1712793600000,3513.23000000,3562.95000000,3511.80000000,3545.64000000,23307.39350000,120,120,False
1712793600000,1712800800000,3545.64000000,3547.85000000,3524.27000000,3530.40000000,14835.35890000,120,120,False
1712800800000,1712808000000,3530.40000000,3576.60000000,3527.58000000,3575.84000000,21638.28220000,120,120,False
1712808000000,1712815200000,3575.84000000,3581.86000000,3553.03000000,3563.20000000,18514.69400000,120,120,False
1712815200000,1712822400000,3563.21000000,3605.76000000,3561.95000000,3583.40000000,30204.52360000,120,120,False
1712822400000,1712829600000,3583.40000000,3618.30000000,3578.13000000,3578.85000000,38614.51190000,120,120,False
1712829600000,1712836800000,3578.84000000,3585.08000000,3514.57000000,3522.88000000,30491.71450000,120,120,False
1712836800000,1712844000000,3522.89000000,3575.00000000,3490.10000000,3526.29000000,67775.83960000,120,120,False
1712844000000,1712851200000,3526.29000000,3527.76000000,3486.31000000,3508.32000000,41171.92060000,120,120,False
1712851200000,1712858400000,3508.31000000,3522.00000000,3474.52000000,3511.93000000,32713.98060000,120,120,False
1712858400000,1712865600000,3511.92000000,3518.89000000,3495.53000000,3517.70000000,13158.88010000,120,120,False
1712865600000,1712872800000,3517.71000000,3532.25000000,3495.68000000,3500.99000000,18830.76550000,120,120,False
1712872800000,1712880000000,3501.00000000,3512.53000000,3490.63000000,3502.52000000,10189.08190000,120,120,False
1712880000000,1712887200000,3502.52000000,3526.29000000,3501.34000000,3509.09000000,16612.52590000,120,120,False
1712887200000,1712894400000,3509.09000000,3537.93000000,3502.39000000,3534.01000000,15333.67290000,120,120,False
1712894400000,1712901600000,3534.01000000,3552.40000000,3528.20000000,3542.16000000,14701.31620000,120,120,False
1712901600000,1712908800000,3542.16000000,3543.14000000,3507.95000000,3516.20000000,21676.88380000,120,120,False
1712908800000,1712916000000,3516.20000000,3531.90000000,3508.98000000,3515.46000000,35215.12320000,120,120,False
1712916000000,1712923200000,3515.45000000,3541.78000000,3508.95000000,3532.22000000,22431.63550000,120,120,False
1712923200000,1712930400000,3532.22000000,3532.48000000,3450.17000000,3463.55000000,57057.27290000,120,120,False
1712930400000,1712937600000,3463.55000000,3475.01000000,3439.23000000,3440.71000000,36029.32680000,120,120,False
1712937600000,1712944800000,3440.70000000,3454.56000000,3296.00000000,3325.39000000,123996.71080000,120,120,False
1712944800000,1712952000000,3325.39000000,3341.80000000,3100.00000000,3206.17000000,244393.52770000,120,120,False
1712952000000,1712959200000,3206.17000000,3256.00000000,3201.07000000,3218.80000000,64979.82520000,120,120,False
1712959200000,1712966400000,3218.80000000,3246.15000000,3207.19000000,3237.43000000,44899.29650000,120,120,False
1712966400000,1712973600000,3237.42000000,3237.43000000,3141.60000000,3160.00000000,68745.48430000,120,120,False
1712973600000,1712980800000,3160.00000000,3233.53000000,3158.91000000,3230.91000000,60395.81890000,120,120,False
1712980800000,1712988000000,3230.91000000,3265.00000000,3223.38000000,3247.81000000,46546.61490000,120,120,False
1712988000000,1712995200000,3247.80000000,3272.31000000,3246.32000000,3257.60000000,25037.21440000,120,120,False
1712995200000,1713002400000,3257.61000000,3271.47000000,3247.40000000,3265.81000000,22532.05910000,120,120,False
1713002400000,1713009600000,3265.82000000,3301.90000000,3258.59000000,3268.20000000,27196.74250000,120,120,False
1713009600000,1713016800000,3268.20000000,3291.23000000,3257.64000000,3270.42000000,23720.04030000,120,120,False
1713016800000,1713024000000,3270.42000000,3296.83000000,3250.70000000,3272.39000000,28063.87830000,120,120,False
1713024000000,1713031200000,3272.40000000,3279.79000000,3189.23000000,3194.01000000,81045.60850000,120,120,False
1713031200000,1713038400000,3194.01000000,3237.92000000,3017.19000000,3085.20000000,111680.20830000,120,120,False
1713038400000,1713045600000,3085.20000000,3094.88000000,2852.00000000,2950.61000000,357704.54090000,120,120,False
1713045600000,1713052800000,2950.61000000,3063.20000000,2897.50000000,3007.01000000,142303.02500000,120,120,False
1713052800000,1713060000000,3007.01000000,3019.46000000,2906.73000000,2992.29000000,95513.37130000,120,120,False
1713060000000,1713067200000,2992.28000000,3005.88000000,2912.41000000,2970.85000000,63318.14500000,120,120,False
1713067200000,1713074400000,2970.86000000,3079.07000000,2965.18000000,3073.10000000,72147.89540000,120,120,False
1713074400000,1713081600000,3073.10000000,3102.15000000,3054.38000000,3084.20000000,57934.26300000,120,120,False
1713081600000,1713088800000,3084.19000000,3099.13000000,3027.00000000,3042.91000000,49124.13680000,120,120,False
1713088800000,1713096000000,3042.90000000,3067.48000000,3008.86000000,3027.01000000,44483.59950000,120,120,False
1713096000000,1713103200000,3027.00000000,3068.26000000,3022.79000000,3033.60000000,48915.44280000,120,120,False
1713103200000,1713110400000,3033.60000000,3074.07000000,3006.00000000,3055.74000000,64575.36320000,120,120,False
1713110400000,1713117600000,3055.75000000,3101.27000000,2980.00000000,3051.57000000,100678.39850000,120,120,False
1713117600000,1713124800000,3051.58000000,3091.52000000,3039.00000000,3073.62000000,41306.12100000,120,120,False
1713124800000,1713132000000,3073.63000000,3089.47000000,3047.29000000,3065.41000000,26461.64920000,120,120,False
1713132000000,1713139200000,3065.40000000,3174.23000000,3065.40000000,3155.11000000,73122.08090000,120,120,False
1713139200000,1713146400000,3155.11000000,3155.55000000,3100.00000000,3129.00000000,48634.68210000,120,120,False
1713146400000,1713153600000,3129.01000000,3158.62000000,3125.30000000,3146.50000000,30202.43240000,120,120,False
1713153600000,1713160800000,3146.51000000,3161.02000000,3123.00000000,3157.80000000,27087.78500000,120,120,False
1713160800000,1713168000000,3157.79000000,3255.43000000,3156.55000000,3242.05000000,85079.36590000,120,120,False
1713168000000,1713175200000,3242.04000000,3264.50000000,3234.41000000,3254.47000000,34756.78980000,120,120,False
1713175200000,1713182400000,3254.47000000,3277.85000000,3226.75000000,3229.64000000,29797.42260000,120,120,False
1713182400000,1713189600000,3229.64000000,3246.03000000,3183.08000000,3193.63000000,44916.31500000,120,120,False
1713189600000,1713196800000,3193.63000000,3209.00000000,3102.20000000,3163.21000000,85265.56250000,120,120,False
1713196800000,1713204000000,3163.20000000,3179.40000000,3088.93000000,3115.60000000,74569.64040000,120,120,False
1713204000000,1713211200000,3115.61000000,3126.09000000,3023.19000000,3100.10000000,87313.07400000,120,120,False
1713211200000,1713218400000,3100.09000000,3116.93000000,3057.29000000,3107.00000000,32622.55570000,120,120,False
1713218400000,1713225600000,3107.00000000,3128.44000000,3084.24000000,3101.99000000,25185.26090000,120,120,False
1713225600000,1713232800000,3102.00000000,3120.59000000,3060.71000000,3079.21000000,43157.55550000,120,120,False
1713232800000,1713240000000,3079.20000000,3107.00000000,3051.35000000,3072.19000000,48144.02500000,120,120,False
1713240000000,1713247200000,3072.20000000,3079.39000000,2986.00000000,3047.11000000,60274.73950000,120,120,False
1713247200000,1713254400000,3047.10000000,3128.01000000,3042.86000000,3107.29000000,34358.36070000,120,120,False
1713254400000,1713261600000,3107.30000000,3110.76000000,3073.95000000,3079.90000000,23785.34160000,120,120,False
1713261600000,1713268800000,3079.90000000,3099.18000000,3003.00000000,3093.31000000,82399.20730000,120,120,False
1713268800000,1713276000000,3093.31000000,3095.37000000,3038.93000000,3068.01000000,49158.34080000,120,120,False
1713276000000,1713283200000,3068.02000000,3092.61000000,3008.70000000,3009.04000000,59165.40720000,120,120,False
1713283200000,1713290400000,3009.05000000,3084.99000000,2995.00000000,3043.25000000,59786.93610000,120,120,False
1713290400000,1713297600000,3043.26000000,3077.77000000,3035.46000000,3057.64000000,29373.77670000,120,120,False
1713297600000,1713304800000,3057.65000000,3118.24000000,3049.90000000,3102.49000000,23317.29580000,120,120,False
1713304800000,1713312000000,3102.48000000,3104.86000000,3078.43000000,3084.22000000,13192.86880000,120,120,False
1713312000000,1713319200000,3084.21000000,3107.24000000,3068.39000000,3091.94000000,25063.02100000,120,120,False
1713319200000,1713326400000,3091.94000000,3100.80000000,3072.97000000,3095.61000000,20114.15550000,120,120,False
1713326400000,1713333600000,3095.60000000,3123.75000000,3083.54000000,3089.53000000,28904.74560000,120,120,False
1713333600000,1713340800000,3089.53000000,3098.73000000,3064.05000000,3076.60000000,24144.10260000,120,120,False
1713340800000,1713348000000,3076.60000000,3087.64000000,3067.05000000,3079.39000000,16047.38980000,120,120,False
1713348000000,1713355200000,3079.39000000,3080.16000000,3037.65000000,3040.20000000,29679.83680000,120,120,False
1713355200000,1713362400000,3040.19000000,3063.65000000,3015.42000000,3043.38000000,45417.91880000,120,120,False
1713362400000,1713369600000,3043.38000000,3044.35000000,2925.85000000,2946.80000000,140023.26830000,120,120,False
1713369600000,1713376800000,2946.79000000,3007.47000000,2914.47000000,3002.34000000,70237.41000000,120,120,False
1713376800000,1713384000000,3002.35000000,3043.73000000,2982.84000000,3001.60000000,43425.25690000,120,120,False
1713384000000,1713391200000,3001.59000000,3014.91000000,2964.35000000,2998.98000000,27606.19830000,120,120,False
1713391200000,1713398400000,2998.99000000,3014.11000000,2977.17000000,2985.41000000,21234.26250000,120,120,False
1713398400000,1713405600000,2985.41000000,3011.33000000,2950.98000000,3003.89000000,34145.73400000,120,120,False
1713405600000,1713412800000,3003.90000000,3035.08000000,2991.23000000,3025.68000000,23807.69730000,120,120,False
1713412800000,1713420000000,3025.67000000,3034.29000000,2977.58000000,2984.10000000,26763.43070000,120,120,False
1713420000000,1713427200000,2984.11000000,2991.70000000,2956.60000000,2975.20000000,33398.03510000,120,120,False
1713427200000,1713434400000,2975.19000000,3010.58000000,2954.01000000,3007.62000000,36821.59910000,120,120,False
1713434400000,1713441600000,3007.62000000,3065.56000000,2997.60000000,3046.46000000,41898.39300000,120,120,False
1713441600000,1713448800000,3046.45000000,3052.19000000,2985.69000000,3049.26000000,45483.08160000,120,120,False
1713448800000,1713456000000,3049.25000000,3094.40000000,3035.86000000,3069.17000000,62586.69080000,120,120,False
1713456000000,1713463200000,3069.17000000,3083.54000000,3032.03000000,3037.62000000,34910.43330000,120,120,False
1713463200000,1713470400000,3037.61000000,3066.90000000,3018.20000000,3064.19000000,25452.78170000,120,120,False
1713470400000,1713477600000,3064.19000000,3075.00000000,3057.80000000,3065.61000000,13071.63860000,120,120,False
1713477600000,1713484800000,3065.61000000,3080.82000000,3056.10000000,3064.40000000,10721.19810000,120,120,False
1713484800000,1713492000000,3064.40000000,3070.24000000,2927.51000000,2941.96000000,71489.46930000,120,120,False
1713492000000,1713499200000,2941.96000000,3000.63000000,2865.18000000,2979.80000000,128716.42880000,120,120,False
1713499200000,1713506400000,2979.81000000,3024.64000000,2979.00000000,3000.81000000,45490.42970000,120,120,False
1713506400000,1713513600000,3000.81000000,3128.89000000,2989.57000000,3084.41000000,93590.91690000,120,120,False
1713513600000,1713520800000,3084.41000000,3124.44000000,3077.19000000,3102.71000000,46399.14150000,120,120,False
1713520800000,1713528000000,3102.72000000,3119.25000000,3082.37000000,3102.61000000,33243.72690000,120,120,False
1713528000000,1713535200000,3102.60000000,3121.00000000,3080.10000000,3098.24000000,38943.18210000,120,120,False
1713535200000,1713542400000,3098.24000000,3103.00000000,3054.35000000,3080.74000000,35676.52140000,120,120,False
1713542400000,1713549600000,3080.73000000,3093.16000000,3029.72000000,3080.46000000,39714.31770000,120,120,False
1713549600000,1713556800000,3080.46000000,3107.94000000,3069.63000000,3104.10000000,20846.10090000,120,120,False
1713556800000,1713564000000,3104.10000000,3104.15000000,3071.14000000,3100.25000000,15324.70650000,120,120,False
1713564000000,1713571200000,3100.25000000,3105.68000000,3020.63000000,3056.46000000,38415.46020000,120,120,False
1713571200000,1713578400000,3056.45000000,3070.80000000,3018.75000000,3051.20000000,30995.62520000,120,120,False
1713578400000,1713585600000,3051.19000000,3065.75000000,3046.18000000,3055.99000000,11188.53990000,120,120,False
1713585600000,1713592800000,3055.99000000,3070.18000000,3049.31000000,3063.40000000,13923.48430000,120,120,False
1713592800000,1713600000000,3063.41000000,3071.03000000,3054.43000000,3060.64000000,13894.58220000,120,120,False
1713600000000,1713607200000,3060.64000000,3061.29000000,3029.99000000,3043.79000000,17412.45040000,120,120,False
1713607200000,1713614400000,3043.79000000,3054.97000000,3031.08000000,3047.39000000,14164.40910000,120,120,False
1713614400000,1713621600000,3047.38000000,3069.94000000,3040.34000000,3061.61000000,15400.36770000,120,120,False
1713621600000,1713628800000,3061.62000000,3114.60000000,3054.13000000,3109.86000000,25706.38800000,120,120,False
1713628800000,1713636000000,3109.86000000,3166.46000000,3087.66000000,3154.29000000,43149.78720000,120,120,False
1713636000000,1713643200000,3154.28000000,3161.59000000,3127.00000000,3148.21000000,21299.03230000,120,120,False
1713643200000,1713650400000,3148.21000000,3171.88000000,3144.05000000,3152.11000000,21840.38900000,120,120,False
1713650400000,1713657600000,3152.11000000,3162.39000000,3140.90000000,3155.79000000,13602.58180000,120,120,False
1713657600000,1713664800000,3155.79000000,3156.37000000,3126.87000000,3149.72000000,14575.02980000,120,120,False
1713664800000,1713672000000,3149.71000000,3197.18000000,3144.81000000,3166.80000000,36818.72410000,120,120,False
1713672000000,1713679200000,3166.81000000,3189.40000000,3152.54000000,3176.41000000,14733.26680000,120,120,False
1713679200000,1713686400000,3176.40000000,3191.22000000,3163.55000000,3179.55000000,17712.13860000,120,120,False
1713686400000,1713693600000,3179.54000000,3189.00000000,3164.40000000,3170.35000000,16971.85270000,120,120,False
1713693600000,1713700800000,3170.36000000,3183.00000000,3153.66000000,3168.81000000,21282.79960000,120,120,False
1713700800000,1713708000000,3168.81000000,3176.70000000,3137.32000000,3145.61000000,19119.19770000,120,120,False
1713708000000,1713715200000,3145.60000000,3165.39000000,3141.71000000,3158.82000000,13784.21350000,120,120,False
1713715200000,1713722400000,3158.82000000,3161.36000000,3116.49000000,3148.51000000,29334.91240000,120,120,False
1713722400000,1713729600000,3148.51000000,3156.73000000,3134.81000000,3136.79000000,10511.46300000,120,120,False
1713729600000,1713736800000,3136.78000000,3169.57000000,3129.82000000,3145.00000000,14862.02990000,120,120,False
1713736800000,1713744000000,3145.00000000,3164.03000000,3140.00000000,3147.67000000,10264.87910000,120,120,False
1713744000000,1713751200000,3147.66000000,3191.79000000,3138.29000000,3140.80000000,31680.23350000,120,120,False
1713751200000,1713758400000,3140.79000000,3210.75000000,3129.15000000,3190.10000000,33094.77350000,120,120,False
1713758400000,1713765600000,3190.09000000,3231.29000000,3184.53000000,3227.66000000,29622.56670000,120,120,False
1713765600000,1713772800000,3227.66000000,3235.00000000,3203.34000000,3203.60000000,26386.56160000,120,120,False
1713772800000,1713780000000,3203.59000000,3218.49000000,3194.61000000,3215.40000000,23251.14740000,120,120,False
1713780000000,1713787200000,3215.39000000,3224.00000000,3187.99000000,3194.54000000,19155.03770000,120,120,False
1713787200000,1713794400000,3194.55000000,3211.64000000,3177.54000000,3192.60000000,25119.43610000,120,120,False
1713794400000,1713801600000,3192.60000000,3207.90000000,3166.80000000,3183.32000000,26901.79600000,120,120,False
1713801600000,1713808800000,3183.33000000,3216.99000000,3169.30000000,3199.07000000,28325.12490000,120,120,False
1713808800000,1713816000000,3199.07000000,3204.90000000,3175.75000000,3188.23000000,16021.31390000,120,120,False
1713816000000,1713823200000,3188.24000000,3203.99000000,3184.02000000,3197.36000000,11752.27300000,120,120,False
1713823200000,1713830400000,3197.35000000,3224.20000000,3195.37000000,3200.20000000,19569.69260000,120,120,False
1713830400000,1713837600000,3200.19000000,3223.36000000,3194.60000000,3206.37000000,14684.51860000,120,120,False
1713837600000,1713844800000,3206.36000000,3216.37000000,3181.37000000,3183.90000000,16318.44890000,120,120,False
1713844800000,1713852000000,3183.90000000,3193.49000000,3168.52000000,3185.00000000,17034.03090000,120,120,False
1713852000000,1713859200000,3184.99000000,3191.40000000,3152.00000000,3160.48000000,21838.10200000,120,120,False
1713859200000,1713866400000,3160.49000000,3172.70000000,3152.45000000,3166.58000000,16054.25690000,120,120,False
1713866400000,1713873600000,3166.58000000,3185.55000000,3163.74000000,3179.80000000,18621.13460000,120,120,False
1713873600000,1713880800000,3179.79000000,3207.90000000,3173.11000000,3207.90000000,28604.65430000,120,120,False
1713880800000,1713888000000,3207.90000000,3263.61000000,3204.61000000,3226.13000000,62200.96090000,120,120,False
1713888000000,1713895200000,3226.12000000,3246.22000000,3217.80000000,3237.40000000,18204.79100000,120,120,False
1713895200000,1713902400000,3237.40000000,3240.30000000,3213.00000000,3218.31000000,13393.50310000,120,120,False
1713902400000,1713909600000,3218.31000000,3223.05000000,3186.43000000,3209.21000000,17096.30040000,120,120,False
1713909600000,1713916800000,3209.21000000,3222.08000000,3202.61000000,3219.46000000,9863.52470000,120,120,False
1713916800000,1713924000000,3219.46000000,3249.28000000,3210.40000000,3238.97000000,16434.89430000,120,120,False
1713924000000,1713931200000,3238.97000000,3245.35000000,3215.92000000,3237.61000000,21752.92670000,120,120,False
1713931200000,1713938400000,3237.61000000,3275.54000000,3236.80000000,3257.19000000,26211.70960000,120,120,False
1713938400000,1713945600000,3257.20000000,3265.77000000,3245.11000000,3250.11000000,16451.85050000,120,120,False
1713945600000,1713952800000,3250.10000000,3260.60000000,3241.86000000,3254.25000000,17656.84480000,120,120,False
1713952800000,1713960000000,3254.25000000,3287.00000000,3246.20000000,3281.96000000,34974.27640000,120,120,False
1713960000000,1713967200000,3281.97000000,3293.56000000,3240.02000000,3247.71000000,41305.35450000,120,120,False
1713967200000,1713974400000,3247.70000000,3256.09000000,3167.23000000,3175.80000000,83919.92310000,120,120,False
1713974400000,1713981600000,3175.80000000,3193.83000000,3158.02000000,3180.20000000,38574.27320000,120,120,False
1713981600000,1713988800000,3180.21000000,3181.19000000,3104.90000000,3134.67000000,46121.76730000,120,120,False
1713988800000,1713996000000,3134.67000000,3150.80000000,3117.36000000,3149.79000000,27172.25810000,120,120,False
1713996000000,1714003200000,3149.80000000,3152.59000000,3112.05000000,3140.80000000,22738.26290000,120,120,False
1714003200000,1714010400000,3140.79000000,3171.20000000,3136.52000000,3143.10000000,27163.71630000,120,120,False
1714010400000,1714017600000,3143.10000000,3164.28000000,3126.60000000,3147.41000000,25060.59210000,120,120,False
1714017600000,1714024800000,3147.41000000,3165.00000000,3126.17000000,3158.13000000,19563.58020000,120,120,False
1714024800000,1714032000000,3158.14000000,3167.35000000,3129.80000000,3136.39000000,16574.52950000,120,120,False
1714032000000,1714039200000,3136.39000000,3152.99000000,3123.33000000,3136.14000000,20446.85020000,120,120,False
1714039200000,1714046400000,3136.15000000,3136.15000000,3072.20000000,3112.00000000,56203.07260000,120,120,False
1714046400000,1714053600000,3112.01000000,3154.51000000,3082.58000000,3123.85000000,63337.01600000,120,120,False
1714053600000,1714060800000,3123.86000000,3168.00000000,3105.28000000,3160.40000000,41255.00880000,120,120,False
1714060800000,1714068000000,3160.40000000,3172.00000000,3146.24000000,3160.62000000,37189.50540000,120,120,False
1714068000000,1714075200000,3160.62000000,3175.65000000,3149.00000000,3165.84000000,18038.21130000,120,120,False
1714075200000,1714082400000,3165.84000000,3191.64000000,3155.94000000,3170.68000000,17274.09990000,120,120,False
1714082400000,1714089600000,3170.68000000,3172.31000000,3152.30000000,3155.80000000,10182.36790000,120,120,False
1714089600000,1714096800000,3155.81000000,3160.75000000,3124.25000000,3147.79000000,26868.19150000,120,120,False
1714096800000,1714104000000,3147.79000000,3164.08000000,3140.00000000,3141.59000000,14805.41220000,120,120,False
1714104000000,1714111200000,3141.58000000,3152.83000000,3129.00000000,3152.34000000,18996.50910000,120,120,False
1714111200000,1714118400000,3152.34000000,3154.13000000,3130.76000000,3135.46000000,24589.49790000,120,120,False
1714118400000,1714125600000,3135.45000000,3157.99000000,3133.33000000,3150.15000000,16135.64220000,120,120,False
1714125600000,1714132800000,3150.14000000,3156.15000000,3121.80000000,3128.63000000,18644.53870000,120,120,False
1714132800000,1714140000000,3128.63000000,3150.61000000,3110.38000000,3146.61000000,34614.39440000,120,120,False
1714140000000,1714147200000,3146.61000000,3167.70000000,3102.00000000,3117.60000000,44345.96300000,120,120,False
1714147200000,1714154400000,3117.61000000,3145.74000000,3105.71000000,3145.29000000,18821.78430000,120,120,False
1714154400000,1714161600000,3145.29000000,3155.00000000,3133.48000000,3133.84000000,12964.84590000,120,120,False
1714161600000,1714168800000,3133.79000000,3153.80000000,3133.79000000,3151.87000000,9404.74470000,120,120,False
1714168800000,1714176000000,3151.88000000,3152.59000000,3120.77000000,3131.30000000,12331.13110000,120,120,False
1714176000000,1714183200000,3131.30000000,3138.80000000,3066.74000000,3093.83000000,46225.06590000,120,120,False
1714183200000,1714190400000,3093.82000000,3131.63000000,3089.30000000,3122.18000000,22520.13930000,120,120,False
1714190400000,1714197600000,3122.18000000,3129.48000000,3107.69000000,3117.41000000,15579.12520000,120,120,False
1714197600000,1714204800000,3117.41000000,3133.25000000,3114.52000000,3120.59000000,10767.86180000,120,120,False
1714204800000,1714212000000,3120.59000000,3123.80000000,3107.80000000,3120.00000000,10456.65360000,120,120,False
1714212000000,1714219200000,3120.00000000,3128.57000000,3109.06000000,3124.92000000,14368.70980000,120,120,False
1714219200000,1714226400000,3124.92000000,3153.59000000,3122.00000000,3151.19000000,30205.76020000,120,120,False
1714226400000,1714233600000,3151.20000000,3167.01000000,3138.27000000,3145.05000000,22312.88840000,120,120,False
1714233600000,1714240800000,3145.05000000,3264.64000000,3142.41000000,3257.75000000,66304.06870000,120,120,False
1714240800000,1714248000000,3257.75000000,3285.00000000,3229.45000000,3237.40000000,50043.79310000,120,120,False
1714248000000,1714255200000,3237.40000000,3252.82000000,3223.07000000,3242.51000000,16682.04810000,120,120,False
1714255200000,1714262400000,3242.52000000,3263.30000000,3242.43000000,3255.56000000,18345.07780000,120,120,False
1714262400000,1714269600000,3255.55000000,3276.92000000,3250.45000000,3266.54000000,15774.70940000,120,120,False
1714269600000,1714276800000,3266.54000000,3329.60000000,3262.28000000,3308.87000000,50721.18250000,120,120,False
1714276800000,1714284000000,3308.86000000,3328.00000000,3300.23000000,3313.00000000,18281.34780000,120,120,False
1714284000000,1714291200000,3313.00000000,3339.99000000,3308.00000000,3317.60000000,25766.26760000,120,120,False
1714291200000,1714298400000,3317.59000000,3324.78000000,3301.91000000,3308.26000000,15961.45690000,120,120,False
1714298400000,1714305600000,3308.25000000,3310.60000000,3275.01000000,3286.41000000,40819.67990000,120,120,False
1714305600000,1714312800000,3286.41000000,3323.19000000,3283.80000000,3314.39000000,31002.56680000,120,120,False
1714312800000,1714320000000,3314.39000000,3327.79000000,3305.71000000,3321.01000000,19928.12010000,120,120,False
1714320000000,1714327200000,3321.00000000,3331.11000000,3308.17000000,3326.52000000,19446.50430000,120,120,False
1714327200000,1714334400000,3326.53000000,3357.40000000,3315.90000000,3316.92000000,19695.20290000,120,120,False
1714334400000,1714341600000,3316.92000000,3321.00000000,3298.03000000,3306.24000000,11422.87640000,120,120,False
1714341600000,1714348800000,3306.23000000,3311.49000000,3251.97000000,3263.45000000,35946.09440000,120,120,False
1714348800000,1714356000000,3263.44000000,3286.95000000,3259.34000000,3276.06000000,22994.87570000,120,120,False
1714356000000,1714363200000,3276.05000000,3279.56000000,3168.01000000,3177.60000000,83625.06010000,120,120,False
1714363200000,1714370400000,3177.60000000,3206.43000000,3171.60000000,3204.96000000,36489.29910000,120,120,False
1714370400000,1714377600000,3204.96000000,3208.28000000,3153.44000000,3189.00000000,52531.73380000,120,120,False
1714377600000,1714384800000,3188.99000000,3189.00000000,3160.96000000,3177.28000000,28497.67780000,120,120,False
1714384800000,1714392000000,3177.28000000,3195.40000000,3147.54000000,3160.11000000,32416.68180000,120,120,False
1714392000000,1714399200000,3160.11000000,3176.10000000,3115.13000000,3131.59000000,51185.59140000,120,120,False
1714399200000,1714406400000,3131.60000000,3186.54000000,3124.61000000,3182.45000000,35395.58380000,120,120,False
1714406400000,1714413600000,3182.45000000,3189.60000000,3155.23000000,3173.86000000,23783.03050000,120,120,False
1714413600000,1714420800000,3173.85000000,3186.02000000,3161.60000000,3186.01000000,17169.07940000,120,120,False
1714420800000,1714428000000,3186.02000000,3193.04000000,3163.91000000,3176.00000000,9216.94410000,120,120,False
1714428000000,1714435200000,3176.00000000,3235.43000000,3172.61000000,3216.73000000,28525.73370000,120,120,False
1714435200000,1714442400000,3216.74000000,3250.95000000,3170.26000000,3173.40000000,36902.63670000,120,120,False
1714442400000,1714449600000,3173.41000000,3197.37000000,3150.00000000,3180.79000000,29853.88960000,120,120,False
1714449600000,1714456800000,3180.80000000,3185.48000000,3152.00000000,3168.91000000,19298.02530000,120,120,False
1714456800000,1714464000000,3168.91000000,3175.32000000,3153.00000000,3157.35000000,17203.43360000,120,120,False
1714464000000,1714471200000,3157.35000000,3161.75000000,3030.00000000,3047.80000000,101342.72490000,120,120,False
1714471200000,1714478400000,3047.81000000,3055.84000000,3003.70000000,3007.45000000,52182.96450000,120,120,False
1714478400000,1714485600000,3007.45000000,3022.78000000,2966.01000000,2993.61000000,69524.65610000,120,120,False
1714485600000,1714492800000,2993.60000000,3037.42000000,2985.01000000,2994.12000000,51458.50510000,120,120,False
1714492800000,1714500000000,2994.11000000,2998.60000000,2945.00000000,2985.26000000,57089.88930000,120,120,False
1714500000000,1714507200000,2985.25000000,2991.83000000,2921.00000000,2928.96000000,61010.96620000,120,120,False
1714507200000,1714514400000,2928.96000000,2994.30000000,2928.00000000,2987.87000000,38889.89840000,120,120,False
1714514400000,1714521600000,2987.87000000,3029.40000000,2985.93000000,3014.05000000,26959.89690000,120,120,False
1714521600000,1714528800000,3014.04000000,3023.24000000,2978.27000000,3002.33000000,31593.54400000,120,120,False
1714528800000,1714536000000,3002.33000000,3008.00000000,2960.03000000,3004.37000000,24528.79440000,120,120,False
1714536000000,1714543200000,3004.37000000,3013.87000000,2986.21000000,2995.00000000,17174.13470000,120,120,False
1714543200000,1714550400000,2995.00000000,2997.11000000,2859.00000000,2869.71000000,106752.06180000,120,120,False
1714550400000,1714557600000,2869.70000000,2891.75000000,2817.00000000,2875.97000000,105244.55560000,120,120,False
1714557600000,1714564800000,2875.98000000,2906.27000000,2860.00000000,2905.39000000,38176.45980000,120,120,False
1714564800000,1714572000000,2905.40000000,2934.00000000,2880.00000000,2889.64000000,39243.66130000,120,120,False
1714572000000,1714579200000,2889.64000000,2912.42000000,2865.91000000,2885.45000000,36799.27760000,120,120,False
1714579200000,1714586400000,2885.46000000,2933.63000000,2868.72000000,2921.92000000,34281.33240000,120,120,False
1714586400000,1714593600000,2921.92000000,3015.73000000,2909.97000000,2926.06000000,138161.63120000,120,120,False
1714593600000,1714600800000,2926.05000000,2976.50000000,2914.42000000,2967.99000000,31401.91490000,120,120,False
1714600800000,1714608000000,2968.00000000,2984.89000000,2962.61000000,2972.46000000,21606.40960000,120,120,False
1714608000000,1714615200000,2972.46000000,2982.18000000,2893.26000000,2906.02000000,37300.88110000,120,120,False
1714615200000,1714622400000,2906.01000000,2934.00000000,2901.55000000,2929.33000000,37143.96000000,120,120,False
1714622400000,1714629600000,2929.34000000,2938.00000000,2898.20000000,2916.06000000,20926.21670000,120,120,False
1714629600000,1714636800000,2916.05000000,2936.61000000,2910.14000000,2921.22000000,18849.96350000,120,120,False
1714636800000,1714644000000,2921.22000000,2948.40000000,2916.73000000,2946.35000000,20907.92490000,120,120,False
1714644000000,1714651200000,2946.36000000,3002.51000000,2937.54000000,2995.55000000,58179.76930000,120,120,False
1714651200000,1714658400000,2995.54000000,3013.00000000,2957.60000000,2965.81000000,43225.49360000,120,120,False
1714658400000,1714665600000,2965.80000000,3001.45000000,2952.40000000,2990.17000000,45714.99040000,120,120,False
1714665600000,1714672800000,2990.16000000,2999.00000000,2975.63000000,2992.51000000,20608.51890000,120,120,False
1714672800000,1714680000000,2992.51000000,3006.00000000,2972.00000000,2999.81000000,22422.65010000,120,120,False
1714680000000,1714687200000,2999.80000000,3016.72000000,2968.84000000,2996.48000000,25276.22050000,120,120,False
1714687200000,1714694400000,2996.49000000,3015.45000000,2984.45000000,2986.19000000,15383.13010000,120,120,False
1714694400000,1714701600000,2986.19000000,3015.76000000,2977.70000000,3006.99000000,19524.61480000,120,120,False
1714701600000,1714708800000,3006.99000000,3036.17000000,3002.89000000,3010.15000000,21495.36440000,120,120,False
1714708800000,1714716000000,3010.14000000,3017.20000000,2995.11000000,2997.18000000,14466.83930000,120,120,False
1714716000000,1714723200000,2997.19000000,2999.20000000,2958.71000000,2969.00000000,22949.18050000,120,120,False
1714723200000,1714730400000,2969.00000000,2990.62000000,2964.40000000,2983.20000000,12552.03550000,120,120,False
1714730400000,1714737600000,2983.20000000,2986.15000000,2958.32000000,2979.50000000,22022.48890000,120,120,False
1714737600000,1714744800000,2979.49000000,3064.56000000,2969.75000000,3061.05000000,103241.26050000,120,120,False
1714744800000,1714752000000,3061.05000000,3086.00000000,3044.35000000,3075.52000000,49198.67190000,120,120,False
1714752000000,1714759200000,3075.52000000,3087.99000000,3062.61000000,3079.35000000,24639.69760000,120,120,False
1714759200000,1714766400000,3079.35000000,3083.09000000,3062.61000000,3072.50000000,13609.41070000,120,120,False
1714766400000,1714773600000,3072.51000000,3126.99000000,3068.59000000,3109.95000000,35437.37070000,120,120,False
1714773600000,1714780800000,3109.95000000,3120.00000000,3098.80000000,3102.61000000,16688.90430000,120,120,False
1714780800000,1714788000000,3102.61000000,3130.85000000,3098.55000000,3105.20000000,18752.35480000,120,120,False
1714788000000,1714795200000,3105.21000000,3113.94000000,3092.85000000,3112.00000000,12455.46200000,120,120,False
1714795200000,1714802400000,3112.00000000,3123.06000000,3105.07000000,3118.60000000,14425.50450000,120,120,False
1714802400000,1714809600000,3118.60000000,3118.60000000,3095.37000000,3095.94000000,11227.71830000,120,120,False
1714809600000,1714816800000,3095.94000000,3112.89000000,3095.68000000,3106.34000000,9386.35830000,120,120,False
1714816800000,1714824000000,3106.35000000,3168.00000000,3101.08000000,3130.45000000,45687.11380000,120,120,False
1714824000000,1714831200000,3130.45000000,3158.95000000,3117.57000000,3129.61000000,22725.38160000,120,120,False
1714831200000,1714838400000,3129.61000000,3135.91000000,3115.08000000,3126.81000000,14643.43310000,120,120,False
1714838400000,1714845600000,3126.80000000,3135.42000000,3114.08000000,3122.21000000,12810.24080000,120,120,False
1714845600000,1714852800000,3122.21000000,3140.00000000,3118.31000000,3137.01000000,10736.29900000,120,120,False
1714852800000,1714860000000,3137.02000000,3147.00000000,3104.34000000,3121.53000000,16016.54330000,120,120,False
1714860000000,1714867200000,3121.54000000,3124.01000000,3106.07000000,3117.23000000,7397.53930000,120,120,False
1714867200000,1714874400000,3117.24000000,3126.41000000,3072.99000000,3090.20000000,36638.77590000,120,120,False
1714874400000,1714881600000,3090.20000000,3096.20000000,3074.00000000,3086.91000000,13904.06790000,120,120,False
1714881600000,1714888800000,3086.90000000,3097.86000000,3080.83000000,3085.71000000,10297.91340000,120,120,False
1714888800000,1714896000000,3085.71000000,3114.80000000,3081.47000000,3105.70000000,11282.83380000,120,120,False
1714896000000,1714903200000,3105.70000000,3171.93000000,3103.52000000,3143.92000000,54106.48740000,120,120,False
1714903200000,1714910400000,3143.93000000,3152.08000000,3127.89000000,3138.10000000,12621.40620000,120,120,False
1714910400000,1714917600000,3138.10000000,3155.00000000,3127.04000000,3147.59000000,15675.26020000,120,120,False
1714917600000,1714924800000,3147.59000000,3168.00000000,3128.60000000,3160.19000000,21164.49540000,120,120,False
1714924800000,1714932000000,3160.18000000,3166.34000000,3142.89000000,3147.80000000,16065.04760000,120,120,False
1714932000000,1714939200000,3147.81000000,3147.94000000,3130.68000000,3142.45000000,9663.62450000,120,120,False
1714939200000,1714946400000,3142.45000000,3144.72000000,3122.89000000,3136.30000000,9521.66380000,120,120,False
1714946400000,1714953600000,3136.30000000,3146.66000000,3126.00000000,3136.41000000,7818.69010000,120,120,False
1714953600000,1714960800000,3136.40000000,3165.97000000,3136.40000000,3143.80000000,13746.20990000,120,120,False
1714960800000,1714968000000,3143.80000000,3153.50000000,3124.38000000,3134.61000000,12501.82830000,120,120,False
1714968000000,1714975200000,3134.61000000,3178.58000000,3127.94000000,3178.52000000,20539.85470000,120,120,False
1714975200000,1714982400000,3178.52000000,3191.94000000,3168.64000000,3180.53000000,25520.68180000,120,120,False
1714982400000,1714989600000,3180.54000000,3221.40000000,3175.96000000,3202.19000000,39845.75380000,120,120,False
1714989600000,1714996800000,3202.20000000,3204.10000000,3131.20000000,3149.23000000,58477.68300000,120,120,False
1714996800000,1715004000000,3149.23000000,3154.99000000,3085.23000000,3116.97000000,65659.97190000,120,120,False
1715004000000,1715011200000,3116.97000000,3124.26000000,3056.61000000,3089.25000000,53124.43330000,120,120,False
1715011200000,1715018400000,3089.25000000,3096.36000000,3060.00000000,3070.50000000,20138.77170000,120,120,False
1715018400000,1715025600000,3070.49000000,3084.98000000,3046.35000000,3069.84000000,22382.41860000,120,120,False
1715025600000,1715032800000,3069.83000000,3089.11000000,3062.01000000,3085.11000000,12991.29480000,120,120,False
1715032800000,1715040000000,3085.12000000,3086.53000000,3060.98000000,3062.60000000,10206.40090000,120,120,False
1715040000000,1715047200000,3062.59000000,3096.80000000,3048.52000000,3094.56000000,19466.84470000,120,120,False
1715047200000,1715054400000,3094.56000000,3095.40000000,3021.34000000,3049.19000000,28751.93310000,120,120,False
1715054400000,1715061600000,3049.19000000,3081.55000000,3044.01000000,3069.39000000,16355.70530000,120,120,False
1715061600000,1715068800000,3069.38000000,3082.50000000,3058.15000000,3077.40000000,13006.65300000,120,120,False
1715068800000,1715076000000,3077.40000000,3129.85000000,3074.21000000,3113.01000000,50391.11460000,120,120,False
1715076000000,1715083200000,3113.02000000,3115.00000000,3059.09000000,3063.39000000,28705.59850000,120,120,False
1715083200000,1715090400000,3063.40000000,3083.49000000,3048.62000000,3060.62000000,24097.91550000,120,120,False
1715090400000,1715097600000,3060.63000000,3106.00000000,3045.70000000,3071.41000000,35673.21370000,120,120,False
1715097600000,1715104800000,3071.41000000,3079.41000000,3054.90000000,3059.39000000,14602.37450000,120,120,False
1715104800000,1715112000000,3059.39000000,3059.88000000,3027.00000000,3049.62000000,19319.00590000,120,120,False
1715112000000,1715119200000,3049.61000000,3061.44000000,3034.54000000,3051.20000000,13496.14010000,120,120,False
1715119200000,1715126400000,3051.20000000,3052.85000000,2998.00000000,3005.69000000,34930.18400000,120,120,False
1715126400000,1715133600000,3005.69000000,3030.00000000,2994.58000000,3024.25000000,20597.75120000,120,120,False
1715133600000,1715140800000,3024.24000000,3038.15000000,3018.94000000,3032.33000000,10427.15620000,120,120,False
1715140800000,1715148000000,3032.32000000,3036.52000000,3000.28000000,3025.81000000,16622.29450000,120,120,False
1715148000000,1715155200000,3025.80000000,3030.43000000,2989.56000000,2995.01000000,31702.24030000,120,120,False
1715155200000,1715162400000,2995.01000000,3009.33000000,2978.40000000,2998.42000000,26640.87650000,120,120,False
1715162400000,1715169600000,2998.43000000,3011.40000000,2982.00000000,2990.31000000,19695.65820000,120,120,False
1715169600000,1715176800000,2990.31000000,3032.42000000,2985.00000000,3027.79000000,28475.05150000,120,120,False
1715176800000,1715184000000,3027.80000000,3032.50000000,2986.00000000,3006.98000000,31186.60430000,120,120,False
1715184000000,1715191200000,3006.99000000,3024.11000000,2992.45000000,3011.09000000,13760.82750000,120,120,False
1715191200000,1715198400000,3011.10000000,3022.16000000,2986.58000000,2999.38000000,12253.76130000,120,120,False
1715198400000,1715205600000,2999.39000000,3004.00000000,2936.48000000,2972.01000000,38350.88090000,120,120,False
1715205600000,1715212800000,2972.00000000,2977.50000000,2953.92000000,2974.21000000,17221.71010000,120,120,False
1715212800000,1715220000000,2974.20000000,2999.49000000,2972.20000000,2997.33000000,13575.74800000,120,120,False
1715220000000,1715227200000,2997.33000000,3005.10000000,2987.98000000,2997.90000000,11231.99880000,120,120,False
1715227200000,1715234400000,2997.91000000,3014.96000000,2992.57000000,3004.25000000,20095.37150000,120,120,False
1715234400000,1715241600000,3004.25000000,3013.04000000,2975.70000000,2983.59000000,25227.69230000,120,120,False
1715241600000,1715248800000,2983.59000000,2991.80000000,2964.06000000,2982.54000000,17012.74840000,120,120,False
1715248800000,1715256000000,2982.54000000,2985.19000000,2950.77000000,2977.20000000,22617.87460000,120,120,False
1715256000000,1715263200000,2977.20000000,2998.21000000,2955.86000000,2973.61000000,29747.95760000,120,120,False
1715263200000,1715270400000,2973.61000000,3019.28000000,2968.24000000,3005.99000000,32758.48230000,120,120,False
1715270400000,1715277600000,3005.99000000,3025.98000000,2989.59000000,3003.80000000,23274.49780000,120,120,False
1715277600000,1715284800000,3003.79000000,3023.78000000,3001.67000000,3021.41000000,10865.44230000,120,120,False
1715284800000,1715292000000,3021.40000000,3029.85000000,3015.66000000,3020.39000000,9217.15620000,120,120,False
1715292000000,1715299200000,3020.39000000,3059.00000000,3016.61000000,3036.23000000,22936.77640000,120,120,False
1715299200000,1715306400000,3036.24000000,3044.00000000,3018.23000000,3037.20000000,25581.58250000,120,120,False
1715306400000,1715313600000,3037.20000000,3037.21000000,3022.91000000,3028.95000000,11534.06670000,120,120,False
1715313600000,1715320800000,3028.95000000,3033.82000000,3021.64000000,3029.80000000,13459.80980000,120,120,False
1715320800000,1715328000000,3029.80000000,3053.89000000,3027.82000000,3042.26000000,26017.67650000,120,120,False
1715328000000,1715335200000,3042.27000000,3045.23000000,3024.49000000,3033.18000000,18984.49510000,120,120,False
1715335200000,1715342400000,3033.18000000,3038.94000000,3022.00000000,3037.85000000,10464.02740000,120,120,False
1715342400000,1715349600000,3037.85000000,3044.53000000,3016.54000000,3020.66000000,13335.73340000,120,120,False
1715349600000,1715356800000,3020.65000000,3025.05000000,2907.79000000,2918.54000000,99368.92140000,120,120,False
1715356800000,1715364000000,2918.54000000,2935.00000000,2878.03000000,2892.77000000,64577.54020000,120,120,False
1715364000000,1715371200000,2892.77000000,2916.55000000,2885.40000000,2901.60000000,19464.12050000,120,120,False
1715371200000,1715378400000,2901.60000000,2912.59000000,2887.40000000,2906.52000000,14258.14260000,120,120,False
1715378400000,1715385600000,2906.52000000,2916.11000000,2896.55000000,2909.99000000,10809.75970000,120,120,False
1715385600000,1715392800000,2909.98000000,2936.59000000,2907.61000000,2919.49000000,17213.42170000,120,120,False
1715392800000,1715400000000,2919.50000000,2924.66000000,2905.20000000,2911.00000000,10483.03270000,120,120,False
1715400000000,1715407200000,2911.00000000,2922.69000000,2905.90000000,2918.86000000,7602.60120000,120,120,False
1715407200000,1715414400000,2918.85000000,2927.74000000,2915.13000000,2921.79000000,9460.91930000,120,120,False
1715414400000,1715421600000,2921.80000000,2925.38000000,2897.73000000,2911.28000000,16044.15380000,120,120,False
1715421600000,1715428800000,2911.29000000,2911.43000000,2886.46000000,2903.40000000,10227.79620000,120,120,False
1715428800000,1715436000000,2903.40000000,2916.44000000,2896.00000000,2913.84000000,10456.49940000,120,120,False
1715436000000,1715443200000,2913.84000000,2945.67000000,2900.62000000,2925.72000000,24349.44060000,120,120,False
1715443200000,1715450400000,2925.72000000,2932.44000000,2917.43000000,2930.28000000,9701.86480000,120,120,False
1715450400000,1715457600000,2930.27000000,2940.37000000,2923.06000000,2930.61000000,6289.54680000,120,120,False
1715457600000,1715464800000,2930.61000000,2930.96000000,2912.41000000,2918.76000000,6777.29170000,120,120,False
1715464800000,1715472000000,2918.75000000,2921.98000000,2906.48000000,2912.45000000,9556.54050000,120,120,False
1715472000000,1715479200000,2912.45000000,2925.33000000,2911.20000000,2912.51000000,5329.81030000,120,120,False
1715479200000,1715486400000,2912.51000000,2924.17000000,2909.11000000,2921.13000000,5671.77780000,120,120,False
1715486400000,1715493600000,2921.12000000,2932.26000000,2920.60000000,2925.93000000,5252.00300000,120,120,False
1715493600000,1715500800000,2925.94000000,2927.20000000,2901.17000000,2907.80000000,8928.96460000,120,120,False
1715500800000,1715508000000,2907.80000000,2918.15000000,2902.68000000,2915.69000000,8738.56610000,120,120,False
1715508000000,1715515200000,2915.70000000,2943.73000000,2914.02000000,2928.00000000,14106.68610000,120,120,False
1715515200000,1715522400000,2928.00000000,2937.98000000,2925.41000000,2936.20000000,7768.83760000,120,120,False
1715522400000,1715529600000,2936.21000000,2943.77000000,2926.62000000,2938.00000000,10462.48140000,120,120,False
1715529600000,1715536800000,2937.99000000,2955.20000000,2921.25000000,2941.61000000,18455.29210000,120,120,False
1715536800000,1715544000000,2941.62000000,2941.80000000,2921.62000000,2929.59000000,5769.08350000,120,120,False
1715544000000,1715551200000,2929.60000000,2934.23000000,2913.78000000,2929.21000000,9303.07990000,120,120,False
1715551200000,1715558400000,2929.21000000,2936.27000000,2926.49000000,2929.29000000,7884.04990000,120,120,False
1715558400000,1715565600000,2929.30000000,2942.97000000,2906.71000000,2917.73000000,19253.79300000,120,120,False
1715565600000,1715572800000,2917.74000000,2923.28000000,2864.76000000,2889.92000000,63905.49950000,120,120,False
1715572800000,1715580000000,2889.92000000,2894.25000000,2870.37000000,2875.42000000,18209.45860000,120,120,False
1715580000000,1715587200000,2875.42000000,2958.00000000,2872.60000000,2953.99000000,38781.15950000,120,120,False
1715587200000,1715594400000,2953.99000000,2996.40000000,2953.99000000,2985.89000000,46443.25470000,120,120,False
1715594400000,1715601600000,2985.88000000,2987.60000000,2948.40000000,2965.57000000,21890.76340000,120,120,False
1715601600000,1715608800000,2965.57000000,2987.00000000,2954.83000000,2964.81000000,41852.12900000,120,120,False
1715608800000,1715616000000,2964.81000000,2973.56000000,2949.26000000,2961.22000000,45943.89410000,120,120,False
1715616000000,1715623200000,2961.21000000,2977.89000000,2935.20000000,2940.97000000,35209.17550000,120,120,False
1715623200000,1715630400000,2940.96000000,2957.70000000,2928.66000000,2956.70000000,16675.55110000,120,120,False
1715630400000,1715637600000,2956.69000000,2960.00000000,2944.74000000,2951.39000000,8183.10720000,120,120,False
1715637600000,1715644800000,2951.39000000,2954.60000000,2938.00000000,2950.99000000,12316.97920000,120,120,False
1715644800000,1715652000000,2950.99000000,2960.60000000,2937.51000000,2946.40000000,16449.80050000,120,120,False
1715652000000,1715659200000,2946.39000000,2956.81000000,2936.66000000,2940.99000000,13299.26450000,120,120,False
1715659200000,1715666400000,2940.99000000,2949.07000000,2931.01000000,2942.69000000,9139.67590000,120,120,False
1715666400000,1715673600000,2942.69000000,2942.69000000,2882.29000000,2920.03000000,36359.65450000,120,120,False
1715673600000,1715680800000,2920.02000000,2920.03000000,2905.84000000,2912.59000000,12402.16770000,120,120,False
1715680800000,1715688000000,2912.60000000,2914.67000000,2897.53000000,2907.94000000,11694.54740000,120,120,False
1715688000000,1715695200000,2907.94000000,2920.00000000,2887.92000000,2896.78000000,40354.34220000,120,120,False
1715695200000,1715702400000,2896.79000000,2924.14000000,2870.25000000,2898.93000000,69619.82980000,120,120,False
1715702400000,1715709600000,2898.94000000,2900.67000000,2862.00000000,2876.07000000,27521.61450000,120,120,False
1715709600000,1715716800000,2876.06000000,2897.85000000,2870.86000000,2893.74000000,12616.10480000,120,120,False
1715716800000,1715724000000,2893.73000000,2903.00000000,2887.50000000,2896.00000000,10886.31890000,120,120,False
1715724000000,1715731200000,2895.99000000,2898.60000000,2878.65000000,2881.93000000,9331.98300000,120,120,False
1715731200000,1715738400000,2881.93000000,2894.99000000,2863.75000000,2885.85000000,12414.27980000,120,120,False
1715738400000,1715745600000,2885.86000000,2903.08000000,2884.19000000,2902.64000000,11696.35670000,120,120,False
1715745600000,1715752800000,2902.65000000,2913.22000000,2897.98000000,2906.98000000,14662.01370000,120,120,False
1715752800000,1715760000000,2906.98000000,2922.00000000,2900.86000000,2916.51000000,16820.65830000,120,120,False
1715760000000,1715767200000,2916.50000000,2933.80000000,2894.29000000,2920.16000000,21622.33010000,120,120,False
1715767200000,1715774400000,2920.16000000,2923.76000000,2886.81000000,2898.74000000,29489.53600000,120,120,False
1715774400000,1715781600000,2898.74000000,2982.00000000,2893.02000000,2950.48000000,80608.55860000,120,120,False
1715781600000,1715788800000,2950.49000000,2992.99000000,2945.00000000,2976.81000000,52261.26410000,120,120,False
1715788800000,1715796000000,2976.80000000,2989.98000000,2970.00000000,2983.45000000,19524.28530000,120,120,False
1715796000000,1715803200000,2983.45000000,3025.96000000,2982.55000000,3024.56000000,36291.36420000,120,120,False
1715803200000,1715810400000,3024.55000000,3029.00000000,3010.56000000,3013.45000000,18639.56110000,120,120,False
1715810400000,1715817600000,3013.45000000,3041.36000000,3009.49000000,3032.55000000,36224.11090000,120,120,False
1715817600000,1715824800000,3032.55000000,3041.24000000,3008.95000000,3014.99000000,41828.93380000,120,120,False
1715824800000,1715832000000,3014.99000000,3018.55000000,2997.00000000,3013.44000000,19011.58440000,120,120,False
1715832000000,1715839200000,3013.45000000,3014.89000000,3004.46000000,3006.48000000,12449.42010000,120,120,False
1715839200000,1715846400000,3006.48000000,3021.37000000,3004.40000000,3016.31000000,16203.02090000,120,120,False
1715846400000,1715853600000,3016.31000000,3027.85000000,2999.40000000,3010.00000000,21752.14940000,120,120,False
1715853600000,1715860800000,3009.99000000,3010.40000000,2989.72000000,3006.45000000,21430.86260000,120,120,False
1715860800000,1715868000000,3006.45000000,3009.12000000,2967.00000000,2983.14000000,45043.94320000,120,120,False
1715868000000,1715875200000,2983.15000000,2987.27000000,2931.05000000,2956.57000000,44217.86460000,120,120,False
1715875200000,1715882400000,2956.57000000,2960.64000000,2925.02000000,2947.24000000,34562.36950000,120,120,False
1715882400000,1715889600000,2947.24000000,2956.17000000,2943.41000000,2944.76000000,13725.59040000,120,120,False
1715889600000,1715896800000,2944.75000000,2945.93000000,2927.10000000,2940.59000000,11711.96730000,120,120,False
1715896800000,1715904000000,2940.59000000,2946.10000000,2922.80000000,2944.70000000,11936.44510000,120,120,False
1715904000000,1715911200000,2944.70000000,2953.13000000,2933.06000000,2945.27000000,14328.19660000,120,120,False
1715911200000,1715918400000,2945.26000000,2956.28000000,2940.62000000,2950.49000000,14666.96400000,120,120,False
1715918400000,1715925600000,2950.50000000,2957.00000000,2941.00000000,2947.34000000,11186.74260000,120,120,False
1715925600000,1715932800000,2947.35000000,3033.00000000,2940.00000000,3024.67000000,71901.10230000,120,120,False
1715932800000,1715940000000,3024.66000000,3059.53000000,3017.74000000,3028.01000000,44045.35870000,120,120,False
1715940000000,1715947200000,3028.00000000,3039.75000000,3018.00000000,3030.40000000,24552.28810000,120,120,False
1715947200000,1715954400000,3030.40000000,3088.59000000,3020.10000000,3059.48000000,48307.84210000,120,120,False
1715954400000,1715961600000,3059.49000000,3118.54000000,3057.24000000,3111.54000000,60656.28080000,120,120,False
1715961600000,1715968800000,3111.54000000,3120.00000000,3084.00000000,3085.44000000,33616.13500000,120,120,False
1715968800000,1715976000000,3085.43000000,3089.61000000,3067.16000000,3085.16000000,18834.88850000,120,120,False
1715976000000,1715983200000,3085.16000000,3094.00000000,3080.59000000,3086.19000000,7699.01560000,120,120,False
1715983200000,1715990400000,3086.19000000,3095.76000000,3085.95000000,3092.01000000,7929.95880000,120,120,False
1715990400000,1715997600000,3092.00000000,3114.00000000,3083.61000000,3108.19000000,17441.02270000,120,120,False
1715997600000,1716004800000,3108.19000000,3126.66000000,3092.23000000,3114.40000000,28953.68010000,120,120,False
1716004800000,1716012000000,3114.39000000,3119.94000000,3093.27000000,3097.39000000,14487.63350000,120,120,False
1716012000000,1716019200000,3097.38000000,3114.00000000,3090.71000000,3101.99000000,15547.18300000,120,120,False
1716019200000,1716026400000,3102.00000000,3128.83000000,3100.27000000,3126.75000000,18779.16980000,120,120,False
1716026400000,1716033600000,3126.74000000,3146.98000000,3120.40000000,3133.79000000,29090.95480000,120,120,False
1716033600000,1716040800000,3133.79000000,3135.00000000,3106.02000000,3108.01000000,22634.41350000,120,120,False
1716040800000,1716048000000,3108.00000000,3115.00000000,3095.71000000,3110.89000000,20303.70550000,120,120,False
1716048000000,1716055200000,3110.89000000,3121.20000000,3105.88000000,3114.24000000,12006.26720000,120,120,False
1716055200000,1716062400000,3114.25000000,3120.69000000,3110.07000000,3119.69000000,5764.39720000,120,120,False
1716062400000,1716069600000,3119.69000000,3126.89000000,3106.05000000,3115.79000000,9365.27040000,120,120,False
1716069600000,1716076800000,3115.80000000,3126.38000000,3113.80000000,3122.94000000,5602.84790000,120,120,False
1716076800000,1716084000000,3122.94000000,3125.50000000,3112.61000000,3117.93000000,7076.02650000,120,120,False
1716084000000,1716091200000,3117.93000000,3136.64000000,3117.66000000,3129.36000000,11762.91600000,120,120,False
1716091200000,1716098400000,3129.35000000,3130.52000000,3114.28000000,3119.29000000,7932.23250000,120,120,False
1716098400000,1716105600000,3119.28000000,3119.29000000,3103.33000000,3115.81000000,10141.23630000,120,120,False
1716105600000,1716112800000,3115.80000000,3116.60000000,3098.13000000,3110.10000000,14335.01770000,120,120,False
1716112800000,1716120000000,3110.11000000,3125.00000000,3082.04000000,3102.58000000,27848.67270000,120,120,False
1716120000000,1716127200000,3102.59000000,3103.00000000,3068.03000000,3085.35000000,26440.22380000,120,120,False
1716127200000,1716134400000,3085.35000000,3087.98000000,3063.26000000,3077.25000000,14326.48170000,120,120,False
1716134400000,1716141600000,3077.25000000,3080.79000000,3057.82000000,3072.91000000,13245.76350000,120,120,False
1716141600000,1716148800000,3072.91000000,3083.90000000,3059.14000000,3065.20000000,14396.80680000,120,120,False
1716148800000,1716156000000,3065.20000000,3082.41000000,3053.38000000,3070.19000000,11218.93060000,120,120,False
1716156000000,1716163200000,3070.18000000,3079.70000000,3067.94000000,3071.19000000,7420.70210000,120,120,False
1716163200000,1716170400000,3071.20000000,3084.67000000,3047.67000000,3079.20000000,21125.81370000,120,120,False
1716170400000,1716177600000,3079.21000000,3100.67000000,3077.22000000,3087.21000000,17688.89920000,120,120,False
1716177600000,1716184800000,3087.20000000,3140.00000000,3085.27000000,3124.94000000,36399.66750000,120,120,False
1716184800000,1716192000000,3124.94000000,3125.62000000,3065.00000000,3091.73000000,30274.30840000,120,120,False
1716192000000,1716199200000,3091.72000000,3108.38000000,3091.72000000,3097.35000000,18017.90350000,120,120,False
1716199200000,1716206400000,3097.35000000,3113.94000000,3086.50000000,3093.80000000,27400.85050000,120,120,False
1716206400000,1716213600000,3093.79000000,3100.00000000,3077.00000000,3094.92000000,18257.12710000,120,120,False
1716213600000,1716220800000,3094.91000000,3121.00000000,3076.69000000,3118.53000000,25426.74290000,120,120,False
1716220800000,1716228000000,3118.52000000,3151.44000000,3110.85000000,3143.63000000,47633.10560000,120,120,False
1716228000000,1716235200000,3143.64000000,3457.12000000,3135.44000000,3438.87000000,231375.30450000,120,120,False
1716235200000,1716242400000,3438.86000000,3648.91000000,3420.37000000,3646.08000000,236724.71240000,120,120,False
1716242400000,1716249600000,3646.09000000,3694.00000000,3606.78000000,3661.78000000,136783.44750000,120,120,False
1716249600000,1716256800000,3661.79000000,3721.00000000,3638.80000000,3686.99000000,112635.14950000,120,120,False
1716256800000,1716264000000,3687.00000000,3708.48000000,3655.40000000,3695.90000000,63802.69510000,120,120,False
1716264000000,1716271200000,3695.90000000,3699.60000000,3624.28000000,3646.27000000,58585.11630000,120,120,False
1716271200000,1716278400000,3646.28000000,3687.44000000,3644.51000000,3660.49000000,58787.64930000,120,120,False
1716278400000,1716285600000,3660.50000000,3685.30000000,3649.36000000,3681.86000000,43031.35010000,120,120,False
1716285600000,1716292800000,3681.87000000,3823.50000000,3676.50000000,3777.97000000,142746.64610000,120,120,False
1716292800000,1716300000000,3777.98000000,3836.00000000,3748.57000000,3768.75000000,133100.22120000,120,120,False
1716300000000,1716307200000,3768.75000000,3831.39000000,3765.77000000,3777.68000000,91332.77100000,120,120,False
1716307200000,1716314400000,3777.69000000,3841.54000000,3723.25000000,3748.78000000,116847.78840000,120,120,False
1716314400000,1716321600000,3748.78000000,3759.25000000,3680.68000000,3712.27000000,52925.42570000,120,120,False
1716321600000,1716328800000,3712.26000000,3760.50000000,3709.13000000,3749.27000000,32081.43610000,120,120,False
1716328800000,1716336000000,3749.28000000,3821.50000000,3749.27000000,3789.60000000,46561.02060000,120,120,False
1716336000000,1716343200000,3789.59000000,3803.50000000,3775.21000000,3789.05000000,24717.12320000,120,120,False
1716343200000,1716350400000,3789.06000000,3813.69000000,3774.91000000,3793.43000000,33943.22610000,120,120,False
1716350400000,1716357600000,3793.42000000,3795.07000000,3720.01000000,3758.39000000,58494.38340000,120,120,False
1716357600000,1716364800000,3758.40000000,3772.35000000,3735.10000000,3746.79000000,25204.58090000,120,120,False
1716364800000,1716372000000,3746.80000000,3779.80000000,3729.07000000,3731.79000000,28037.48840000,120,120,False
1716372000000,1716379200000,3731.79000000,3749.91000000,3690.00000000,3690.60000000,37685.61790000,120,120,False
1716379200000,1716386400000,3690.59000000,3722.76000000,3653.15000000,3695.79000000,72862.96580000,120,120,False
1716386400000,1716393600000,3695.79000000,3773.88000000,3679.35000000,3762.66000000,94583.86370000,120,120,False
1716393600000,1716400800000,3762.65000000,3798.00000000,3728.21000000,3740.01000000,63670.21520000,120,120,False
1716400800000,1716408000000,3740.00000000,3747.30000000,3700.60000000,3736.61000000,47160.08970000,120,120,False
1716408000000,1716415200000,3736.61000000,3781.00000000,3723.38000000,3774.50000000,55524.24010000,120,120,False
1716415200000,1716422400000,3774.50000000,3779.79000000,3734.45000000,3737.73000000,33054.51550000,120,120,False
1716422400000,1716429600000,3737.72000000,3773.11000000,3736.67000000,3759.49000000,24725.22950000,120,120,False
1716429600000,1716436800000,3759.49000000,3788.86000000,3757.15000000,3782.11000000,26680.24770000,120,120,False
1716436800000,1716444000000,3782.10000000,3794.75000000,3762.82000000,3768.02000000,23088.38320000,120,120,False
1716444000000,1716451200000,3768.01000000,3833.65000000,3759.41000000,3814.00000000,47077.02560000,120,120,False
1716451200000,1716458400000,3813.99000000,3846.19000000,3790.94000000,3808.60000000,47105.54750000,120,120,False
1716458400000,1716465600000,3808.60000000,3925.24000000,3801.12000000,3918.46000000,92882.62120000,120,120,False
1716465600000,1716472800000,3918.45000000,3949.29000000,3723.00000000,3781.61000000,200956.93100000,120,120,False
1716472800000,1716480000000,3781.62000000,3840.00000000,3752.78000000,3812.95000000,89184.75630000,120,120,False
1716480000000,1716487200000,3812.96000000,3827.77000000,3770.70000000,3784.33000000,40804.95850000,120,120,False
1716487200000,1716494400000,3784.34000000,3824.00000000,3685.00000000,3791.34000000,115566.25340000,120,120,False
1716494400000,1716501600000,3791.33000000,3901.00000000,3498.00000000,3843.40000000,356999.75550000,120,120,False
1716501600000,1716508800000,3843.40000000,3847.19000000,3751.68000000,3783.61000000,62794.36660000,120,120,False
1716508800000,1716516000000,3783.60000000,3829.61000000,3744.34000000,3810.20000000,37100.47170000,120,120,False
1716516000000,1716523200000,3810.20000000,3828.91000000,3794.04000000,3803.82000000,22417.12700000,120,120,False
1716523200000,1716530400000,3803.82000000,3815.63000000,3726.06000000,3728.47000000,42573.19230000,120,120,False
1716530400000,1716537600000,3728.47000000,3741.48000000,3651.00000000,3679.24000000,80071.90630000,120,120,False
1716537600000,1716544800000,3679.24000000,3691.55000000,3626.10000000,3684.80000000,47106.64830000,120,120,False
1716544800000,1716552000000,3684.80000000,3717.67000000,3681.21000000,3712.62000000,34482.99700000,120,120,False
1716552000000,1716559200000,3712.62000000,3726.00000000,3678.99000000,3684.14000000,34995.69740000,120,120,False
1716559200000,1716566400000,3684.14000000,3732.83000000,3671.15000000,3693.67000000,50399.72790000,120,120,False
1716566400000,1716573600000,3693.66000000,3712.16000000,3655.26000000,3711.36000000,48318.94540000,120,120,False
1716573600000,1716580800000,3711.36000000,3759.00000000,3708.37000000,3744.40000000,44517.76620000,120,120,False
1716580800000,1716588000000,3744.40000000,3755.05000000,3725.74000000,3736.34000000,29067.12270000,120,120,False
1716588000000,1716595200000,3736.35000000,3741.79000000,3723.01000000,3728.28000000,8366.82960000,120,120,False
1716595200000,1716602400000,3728.28000000,3728.93000000,3709.03000000,3717.12000000,10996.74300000,120,120,False
1716602400000,1716609600000,3717.13000000,3747.72000000,3715.00000000,3745.26000000,14260.09970000,120,120,False
1716609600000,1716616800000,3745.26000000,3779.43000000,3745.26000000,3752.55000000,21317.39930000,120,120,False
1716616800000,1716624000000,3752.55000000,3759.64000000,3744.40000000,3746.60000000,12585.80650000,120,120,False
1716624000000,1716631200000,3746.60000000,3760.93000000,3737.02000000,3759.00000000,13822.05980000,120,120,False
1716631200000,1716638400000,3759.01000000,3775.00000000,3736.42000000,3739.39000000,18729.29500000,120,120,False
1716638400000,1716645600000,3739.39000000,3747.10000000,3719.80000000,3734.17000000,22706.13570000,120,120,False
1716645600000,1716652800000,3734.18000000,3758.20000000,3730.25000000,3743.79000000,13020.70600000,120,120,False
1716652800000,1716660000000,3743.80000000,3755.85000000,3736.68000000,3741.06000000,8427.30800000,120,120,False
1716660000000,1716667200000,3741.06000000,3766.02000000,3740.00000000,3757.64000000,8230.88680000,120,120,False
1716667200000,1716674400000,3757.65000000,3760.28000000,3739.32000000,3746.03000000,5448.69750000,120,120,False
1716674400000,1716681600000,3746.03000000,3751.93000000,3730.12000000,3749.26000000,9166.76190000,120,120,False
1716681600000,1716688800000,3749.25000000,3760.49000000,3741.73000000,3757.99000000,7591.96360000,120,120,False
1716688800000,1716696000000,3757.99000000,3772.93000000,3731.17000000,3771.59000000,21129.13970000,120,120,False
1716696000000,1716703200000,3771.59000000,3771.60000000,3741.16000000,3760.53000000,9272.25340000,120,120,False
1716703200000,1716710400000,3760.54000000,3795.06000000,3752.55000000,3786.02000000,21005.05860000,120,120,False
1716710400000,1716717600000,3786.01000000,3816.79000000,3777.22000000,3800.00000000,36795.72450000,120,120,False
1716717600000,1716724800000,3800.00000000,3822.40000000,3790.52000000,3813.79000000,27035.28270000,120,120,False
1716724800000,1716732000000,3813.79000000,3813.80000000,3792.14000000,3808.90000000,21148.71660000,120,120,False
1716732000000,1716739200000,3808.89000000,3875.80000000,3803.30000000,3833.05000000,65424.61020000,120,120,False
1716739200000,1716746400000,3833.06000000,3884.20000000,3831.26000000,3844.57000000,35030.12990000,120,120,False
1716746400000,1716753600000,3844.58000000,3878.87000000,3832.20000000,3878.86000000,15848.29610000,120,120,False
1716753600000,1716760800000,3878.86000000,3879.63000000,3823.11000000,3852.54000000,15408.09260000,120,120,False
1716760800000,1716768000000,3852.55000000,3854.78000000,3817.39000000,3826.47000000,16519.02580000,120,120,False
1716768000000,1716775200000,3826.47000000,3889.00000000,3823.37000000,3883.73000000,21231.21160000,120,120,False
1716775200000,1716782400000,3883.72000000,3939.59000000,3878.62000000,3919.58000000,65912.22650000,120,120,False
1716782400000,1716789600000,3919.59000000,3935.00000000,3888.71000000,3904.68000000,23928.05760000,120,120,False
1716789600000,1716796800000,3904.67000000,3920.75000000,3891.00000000,3914.01000000,17613.52720000,120,120,False
1716796800000,1716804000000,3914.01000000,3954.35000000,3901.60000000,3910.99000000,35479.82870000,120,120,False
1716804000000,1716811200000,3910.99000000,3915.51000000,3884.17000000,3900.49000000,22655.79140000,120,120,False
1716811200000,1716818400000,3900.50000000,3939.94000000,3891.81000000,3930.89000000,28739.53310000,120,120,False
1716818400000,1716825600000,3930.89000000,3977.00000000,3919.00000000,3963.39000000,52071.28340000,120,120,False
1716825600000,1716832800000,3963.39000000,3974.30000000,3924.39000000,3938.01000000,26118.63460000,120,120,False
1716832800000,1716840000000,3938.02000000,3942.32000000,3854.16000000,3873.25000000,30631.45520000,120,120,False
1716840000000,1716847200000,3873.26000000,3905.14000000,3860.71000000,3890.64000000,26300.21060000,120,120,False
1716847200000,1716854400000,3890.64000000,3901.94000000,3883.10000000,3894.22000000,13035.88740000,120,120,False
1716854400000,1716861600000,3894.21000000,3910.00000000,3838.00000000,3847.94000000,32769.15440000,120,120,False
1716861600000,1716868800000,3847.95000000,3872.00000000,3827.41000000,3849.71000000,35647.65880000,120,120,False
1716868800000,1716876000000,3849.72000000,3860.58000000,3821.63000000,3860.57000000,23730.86630000,120,120,False
1716876000000,1716883200000,3860.58000000,3864.85000000,3842.86000000,3847.29000000,26305.38600000,120,120,False
1716883200000,1716890400000,3847.30000000,3893.50000000,3839.00000000,3881.00000000,31242.19580000,120,120,False
1716890400000,1716897600000,3881.01000000,3931.09000000,3878.60000000,3904.34000000,38877.55220000,120,120,False
1716897600000,1716904800000,3904.34000000,3912.00000000,3853.00000000,3861.15000000,42261.90350000,120,120,False
1716904800000,1716912000000,3861.15000000,3884.49000000,3831.29000000,3861.10000000,53983.19050000,120,120,False
1716912000000,1716919200000,3861.10000000,3869.14000000,3818.48000000,3825.10000000,35421.54030000,120,120,False
1716919200000,1716926400000,3825.11000000,3847.95000000,3773.90000000,3840.81000000,53005.93110000,120,120,False
1716926400000,1716933600000,3840.80000000,3852.10000000,3823.00000000,3843.43000000,13396.20070000,120,120,False
1716933600000,1716940800000,3843.43000000,3871.76000000,3841.60000000,3844.69000000,29608.25480000,120,120,False
1716940800000,1716948000000,3844.69000000,3855.19000000,3835.15000000,3844.41000000,13512.71870000,120,120,False
1716948000000,1716955200000,3844.41000000,3862.41000000,3836.04000000,3851.00000000,22462.51900000,120,120,False
1716955200000,1716962400000,3850.99000000,3888.55000000,3847.22000000,3868.25000000,36205.39460000,120,120,False
1716962400000,1716969600000,3868.24000000,3871.91000000,3818.48000000,3820.00000000,26377.05590000,120,120,False
1716969600000,1716976800000,3819.99000000,3827.05000000,3781.00000000,3805.61000000,46142.96540000,120,120,False
1716976800000,1716984000000,3805.62000000,3828.88000000,3803.01000000,3811.16000000,17951.17340000,120,120,False
1716984000000,1716991200000,3811.15000000,3838.83000000,3780.20000000,3798.04000000,40818.66070000,120,120,False
1716991200000,1716998400000,3798.04000000,3802.94000000,3750.60000000,3759.85000000,46383.30380000,120,120,False
1716998400000,1717005600000,3759.84000000,3780.00000000,3744.41000000,3766.20000000,29635.49760000,120,120,False
1717005600000,1717012800000,3766.20000000,3772.00000000,3745.95000000,3749.66000000,14810.07390000,120,120,False
1717012800000,1717020000000,3749.66000000,3792.99000000,3742.59000000,3777.68000000,24276.41890000,120,120,False
1717020000000,1717027200000,3777.69000000,3789.79000000,3763.93000000,3767.43000000,16183.85290000,120,120,False
1717027200000,1717034400000,3767.44000000,3782.77000000,3750.75000000,3775.55000000,14605.09560000,120,120,False
1717034400000,1717041600000,3775.55000000,3797.79000000,3775.18000000,3791.31000000,15557.27860000,120,120,False
1717041600000,1717048800000,3791.30000000,3801.65000000,3770.72000000,3784.61000000,11959.78320000,120,120,False
1717048800000,1717056000000,3784.60000000,3786.00000000,3712.73000000,3720.32000000,45003.37340000,120,120,False
1717056000000,1717063200000,3720.32000000,3737.96000000,3702.58000000,3734.49000000,25536.21500000,120,120,False
1717063200000,1717070400000,3734.50000000,3757.25000000,3715.00000000,3737.00000000,24208.33940000,120,120,False
1717070400000,1717077600000,3737.01000000,3794.84000000,3733.39000000,3788.56000000,29422.05220000,120,120,False
1717077600000,1717084800000,3788.55000000,3798.97000000,3756.12000000,3776.12000000,22867.86840000,120,120,False
1717084800000,1717092000000,3776.12000000,3825.35000000,3769.81000000,3811.92000000,24685.82110000,120,120,False
1717092000000,1717099200000,3811.92000000,3819.80000000,3752.24000000,3762.01000000,32504.02930000,120,120,False
1717099200000,1717106400000,3762.00000000,3762.40000000,3719.30000000,3751.36000000,20958.08960000,120,120,False
1717106400000,1717113600000,3751.37000000,3754.07000000,3744.16000000,3747.91000000,9726.34360000,120,120,False
1717113600000,1717120800000,3747.90000000,3766.35000000,3740.45000000,3748.49000000,10641.15450000,120,120,False
1717120800000,1717128000000,3748.49000000,3770.00000000,3746.50000000,3760.21000000,9918.61420000,120,120,False
1717128000000,1717135200000,3760.21000000,3766.55000000,3735.02000000,3746.65000000,10905.90810000,120,120,False
1717135200000,1717142400000,3746.64000000,3751.00000000,3724.41000000,3729.11000000,16711.34660000,120,120,False
1717142400000,1717149600000,3729.11000000,3748.43000000,3726.45000000,3747.08000000,13745.09400000,120,120,False
1717149600000,1717156800000,3747.09000000,3813.20000000,3747.08000000,3802.62000000,32962.50850000,120,120,False
1717156800000,1717164000000,3802.62000000,3849.94000000,3781.35000000,3786.34000000,52417.13500000,120,120,False
1717164000000,1717171200000,3786.34000000,3798.59000000,3742.35000000,3744.77000000,36631.12260000,120,120,False
1717171200000,1717178400000,3744.77000000,3770.74000000,3723.75000000,3768.16000000,31043.04040000,120,120,False
1717178400000,1717185600000,3768.16000000,3794.62000000,3764.02000000,3785.45000000,25567.65230000,120,120,False
1717185600000,1717192800000,3785.45000000,3800.94000000,3778.20000000,3785.51000000,15915.16630000,120,120,False
1717192800000,1717200000000,3785.51000000,3790.65000000,3742.00000000,3762.29000000,16948.02350000,120,120,False
1717200000000,1717207200000,3762.29000000,3776.19000000,3752.67000000,3766.79000000,11784.09350000,120,120,False
1717207200000,1717214400000,3766.79000000,3782.07000000,3766.00000000,3778.98000000,7378.37250000,120,120,False
1717214400000,1717221600000,3778.98000000,3794.11000000,3771.19000000,3789.79000000,9909.43660000,120,120,False
1717221600000,1717228800000,3789.79000000,3791.81000000,3770.31000000,3773.00000000,9933.59380000,120,120,False
1717228800000,1717236000000,3772.99000000,3809.55000000,3772.43000000,3793.14000000,20453.48790000,120,120,False
1717236000000,1717243200000,3793.14000000,3796.05000000,3782.07000000,3788.28000000,7563.30460000,120,120,False
1717243200000,1717250400000,3788.28000000,3809.80000000,3787.00000000,3802.01000000,11472.84040000,120,120,False
1717250400000,1717257600000,3802.01000000,3814.67000000,3797.00000000,3798.60000000,11727.68040000,120,120,False
1717257600000,1717264800000,3798.60000000,3809.09000000,3790.21000000,3807.01000000,11532.58680000,120,120,False
1717264800000,1717272000000,3807.01000000,3809.81000000,3797.15000000,3804.51000000,6633.84100000,120,120,False
1717272000000,1717279200000,3804.50000000,3822.00000000,3799.00000000,3815.51000000,11251.11670000,120,120,False
1717279200000,1717286400000,3815.50000000,3833.30000000,3813.12000000,3815.82000000,13046.84640000,120,120,False
1717286400000,1717293600000,3815.82000000,3838.59000000,3814.00000000,3824.00000000,13011.33370000,120,120,False
1717293600000,1717300800000,3824.00000000,3826.46000000,3797.70000000,3807.13000000,27351.34110000,120,120,False
1717300800000,1717308000000,3807.13000000,3824.50000000,3804.26000000,3805.55000000,24953.10950000,120,120,False
1717308000000,1717315200000,3805.52000000,3815.00000000,3792.25000000,3793.33000000,17313.53910000,120,120,False
1717315200000,1717322400000,3793.33000000,3801.58000000,3770.99000000,3780.16000000,19939.41260000,120,120,False
1717322400000,1717329600000,3780.16000000,3810.00000000,3771.38000000,3805.01000000,20104.15860000,120,120,False
1717329600000,1717336800000,3805.01000000,3810.00000000,3776.86000000,3796.09000000,12405.63110000,120,120,False
1717336800000,1717344000000,3796.10000000,3810.00000000,3790.01000000,3798.78000000,11573.54690000,120,120,False
1717344000000,1717351200000,3798.79000000,3803.67000000,3772.11000000,3772.12000000,16871.06610000,120,120,False
1717351200000,1717358400000,3772.11000000,3783.19000000,3752.62000000,3782.37000000,20714.27250000,120,120,False
1717358400000,1717365600000,3782.37000000,3793.54000000,3765.99000000,3783.09000000,14875.17880000,120,120,False
1717365600000,1717372800000,3783.09000000,3796.44000000,3775.91000000,3780.91000000,11182.85070000,120,120,False
1717372800000,1717380000000,3780.92000000,3806.20000000,3761.05000000,3803.73000000,16413.25380000,120,120,False
1717380000000,1717387200000,3803.72000000,3821.32000000,3792.04000000,3799.50000000,18128.92820000,120,120,False
1717387200000,1717394400000,3799.51000000,3830.83000000,3795.18000000,3814.50000000,18054.05720000,120,120,False
1717394400000,1717401600000,3814.50000000,3842.01000000,3811.56000000,3817.82000000,23693.90420000,120,120,False
1717401600000,1717408800000,3817.81000000,3840.16000000,3812.58000000,3816.02000000,26848.02440000,120,120,False
1717408800000,1717416000000,3816.02000000,3820.00000000,3804.70000000,3809.00000000,10180.89330000,120,120,False
1717416000000,1717423200000,3809.01000000,3849.99000000,3808.60000000,3823.24000000,31148.34730000,120,120,False
1717423200000,1717430400000,3823.23000000,3833.73000000,3758.43000000,3796.82000000,51331.62200000,120,120,False
1717430400000,1717437600000,3796.82000000,3798.63000000,3759.00000000,3780.20000000,22160.39600000,120,120,False
1717437600000,1717444800000,3780.20000000,3789.70000000,3767.50000000,3773.40000000,9637.75140000,120,120,False
1717444800000,1717452000000,3773.39000000,3784.88000000,3759.67000000,3773.45000000,11534.94010000,120,120,False
1717452000000,1717459200000,3773.45000000,3781.08000000,3760.20000000,3767.06000000,9716.58410000,120,120,False
1717459200000,1717466400000,3767.07000000,3779.67000000,3730.00000000,3774.66000000,25120.14030000,120,120,False
1717466400000,1717473600000,3774.66000000,3785.19000000,3768.02000000,3773.51000000,12121.23730000,120,120,False
1717473600000,1717480800000,3773.51000000,3778.03000000,3757.96000000,3762.00000000,11437.79120000,120,120,False
1717480800000,1717488000000,3762.00000000,3778.63000000,3752.10000000,3774.72000000,10732.65820000,120,120,False
1717488000000,1717495200000,3774.72000000,3782.99000000,3741.60000000,3749.05000000,17228.48800000,120,120,False
1717495200000,1717502400000,3749.05000000,3770.00000000,3747.10000000,3764.65000000,11607.21460000,120,120,False
1717502400000,1717509600000,3764.65000000,3787.43000000,3753.57000000,3776.00000000,23991.66720000,120,120,False
1717509600000,1717516800000,3776.00000000,3817.99000000,3768.29000000,3810.63000000,43177.84150000,120,120,False
1717516800000,1717524000000,3810.63000000,3831.65000000,3803.56000000,3813.57000000,33734.00650000,120,120,False
1717524000000,1717531200000,3813.57000000,3826.00000000,3776.20000000,3800.38000000,18456.81870000,120,120,False
1717531200000,1717538400000,3800.37000000,3821.54000000,3792.00000000,3812.98000000,13716.54120000,120,120,False
1717538400000,1717545600000,3812.97000000,3822.00000000,3808.29000000,3810.23000000,10739.34210000,120,120,False
1717545600000,1717552800000,3810.23000000,3839.92000000,3808.84000000,3822.60000000,17999.92550000,120,120,False
1717552800000,1717560000000,3822.60000000,3823.55000000,3800.00000000,3810.45000000,19461.16920000,120,120,False
1717560000000,1717567200000,3810.45000000,3812.63000000,3777.33000000,3788.76000000,31172.65260000,120,120,False
1717567200000,1717574400000,3788.76000000,3820.81000000,3784.17000000,3809.58000000,21305.79580000,120,120,False
1717574400000,1717581600000,3809.57000000,3811.03000000,3790.27000000,3797.48000000,17886.33530000,120,120,False
1717581600000,1717588800000,3797.49000000,3807.60000000,3788.90000000,3804.31000000,13631.76490000,120,120,False
1717588800000,1717596000000,3804.31000000,3824.44000000,3792.49000000,3799.56000000,26116.65180000,120,120,False
1717596000000,1717603200000,3799.55000000,3820.00000000,3782.00000000,3813.58000000,21440.93150000,120,120,False
1717603200000,1717610400000,3813.59000000,3848.41000000,3796.80000000,3840.93000000,26211.62180000,120,120,False
1717610400000,1717617600000,3840.94000000,3878.00000000,3833.88000000,3876.54000000,47083.13140000,120,120,False
1717617600000,1717624800000,3876.53000000,3887.47000000,3845.45000000,3847.85000000,16886.56800000,120,120,False
1717624800000,1717632000000,3847.85000000,3869.50000000,3842.28000000,3865.99000000,14542.05570000,120,120,False
1717632000000,1717639200000,3866.00000000,3869.85000000,3853.20000000,3861.15000000,11078.49210000,120,120,False
1717639200000,1717646400000,3861.16000000,3878.60000000,3859.55000000,3861.69000000,15098.76730000,120,120,False
1717646400000,1717653600000,3861.70000000,3865.50000000,3839.69000000,3847.00000000,19201.52840000,120,120,False
1717653600000,1717660800000,3846.99000000,3856.01000000,3838.53000000,3852.10000000,19335.86580000,120,120,False
1717660800000,1717668000000,3852.10000000,3854.01000000,3842.84000000,3850.59000000,10940.31620000,120,120,False
1717668000000,1717675200000,3850.60000000,3856.50000000,3844.99000000,3849.51000000,13754.77300000,120,120,False
1717675200000,1717682400000,3849.51000000,3866.48000000,3820.00000000,3835.08000000,28117.13820000,120,120,False
1717682400000,1717689600000,3835.07000000,3847.29000000,3827.29000000,3845.01000000,18264.55420000,120,120,False
1717689600000,1717696800000,3845.00000000,3855.60000000,3817.27000000,3833.25000000,31839.09550000,120,120,False
1717696800000,1717704000000,3833.26000000,3840.91000000,3787.15000000,3791.01000000,31015.10790000,120,120,False
1717704000000,1717711200000,3791.01000000,3804.30000000,3760.00000000,3801.41000000,28427.14160000,120,120,False
1717711200000,1717718400000,3801.40000000,3815.45000000,3799.40000000,3813.46000000,10431.41030000,120,120,False
1717718400000,1717725600000,3813.47000000,3813.47000000,3799.17000000,3805.98000000,10279.77550000,120,120,False
1717725600000,1717732800000,3805.99000000,3807.92000000,3792.34000000,3806.30000000,9024.15590000,120,120,False
1717732800000,1717740000000,3806.30000000,3825.75000000,3806.00000000,3818.27000000,9958.06570000,120,120,False
1717740000000,1717747200000,3818.27000000,3824.41000000,3812.80000000,3816.31000000,9490.24340000,120,120,False
1717747200000,1717754400000,3816.31000000,3817.10000000,3807.33000000,3811.95000000,9780.72650000,120,120,False
1717754400000,1717761600000,3811.96000000,3839.98000000,3801.11000000,3835.00000000,15219.03750000,120,120,False
1717761600000,1717768800000,3834.99000000,3841.39000000,3771.39000000,3815.00000000,57785.59840000,120,120,False
1717768800000,1717776000000,3815.00000000,3829.57000000,3790.81000000,3800.73000000,19329.94890000,120,120,False
1717776000000,1717783200000,3800.73000000,3807.67000000,3723.80000000,3724.05000000,34473.58210000,120,120,False
1717783200000,1717790400000,3724.06000000,3729.99000000,3600.00000000,3687.37000000,144690.54770000,120,120,False
1717790400000,1717797600000,3687.37000000,3698.46000000,3670.43000000,3693.51000000,28117.99550000,120,120,False
1717797600000,1717804800000,3693.50000000,3700.00000000,3678.31000000,3678.32000000,14073.68230000,120,120,False
1717804800000,1717812000000,3678.31000000,3692.30000000,3673.82000000,3690.94000000,13716.91910000,120,120,False
1717812000000,1717819200000,3690.95000000,3690.95000000,3685.50000000,3690.00000000,8471.41520000,120,120,False
1717819200000,1717826400000,3690.00000000,3690.18000000,3677.22000000,3680.64000000,6823.27380000,120,120,False
1717826400000,1717833600000,3680.64000000,3709.50000000,3679.52000000,3708.98000000,9455.39300000,120,120,False
1717833600000,1717840800000,3708.98000000,3709.39000000,3691.00000000,3693.18000000,9476.31080000,120,120,False
1717840800000,1717848000000,3693.18000000,3697.37000000,3678.53000000,3683.13000000,28777.14050000,120,120,False
1717848000000,1717855200000,3683.13000000,3688.49000000,3660.08000000,3687.26000000,17605.00490000,120,120,False
1717855200000,1717862400000,3687.27000000,3697.47000000,3682.00000000,3688.13000000,13309.34490000,120,120,False
1717862400000,1717869600000,3688.13000000,3692.25000000,3672.18000000,3687.49000000,11259.17380000,120,120,False
1717869600000,1717876800000,3687.50000000,3694.50000000,3681.31000000,3682.61000000,8658.06410000,120,120,False
1717876800000,1717884000000,3682.60000000,3684.46000000,3670.53000000,3676.26000000,7191.34310000,120,120,False
1717884000000,1717891200000,3676.26000000,3684.22000000,3670.37000000,3681.57000000,5807.45620000,120,120,False
1717891200000,1717898400000,3681.58000000,3684.66000000,3678.34000000,3682.25000000,5608.46760000,120,120,False
1717898400000,1717905600000,3682.25000000,3682.25000000,3666.36000000,3674.22000000,12435.43080000,120,120,False
1717905600000,1717912800000,3674.21000000,3684.45000000,3669.21000000,3680.61000000,7889.22840000,120,120,False
1717912800000,1717920000000,3680.62000000,3692.00000000,3680.61000000,3685.99000000,8491.08000000,120,120,False
1717920000000,1717927200000,3685.98000000,3691.50000000,3683.02000000,3690.04000000,5166.17820000,120,120,False
1717927200000,1717934400000,3690.03000000,3693.87000000,3685.99000000,3693.50000000,6021.39370000,120,120,False
1717934400000,1717941600000,3693.49000000,3712.50000000,3680.99000000,3687.70000000,18710.17170000,120,120,False
1717941600000,1717948800000,3687.71000000,3695.20000000,3683.16000000,3690.59000000,10439.67720000,120,120,False
1717948800000,1717956000000,3690.60000000,3702.11000000,3689.43000000,3700.00000000,7356.12640000,120,120,False
1717956000000,1717963200000,3699.99000000,3709.43000000,3698.20000000,3701.09000000,6755.31280000,120,120,False
1717963200000,1717970400000,3701.09000000,3721.52000000,3693.72000000,3714.72000000,9472.20660000,120,120,False
1717970400000,1717977600000,3714.71000000,3718.00000000,3703.11000000,3706.40000000,5105.82860000,120,120,False
1717977600000,1717984800000,3706.40000000,3706.94000000,3685.54000000,3692.00000000,10326.27360000,120,120,False
1717984800000,1717992000000,3691.99000000,3697.80000000,3680.97000000,3684.14000000,6915.81990000,120,120,False
1717992000000,1717999200000,3684.14000000,3692.41000000,3680.01000000,3684.19000000,7896.99810000,120,120,False
1717999200000,1718006400000,3684.19000000,3684.20000000,3642.74000000,3647.79000000,21388.09850000,120,120,False
1718006400000,1718013600000,3647.80000000,3674.37000000,3646.94000000,3673.14000000,14247.08640000,120,120,False
1718013600000,1718020800000,3673.15000000,3681.01000000,3670.30000000,3675.95000000,10252.02910000,120,120,False
1718020800000,1718028000000,3675.95000000,3682.40000000,3665.42000000,3673.20000000,11930.05470000,120,120,False
1718028000000,1718035200000,3673.21000000,3713.67000000,3662.96000000,3702.54000000,24858.60150000,120,120,False
1718035200000,1718042400000,3702.53000000,3705.68000000,3683.98000000,3696.59000000,10244.62150000,120,120,False
1718042400000,1718049600000,3696.58000000,3701.00000000,3659.81000000,3668.33000000,16851.31880000,120,120,False
1718049600000,1718056800000,3668.33000000,3677.00000000,3650.64000000,3673.59000000,12969.68850000,120,120,False
1718056800000,1718064000000,3673.59000000,3677.07000000,3660.00000000,3667.85000000,8482.59400000,120,120,False
1718064000000,1718071200000,3667.85000000,3673.00000000,3605.50000000,3626.98000000,25651.28380000,120,120,False
1718071200000,1718078400000,3626.98000000,3643.67000000,3567.00000000,3595.60000000,61080.98500000,120,120,False
1718078400000,1718085600000,3595.60000000,3595.61000000,3533.46000000,3561.59000000,50263.71550000,120,120,False
1718085600000,1718092800000,3561.59000000,3570.01000000,3505.00000000,3534.60000000,32949.63920000,120,120,False
1718092800000,1718100000000,3534.60000000,3543.62000000,3503.40000000,3514.80000000,35430.50720000,120,120,False
1718100000000,1718107200000,3514.80000000,3549.36000000,3506.03000000,3529.56000000,36074.80200000,120,120,False
1718107200000,1718114400000,3529.56000000,3546.47000000,3508.91000000,3521.24000000,26963.63820000,120,120,False
1718114400000,1718121600000,3521.23000000,3536.38000000,3432.01000000,3447.75000000,75211.54570000,120,120,False
1718121600000,1718128800000,3447.75000000,3482.07000000,3432.00000000,3471.99000000,45912.06510000,120,120,False
1718128800000,1718136000000,3471.98000000,3502.44000000,3465.71000000,3497.21000000,26622.28440000,120,120,False
1718136000000,1718143200000,3497.21000000,3503.03000000,3483.70000000,3501.86000000,11003.40410000,120,120,False
1718143200000,1718150400000,3501.86000000,3509.65000000,3492.99000000,3497.33000000,12404.72760000,120,120,False
1718150400000,1718157600000,3497.33000000,3505.59000000,3462.07000000,3482.67000000,16275.26840000,120,120,False
1718157600000,1718164800000,3482.66000000,3513.78000000,3476.38000000,3509.99000000,19833.87080000,120,120,False
1718164800000,1718172000000,3509.99000000,3532.39000000,3507.02000000,3508.56000000,17626.84280000,120,120,False
1718172000000,1718179200000,3508.56000000,3527.67000000,3507.70000000,3526.71000000,11411.34670000,120,120,False
1718179200000,1718186400000,3526.70000000,3542.60000000,3516.95000000,3538.86000000,15687.09900000,120,120,False
1718186400000,1718193600000,3538.85000000,3563.56000000,3529.40000000,3531.72000000,22546.44000000,120,120,False
1718193600000,1718200800000,3531.73000000,3659.01000000,3531.40000000,3615.07000000,117514.82720000,120,120,False
1718200800000,1718208000000,3615.06000000,3646.70000000,3610.76000000,3618.32000000,36207.90630000,120,120,False
1718208000000,1718215200000,3618.32000000,3625.70000000,3588.00000000,3623.20000000,20624.38840000,120,120,False
1718215200000,1718222400000,3623.20000000,3623.98000000,3513.32000000,3529.01000000,84289.28940000,120,120,False
1718222400000,1718229600000,3529.01000000,3574.39000000,3521.88000000,3566.01000000,16952.69090000,120,120,False
1718229600000,1718236800000,3566.01000000,3572.51000000,3558.96000000,3560.12000000,8073.80410000,120,120,False
1718236800000,1718244000000,3560.13000000,3561.65000000,3537.00000000,3539.23000000,11999.41720000,120,120,False
1718244000000,1718251200000,3539.24000000,3544.57000000,3476.21000000,3503.00000000,52329.78680000,120,120,False
1718251200000,1718258400000,3502.99000000,3517.32000000,3495.00000000,3510.30000000,13906.94220000,120,120,False
1718258400000,1718265600000,3510.30000000,3511.48000000,3484.04000000,3507.53000000,16730.93200000,120,120,False
1718265600000,1718272800000,3507.53000000,3511.72000000,3472.60000000,3490.51000000,17675.30090000,120,120,False
1718272800000,1718280000000,3490.51000000,3511.86000000,3472.85000000,3497.17000000,18371.47730000,120,120,False
1718280000000,1718287200000,3497.17000000,3539.83000000,3478.65000000,3500.04000000,38534.21220000,120,120,False
1718287200000,1718294400000,3500.04000000,3527.28000000,3433.00000000,3441.73000000,68909.76720000,120,120,False
1718294400000,1718301600000,3441.73000000,3478.02000000,3428.00000000,3470.01000000,31130.52720000,120,120,False
1718301600000,1718308800000,3470.01000000,3491.55000000,3462.00000000,3481.43000000,9643.04110000,120,120,False
1718308800000,1718316000000,3481.43000000,3491.55000000,3461.99000000,3485.93000000,11076.20420000,120,120,False
1718316000000,1718323200000,3485.93000000,3485.93000000,3461.59000000,3469.40000000,9923.22160000,120,120,False
1718323200000,1718330400000,3469.40000000,3488.60000000,3457.37000000,3487.04000000,15620.49650000,120,120,False
1718330400000,1718337600000,3487.04000000,3510.53000000,3480.39000000,3490.91000000,18377.05480000,120,120,False
1718337600000,1718344800000,3490.91000000,3528.60000000,3490.46000000,3522.21000000,20407.18610000,120,120,False
1718344800000,1718352000000,3522.21000000,3532.61000000,3510.62000000,3516.61000000,20123.11560000,120,120,False
1718352000000,1718359200000,3516.61000000,3530.25000000,3512.70000000,3513.81000000,16333.33560000,120,120,False
1718359200000,1718366400000,3513.80000000,3522.00000000,3505.69000000,3515.80000000,12291.41590000,120,120,False
1718366400000,1718373600000,3515.80000000,3525.56000000,3506.80000000,3507.63000000,14225.88830000,120,120,False
1718373600000,1718380800000,3507.63000000,3510.39000000,3460.17000000,3462.41000000,32014.91940000,120,120,False
1718380800000,1718388000000,3462.41000000,3467.40000000,3380.10000000,3389.62000000,75675.13700000,120,120,False
1718388000000,1718395200000,3389.62000000,3408.50000000,3362.26000000,3406.21000000,27835.94860000,120,120,False
1718395200000,1718402400000,3406.21000000,3528.93000000,3404.19000000,3504.21000000,45822.96770000,120,120,False
1718402400000,1718409600000,3504.21000000,3505.00000000,3463.08000000,3481.80000000,23588.95590000,120,120,False
1718409600000,1718416800000,3481.80000000,3503.03000000,3476.90000000,3477.78000000,15594.64750000,120,120,False
1718416800000,1718424000000,3477.78000000,3505.01000000,3473.10000000,3504.40000000,11569.72840000,120,120,False
1718424000000,1718431200000,3504.40000000,3529.70000000,3498.29000000,3526.91000000,32986.47130000,120,120,False
1718431200000,1718438400000,3526.91000000,3557.81000000,3526.50000000,3529.61000000,37351.27100000,120,120,False
1718438400000,1718445600000,3529.61000000,3540.80000000,3519.49000000,3532.21000000,16691.22750000,120,120,False
1718445600000,1718452800000,3532.21000000,3542.30000000,3527.80000000,3539.40000000,13173.90900000,120,120,False
1718452800000,1718460000000,3539.40000000,3570.79000000,3537.75000000,3569.18000000,28329.32920000,120,120,False
1718460000000,1718467200000,3569.18000000,3594.39000000,3550.62000000,3565.80000000,37422.00980000,120,120,False
1718467200000,1718474400000,3565.80000000,3575.73000000,3552.00000000,3571.51000000,18743.25840000,120,120,False
1718474400000,1718481600000,3571.51000000,3571.98000000,3553.00000000,3558.48000000,13883.62080000,120,120,False
1718481600000,1718488800000,3558.48000000,3568.33000000,3536.76000000,3561.14000000,12818.65650000,120,120,False
1718488800000,1718496000000,3561.14000000,3575.36000000,3556.88000000,3568.74000000,8085.46000000,120,120,False
1718496000000,1718503200000,3568.75000000,3569.51000000,3554.16000000,3568.26000000,7318.98660000,120,120,False
1718503200000,1718510400000,3568.26000000,3573.79000000,3548.04000000,3555.01000000,7960.55050000,120,120,False
1718510400000,1718517600000,3555.01000000,3569.49000000,3541.05000000,3568.00000000,9592.04160000,120,120,False
1718517600000,1718524800000,3568.00000000,3574.54000000,3561.20000000,3561.93000000,6336.94450000,120,120,False
1718524800000,1718532000000,3561.93000000,3563.00000000,3546.92000000,3553.80000000,10498.75240000,120,120,False
1718532000000,1718539200000,3553.80000000,3570.99000000,3549.20000000,3555.28000000,11892.53170000,120,120,False
1718539200000,1718546400000,3555.28000000,3593.40000000,3553.17000000,3593.00000000,18678.94040000,120,120,False
1718546400000,1718553600000,3593.00000000,3611.98000000,3577.85000000,3591.88000000,21792.01870000,120,120,False
1718553600000,1718560800000,3591.88000000,3608.44000000,3586.69000000,3591.55000000,13855.63480000,120,120,False
1718560800000,1718568000000,3591.55000000,3604.20000000,3587.55000000,3599.03000000,7939.95530000,120,120,False
1718568000000,1718575200000,3599.03000000,3606.38000000,3587.86000000,3596.35000000,7903.33800000,120,120,False
1718575200000,1718582400000,3596.35000000,3653.79000000,3596.35000000,3624.41000000,26070.28750000,120,120,False
1718582400000,1718589600000,3624.41000000,3638.37000000,3602.20000000,3611.40000000,23744.17240000,120,120,False
1718589600000,1718596800000,3611.40000000,3611.40000000,3573.83000000,3582.05000000,24986.49470000,120,120,False
1718596800000,1718604000000,3582.05000000,3596.00000000,3564.83000000,3574.00000000,18343.92190000,120,120,False
1718604000000,1718611200000,3574.00000000,3577.30000000,3538.70000000,3552.68000000,30329.43910000,120,120,False
1718611200000,1718618400000,3552.68000000,3561.10000000,3510.09000000,3512.41000000,29107.45240000,120,120,False
1718618400000,1718625600000,3512.40000000,3533.48000000,3490.95000000,3527.63000000,41312.05520000,120,120,False
1718625600000,1718632800000,3527.63000000,3539.75000000,3485.44000000,3495.00000000,25863.89980000,120,120,False
1718632800000,1718640000000,3495.01000000,3547.07000000,3488.20000000,3497.26000000,34385.94780000,120,120,False
1718640000000,1718647200000,3497.26000000,3555.40000000,3463.39000000,3554.20000000,51104.02610000,120,120,False
1718647200000,1718654400000,3554.21000000,3577.77000000,3542.57000000,3554.01000000,29838.91400000,120,120,False
1718654400000,1718661600000,3554.01000000,3556.55000000,3500.80000000,3524.20000000,19355.79250000,120,120,False
1718661600000,1718668800000,3524.20000000,3532.00000000,3503.30000000,3511.46000000,9433.52430000,120,120,False
1718668800000,1718676000000,3511.47000000,3517.20000000,3355.00000000,3408.42000000,104990.48090000,120,120,False
1718676000000,1718683200000,3408.42000000,3444.40000000,3382.88000000,3441.53000000,46270.75480000,120,120,False
1718683200000,1718690400000,3441.52000000,3462.54000000,3428.78000000,3444.90000000,23815.31210000,120,120,False
1718690400000,1718697600000,3444.91000000,3456.70000000,3432.05000000,3443.97000000,17773.03170000,120,120,False
1718697600000,1718704800000,3443.97000000,3451.84000000,3428.48000000,3431.39000000,16590.74500000,120,120,False
1718704800000,1718712000000,3431.39000000,3442.15000000,3391.86000000,3414.11000000,34008.33100000,120,120,False
1718712000000,1718719200000,3414.11000000,3419.61000000,3376.48000000,3392.03000000,44589.90760000,120,120,False
1718719200000,1718726400000,3392.03000000,3440.73000000,3370.92000000,3424.01000000,50182.14060000,120,120,False
1718726400000,1718733600000,3424.02000000,3436.00000000,3401.50000000,3409.00000000,32700.80440000,120,120,False
1718733600000,1718740800000,3409.00000000,3426.41000000,3386.92000000,3423.27000000,23446.25980000,120,120,False
1718740800000,1718748000000,3423.27000000,3490.00000000,3412.64000000,3473.39000000,42249.45980000,120,120,False
1718748000000,1718755200000,3473.40000000,3487.25000000,3466.42000000,3483.42000000,13296.07370000,120,120,False
1718755200000,1718762400000,3483.42000000,3547.68000000,3465.65000000,3517.80000000,56270.62820000,120,120,False
1718762400000,1718769600000,3517.80000000,3573.08000000,3517.21000000,3565.93000000,35992.82790000,120,120,False
1718769600000,1718776800000,3565.93000000,3585.00000000,3546.02000000,3550.17000000,24013.66660000,120,120,False
1718776800000,1718784000000,3550.17000000,3566.00000000,3532.96000000,3544.30000000,30291.37550000,120,120,False
1718784000000,1718791200000,3544.31000000,3548.69000000,3522.36000000,3533.90000000,28145.10840000,120,120,False
1718791200000,1718798400000,3533.90000000,3564.00000000,3518.46000000,3536.94000000,28899.61040000,120,120,False
1718798400000,1718805600000,3536.95000000,3550.61000000,3532.11000000,3540.49000000,13525.64860000,120,120,False
1718805600000,1718812800000,3540.49000000,3541.23000000,3512.20000000,3529.29000000,26205.63150000,120,120,False
1718812800000,1718820000000,3529.30000000,3590.01000000,3523.43000000,3561.80000000,32258.93490000,120,120,False
1718820000000,1718827200000,3561.81000000,3575.00000000,3534.03000000,3546.29000000,18618.83380000,120,120,False
1718827200000,1718834400000,3546.28000000,3576.69000000,3532.14000000,3569.80000000,17829.58060000,120,120,False
1718834400000,1718841600000,3569.80000000,3573.51000000,3551.83000000,3560.51000000,9448.15630000,120,120,False
1718841600000,1718848800000,3560.51000000,3594.47000000,3550.09000000,3559.41000000,25409.01290000,120,120,False
1718848800000,1718856000000,3559.41000000,3559.58000000,3533.49000000,3553.65000000,16490.11860000,120,120,False
1718856000000,1718863200000,3553.65000000,3584.79000000,3544.61000000,3581.16000000,24333.47450000,120,120,False
1718863200000,1718870400000,3581.16000000,3616.06000000,3575.00000000,3607.87000000,33014.30390000,120,120,False
1718870400000,1718877600000,3607.87000000,3611.50000000,3572.24000000,3580.72000000,25490.01240000,120,120,False
1718877600000,1718884800000,3580.73000000,3625.96000000,3575.49000000,3598.94000000,32684.36980000,120,120,False
1718884800000,1718892000000,3598.94000000,3611.81000000,3525.00000000,3531.36000000,60180.57960000,120,120,False
1718892000000,1718899200000,3531.36000000,3534.29000000,3491.46000000,3506.61000000,42963.68320000,120,120,False
1718899200000,1718906400000,3506.61000000,3524.52000000,3486.00000000,3522.93000000,28166.19650000,120,120,False
1718906400000,1718913600000,3522.93000000,3542.40000000,3514.13000000,3536.61000000,23291.79050000,120,120,False
1718913600000,1718920800000,3536.61000000,3538.91000000,3516.31000000,3516.80000000,7842.92420000,120,120,False
1718920800000,1718928000000,3516.80000000,3523.00000000,3511.00000000,3513.08000000,9251.37920000,120,120,False
1718928000000,1718935200000,3513.08000000,3529.41000000,3491.66000000,3527.80000000,17231.62810000,120,120,False
1718935200000,1718942400000,3527.80000000,3536.21000000,3495.30000000,3501.20000000,16781.45750000,120,120,False
1718942400000,1718949600000,3501.20000000,3521.74000000,3493.00000000,3518.92000000,14210.46260000,120,120,False
1718949600000,1718956800000,3518.91000000,3520.42000000,3467.00000000,3475.00000000,30812.08530000,120,120,False
1718956800000,1718964000000,3475.00000000,3532.83000000,3446.82000000,3514.50000000,64105.31940000,120,120,False
1718964000000,1718971200000,3514.49000000,3522.30000000,3490.77000000,3503.22000000,20428.10620000,120,120,False
1718971200000,1718978400000,3503.21000000,3512.72000000,3455.10000000,3476.00000000,38084.96600000,120,120,False
1718978400000,1718985600000,3476.00000000,3519.99000000,3463.65000000,3492.78000000,50945.73220000,120,120,False
1718985600000,1718992800000,3492.78000000,3510.00000000,3469.96000000,3478.74000000,36489.73770000,120,120,False
1718992800000,1719000000000,3478.73000000,3537.50000000,3476.00000000,3535.45000000,29830.32920000,120,120,False
1719000000000,1719007200000,3535.44000000,3547.55000000,3500.00000000,3517.71000000,14755.42560000,120,120,False
1719007200000,1719014400000,3517.70000000,3528.00000000,3515.14000000,3518.50000000,8479.85220000,120,120,False
1719014400000,1719021600000,3518.50000000,3521.19000000,3493.24000000,3503.02000000,10990.22650000,120,120,False
1719021600000,1719028800000,3503.02000000,3512.27000000,3501.20000000,3506.77000000,10128.48990000,120,120,False
1719028800000,1719036000000,3506.77000000,3509.47000000,3499.06000000,3509.08000000,8373.47580000,120,120,False
1719036000000,1719043200000,3509.08000000,3509.76000000,3489.73000000,3494.00000000,14333.73040000,120,120,False
1719043200000,1719050400000,3494.00000000,3495.49000000,3475.09000000,3492.62000000,12386.04100000,120,120,False
1719050400000,1719057600000,3492.61000000,3498.96000000,3489.55000000,3493.20000000,7473.59210000,120,120,False
1719057600000,1719064800000,3493.19000000,3502.30000000,3486.78000000,3501.40000000,15195.69820000,120,120,False
1719064800000,1719072000000,3501.40000000,3511.84000000,3497.25000000,3505.43000000,13077.68280000,120,120,False
1719072000000,1719079200000,3505.43000000,3508.37000000,3497.01000000,3497.71000000,6658.32260000,120,120,False
1719079200000,1719086400000,3497.71000000,3501.40000000,3485.56000000,3491.44000000,7301.42890000,120,120,False
1719086400000,1719093600000,3491.44000000,3507.86000000,3485.80000000,3506.01000000,4483.27630000,120,120,False
1719093600000,1719100800000,3506.01000000,3507.49000000,3493.29000000,3495.75000000,5372.65120000,120,120,False
1719100800000,1719108000000,3495.76000000,3512.00000000,3494.67000000,3508.41000000,7425.67470000,120,120,False
1719108000000,1719115200000,3508.41000000,3519.00000000,3504.50000000,3519.00000000,6864.20620000,120,120,False
1719115200000,1719122400000,3518.99000000,3521.45000000,3508.38000000,3509.59000000,6061.18590000,120,120,False
1719122400000,1719129600000,3509.59000000,3514.38000000,3506.63000000,3512.50000000,3701.91620000,120,120,False
1719129600000,1719136800000,3512.49000000,3513.00000000,3498.98000000,3502.51000000,9758.97290000,120,120,False
1719136800000,1719144000000,3502.52000000,3502.52000000,3488.20000000,3498.29000000,8416.43810000,120,120,False
1719144000000,1719151200000,3498.29000000,3504.62000000,3494.00000000,3498.20000000,6952.51460000,120,120,False
1719151200000,1719158400000,3498.20000000,3499.30000000,3471.82000000,3474.54000000,19538.94620000,120,120,False
1719158400000,1719165600000,3474.54000000,3482.40000000,3461.38000000,3473.32000000,13609.90020000,120,120,False
1719165600000,1719172800000,3473.32000000,3481.72000000,3472.48000000,3479.93000000,4931.13500000,120,120,False
1719172800000,1719180000000,3479.93000000,3480.12000000,3406.38000000,3434.97000000,30658.60890000,120,120,False
1719180000000,1719187200000,3434.98000000,3435.23000000,3412.60000000,3420.91000000,15491.93150000,120,120,False
1719187200000,1719194400000,3420.91000000,3435.76000000,3407.62000000,3424.39000000,27364.32770000,120,120,False
1719194400000,1719201600000,3424.40000000,3429.03000000,3387.05000000,3402.81000000,22764.17710000,120,120,False
1719201600000,1719208800000,3402.82000000,3413.56000000,3354.22000000,3371.33000000,37780.98360000,120,120,False
1719208800000,1719216000000,3371.33000000,3384.39000000,3362.20000000,3369.19000000,21112.50250000,120,120,False
1719216000000,1719223200000,3369.20000000,3394.36000000,3240.00000000,3308.60000000,119138.36850000,120,120,False
1719223200000,1719230400000,3308.60000000,3332.32000000,3305.00000000,3321.19000000,41030.95340000,120,120,False
1719230400000,1719237600000,3321.18000000,3337.07000000,3292.18000000,3324.79000000,39622.89030000,120,120,False
1719237600000,1719244800000,3324.80000000,3333.17000000,3261.72000000,3280.30000000,57038.89110000,120,120,False
1719244800000,1719252000000,3280.31000000,3303.50000000,3242.44000000,3294.39000000,65146.85500000,120,120,False
1719252000000,1719259200000,3294.40000000,3314.90000000,3262.06000000,3293.07000000,37251.57120000,120,120,False
1719259200000,1719266400000,3293.06000000,3355.30000000,3256.35000000,3351.77000000,52101.43530000,120,120,False
1719266400000,1719273600000,3351.95000000,3363.18000000,3330.13000000,3352.73000000,23017.46720000,120,120,False
1719273600000,1719280800000,3352.74000000,3360.64000000,3336.76000000,3349.41000000,13636.34810000,120,120,False
1719280800000,1719288000000,3349.42000000,3386.25000000,3338.98000000,3371.61000000,27342.22590000,120,120,False
1719288000000,1719295200000,3371.62000000,3394.92000000,3368.99000000,3375.18000000,21413.83910000,120,120,False
1719295200000,1719302400000,3375.18000000,3379.37000000,3357.01000000,3361.00000000,15720.11140000,120,120,False
1719302400000,1719309600000,3361.00000000,3394.31000000,3345.79000000,3383.17000000,18149.66440000,120,120,False
1719309600000,1719316800000,3383.16000000,3387.13000000,3363.93000000,3376.01000000,16688.00740000,120,120,False
1719316800000,1719324000000,3376.00000000,3381.59000000,3358.20000000,3367.50000000,18258.52400000,120,120,False
1719324000000,1719331200000,3367.50000000,3425.37000000,3362.66000000,3419.60000000,54164.79750000,120,120,False
1719331200000,1719338400000,3419.60000000,3424.89000000,3381.68000000,3388.79000000,17911.84800000,120,120,False
1719338400000,1719345600000,3388.79000000,3430.88000000,3384.90000000,3415.66000000,19008.53480000,120,120,False
1719345600000,1719352800000,3415.67000000,3418.84000000,3400.00000000,3401.39000000,8213.61220000,120,120,False
1719352800000,1719360000000,3401.40000000,3415.89000000,3388.88000000,3394.91000000,9528.71080000,120,120,False
1719360000000,1719367200000,3394.91000000,3422.50000000,3385.22000000,3415.95000000,12952.42110000,120,120,False
1719367200000,1719374400000,3415.95000000,3426.75000000,3387.64000000,3395.15000000,13867.09890000,120,120,False
1719374400000,1719381600000,3395.15000000,3398.00000000,3376.81000000,3388.12000000,13322.26020000,120,120,False
1719381600000,1719388800000,3388.13000000,3406.00000000,3384.11000000,3401.80000000,13346.99010000,120,120,False
1719388800000,1719396000000,3401.80000000,3402.85000000,3371.00000000,3379.00000000,19260.37290000,120,120,False
1719396000000,1719403200000,3378.99000000,3383.94000000,3366.37000000,3381.44000000,12686.00430000,120,120,False
1719403200000,1719410400000,3381.44000000,3391.00000000,3367.75000000,3388.71000000,13163.83710000,120,120,False
1719410400000,1719417600000,3388.71000000,3396.53000000,3346.00000000,3361.69000000,25107.61790000,120,120,False
1719417600000,1719424800000,3361.68000000,3372.34000000,3325.01000000,3372.06000000,27988.38530000,120,120,False
1719424800000,1719432000000,3372.06000000,3410.00000000,3354.82000000,3408.08000000,29931.59150000,120,120,False
1719432000000,1719439200000,3408.08000000,3417.43000000,3376.26000000,3390.17000000,14098.89460000,120,120,False
1719439200000,1719446400000,3390.18000000,3393.95000000,3367.15000000,3371.44000000,11223.86790000,120,120,False
1719446400000,1719453600000,3371.77000000,3382.41000000,3361.74000000,3380.20000000,9400.29100000,120,120,False
1719453600000,1719460800000,3380.20000000,3393.00000000,3367.82000000,3383.80000000,11906.66900000,120,120,False
1719460800000,1719468000000,3383.79000000,3388.41000000,3368.60000000,3369.21000000,8996.68970000,120,120,False
1719468000000,1719475200000,3369.21000000,3380.42000000,3366.05000000,3374.98000000,13099.75750000,120,120,False
1719475200000,1719482400000,3374.98000000,3405.00000000,3368.70000000,3398.85000000,20504.21990000,120,120,False
1719482400000,1719489600000,3398.85000000,3414.05000000,3392.00000000,3403.46000000,21291.33890000,120,120,False
1719489600000,1719496800000,3403.46000000,3466.69000000,3403.45000000,3461.39000000,48103.43070000,120,120,False
1719496800000,1719504000000,3461.39000000,3477.00000000,3442.58000000,3452.75000000,25797.91040000,120,120,False
1719504000000,1719511200000,3452.75000000,3464.23000000,3439.00000000,3461.84000000,10818.25140000,120,120,False
1719511200000,1719518400000,3461.84000000,3467.50000000,3445.57000000,3449.79000000,13402.72420000,120,120,False
1719518400000,1719525600000,3449.78000000,3453.11000000,3440.53000000,3448.21000000,11901.36200000,120,120,False
1719525600000,1719532800000,3448.22000000,3455.06000000,3445.66000000,3450.44000000,5819.01620000,120,120,False
1719532800000,1719540000000,3450.44000000,3487.70000000,3435.95000000,3484.23000000,19620.49220000,120,120,False
1719540000000,1719547200000,3484.23000000,3485.28000000,3445.46000000,3460.50000000,16095.73490000,120,120,False
1719547200000,1719554400000,3460.50000000,3461.07000000,3445.01000000,3448.61000000,11583.96150000,120,120,False
1719554400000,1719561600000,3448.62000000,3455.79000000,3427.01000000,3431.82000000,15382.78500000,120,120,False
1719561600000,1719568800000,3431.82000000,3443.96000000,3420.24000000,3441.36000000,15304.89840000,120,120,False
1719568800000,1719576000000,3441.35000000,3461.39000000,3438.88000000,3452.78000000,15146.00640000,120,120,False
1719576000000,1719583200000,3452.79000000,3476.73000000,3431.05000000,3445.91000000,34835.20820000,120,120,False
1719583200000,1719590400000,3446.00000000,3459.94000000,3403.06000000,3413.61000000,32708.24780000,120,120,False
1719590400000,1719597600000,3413.60000000,3416.60000000,3373.04000000,3385.40000000,28783.29800000,120,120,False
1719597600000,1719604800000,3385.40000000,3390.31000000,3365.22000000,3379.74000000,15424.77710000,120,120,False
1719604800000,1719612000000,3379.74000000,3394.15000000,3373.00000000,3383.01000000,8132.92810000,120,120,False
1719612000000,1719619200000,3383.00000000,3384.54000000,3368.73000000,3380.15000000,8616.00590000,120,120,False
1719619200000,1719626400000,3380.15000000,3399.98000000,3380.01000000,3396.18000000,10488.24270000,120,120,False
1719626400000,1719633600000,3396.18000000,3399.30000000,3384.01000000,3386.07000000,7257.73810000,120,120,False
1719633600000,1719640800000,3386.06000000,3391.16000000,3381.56000000,3385.65000000,5489.32830000,120,120,False
1719640800000,1719648000000,3385.66000000,3408.32000000,3383.40000000,3399.72000000,13463.63120000,120,120,False
1719648000000,1719655200000,3399.72000000,3400.93000000,3387.20000000,3394.79000000,7858.66080000,120,120,False
1719655200000,1719662400000,3394.80000000,3406.05000000,3393.61000000,3400.45000000,7490.14520000,120,120,False
1719662400000,1719669600000,3400.45000000,3403.20000000,3390.00000000,3393.55000000,5577.96360000,120,120,False
1719669600000,1719676800000,3393.56000000,3395.86000000,3383.00000000,3394.62000000,7374.09300000,120,120,False
1719676800000,1719684000000,3394.62000000,3396.53000000,3381.56000000,3389.25000000,4561.63660000,120,120,False
1719684000000,1719691200000,3389.26000000,3392.31000000,3376.81000000,3387.02000000,5145.69990000,120,120,False
1719691200000,1719698400000,3387.02000000,3389.71000000,3377.88000000,3389.00000000,7954.34270000,120,120,False
1719698400000,1719705600000,3389.01000000,3389.01000000,3371.86000000,3378.80000000,5668.28300000,120,120,False
1719705600000,1719712800000,3378.80000000,3389.61000000,3373.07000000,3376.15000000,9772.77170000,120,120,False
1719712800000,1719720000000,3376.16000000,3377.44000000,3352.66000000,3371.28000000,13719.20610000,120,120,False
1719720000000,1719727200000,3371.28000000,3373.00000000,3358.49000000,3367.09000000,5319.70940000,120,120,False
1719727200000,1719734400000,3367.10000000,3400.00000000,3362.00000000,3394.03000000,15370.77420000,120,120,False
1719734400000,1719741600000,3394.03000000,3399.38000000,3389.34000000,3390.13000000,8802.49730000,120,120,False
1719741600000,1719748800000,3390.13000000,3395.72000000,3386.02000000,3389.19000000,7674.59780000,120,120,False
1719748800000,1719756000000,3389.19000000,3399.66000000,3379.81000000,3396.89000000,10089.72010000,120,120,False
1719756000000,1719763200000,3396.89000000,3404.88000000,3391.73000000,3399.80000000,12458.20640000,120,120,False
1719763200000,1719770400000,3399.81000000,3421.31000000,3391.99000000,3413.39000000,13889.21890000,120,120,False
1719770400000,1719777600000,3413.40000000,3434.00000000,3408.32000000,3428.41000000,11509.18320000,120,120,False
1719777600000,1719784800000,3428.40000000,3435.00000000,3408.96000000,3413.22000000,10875.11750000,120,120,False
1719784800000,1719792000000,3413.21000000,3460.00000000,3413.21000000,3438.16000000,21740.61590000,120,120,False
1719792000000,1719799200000,3438.16000000,3520.00000000,3432.55000000,3519.40000000,42138.26470000,120,120,False
1719799200000,1719806400000,3519.40000000,3524.94000000,3494.40000000,3498.23000000,26085.23880000,120,120,False
1719806400000,1719813600000,3498.23000000,3499.73000000,3485.03000000,3490.99000000,15627.86000000,120,120,False
1719813600000,1719820800000,3490.99000000,3494.16000000,3484.44000000,3490.58000000,12797.09480000,120,120,False
1719820800000,1719828000000,3490.59000000,3495.00000000,3473.00000000,3481.74000000,21298.19100000,120,120,False
1719828000000,1719835200000,3481.74000000,3483.35000000,3457.59000000,3459.60000000,13765.56690000,120,120,False
1719835200000,1719842400000,3459.61000000,3481.27000000,3453.00000000,3460.45000000,17600.83870000,120,120,False
1719842400000,1719849600000,3460.46000000,3479.07000000,3453.71000000,3474.35000000,18967.08480000,120,120,False
1719849600000,1719856800000,3474.35000000,3493.11000000,3462.09000000,3491.03000000,16866.42930000,120,120,False
1719856800000,1719864000000,3491.03000000,3499.00000000,3467.02000000,3471.47000000,14736.94730000,120,120,False
1719864000000,1719871200000,3471.47000000,3475.91000000,3453.78000000,3459.80000000,6520.27180000,120,120,False
1719871200000,1719878400000,3459.81000000,3461.79000000,3423.78000000,3442.20000000,17869.42410000,120,120,False
1719878400000,1719885600000,3442.20000000,3449.94000000,3434.02000000,3448.60000000,8694.77990000,120,120,False
1719885600000,1719892800000,3448.60000000,3464.12000000,3445.98000000,3457.03000000,8352.15890000,120,120,False
1719892800000,1719900000000,3457.03000000,3463.95000000,3453.04000000,3458.61000000,8733.06490000,120,120,False
1719900000000,1719907200000,3458.62000000,3459.01000000,3434.17000000,3439.00000000,14116.40710000,120,120,False
1719907200000,1719914400000,3439.01000000,3451.79000000,3431.60000000,3446.20000000,11686.74410000,120,120,False
1719914400000,1719921600000,3446.21000000,3454.73000000,3441.81000000,3453.26000000,8154.23990000,120,120,False
1719921600000,1719928800000,3453.26000000,3462.50000000,3431.18000000,3438.39000000,16268.40830000,120,120,False
1719928800000,1719936000000,3438.38000000,3442.40000000,3402.00000000,3415.65000000,28692.86810000,120,120,False
1719936000000,1719943200000,3415.66000000,3424.55000000,3408.89000000,3424.54000000,9889.83200000,120,120,False
1719943200000,1719950400000,3424.55000000,3433.65000000,3412.41000000,3415.37000000,8291.10280000,120,120,False
1719950400000,1719957600000,3415.38000000,3428.58000000,3413.39000000,3420.90000000,6983.00490000,120,120,False
1719957600000,1719964800000,3420.90000000,3428.50000000,3418.44000000,3421.35000000,8070.09050000,120,120,False
1719964800000,1719972000000,3421.35000000,3432.10000000,3380.13000000,3393.99000000,20434.30510000,120,120,False
1719972000000,1719979200000,3394.15000000,3395.08000000,3331.23000000,3360.33000000,36042.49740000,120,120,False
1719979200000,1719986400000,3360.34000000,3368.65000000,3352.96000000,3368.65000000,9350.20680000,120,120,False
1719986400000,1719993600000,3368.65000000,3373.20000000,3352.20000000,3352.20000000,11176.76720000,120,120,False
1719993600000,1720000800000,3352.21000000,3356.98000000,3333.00000000,3341.44000000,26359.32470000,120,120,False
1720000800000,1720008000000,3341.44000000,3342.19000000,3281.63000000,3307.50000000,46613.40130000,120,120,False
1720008000000,1720015200000,3307.51000000,3320.00000000,3275.48000000,3317.77000000,38588.03160000,120,120,False
1720015200000,1720022400000,3317.77000000,3326.36000000,3294.02000000,3304.26000000,23187.21560000,120,120,False
1720022400000,1720029600000,3304.16000000,3322.09000000,3292.40000000,3303.16000000,18950.18450000,120,120,False
1720029600000,1720036800000,3303.15000000,3309.52000000,3254.49000000,3266.29000000,51499.19640000,120,120,False
1720036800000,1720044000000,3266.20000000,3306.17000000,3251.00000000,3298.38000000,20665.60650000,120,120,False
1720044000000,1720051200000,3298.38000000,3304.48000000,3293.77000000,3295.48000000,7541.71390000,120,120,False
1720051200000,1720058400000,3295.49000000,3313.45000000,3203.24000000,3210.60000000,58709.28530000,120,120,False
1720058400000,1720065600000,3210.59000000,3244.39000000,3155.00000000,3243.20000000,51335.85300000,120,120,False
1720065600000,1720072800000,3243.20000000,3246.28000000,3223.10000000,3224.40000000,12132.59200000,120,120,False
1720072800000,1720080000000,3224.40000000,3226.60000000,3170.22000000,3182.21000000,42129.75930000,120,120,False
1720080000000,1720087200000,3182.21000000,3195.99000000,3126.60000000,3163.17000000,62330.91400000,120,120,False
1720087200000,1720094400000,3163.17000000,3178.85000000,3132.57000000,3159.45000000,23538.10180000,120,120,False
1720094400000,1720101600000,3159.45000000,3160.80000000,3088.25000000,3126.40000000,63641.14340000,120,120,False
1720101600000,1720108800000,3126.40000000,3148.74000000,3091.00000000,3138.79000000,45243.48150000,120,120,False
1720108800000,1720116000000,3138.79000000,3146.59000000,3113.18000000,3143.61000000,26740.00980000,120,120,False
1720116000000,1720123200000,3143.60000000,3152.64000000,3126.20000000,3133.82000000,13860.76110000,120,120,False
1720123200000,1720130400000,3133.83000000,3168.35000000,3128.23000000,3163.00000000,10126.09680000,120,120,False
1720130400000,1720137600000,3163.00000000,3169.79000000,3050.34000000,3059.70000000,40614.57120000,120,120,False
1720137600000,1720144800000,3059.70000000,3110.00000000,3040.00000000,3095.78000000,64932.19040000,120,120,False
1720144800000,1720152000000,3095.66000000,3095.66000000,2890.00000000,2920.99000000,225052.10790000,120,120,False
1720152000000,1720159200000,2920.99000000,2928.47000000,2810.00000000,2901.60000000,170999.99500000,120,120,False
1720159200000,1720166400000,2901.59000000,2902.15000000,2843.76000000,2882.21000000,82999.80940000,120,120,False
1720166400000,1720173600000,2882.21000000,2888.88000000,2820.00000000,2883.60000000,76106.72650000,120,120,False
1720173600000,1720180800000,2883.60000000,2956.93000000,2873.29000000,2947.42000000,67661.86060000,120,120,False
1720180800000,1720188000000,2947.42000000,2992.74000000,2922.70000000,2971.51000000,68982.78710000,120,120,False
1720188000000,1720195200000,2971.52000000,3005.42000000,2936.65000000,2990.99000000,46183.53550000,120,120,False
1720195200000,1720202400000,2990.99000000,3001.63000000,2960.91000000,2990.67000000,38654.29870000,120,120,False
1720202400000,1720209600000,2990.68000000,2996.32000000,2958.15000000,2987.99000000,22114.39840000,120,120,False
1720209600000,1720216800000,2987.98000000,2988.19000000,2963.86000000,2978.00000000,11629.91660000,120,120,False
1720216800000,1720224000000,2978.00000000,2993.20000000,2965.96000000,2981.78000000,11676.74920000,120,120,False
1720224000000,1720231200000,2981.79000000,3026.45000000,2961.28000000,2962.40000000,27616.54190000,120,120,False
1720231200000,1720238400000,2962.41000000,2986.52000000,2955.06000000,2980.01000000,12292.46780000,120,120,False
1720238400000,1720245600000,2980.00000000,2982.58000000,2961.65000000,2971.89000000,10908.79920000,120,120,False
1720245600000,1720252800000,2971.90000000,3016.37000000,2970.52000000,3004.69000000,22115.74460000,120,120,False
1720252800000,1720260000000,3004.69000000,3016.00000000,2985.06000000,3004.31000000,34913.10520000,120,120,False
1720260000000,1720267200000,3004.31000000,3014.08000000,2998.39000000,3005.65000000,9915.68450000,120,120,False
1720267200000,1720274400000,3005.66000000,3020.00000000,2989.49000000,3007.73000000,15336.22610000,120,120,False
1720274400000,1720281600000,3007.73000000,3030.00000000,2995.32000000,3020.00000000,18221.30260000,120,120,False
1720281600000,1720288800000,3020.00000000,3065.94000000,3016.31000000,3050.72000000,27677.43020000,120,120,False
1720288800000,1720296000000,3050.73000000,3064.00000000,3045.60000000,3058.21000000,12458.38070000,120,120,False
1720296000000,1720303200000,3058.20000000,3081.78000000,3056.47000000,3057.02000000,14823.03430000,120,120,False
1720303200000,1720310400000,3057.01000000,3078.89000000,3057.01000000,3066.83000000,8209.25420000,120,120,False
1720310400000,1720317600000,3066.83000000,3068.94000000,3039.40000000,3053.36000000,13300.30070000,120,120,False
1720317600000,1720324800000,3053.35000000,3073.08000000,3041.40000000,3050.76000000,10598.69110000,120,120,False
1720324800000,1720332000000,3050.76000000,3050.77000000,3016.25000000,3030.14000000,16238.02400000,120,120,False
1720332000000,1720339200000,3030.13000000,3038.93000000,2993.51000000,3004.42000000,13747.95270000,120,120,False
1720339200000,1720346400000,3004.42000000,3019.30000000,3004.12000000,3014.99000000,11744.13300000,120,120,False
1720346400000,1720353600000,3014.99000000,3032.18000000,3008.68000000,3015.51000000,8099.82330000,120,120,False
1720353600000,1720360800000,3015.52000000,3024.05000000,2967.70000000,2973.80000000,23464.17190000,120,120,False
1720360800000,1720368000000,2973.81000000,2978.59000000,2955.12000000,2970.99000000,18346.27250000,120,120,False
1720368000000,1720375200000,2970.99000000,2999.16000000,2963.89000000,2995.18000000,10316.98110000,120,120,False
1720375200000,1720382400000,2995.17000000,3009.58000000,2981.43000000,2985.19000000,10943.60870000,120,120,False
1720382400000,1720389600000,2985.20000000,3000.72000000,2928.61000000,2959.72000000,22016.83570000,120,120,False
1720389600000,1720396800000,2959.71000000,2969.15000000,2922.24000000,2931.00000000,21075.96650000,120,120,False
1720396800000,1720404000000,2930.99000000,2951.89000000,2822.80000000,2856.94000000,84021.67000000,120,120,False
1720404000000,1720411200000,2856.94000000,2896.97000000,2840.00000000,2879.71000000,27578.68860000,120,120,False
1720411200000,1720418400000,2879.71000000,2921.51000000,2875.22000000,2917.01000000,21936.77550000,120,120,False
1720418400000,1720425600000,2917.01000000,2932.79000000,2902.16000000,2927.00000000,18580.25230000,120,120,False
1720425600000,1720432800000,2927.02000000,3097.06000000,2922.71000000,3051.02000000,81360.38540000,120,120,False
1720432800000,1720440000000,3051.02000000,3070.00000000,3007.14000000,3053.97000000,36836.02780000,120,120,False
1720440000000,1720447200000,3053.98000000,3064.71000000,3018.81000000,3038.00000000,31771.12260000,120,120,False
1720447200000,1720454400000,3038.00000000,3046.96000000,2890.00000000,2969.21000000,124255.95100000,120,120,False
1720454400000,1720461600000,2969.21000000,2993.61000000,2945.40000000,2984.77000000,24609.83650000,120,120,False
1720461600000,1720468800000,2984.78000000,3009.88000000,2974.11000000,3004.59000000,13991.78790000,120,120,False
1720468800000,1720476000000,3004.60000000,3028.60000000,2981.82000000,3026.06000000,24979.49590000,120,120,False
1720476000000,1720483200000,3026.05000000,3046.00000000,3015.20000000,3019.01000000,10523.01700000,120,120,False
1720483200000,1720490400000,3019.01000000,3076.74000000,3004.00000000,3028.92000000,29533.51120000,120,120,False
1720490400000,1720497600000,3028.93000000,3074.77000000,3013.55000000,3064.45000000,21639.24090000,120,120,False
1720497600000,1720504800000,3064.45000000,3085.76000000,3054.14000000,3068.08000000,18037.76090000,120,120,False
1720504800000,1720512000000,3068.08000000,3090.38000000,3058.19000000,3061.93000000,21871.38800000,120,120,False
1720512000000,1720519200000,3061.94000000,3115.20000000,3054.99000000,3088.16000000,28914.44760000,120,120,False
1720519200000,1720526400000,3088.16000000,3098.64000000,3063.13000000,3083.47000000,12133.99790000,120,120,False
1720526400000,1720533600000,3083.45000000,3087.51000000,3049.38000000,3068.55000000,23774.54320000,120,120,False
1720533600000,1720540800000,3068.55000000,3108.72000000,3031.06000000,3067.83000000,49221.45240000,120,120,False
1720540800000,1720548000000,3067.83000000,3089.34000000,3046.99000000,3052.03000000,36184.29240000,120,120,False
1720548000000,1720555200000,3052.04000000,3081.68000000,3047.05000000,3068.99000000,17523.50940000,120,120,False
1720555200000,1720562400000,3069.00000000,3079.20000000,3057.77000000,3060.88000000,8939.78520000,120,120,False
1720562400000,1720569600000,3060.89000000,3077.02000000,3046.32000000,3066.65000000,12584.21330000,120,120,False
1720569600000,1720576800000,3066.65000000,3069.00000000,3024.00000000,3059.04000000,19326.58560000,120,120,False
1720576800000,1720584000000,3059.05000000,3082.46000000,3049.43000000,3080.00000000,10399.85530000,120,120,False
1720584000000,1720591200000,3080.00000000,3129.89000000,3080.00000000,3102.30000000,38152.34040000,120,120,False
1720591200000,1720598400000,3102.29000000,3113.82000000,3088.12000000,3097.08000000,16595.61530000,120,120,False
1720598400000,1720605600000,3097.07000000,3099.82000000,3078.43000000,3088.22000000,13033.65120000,120,120,False
1720605600000,1720612800000,3088.33000000,3109.10000000,3081.57000000,3102.22000000,14605.56910000,120,120,False
1720612800000,1720620000000,3102.22000000,3121.95000000,3077.76000000,3106.25000000,37011.50680000,120,120,False
1720620000000,1720627200000,3106.27000000,3129.61000000,3090.00000000,3122.76000000,40637.07180000,120,120,False
1720627200000,1720634400000,3122.76000000,3151.51000000,3095.99000000,3102.80000000,38615.80790000,120,120,False
1720634400000,1720641600000,3102.79000000,3110.65000000,3090.17000000,3107.03000000,10446.76950000,120,120,False
1720641600000,1720648800000,3107.03000000,3112.10000000,3080.21000000,3096.00000000,23891.26010000,120,120,False
1720648800000,1720656000000,3096.00000000,3108.24000000,3095.60000000,3101.05000000,8111.05140000,120,120,False
1720656000000,1720663200000,3101.06000000,3130.00000000,3085.70000000,3121.79000000,13831.72770000,120,120,False
1720663200000,1720670400000,3121.79000000,3125.12000000,3054.76000000,3077.20000000,21079.61430000,120,120,False
1720670400000,1720677600000,3077.20000000,3100.00000000,3073.99000000,3098.22000000,8001.25500000,120,120,False
1720677600000,1720684800000,3098.21000000,3124.15000000,3093.79000000,3118.22000000,14669.94860000,120,120,False
1720684800000,1720692000000,3118.22000000,3146.91000000,3114.52000000,3143.79000000,18958.30450000,120,120,False
1720692000000,1720699200000,3143.80000000,3156.93000000,3132.89000000,3147.04000000,21633.19610000,120,120,False
1720699200000,1720706400000,3147.04000000,3217.24000000,3127.53000000,3180.68000000,77164.62650000,120,120,False
1720706400000,1720713600000,3180.68000000,3185.00000000,3104.52000000,3117.95000000,39791.26640000,120,120,False
1720713600000,1720720800000,3117.95000000,3141.28000000,3097.30000000,3131.19000000,20323.54550000,120,120,False
1720720800000,1720728000000,3131.19000000,3148.58000000,3106.25000000,3107.11000000,22943.64740000,120,120,False
1720728000000,1720735200000,3107.11000000,3123.70000000,3088.98000000,3109.76000000,19714.91550000,120,120,False
1720735200000,1720742400000,3109.76000000,3110.86000000,3086.00000000,3099.57000000,11117.27250000,120,120,False
1720742400000,1720749600000,3099.57000000,3117.92000000,3055.11000000,3088.51000000,18951.97640000,120,120,False
1720749600000,1720756800000,3088.32000000,3109.84000000,3081.51000000,3085.74000000,13432.21990000,120,120,False
1720756800000,1720764000000,3085.62000000,3089.87000000,3064.62000000,3082.72000000,8809.16520000,120,120,False
1720764000000,1720771200000,3082.65000000,3098.67000000,3057.87000000,3072.30000000,11421.33770000,120,120,False
1720771200000,1720778400000,3072.30000000,3086.24000000,3048.00000000,3058.47000000,18813.70520000,120,120,False
1720778400000,1720785600000,3058.48000000,3074.56000000,3045.58000000,3070.00000000,13693.18870000,120,120,False
1720785600000,1720792800000,3070.00000000,3125.42000000,3057.58000000,3119.15000000,25089.42710000,120,120,False
1720792800000,1720800000000,3119.16000000,3139.74000000,3110.30000000,3131.34000000,17543.15420000,120,120,False
1720800000000,1720807200000,3131.34000000,3157.89000000,3116.50000000,3143.30000000,18291.67870000,120,120,False
1720807200000,1720814400000,3143.30000000,3153.87000000,3112.47000000,3116.10000000,14390.55230000,120,120,False
1720814400000,1720821600000,3116.10000000,3127.64000000,3090.00000000,3119.56000000,18419.90460000,120,120,False
1720821600000,1720828800000,3119.44000000,3135.40000000,3116.84000000,3133.88000000,6888.87250000,120,120,False
1720828800000,1720836000000,3133.89000000,3140.40000000,3126.26000000,3129.65000000,5669.83900000,120,120,False
1720836000000,1720843200000,3129.65000000,3130.32000000,3120.30000000,3120.94000000,8375.92960000,120,120,False
1720843200000,1720850400000,3120.95000000,3139.06000000,3113.37000000,3133.61000000,8366.00350000,120,120,False
1720850400000,1720857600000,3133.62000000,3142.62000000,3130.59000000,3140.21000000,7222.56400000,120,120,False
1720857600000,1720864800000,3140.20000000,3171.00000000,3128.99000000,3166.00000000,17551.28810000,120,120,False
1720864800000,1720872000000,3165.99000000,3169.23000000,3149.50000000,3156.84000000,11155.44680000,120,120,False
1720872000000,1720879200000,3156.84000000,3165.67000000,3146.87000000,3154.28000000,9022.69690000,120,120,False
1720879200000,1720886400000,3154.28000000,3160.66000000,3140.94000000,3154.87000000,9740.37070000,120,120,False
1720886400000,1720893600000,3154.86000000,3162.73000000,3146.85000000,3156.57000000,6692.78940000,120,120,False
1720893600000,1720900800000,3156.58000000,3165.32000000,3148.15000000,3163.75000000,5043.68320000,120,120,False
1720900800000,1720908000000,3163.75000000,3168.42000000,3159.18000000,3165.40000000,3909.30930000,120,120,False
1720908000000,1720915200000,3165.39000000,3201.80000000,3144.26000000,3175.93000000,26552.55640000,120,120,False
1720915200000,1720922400000,3175.93000000,3193.61000000,3172.89000000,3186.69000000,15124.70290000,120,120,False
1720922400000,1720929600000,3186.69000000,3188.49000000,3163.67000000,3172.75000000,8064.65840000,120,120,False
1720929600000,1720936800000,3172.74000000,3206.70000000,3171.22000000,3201.24000000,20760.43790000,120,120,False
1720936800000,1720944000000,3201.24000000,3204.56000000,3186.85000000,3195.40000000,10743.46410000,120,120,False
1720944000000,1720951200000,3195.40000000,3225.13000000,3195.40000000,3212.97000000,17095.87600000,120,120,False
1720951200000,1720958400000,3212.98000000,3217.20000000,3197.00000000,3202.84000000,12320.05540000,120,120,False
1720958400000,1720965600000,3202.85000000,3203.82000000,3183.23000000,3184.05000000,11545.49150000,120,120,False
1720965600000,1720972800000,3184.06000000,3204.48000000,3173.68000000,3190.48000000,13163.81390000,120,120,False
1720972800000,1720980000000,3190.47000000,3197.90000000,3183.99000000,3190.28000000,9166.19840000,120,120,False
1720980000000,1720987200000,3190.28000000,3191.83000000,3183.31000000,3190.90000000,6005.80070000,120,120,False
1720987200000,1720994400000,3190.90000000,3255.50000000,3190.24000000,3254.42000000,19906.28780000,120,120,False
1720994400000,1721001600000,3254.42000000,3268.72000000,3238.68000000,3245.08000000,21533.98460000,120,120,False
1721001600000,1721008800000,3245.20000000,3300.00000000,3233.22000000,3273.20000000,25656.05720000,120,120,False
1721008800000,1721016000000,3273.19000000,3342.19000000,3268.01000000,3329.37000000,36511.71340000,120,120,False
1721016000000,1721023200000,3329.37000000,3346.34000000,3320.78000000,3335.05000000,21297.80970000,120,120,False
1721023200000,1721030400000,3335.06000000,3369.42000000,3331.27000000,3355.95000000,30747.71610000,120,120,False
1721030400000,1721037600000,3355.96000000,3373.00000000,3339.84000000,3348.66000000,21981.42330000,120,120,False
1721037600000,1721044800000,3348.64000000,3352.00000000,3328.00000000,3339.68000000,13920.87540000,120,120,False
1721044800000,1721052000000,3339.68000000,3361.81000000,3333.33000000,3356.78000000,14488.43140000,120,120,False
1721052000000,1721059200000,3356.78000000,3393.69000000,3344.32000000,3367.83000000,26896.39860000,120,120,False
1721059200000,1721066400000,3367.82000000,3404.66000000,3358.21000000,3383.00000000,25805.02550000,120,120,False
1721066400000,1721073600000,3383.01000000,3431.92000000,3375.88000000,3406.00000000,38964.26470000,120,120,False
1721073600000,1721080800000,3406.00000000,3445.60000000,3403.21000000,3420.41000000,21755.42690000,120,120,False
1721080800000,1721088000000,3420.41000000,3493.63000000,3420.10000000,3483.39000000,36271.70300000,120,120,False
1721088000000,1721095200000,3483.20000000,3498.59000000,3461.95000000,3479.09000000,23845.33340000,120,120,False
1721095200000,1721102400000,3479.09000000,3480.00000000,3453.96000000,3469.51000000,19344.94570000,120,120,False
1721102400000,1721109600000,3469.51000000,3478.52000000,3403.57000000,3415.96000000,35897.36600000,120,120,False
1721109600000,1721116800000,3415.97000000,3434.77000000,3372.20000000,3376.80000000,49487.96850000,120,120,False
1721116800000,1721124000000,3376.80000000,3400.00000000,3346.55000000,3394.63000000,31950.88500000,120,120,False
1721124000000,1721131200000,3394.63000000,3425.00000000,3388.64000000,3419.79000000,20780.31170000,120,120,False
1721131200000,1721138400000,3419.78000000,3432.46000000,3392.86000000,3396.25000000,25676.52430000,120,120,False
1721138400000,1721145600000,3396.25000000,3484.73000000,3375.60000000,3476.25000000,47247.73190000,120,120,False
1721145600000,1721152800000,3476.21000000,3494.38000000,3441.61000000,3458.84000000,43479.96170000,120,120,False
1721152800000,1721160000000,3458.85000000,3484.66000000,3449.39000000,3474.40000000,31873.63440000,120,120,False
1721160000000,1721167200000,3474.40000000,3475.00000000,3425.13000000,3436.52000000,20383.72310000,120,120,False
1721167200000,1721174400000,3436.51000000,3460.20000000,3414.31000000,3444.13000000,26160.40120000,120,120,False
1721174400000,1721181600000,3444.14000000,3517.00000000,3441.86000000,3482.34000000,40374.54020000,120,120,False
1721181600000,1721188800000,3482.33000000,3493.28000000,3464.67000000,3480.25000000,22812.97850000,120,120,False
1721188800000,1721196000000,3480.25000000,3514.54000000,3471.99000000,3498.41000000,23175.52080000,120,120,False
1721196000000,1721203200000,3498.38000000,3508.40000000,3479.42000000,3486.22000000,21161.85580000,120,120,False
1721203200000,1721210400000,3486.23000000,3500.00000000,3463.41000000,3491.68000000,27032.01090000,120,120,False
1721210400000,1721217600000,3491.68000000,3491.68000000,3440.96000000,3449.03000000,29735.51450000,120,120,False
1721217600000,1721224800000,3449.03000000,3475.50000000,3437.69000000,3467.80000000,24633.57110000,120,120,False
1721224800000,1721232000000,3467.81000000,3473.03000000,3432.49000000,3437.17000000,28065.05240000,120,120,False
1721232000000,1721239200000,3437.18000000,3438.92000000,3376.00000000,3408.49000000,41722.83660000,120,120,False
1721239200000,1721246400000,3408.49000000,3427.64000000,3405.71000000,3416.79000000,14271.32760000,120,120,False
1721246400000,1721253600000,3416.79000000,3428.40000000,3389.78000000,3412.39000000,14217.18920000,120,120,False
1721253600000,1721260800000,3412.39000000,3415.77000000,3385.50000000,3387.05000000,10610.11860000,120,120,False
1721260800000,1721268000000,3387.05000000,3425.36000000,3383.43000000,3422.22000000,15661.08430000,120,120,False
1721268000000,1721275200000,3422.23000000,3441.49000000,3394.50000000,3431.40000000,21621.09840000,120,120,False
1721275200000,1721282400000,3431.40000000,3433.03000000,3408.95000000,3423.38000000,14551.28260000,120,120,False
1721282400000,1721289600000,3423.39000000,3454.08000000,3419.00000000,3433.00000000,15771.89940000,120,120,False
1721289600000,1721296800000,3433.00000000,3461.01000000,3431.34000000,3451.66000000,19483.87600000,120,120,False
1721296800000,1721304000000,3451.67000000,3459.52000000,3435.04000000,3458.83000000,16746.54390000,120,120,False
1721304000000,1721311200000,3458.83000000,3489.98000000,3453.89000000,3467.39000000,28332.45040000,120,120,False
1721311200000,1721318400000,3467.38000000,3477.46000000,3385.01000000,3389.28000000,42907.59160000,120,120,False
1721318400000,1721325600000,3389.29000000,3424.24000000,3367.20000000,3399.21000000,33658.80810000,120,120,False
1721325600000,1721332800000,3399.21000000,3412.73000000,3385.50000000,3405.60000000,18177.56290000,120,120,False
1721332800000,1721340000000,3405.59000000,3422.54000000,3397.44000000,3421.76000000,6068.04130000,120,120,False
1721340000000,1721347200000,3421.77000000,3437.30000000,3420.59000000,3426.50000000,8970.10680000,120,120,False
1721347200000,1721354400000,3426.49000000,3428.75000000,3384.04000000,3414.87000000,14332.48470000,120,120,False
1721354400000,1721361600000,3414.87000000,3432.92000000,3401.05000000,3429.59000000,16669.51550000,120,120,False
1721361600000,1721368800000,3429.59000000,3434.40000000,3416.51000000,3424.20000000,9422.89770000,120,120,False
1721368800000,1721376000000,3424.19000000,3450.50000000,3386.69000000,3391.59000000,30664.17400000,120,120,False
1721376000000,1721383200000,3391.59000000,3410.77000000,3377.00000000,3387.75000000,22268.81450000,120,120,False
1721383200000,1721390400000,3387.75000000,3412.00000000,3380.85000000,3404.54000000,14392.79970000,120,120,False
1721390400000,1721397600000,3404.55000000,3446.42000000,3395.99000000,3437.36000000,26643.51220000,120,120,False
1721397600000,1721404800000,3437.36000000,3474.99000000,3430.66000000,3465.00000000,49736.44930000,120,120,False
1721404800000,1721412000000,3465.00000000,3514.70000000,3464.99000000,3500.62000000,51042.62490000,120,120,False
1721412000000,1721419200000,3500.61000000,3540.27000000,3491.52000000,3522.97000000,31166.94300000,120,120,False
1721419200000,1721426400000,3522.98000000,3525.96000000,3492.54000000,3511.53000000,23555.13050000,120,120,False
1721426400000,1721433600000,3511.53000000,3519.57000000,3499.29000000,3503.53000000,9616.29620000,120,120,False
1721433600000,1721440800000,3503.53000000,3508.49000000,3480.00000000,3484.43000000,14420.23930000,120,120,False
1721440800000,1721448000000,3484.43000000,3502.40000000,3481.00000000,3495.01000000,10874.55570000,120,120,False
1721448000000,1721455200000,3495.01000000,3508.18000000,3491.95000000,3501.61000000,8289.93010000,120,120,False
1721455200000,1721462400000,3501.62000000,3504.64000000,3487.39000000,3487.40000000,16092.00590000,120,120,False
1721462400000,1721469600000,3487.39000000,3494.59000000,3480.50000000,3484.40000000,10938.66400000,120,120,False
1721469600000,1721476800000,3484.41000000,3491.90000000,3480.77000000,3484.81000000,8791.24410000,120,120,False
1721476800000,1721484000000,3484.81000000,3498.20000000,3481.20000000,3490.68000000,11579.04270000,120,120,False
1721484000000,1721491200000,3490.69000000,3507.84000000,3488.81000000,3503.72000000,12559.43490000,120,120,False
1721491200000,1721498400000,3503.71000000,3539.65000000,3490.53000000,3527.16000000,27741.08110000,120,120,False
1721498400000,1721505600000,3527.17000000,3538.00000000,3508.81000000,3514.45000000,13199.52770000,120,120,False
1721505600000,1721512800000,3514.44000000,3526.22000000,3500.20000000,3515.09000000,6572.43710000,120,120,False
1721512800000,1721520000000,3515.09000000,3522.78000000,3508.00000000,3517.50000000,6452.65390000,120,120,False
1721520000000,1721527200000,3517.50000000,3528.80000000,3503.70000000,3515.99000000,8366.04550000,120,120,False
1721527200000,1721534400000,3515.98000000,3522.45000000,3510.23000000,3510.47000000,5241.88920000,120,120,False
1721534400000,1721541600000,3510.47000000,3513.60000000,3494.00000000,3501.00000000,6446.32160000,120,120,False
1721541600000,1721548800000,3500.99000000,3503.74000000,3476.60000000,3485.01000000,15960.85580000,120,120,False
1721548800000,1721556000000,3485.00000000,3503.72000000,3483.80000000,3501.10000000,8825.47980000,120,120,False
1721556000000,1721563200000,3501.10000000,3507.21000000,3490.35000000,3498.79000000,6598.14540000,120,120,False
1721563200000,1721570400000,3498.79000000,3503.99000000,3482.47000000,3491.09000000,8002.00180000,120,120,False
1721570400000,1721577600000,3491.09000000,3517.10000000,3484.00000000,3499.95000000,18304.50270000,120,120,False
1721577600000,1721584800000,3499.95000000,3526.12000000,3450.10000000,3468.60000000,35516.08790000,120,120,False
1721584800000,1721592000000,3468.61000000,3497.64000000,3411.40000000,3490.72000000,54828.30800000,120,120,False
1721592000000,1721599200000,3490.72000000,3523.73000000,3482.60000000,3520.40000000,29306.33640000,120,120,False
1721599200000,1721606400000,3520.39000000,3547.00000000,3518.88000000,3535.92000000,21494.99150000,120,120,False
1721606400000,1721613600000,3535.93000000,3562.82000000,3522.67000000,3527.59000000,22109.41480000,120,120,False
1721613600000,1721620800000,3527.59000000,3540.00000000,3515.27000000,3517.33000000,12399.34040000,120,120,False
1721620800000,1721628000000,3517.34000000,3523.58000000,3485.00000000,3495.79000000,16807.91150000,120,120,False
1721628000000,1721635200000,3495.79000000,3500.84000000,3459.60000000,3478.89000000,20103.29920000,120,120,False
1721635200000,1721642400000,3478.90000000,3493.09000000,3469.00000000,3493.09000000,12620.26960000,120,120,False
1721642400000,1721649600000,3493.10000000,3503.85000000,3486.06000000,3500.31000000,7722.77060000,120,120,False
1721649600000,1721656800000,3500.30000000,3507.35000000,3462.67000000,3466.99000000,20744.10820000,120,120,False
1721656800000,1721664000000,3466.99000000,3477.77000000,3435.60000000,3457.15000000,30744.67820000,120,120,False
1721664000000,1721671200000,3457.15000000,3471.60000000,3444.86000000,3470.59000000,13576.13150000,120,120,False
1721671200000,1721678400000,3470.60000000,3498.63000000,3463.93000000,3498.14000000,12991.12830000,120,120,False
1721678400000,1721685600000,3498.18000000,3499.53000000,3446.08000000,3461.51000000,20431.66970000,120,120,False
1721685600000,1721692800000,3461.52000000,3462.52000000,3422.34000000,3439.60000000,17608.78230000,120,120,False
1721692800000,1721700000000,3439.61000000,3490.14000000,3435.43000000,3481.01000000,27297.77940000,120,120,False
1721700000000,1721707200000,3481.01000000,3489.99000000,3468.49000000,3474.99000000,16404.28610000,120,120,False
1721707200000,1721714400000,3474.99000000,3483.45000000,3425.00000000,3441.67000000,27841.53540000,120,120,False
1721714400000,1721721600000,3441.67000000,3461.80000000,3432.42000000,3454.84000000,23204.23400000,120,120,False
1721721600000,1721728800000,3454.85000000,3541.00000000,3452.09000000,3521.99000000,71236.19730000,120,120,False
1721728800000,1721736000000,3522.00000000,3529.00000000,3481.01000000,3516.00000000,35361.16700000,120,120,False
1721736000000,1721743200000,3516.01000000,3518.80000000,3429.59000000,3440.26000000,64375.10570000,120,120,False
1721743200000,1721750400000,3440.27000000,3496.67000000,3437.00000000,3454.38000000,60732.65710000,120,120,False
1721750400000,1721757600000,3454.38000000,3469.44000000,3389.00000000,3427.97000000,61730.85240000,120,120,False
1721757600000,1721764800000,3427.96000000,3496.49000000,3418.89000000,3457.03000000,47314.44840000,120,120,False
1721764800000,1721772000000,3457.03000000,3490.34000000,3454.94000000,3467.25000000,25849.77200000,120,120,False
1721772000000,1721779200000,3467.24000000,3500.00000000,3456.90000000,3482.51000000,39220.74630000,120,120,False
1721779200000,1721786400000,3482.51000000,3487.82000000,3436.85000000,3443.61000000,31427.09630000,120,120,False
1721786400000,1721793600000,3443.61000000,3459.96000000,3427.40000000,3448.36000000,20180.49660000,120,120,False
1721793600000,1721800800000,3448.36000000,3449.58000000,3429.61000000,3441.68000000,12634.97620000,120,120,False
1721800800000,1721808000000,3441.68000000,3451.74000000,3437.09000000,3446.69000000,9992.16390000,120,120,False
1721808000000,1721815200000,3446.69000000,3462.61000000,3443.17000000,3459.96000000,16821.21920000,120,120,False
1721815200000,1721822400000,3459.96000000,3472.33000000,3457.68000000,3459.63000000,11973.87470000,120,120,False
1721822400000,1721829600000,3459.63000000,3471.54000000,3438.55000000,3441.02000000,19975.76600000,120,120,False
1721829600000,1721836800000,3441.02000000,3459.00000000,3409.01000000,3414.87000000,40560.30560000,120,120,False
1721836800000,1721844000000,3414.87000000,3432.40000000,3401.53000000,3418.02000000,14192.87490000,120,120,False
1721844000000,1721851200000,3418.05000000,3424.66000000,3357.40000000,3363.00000000,32711.42730000,120,120,False
1721851200000,1721858400000,3362.99000000,3376.48000000,3300.00000000,3336.47000000,41003.63820000,120,120,False
1721858400000,1721865600000,3336.47000000,3339.09000000,3311.63000000,3335.81000000,24005.21170000,120,120,False
1721865600000,1721872800000,3335.82000000,3342.50000000,3182.84000000,3215.24000000,110895.79650000,120,120,False
1721872800000,1721880000000,3215.24000000,3215.24000000,3153.04000000,3168.30000000,51252.19440000,120,120,False
1721880000000,1721887200000,3168.31000000,3194.65000000,3130.00000000,3183.16000000,42472.14700000,120,120,False
1721887200000,1721894400000,3183.17000000,3185.45000000,3160.69000000,3171.84000000,28829.21740000,120,120,False
1721894400000,1721901600000,3171.84000000,3187.80000000,3152.89000000,3175.56000000,23233.78890000,120,120,False
1721901600000,1721908800000,3175.57000000,3180.48000000,3155.00000000,3172.50000000,23616.37570000,120,120,False
1721908800000,1721916000000,3172.49000000,3183.79000000,3130.00000000,3155.01000000,37865.54340000,120,120,False
1721916000000,1721923200000,3155.01000000,3178.17000000,3105.35000000,3142.28000000,55000.91890000,120,120,False
1721923200000,1721930400000,3142.28000000,3172.75000000,3133.33000000,3166.17000000,21951.44150000,120,120,False
1721930400000,1721937600000,3166.18000000,3171.75000000,3100.90000000,3123.88000000,34772.05900000,120,120,False
1721937600000,1721944800000,3123.88000000,3198.50000000,3087.53000000,3177.60000000,45109.00990000,120,120,False
1721944800000,1721952000000,3177.60000000,3187.50000000,3162.06000000,3175.48000000,19284.14720000,120,120,False
1721952000000,1721959200000,3175.47000000,3208.54000000,3171.00000000,3185.59000000,26784.41750000,120,120,False
1721959200000,1721966400000,3185.59000000,3259.89000000,3185.44000000,3236.21000000,44773.62070000,120,120,False
1721966400000,1721973600000,3236.21000000,3269.99000000,3233.01000000,3269.16000000,23640.76640000,120,120,False
1721973600000,1721980800000,3269.16000000,3276.00000000,3246.89000000,3251.00000000,30204.54210000,120,120,False
1721980800000,1721988000000,3251.00000000,3263.76000000,3250.00000000,3250.79000000,17058.93110000,120,120,False
1721988000000,1721995200000,3250.79000000,3254.40000000,3234.43000000,3246.86000000,17684.73510000,120,120,False
1721995200000,1722002400000,3246.87000000,3255.28000000,3230.00000000,3249.54000000,21861.39760000,120,120,False
1722002400000,1722009600000,3249.53000000,3271.14000000,3221.43000000,3255.02000000,34110.54970000,120,120,False
1722009600000,1722016800000,3255.02000000,3262.92000000,3242.62000000,3247.64000000,12274.92350000,120,120,False
1722016800000,1722024000000,3247.64000000,3285.61000000,3246.54000000,3274.19000000,12793.77640000,120,120,False
1722024000000,1722031200000,3274.20000000,3274.72000000,3251.24000000,3265.19000000,11806.18650000,120,120,False
1722031200000,1722038400000,3265.20000000,3286.36000000,3262.83000000,3274.61000000,7243.61750000,120,120,False
1722038400000,1722045600000,3274.60000000,3275.06000000,3245.03000000,3247.16000000,10168.42210000,120,120,False
1722045600000,1722052800000,3247.15000000,3260.73000000,3241.31000000,3245.00000000,13235.10020000,120,120,False
1722052800000,1722060000000,3245.00000000,3260.35000000,3243.96000000,3254.71000000,7503.20420000,120,120,False
1722060000000,1722067200000,3254.72000000,3277.80000000,3254.28000000,3272.31000000,9192.36140000,120,120,False
1722067200000,1722074400000,3272.31000000,3282.98000000,3262.92000000,3276.40000000,9352.57470000,120,120,False
1722074400000,1722081600000,3276.40000000,3279.53000000,3263.99000000,3278.41000000,9131.93620000,120,120,False
1722081600000,1722088800000,3278.41000000,3327.59000000,3278.15000000,3317.59000000,29618.99810000,120,120,False
1722088800000,1722096000000,3317.60000000,3324.21000000,3269.68000000,3280.97000000,27853.83150000,120,120,False
1722096000000,1722103200000,3280.97000000,3291.81000000,3257.00000000,3260.75000000,17202.88410000,120,120,False
1722103200000,1722110400000,3260.74000000,3274.35000000,3227.09000000,3261.00000000,27208.07550000,120,120,False
1722110400000,1722117600000,3261.00000000,3294.50000000,3191.01000000,3283.70000000,61053.98290000,120,120,False
1722117600000,1722124800000,3283.80000000,3289.10000000,3246.37000000,3249.01000000,10470.53280000,120,120,False
1722124800000,1722132000000,3249.00000000,3256.36000000,3225.73000000,3247.56000000,12572.36160000,120,120,False
1722132000000,1722139200000,3247.57000000,3252.00000000,3237.70000000,3237.70000000,5907.26270000,120,120,False
1722139200000,1722146400000,3237.71000000,3244.30000000,3198.11000000,3218.80000000,14211.79650000,120,120,False
1722146400000,1722153600000,3218.80000000,3232.00000000,3214.60000000,3227.69000000,8360.01750000,120,120,False
1722153600000,1722160800000,3227.69000000,3238.40000000,3215.87000000,3235.15000000,6598.27790000,120,120,False
1722160800000,1722168000000,3235.15000000,3265.72000000,3233.05000000,3256.46000000,11914.23540000,120,120,False
1722168000000,1722175200000,3256.46000000,3279.93000000,3254.31000000,3274.66000000,10315.68070000,120,120,False
1722175200000,1722182400000,3274.66000000,3275.78000000,3259.06000000,3268.61000000,10107.66600000,120,120,False
1722182400000,1722189600000,3268.61000000,3275.00000000,3262.20000000,3271.53000000,4845.87270000,120,120,False
1722189600000,1722196800000,3271.53000000,3284.30000000,3267.51000000,3271.85000000,8135.86910000,120,120,False
1722196800000,1722204000000,3271.85000000,3273.78000000,3251.08000000,3263.65000000,5234.21180000,120,120,False
1722204000000,1722211200000,3263.66000000,3273.47000000,3252.03000000,3270.16000000,5326.58100000,120,120,False
1722211200000,1722218400000,3270.16000000,3306.50000000,3267.17000000,3278.00000000,19734.05940000,120,120,False
1722218400000,1722225600000,3278.00000000,3356.70000000,3277.36000000,3348.98000000,36594.88080000,120,120,False
1722225600000,1722232800000,3348.98000000,3374.00000000,3339.86000000,3367.72000000,22730.30820000,120,120,False
1722232800000,1722240000000,3367.72000000,3389.00000000,3363.66000000,3366.91000000,24820.26840000,120,120,False
1722240000000,1722247200000,3366.90000000,3396.12000000,3361.82000000,3395.00000000,19912.86890000,120,120,False
1722247200000,1722254400000,3394.99000000,3396.77000000,3374.14000000,3375.00000000,13384.40350000,120,120,False
1722254400000,1722261600000,3375.01000000,3386.80000000,3345.01000000,3348.09000000,28174.11550000,120,120,False
1722261600000,1722268800000,3348.08000000,3351.16000000,3290.00000000,3308.67000000,41661.11880000,120,120,False
1722268800000,1722276000000,3308.66000000,3321.03000000,3258.00000000,3313.46000000,49461.03710000,120,120,False
1722276000000,1722283200000,3313.46000000,3324.19000000,3302.71000000,3311.02000000,19368.50480000,120,120,False
1722283200000,1722290400000,3311.03000000,3350.01000000,3309.23000000,3346.14000000,18194.69700000,120,120,False
1722290400000,1722297600000,3346.14000000,3353.38000000,3313.00000000,3317.66000000,24435.24310000,120,120,False
1722297600000,1722304800000,3317.66000000,3337.94000000,3282.30000000,3300.61000000,27875.15540000,120,120,False
1722304800000,1722312000000,3300.60000000,3324.00000000,3284.26000000,3321.00000000,13873.43080000,120,120,False
1722312000000,1722319200000,3321.00000000,3321.10000000,3298.12000000,3310.80000000,9436.09270000,120,120,False
1722319200000,1722326400000,3310.81000000,3353.41000000,3308.40000000,3340.90000000,16946.92740000,120,120,False
1722326400000,1722333600000,3340.90000000,3355.50000000,3329.00000000,3335.82000000,12056.60630000,120,120,False
1722333600000,1722340800000,3335.81000000,3342.92000000,3327.09000000,3334.65000000,10885.37220000,120,120,False
1722340800000,1722348000000,3334.66000000,3366.40000000,3322.53000000,3329.80000000,16953.02030000,120,120,False
1722348000000,1722355200000,3329.79000000,3333.62000000,3291.60000000,3321.00000000,23124.51400000,120,120,False
1722355200000,1722362400000,3321.00000000,3327.42000000,3285.71000000,3294.43000000,14554.43730000,120,120,False
1722362400000,1722369600000,3294.43000000,3297.41000000,3260.00000000,3272.79000000,22972.69310000,120,120,False
1722369600000,1722376800000,3272.79000000,3285.00000000,3233.18000000,3281.07000000,21051.16640000,120,120,False
1722376800000,1722384000000,3281.08000000,3285.23000000,3268.36000000,3279.21000000,7547.74820000,120,120,False
1722384000000,1722391200000,3279.20000000,3288.48000000,3262.04000000,3283.58000000,9236.46870000,120,120,False
1722391200000,1722398400000,3283.58000000,3304.89000000,3280.88000000,3294.01000000,10159.72120000,120,120,False
1722398400000,1722405600000,3294.01000000,3307.34000000,3262.49000000,3301.18000000,15974.12820000,120,120,False
1722405600000,1722412800000,3301.17000000,3332.04000000,3298.26000000,3317.50000000,25463.51650000,120,120,False
1722412800000,1722420000000,3317.49000000,3326.98000000,3309.76000000,3318.85000000,10128.03130000,120,120,False
1722420000000,1722427200000,3318.86000000,3323.41000000,3306.81000000,3322.87000000,11851.57640000,120,120,False
1722427200000,1722434400000,3322.88000000,3350.00000000,3315.00000000,3331.60000000,22277.94000000,120,120,False
1722434400000,1722441600000,3331.60000000,3340.55000000,3297.85000000,3302.36000000,30930.31540000,120,120,False
1722441600000,1722448800000,3302.35000000,3326.79000000,3282.76000000,3315.40000000,15467.86530000,120,120,False
1722448800000,1722456000000,3315.40000000,3324.38000000,3245.00000000,3266.19000000,36103.57590000,120,120,False
1722456000000,1722463200000,3266.19000000,3271.87000000,3213.75000000,3238.89000000,35686.70200000,120,120,False
1722463200000,1722470400000,3238.90000000,3244.96000000,3214.79000000,3232.74000000,10431.49430000,120,120,False
1722470400000,1722477600000,3232.74000000,3242.57000000,3189.93000000,3211.81000000,28882.77740000,120,120,False
1722477600000,1722484800000,3211.81000000,3214.93000000,3171.65000000,3178.22000000,24507.77020000,120,120,False
1722484800000,1722492000000,3178.22000000,3189.80000000,3136.47000000,3185.32000000,35326.83100000,120,120,False
1722492000000,1722499200000,3185.32000000,3185.32000000,3163.57000000,3166.81000000,14045.41980000,120,120,False
1722499200000,1722506400000,3166.82000000,3194.23000000,3165.52000000,3179.96000000,12598.90950000,120,120,False
1722506400000,1722513600000,3179.96000000,3193.88000000,3176.24000000,3188.39000000,10840.95020000,120,120,False
1722513600000,1722520800000,3188.39000000,3207.00000000,3173.76000000,3183.01000000,23381.44450000,120,120,False
1722520800000,1722528000000,3183.00000000,3187.39000000,3102.40000000,3117.18000000,52474.73460000,120,120,False
1722528000000,1722535200000,3117.18000000,3123.86000000,3090.48000000,3119.81000000,46588.64300000,120,120,False
1722535200000,1722542400000,3119.81000000,3136.00000000,3080.02000000,3131.64000000,27323.98090000,120,120,False
1722542400000,1722549600000,3131.64000000,3185.38000000,3121.73000000,3176.57000000,27964.00300000,120,120,False
1722549600000,1722556800000,3176.57000000,3219.34000000,3173.58000000,3203.40000000,19350.14640000,120,120,False
1722556800000,1722564000000,3203.40000000,3218.60000000,3167.87000000,3173.20000000,16924.02620000,120,120,False
1722564000000,1722571200000,3173.20000000,3183.80000000,3136.41000000,3168.27000000,17936.93590000,120,120,False
1722571200000,1722578400000,3168.28000000,3175.52000000,3142.52000000,3148.80000000,11474.48160000,120,120,False
1722578400000,1722585600000,3148.80000000,3164.93000000,3127.00000000,3147.42000000,18463.27540000,120,120,False
1722585600000,1722592800000,3147.41000000,3162.64000000,3134.26000000,3152.55000000,14960.44650000,120,120,False
1722592800000,1722600000000,3152.55000000,3166.95000000,3144.91000000,3153.73000000,14693.20860000,120,120,False
1722600000000,1722607200000,3153.73000000,3182.80000000,3116.00000000,3160.64000000,41942.18060000,120,120,False
1722607200000,1722614400000,3160.65000000,3166.48000000,2985.13000000,3038.99000000,131970.23310000,120,120,False
1722614400000,1722621600000,3039.00000000,3048.59000000,3016.49000000,3025.48000000,28262.36960000,120,120,False
1722621600000,1722628800000,3025.49000000,3034.51000000,2995.00000000,3011.64000000,26779.61580000,120,120,False
1722628800000,1722636000000,3011.64000000,3041.91000000,2967.00000000,3003.79000000,42550.11170000,120,120,False
1722636000000,1722643200000,3003.79000000,3009.37000000,2970.01000000,2989.61000000,19747.15450000,120,120,False
1722643200000,1722650400000,2989.61000000,3003.53000000,2913.56000000,2956.76000000,49514.56800000,120,120,False
1722650400000,1722657600000,2956.77000000,2983.72000000,2954.38000000,2982.50000000,18583.21610000,120,120,False
1722657600000,1722664800000,2982.49000000,2982.96000000,2961.04000000,2975.50000000,12151.65350000,120,120,False
1722664800000,1722672000000,2975.50000000,2996.63000000,2974.02000000,2983.90000000,14892.31750000,120,120,False
1722672000000,1722679200000,2983.81000000,2990.33000000,2974.50000000,2990.19000000,16492.64470000,120,120,False
1722679200000,1722686400000,2990.19000000,3006.64000000,2986.60000000,2997.21000000,14275.77680000,120,120,False
1722686400000,1722693600000,2997.20000000,3018.02000000,2995.34000000,3007.39000000,14822.78970000,120,120,False
1722693600000,1722700800000,3007.39000000,3014.31000000,2938.88000000,2942.40000000,24180.92250000,120,120,False
1722700800000,1722708000000,2942.40000000,2955.39000000,2900.00000000,2902.83000000,67494.68920000,120,120,False
1722708000000,1722715200000,2902.84000000,2928.07000000,2878.00000000,2893.53000000,52460.71170000,120,120,False
1722715200000,1722722400000,2893.53000000,2920.63000000,2859.00000000,2912.99000000,41247.75470000,120,120,False
1722722400000,1722729600000,2913.00000000,2922.41000000,2895.35000000,2903.64000000,18478.27130000,120,120,False
1722729600000,1722736800000,2903.65000000,2918.74000000,2876.22000000,2907.27000000,18583.86020000,120,120,False
1722736800000,1722744000000,2907.27000000,2935.46000000,2905.50000000,2915.78000000,13627.40680000,120,120,False
1722744000000,1722751200000,2915.79000000,2919.37000000,2900.03000000,2915.36000000,10655.27470000,120,120,False
1722751200000,1722758400000,2915.35000000,2922.00000000,2888.00000000,2893.24000000,14625.95570000,120,120,False
1722758400000,1722765600000,2893.24000000,2916.00000000,2876.93000000,2912.54000000,13221.33040000,120,120,False
1722765600000,1722772800000,2912.54000000,2925.00000000,2905.44000000,2914.22000000,9969.72200000,120,120,False
1722772800000,1722780000000,2914.22000000,2925.80000000,2910.27000000,2910.83000000,11454.45150000,120,120,False
1722780000000,1722787200000,2910.83000000,2913.32000000,2819.50000000,2826.98000000,76762.73240000,120,120,False
1722787200000,1722794400000,2827.00000000,2837.96000000,2630.00000000,2700.19000000,179992.26770000,120,120,False
1722794400000,1722801600000,2700.20000000,2768.52000000,2683.69000000,2757.55000000,91348.42510000,120,120,False
1722801600000,1722808800000,2757.55000000,2772.74000000,2726.40000000,2730.48000000,32820.25100000,120,120,False
1722808800000,1722816000000,2730.48000000,2751.91000000,2681.04000000,2688.92000000,39002.58370000,120,120,False
1722816000000,1722823200000,2688.91000000,2697.44000000,2111.00000000,2319.25000000,593037.08880000,120,120,False
1722823200000,1722830400000,2319.24000000,2345.25000000,2215.00000000,2312.72000000,341977.16210000,120,120,False
1722830400000,1722837600000,2312.72000000,2386.44000000,2262.28000000,2311.70000000,233245.11240000,120,120,False
1722837600000,1722844800000,2311.73000000,2368.00000000,2160.00000000,2357.55000000,370151.30470000,120,120,False
1722844800000,1722852000000,2357.54000000,2362.24000000,2275.13000000,2317.64000000,145387.76830000,120,120,False
1722852000000,1722859200000,2317.64000000,2318.96000000,2224.22000000,2290.57000000,176537.11120000,120,120,False
1722859200000,1722866400000,2290.60000000,2350.07000000,2183.51000000,2337.78000000,265900.28690000,120,120,False
1722866400000,1722873600000,2337.77000000,2462.90000000,2337.45000000,2450.80000000,245718.77880000,120,120,False
1722873600000,1722880800000,2450.80000000,2518.00000000,2425.01000000,2469.62000000,128378.88340000,120,120,False
1722880800000,1722888000000,2469.63000000,2472.60000000,2364.14000000,2404.90000000,85477.54260000,120,120,False
1722888000000,1722895200000,2404.89000000,2473.45000000,2401.53000000,2428.50000000,49844.32790000,120,120,False
1722895200000,1722902400000,2428.51000000,2474.75000000,2410.71000000,2419.59000000,34948.73320000,120,120,False
1722902400000,1722909600000,2419.76000000,2547.43000000,2415.80000000,2516.64000000,86732.20930000,120,120,False
1722909600000,1722916800000,2516.65000000,2523.87000000,2482.70000000,2491.90000000,37956.60520000,120,120,False
1722916800000,1722924000000,2491.90000000,2526.17000000,2478.53000000,2524.80000000,42359.62430000,120,120,False
1722924000000,1722931200000,2524.80000000,2535.19000000,2494.73000000,2523.41000000,48882.70670000,120,120,False
1722931200000,1722938400000,2523.42000000,2525.00000000,2440.32000000,2463.50000000,65423.06240000,120,120,False
1722938400000,1722945600000,2463.49000000,2474.68000000,2442.82000000,2458.91000000,39390.20230000,120,120,False
1722945600000,1722952800000,2458.90000000,2469.29000000,2414.19000000,2453.01000000,71320.00890000,120,120,False
1722952800000,1722960000000,2453.00000000,2556.23000000,2450.62000000,2527.60000000,95214.88590000,120,120,False
1722960000000,1722967200000,2527.59000000,2549.73000000,2480.99000000,2483.38000000,56159.24250000,120,120,False
1722967200000,1722974400000,2483.39000000,2526.03000000,2482.13000000,2493.04000000,29770.22650000,120,120,False
1722974400000,1722981600000,2493.04000000,2502.83000000,2473.89000000,2492.80000000,29733.96840000,120,120,False
1722981600000,1722988800000,2492.80000000,2513.84000000,2446.08000000,2461.33000000,39341.06140000,120,120,False
1722988800000,1722996000000,2461.33000000,2504.34000000,2425.53000000,2500.80000000,49699.98000000,120,120,False
1722996000000,1723003200000,2500.84000000,2530.00000000,2481.03000000,2507.27000000,40298.23530000,120,120,False
1723003200000,1723010400000,2507.26000000,2534.60000000,2503.21000000,2505.11000000,43982.44350000,120,120,False
1723010400000,1723017600000,2505.11000000,2519.52000000,2485.12000000,2510.72000000,27269.94850000,120,120,False
1723017600000,1723024800000,2510.79000000,2538.99000000,2504.54000000,2517.58000000,44144.56660000,120,120,False
1723024800000,1723032000000,2517.57000000,2551.32000000,2470.00000000,2473.01000000,65012.80910000,120,120,False
1723032000000,1723039200000,2473.01000000,2487.64000000,2436.26000000,2447.41000000,78347.20360000,120,120,False
1723039200000,1723046400000,2447.42000000,2455.20000000,2364.76000000,2412.75000000,99004.66470000,120,120,False
1723046400000,1723053600000,2412.76000000,2416.45000000,2355.28000000,2367.62000000,53848.73540000,120,120,False
1723053600000,1723060800000,2367.63000000,2378.38000000,2326.95000000,2350.45000000,53918.51620000,120,120,False
1723060800000,1723068000000,2350.45000000,2370.00000000,2309.04000000,2360.28000000,48126.56390000,120,120,False
1723068000000,1723075200000,2360.16000000,2365.48000000,2313.48000000,2342.80000000,26461.75600000,120,120,False
1723075200000,1723082400000,2342.79000000,2445.41000000,2320.40000000,2440.38000000,58632.99910000,120,120,False
1723082400000,1723089600000,2440.39000000,2465.25000000,2429.44000000,2430.41000000,35577.66100000,120,120,False
1723089600000,1723096800000,2430.40000000,2445.32000000,2418.77000000,2423.13000000,23625.25290000,120,120,False
1723096800000,1723104000000,2423.13000000,2440.00000000,2411.31000000,2414.00000000,23495.93050000,120,120,False
1723104000000,1723111200000,2414.00000000,2453.00000000,2408.60000000,2437.09000000,32972.68240000,120,120,False
1723111200000,1723118400000,2437.09000000,2460.68000000,2425.99000000,2447.63000000,20958.16610000,120,120,False
1723118400000,1723125600000,2447.64000000,2525.68000000,2411.02000000,2434.06000000,93271.35260000,120,120,False
1723125600000,1723132800000,2434.05000000,2512.41000000,2430.12000000,2507.20000000,61872.96950000,120,120,False
1723132800000,1723140000000,2507.21000000,2607.29000000,2504.02000000,2579.10000000,96751.77330000,120,120,False
1723140000000,1723147200000,2579.09000000,2595.38000000,2566.00000000,2573.53000000,22474.05130000,120,120,False
1723147200000,1723154400000,2573.54000000,2655.99000000,2567.64000000,2640.90000000,29712.12690000,120,120,False
1723154400000,1723161600000,2640.90000000,2724.10000000,2617.33000000,2682.50000000,87157.90980000,120,120,False
1723161600000,1723168800000,2682.50000000,2694.59000000,2646.40000000,2670.84000000,43067.76620000,120,120,False
1723168800000,1723176000000,2670.84000000,2702.19000000,2659.00000000,2694.67000000,20927.16280000,120,120,False
1723176000000,1723183200000,2694.66000000,2707.98000000,2649.00000000,2677.12000000,32997.64330000,120,120,False
1723183200000,1723190400000,2677.13000000,2704.00000000,2663.04000000,2670.21000000,32308.82290000,120,120,False
1723190400000,1723197600000,2670.21000000,2681.28000000,2651.80000000,2658.39000000,26256.88390000,120,120,False
1723197600000,1723204800000,2658.39000000,2661.90000000,2617.20000000,2634.92000000,33030.35750000,120,120,False
1723204800000,1723212000000,2634.93000000,2648.00000000,2579.20000000,2615.81000000,45988.78810000,120,120,False
1723212000000,1723219200000,2615.81000000,2663.96000000,2556.40000000,2557.82000000,80853.89660000,120,120,False
1723219200000,1723226400000,2557.82000000,2609.75000000,2552.61000000,2590.12000000,32253.48680000,120,120,False
1723226400000,1723233600000,2590.12000000,2600.00000000,2575.00000000,2590.80000000,15514.10660000,120,120,False
1723233600000,1723240800000,2590.80000000,2607.62000000,2562.39000000,2602.12000000,21156.97530000,120,120,False
1723240800000,1723248000000,2602.13000000,2613.07000000,2574.61000000,2598.78000000,22384.07110000,120,120,False
1723248000000,1723255200000,2598.79000000,2644.70000000,2576.49000000,2600.01000000,31970.75090000,120,120,False
1723255200000,1723262400000,2600.01000000,2614.40000000,2592.58000000,2602.59000000,9810.40500000,120,120,False
1723262400000,1723269600000,2602.60000000,2610.97000000,2588.40000000,2606.08000000,9842.89180000,120,120,False
1723269600000,1723276800000,2606.08000000,2637.00000000,2604.06000000,2634.27000000,14517.48580000,120,120,False
1723276800000,1723284000000,2634.27000000,2640.97000000,2623.00000000,2632.60000000,14820.12840000,120,120,False
1723284000000,1723291200000,2632.63000000,2642.84000000,2624.43000000,2636.58000000,8760.15170000,120,120,False
1723291200000,1723298400000,2636.58000000,2637.89000000,2606.00000000,2609.19000000,9780.71440000,120,120,False
1723298400000,1723305600000,2609.20000000,2622.94000000,2597.00000000,2599.49000000,11971.18590000,120,120,False
1723305600000,1723312800000,2599.50000000,2615.86000000,2589.51000000,2610.64000000,15495.21900000,120,120,False
1723312800000,1723320000000,2610.64000000,2622.84000000,2595.29000000,2603.01000000,27305.79250000,120,120,False
1723320000000,1723327200000,2603.01000000,2618.00000000,2596.21000000,2613.07000000,9663.61500000,120,120,False
1723327200000,1723334400000,2613.06000000,2613.38000000,2600.21000000,2609.92000000,7074.02150000,120,120,False
1723334400000,1723341600000,2609.92000000,2631.90000000,2606.02000000,2629.55000000,12119.62130000,120,120,False
1723341600000,1723348800000,2629.55000000,2668.28000000,2622.25000000,2646.38000000,17501.69520000,120,120,False
1723348800000,1723356000000,2646.39000000,2666.47000000,2634.00000000,2661.27000000,13765.99060000,120,120,False
1723356000000,1723363200000,2661.28000000,2683.15000000,2651.71000000,2677.79000000,18014.39390000,120,120,False
1723363200000,1723370400000,2677.80000000,2720.00000000,2674.64000000,2684.15000000,28865.29760000,120,120,False
1723370400000,1723377600000,2684.16000000,2695.47000000,2644.91000000,2652.61000000,30234.36110000,120,120,False
1723377600000,1723384800000,2652.60000000,2655.80000000,2616.90000000,2638.73000000,26392.48220000,120,120,False
1723384800000,1723392000000,2638.72000000,2652.32000000,2594.46000000,2614.07000000,30343.98000000,120,120,False
1723392000000,1723399200000,2614.07000000,2642.63000000,2603.40000000,2636.60000000,14351.33320000,120,120,False
1723399200000,1723406400000,2636.60000000,2645.92000000,2596.33000000,2599.06000000,36602.26040000,120,120,False
1723406400000,1723413600000,2599.06000000,2602.91000000,2540.00000000,2581.02000000,45961.64760000,120,120,False
1723413600000,1723420800000,2581.02000000,2595.21000000,2540.99000000,2555.38000000,22945.85140000,120,120,False
1723420800000,1723428000000,2555.38000000,2577.90000000,2510.05000000,2549.80000000,38818.18620000,120,120,False
1723428000000,1723435200000,2549.81000000,2557.80000000,2531.00000000,2541.02000000,19327.83400000,120,120,False
1723435200000,1723442400000,2541.03000000,2554.80000000,2535.00000000,2553.66000000,12814.55650000,120,120,False
1723442400000,1723449600000,2553.66000000,2582.75000000,2516.36000000,2567.27000000,30401.11470000,120,120,False
1723449600000,1723456800000,2567.27000000,2599.00000000,2558.54000000,2596.39000000,34250.27600000,120,120,False
1723456800000,1723464000000,2596.39000000,2683.20000000,2588.00000000,2673.60000000,55411.31360000,120,120,False
1723464000000,1723471200000,2673.60000000,2704.00000000,2602.86000000,2614.37000000,61039.63010000,120,120,False
1723471200000,1723478400000,2614.67000000,2723.70000000,2592.58000000,2689.20000000,99384.77410000,120,120,False
1723478400000,1723485600000,2689.20000000,2698.87000000,2653.76000000,2655.05000000,28577.86460000,120,120,False
1723485600000,1723492800000,2655.05000000,2676.00000000,2627.89000000,2660.09000000,24415.37180000,120,120,False
1723492800000,1723500000000,2660.09000000,2706.00000000,2658.13000000,2683.24000000,32057.15520000,120,120,False
1723500000000,1723507200000,2683.24000000,2750.00000000,2681.58000000,2722.30000000,46916.17380000,120,120,False
1723507200000,1723514400000,2722.30000000,2733.84000000,2704.52000000,2733.41000000,28210.44750000,120,120,False
1723514400000,1723521600000,2733.41000000,2738.40000000,2650.61000000,2656.39000000,47637.43110000,120,120,False
1723521600000,1723528800000,2656.38000000,2664.00000000,2641.46000000,2652.38000000,14536.60200000,120,120,False
1723528800000,1723536000000,2652.38000000,2662.00000000,2635.13000000,2648.94000000,21780.78280000,120,120,False
1723536000000,1723543200000,2648.95000000,2658.34000000,2626.74000000,2641.82000000,17086.31880000,120,120,False
1723543200000,1723550400000,2641.82000000,2648.82000000,2611.37000000,2644.65000000,19499.87040000,120,120,False
1723550400000,1723557600000,2644.66000000,2674.99000000,2634.08000000,2669.48000000,34610.07740000,120,120,False
1723557600000,1723564800000,2669.48000000,2674.67000000,2630.91000000,2652.00000000,23784.22530000,120,120,False
1723564800000,1723572000000,2652.00000000,2730.28000000,2650.00000000,2712.98000000,49659.12670000,120,120,False
1723572000000,1723579200000,2712.98000000,2718.72000000,2675.10000000,2711.46000000,30774.42050000,120,120,False
1723579200000,1723586400000,2711.46000000,2730.40000000,2694.96000000,2730.00000000,18883.57690000,120,120,False
1723586400000,1723593600000,2730.20000000,2734.00000000,2692.85000000,2702.44000000,19205.81700000,120,120,False
1723593600000,1723600800000,2702.44000000,2719.93000000,2690.17000000,2690.90000000,12582.81510000,120,120,False
1723600800000,1723608000000,2690.90000000,2725.40000000,2685.80000000,2709.39000000,17205.62270000,120,120,False
1723608000000,1723615200000,2709.40000000,2744.00000000,2707.72000000,2724.10000000,23646.12250000,120,120,False
1723615200000,1723622400000,2724.09000000,2750.00000000,2716.90000000,2727.57000000,22187.46010000,120,120,False
1723622400000,1723629600000,2727.56000000,2737.08000000,2715.00000000,2721.72000000,18443.20070000,120,120,False
1723629600000,1723636800000,2721.72000000,2764.05000000,2720.80000000,2750.24000000,38993.96060000,120,120,False
1723636800000,1723644000000,2750.24000000,2780.00000000,2651.05000000,2659.19000000,79962.71890000,120,120,False
1723644000000,1723651200000,2659.19000000,2685.98000000,2632.20000000,2674.21000000,62281.27430000,120,120,False
1723651200000,1723658400000,2674.22000000,2674.22000000,2641.40000000,2658.37000000,26476.33800000,120,120,False
1723658400000,1723665600000,2658.36000000,2672.00000000,2647.00000000,2669.06000000,12463.17210000,120,120,False
1723665600000,1723672800000,2669.06000000,2679.81000000,2662.79000000,2663.80000000,9042.57220000,120,120,False
1723672800000,1723680000000,2663.81000000,2674.20000000,2641.30000000,2661.45000000,15523.45690000,120,120,False
1723680000000,1723687200000,2661.45000000,2673.57000000,2636.89000000,2644.26000000,16202.91590000,120,120,False
1723687200000,1723694400000,2644.27000000,2663.64000000,2634.00000000,2652.50000000,19041.14760000,120,120,False
1723694400000,1723701600000,2652.49000000,2656.62000000,2631.13000000,2636.99000000,11877.40850000,120,120,False
1723701600000,1723708800000,2636.99000000,2641.48000000,2589.00000000,2615.16000000,35890.62430000,120,120,False
1723708800000,1723716000000,2615.16000000,2630.66000000,2604.30000000,2623.22000000,17027.00860000,120,120,False
1723716000000,1723723200000,2623.23000000,2644.10000000,2614.09000000,2637.73000000,15056.26600000,120,120,False
1723723200000,1723730400000,2637.73000000,2668.80000000,2633.00000000,2662.74000000,32478.16800000,120,120,False
1723730400000,1723737600000,2662.74000000,2675.60000000,2647.05000000,2668.40000000,24546.77450000,120,120,False
1723737600000,1723744800000,2668.40000000,2675.00000000,2604.56000000,2614.00000000,23160.40410000,120,120,False
1723744800000,1723752000000,2614.00000000,2614.00000000,2521.87000000,2549.59000000,107256.92690000,120,120,False
1723752000000,1723759200000,2549.59000000,2573.32000000,2515.71000000,2572.08000000,33694.22310000,120,120,False
1723759200000,1723766400000,2572.08000000,2589.55000000,2560.54000000,2569.89000000,20314.93840000,120,120,False
1723766400000,1723773600000,2569.90000000,2579.91000000,2552.17000000,2572.63000000,15300.66800000,120,120,False
1723773600000,1723780800000,2572.64000000,2610.35000000,2561.32000000,2580.08000000,19628.20320000,120,120,False
1723780800000,1723788000000,2580.08000000,2604.41000000,2577.71000000,2596.91000000,20608.55950000,120,120,False
1723788000000,1723795200000,2596.91000000,2628.83000000,2593.59000000,2617.45000000,15657.87000000,120,120,False
1723795200000,1723802400000,2617.44000000,2626.22000000,2611.00000000,2626.22000000,11641.04470000,120,120,False
1723802400000,1723809600000,2626.21000000,2626.41000000,2606.55000000,2612.52000000,12363.17950000,120,120,False
1723809600000,1723816800000,2612.52000000,2619.89000000,2560.71000000,2593.55000000,45161.04160000,120,120,False
1723816800000,1723824000000,2593.55000000,2600.41000000,2550.04000000,2568.97000000,28744.47430000,120,120,False
1723824000000,1723831200000,2568.96000000,2615.00000000,2564.13000000,2610.90000000,53952.61780000,120,120,False
1723831200000,1723838400000,2610.89000000,2630.97000000,2603.77000000,2620.40000000,27165.77180000,120,120,False
1723838400000,1723845600000,2620.40000000,2626.19000000,2591.67000000,2600.98000000,13360.86840000,120,120,False
1723845600000,1723852800000,2600.99000000,2605.71000000,2587.00000000,2592.73000000,7099.83850000,120,120,False
1723852800000,1723860000000,2592.72000000,2607.92000000,2587.50000000,2603.80000000,11074.33220000,120,120,False
1723860000000,1723867200000,2603.80000000,2607.88000000,2588.47000000,2595.77000000,6725.24700000,120,120,False
1723867200000,1723874400000,2595.78000000,2602.92000000,2592.59000000,2601.01000000,5580.04630000,120,120,False
1723874400000,1723881600000,2601.02000000,2603.65000000,2590.90000000,2600.24000000,5228.39900000,120,120,False
1723881600000,1723888800000,2600.24000000,2607.28000000,2594.30000000,2604.06000000,7853.61390000,120,120,False
1723888800000,1723896000000,2604.07000000,2606.35000000,2593.00000000,2599.23000000,6332.66070000,120,120,False
1723896000000,1723903200000,2599.23000000,2614.20000000,2596.70000000,2604.60000000,9286.49190000,120,120,False
1723903200000,1723910400000,2604.61000000,2618.65000000,2599.00000000,2606.78000000,10630.25810000,120,120,False
1723910400000,1723917600000,2606.79000000,2629.69000000,2606.78000000,2615.39000000,10222.50570000,120,120,False
1723917600000,1723924800000,2615.40000000,2618.13000000,2607.68000000,2614.94000000,5421.09110000,120,120,False
1723924800000,1723932000000,2614.95000000,2618.23000000,2600.00000000,2607.33000000,6924.41420000,120,120,False
1723932000000,1723939200000,2607.33000000,2614.80000000,2606.88000000,2614.51000000,4069.61590000,120,120,False
1723939200000,1723946400000,2614.51000000,2623.82000000,2605.82000000,2608.62000000,6432.83030000,120,120,False
1723946400000,1723953600000,2608.61000000,2638.22000000,2605.05000000,2606.60000000,18762.36950000,120,120,False
1723953600000,1723960800000,2606.61000000,2610.84000000,2594.53000000,2602.97000000,11945.13380000,120,120,False
1723960800000,1723968000000,2602.97000000,2608.95000000,2601.47000000,2608.06000000,5710.12060000,120,120,False
1723968000000,1723975200000,2608.05000000,2669.49000000,2605.59000000,2645.22000000,25859.01570000,120,120,False
1723975200000,1723982400000,2645.22000000,2665.00000000,2642.36000000,2649.40000000,21050.31700000,120,120,False
1723982400000,1723989600000,2649.40000000,2689.16000000,2643.06000000,2661.61000000,24477.54440000,120,120,False
1723989600000,1723996800000,2661.61000000,2673.95000000,2657.07000000,2672.20000000,12770.74600000,120,120,False
1723996800000,1724004000000,2672.20000000,2678.38000000,2643.75000000,2650.77000000,12412.17340000,120,120,False
1724004000000,1724011200000,2650.77000000,2670.00000000,2647.28000000,2667.90000000,7078.69640000,120,120,False
1724011200000,1724018400000,2667.99000000,2670.00000000,2637.65000000,2643.49000000,7601.20460000,120,120,False
1724018400000,1724025600000,2643.49000000,2658.11000000,2610.05000000,2612.15000000,19973.90680000,120,120,False
1724025600000,1724032800000,2612.15000000,2639.54000000,2603.53000000,2631.20000000,24461.14950000,120,120,False
1724032800000,1724040000000,2631.20000000,2647.42000000,2627.00000000,2644.41000000,14979.34580000,120,120,False
1724040000000,1724047200000,2644.41000000,2648.08000000,2620.11000000,2625.50000000,13875.74160000,120,120,False
1724047200000,1724054400000,2625.50000000,2632.84000000,2612.00000000,2614.31000000,11446.45250000,120,120,False
1724054400000,1724061600000,2614.31000000,2622.26000000,2565.84000000,2579.90000000,26936.33690000,120,120,False
1724061600000,1724068800000,2579.91000000,2592.20000000,2568.00000000,2587.90000000,20390.80950000,120,120,False
1724068800000,1724076000000,2587.91000000,2604.67000000,2563.58000000,2569.96000000,23452.43180000,120,120,False
1724076000000,1724083200000,2570.00000000,2592.36000000,2566.80000000,2584.53000000,22441.56060000,120,120,False
1724083200000,1724090400000,2584.54000000,2629.96000000,2574.28000000,2606.86000000,31474.64670000,120,120,False
1724090400000,1724097600000,2606.87000000,2616.42000000,2590.63000000,2606.63000000,12928.44550000,120,120,False
1724097600000,1724104800000,2606.63000000,2626.19000000,2604.32000000,2615.39000000,10772.92120000,120,120,False
1724104800000,1724112000000,2615.40000000,2641.15000000,2615.40000000,2636.36000000,11707.29200000,120,120,False
1724112000000,1724119200000,2636.36000000,2677.00000000,2619.06000000,2651.61000000,32088.19820000,120,120,False
1724119200000,1724126400000,2651.61000000,2662.37000000,2644.68000000,2661.99000000,11930.95070000,120,120,False
1724126400000,1724133600000,2662.00000000,2695.00000000,2657.63000000,2684.01000000,31618.18080000,120,120,False
1724133600000,1724140800000,2684.01000000,2685.44000000,2669.32000000,2674.81000000,14279.67840000,120,120,False
1724140800000,1724148000000,2674.81000000,2676.40000000,2656.14000000,2660.48000000,12962.09870000,120,120,False
1724148000000,1724155200000,2660.48000000,2663.25000000,2639.40000000,2642.45000000,15446.09160000,120,120,False
1724155200000,1724162400000,2642.46000000,2655.78000000,2625.00000000,2645.61000000,27667.53670000,120,120,False
1724162400000,1724169600000,2645.61000000,2646.54000000,2555.00000000,2574.99000000,67520.20430000,120,120,False
1724169600000,1724176800000,2575.00000000,2593.40000000,2565.80000000,2589.81000000,20946.68140000,120,120,False
1724176800000,1724184000000,2589.81000000,2606.70000000,2585.02000000,2601.94000000,18896.25920000,120,120,False
1724184000000,1724191200000,2601.94000000,2609.93000000,2565.23000000,2584.37000000,18995.84230000,120,120,False
1724191200000,1724198400000,2584.36000000,2593.42000000,2572.00000000,2572.82000000,8964.15280000,120,120,False
1724198400000,1724205600000,2572.81000000,2585.60000000,2557.00000000,2584.79000000,19034.25960000,120,120,False
1724205600000,1724212800000,2584.79000000,2598.20000000,2582.85000000,2591.50000000,10738.19090000,120,120,False
1724212800000,1724220000000,2591.51000000,2596.00000000,2588.31000000,2592.75000000,8563.84050000,120,120,False
1724220000000,1724227200000,2592.74000000,2606.60000000,2592.30000000,2600.72000000,12308.12170000,120,120,False
1724227200000,1724234400000,2600.73000000,2607.87000000,2567.35000000,2581.28000000,16306.56590000,120,120,False
1724234400000,1724241600000,2581.28000000,2591.89000000,2576.73000000,2577.60000000,9687.62560000,120,120,False
1724241600000,1724248800000,2577.61000000,2600.86000000,2536.22000000,2594.20000000,35319.36700000,120,120,False
1724248800000,1724256000000,2594.19000000,2618.00000000,2577.64000000,2601.89000000,47127.06960000,120,120,False
1724256000000,1724263200000,2601.88000000,2630.00000000,2592.58000000,2626.00000000,19585.19460000,120,120,False
1724263200000,1724270400000,2626.00000000,2650.00000000,2621.88000000,2646.43000000,28842.03470000,120,120,False
1724270400000,1724277600000,2646.42000000,2663.74000000,2623.52000000,2637.33000000,26385.93190000,120,120,False
1724277600000,1724284800000,2637.33000000,2641.80000000,2619.77000000,2630.71000000,11388.41980000,120,120,False
1724284800000,1724292000000,2630.71000000,2640.25000000,2622.37000000,2628.00000000,14525.82470000,120,120,False
1724292000000,1724299200000,2628.01000000,2628.20000000,2584.20000000,2616.59000000,23329.27600000,120,120,False
1724299200000,1724306400000,2616.60000000,2626.60000000,2613.75000000,2619.78000000,10148.19650000,120,120,False
1724306400000,1724313600000,2619.78000000,2642.33000000,2618.24000000,2636.29000000,10124.78920000,120,120,False
1724313600000,1724320800000,2636.30000000,2641.10000000,2624.00000000,2624.00000000,13974.68250000,120,120,False
1724320800000,1724328000000,2624.01000000,2644.49000000,2619.60000000,2641.91000000,18950.43190000,120,120,False
1724328000000,1724335200000,2641.90000000,2644.69000000,2610.00000000,2620.43000000,25468.43920000,120,120,False
1724335200000,1724342400000,2620.44000000,2621.19000000,2590.50000000,2599.40000000,34707.01360000,120,120,False
1724342400000,1724349600000,2599.41000000,2616.55000000,2597.40000000,2603.80000000,14535.12590000,120,120,False
1724349600000,1724356800000,2603.79000000,2619.23000000,2598.89000000,2606.60000000,13315.72310000,120,120,False
1724356800000,1724364000000,2606.61000000,2627.06000000,2606.47000000,2623.61000000,14621.38410000,120,120,False
1724364000000,1724371200000,2623.61000000,2626.06000000,2618.03000000,2622.88000000,5362.23290000,120,120,False
1724371200000,1724378400000,2622.89000000,2652.95000000,2621.40000000,2638.41000000,20380.24500000,120,120,False
1724378400000,1724385600000,2638.41000000,2642.16000000,2631.97000000,2635.72000000,8792.71430000,120,120,False
1724385600000,1724392800000,2635.71000000,2677.50000000,2634.41000000,2674.69000000,30796.60880000,120,120,False
1724392800000,1724400000000,2674.70000000,2689.00000000,2666.61000000,2669.23000000,32592.74570000,120,120,False
1724400000000,1724407200000,2669.24000000,2681.00000000,2662.61000000,2666.85000000,24263.71300000,120,120,False
1724407200000,1724414400000,2666.85000000,2672.28000000,2650.99000000,2653.27000000,17612.61920000,120,120,False
1724414400000,1724421600000,2653.27000000,2669.44000000,2646.82000000,2659.76000000,14973.98750000,120,120,False
1724421600000,1724428800000,2659.76000000,2699.00000000,2632.83000000,2671.09000000,76522.45930000,120,120,False
1724428800000,1724436000000,2671.09000000,2731.35000000,2663.00000000,2727.00000000,51976.07300000,120,120,False
1724436000000,1724443200000,2726.99000000,2750.00000000,2712.21000000,2746.54000000,52983.96520000,120,120,False
1724443200000,1724450400000,2746.55000000,2782.00000000,2745.55000000,2772.90000000,33996.13700000,120,120,False
1724450400000,1724457600000,2772.90000000,2799.13000000,2723.55000000,2762.48000000,36895.17670000,120,120,False
1724457600000,1724464800000,2762.49000000,2769.60000000,2742.47000000,2753.13000000,17473.07860000,120,120,False
1724464800000,1724472000000,2753.13000000,2761.37000000,2743.00000000,2746.60000000,19668.06020000,120,120,False
1724472000000,1724479200000,2746.59000000,2755.80000000,2739.40000000,2755.79000000,13569.17060000,120,120,False
1724479200000,1724486400000,2755.79000000,2765.30000000,2753.24000000,2758.48000000,24724.65320000,120,120,False
1724486400000,1724493600000,2758.48000000,2786.29000000,2754.82000000,2774.56000000,16668.47660000,120,120,False
1724493600000,1724500800000,2774.56000000,2778.19000000,2755.98000000,2756.31000000,12471.60900000,120,120,False
1724500800000,1724508000000,2756.30000000,2764.58000000,2752.13000000,2758.68000000,13988.68570000,120,120,False
1724508000000,1724515200000,2758.74000000,2763.78000000,2751.36000000,2761.07000000,14388.14210000,120,120,False
1724515200000,1724522400000,2761.06000000,2820.00000000,2760.28000000,2783.40000000,56666.72400000,120,120,False
1724522400000,1724529600000,2783.40000000,2801.76000000,2771.25000000,2793.01000000,26420.00750000,120,120,False
1724529600000,1724536800000,2793.01000000,2807.61000000,2731.26000000,2739.21000000,28218.76340000,120,120,False
1724536800000,1724544000000,2739.10000000,2770.63000000,2736.74000000,2768.00000000,19285.57320000,120,120,False
1724544000000,1724551200000,2768.01000000,2782.73000000,2748.90000000,2759.14000000,23256.01400000,120,120,False
1724551200000,1724558400000,2759.13000000,2766.65000000,2755.66000000,2764.53000000,9053.07840000,120,120,False
1724558400000,1724565600000,2764.52000000,2770.29000000,2755.52000000,2763.39000000,7299.70300000,120,120,False
1724565600000,1724572800000,2763.39000000,2764.07000000,2733.21000000,2743.40000000,18159.04260000,120,120,False
1724572800000,1724580000000,2743.39000000,2757.80000000,2737.23000000,2755.61000000,13879.53150000,120,120,False
1724580000000,1724587200000,2755.60000000,2761.50000000,2750.00000000,2750.99000000,10036.31280000,120,120,False
1724587200000,1724594400000,2751.00000000,2768.71000000,2746.00000000,2763.83000000,11896.64770000,120,120,False
1724594400000,1724601600000,2763.84000000,2772.90000000,2760.00000000,2763.81000000,9339.55970000,120,120,False
1724601600000,1724608800000,2763.81000000,2773.80000000,2760.15000000,2771.70000000,8322.06500000,120,120,False
1724608800000,1724616000000,2771.71000000,2772.55000000,2760.88000000,2766.30000000,5415.85110000,120,120,False
1724616000000,1724623200000,2766.30000000,2792.28000000,2765.00000000,2779.11000000,14245.52110000,120,120,False
1724623200000,1724630400000,2779.12000000,2787.94000000,2739.77000000,2746.13000000,23623.90830000,120,120,False
1724630400000,1724637600000,2746.12000000,2762.00000000,2739.51000000,2745.60000000,11050.76560000,120,120,False
1724637600000,1724644800000,2745.59000000,2748.39000000,2718.14000000,2744.34000000,18690.57890000,120,120,False
1724644800000,1724652000000,2744.35000000,2752.20000000,2740.62000000,2743.62000000,8633.42190000,120,120,False
1724652000000,1724659200000,2743.62000000,2746.82000000,2728.54000000,2733.13000000,11944.16360000,120,120,False
1724659200000,1724666400000,2733.13000000,2743.00000000,2710.01000000,2739.93000000,15914.02070000,120,120,False
1724666400000,1724673600000,2739.93000000,2749.12000000,2735.00000000,2737.35000000,11466.40160000,120,120,False
1724673600000,1724680800000,2737.34000000,2742.47000000,2715.19000000,2728.00000000,22655.30240000,120,120,False
1724680800000,1724688000000,2728.02000000,2731.20000000,2701.43000000,2721.69000000,32505.84520000,120,120,False
1724688000000,1724695200000,2721.69000000,2732.08000000,2688.47000000,2694.89000000,32067.43730000,120,120,False
1724695200000,1724702400000,2694.88000000,2704.42000000,2675.52000000,2680.83000000,22808.60400000,120,120,False
1724702400000,1724709600000,2680.84000000,2693.23000000,2666.66000000,2685.54000000,15831.14270000,120,120,False
1724709600000,1724716800000,2685.54000000,2692.93000000,2678.73000000,2680.49000000,8140.44080000,120,120,False
1724716800000,1724724000000,2680.49000000,2693.79000000,2673.83000000,2680.00000000,12270.90820000,120,120,False
1724724000000,1724731200000,2680.00000000,2689.69000000,2667.12000000,2685.27000000,11951.21990000,120,120,False
1724731200000,1724738400000,2685.26000000,2699.98000000,2680.30000000,2696.84000000,23166.78960000,120,120,False
1724738400000,1724745600000,2696.84000000,2698.72000000,2673.60000000,2687.90000000,12379.04660000,120,120,False
1724745600000,1724752800000,2687.90000000,2692.07000000,2668.78000000,2674.10000000,12326.14100000,120,120,False
1724752800000,1724760000000,2674.10000000,2674.10000000,2619.30000000,2626.67000000,33896.61720000,120,120,False
1724760000000,1724767200000,2626.66000000,2628.91000000,2603.70000000,2609.81000000,31399.80390000,120,120,False
1724767200000,1724774400000,2609.81000000,2612.91000000,2555.00000000,2579.30000000,68532.05050000,120,120,False
1724774400000,1724781600000,2579.30000000,2587.90000000,2563.49000000,2586.26000000,25960.96320000,120,120,False
1724781600000,1724788800000,2586.26000000,2591.93000000,2576.23000000,2584.00000000,16225.81530000,120,120,False
1724788800000,1724796000000,2584.01000000,2588.34000000,2418.00000000,2490.61000000,61612.20640000,120,120,False
1724796000000,1724803200000,2490.61000000,2491.60000000,2392.96000000,2457.33000000,102939.15790000,120,120,False
1724803200000,1724810400000,2457.33000000,2457.33000000,2418.80000000,2443.35000000,45230.64600000,120,120,False
1724810400000,1724817600000,2443.35000000,2480.31000000,2439.00000000,2478.45000000,42906.31210000,120,120,False
1724817600000,1724824800000,2478.45000000,2485.99000000,2459.30000000,2464.36000000,31712.59200000,120,120,False
1724824800000,1724832000000,2464.35000000,2470.00000000,2433.30000000,2437.02000000,24343.85360000,120,120,False
1724832000000,1724839200000,2437.02000000,2550.31000000,2429.14000000,2541.00000000,56685.75970000,120,120,False
1724839200000,1724846400000,2540.81000000,2544.19000000,2511.26000000,2523.20000000,38978.49790000,120,120,False
1724846400000,1724853600000,2523.19000000,2539.40000000,2482.49000000,2483.81000000,27547.10330000,120,120,False
1724853600000,1724860800000,2483.81000000,2531.34000000,2467.93000000,2496.05000000,44263.96480000,120,120,False
1724860800000,1724868000000,2496.05000000,2528.25000000,2456.19000000,2501.96000000,52695.99130000,120,120,False
1724868000000,1724875200000,2501.96000000,2546.13000000,2497.25000000,2504.88000000,37089.81440000,120,120,False
1724875200000,1724882400000,2504.89000000,2554.60000000,2504.60000000,2530.77000000,35559.01080000,120,120,False
1724882400000,1724889600000,2530.77000000,2537.36000000,2516.66000000,2528.33000000,14253.08810000,120,120,False
1724889600000,1724896800000,2528.33000000,2537.99000000,2514.77000000,2522.03000000,13608.23700000,120,120,False
1724896800000,1724904000000,2522.02000000,2531.85000000,2512.20000000,2523.40000000,11064.10220000,120,120,False
1724904000000,1724911200000,2523.40000000,2541.74000000,2518.44000000,2540.77000000,14763.41330000,120,120,False
1724911200000,1724918400000,2540.77000000,2559.39000000,2536.45000000,2547.53000000,17199.12070000,120,120,False
1724918400000,1724925600000,2547.52000000,2554.92000000,2539.81000000,2544.00000000,14108.88310000,120,120,False
1724925600000,1724932800000,2544.00000000,2574.22000000,2536.63000000,2555.21000000,19399.71980000,120,120,False
1724932800000,1724940000000,2555.20000000,2581.72000000,2552.14000000,2570.75000000,28423.12340000,120,120,False
1724940000000,1724947200000,2570.76000000,2595.40000000,2559.00000000,2575.97000000,31230.25750000,120,120,False
1724947200000,1724954400000,2575.97000000,2585.69000000,2561.84000000,2576.53000000,17092.34140000,120,120,False
1724954400000,1724961600000,2576.52000000,2577.84000000,2509.66000000,2528.54000000,44306.21020000,120,120,False
1724961600000,1724968800000,2528.55000000,2543.60000000,2527.73000000,2529.80000000,11391.03060000,120,120,False
1724968800000,1724976000000,2529.94000000,2531.66000000,2505.88000000,2527.61000000,14416.52400000,120,120,False
1724976000000,1724983200000,2527.60000000,2535.40000000,2515.40000000,2524.86000000,13029.19660000,120,120,False
1724983200000,1724990400000,2524.86000000,2529.40000000,2505.00000000,2516.80000000,15579.37540000,120,120,False
1724990400000,1724997600000,2516.80000000,2526.75000000,2503.80000000,2511.19000000,12489.15250000,120,120,False
1724997600000,1725004800000,2511.20000000,2533.52000000,2506.33000000,2517.41000000,22030.51970000,120,120,False
1725004800000,1725012000000,2517.42000000,2528.37000000,2514.41000000,2524.79000000,9460.26540000,120,120,False
1725012000000,1725019200000,2524.78000000,2525.41000000,2507.31000000,2512.44000000,11837.29120000,120,120,False
1725019200000,1725026400000,2512.43000000,2552.17000000,2493.53000000,2524.81000000,31913.67860000,120,120,False
1725026400000,1725033600000,2524.81000000,2533.24000000,2434.96000000,2448.75000000,72069.94750000,120,120,False
1725033600000,1725040800000,2448.76000000,2476.75000000,2431.14000000,2466.41000000,44556.09400000,120,120,False
1725040800000,1725048000000,2466.42000000,2542.19000000,2465.21000000,2506.94000000,86145.02110000,120,120,False
1725048000000,1725055200000,2506.94000000,2522.10000000,2506.35000000,2518.13000000,8186.58580000,120,120,False
1725055200000,1725062400000,2518.13000000,2530.66000000,2517.20000000,2526.00000000,11082.06630000,120,120,False
1725062400000,1725069600000,2525.99000000,2533.95000000,2519.30000000,2525.70000000,8874.17450000,120,120,False
1725069600000,1725076800000,2525.71000000,2527.43000000,2518.86000000,2523.52000000,5292.76520000,120,120,False
1725076800000,1725084000000,2523.52000000,2529.86000000,2522.25000000,2523.20000000,6730.01140000,120,120,False
1725084000000,1725091200000,2523.20000000,2528.19000000,2518.17000000,2521.01000000,8226.16730000,120,120,False
1725091200000,1725098400000,2521.01000000,2523.80000000,2511.47000000,2514.00000000,8022.84280000,120,120,False
1725098400000,1725105600000,2514.00000000,2529.81000000,2513.50000000,2525.50000000,6750.82980000,120,120,False
1725105600000,1725112800000,2525.49000000,2527.80000000,2515.01000000,2515.86000000,6337.88510000,120,120,False
1725112800000,1725120000000,2515.87000000,2526.30000000,2513.80000000,2519.19000000,9030.29230000,120,120,False
1725120000000,1725127200000,2519.18000000,2519.80000000,2491.92000000,2503.41000000,11837.99410000,120,120,False
1725127200000,1725134400000,2503.42000000,2509.82000000,2493.42000000,2499.80000000,10219.32980000,120,120,False
1725134400000,1725141600000,2499.79000000,2528.22000000,2493.68000000,2517.92000000,12266.14730000,120,120,False
1725141600000,1725148800000,2517.91000000,2522.21000000,2511.25000000,2513.01000000,4357.67510000,120,120,False
1725148800000,1725156000000,2513.00000000,2516.28000000,2493.85000000,2493.86000000,8798.98590000,120,120,False
1725156000000,1725163200000,2493.85000000,2495.77000000,2476.44000000,2488.74000000,13241.36670000,120,120,False
1725163200000,1725170400000,2488.75000000,2491.18000000,2458.84000000,2464.72000000,17906.55230000,120,120,False
1725170400000,1725177600000,2464.72000000,2488.20000000,2464.06000000,2486.82000000,8913.92520000,120,120,False
1725177600000,1725184800000,2486.82000000,2492.88000000,2477.40000000,2483.88000000,10232.58920000,120,120,False
1725184800000,1725192000000,2483.89000000,2484.80000000,2459.02000000,2477.74000000,12135.58170000,120,120,False
1725192000000,1725199200000,2477.73000000,2481.00000000,2453.00000000,2472.47000000,14772.46710000,120,120,False
1725199200000,1725206400000,2472.47000000,2489.31000000,2438.00000000,2480.83000000,33205.89850000,120,120,False
1725206400000,1725213600000,2480.83000000,2487.01000000,2457.16000000,2471.01000000,11395.87910000,120,120,False
1725213600000,1725220800000,2471.01000000,2514.82000000,2468.45000000,2501.71000000,27388.43650000,120,120,False
1725220800000,1725228000000,2501.71000000,2516.00000000,2473.60000000,2485.60000000,11350.34770000,120,120,False
1725228000000,1725235200000,2485.60000000,2487.29000000,2400.00000000,2425.72000000,53785.74610000,120,120,False
1725235200000,1725242400000,2425.71000000,2455.26000000,2423.52000000,2440.00000000,22078.71360000,120,120,False
1725242400000,1725249600000,2440.00000000,2451.92000000,2431.50000000,2450.52000000,13252.94330000,120,120,False
1725249600000,1725256800000,2450.47000000,2466.20000000,2434.97000000,2454.13000000,20828.70850000,120,120,False
1725256800000,1725264000000,2454.14000000,2458.64000000,2433.18000000,2441.14000000,17115.15880000,120,120,False
1725264000000,1725271200000,2441.14000000,2520.41000000,2438.39000000,2516.19000000,50841.16180000,120,120,False
1725271200000,1725278400000,2516.19000000,2539.53000000,2510.07000000,2515.81000000,35052.51860000,120,120,False
1725278400000,1725285600000,2515.81000000,2524.67000000,2504.40000000,2505.21000000,19418.60800000,120,120,False
1725285600000,1725292800000,2505.21000000,2528.00000000,2492.55000000,2513.20000000,22224.81580000,120,120,False
1725292800000,1725300000000,2513.20000000,2525.00000000,2505.78000000,2522.78000000,16458.95910000,120,120,False
1725300000000,1725307200000,2522.79000000,2530.92000000,2515.55000000,2524.25000000,13457.14100000,120,120,False
1725307200000,1725314400000,2524.26000000,2564.83000000,2522.22000000,2544.73000000,22941.68060000,120,120,False
1725314400000,1725321600000,2544.73000000,2548.75000000,2534.44000000,2538.01000000,8962.42940000,120,120,False
1725321600000,1725328800000,2538.00000000,2543.65000000,2527.63000000,2535.55000000,11296.21690000,120,120,False
1725328800000,1725336000000,2535.55000000,2553.60000000,2514.73000000,2516.00000000,16433.94160000,120,120,False
1725336000000,1725343200000,2516.00000000,2525.20000000,2513.39000000,2522.14000000,8972.31790000,120,120,False
1725343200000,1725350400000,2522.14000000,2523.62000000,2512.46000000,2519.55000000,10410.86330000,120,120,False
1725350400000,1725357600000,2519.55000000,2520.54000000,2494.24000000,2504.20000000,13362.62410000,120,120,False
1725357600000,1725364800000,2504.20000000,2513.00000000,2499.40000000,2509.59000000,7341.84400000,120,120,False
1725364800000,1725372000000,2509.59000000,2519.12000000,2459.12000000,2465.10000000,31111.46530000,120,120,False
1725372000000,1725379200000,2465.09000000,2469.35000000,2435.79000000,2444.01000000,50407.03490000,120,120,False
1725379200000,1725386400000,2444.01000000,2464.00000000,2437.40000000,2442.30000000,19971.28370000,120,120,False
1725386400000,1725393600000,2442.30000000,2469.87000000,2435.83000000,2447.60000000,21556.84940000,120,120,False
1725393600000,1725400800000,2447.60000000,2470.57000000,2447.43000000,2464.99000000,14847.91220000,120,120,False
1725400800000,1725408000000,2465.00000000,2465.97000000,2411.12000000,2425.29000000,19080.77660000,120,120,False
1725408000000,1725415200000,2425.28000000,2449.22000000,2306.65000000,2366.11000000,119625.50920000,120,120,False
1725415200000,1725422400000,2366.11000000,2382.48000000,2355.73000000,2373.00000000,24741.41740000,120,120,False
1725422400000,1725429600000,2372.99000000,2381.45000000,2363.56000000,2365.24000000,19513.87820000,120,120,False
1725429600000,1725436800000,2365.24000000,2414.71000000,2365.24000000,2401.52000000,26205.47160000,120,120,False
1725436800000,1725444000000,2401.52000000,2410.83000000,2392.60000000,2393.40000000,21406.44420000,120,120,False
1725444000000,1725451200000,2393.40000000,2403.40000000,2387.15000000,2398.77000000,15214.19070000,120,120,False
1725451200000,1725458400000,2398.77000000,2413.81000000,2394.77000000,2404.98000000,32001.28580000,120,120,False
1725458400000,1725465600000,2404.98000000,2458.57000000,2393.16000000,2455.40000000,59238.73120000,120,120,False
1725465600000,1725472800000,2455.39000000,2490.00000000,2447.81000000,2449.49000000,37269.28770000,120,120,False
1725472800000,1725480000000,2449.49000000,2457.16000000,2439.20000000,2452.16000000,10952.49780000,120,120,False
1725480000000,1725487200000,2452.15000000,2465.63000000,2446.01000000,2463.13000000,8475.69250000,120,120,False
1725487200000,1725494400000,2463.13000000,2469.55000000,2443.32000000,2450.71000000,9534.97910000,120,120,False
1725494400000,1725501600000,2450.71000000,2466.00000000,2447.17000000,2458.36000000,14858.09420000,120,120,False
1725501600000,1725508800000,2458.36000000,2460.29000000,2404.28000000,2405.55000000,36324.04930000,120,120,False
1725508800000,1725516000000,2405.56000000,2418.47000000,2401.77000000,2409.64000000,17737.64750000,120,120,False
1725516000000,1725523200000,2409.64000000,2417.20000000,2376.72000000,2412.40000000,24400.82520000,120,120,False
1725523200000,1725530400000,2412.41000000,2416.35000000,2385.65000000,2392.21000000,15074.26950000,120,120,False
1725530400000,1725537600000,2392.20000000,2395.91000000,2383.16000000,2389.54000000,13373.96760000,120,120,False
1725537600000,1725544800000,2389.53000000,2414.58000000,2377.01000000,2402.32000000,28687.49670000,120,120,False
1725544800000,1725552000000,2402.33000000,2415.15000000,2355.80000000,2371.43000000,56758.54150000,120,120,False
1725552000000,1725559200000,2371.43000000,2393.80000000,2367.34000000,2393.80000000,19347.28900000,120,120,False
1725559200000,1725566400000,2393.80000000,2395.99000000,2348.04000000,2363.97000000,23842.50830000,120,120,False
1725566400000,1725573600000,2363.97000000,2378.33000000,2350.00000000,2371.84000000,16911.69370000,120,120,False
1725573600000,1725580800000,2371.85000000,2375.17000000,2355.40000000,2368.81000000,11232.71440000,120,120,False
1725580800000,1725588000000,2368.81000000,2400.48000000,2357.60000000,2391.42000000,17464.33570000,120,120,False
1725588000000,1725595200000,2391.43000000,2408.40000000,2389.42000000,2392.63000000,15516.18420000,120,120,False
1725595200000,1725602400000,2392.63000000,2397.35000000,2375.28000000,2384.27000000,12941.92780000,120,120,False
1725602400000,1725609600000,2384.26000000,2386.06000000,2321.21000000,2344.45000000,44201.82370000,120,120,False
1725609600000,1725616800000,2344.44000000,2359.36000000,2338.57000000,2358.32000000,20804.51840000,120,120,False
1725616800000,1725624000000,2358.32000000,2379.40000000,2356.21000000,2372.95000000,19108.69160000,120,120,False
1725624000000,1725631200000,2372.96000000,2408.83000000,2355.39000000,2363.20000000,59658.82050000,120,120,False
1725631200000,1725638400000,2363.20000000,2366.76000000,2266.00000000,2290.21000000,115684.88870000,120,120,False
1725638400000,1725645600000,2290.21000000,2293.17000000,2226.00000000,2245.50000000,98369.77190000,120,120,False
1725645600000,1725652800000,2245.50000000,2248.85000000,2207.40000000,2222.56000000,77929.77510000,120,120,False
1725652800000,1725660000000,2222.56000000,2229.89000000,2150.55000000,2217.77000000,138103.39800000,120,120,False
1725660000000,1725667200000,2217.76000000,2225.98000000,2207.18000000,2225.23000000,23242.97540000,120,120,False
1725667200000,1725674400000,2225.24000000,2243.00000000,2220.98000000,2226.78000000,22754.75390000,120,120,False
1725674400000,1725681600000,2226.78000000,2241.97000000,2222.80000000,2238.41000000,11572.53790000,120,120,False
1725681600000,1725688800000,2238.41000000,2275.70000000,2237.61000000,2264.82000000,25978.29750000,120,120,False
1725688800000,1725696000000,2264.83000000,2293.76000000,2258.75000000,2288.11000000,28162.65880000,120,120,False
1725696000000,1725703200000,2288.11000000,2299.47000000,2275.20000000,2282.20000000,18858.73640000,120,120,False
1725703200000,1725710400000,2282.20000000,2290.57000000,2280.31000000,2283.70000000,10338.49640000,120,120,False
1725710400000,1725717600000,2283.70000000,2298.79000000,2282.03000000,2291.77000000,14646.05380000,120,120,False
1725717600000,1725724800000,2291.77000000,2311.27000000,2288.73000000,2300.49000000,20372.25670000,120,120,False
1725724800000,1725732000000,2300.49000000,2304.54000000,2263.40000000,2272.74000000,26556.10090000,120,120,False
1725732000000,1725739200000,2272.73000000,2293.97000000,2267.43000000,2290.44000000,15043.96730000,120,120,False
1725739200000,1725746400000,2290.43000000,2291.19000000,2257.37000000,2264.83000000,16095.08750000,120,120,False
1725746400000,1725753600000,2264.83000000,2275.79000000,2258.20000000,2273.58000000,9074.26050000,120,120,False
1725753600000,1725760800000,2273.58000000,2280.78000000,2263.22000000,2279.95000000,9774.18010000,120,120,False
1725760800000,1725768000000,2279.95000000,2288.33000000,2279.25000000,2286.04000000,9317.61100000,120,120,False
1725768000000,1725775200000,2286.04000000,2304.80000000,2283.75000000,2284.93000000,13080.68580000,120,120,False
1725775200000,1725782400000,2284.93000000,2299.48000000,2284.36000000,2294.94000000,8878.00000000,120,120,False
1725782400000,1725789600000,2294.94000000,2309.86000000,2287.64000000,2295.10000000,13286.73670000,120,120,False
1725789600000,1725796800000,2295.10000000,2308.80000000,2294.25000000,2296.60000000,10789.15550000,120,120,False
1725796800000,1725804000000,2296.60000000,2299.00000000,2267.00000000,2284.33000000,21878.23940000,120,120,False
1725804000000,1725811200000,2284.32000000,2285.41000000,2240.94000000,2245.74000000,30353.84960000,120,120,False
1725811200000,1725818400000,2245.74000000,2282.92000000,2243.26000000,2281.92000000,18232.97880000,120,120,False
1725818400000,1725825600000,2281.92000000,2283.46000000,2269.36000000,2272.09000000,8775.61960000,120,120,False
1725825600000,1725832800000,2272.08000000,2289.86000000,2267.39000000,2280.60000000,9818.63250000,120,120,False
1725832800000,1725840000000,2280.59000000,2333.58000000,2278.43000000,2297.30000000,38589.96030000,120,120,False
1725840000000,1725847200000,2297.30000000,2320.74000000,2288.61000000,2311.03000000,21545.83720000,120,120,False
1725847200000,1725854400000,2311.03000000,2311.40000000,2290.02000000,2304.23000000,14928.32930000,120,120,False
1725854400000,1725861600000,2304.23000000,2307.58000000,2283.10000000,2288.60000000,14613.60120000,120,120,False
1725861600000,1725868800000,2288.61000000,2316.51000000,2287.11000000,2314.33000000,16488.84660000,120,120,False
1725868800000,1725876000000,2314.33000000,2339.00000000,2313.57000000,2317.50000000,24606.60550000,120,120,False
1725876000000,1725883200000,2317.50000000,2326.90000000,2310.06000000,2315.29000000,20584.57210000,120,120,False
1725883200000,1725890400000,2315.30000000,2325.51000000,2300.00000000,2320.83000000,29569.66830000,120,120,False
1725890400000,1725897600000,2320.84000000,2321.98000000,2272.80000000,2292.55000000,41853.84700000,120,120,False
1725897600000,1725904800000,2292.56000000,2352.89000000,2291.00000000,2341.99000000,61273.88380000,120,120,False
1725904800000,1725912000000,2341.99000000,2352.69000000,2324.60000000,2350.57000000,30122.15200000,120,120,False
1725912000000,1725919200000,2350.57000000,2381.41000000,2337.04000000,2368.48000000,34339.67130000,120,120,False
1725919200000,1725926400000,2368.48000000,2375.77000000,2355.35000000,2359.50000000,11771.97570000,120,120,False
1725926400000,1725933600000,2359.51000000,2360.59000000,2334.99000000,2342.84000000,18210.68250000,120,120,False
1725933600000,1725940800000,2342.84000000,2347.97000000,2337.07000000,2340.84000000,9198.59620000,120,120,False
1725940800000,1725948000000,2340.85000000,2349.94000000,2328.00000000,2349.75000000,11298.55430000,120,120,False
1725948000000,1725955200000,2349.75000000,2366.47000000,2339.58000000,2363.51000000,15754.36030000,120,120,False
1725955200000,1725962400000,2363.51000000,2372.00000000,2343.49000000,2349.43000000,21849.53390000,120,120,False
1725962400000,1725969600000,2349.44000000,2353.12000000,2339.08000000,2351.00000000,11812.99620000,120,120,False
1725969600000,1725976800000,2351.00000000,2364.16000000,2329.82000000,2331.79000000,31334.56520000,120,120,False
1725976800000,1725984000000,2331.79000000,2352.40000000,2320.41000000,2325.01000000,25365.71040000,120,120,False
1725984000000,1725991200000,2325.01000000,2363.00000000,2324.52000000,2350.91000000,18373.80280000,120,120,False
1725991200000,1725998400000,2350.91000000,2391.94000000,2348.81000000,2380.73000000,29254.37260000,120,120,False
1725998400000,1726005600000,2380.73000000,2395.59000000,2372.20000000,2374.68000000,19235.40890000,120,120,False
1726005600000,1726012800000,2374.69000000,2400.00000000,2372.20000000,2388.52000000,12693.58960000,120,120,False
1726012800000,1726020000000,2388.52000000,2389.32000000,2339.00000000,2350.55000000,21287.24990000,120,120,False
1726020000000,1726027200000,2350.54000000,2368.97000000,2344.00000000,2348.31000000,17793.51950000,120,120,False
1726027200000,1726034400000,2348.31000000,2348.31000000,2318.66000000,2326.41000000,23275.66260000,120,120,False
1726034400000,1726041600000,2326.35000000,2343.80000000,2322.49000000,2341.66000000,9658.83220000,120,120,False
1726041600000,1726048800000,2341.66000000,2341.89000000,2320.00000000,2329.99000000,12248.81500000,120,120,False
1726048800000,1726056000000,2330.00000000,2330.94000000,2306.45000000,2327.59000000,16987.51200000,120,120,False
1726056000000,1726063200000,2327.59000000,2355.32000000,2283.75000000,2288.00000000,52651.19080000,120,120,False
1726063200000,1726070400000,2288.00000000,2337.15000000,2277.68000000,2325.90000000,57969.20740000,120,120,False
1726070400000,1726077600000,2325.89000000,2368.87000000,2324.48000000,2357.19000000,34089.58240000,120,120,False
1726077600000,1726084800000,2357.19000000,2359.63000000,2329.63000000,2340.60000000,20262.57970000,120,120,False
1726084800000,1726092000000,2340.60000000,2351.80000000,2339.40000000,2342.64000000,6556.41850000,120,120,False
1726092000000,1726099200000,2342.64000000,2345.51000000,2333.00000000,2340.55000000,10117.74250000,120,120,False
1726099200000,1726106400000,2340.54000000,2377.00000000,2339.54000000,2372.99000000,22117.26220000,120,120,False
1726106400000,1726113600000,2372.98000000,2391.93000000,2360.26000000,2368.00000000,22444.48390000,120,120,False
1726113600000,1726120800000,2368.01000000,2379.33000000,2354.96000000,2356.43000000,15141.29290000,120,120,False
1726120800000,1726128000000,2356.43000000,2366.00000000,2352.74000000,2359.59000000,10814.38960000,120,120,False
1726128000000,1726135200000,2359.59000000,2365.99000000,2350.27000000,2352.10000000,13220.59350000,120,120,False
1726135200000,1726142400000,2352.09000000,2355.76000000,2343.20000000,2348.55000000,10238.90870000,120,120,False
1726142400000,1726149600000,2348.56000000,2358.22000000,2333.78000000,2340.81000000,18533.93310000,120,120,False
1726149600000,1726156800000,2340.81000000,2366.98000000,2315.39000000,2323.20000000,35655.50450000,120,120,False
1726156800000,1726164000000,2323.20000000,2350.00000000,2322.42000000,2349.54000000,13027.69180000,120,120,False
1726164000000,1726171200000,2349.54000000,2361.54000000,2338.50000000,2361.03000000,19535.29140000,120,120,False
1726171200000,1726178400000,2361.03000000,2361.04000000,2341.50000000,2349.16000000,11365.94020000,120,120,False
1726178400000,1726185600000,2349.16000000,2373.64000000,2348.96000000,2361.76000000,10515.83900000,120,120,False
1726185600000,1726192800000,2361.75000000,2364.56000000,2350.27000000,2358.79000000,6639.51740000,120,120,False
1726192800000,1726200000000,2358.79000000,2360.79000000,2353.51000000,2356.04000000,6974.20490000,120,120,False
1726200000000,1726207200000,2356.04000000,2359.20000000,2345.13000000,2348.86000000,9042.45410000,120,120,False
1726207200000,1726214400000,2348.86000000,2349.71000000,2337.35000000,2348.88000000,8862.82020000,120,120,False
1726214400000,1726221600000,2348.87000000,2358.00000000,2341.66000000,2352.20000000,8820.95820000,120,120,False
1726221600000,1726228800000,2352.21000000,2376.22000000,2350.80000000,2354.35000000,18375.94590000,120,120,False
1726228800000,1726236000000,2354.39000000,2360.69000000,2342.41000000,2355.59000000,23436.68090000,120,120,False
1726236000000,1726243200000,2355.59000000,2412.61000000,2345.05000000,2407.79000000,60714.83810000,120,120,False
1726243200000,1726250400000,2407.79000000,2427.78000000,2396.06000000,2410.51000000,40961.30350000,120,120,False
1726250400000,1726257600000,2410.51000000,2428.38000000,2406.60000000,2421.07000000,23345.15620000,120,120,False
1726257600000,1726264800000,2421.06000000,2464.82000000,2413.14000000,2446.74000000,32387.70740000,120,120,False
1726264800000,1726272000000,2446.75000000,2458.14000000,2438.37000000,2439.19000000,14327.02920000,120,120,False
1726272000000,1726279200000,2439.19000000,2440.60000000,2422.28000000,2423.58000000,16404.63730000,120,120,False
1726279200000,1726286400000,2423.59000000,2434.72000000,2423.58000000,2432.94000000,7215.96370000,120,120,False
1726286400000,1726293600000,2432.94000000,2433.60000000,2414.80000000,2414.81000000,8991.26760000,120,120,False
1726293600000,1726300800000,2414.81000000,2423.00000000,2413.80000000,2420.23000000,7335.53280000,120,120,False
1726300800000,1726308000000,2420.23000000,2421.76000000,2412.00000000,2420.20000000,8233.17340000,120,120,False
1726308000000,1726315200000,2420.20000000,2420.20000000,2407.98000000,2417.07000000,11440.22930000,120,120,False
1726315200000,1726322400000,2417.08000000,2424.11000000,2412.17000000,2416.81000000,12411.24450000,120,120,False
1726322400000,1726329600000,2416.80000000,2423.58000000,2414.75000000,2418.54000000,6707.89230000,120,120,False
1726329600000,1726336800000,2418.55000000,2421.15000000,2411.69000000,2414.34000000,6349.15900000,120,120,False
1726336800000,1726344000000,2414.34000000,2414.34000000,2376.72000000,2408.71000000,25452.17820000,120,120,False
1726344000000,1726351200000,2408.71000000,2422.99000000,2407.16000000,2416.57000000,8053.97380000,120,120,False
1726351200000,1726358400000,2416.57000000,2419.40000000,2411.48000000,2417.79000000,4335.97830000,120,120,False
1726358400000,1726365600000,2417.80000000,2430.32000000,2416.53000000,2425.45000000,7741.19230000,120,120,False
1726365600000,1726372800000,2425.44000000,2427.89000000,2419.60000000,2420.09000000,6857.41000000,120,120,False
1726372800000,1726380000000,2420.09000000,2421.82000000,2414.10000000,2418.66000000,4556.14520000,120,120,False
1726380000000,1726387200000,2418.67000000,2424.49000000,2418.66000000,2422.90000000,4492.52470000,120,120,False
1726387200000,1726394400000,2422.89000000,2423.18000000,2411.04000000,2412.78000000,5224.05990000,120,120,False
1726394400000,1726401600000,2412.78000000,2414.09000000,2401.75000000,2406.86000000,9547.60850000,120,120,False
1726401600000,1726408800000,2406.86000000,2418.72000000,2405.20000000,2410.40000000,9339.52690000,120,120,False
1726408800000,1726416000000,2410.39000000,2415.40000000,2396.28000000,2408.71000000,11043.17800000,120,120,False
1726416000000,1726423200000,2408.72000000,2409.12000000,2376.00000000,2383.36000000,18005.85970000,120,120,False
1726423200000,1726430400000,2383.35000000,2388.33000000,2362.71000000,2372.35000000,23665.21190000,120,120,False
1726430400000,1726437600000,2372.34000000,2372.34000000,2336.39000000,2353.08000000,24596.00780000,120,120,False
1726437600000,1726444800000,2353.08000000,2353.36000000,2283.75000000,2316.10000000,49295.46970000,120,120,False
1726444800000,1726452000000,2316.09000000,2322.60000000,2260.25000000,2277.58000000,47398.35110000,120,120,False
1726452000000,1726459200000,2277.58000000,2284.68000000,2252.39000000,2278.38000000,39564.48660000,120,120,False
1726459200000,1726466400000,2278.38000000,2295.54000000,2276.10000000,2293.23000000,21625.45110000,120,120,False
1726466400000,1726473600000,2293.24000000,2312.86000000,2290.00000000,2310.69000000,20638.36510000,120,120,False
1726473600000,1726480800000,2310.69000000,2335.70000000,2289.00000000,2291.76000000,30919.32000000,120,120,False
1726480800000,1726488000000,2291.76000000,2309.58000000,2289.40000000,2307.80000000,14345.31710000,120,120,False
1726488000000,1726495200000,2307.80000000,2312.60000000,2281.12000000,2303.07000000,26486.79560000,120,120,False
1726495200000,1726502400000,2303.04000000,2305.80000000,2269.52000000,2287.72000000,27089.28950000,120,120,False
1726502400000,1726509600000,2287.73000000,2311.06000000,2269.25000000,2306.02000000,30403.23240000,120,120,False
1726509600000,1726516800000,2306.00000000,2306.46000000,2272.39000000,2275.22000000,26728.43380000,120,120,False
1726516800000,1726524000000,2275.22000000,2291.20000000,2267.60000000,2291.20000000,37870.76370000,120,120,False
1726524000000,1726531200000,2291.19000000,2301.60000000,2282.02000000,2295.68000000,7485.42600000,120,120,False
1726531200000,1726538400000,2295.67000000,2298.91000000,2263.29000000,2275.32000000,17010.51530000,120,120,False
1726538400000,1726545600000,2275.33000000,2289.60000000,2274.40000000,2284.18000000,11493.25970000,120,120,False
1726545600000,1726552800000,2284.19000000,2306.34000000,2282.44000000,2301.84000000,10495.40290000,120,120,False
1726552800000,1726560000000,2301.84000000,2310.75000000,2295.61000000,2309.18000000,12656.37250000,120,120,False
1726560000000,1726567200000,2309.18000000,2320.23000000,2302.46000000,2313.96000000,23296.72970000,120,120,False
1726567200000,1726574400000,2313.97000000,2323.69000000,2306.47000000,2308.12000000,17271.08150000,120,120,False
1726574400000,1726581600000,2308.12000000,2329.29000000,2302.61000000,2306.61000000,20838.28350000,120,120,False
1726581600000,1726588800000,2306.60000000,2393.63000000,2305.61000000,2383.79000000,79439.65910000,120,120,False
1726588800000,1726596000000,2383.79000000,2390.00000000,2361.43000000,2367.25000000,29537.56770000,120,120,False
1726596000000,1726603200000,2367.25000000,2370.80000000,2327.90000000,2353.09000000,25813.03620000,120,120,False
1726603200000,1726610400000,2353.09000000,2361.60000000,2343.29000000,2347.80000000,17604.58660000,120,120,False
1726610400000,1726617600000,2347.80000000,2348.20000000,2328.79000000,2341.80000000,8749.76410000,120,120,False
1726617600000,1726624800000,2341.79000000,2341.80000000,2309.69000000,2325.08000000,18082.17600000,120,120,False
1726624800000,1726632000000,2325.08000000,2343.28000000,2323.07000000,2334.79000000,15186.87240000,120,120,False
1726632000000,1726639200000,2334.79000000,2336.24000000,2312.64000000,2321.14000000,14335.63040000,120,120,False
1726639200000,1726646400000,2321.13000000,2335.00000000,2320.01000000,2330.00000000,10004.39230000,120,120,False
1726646400000,1726653600000,2330.00000000,2330.01000000,2293.31000000,2295.35000000,19688.46060000,120,120,False
1726653600000,1726660800000,2295.34000000,2311.27000000,2277.34000000,2300.59000000,24310.29750000,120,120,False
1726660800000,1726668000000,2300.60000000,2318.00000000,2288.05000000,2295.15000000,17881.81260000,120,120,False
1726668000000,1726675200000,2295.14000000,2311.50000000,2288.00000000,2296.00000000,21372.74420000,120,120,False
1726675200000,1726682400000,2296.00000000,2318.40000000,2288.25000000,2309.21000000,19883.28940000,120,120,False
1726682400000,1726689600000,2309.21000000,2364.42000000,2301.93000000,2315.19000000,88095.58080000,120,120,False
1726689600000,1726696800000,2315.19000000,2342.71000000,2290.00000000,2331.46000000,21606.89920000,120,120,False
1726696800000,1726704000000,2331.42000000,2376.14000000,2331.40000000,2374.75000000,22469.44540000,120,120,False
1726704000000,1726711200000,2374.74000000,2409.40000000,2372.60000000,2390.31000000,52948.76200000,120,120,False
1726711200000,1726718400000,2390.32000000,2412.82000000,2384.09000000,2403.68000000,21114.70350000,120,120,False
1726718400000,1726725600000,2403.69000000,2422.79000000,2399.59000000,2411.80000000,20509.67960000,120,120,False
1726725600000,1726732800000,2411.79000000,2442.60000000,2404.50000000,2438.06000000,31415.13700000,120,120,False
1726732800000,1726740000000,2438.07000000,2442.10000000,2428.99000000,2430.81000000,27339.95770000,120,120,False
1726740000000,1726747200000,2430.82000000,2439.10000000,2423.35000000,2435.35000000,15299.89480000,120,120,False
1726747200000,1726754400000,2435.34000000,2453.00000000,2420.48000000,2432.49000000,33440.47040000,120,120,False
1726754400000,1726761600000,2432.49000000,2441.00000000,2421.56000000,2440.00000000,23589.86210000,120,120,False
1726761600000,1726768800000,2439.99000000,2483.66000000,2433.41000000,2475.61000000,45461.93830000,120,120,False
1726768800000,1726776000000,2475.61000000,2494.95000000,2460.01000000,2460.93000000,24009.71550000,120,120,False
1726776000000,1726783200000,2460.94000000,2471.38000000,2456.52000000,2461.65000000,10841.37650000,120,120,False
1726783200000,1726790400000,2461.65000000,2478.80000000,2452.26000000,2465.21000000,20774.53460000,120,120,False
1726790400000,1726797600000,2465.21000000,2467.17000000,2437.31000000,2454.40000000,20626.39730000,120,120,False
1726797600000,1726804800000,2454.39000000,2521.71000000,2445.09000000,2520.56000000,28628.05490000,120,120,False
1726804800000,1726812000000,2520.56000000,2557.79000000,2516.81000000,2544.00000000,58776.25920000,120,120,False
1726812000000,1726819200000,2544.00000000,2571.93000000,2537.55000000,2561.00000000,44723.37670000,120,120,False
1726819200000,1726826400000,2561.00000000,2565.00000000,2539.34000000,2543.07000000,27698.43460000,120,120,False
1726826400000,1726833600000,2543.06000000,2555.39000000,2539.39000000,2544.96000000,15598.77420000,120,120,False
1726833600000,1726840800000,2544.95000000,2559.32000000,2523.00000000,2527.95000000,30046.08680000,120,120,False
1726840800000,1726848000000,2527.96000000,2570.00000000,2516.20000000,2560.27000000,51246.24300000,120,120,False
1726848000000,1726855200000,2560.27000000,2569.00000000,2531.08000000,2537.00000000,24367.97620000,120,120,False
1726855200000,1726862400000,2537.00000000,2549.40000000,2525.36000000,2540.98000000,17773.70090000,120,120,False
1726862400000,1726869600000,2540.97000000,2553.67000000,2538.47000000,2545.77000000,11838.84620000,120,120,False
1726869600000,1726876800000,2545.77000000,2562.40000000,2545.20000000,2561.40000000,9430.44120000,120,120,False
1726876800000,1726884000000,2561.40000000,2587.40000000,2542.00000000,2543.80000000,34599.61440000,120,120,False
1726884000000,1726891200000,2543.80000000,2549.68000000,2534.17000000,2544.00000000,9162.65370000,120,120,False
1726891200000,1726898400000,2544.01000000,2545.80000000,2528.97000000,2544.53000000,12134.58030000,120,120,False
1726898400000,1726905600000,2544.53000000,2558.99000000,2542.99000000,2555.77000000,11981.40410000,120,120,False
1726905600000,1726912800000,2555.77000000,2557.34000000,2546.29000000,2552.99000000,7923.08520000,120,120,False
1726912800000,1726920000000,2552.99000000,2557.14000000,2545.04000000,2556.50000000,5716.22360000,120,120,False
1726920000000,1726927200000,2556.49000000,2576.47000000,2551.36000000,2570.40000000,13187.75420000,120,120,False
1726927200000,1726934400000,2570.41000000,2575.25000000,2550.44000000,2560.00000000,13619.83830000,120,120,False
1726934400000,1726941600000,2560.00000000,2573.00000000,2556.21000000,2570.08000000,9799.39780000,120,120,False
1726941600000,1726948800000,2570.08000000,2578.40000000,2566.88000000,2572.05000000,6254.37290000,120,120,False
1726948800000,1726956000000,2572.06000000,2572.39000000,2560.37000000,2561.55000000,5012.37130000,120,120,False
1726956000000,1726963200000,2561.56000000,2623.34000000,2560.00000000,2612.40000000,25366.58150000,120,120,False
1726963200000,1726970400000,2612.40000000,2632.57000000,2600.26000000,2600.79000000,26813.28100000,120,120,False
1726970400000,1726977600000,2600.80000000,2614.68000000,2588.10000000,2594.71000000,18146.61900000,120,120,False
1726977600000,1726984800000,2594.70000000,2604.60000000,2579.31000000,2582.06000000,11485.63060000,120,120,False
1726984800000,1726992000000,2582.05000000,2590.74000000,2576.01000000,2587.99000000,12218.44280000,120,120,False
1726992000000,1726999200000,2587.99000000,2595.76000000,2573.39000000,2579.62000000,14223.40050000,120,120,False
1726999200000,1727006400000,2579.63000000,2584.77000000,2569.61000000,2580.59000000,13380.29320000,120,120,False
1727006400000,1727013600000,2580.59000000,2588.00000000,2566.19000000,2570.70000000,16877.22840000,120,120,False
1727013600000,1727020800000,2570.70000000,2576.20000000,2554.82000000,2570.51000000,18645.56900000,120,120,False
1727020800000,1727028000000,2570.51000000,2591.69000000,2552.49000000,2585.39000000,24713.04230000,120,120,False
1727028000000,1727035200000,2585.39000000,2586.00000000,2562.62000000,2578.37000000,11697.38740000,120,120,False
1727035200000,1727042400000,2578.38000000,2582.97000000,2544.63000000,2547.61000000,12848.27630000,120,120,False
1727042400000,1727049600000,2547.60000000,2594.00000000,2524.58000000,2581.00000000,33217.15520000,120,120,False
1727049600000,1727056800000,2580.99000000,2620.29000000,2539.49000000,2614.00000000,41504.38860000,120,120,False
1727056800000,1727064000000,2614.00000000,2687.24000000,2608.99000000,2676.71000000,56804.42950000,120,120,False
1727064000000,1727071200000,2676.71000000,2681.13000000,2652.61000000,2657.40000000,24256.69170000,120,120,False
1727071200000,1727078400000,2657.39000000,2661.61000000,2636.49000000,2646.48000000,19961.57020000,120,120,False
1727078400000,1727085600000,2646.47000000,2662.47000000,2636.76000000,2656.35000000,19666.21870000,120,120,False
1727085600000,1727092800000,2656.36000000,2657.48000000,2633.91000000,2646.00000000,17173.88160000,120,120,False
1727092800000,1727100000000,2646.00000000,2652.19000000,2631.45000000,2643.40000000,22228.07950000,120,120,False
1727100000000,1727107200000,2643.39000000,2685.10000000,2640.91000000,2675.38000000,37041.38420000,120,120,False
1727107200000,1727114400000,2675.37000000,2702.82000000,2658.08000000,2668.64000000,40372.27710000,120,120,False
1727114400000,1727121600000,2668.66000000,2692.61000000,2664.25000000,2672.97000000,18594.34210000,120,120,False
1727121600000,1727128800000,2672.97000000,2682.30000000,2644.80000000,2656.00000000,17369.02990000,120,120,False
1727128800000,1727136000000,2656.00000000,2656.59000000,2639.55000000,2646.97000000,18309.72180000,120,120,False
1727136000000,1727143200000,2646.98000000,2651.39000000,2616.67000000,2627.71000000,26599.08620000,120,120,False
1727143200000,1727150400000,2627.71000000,2630.79000000,2609.40000000,2627.40000000,25467.87840000,120,120,False
1727150400000,1727157600000,2627.39000000,2633.32000000,2618.28000000,2631.79000000,10407.21090000,120,120,False
1727157600000,1727164800000,2631.80000000,2649.40000000,2631.79000000,2647.00000000,15198.28300000,120,120,False
1727164800000,1727172000000,2647.00000000,2667.75000000,2643.13000000,2645.39000000,19978.54770000,120,120,False
1727172000000,1727179200000,2645.39000000,2652.39000000,2619.35000000,2636.85000000,25131.99370000,120,120,False
1727179200000,1727186400000,2636.86000000,2646.36000000,2629.61000000,2634.35000000,21498.24270000,120,120,False
1727186400000,1727193600000,2634.35000000,2634.36000000,2591.56000000,2612.44000000,58168.49870000,120,120,False
1727193600000,1727200800000,2612.44000000,2657.00000000,2611.07000000,2647.62000000,30305.71210000,120,120,False
1727200800000,1727208000000,2647.60000000,2655.39000000,2633.36000000,2650.49000000,13873.70210000,120,120,False
1727208000000,1727215200000,2650.49000000,2659.72000000,2640.14000000,2647.77000000,17448.29770000,120,120,False
1727215200000,1727222400000,2647.77000000,2670.96000000,2647.77000000,2653.20000000,24522.58700000,120,120,False
1727222400000,1727229600000,2653.20000000,2673.50000000,2632.50000000,2649.52000000,29924.99060000,120,120,False
1727229600000,1727236800000,2649.51000000,2657.00000000,2640.00000000,2646.60000000,15646.70740000,120,120,False
1727236800000,1727244000000,2646.61000000,2646.87000000,2620.60000000,2624.41000000,16648.45880000,120,120,False
1727244000000,1727251200000,2624.40000000,2627.40000000,2610.53000000,2621.47000000,19428.34470000,120,120,False
1727251200000,1727258400000,2621.48000000,2629.82000000,2620.00000000,2620.99000000,10183.01580000,120,120,False
1727258400000,1727265600000,2620.99000000,2630.52000000,2613.99000000,2627.40000000,18301.70590000,120,120,False
1727265600000,1727272800000,2627.39000000,2627.60000000,2604.11000000,2617.77000000,14784.82080000,120,120,False
1727272800000,1727280000000,2617.77000000,2629.56000000,2595.61000000,2600.81000000,25482.32210000,120,120,False
1727280000000,1727287200000,2600.81000000,2609.39000000,2564.77000000,2575.41000000,33792.72840000,120,120,False
1727287200000,1727294400000,2575.41000000,2589.06000000,2568.00000000,2570.69000000,13400.15610000,120,120,False
1727294400000,1727301600000,2570.69000000,2584.75000000,2570.36000000,2581.01000000,6860.85090000,120,120,False
1727301600000,1727308800000,2581.02000000,2582.50000000,2554.05000000,2579.95000000,15889.32780000,120,120,False
1727308800000,1727316000000,2580.09000000,2588.85000000,2559.20000000,2586.30000000,22481.82860000,120,120,False
1727316000000,1727323200000,2586.35000000,2607.00000000,2585.60000000,2602.30000000,18796.12710000,120,120,False
1727323200000,1727330400000,2602.31000000,2616.61000000,2591.75000000,2613.19000000,11669.19860000,120,120,False
1727330400000,1727337600000,2613.20000000,2634.95000000,2612.04000000,2629.80000000,18998.16040000,120,120,False
1727337600000,1727344800000,2629.80000000,2632.80000000,2612.83000000,2619.86000000,20684.06000000,120,120,False
1727344800000,1727352000000,2619.86000000,2639.50000000,2617.00000000,2628.80000000,26149.74070000,120,120,False
1727352000000,1727359200000,2628.79000000,2639.89000000,2613.20000000,2620.71000000,22799.85490000,120,120,False
1727359200000,1727366400000,2620.72000000,2663.80000000,2607.92000000,2652.01000000,59996.66080000,120,120,False
1727366400000,1727373600000,2652.01000000,2666.22000000,2628.40000000,2629.93000000,29456.28400000,120,120,False
1727373600000,1727380800000,2629.93000000,2660.00000000,2626.80000000,2648.99000000,17206.77240000,120,120,False
1727380800000,1727388000000,2649.00000000,2654.97000000,2628.71000000,2638.60000000,18897.51620000,120,120,False
1727388000000,1727395200000,2638.60000000,2646.15000000,2617.49000000,2632.26000000,11550.15360000,120,120,False
1727395200000,1727402400000,2632.25000000,2644.90000000,2621.67000000,2625.50000000,13946.54990000,120,120,False
1727402400000,1727409600000,2625.50000000,2641.48000000,2615.21000000,2638.66000000,12821.82390000,120,120,False
1727409600000,1727416800000,2638.66000000,2655.12000000,2636.80000000,2653.57000000,17220.63750000,120,120,False
1727416800000,1727424000000,2653.57000000,2668.37000000,2652.43000000,2657.27000000,39492.95110000,120,120,False
1727424000000,1727431200000,2657.28000000,2677.61000000,2654.54000000,2662.60000000,22540.78730000,120,120,False
1727431200000,1727438400000,2662.61000000,2663.90000000,2641.30000000,2652.00000000,19055.73900000,120,120,False
1727438400000,1727445600000,2652.00000000,2665.00000000,2642.20000000,2662.72000000,18696.07340000,120,120,False
1727445600000,1727452800000,2662.73000000,2699.68000000,2657.49000000,2683.62000000,48541.13820000,120,120,False
1727452800000,1727460000000,2683.63000000,2728.60000000,2678.49000000,2703.52000000,50260.24290000,120,120,False
1727460000000,1727467200000,2703.53000000,2709.10000000,2686.91000000,2701.37000000,21557.01350000,120,120,False
1727467200000,1727474400000,2701.38000000,2704.00000000,2689.99000000,2693.99000000,10034.26690000,120,120,False
1727474400000,1727481600000,2694.00000000,2708.41000000,2691.16000000,2694.43000000,7659.75560000,120,120,False
1727481600000,1727488800000,2694.43000000,2700.50000000,2690.31000000,2697.85000000,8289.38060000,120,120,False
1727488800000,1727496000000,2697.85000000,2704.35000000,2688.01000000,2690.31000000,12838.70090000,120,120,False
1727496000000,1727503200000,2690.31000000,2700.36000000,2682.69000000,2683.09000000,12195.40690000,120,120,False
1727503200000,1727510400000,2683.08000000,2687.00000000,2674.75000000,2677.93000000,11923.31070000,120,120,False
1727510400000,1727517600000,2677.93000000,2678.42000000,2650.00000000,2669.92000000,20339.74620000,120,120,False
1727517600000,1727524800000,2669.92000000,2677.14000000,2666.75000000,2675.22000000,9341.45440000,120,120,False
1727524800000,1727532000000,2675.23000000,2675.90000000,2652.20000000,2659.60000000,15108.52450000,120,120,False
1727532000000,1727539200000,2659.61000000,2675.82000000,2659.61000000,2669.90000000,9564.14770000,120,120,False
1727539200000,1727546400000,2669.89000000,2683.74000000,2662.21000000,2675.47000000,15417.77760000,120,120,False
1727546400000,1727553600000,2675.47000000,2684.51000000,2675.08000000,2678.34000000,5981.81080000,120,120,False
1727553600000,1727560800000,2678.33000000,2679.99000000,2655.50000000,2670.69000000,6534.33750000,120,120,False
1727560800000,1727568000000,2670.70000000,2680.33000000,2664.80000000,2675.21000000,9695.43640000,120,120,False
1727568000000,1727575200000,2675.21000000,2682.21000000,2663.64000000,2675.66000000,7447.75870000,120,120,False
1727575200000,1727582400000,2675.67000000,2683.70000000,2667.19000000,2674.96000000,5965.54880000,120,120,False
1727582400000,1727589600000,2674.96000000,2674.96000000,2662.06000000,2665.31000000,6662.17820000,120,120,False
1727589600000,1727596800000,2665.31000000,2668.20000000,2629.73000000,2640.44000000,48517.92920000,120,120,False
1727596800000,1727604000000,2640.43000000,2652.50000000,2634.20000000,2647.33000000,16256.04130000,120,120,False
1727604000000,1727611200000,2647.33000000,2655.00000000,2638.20000000,2652.49000000,8064.74220000,120,120,False
1727611200000,1727618400000,2652.49000000,2659.16000000,2641.00000000,2656.20000000,11012.26690000,120,120,False
1727618400000,1727625600000,2656.20000000,2669.20000000,2647.88000000,2666.38000000,13879.72250000,120,120,False
1727625600000,1727632800000,2666.38000000,2671.80000000,2650.49000000,2662.79000000,13614.78610000,120,120,False
1727632800000,1727640000000,2662.80000000,2667.63000000,2660.01000000,2666.78000000,6755.02560000,120,120,False
1727640000000,1727647200000,2666.77000000,2673.41000000,2658.01000000,2666.63000000,11090.55840000,120,120,False
1727647200000,1727654400000,2666.62000000,2671.52000000,2648.00000000,2657.62000000,11287.75670000,120,120,False
1727654400000,1727661600000,2657.62000000,2663.50000000,2613.50000000,2615.17000000,32376.79040000,120,120,False
1727661600000,1727668800000,2615.17000000,2632.00000000,2601.12000000,2629.89000000,35097.85730000,120,120,False
1727668800000,1727676000000,2629.89000000,2637.62000000,2623.08000000,2636.20000000,14183.24340000,120,120,False
1727676000000,1727683200000,2636.20000000,2643.53000000,2629.34000000,2637.82000000,13814.15860000,120,120,False
1727683200000,1727690400000,2637.81000000,2643.08000000,2607.00000000,2607.00000000,31426.28830000,120,120,False
1727690400000,1727697600000,2607.01000000,2632.84000000,2592.42000000,2628.94000000,35360.24850000,120,120,False
1727697600000,1727704800000,2628.94000000,2638.94000000,2621.55000000,2625.21000000,13196.07100000,120,120,False
1727704800000,1727712000000,2625.21000000,2628.92000000,2593.73000000,2596.00000000,22571.28300000,120,120,False
1727712000000,1727719200000,2595.99000000,2610.00000000,2590.00000000,2609.39000000,16835.68710000,120,120,False
1727719200000,1727726400000,2609.38000000,2610.01000000,2575.00000000,2595.31000000,28235.96350000,120,120,False
1727726400000,1727733600000,2595.31000000,2617.46000000,2593.45000000,2610.55000000,20382.91790000,120,120,False
1727733600000,1727740800000,2610.54000000,2614.41000000,2576.58000000,2602.23000000,18995.28710000,120,120,False
1727740800000,1727748000000,2602.24000000,2629.37000000,2591.34000000,2621.62000000,28823.87280000,120,120,False
1727748000000,1727755200000,2621.62000000,2633.30000000,2608.20000000,2629.83000000,17897.60590000,120,120,False
1727755200000,1727762400000,2629.83000000,2647.25000000,2627.60000000,2639.90000000,21799.76800000,120,120,False
1727762400000,1727769600000,2639.91000000,2659.00000000,2639.82000000,2645.61000000,20160.68570000,120,120,False
1727769600000,1727776800000,2645.61000000,2647.19000000,2634.65000000,2635.18000000,15605.35240000,120,120,False
1727776800000,1727784000000,2635.19000000,2639.60000000,2628.47000000,2628.87000000,12488.93880000,120,120,False
1727784000000,1727791200000,2628.86000000,2633.42000000,2566.75000000,2580.70000000,44493.03530000,120,120,False
1727791200000,1727798400000,2580.70000000,2591.36000000,2481.40000000,2524.81000000,117870.31680000,120,120,False
1727798400000,1727805600000,2524.81000000,2531.40000000,2428.34000000,2505.99000000,109672.17280000,120,120,False
1727805600000,1727812800000,2505.99000000,2519.71000000,2486.20000000,2488.71000000,27822.45940000,120,120,False
1727812800000,1727820000000,2488.71000000,2492.40000000,2414.00000000,2471.84000000,62865.67680000,120,120,False
1727820000000,1727827200000,2471.84000000,2471.85000000,2440.00000000,2447.79000000,23328.79570000,120,120,False
1727827200000,1727834400000,2447.78000000,2482.21000000,2442.13000000,2480.64000000,24945.48090000,120,120,False
1727834400000,1727841600000,2480.64000000,2499.00000000,2475.25000000,2489.60000000,19805.23160000,120,120,False
1727841600000,1727848800000,2489.60000000,2491.81000000,2472.64000000,2478.00000000,14122.63790000,120,120,False
1727848800000,1727856000000,2478.00000000,2492.93000000,2467.19000000,2482.04000000,19631.88520000,120,120,False
1727856000000,1727863200000,2482.03000000,2486.89000000,2447.00000000,2452.67000000,20413.66070000,120,120,False
1727863200000,1727870400000,2452.67000000,2470.58000000,2441.71000000,2455.22000000,19504.56160000,120,120,False
1727870400000,1727877600000,2455.22000000,2461.22000000,2418.80000000,2450.32000000,42584.89030000,120,120,False
1727877600000,1727884800000,2450.33000000,2463.67000000,2431.81000000,2460.40000000,26866.77770000,120,120,False
1727884800000,1727892000000,2460.40000000,2478.89000000,2433.48000000,2446.71000000,19068.00570000,120,120,False
1727892000000,1727899200000,2446.71000000,2447.15000000,2368.03000000,2371.77000000,55918.22270000,120,120,False
1727899200000,1727906400000,2371.77000000,2392.99000000,2360.00000000,2378.94000000,29356.73470000,120,120,False
1727906400000,1727913600000,2378.95000000,2382.98000000,2352.00000000,2364.10000000,25266.64600000,120,120,False
1727913600000,1727920800000,2364.09000000,2393.31000000,2352.59000000,2384.53000000,27430.27290000,120,120,False
1727920800000,1727928000000,2384.54000000,2399.60000000,2381.65000000,2399.32000000,14688.10920000,120,120,False
1727928000000,1727935200000,2399.32000000,2403.38000000,2380.80000000,2383.62000000,19219.99980000,120,120,False
1727935200000,1727942400000,2383.62000000,2393.52000000,2360.00000000,2364.66000000,23149.50110000,120,120,False
1727942400000,1727949600000,2364.65000000,2367.38000000,2318.72000000,2352.77000000,61320.23290000,120,120,False
1727949600000,1727956800000,2352.77000000,2370.00000000,2347.81000000,2352.34000000,21968.69410000,120,120,False
1727956800000,1727964000000,2352.35000000,2357.80000000,2325.04000000,2347.29000000,29782.42460000,120,120,False
1727964000000,1727971200000,2347.30000000,2366.09000000,2310.00000000,2340.59000000,57402.47470000,120,120,False
1727971200000,1727978400000,2340.60000000,2349.73000000,2312.00000000,2343.83000000,27552.32450000,120,120,False
1727978400000,1727985600000,2343.83000000,2354.31000000,2337.65000000,2353.51000000,11998.37300000,120,120,False
1727985600000,1727992800000,2353.51000000,2354.83000000,2332.60000000,2350.42000000,11033.30610000,120,120,False
1727992800000,1728000000000,2350.42000000,2357.90000000,2343.24000000,2349.80000000,9090.21340000,120,120,False
1728000000000,1728007200000,2349.80000000,2378.92000000,2339.15000000,2377.56000000,23487.74450000,120,120,False
1728007200000,1728014400000,2377.56000000,2380.00000000,2361.35000000,2367.06000000,14671.64160000,120,120,False
1728014400000,1728021600000,2367.07000000,2385.12000000,2365.63000000,2383.34000000,14719.58560000,120,120,False
1728021600000,1728028800000,2383.34000000,2387.58000000,2370.90000000,2381.60000000,14710.18730000,120,120,False
1728028800000,1728036000000,2381.60000000,2393.52000000,2374.48000000,2377.15000000,17478.35960000,120,120,False
1728036000000,1728043200000,2377.15000000,2386.49000000,2374.11000000,2386.20000000,7466.55980000,120,120,False
1728043200000,1728050400000,2386.20000000,2399.99000000,2374.65000000,2378.59000000,33866.95880000,120,120,False
1728050400000,1728057600000,2378.59000000,2418.41000000,2352.60000000,2417.05000000,45396.76970000,120,120,False
1728057600000,1728064800000,2417.10000000,2441.64000000,2409.67000000,2415.25000000,38422.58340000,120,120,False
1728064800000,1728072000000,2415.25000000,2436.10000000,2409.99000000,2428.90000000,13902.46390000,120,120,False
1728072000000,1728079200000,2428.90000000,2431.74000000,2421.87000000,2424.35000000,7684.69760000,120,120,False
1728079200000,1728086400000,2424.34000000,2428.35000000,2412.40000000,2414.41000000,7575.46520000,120,120,False
1728086400000,1728093600000,2414.41000000,2428.23000000,2412.67000000,2417.91000000,9425.14150000,120,120,False
1728093600000,1728100800000,2417.92000000,2418.66000000,2390.26000000,2399.60000000,10931.11200000,120,120,False
1728100800000,1728108000000,2399.61000000,2417.95000000,2397.11000000,2417.94000000,6713.67110000,120,120,False
1728108000000,1728115200000,2417.95000000,2427.00000000,2413.21000000,2415.10000000,7924.80220000,120,120,False
1728115200000,1728122400000,2415.11000000,2428.22000000,2415.10000000,2425.13000000,7514.65750000,120,120,False
1728122400000,1728129600000,2425.12000000,2426.95000000,2416.63000000,2417.19000000,6511.59640000,120,120,False
1728129600000,1728136800000,2417.19000000,2424.15000000,2408.02000000,2409.91000000,9283.70420000,120,120,False
1728136800000,1728144000000,2409.91000000,2418.86000000,2404.70000000,2415.01000000,11287.00990000,120,120,False
1728144000000,1728151200000,2415.01000000,2416.10000000,2402.28000000,2410.15000000,6268.37670000,120,120,False
1728151200000,1728158400000,2410.16000000,2411.80000000,2392.80000000,2396.54000000,12527.83270000,120,120,False
1728158400000,1728165600000,2396.54000000,2409.35000000,2390.05000000,2403.38000000,7394.06640000,120,120,False
1728165600000,1728172800000,2403.39000000,2419.50000000,2403.03000000,2414.66000000,7958.26100000,120,120,False
1728172800000,1728180000000,2414.66000000,2423.00000000,2407.00000000,2420.68000000,6270.70800000,120,120,False
1728180000000,1728187200000,2420.68000000,2422.50000000,2413.20000000,2413.64000000,5594.85830000,120,120,False
1728187200000,1728194400000,2413.63000000,2420.80000000,2410.35000000,2417.06000000,6357.53790000,120,120,False
1728194400000,1728201600000,2417.06000000,2421.00000000,2413.63000000,2417.38000000,4197.92320000,120,120,False
1728201600000,1728208800000,2417.39000000,2428.00000000,2415.40000000,2422.01000000,6866.46180000,120,120,False
1728208800000,1728216000000,2422.01000000,2430.73000000,2419.08000000,2426.63000000,7052.95390000,120,120,False
1728216000000,1728223200000,2426.64000000,2437.59000000,2424.91000000,2431.06000000,9828.94570000,120,120,False
1728223200000,1728230400000,2431.07000000,2457.80000000,2426.70000000,2446.62000000,18356.82740000,120,120,False
1728230400000,1728237600000,2446.62000000,2453.00000000,2435.40000000,2441.89000000,12199.40710000,120,120,False
1728237600000,1728244800000,2441.90000000,2452.84000000,2438.95000000,2441.39000000,7885.57900000,120,120,False
1728244800000,1728252000000,2441.40000000,2444.37000000,2415.65000000,2417.83000000,10626.10490000,120,120,False
1728252000000,1728259200000,2417.83000000,2444.60000000,2417.65000000,2440.03000000,10515.40240000,120,120,False
1728259200000,1728266400000,2440.02000000,2499.00000000,2435.84000000,2496.83000000,34525.99000000,120,120,False
1728266400000,1728273600000,2496.83000000,2512.92000000,2488.00000000,2495.34000000,30380.12240000,120,120,False
1728273600000,1728280800000,2495.34000000,2498.70000000,2481.01000000,2484.89000000,12292.11650000,120,120,False
1728280800000,1728288000000,2484.90000000,2492.18000000,2477.24000000,2480.53000000,12227.56720000,120,120,False
1728288000000,1728295200000,2480.54000000,2488.87000000,2448.53000000,2458.62000000,22244.59080000,120,120,False
1728295200000,1728302400000,2458.62000000,2476.57000000,2437.90000000,2475.84000000,30823.81320000,120,120,False
1728302400000,1728309600000,2475.84000000,2485.20000000,2462.67000000,2475.69000000,21293.68320000,120,120,False
1728309600000,1728316800000,2475.69000000,2521.00000000,2471.34000000,2474.23000000,48689.96240000,120,120,False
1728316800000,1728324000000,2474.24000000,2481.20000000,2458.42000000,2476.49000000,16983.10690000,120,120,False
1728324000000,1728331200000,2476.49000000,2477.00000000,2420.01000000,2445.62000000,33155.50580000,120,120,False
1728331200000,1728338400000,2445.62000000,2457.59000000,2437.59000000,2454.77000000,10039.23110000,120,120,False
1728338400000,1728345600000,2454.76000000,2457.65000000,2403.00000000,2422.71000000,27803.85120000,120,120,False
1728345600000,1728352800000,2422.70000000,2440.00000000,2422.70000000,2434.75000000,11395.33100000,120,120,False
1728352800000,1728360000000,2434.75000000,2448.10000000,2424.00000000,2438.13000000,12047.05010000,120,120,False
1728360000000,1728367200000,2438.13000000,2445.74000000,2419.18000000,2428.40000000,13399.39060000,120,120,False
1728367200000,1728374400000,2428.40000000,2438.75000000,2410.51000000,2428.60000000,17239.92950000,120,120,False
1728374400000,1728381600000,2428.60000000,2437.31000000,2417.40000000,2433.31000000,12781.02390000,120,120,False
1728381600000,1728388800000,2433.30000000,2441.74000000,2427.52000000,2439.71000000,7868.40020000,120,120,False
1728388800000,1728396000000,2439.71000000,2450.27000000,2419.68000000,2448.28000000,17635.31740000,120,120,False
1728396000000,1728403200000,2448.28000000,2453.23000000,2401.18000000,2419.50000000,45544.08320000,120,120,False
1728403200000,1728410400000,2419.49000000,2450.00000000,2411.17000000,2442.87000000,21681.44230000,120,120,False
1728410400000,1728417600000,2442.88000000,2456.62000000,2424.10000000,2440.13000000,21540.08920000,120,120,False
1728417600000,1728424800000,2440.13000000,2466.66000000,2434.84000000,2456.54000000,9867.07050000,120,120,False
1728424800000,1728432000000,2456.55000000,2459.68000000,2434.06000000,2440.89000000,10359.20330000,120,120,False
1728432000000,1728439200000,2440.88000000,2473.61000000,2427.44000000,2462.40000000,21222.48340000,120,120,False
1728439200000,1728446400000,2462.40000000,2463.00000000,2440.90000000,2446.78000000,14713.11410000,120,120,False
1728446400000,1728453600000,2446.78000000,2452.12000000,2439.50000000,2451.13000000,11245.48620000,120,120,False
1728453600000,1728460800000,2451.13000000,2452.61000000,2431.71000000,2436.01000000,9978.00580000,120,120,False
1728460800000,1728468000000,2436.00000000,2440.20000000,2427.79000000,2437.33000000,13920.18730000,120,120,False
1728468000000,1728475200000,2437.32000000,2442.55000000,2427.81000000,2441.70000000,9065.54270000,120,120,False
1728475200000,1728482400000,2441.69000000,2445.62000000,2423.13000000,2429.40000000,21812.43580000,120,120,False
1728482400000,1728489600000,2429.40000000,2472.08000000,2425.25000000,2461.30000000,33765.56720000,120,120,False
1728489600000,1728496800000,2461.30000000,2462.61000000,2428.47000000,2434.25000000,18107.10560000,120,120,False
1728496800000,1728504000000,2434.24000000,2437.35000000,2407.43000000,2418.30000000,22656.02730000,120,120,False
1728504000000,1728511200000,2418.30000000,2418.30000000,2351.42000000,2378.43000000,48534.43110000,120,120,False
1728511200000,1728518400000,2378.43000000,2381.40000000,2363.80000000,2370.47000000,17061.88600000,120,120,False
1728518400000,1728525600000,2370.47000000,2400.60000000,2366.87000000,2391.70000000,20140.61680000,120,120,False
1728525600000,1728532800000,2391.70000000,2400.36000000,2391.64000000,2395.30000000,18037.75630000,120,120,False
1728532800000,1728540000000,2395.31000000,2411.38000000,2391.12000000,2405.58000000,10036.89930000,120,120,False
1728540000000,1728547200000,2405.58000000,2410.00000000,2394.51000000,2395.80000000,9981.17380000,120,120,False
1728547200000,1728554400000,2395.78000000,2397.64000000,2368.55000000,2387.09000000,18542.91730000,120,120,False
1728554400000,1728561600000,2387.08000000,2408.12000000,2387.08000000,2406.56000000,13954.53530000,120,120,False
1728561600000,1728568800000,2406.56000000,2408.93000000,2373.00000000,2382.81000000,25668.90930000,120,120,False
1728568800000,1728576000000,2382.81000000,2405.56000000,2370.00000000,2404.63000000,24642.93020000,120,120,False
1728576000000,1728583200000,2404.62000000,2421.36000000,2364.05000000,2373.17000000,45270.63910000,120,120,False
1728583200000,1728590400000,2373.17000000,2374.10000000,2330.66000000,2367.13000000,48039.23690000,120,120,False
1728590400000,1728597600000,2367.13000000,2387.09000000,2357.07000000,2387.08000000,14820.42780000,120,120,False
1728597600000,1728604800000,2387.08000000,2387.08000000,2371.60000000,2386.49000000,8726.91980000,120,120,False
1728604800000,1728612000000,2386.49000000,2415.40000000,2381.86000000,2406.90000000,15714.18380000,120,120,False
1728612000000,1728619200000,2406.91000000,2416.94000000,2394.77000000,2411.10000000,14575.64710000,120,120,False
1728619200000,1728626400000,2411.18000000,2416.02000000,2403.36000000,2406.26000000,9749.58690000,120,120,False
1728626400000,1728633600000,2406.26000000,2418.55000000,2404.80000000,2407.64000000,15066.14710000,120,120,False
1728633600000,1728640800000,2407.64000000,2418.87000000,2402.65000000,2414.80000000,14931.87370000,120,120,False
1728640800000,1728648000000,2414.80000000,2426.22000000,2411.09000000,2417.82000000,14145.95040000,120,120,False
1728648000000,1728655200000,2417.83000000,2438.60000000,2414.51000000,2431.31000000,25862.40060000,120,120,False
1728655200000,1728662400000,2431.31000000,2453.84000000,2425.78000000,2443.81000000,44925.29970000,120,120,False
1728662400000,1728669600000,2443.80000000,2452.96000000,2433.46000000,2450.04000000,23468.11180000,120,120,False
1728669600000,1728676800000,2450.04000000,2471.45000000,2439.75000000,2459.60000000,30787.83080000,120,120,False
1728676800000,1728684000000,2459.59000000,2462.31000000,2450.02000000,2450.02000000,11829.16360000,120,120,False
1728684000000,1728691200000,2450.02000000,2452.58000000,2434.22000000,2439.50000000,14385.02420000,120,120,False
1728691200000,1728698400000,2439.49000000,2451.37000000,2436.20000000,2444.31000000,17410.51830000,120,120,False
1728698400000,1728705600000,2444.30000000,2444.79000000,2434.35000000,2439.04000000,8170.86760000,120,120,False
1728705600000,1728712800000,2439.05000000,2451.77000000,2439.05000000,2447.41000000,10598.18370000,120,120,False
1728712800000,1728720000000,2447.41000000,2448.98000000,2442.72000000,2446.69000000,8509.28320000,120,120,False
1728720000000,1728727200000,2446.68000000,2447.03000000,2442.61000000,2445.39000000,6281.94980000,120,120,False
1728727200000,1728734400000,2445.38000000,2467.51000000,2443.60000000,2452.50000000,16077.28900000,120,120,False
1728734400000,1728741600000,2452.50000000,2462.31000000,2448.80000000,2461.72000000,9787.27850000,120,120,False
1728741600000,1728748800000,2461.72000000,2484.00000000,2458.00000000,2473.11000000,28372.59340000,120,120,False
1728748800000,1728756000000,2473.10000000,2486.75000000,2468.51000000,2475.90000000,13871.02800000,120,120,False
1728756000000,1728763200000,2475.90000000,2482.00000000,2466.66000000,2472.60000000,7997.91330000,120,120,False
1728763200000,1728770400000,2472.60000000,2480.53000000,2469.10000000,2479.87000000,5193.11300000,120,120,False
1728770400000,1728777600000,2479.87000000,2490.51000000,2475.90000000,2476.40000000,7367.48840000,120,120,False
1728777600000,1728784800000,2476.40000000,2484.92000000,2462.35000000,2467.39000000,11809.37410000,120,120,False
1728784800000,1728792000000,2467.39000000,2470.36000000,2452.55000000,2457.86000000,10415.05820000,120,120,False
1728792000000,1728799200000,2457.86000000,2468.94000000,2457.32000000,2463.59000000,5788.87790000,120,120,False
1728799200000,1728806400000,2463.60000000,2469.84000000,2459.87000000,2465.00000000,6040.43170000,120,120,False
1728806400000,1728813600000,2465.00000000,2471.74000000,2461.00000000,2467.60000000,6457.00030000,120,120,False
1728813600000,1728820800000,2467.59000000,2470.98000000,2457.52000000,2458.27000000,6829.21860000,120,120,False
1728820800000,1728828000000,2458.27000000,2470.49000000,2458.06000000,2464.46000000,6904.84060000,120,120,False
1728828000000,1728835200000,2464.45000000,2464.45000000,2436.40000000,2440.51000000,18398.85560000,120,120,False
1728835200000,1728842400000,2440.51000000,2462.31000000,2437.92000000,2446.30000000,15907.53080000,120,120,False
1728842400000,1728849600000,2446.30000000,2458.80000000,2440.00000000,2458.09000000,8355.89110000,120,120,False
1728849600000,1728856800000,2458.09000000,2469.59000000,2452.87000000,2465.01000000,9708.06060000,120,120,False
1728856800000,1728864000000,2465.00000000,2484.60000000,2460.67000000,2468.91000000,13407.67840000,120,120,False
1728864000000,1728871200000,2468.92000000,2469.80000000,2449.60000000,2452.62000000,10885.99970000,120,120,False
1728871200000,1728878400000,2452.62000000,2526.60000000,2443.39000000,2521.11000000,54454.25430000,120,120,False
1728878400000,1728885600000,2521.11000000,2548.43000000,2511.34000000,2531.44000000,55025.48180000,120,120,False
1728885600000,1728892800000,2531.45000000,2540.52000000,2516.05000000,2535.78000000,35652.40050000,120,120,False
1728892800000,1728900000000,2535.78000000,2543.72000000,2519.65000000,2533.87000000,24459.98060000,120,120,False
1728900000000,1728907200000,2533.87000000,2547.49000000,2531.00000000,2537.90000000,20224.57930000,120,120,False
1728907200000,1728914400000,2537.91000000,2575.28000000,2534.47000000,2568.99000000,52078.43940000,120,120,False
1728914400000,1728921600000,2569.00000000,2642.88000000,2567.99000000,2635.47000000,97310.15020000,120,120,False
1728921600000,1728928800000,2635.47000000,2640.40000000,2615.12000000,2627.03000000,32845.61850000,120,120,False
1728928800000,1728936000000,2627.03000000,2635.68000000,2619.00000000,2620.51000000,18829.98500000,120,120,False
1728936000000,1728943200000,2620.50000000,2629.32000000,2616.10000000,2616.98000000,9414.67670000,120,120,False
1728943200000,1728950400000,2616.98000000,2654.00000000,2616.55000000,2629.79000000,24718.59590000,120,120,False
1728950400000,1728957600000,2629.79000000,2637.38000000,2617.93000000,2629.76000000,15545.08730000,120,120,False
1728957600000,1728964800000,2629.76000000,2634.44000000,2608.52000000,2612.32000000,17154.84860000,120,120,False
1728964800000,1728972000000,2612.33000000,2618.71000000,2590.29000000,2594.99000000,21493.56270000,120,120,False
1728972000000,1728979200000,2595.00000000,2623.70000000,2592.73000000,2615.66000000,18243.58830000,120,120,False
1728979200000,1728986400000,2615.67000000,2622.50000000,2607.26000000,2609.94000000,18138.19700000,120,120,False
1728986400000,1728993600000,2609.94000000,2620.64000000,2580.01000000,2586.20000000,27900.37750000,120,120,False
1728993600000,1729000800000,2586.20000000,2676.31000000,2582.18000000,2671.18000000,54040.08670000,120,120,False
1729000800000,1729008000000,2671.19000000,2688.60000000,2537.36000000,2573.45000000,137271.93390000,120,120,False
1729008000000,1729015200000,2573.42000000,2619.33000000,2571.36000000,2582.04000000,39770.83300000,120,120,False
1729015200000,1729022400000,2582.03000000,2605.62000000,2580.12000000,2592.11000000,30389.65840000,120,120,False
1729022400000,1729029600000,2592.11000000,2595.50000000,2563.60000000,2588.29000000,21169.92500000,120,120,False
1729029600000,1729036800000,2588.28000000,2609.08000000,2585.02000000,2607.41000000,15167.56790000,120,120,False
1729036800000,1729044000000,2607.41000000,2624.82000000,2588.67000000,2619.50000000,23230.28730000,120,120,False
1729044000000,1729051200000,2619.49000000,2630.60000000,2614.20000000,2617.23000000,18328.86210000,120,120,False
1729051200000,1729058400000,2617.22000000,2624.44000000,2603.25000000,2619.01000000,21615.61210000,120,120,False
1729058400000,1729065600000,2619.01000000,2621.90000000,2598.77000000,2607.13000000,23339.14660000,120,120,False
1729065600000,1729072800000,2607.12000000,2622.74000000,2605.01000000,2620.32000000,16999.58640000,120,120,False
1729072800000,1729080000000,2620.33000000,2642.69000000,2608.99000000,2630.40000000,40405.65520000,120,120,False
1729080000000,1729087200000,2630.41000000,2647.79000000,2599.83000000,2606.36000000,37243.87860000,120,120,False
1729087200000,1729094400000,2606.37000000,2645.59000000,2595.00000000,2607.67000000,31898.86240000,120,120,False
1729094400000,1729101600000,2607.68000000,2626.83000000,2591.58000000,2621.00000000,19365.89170000,120,120,False
1729101600000,1729108800000,2621.00000000,2628.00000000,2611.12000000,2614.93000000,9883.29180000,120,120,False
1729108800000,1729116000000,2614.93000000,2628.83000000,2608.94000000,2613.79000000,9143.62900000,120,120,False
1729116000000,1729123200000,2613.79000000,2625.36000000,2609.49000000,2611.10000000,8867.72100000,120,120,False
1729123200000,1729130400000,2611.10000000,2642.66000000,2610.03000000,2642.56000000,19517.22370000,120,120,False
1729130400000,1729137600000,2642.56000000,2645.60000000,2617.30000000,2640.80000000,22579.64900000,120,120,False
1729137600000,1729144800000,2640.80000000,2648.37000000,2625.19000000,2626.67000000,16162.47040000,120,120,False
1729144800000,1729152000000,2626.67000000,2636.37000000,2618.99000000,2628.50000000,17671.03970000,120,120,False
1729152000000,1729159200000,2628.50000000,2630.71000000,2615.30000000,2616.85000000,18301.02370000,120,120,False
1729159200000,1729166400000,2616.86000000,2619.88000000,2596.49000000,2598.01000000,19660.34050000,120,120,False
1729166400000,1729173600000,2598.01000000,2617.20000000,2593.00000000,2600.27000000,17167.57830000,120,120,False
1729173600000,1729180800000,2600.28000000,2632.73000000,2583.50000000,2630.82000000,36202.59100000,120,120,False
1729180800000,1729188000000,2630.81000000,2631.43000000,2601.15000000,2605.99000000,16715.99430000,120,120,False
1729188000000,1729195200000,2606.00000000,2606.79000000,2575.40000000,2595.59000000,19311.05640000,120,120,False
1729195200000,1729202400000,2595.60000000,2607.99000000,2594.80000000,2603.82000000,7318.35490000,120,120,False
1729202400000,1729209600000,2603.82000000,2614.91000000,2601.64000000,2605.80000000,11017.22150000,120,120,False
1729209600000,1729216800000,2605.79000000,2651.66000000,2596.49000000,2643.87000000,28255.93680000,120,120,False
1729216800000,1729224000000,2643.88000000,2646.00000000,2608.76000000,2609.99000000,26994.04890000,120,120,False
1729224000000,1729231200000,2609.98000000,2628.28000000,2608.79000000,2627.49000000,13969.68080000,120,120,False
1729231200000,1729238400000,2627.50000000,2645.83000000,2625.11000000,2644.50000000,25813.29880000,120,120,False
1729238400000,1729245600000,2644.51000000,2650.00000000,2621.20000000,2624.75000000,21251.27310000,120,120,False
1729245600000,1729252800000,2624.74000000,2632.50000000,2621.00000000,2621.98000000,12775.60940000,120,120,False
1729252800000,1729260000000,2621.98000000,2629.60000000,2612.20000000,2627.76000000,22083.77240000,120,120,False
1729260000000,1729267200000,2627.76000000,2663.40000000,2617.50000000,2653.15000000,51210.77670000,120,120,False
1729267200000,1729274400000,2653.15000000,2656.40000000,2629.50000000,2647.00000000,31774.19440000,120,120,False
1729274400000,1729281600000,2647.00000000,2675.58000000,2641.31000000,2651.31000000,33560.09700000,120,120,False
1729281600000,1729288800000,2651.38000000,2652.03000000,2636.86000000,2642.50000000,12229.84950000,120,120,False
1729288800000,1729296000000,2642.49000000,2644.78000000,2633.59000000,2642.17000000,12525.57750000,120,120,False
1729296000000,1729303200000,2642.17000000,2646.00000000,2635.31000000,2635.89000000,10800.08160000,120,120,False
1729303200000,1729310400000,2635.90000000,2663.49000000,2635.22000000,2646.41000000,13551.04040000,120,120,False
1729310400000,1729317600000,2646.41000000,2650.97000000,2640.55000000,2647.21000000,7640.03360000,120,120,False
1729317600000,1729324800000,2647.20000000,2647.52000000,2638.00000000,2641.05000000,9237.88470000,120,120,False
1729324800000,1729332000000,2641.05000000,2648.60000000,2641.05000000,2646.03000000,7413.96650000,120,120,False
1729332000000,1729339200000,2646.02000000,2646.52000000,2631.02000000,2631.48000000,10133.55450000,120,120,False
1729339200000,1729346400000,2631.48000000,2641.60000000,2631.04000000,2635.98000000,8076.07110000,120,120,False
1729346400000,1729353600000,2635.98000000,2654.41000000,2635.98000000,2645.70000000,11624.94220000,120,120,False
1729353600000,1729360800000,2645.69000000,2645.92000000,2637.00000000,2641.29000000,8436.54270000,120,120,False
1729360800000,1729368000000,2641.28000000,2646.52000000,2638.50000000,2641.34000000,5583.76020000,120,120,False
1729368000000,1729375200000,2641.34000000,2649.80000000,2640.89000000,2643.31000000,4670.75980000,120,120,False
1729375200000,1729382400000,2643.31000000,2655.50000000,2641.20000000,2648.20000000,8245.12730000,120,120,False
1729382400000,1729389600000,2648.20000000,2653.56000000,2638.22000000,2640.33000000,8493.81780000,120,120,False
1729389600000,1729396800000,2640.34000000,2645.81000000,2635.54000000,2640.25000000,8366.25290000,120,120,False
1729396800000,1729404000000,2640.26000000,2646.78000000,2638.49000000,2640.29000000,6747.82200000,120,120,False
1729404000000,1729411200000,2640.30000000,2652.03000000,2638.45000000,2646.10000000,9617.40180000,120,120,False
1729411200000,1729418400000,2646.10000000,2651.49000000,2643.13000000,2648.63000000,7028.86940000,120,120,False
1729418400000,1729425600000,2648.63000000,2651.02000000,2645.99000000,2649.49000000,5667.32800000,120,120,False
1729425600000,1729432800000,2649.50000000,2662.00000000,2642.00000000,2660.99000000,17077.57370000,120,120,False
1729432800000,1729440000000,2661.00000000,2721.00000000,2660.99000000,2706.58000000,83507.37390000,120,120,False
1729440000000,1729447200000,2706.58000000,2709.77000000,2686.25000000,2694.83000000,20814.23280000,120,120,False
1729447200000,1729454400000,2694.84000000,2706.31000000,2692.48000000,2699.86000000,10900.52220000,120,120,False
1729454400000,1729461600000,2699.87000000,2719.13000000,2697.03000000,2715.46000000,26225.11020000,120,120,False
1729461600000,1729468800000,2715.46000000,2759.00000000,2714.50000000,2746.91000000,52464.44010000,120,120,False
1729468800000,1729476000000,2746.91000000,2769.48000000,2742.05000000,2745.54000000,36558.19830000,120,120,False
1729476000000,1729483200000,2745.55000000,2748.54000000,2725.30000000,2733.81000000,28721.04100000,120,120,False
1729483200000,1729490400000,2733.81000000,2744.24000000,2727.79000000,2735.11000000,17710.87480000,120,120,False
1729490400000,1729497600000,2735.10000000,2742.76000000,2721.62000000,2722.01000000,18775.33080000,120,120,False
1729497600000,1729504800000,2722.01000000,2729.20000000,2701.41000000,2712.96000000,31048.74370000,120,120,False
1729504800000,1729512000000,2712.97000000,2717.11000000,2702.00000000,2704.77000000,15330.71760000,120,120,False
1729512000000,1729519200000,2704.77000000,2711.36000000,2662.81000000,2672.05000000,50940.21550000,120,120,False
1729519200000,1729526400000,2672.05000000,2685.46000000,2659.12000000,2679.43000000,39974.04230000,120,120,False
1729526400000,1729533600000,2679.43000000,2683.72000000,2655.01000000,2672.71000000,26078.56390000,120,120,False
1729533600000,1729540800000,2672.72000000,2684.79000000,2658.40000000,2680.10000000,20353.37450000,120,120,False
1729540800000,1729548000000,2680.10000000,2681.86000000,2672.50000000,2675.67000000,10128.63590000,120,120,False
1729548000000,1729555200000,2675.67000000,2685.02000000,2665.69000000,2666.70000000,15054.98490000,120,120,False
1729555200000,1729562400000,2666.71000000,2671.92000000,2613.49000000,2647.14000000,57693.23630000,120,120,False
1729562400000,1729569600000,2647.13000000,2656.86000000,2633.40000000,2644.56000000,17188.88090000,120,120,False
1729569600000,1729576800000,2644.56000000,2650.98000000,2635.21000000,2646.45000000,12033.73320000,120,120,False
1729576800000,1729584000000,2646.45000000,2659.39000000,2645.80000000,2646.79000000,16429.36350000,120,120,False
1729584000000,1729591200000,2646.80000000,2649.19000000,2613.20000000,2622.51000000,29034.14820000,120,120,False
1729591200000,1729598400000,2622.50000000,2640.52000000,2620.00000000,2632.90000000,16490.78320000,120,120,False
1729598400000,1729605600000,2632.89000000,2645.50000000,2606.56000000,2621.40000000,27264.09630000,120,120,False
1729605600000,1729612800000,2621.39000000,2642.00000000,2614.40000000,2624.33000000,38316.46750000,120,120,False
1729612800000,1729620000000,2624.33000000,2628.09000000,2607.00000000,2624.99000000,20515.57570000,120,120,False
1729620000000,1729627200000,2624.98000000,2633.82000000,2621.12000000,2628.01000000,10011.06330000,120,120,False
1729627200000,1729634400000,2628.01000000,2636.50000000,2626.32000000,2634.37000000,6893.98290000,120,120,False
1729634400000,1729641600000,2634.36000000,2644.10000000,2618.21000000,2622.81000000,13876.38200000,120,120,False
1729641600000,1729648800000,2622.81000000,2628.20000000,2611.92000000,2624.16000000,11656.27000000,120,120,False
1729648800000,1729656000000,2624.14000000,2624.50000000,2601.18000000,2616.50000000,16713.76360000,120,120,False
1729656000000,1729663200000,2616.49000000,2619.91000000,2610.00000000,2614.99000000,10202.33200000,120,120,False
1729663200000,1729670400000,2614.99000000,2624.68000000,2602.63000000,2602.81000000,14958.48760000,120,120,False
1729670400000,1729677600000,2602.81000000,2611.52000000,2563.73000000,2580.03000000,45193.54290000,120,120,False
1729677600000,1729684800000,2580.03000000,2588.80000000,2578.00000000,2580.93000000,12252.82110000,120,120,False
1729684800000,1729692000000,2580.94000000,2587.40000000,2556.80000000,2581.99000000,28938.97680000,120,120,False
1729692000000,1729699200000,2581.99000000,2582.80000000,2529.66000000,2540.22000000,53597.58120000,120,120,False
1729699200000,1729706400000,2540.21000000,2542.56000000,2485.00000000,2496.10000000,69204.19270000,120,120,False
1729706400000,1729713600000,2496.10000000,2515.48000000,2450.00000000,2512.51000000,57922.29180000,120,120,False
1729713600000,1729720800000,2512.51000000,2518.94000000,2502.00000000,2504.76000000,17004.56460000,120,120,False
1729720800000,1729728000000,2504.75000000,2528.49000000,2503.50000000,2524.61000000,15002.88430000,120,120,False
1729728000000,1729735200000,2524.60000000,2560.75000000,2508.98000000,2545.35000000,32285.94750000,120,120,False
1729735200000,1729742400000,2545.35000000,2559.59000000,2540.00000000,2544.80000000,19158.65800000,120,120,False
1729742400000,1729749600000,2544.80000000,2559.48000000,2540.38000000,2557.13000000,25955.57140000,120,120,False
1729749600000,1729756800000,2557.11000000,2562.65000000,2543.07000000,2544.76000000,24131.42730000,120,120,False
1729756800000,1729764000000,2544.76000000,2551.40000000,2508.80000000,2520.87000000,29196.14650000,120,120,False
1729764000000,1729771200000,2520.87000000,2534.96000000,2520.50000000,2529.47000000,12951.76040000,120,120,False
1729771200000,1729778400000,2529.47000000,2545.75000000,2525.23000000,2536.21000000,31625.75810000,120,120,False
1729778400000,1729785600000,2536.21000000,2537.71000000,2513.40000000,2525.84000000,40991.68300000,120,120,False
1729785600000,1729792800000,2525.80000000,2530.00000000,2507.31000000,2521.42000000,20379.50440000,120,120,False
1729792800000,1729800000000,2521.41000000,2541.91000000,2520.24000000,2539.96000000,20084.17240000,120,120,False
1729800000000,1729807200000,2539.97000000,2560.00000000,2526.60000000,2538.78000000,22662.21810000,120,120,False
1729807200000,1729814400000,2538.78000000,2547.66000000,2529.44000000,2535.82000000,11428.93710000,120,120,False
1729814400000,1729821600000,2535.82000000,2538.53000000,2514.57000000,2519.50000000,12944.36100000,120,120,False
1729821600000,1729828800000,2519.49000000,2532.06000000,2509.89000000,2521.73000000,14640.78400000,120,120,False
1729828800000,1729836000000,2521.73000000,2522.55000000,2485.86000000,2494.91000000,32451.18400000,120,120,False
1729836000000,1729843200000,2494.92000000,2500.39000000,2462.06000000,2484.07000000,31298.18130000,120,120,False
1729843200000,1729850400000,2484.07000000,2543.32000000,2478.37000000,2539.23000000,57792.33880000,120,120,False
1729850400000,1729857600000,2539.24000000,2547.00000000,2531.34000000,2545.13000000,21225.62480000,120,120,False
1729857600000,1729864800000,2545.13000000,2556.32000000,2525.10000000,2551.93000000,31056.98320000,120,120,False
1729864800000,1729872000000,2551.93000000,2566.33000000,2508.71000000,2524.86000000,52710.13490000,120,120,False
1729872000000,1729879200000,2524.86000000,2536.70000000,2480.36000000,2486.64000000,39530.40430000,120,120,False
1729879200000,1729886400000,2486.64000000,2513.69000000,2455.60000000,2476.10000000,75265.43490000,120,120,False
1729886400000,1729893600000,2476.11000000,2495.69000000,2467.44000000,2494.99000000,31555.85900000,120,120,False
1729893600000,1729900800000,2494.99000000,2496.59000000,2382.59000000,2440.62000000,114328.59200000,120,120,False
1729900800000,1729908000000,2440.63000000,2450.83000000,2430.12000000,2442.88000000,39085.00660000,120,120,False
1729908000000,1729915200000,2442.88000000,2458.00000000,2432.72000000,2452.27000000,20081.39540000,120,120,False
1729915200000,1729922400000,2452.27000000,2475.00000000,2451.40000000,2471.71000000,19946.26750000,120,120,False
1729922400000,1729929600000,2471.70000000,2479.70000000,2463.67000000,2465.61000000,19569.38840000,120,120,False
1729929600000,1729936800000,2465.62000000,2478.99000000,2464.40000000,2465.56000000,19858.61720000,120,120,False
1729936800000,1729944000000,2465.57000000,2475.43000000,2463.23000000,2472.98000000,15787.95690000,120,120,False
1729944000000,1729951200000,2472.98000000,2478.80000000,2464.24000000,2465.75000000,18417.75830000,120,120,False
1729951200000,1729958400000,2465.64000000,2467.89000000,2442.20000000,2457.59000000,35656.75660000,120,120,False
1729958400000,1729965600000,2457.60000000,2483.35000000,2455.77000000,2479.29000000,22174.62180000,120,120,False
1729965600000,1729972800000,2479.30000000,2488.14000000,2477.63000000,2486.68000000,13055.76030000,120,120,False
1729972800000,1729980000000,2486.68000000,2508.00000000,2484.41000000,2488.70000000,18720.34740000,120,120,False
1729980000000,1729987200000,2488.70000000,2491.38000000,2481.90000000,2482.51000000,6370.95490000,120,120,False
1729987200000,1729994400000,2482.51000000,2483.55000000,2470.71000000,2477.81000000,7944.49280000,120,120,False
1729994400000,1730001600000,2477.80000000,2484.89000000,2469.52000000,2484.64000000,7744.26930000,120,120,False
1730001600000,1730008800000,2484.65000000,2486.84000000,2478.42000000,2482.39000000,7862.95210000,120,120,False
1730008800000,1730016000000,2482.38000000,2483.87000000,2477.98000000,2481.26000000,5153.35020000,120,120,False
1730016000000,1730023200000,2481.25000000,2484.40000000,2466.43000000,2471.82000000,12864.32030000,120,120,False
1730023200000,1730030400000,2471.81000000,2474.60000000,2464.13000000,2469.86000000,7290.29980000,120,120,False
1730030400000,1730037600000,2469.86000000,2503.98000000,2469.75000000,2484.79000000,24866.80730000,120,120,False
1730037600000,1730044800000,2484.79000000,2505.82000000,2482.12000000,2501.97000000,12510.91390000,120,120,False
1730044800000,1730052000000,2501.98000000,2511.70000000,2492.24000000,2497.72000000,14980.12320000,120,120,False
1730052000000,1730059200000,2497.71000000,2498.57000000,2486.00000000,2494.59000000,7570.10380000,120,120,False
1730059200000,1730066400000,2494.58000000,2521.83000000,2490.83000000,2511.61000000,11676.34690000,120,120,False
1730066400000,1730073600000,2511.62000000,2527.99000000,2506.49000000,2507.80000000,17116.90400000,120,120,False
1730073600000,1730080800000,2507.80000000,2512.53000000,2491.80000000,2492.00000000,13474.35030000,120,120,False
1730080800000,1730088000000,2492.00000000,2495.78000000,2471.67000000,2477.71000000,15427.98840000,120,120,False
1730088000000,1730095200000,2477.70000000,2490.79000000,2473.20000000,2486.53000000,13384.04200000,120,120,False
1730095200000,1730102400000,2486.53000000,2527.00000000,2482.38000000,2511.77000000,26150.40960000,120,120,False
1730102400000,1730109600000,2511.77000000,2542.62000000,2505.18000000,2542.30000000,23678.05450000,120,120,False
1730109600000,1730116800000,2542.30000000,2544.74000000,2525.88000000,2527.12000000,26987.72750000,120,120,False
1730116800000,1730124000000,2527.12000000,2536.60000000,2511.97000000,2513.77000000,33092.31690000,120,120,False
1730124000000,1730131200000,2513.77000000,2536.34000000,2498.46000000,2501.02000000,40687.77740000,120,120,False
1730131200000,1730138400000,2501.01000000,2516.40000000,2488.00000000,2501.27000000,35152.20000000,120,120,False
1730138400000,1730145600000,2501.27000000,2524.30000000,2489.10000000,2506.70000000,42017.75390000,120,120,False
1730145600000,1730152800000,2506.70000000,2548.47000000,2505.01000000,2544.23000000,29273.72080000,120,120,False
1730152800000,1730160000000,2544.23000000,2589.67000000,2544.23000000,2567.48000000,61278.98570000,120,120,False
1730160000000,1730167200000,2567.49000000,2596.40000000,2561.20000000,2583.07000000,33659.91690000,120,120,False
1730167200000,1730174400000,2583.07000000,2631.66000000,2579.30000000,2607.75000000,79574.59840000,120,120,False
1730174400000,1730181600000,2607.75000000,2626.49000000,2607.75000000,2617.71000000,25982.04390000,120,120,False
1730181600000,1730188800000,2617.72000000,2624.49000000,2609.09000000,2613.30000000,21616.16120000,120,120,False
1730188800000,1730196000000,2613.29000000,2630.20000000,2612.81000000,2624.39000000,23299.07160000,120,120,False
1730196000000,1730203200000,2624.39000000,2638.80000000,2619.63000000,2631.59000000,24185.14680000,120,120,False
1730203200000,1730210400000,2631.59000000,2638.69000000,2611.33000000,2637.31000000,30133.65250000,120,120,False
1730210400000,1730217600000,2637.30000000,2650.99000000,2618.00000000,2648.52000000,46622.13450000,120,120,False
1730217600000,1730224800000,2648.51000000,2681.86000000,2642.46000000,2655.98000000,61288.98620000,120,120,False
1730224800000,1730232000000,2655.98000000,2674.79000000,2623.22000000,2624.74000000,56892.99720000,120,120,False
1730232000000,1730239200000,2624.74000000,2629.99000000,2606.82000000,2622.53000000,31665.45190000,120,120,False
1730239200000,1730246400000,2622.52000000,2648.25000000,2620.51000000,2638.80000000,16995.54140000,120,120,False
1730246400000,1730253600000,2638.80000000,2641.50000000,2599.66000000,2625.50000000,32741.63470000,120,120,False
1730253600000,1730260800000,2625.50000000,2651.42000000,2623.68000000,2641.70000000,25909.83200000,120,120,False
1730260800000,1730268000000,2641.71000000,2654.64000000,2636.20000000,2652.90000000,25613.17620000,120,120,False
1730268000000,1730275200000,2652.90000000,2684.21000000,2652.90000000,2668.60000000,30479.45440000,120,120,False
1730275200000,1730282400000,2668.60000000,2693.73000000,2661.51000000,2692.19000000,32330.36880000,120,120,False
1730282400000,1730289600000,2692.19000000,2696.50000000,2657.09000000,2659.18000000,41084.38600000,120,120,False
1730289600000,1730296800000,2659.18000000,2702.65000000,2653.03000000,2696.76000000,66582.08060000,120,120,False
1730296800000,1730304000000,2696.75000000,2722.30000000,2671.10000000,2683.08000000,82910.48000000,120,120,False
1730304000000,1730311200000,2683.07000000,2696.22000000,2660.00000000,2674.00000000,28452.08090000,120,120,False
1730311200000,1730318400000,2674.01000000,2682.50000000,2653.26000000,2655.00000000,23306.75630000,120,120,False
1730318400000,1730325600000,2655.00000000,2686.13000000,2635.52000000,2660.11000000,54970.29880000,120,120,False
1730325600000,1730332800000,2660.11000000,2670.28000000,2648.87000000,2659.19000000,16246.57730000,120,120,False
1730332800000,1730340000000,2659.19000000,2669.00000000,2637.63000000,2663.03000000,22200.49080000,120,120,False
1730340000000,1730347200000,2663.02000000,2667.47000000,2649.00000000,2657.00000000,22544.97310000,120,120,False
1730347200000,1730354400000,2657.00000000,2657.99000000,2642.99000000,2649.95000000,14717.94580000,120,120,False
1730354400000,1730361600000,2649.95000000,2650.99000000,2631.63000000,2646.80000000,15776.47010000,120,120,False
1730361600000,1730368800000,2646.79000000,2647.50000000,2625.26000000,2635.09000000,19982.70860000,120,120,False
1730368800000,1730376000000,2635.09000000,2648.50000000,2625.61000000,2638.81000000,29802.67120000,120,120,False
1730376000000,1730383200000,2638.82000000,2641.00000000,2596.14000000,2602.84000000,42070.45750000,120,120,False
1730383200000,1730390400000,2602.83000000,2603.28000000,2541.23000000,2562.86000000,96820.41810000,120,120,False
1730390400000,1730397600000,2562.86000000,2564.09000000,2523.15000000,2542.49000000,44059.95310000,120,120,False
1730397600000,1730404800000,2542.49000000,2542.93000000,2506.30000000,2514.33000000,42117.79850000,120,120,False
1730404800000,1730412000000,2514.34000000,2528.35000000,2503.00000000,2525.05000000,29513.96510000,120,120,False
1730412000000,1730419200000,2525.05000000,2530.07000000,2506.55000000,2518.61000000,23819.34980000,120,120,False
1730419200000,1730426400000,2518.61000000,2533.25000000,2495.42000000,2501.51000000,36462.95220000,120,120,False
1730426400000,1730433600000,2501.50000000,2519.84000000,2467.67000000,2503.20000000,50228.38050000,120,120,False
1730433600000,1730440800000,2503.20000000,2516.20000000,2501.50000000,2510.29000000,12552.85130000,120,120,False
1730440800000,1730448000000,2510.29000000,2513.40000000,2485.35000000,2504.12000000,31175.48290000,120,120,False
1730448000000,1730455200000,2504.12000000,2515.48000000,2494.55000000,2510.82000000,23697.98990000,120,120,False
1730455200000,1730462400000,2510.82000000,2525.80000000,2509.22000000,2515.44000000,26636.27820000,120,120,False
1730462400000,1730469600000,2515.44000000,2575.68000000,2514.69000000,2573.99000000,52615.05780000,120,120,False
1730469600000,1730476800000,2573.99000000,2586.80000000,2481.68000000,2500.03000000,95486.00110000,120,120,False
1730476800000,1730484000000,2500.02000000,2538.58000000,2498.64000000,2513.60000000,45417.82290000,120,120,False
1730484000000,1730491200000,2513.60000000,2517.62000000,2495.20000000,2514.49000000,25399.33330000,120,120,False
1730491200000,1730498400000,2514.50000000,2527.46000000,2485.05000000,2505.90000000,21259.05180000,120,120,False
1730498400000,1730505600000,2505.90000000,2517.33000000,2503.99000000,2511.49000000,9317.90540000,120,120,False
1730505600000,1730512800000,2511.49000000,2520.00000000,2510.61000000,2514.80000000,8369.61700000,120,120,False
1730512800000,1730520000000,2514.80000000,2523.45000000,2501.00000000,2506.70000000,15490.96630000,120,120,False
1730520000000,1730527200000,2506.71000000,2513.65000000,2499.59000000,2513.00000000,7634.42430000,120,120,False
1730527200000,1730534400000,2513.00000000,2513.87000000,2505.30000000,2507.35000000,8208.84810000,120,120,False
1730534400000,1730541600000,2507.34000000,2510.30000000,2491.20000000,2497.23000000,13000.51150000,120,120,False
1730541600000,1730548800000,2497.22000000,2506.32000000,2492.89000000,2502.13000000,7552.16330000,120,120,False
1730548800000,1730556000000,2502.14000000,2504.50000000,2470.00000000,2480.29000000,33645.35040000,120,120,False
1730556000000,1730563200000,2480.29000000,2492.25000000,2476.00000000,2488.79000000,21926.82180000,120,120,False
1730563200000,1730570400000,2488.78000000,2497.73000000,2480.00000000,2485.90000000,11579.10640000,120,120,False
1730570400000,1730577600000,2485.89000000,2494.53000000,2479.30000000,2493.02000000,7031.70080000,120,120,False
1730577600000,1730584800000,2493.01000000,2496.76000000,2491.40000000,2493.81000000,5824.82310000,120,120,False
1730584800000,1730592000000,2493.81000000,2497.89000000,2485.10000000,2494.23000000,5696.79700000,120,120,False
1730592000000,1730599200000,2494.23000000,2496.39000000,2470.78000000,2471.83000000,11130.13970000,120,120,False
1730599200000,1730606400000,2471.82000000,2477.20000000,2421.29000000,2449.59000000,55940.60900000,120,120,False
1730606400000,1730613600000,2449.60000000,2463.83000000,2441.10000000,2442.54000000,13239.06010000,120,120,False
1730613600000,1730620800000,2442.53000000,2462.84000000,2442.04000000,2450.03000000,10791.41840000,120,120,False
1730620800000,1730628000000,2450.03000000,2462.64000000,2443.94000000,2449.60000000,27216.18840000,120,120,False
1730628000000,1730635200000,2449.61000000,2462.37000000,2449.60000000,2454.47000000,9583.14680000,120,120,False
1730635200000,1730642400000,2454.47000000,2460.60000000,2430.50000000,2434.85000000,16157.37260000,120,120,False
1730642400000,1730649600000,2434.86000000,2447.40000000,2413.38000000,2442.63000000,44788.04520000,120,120,False
1730649600000,1730656800000,2442.63000000,2459.53000000,2438.10000000,2447.16000000,25448.67680000,120,120,False
1730656800000,1730664000000,2447.17000000,2453.73000000,2411.00000000,2452.89000000,27458.53820000,120,120,False
1730664000000,1730671200000,2452.89000000,2475.52000000,2447.40000000,2470.00000000,21283.95310000,120,120,False
1730671200000,1730678400000,2470.00000000,2474.58000000,2447.61000000,2457.73000000,12971.97140000,120,120,False
1730678400000,1730685600000,2457.73000000,2474.77000000,2434.99000000,2466.40000000,17665.39710000,120,120,False
1730685600000,1730692800000,2466.40000000,2491.39000000,2462.53000000,2473.76000000,19462.10310000,120,120,False
1730692800000,1730700000000,2473.77000000,2482.42000000,2460.16000000,2462.45000000,9924.62040000,120,120,False
1730700000000,1730707200000,2462.45000000,2480.73000000,2457.21000000,2459.67000000,12710.41420000,120,120,False
1730707200000,1730714400000,2459.68000000,2467.60000000,2447.34000000,2457.61000000,14666.81260000,120,120,False
1730714400000,1730721600000,2457.62000000,2478.00000000,2455.44000000,2470.20000000,13899.86390000,120,120,False
1730721600000,1730728800000,2470.20000000,2486.00000000,2458.65000000,2458.92000000,21135.51590000,120,120,False
1730728800000,1730736000000,2458.93000000,2464.56000000,2431.51000000,2442.60000000,35079.83630000,120,120,False
1730736000000,1730743200000,2442.60000000,2446.32000000,2405.80000000,2424.99000000,47609.85890000,120,120,False
1730743200000,1730750400000,2424.99000000,2436.77000000,2417.92000000,2430.43000000,15822.69430000,120,120,False
1730750400000,1730757600000,2430.42000000,2432.08000000,2357.59000000,2371.21000000,65342.41220000,120,120,False
1730757600000,1730764800000,2371.21000000,2414.40000000,2365.81000000,2398.21000000,32997.43560000,120,120,False
1730764800000,1730772000000,2398.21000000,2413.60000000,2380.74000000,2410.89000000,31427.45030000,120,120,False
1730772000000,1730779200000,2410.90000000,2421.40000000,2400.68000000,2420.41000000,16517.41610000,120,120,False
1730779200000,1730786400000,2420.40000000,2435.00000000,2417.21000000,2432.26000000,13653.66070000,120,120,False
1730786400000,1730793600000,2432.26000000,2445.70000000,2422.00000000,2443.40000000,25289.36230000,120,120,False
1730793600000,1730800800000,2443.41000000,2448.00000000,2433.48000000,2435.41000000,22038.35350000,120,120,False
1730800800000,1730808000000,2435.41000000,2443.30000000,2430.31000000,2440.63000000,14024.14770000,120,120,False
1730808000000,1730815200000,2440.63000000,2448.18000000,2435.52000000,2442.10000000,16965.46400000,120,120,False
1730815200000,1730822400000,2442.10000000,2480.00000000,2427.40000000,2441.19000000,72307.00140000,120,120,False
1730822400000,1730829600000,2441.20000000,2475.00000000,2437.80000000,2451.43000000,35963.20950000,120,120,False
1730829600000,1730836800000,2451.44000000,2459.39000000,2401.30000000,2408.40000000,35365.56250000,120,120,False
1730836800000,1730844000000,2408.39000000,2436.82000000,2401.70000000,2415.45000000,29626.45470000,120,120,False
1730844000000,1730851200000,2415.44000000,2440.00000000,2407.71000000,2422.55000000,18441.17180000,120,120,False
1730851200000,1730858400000,2422.60000000,2510.39000000,2420.30000000,2482.40000000,85105.17560000,120,120,False
1730858400000,1730865600000,2482.41000000,2638.00000000,2476.67000000,2579.31000000,188091.13940000,120,120,False
1730865600000,1730872800000,2579.31000000,2604.52000000,2561.00000000,2596.67000000,107390.87860000,120,120,False
1730872800000,1730880000000,2596.67000000,2643.20000000,2583.43000000,2594.00000000,156015.97540000,120,120,False
1730880000000,1730887200000,2593.99000000,2628.87000000,2571.00000000,2622.04000000,84498.70360000,120,120,False
1730887200000,1730894400000,2622.03000000,2637.00000000,2609.82000000,2629.02000000,45509.14460000,120,120,False
1730894400000,1730901600000,2629.03000000,2648.00000000,2608.00000000,2618.01000000,56932.30520000,120,120,False
1730901600000,1730908800000,2618.01000000,2666.66000000,2608.35000000,2634.19000000,85740.76500000,120,120,False
1730908800000,1730916000000,2634.20000000,2665.00000000,2633.43000000,2652.32000000,40203.53760000,120,120,False
1730916000000,1730923200000,2652.33000000,2687.26000000,2651.00000000,2687.25000000,43943.66040000,120,120,False
1730923200000,1730930400000,2687.25000000,2703.50000000,2669.25000000,2686.62000000,54331.18090000,120,120,False
1730930400000,1730937600000,2686.62000000,2744.70000000,2684.00000000,2721.87000000,54378.89550000,120,120,False
1730937600000,1730944800000,2721.88000000,2837.20000000,2699.49000000,2813.46000000,137874.79050000,120,120,False
1730944800000,1730952000000,2813.46000000,2880.00000000,2810.91000000,2852.42000000,101235.30910000,120,120,False
1730952000000,1730959200000,2852.43000000,2855.00000000,2825.30000000,2838.90000000,48310.76840000,120,120,False
1730959200000,1730966400000,2838.90000000,2839.20000000,2779.91000000,2820.29000000,55811.77650000,120,120,False
1730966400000,1730973600000,2820.30000000,2830.00000000,2804.44000000,2822.15000000,33316.75590000,120,120,False
1730973600000,1730980800000,2822.15000000,2825.31000000,2790.00000000,2792.28000000,32537.63370000,120,120,False
1730980800000,1730988000000,2792.28000000,2822.97000000,2790.20000000,2805.00000000,31151.85340000,120,120,False
1730988000000,1730995200000,2805.00000000,2849.00000000,2776.00000000,2847.49000000,69332.59520000,120,120,False
1730995200000,1731002400000,2847.50000000,2871.57000000,2823.75000000,2860.99000000,54626.75720000,120,120,False
1731002400000,1731009600000,2861.00000000,2893.80000000,2837.40000000,2885.00000000,67193.07800000,120,120,False
1731009600000,1731016800000,2885.00000000,2916.11000000,2876.43000000,2890.85000000,66746.50670000,120,120,False
1731016800000,1731024000000,2890.84000000,2902.50000000,2864.25000000,2895.47000000,32708.12780000,120,120,False
1731024000000,1731031200000,2895.47000000,2954.94000000,2895.40000000,2922.41000000,82604.00030000,120,120,False
1731031200000,1731038400000,2922.42000000,2928.30000000,2886.40000000,2902.42000000,43922.93220000,120,120,False
1731038400000,1731045600000,2902.42000000,2924.20000000,2900.00000000,2924.19000000,31527.65200000,120,120,False
1731045600000,1731052800000,2924.19000000,2924.19000000,2892.00000000,2911.96000000,39214.08260000,120,120,False
1731052800000,1731060000000,2911.88000000,2918.00000000,2893.33000000,2913.59000000,33410.29250000,120,120,False
1731060000000,1731067200000,2913.58000000,2930.89000000,2903.00000000,2914.39000000,28782.62260000,120,120,False
1731067200000,1731074400000,2914.40000000,2952.80000000,2910.11000000,2946.81000000,41512.73100000,120,120,False
1731074400000,1731081600000,2946.81000000,2956.56000000,2903.00000000,2937.04000000,68595.29660000,120,120,False
1731081600000,1731088800000,2937.03000000,2944.66000000,2890.04000000,2919.50000000,58395.52080000,120,120,False
1731088800000,1731096000000,2919.50000000,2981.69000000,2915.51000000,2949.96000000,68110.23290000,120,120,False
1731096000000,1731103200000,2949.96000000,2958.71000000,2915.80000000,2942.00000000,46801.08850000,120,120,False
1731103200000,1731110400000,2942.00000000,2975.45000000,2940.63000000,2961.75000000,25987.98300000,120,120,False
1731110400000,1731117600000,2961.75000000,2995.22000000,2954.56000000,2986.07000000,49185.93170000,120,120,False
1731117600000,1731124800000,2986.07000000,2987.08000000,2961.77000000,2965.50000000,27772.26470000,120,120,False
1731124800000,1731132000000,2965.50000000,3051.22000000,2953.71000000,3039.61000000,70788.10130000,120,120,False
1731132000000,1731139200000,3039.61000000,3058.77000000,3020.41000000,3030.38000000,58242.83690000,120,120,False
1731139200000,1731146400000,3030.37000000,3050.00000000,3021.46000000,3046.00000000,36893.56220000,120,120,False
1731146400000,1731153600000,3045.99000000,3055.88000000,3040.18000000,3051.60000000,32776.73190000,120,120,False
1731153600000,1731160800000,3051.59000000,3054.17000000,3030.00000000,3046.73000000,27816.31670000,120,120,False
1731160800000,1731168000000,3046.72000000,3049.00000000,3028.40000000,3040.88000000,25932.56860000,120,120,False
1731168000000,1731175200000,3040.85000000,3044.40000000,2990.58000000,3036.71000000,47604.32920000,120,120,False
1731175200000,1731182400000,3036.72000000,3094.55000000,3031.65000000,3070.39000000,50927.07980000,120,120,False
1731182400000,1731189600000,3070.40000000,3090.36000000,3065.56000000,3076.97000000,19241.86720000,120,120,False
1731189600000,1731196800000,3076.97000000,3157.40000000,3073.13000000,3126.21000000,79537.83100000,120,120,False
1731196800000,1731204000000,3126.20000000,3134.31000000,3103.70000000,3119.24000000,46300.85470000,120,120,False
1731204000000,1731211200000,3119.24000000,3151.41000000,3118.31000000,3134.82000000,46268.71390000,120,120,False
1731211200000,1731218400000,3134.82000000,3216.47000000,3129.97000000,3180.40000000,130208.39380000,120,120,False
1731218400000,1731225600000,3180.41000000,3202.83000000,3163.02000000,3185.89000000,57936.93910000,120,120,False
1731225600000,1731232800000,3185.89000000,3199.44000000,3168.81000000,3187.60000000,33585.42880000,120,120,False
1731232800000,1731240000000,3187.60000000,3230.00000000,3183.60000000,3220.00000000,62535.83600000,120,120,False
1731240000000,1731247200000,3220.01000000,3236.64000000,3178.45000000,3201.80000000,62899.26740000,120,120,False
1731247200000,1731254400000,3201.81000000,3210.00000000,3167.56000000,3209.53000000,63963.75150000,120,120,False
1731254400000,1731261600000,3209.52000000,3240.80000000,3190.80000000,3210.01000000,63438.26770000,120,120,False
1731261600000,1731268800000,3210.01000000,3248.52000000,3150.00000000,3164.27000000,104172.45020000,120,120,False
1731268800000,1731276000000,3164.27000000,3186.14000000,3069.00000000,3169.33000000,123586.52700000,120,120,False
1731276000000,1731283200000,3169.34000000,3225.99000000,3148.18000000,3183.21000000,70640.30210000,120,120,False
1731283200000,1731290400000,3183.20000000,3221.80000000,3174.47000000,3199.20000000,51885.33250000,120,120,False
1731290400000,1731297600000,3199.20000000,3214.00000000,3171.16000000,3195.07000000,42325.80900000,120,120,False
1731297600000,1731304800000,3195.08000000,3196.98000000,3105.00000000,3129.62000000,61308.81300000,120,120,False
1731304800000,1731312000000,3129.62000000,3149.73000000,3117.32000000,3140.16000000,42325.07580000,120,120,False
1731312000000,1731319200000,3140.16000000,3185.40000000,3132.10000000,3173.99000000,42959.10020000,120,120,False
1731319200000,1731326400000,3174.00000000,3212.49000000,3170.58000000,3197.79000000,48962.90010000,120,120,False
1731326400000,1731333600000,3197.79000000,3208.42000000,3139.50000000,3152.19000000,76646.57590000,120,120,False
1731333600000,1731340800000,3152.19000000,3256.40000000,3144.69000000,3236.98000000,125617.83150000,120,120,False
1731340800000,1731348000000,3236.97000000,3323.05000000,3233.63000000,3294.20000000,161950.38990000,120,120,False
1731348000000,1731355200000,3294.29000000,3346.40000000,3270.75000000,3300.20000000,102424.77740000,120,120,False
1731355200000,1731362400000,3300.21000000,3368.18000000,3291.69000000,3323.49000000,117217.91500000,120,120,False
1731362400000,1731369600000,3323.49000000,3387.61000000,3280.00000000,3371.59000000,126469.44610000,120,120,False
1731369600000,1731376800000,3371.59000000,3374.78000000,3248.42000000,3317.99000000,105014.64120000,120,120,False
1731376800000,1731384000000,3317.99000000,3338.00000000,3281.08000000,3335.60000000,70969.14600000,120,120,False
1731384000000,1731391200000,3335.59000000,3350.92000000,3314.98000000,3329.01000000,60511.02730000,120,120,False
1731391200000,1731398400000,3329.01000000,3394.09000000,3321.31000000,3368.72000000,69452.24760000,120,120,False
1731398400000,1731405600000,3368.72000000,3442.50000000,3347.94000000,3358.53000000,108338.60680000,120,120,False
1731405600000,1731412800000,3358.54000000,3377.40000000,3207.67000000,3282.42000000,172211.05560000,120,120,False
1731412800000,1731420000000,3282.41000000,3296.93000000,3208.33000000,3261.54000000,100612.96270000,120,120,False
1731420000000,1731427200000,3261.53000000,3292.50000000,3230.00000000,3261.65000000,87684.50370000,120,120,False
1731427200000,1731434400000,3261.72000000,3272.29000000,3209.50000000,3228.43000000,61462.28770000,120,120,False
1731434400000,1731441600000,3228.44000000,3304.57000000,3226.13000000,3272.82000000,55771.22600000,120,120,False
1731441600000,1731448800000,3272.94000000,3304.78000000,3251.25000000,3278.24000000,42577.72280000,120,120,False
1731448800000,1731456000000,3278.24000000,3291.72000000,3238.63000000,3243.80000000,38610.30110000,120,120,False
1731456000000,1731463200000,3243.79000000,3285.52000000,3222.22000000,3271.01000000,64432.03870000,120,120,False
1731463200000,1731470400000,3271.01000000,3276.66000000,3201.83000000,3207.99000000,66017.49950000,120,120,False
1731470400000,1731477600000,3207.99000000,3230.19000000,3129.80000000,3140.91000000,92020.21410000,120,120,False
1731477600000,1731484800000,3140.90000000,3164.32000000,3116.69000000,3160.89000000,61473.40260000,120,120,False
1731484800000,1731492000000,3160.89000000,3182.35000000,3140.75000000,3162.00000000,37716.69600000,120,120,False
1731492000000,1731499200000,3161.99000000,3191.74000000,3143.01000000,3168.00000000,45976.85850000,120,120,False
1731499200000,1731506400000,3168.00000000,3241.77000000,3152.15000000,3215.28000000,86270.43000000,120,120,False
1731506400000,1731513600000,3215.28000000,3328.53000000,3194.52000000,3309.28000000,166853.62170000,120,120,False
1731513600000,1731520800000,3309.28000000,3331.00000000,3255.89000000,3274.22000000,90422.48330000,120,120,False
1731520800000,1731528000000,3274.22000000,3286.33000000,3155.00000000,3158.81000000,102713.79250000,120,120,False
1731528000000,1731535200000,3158.80000000,3198.52000000,3118.39000000,3151.45000000,78664.76300000,120,120,False
1731535200000,1731542400000,3151.44000000,3196.00000000,3140.70000000,3187.16000000,27124.57480000,120,120,False
1731542400000,1731549600000,3187.16000000,3217.02000000,3163.64000000,3215.82000000,40348.43350000,120,120,False
1731549600000,1731556800000,3215.81000000,3228.35000000,3180.41000000,3217.21000000,45380.98460000,120,120,False
1731556800000,1731564000000,3217.21000000,3240.40000000,3204.29000000,3222.53000000,30467.41300000,120,120,False
1731564000000,1731571200000,3222.52000000,3239.32000000,3174.37000000,3217.62000000,36893.03360000,120,120,False
1731571200000,1731578400000,3217.62000000,3230.73000000,3193.18000000,3204.13000000,31254.84270000,120,120,False
1731578400000,1731585600000,3204.13000000,3219.59000000,3155.00000000,3185.23000000,47061.93200000,120,120,False
1731585600000,1731592800000,3185.22000000,3198.99000000,3157.38000000,3166.59000000,49220.89770000,120,120,False
1731592800000,1731600000000,3166.59000000,3195.00000000,3060.00000000,3077.68000000,131555.07110000,120,120,False
1731600000000,1731607200000,3077.68000000,3181.00000000,3070.84000000,3130.33000000,74440.22470000,120,120,False
1731607200000,1731614400000,3130.33000000,3149.00000000,3123.12000000,3145.41000000,22635.59570000,120,120,False
1731614400000,1731621600000,3145.41000000,3145.41000000,3082.79000000,3119.00000000,46817.10730000,120,120,False
1731621600000,1731628800000,3119.03000000,3122.29000000,3028.56000000,3058.82000000,49705.13030000,120,120,False
1731628800000,1731636000000,3058.81000000,3092.54000000,3034.87000000,3064.32000000,39890.94340000,120,120,False
1731636000000,1731643200000,3064.33000000,3090.39000000,3048.53000000,3082.44000000,22469.14580000,120,120,False
1731643200000,1731650400000,3082.43000000,3082.43000000,3014.79000000,3056.71000000,39781.67220000,120,120,False
1731650400000,1731657600000,3056.72000000,3073.15000000,3038.94000000,3039.48000000,35145.81900000,120,120,False
1731657600000,1731664800000,3039.49000000,3114.00000000,3022.00000000,3096.25000000,42335.60220000,120,120,False
1731664800000,1731672000000,3096.25000000,3110.00000000,3083.47000000,3104.29000000,30260.71570000,120,120,False
1731672000000,1731679200000,3104.29000000,3131.06000000,3080.76000000,3102.85000000,44649.83250000,120,120,False
1731679200000,1731686400000,3102.84000000,3107.23000000,3014.50000000,3023.73000000,75173.16860000,120,120,False
1731686400000,1731693600000,3023.73000000,3055.78000000,3016.00000000,3036.59000000,44484.02350000,120,120,False
1731693600000,1731700800000,3036.52000000,3059.90000000,3015.60000000,3039.58000000,50288.94070000,120,120,False
1731700800000,1731708000000,3039.58000000,3100.00000000,3038.24000000,3090.01000000,62242.77260000,120,120,False
1731708000000,1731715200000,3090.01000000,3120.00000000,3081.32000000,3090.01000000,32900.99550000,120,120,False
1731715200000,1731722400000,3090.01000000,3111.47000000,3072.00000000,3098.01000000,32107.16140000,120,120,False
1731722400000,1731729600000,3098.00000000,3157.71000000,3094.06000000,3154.78000000,37752.73660000,120,120,False
1731729600000,1731736800000,3154.77000000,3165.00000000,3123.97000000,3130.51000000,28011.66050000,120,120,False
1731736800000,1731744000000,3130.51000000,3131.40000000,3101.11000000,3106.66000000,25471.31340000,120,120,False
1731744000000,1731751200000,3106.67000000,3127.15000000,3103.17000000,3116.61000000,26422.75500000,120,120,False
1731751200000,1731758400000,3116.61000000,3195.63000000,3113.03000000,3195.34000000,55051.63360000,120,120,False
1731758400000,1731765600000,3195.34000000,3219.97000000,3158.10000000,3172.72000000,67313.35870000,120,120,False
1731765600000,1731772800000,3172.73000000,3183.00000000,3120.41000000,3141.11000000,53318.55540000,120,120,False
1731772800000,1731780000000,3141.11000000,3176.30000000,3128.00000000,3167.41000000,32759.60100000,120,120,False
1731780000000,1731787200000,3167.40000000,3184.60000000,3163.63000000,3169.01000000,22258.60740000,120,120,False
1731787200000,1731794400000,3169.01000000,3175.00000000,3144.66000000,3154.20000000,21583.74120000,120,120,False
1731794400000,1731801600000,3154.20000000,3164.60000000,3121.91000000,3132.87000000,21588.03310000,120,120,False
1731801600000,1731808800000,3132.88000000,3154.00000000,3073.00000000,3085.00000000,44255.55510000,120,120,False
1731808800000,1731816000000,3085.00000000,3085.00000000,3034.99000000,3080.68000000,55043.90840000,120,120,False
1731816000000,1731823200000,3080.67000000,3136.64000000,3076.20000000,3103.45000000,53980.59870000,120,120,False
1731823200000,1731830400000,3103.46000000,3147.72000000,3102.51000000,3136.79000000,31358.83820000,120,120,False
1731830400000,1731837600000,3136.79000000,3162.11000000,3130.37000000,3140.33000000,33410.58720000,120,120,False
1731837600000,1731844800000,3140.32000000,3151.32000000,3100.81000000,3105.52000000,31016.37650000,120,120,False
1731844800000,1731852000000,3105.53000000,3126.72000000,3077.00000000,3103.34000000,36178.73890000,120,120,False
1731852000000,1731859200000,3103.34000000,3111.36000000,3067.33000000,3086.21000000,39549.52560000,120,120,False
1731859200000,1731866400000,3086.20000000,3115.72000000,3071.60000000,3107.00000000,29744.79680000,120,120,False
1731866400000,1731873600000,3107.00000000,3107.90000000,3071.87000000,3097.74000000,27715.25920000,120,120,False
1731873600000,1731880800000,3097.74000000,3106.99000000,3054.50000000,3062.25000000,34315.07320000,120,120,False
1731880800000,1731888000000,3062.25000000,3089.59000000,3042.93000000,3076.00000000,33249.69970000,120,120,False
1731888000000,1731895200000,3075.99000000,3124.20000000,3069.00000000,3115.05000000,35874.39050000,120,120,False
1731895200000,1731902400000,3115.06000000,3124.13000000,3094.60000000,3111.96000000,19798.09830000,120,120,False
1731902400000,1731909600000,3111.95000000,3118.60000000,3096.07000000,3118.42000000,18504.60430000,120,120,False
1731909600000,1731916800000,3118.43000000,3149.71000000,3113.20000000,3130.55000000,38544.22970000,120,120,False
1731916800000,1731924000000,3130.56000000,3139.78000000,3102.00000000,3107.25000000,27261.69790000,120,120,False
1731924000000,1731931200000,3107.25000000,3123.46000000,3050.01000000,3056.28000000,47373.17950000,120,120,False
1731931200000,1731938400000,3056.29000000,3090.00000000,3052.19000000,3067.60000000,69138.02060000,120,120,False
1731938400000,1731945600000,3067.60000000,3157.50000000,3058.82000000,3143.41000000,81103.30050000,120,120,False
1731945600000,1731952800000,3143.41000000,3189.00000000,3134.62000000,3174.92000000,96279.67520000,120,120,False
1731952800000,1731960000000,3174.93000000,3199.00000000,3090.30000000,3127.17000000,85899.79480000,120,120,False
1731960000000,1731967200000,3127.17000000,3189.13000000,3122.22000000,3147.59000000,59615.30450000,120,120,False
1731967200000,1731974400000,3147.59000000,3224.94000000,3140.10000000,3207.80000000,61266.13990000,120,120,False
1731974400000,1731981600000,3207.81000000,3221.20000000,3141.70000000,3143.40000000,65486.59240000,120,120,False
1731981600000,1731988800000,3143.40000000,3160.34000000,3143.22000000,3148.50000000,19125.81980000,120,120,False
1731988800000,1731996000000,3148.50000000,3159.93000000,3114.99000000,3134.86000000,38912.97000000,120,120,False
1731996000000,1732003200000,3134.85000000,3134.85000000,3107.37000000,3118.08000000,28157.61370000,120,120,False
1732003200000,1732010400000,3118.09000000,3127.63000000,3091.13000000,3110.63000000,42326.40720000,120,120,False
1732010400000,1732017600000,3110.63000000,3130.00000000,3101.76000000,3126.51000000,21619.35610000,120,120,False
1732017600000,1732024800000,3126.51000000,3150.00000000,3079.00000000,3082.19000000,52567.02940000,120,120,False
1732024800000,1732032000000,3082.19000000,3119.50000000,3076.00000000,3104.36000000,57639.27240000,120,120,False
1732032000000,1732039200000,3104.35000000,3129.65000000,3099.49000000,3117.45000000,31337.00290000,120,120,False
1732039200000,1732046400000,3117.44000000,3145.00000000,3113.91000000,3122.19000000,55550.78030000,120,120,False
1732046400000,1732053600000,3122.20000000,3131.11000000,3068.00000000,3092.19000000,59017.58480000,120,120,False
1732053600000,1732060800000,3092.19000000,3114.87000000,3065.40000000,3107.44000000,28371.59040000,120,120,False
1732060800000,1732068000000,3107.45000000,3127.64000000,3090.39000000,3098.97000000,29575.07880000,120,120,False
1732068000000,1732075200000,3098.98000000,3106.19000000,3071.60000000,3096.00000000,31669.04290000,120,120,False
1732075200000,1732082400000,3095.99000000,3115.01000000,3087.51000000,3108.50000000,18761.14810000,120,120,False
1732082400000,1732089600000,3108.51000000,3115.00000000,3098.80000000,3109.54000000,23115.33900000,120,120,False
1732089600000,1732096800000,3109.54000000,3135.13000000,3105.52000000,3118.65000000,42554.95930000,120,120,False
1732096800000,1732104000000,3118.66000000,3120.83000000,3083.80000000,3099.82000000,28216.13320000,120,120,False
1732104000000,1732111200000,3099.82000000,3114.26000000,3081.56000000,3113.26000000,49527.77980000,120,120,False
1732111200000,1732118400000,3113.25000000,3159.20000000,3090.00000000,3130.00000000,97418.07090000,120,120,False
1732118400000,1732125600000,3130.00000000,3135.00000000,3063.81000000,3064.01000000,67500.40490000,120,120,False
1732125600000,1732132800000,3064.01000000,3077.74000000,3029.41000000,3058.05000000,62667.79850000,120,120,False
1732132800000,1732140000000,3058.04000000,3083.05000000,3044.38000000,3078.16000000,32406.75890000,120,120,False
1732140000000,1732147200000,3078.15000000,3093.16000000,3063.40000000,3069.97000000,20195.31930000,120,120,False
1732147200000,1732154400000,3069.97000000,3098.43000000,3065.20000000,3079.06000000,23258.91510000,120,120,False
1732154400000,1732161600000,3079.07000000,3101.00000000,3032.59000000,3081.98000000,65096.54450000,120,120,False
1732161600000,1732168800000,3081.99000000,3143.64000000,3080.50000000,3107.71000000,88559.00530000,120,120,False
1732168800000,1732176000000,3107.71000000,3141.14000000,3099.50000000,3137.02000000,43202.44770000,120,120,False
1732176000000,1732183200000,3137.02000000,3148.11000000,3122.40000000,3125.99000000,45703.69490000,120,120,False
1732183200000,1732190400000,3125.98000000,3155.00000000,3118.37000000,3147.75000000,46735.41780000,120,120,False
1732190400000,1732197600000,3147.74000000,3366.94000000,3146.20000000,3348.00000000,277741.70950000,120,120,False
1732197600000,1732204800000,3348.00000000,3372.60000000,3236.88000000,3277.03000000,168512.26550000,120,120,False
1732204800000,1732212000000,3277.03000000,3350.00000000,3277.03000000,3349.27000000,65155.29760000,120,120,False
1732212000000,1732219200000,3349.27000000,3386.73000000,3337.01000000,3347.00000000,79543.42200000,120,120,False
1732219200000,1732226400000,3347.00000000,3367.58000000,3333.54000000,3345.13000000,37162.89800000,120,120,False
1732226400000,1732233600000,3345.13000000,3378.68000000,3344.01000000,3355.81000000,34251.68560000,120,120,False
1732233600000,1732240800000,3355.88000000,3372.56000000,3304.39000000,3321.50000000,44562.01620000,120,120,False
1732240800000,1732248000000,3321.49000000,3380.68000000,3320.00000000,3365.80000000,48444.53050000,120,120,False
1732248000000,1732255200000,3365.80000000,3425.92000000,3357.44000000,3376.14000000,67551.44270000,120,120,False
1732255200000,1732262400000,3376.15000000,3386.87000000,3355.00000000,3362.66000000,39686.52240000,120,120,False
1732262400000,1732269600000,3362.65000000,3383.84000000,3350.01000000,3364.31000000,38210.38670000,120,120,False
1732269600000,1732276800000,3364.31000000,3369.84000000,3311.68000000,3344.75000000,53004.06750000,120,120,False
1732276800000,1732284000000,3344.76000000,3357.18000000,3257.54000000,3293.21000000,102887.53740000,120,120,False
1732284000000,1732291200000,3293.22000000,3323.67000000,3280.32000000,3314.15000000,71710.21130000,120,120,False
1732291200000,1732298400000,3314.15000000,3321.14000000,3290.07000000,3296.48000000,43758.26790000,120,120,False
1732298400000,1732305600000,3296.48000000,3307.40000000,3264.84000000,3282.40000000,37488.34170000,120,120,False
1732305600000,1732312800000,3282.39000000,3319.67000000,3273.20000000,3316.47000000,27063.28620000,120,120,False
1732312800000,1732320000000,3316.51000000,3330.00000000,3300.85000000,3327.78000000,28907.09880000,120,120,False
1732320000000,1732327200000,3327.78000000,3364.98000000,3317.00000000,3343.20000000,72885.17420000,120,120,False
1732327200000,1732334400000,3343.19000000,3347.80000000,3312.72000000,3345.51000000,32380.57640000,120,120,False
1732334400000,1732341600000,3345.51000000,3361.71000000,3326.89000000,3348.75000000,40659.88960000,120,120,False
1732341600000,1732348800000,3348.75000000,3351.80000000,3335.20000000,3341.34000000,26785.44630000,120,120,False
1732348800000,1732356000000,3341.34000000,3402.98000000,3335.16000000,3359.87000000,75608.66560000,120,120,False
1732356000000,1732363200000,3359.87000000,3367.40000000,3342.60000000,3354.65000000,29670.35430000,120,120,False
1732363200000,1732370400000,3354.65000000,3444.47000000,3349.68000000,3435.03000000,112045.81010000,120,120,False
1732370400000,1732377600000,3435.02000000,3497.51000000,3426.29000000,3460.33000000,117479.59450000,120,120,False
1732377600000,1732384800000,3460.34000000,3470.22000000,3377.00000000,3424.67000000,120872.54650000,120,120,False
1732384800000,1732392000000,3424.67000000,3433.00000000,3400.77000000,3407.83000000,29264.33900000,120,120,False
1732392000000,1732399200000,3407.82000000,3427.73000000,3379.20000000,3417.24000000,36968.32720000,120,120,False
1732399200000,1732406400000,3417.24000000,3423.48000000,3382.00000000,3393.91000000,26403.27720000,120,120,False
1732406400000,1732413600000,3393.91000000,3436.62000000,3389.03000000,3433.38000000,36062.46910000,120,120,False
1732413600000,1732420800000,3433.38000000,3450.00000000,3418.15000000,3427.00000000,26879.46290000,120,120,False
1732420800000,1732428000000,3427.00000000,3431.99000000,3398.12000000,3413.61000000,29693.07720000,120,120,False
1732428000000,1732435200000,3413.60000000,3430.00000000,3401.17000000,3422.51000000,20455.59910000,120,120,False
1732435200000,1732442400000,3422.51000000,3428.35000000,3388.01000000,3403.09000000,32744.94740000,120,120,False
1732442400000,1732449600000,3403.09000000,3403.91000000,3339.11000000,3344.22000000,67025.39470000,120,120,False
1732449600000,1732456800000,3344.22000000,3357.32000000,3281.40000000,3325.00000000,86827.36310000,120,120,False
1732456800000,1732464000000,3325.01000000,3332.73000000,3284.32000000,3294.39000000,60709.77030000,120,120,False
1732464000000,1732471200000,3294.39000000,3333.07000000,3287.19000000,3309.61000000,38522.59380000,120,120,False
1732471200000,1732478400000,3309.60000000,3334.19000000,3307.07000000,3326.63000000,24689.98650000,120,120,False
1732478400000,1732485600000,3326.64000000,3346.73000000,3321.51000000,3345.01000000,20753.96100000,120,120,False
1732485600000,1732492800000,3345.01000000,3372.22000000,3337.40000000,3361.20000000,34733.46700000,120,120,False
1732492800000,1732500000000,3361.21000000,3365.68000000,3300.01000000,3328.55000000,43542.22710000,120,120,False
1732500000000,1732507200000,3328.56000000,3370.40000000,3327.95000000,3362.44000000,22622.90070000,120,120,False
1732507200000,1732514400000,3362.44000000,3391.79000000,3361.21000000,3381.72000000,30850.46250000,120,120,False
1732514400000,1732521600000,3381.72000000,3419.81000000,3368.58000000,3399.41000000,32366.12150000,120,120,False
1732521600000,1732528800000,3399.40000000,3483.88000000,3396.60000000,3477.56000000,68692.41770000,120,120,False
1732528800000,1732536000000,3477.55000000,3527.00000000,3453.02000000,3471.84000000,101068.90670000,120,120,False
1732536000000,1732543200000,3471.84000000,3499.72000000,3448.59000000,3476.38000000,65056.12850000,120,120,False
1732543200000,1732550400000,3476.38000000,3537.98000000,3348.72000000,3518.41000000,224598.40110000,120,120,False
1732550400000,1732557600000,3518.41000000,3546.66000000,3423.47000000,3462.18000000,136485.62470000,120,120,False
1732557600000,1732564800000,3462.18000000,3485.00000000,3429.26000000,3464.00000000,54265.40150000,120,120,False
1732564800000,1732572000000,3464.01000000,3505.45000000,3415.67000000,3439.37000000,63179.57300000,120,120,False
1732572000000,1732579200000,3439.36000000,3471.42000000,3363.62000000,3414.49000000,106602.20500000,120,120,False
1732579200000,1732586400000,3414.49000000,3462.49000000,3395.84000000,3447.85000000,61901.34950000,120,120,False
1732586400000,1732593600000,3447.84000000,3455.61000000,3421.23000000,3434.61000000,37152.11460000,120,120,False
1732593600000,1732600800000,3434.62000000,3439.35000000,3410.00000000,3432.14000000,36242.17410000,120,120,False
1732600800000,1732608000000,3432.14000000,3442.72000000,3382.35000000,3394.80000000,36379.32280000,120,120,False
1732608000000,1732615200000,3394.80000000,3397.33000000,3342.75000000,3356.81000000,72485.21230000,120,120,False
1732615200000,1732622400000,3356.81000000,3367.98000000,3280.10000000,3323.01000000,87284.80500000,120,120,False
1732622400000,1732629600000,3323.02000000,3339.60000000,3299.85000000,3311.50000000,52639.74460000,120,120,False
1732629600000,1732636800000,3311.51000000,3362.50000000,3290.35000000,3296.32000000,78873.30620000,120,120,False
1732636800000,1732644000000,3296.33000000,3338.00000000,3291.49000000,3326.57000000,61646.25630000,120,120,False
1732644000000,1732651200000,3326.57000000,3331.82000000,3252.00000000,3300.61000000,77683.68460000,120,120,False
1732651200000,1732658400000,3300.61000000,3333.48000000,3286.89000000,3323.52000000,48782.42920000,120,120,False
1732658400000,1732665600000,3323.53000000,3344.31000000,3315.20000000,3324.73000000,21296.75110000,120,120,False
1732665600000,1732672800000,3324.74000000,3346.60000000,3302.40000000,3341.77000000,31849.81070000,120,120,False
1732672800000,1732680000000,3341.78000000,3372.50000000,3318.49000000,3361.03000000,54253.18180000,120,120,False
1732680000000,1732687200000,3361.02000000,3436.05000000,3359.32000000,3399.60000000,71096.21510000,120,120,False
1732687200000,1732694400000,3399.59000000,3445.73000000,3398.50000000,3424.11000000,53015.70530000,120,120,False
1732694400000,1732701600000,3424.12000000,3438.44000000,3402.43000000,3412.60000000,35500.97070000,120,120,False
1732701600000,1732708800000,3412.61000000,3485.50000000,3411.43000000,3460.43000000,62179.78800000,120,120,False
1732708800000,1732716000000,3460.43000000,3505.00000000,3441.31000000,3504.99000000,56624.09430000,120,120,False
1732716000000,1732723200000,3504.99000000,3573.17000000,3468.11000000,3552.79000000,135422.33180000,120,120,False
1732723200000,1732730400000,3552.79000000,3574.89000000,3533.83000000,3560.77000000,66584.96820000,120,120,False
1732730400000,1732737600000,3560.77000000,3611.80000000,3553.60000000,3589.60000000,63667.99090000,120,120,False
1732737600000,1732744800000,3589.60000000,3645.94000000,3588.00000000,3632.79000000,64128.24050000,120,120,False
1732744800000,1732752000000,3632.79000000,3684.92000000,3632.40000000,3653.28000000,60250.35120000,120,120,False
1732752000000,1732759200000,3653.27000000,3661.92000000,3615.00000000,3638.73000000,52751.52810000,120,120,False
1732759200000,1732766400000,3638.73000000,3644.13000000,3564.75000000,3598.80000000,50027.05150000,120,120,False
1732766400000,1732773600000,3598.81000000,3618.40000000,3580.00000000,3588.95000000,49498.50040000,120,120,False
1732773600000,1732780800000,3588.96000000,3612.13000000,3566.91000000,3592.40000000,32054.63020000,120,120,False
1732780800000,1732788000000,3592.40000000,3638.39000000,3574.23000000,3598.36000000,57793.21760000,120,120,False
1732788000000,1732795200000,3598.36000000,3636.36000000,3577.91000000,3620.51000000,35616.25530000,120,120,False
1732795200000,1732802400000,3620.51000000,3642.19000000,3580.83000000,3588.12000000,45930.85530000,120,120,False
1732802400000,1732809600000,3588.13000000,3607.79000000,3536.95000000,3541.78000000,100832.37750000,120,120,False
1732809600000,1732816800000,3541.78000000,3563.46000000,3529.76000000,3552.99000000,49757.15690000,120,120,False
1732816800000,1732824000000,3552.99000000,3584.87000000,3552.79000000,3575.05000000,26813.40520000,120,120,False
1732824000000,1732831200000,3575.05000000,3578.20000000,3547.86000000,3571.77000000,20367.02570000,120,120,False
1732831200000,1732838400000,3571.78000000,3599.20000000,3567.22000000,3578.79000000,39534.42130000,120,120,False
1732838400000,1732845600000,3578.80000000,3584.93000000,3550.07000000,3565.15000000,32502.10320000,120,120,False
1732845600000,1732852800000,3565.15000000,3602.85000000,3564.00000000,3583.82000000,32531.04060000,120,120,False
1732852800000,1732860000000,3583.82000000,3595.70000000,3563.16000000,3578.03000000,23520.71420000,120,120,False
1732860000000,1732867200000,3578.03000000,3586.50000000,3534.28000000,3544.49000000,52503.77630000,120,120,False
1732867200000,1732874400000,3544.50000000,3579.00000000,3544.49000000,3568.35000000,22272.01420000,120,120,False
1732874400000,1732881600000,3568.35000000,3599.66000000,3562.05000000,3594.74000000,33228.54260000,120,120,False
1732881600000,1732888800000,3594.75000000,3616.99000000,3574.00000000,3610.61000000,45135.93970000,120,120,False
1732888800000,1732896000000,3610.60000000,3647.98000000,3595.99000000,3613.95000000,68972.19380000,120,120,False
1732896000000,1732903200000,3613.95000000,3620.08000000,3578.48000000,3582.99000000,47006.96500000,120,120,False
1732903200000,1732910400000,3582.99000000,3593.34000000,3559.24000000,3582.79000000,29487.65670000,120,120,False
1732910400000,1732917600000,3582.78000000,3603.08000000,3575.56000000,3591.34000000,19790.03470000,120,120,False
1732917600000,1732924800000,3591.34000000,3604.00000000,3584.83000000,3592.21000000,18542.26390000,120,120,False
1732924800000,1732932000000,3592.22000000,3623.26000000,3568.40000000,3599.83000000,35956.60100000,120,120,False
1732932000000,1732939200000,3599.83000000,3661.00000000,3593.81000000,3657.12000000,56222.73320000,120,120,False
1732939200000,1732946400000,3657.12000000,3694.08000000,3635.42000000,3693.69000000,49902.60770000,120,120,False
1732946400000,1732953600000,3693.70000000,3726.71000000,3685.80000000,3703.07000000,78924.24770000,120,120,False
1732953600000,1732960800000,3703.06000000,3718.00000000,3679.01000000,3692.00000000,34039.76840000,120,120,False
1732960800000,1732968000000,3692.00000000,3692.55000000,3631.23000000,3653.69000000,42924.24800000,120,120,False
1732968000000,1732975200000,3653.68000000,3682.46000000,3652.63000000,3667.83000000,40476.54490000,120,120,False
1732975200000,1732982400000,3667.84000000,3685.33000000,3651.38000000,3674.00000000,36733.30660000,120,120,False
1732982400000,1732989600000,3674.00000000,3687.49000000,3656.23000000,3677.00000000,38769.00320000,120,120,False
1732989600000,1732996800000,3677.00000000,3696.78000000,3663.64000000,3689.56000000,22725.29990000,120,120,False
1732996800000,1733004000000,3689.56000000,3734.95000000,3686.58000000,3720.20000000,31724.44440000,120,120,False
1733004000000,1733011200000,3720.21000000,3738.98000000,3701.15000000,3703.60000000,35285.94350000,120,120,False
1733011200000,1733018400000,3703.59000000,3732.34000000,3675.03000000,3709.59000000,51139.08640000,120,120,False
1733018400000,1733025600000,3709.59000000,3713.53000000,3659.20000000,3707.00000000,41640.50930000,120,120,False
1733025600000,1733032800000,3707.00000000,3707.63000000,3682.01000000,3683.26000000,23192.21370000,120,120,False
1733032800000,1733040000000,3683.26000000,3716.96000000,3682.00000000,3702.31000000,17359.30610000,120,120,False
1733040000000,1733047200000,3702.32000000,3717.00000000,3690.78000000,3700.70000000,27632.03460000,120,120,False
1733047200000,1733054400000,3700.70000000,3701.05000000,3675.47000000,3692.42000000,33826.23930000,120,120,False
1733054400000,1733061600000,3692.43000000,3714.74000000,3678.61000000,3701.21000000,35293.71110000,120,120,False
1733061600000,1733068800000,3701.20000000,3746.80000000,3693.43000000,3728.59000000,64423.53960000,120,120,False
1733068800000,1733076000000,3728.59000000,3744.11000000,3705.88000000,3723.50000000,36192.25570000,120,120,False
1733076000000,1733083200000,3723.50000000,3731.47000000,3693.02000000,3707.96000000,30030.25180000,120,120,False
1733083200000,1733090400000,3707.95000000,3710.00000000,3679.00000000,3706.26000000,33467.56250000,120,120,False
1733090400000,1733097600000,3706.27000000,3734.26000000,3702.00000000,3707.61000000,34892.55320000,120,120,False
1733097600000,1733104800000,3707.61000000,3739.00000000,3692.84000000,3732.47000000,48364.15360000,120,120,False
1733104800000,1733112000000,3732.48000000,3760.00000000,3674.60000000,3685.01000000,66256.49490000,120,120,False
1733112000000,1733119200000,3685.00000000,3709.59000000,3650.00000000,3676.82000000,79052.97020000,120,120,False
1733119200000,1733126400000,3676.82000000,3686.29000000,3651.88000000,3666.88000000,42722.46790000,120,120,False
1733126400000,1733133600000,3666.88000000,3672.47000000,3586.50000000,3621.20000000,141914.25020000,120,120,False
1733133600000,1733140800000,3621.21000000,3622.22000000,3569.58000000,3588.99000000,60790.71080000,120,120,False
1733140800000,1733148000000,3588.99000000,3629.40000000,3582.60000000,3626.34000000,42821.06370000,120,120,False
1733148000000,1733155200000,3626.34000000,3680.37000000,3615.20000000,3672.13000000,66691.74190000,120,120,False
1733155200000,1733162400000,3672.13000000,3682.01000000,3554.32000000,3566.35000000,97698.15510000,120,120,False
1733162400000,1733169600000,3566.35000000,3632.88000000,3564.50000000,3612.17000000,39985.20180000,120,120,False
1733169600000,1733176800000,3612.17000000,3630.58000000,3599.50000000,3615.92000000,28382.43530000,120,120,False
1733176800000,1733184000000,3615.92000000,3644.44000000,3598.50000000,3643.42000000,22450.92360000,120,120,False
1733184000000,1733191200000,3643.43000000,3653.83000000,3617.64000000,3619.02000000,41334.91680000,120,120,False
1733191200000,1733198400000,3619.01000000,3658.16000000,3607.80000000,3639.75000000,45398.50760000,120,120,False
1733198400000,1733205600000,3639.75000000,3664.54000000,3635.27000000,3655.14000000,25763.65910000,120,120,False
1733205600000,1733212800000,3655.13000000,3670.00000000,3600.00000000,3616.85000000,47285.07280000,120,120,False
1733212800000,1733220000000,3616.85000000,3635.14000000,3596.20000000,3611.00000000,67653.54480000,120,120,False
1733220000000,1733227200000,3611.01000000,3618.88000000,3585.00000000,3613.81000000,53420.21810000,120,120,False
1733227200000,1733234400000,3613.81000000,3617.64000000,3538.00000000,3545.41000000,79964.80610000,120,120,False
1733234400000,1733241600000,3545.22000000,3597.21000000,3500.00000000,3571.79000000,149048.49010000,120,120,False
1733241600000,1733248800000,3571.80000000,3594.40000000,3538.55000000,3578.76000000,56279.28940000,120,120,False
1733248800000,1733256000000,3578.75000000,3582.92000000,3550.07000000,3577.34000000,34235.11230000,120,120,False
1733256000000,1733263200000,3577.34000000,3627.83000000,3575.20000000,3611.78000000,36993.17540000,120,120,False
1733263200000,1733270400000,3611.79000000,3634.81000000,3595.52000000,3614.51000000,41023.41070000,120,120,False
1733270400000,1733277600000,3614.51000000,3707.57000000,3614.51000000,3686.04000000,106197.98870000,120,120,False
1733277600000,1733284800000,3686.04000000,3687.77000000,3628.84000000,3661.80000000,66750.54170000,120,120,False
1733284800000,1733292000000,3661.79000000,3686.56000000,3659.55000000,3681.99000000,29282.23780000,120,120,False
1733292000000,1733299200000,3681.99000000,3721.73000000,3664.03000000,3714.99000000,49604.55130000,120,120,False
1733299200000,1733306400000,3715.00000000,3733.00000000,3696.42000000,3725.93000000,59063.50840000,120,120,False
1733306400000,1733313600000,3725.93000000,3751.44000000,3711.64000000,3729.09000000,80580.53850000,120,120,False
1733313600000,1733320800000,3729.09000000,3744.00000000,3690.00000000,3707.61000000,66631.32560000,120,120,False
1733320800000,1733328000000,3707.61000000,3853.38000000,3693.23000000,3821.00000000,175633.39680000,120,120,False
1733328000000,1733335200000,3820.99000000,3829.60000000,3732.98000000,3811.24000000,125892.10600000,120,120,False
1733335200000,1733342400000,3811.25000000,3844.65000000,3796.00000000,3841.15000000,64960.13400000,120,120,False
1733342400000,1733349600000,3841.15000000,3887.24000000,3830.01000000,3837.60000000,96658.97110000,120,120,False
1733349600000,1733356800000,3837.61000000,3870.23000000,3822.50000000,3837.80000000,47488.74000000,120,120,False
1733356800000,1733364000000,3837.80000000,3839.60000000,3765.71000000,3801.21000000,74915.03430000,120,120,False
1733364000000,1733371200000,3801.21000000,3905.00000000,3797.61000000,3832.66000000,143412.04490000,120,120,False
1733371200000,1733378400000,3832.67000000,3880.20000000,3820.02000000,3845.99000000,63462.07230000,120,120,False
1733378400000,1733385600000,3846.00000000,3867.14000000,3818.61000000,3850.98000000,47425.39540000,120,120,False
1733385600000,1733392800000,3850.98000000,3922.99000000,3850.75000000,3920.80000000,84314.86650000,120,120,False
1733392800000,1733400000000,3920.79000000,3943.28000000,3908.50000000,3930.98000000,53994.27360000,120,120,False
1733400000000,1733407200000,3930.98000000,3938.87000000,3913.15000000,3917.14000000,55281.22980000,120,120,False
1733407200000,1733414400000,3917.14000000,3956.00000000,3861.00000000,3888.00000000,97722.39620000,120,120,False
1733414400000,1733421600000,3888.00000000,3926.33000000,3869.54000000,3918.31000000,59044.06110000,120,120,False
1733421600000,1733428800000,3918.31000000,3923.61000000,3820.01000000,3830.81000000,61822.80620000,120,120,False
1733428800000,1733436000000,3830.80000000,3858.96000000,3785.49000000,3855.60000000,72439.51270000,120,120,False
1733436000000,1733443200000,3855.60000000,3862.23000000,3677.00000000,3785.20000000,132659.58300000,120,120,False
1733443200000,1733450400000,3785.21000000,3888.20000000,3777.26000000,3869.47000000,73210.58610000,120,120,False
1733450400000,1733457600000,3869.47000000,3914.00000000,3849.88000000,3907.01000000,39916.44730000,120,120,False
1733457600000,1733464800000,3907.01000000,3913.95000000,3874.50000000,3889.09000000,35321.12460000,120,120,False
1733464800000,1733472000000,3889.10000000,3929.00000000,3885.75000000,3893.75000000,45477.63550000,120,120,False
1733472000000,1733479200000,3893.74000000,3910.45000000,3855.46000000,3868.60000000,49242.33320000,120,120,False
1733479200000,1733486400000,3868.60000000,3879.79000000,3845.30000000,3867.02000000,43098.21150000,120,120,False
1733486400000,1733493600000,3867.01000000,3894.60000000,3831.90000000,3888.80000000,71035.78980000,120,120,False
1733493600000,1733500800000,3888.79000000,4041.00000000,3874.06000000,3993.02000000,215663.08800000,120,120,False
1733500800000,1733508000000,3993.01000000,4041.81000000,3980.11000000,4016.41000000,76688.42550000,120,120,False
1733508000000,1733515200000,4016.42000000,4073.86000000,4008.57000000,4067.62000000,60938.62210000,120,120,False
1733515200000,1733522400000,4067.61000000,4087.73000000,4018.67000000,4022.80000000,61912.97860000,120,120,False
1733522400000,1733529600000,4022.80000000,4039.98000000,3990.03000000,3998.87000000,31349.87240000,120,120,False
1733529600000,1733536800000,3998.87000000,4024.46000000,3978.94000000,3981.62000000,37639.15610000,120,120,False
1733536800000,1733544000000,3981.62000000,4001.60000000,3970.00000000,3986.87000000,27649.31840000,120,120,False
1733544000000,1733551200000,3986.87000000,4003.16000000,3980.61000000,3989.21000000,23724.33610000,120,120,False
1733551200000,1733558400000,3989.22000000,3992.25000000,3968.00000000,3985.87000000,20733.71120000,120,120,False
1733558400000,1733565600000,3985.87000000,3996.02000000,3973.51000000,3986.28000000,21836.98540000,120,120,False
1733565600000,1733572800000,3986.28000000,4009.00000000,3975.00000000,3998.30000000,22546.48670000,120,120,False
1733572800000,1733580000000,3998.29000000,4008.46000000,3990.00000000,3994.23000000,18968.89590000,120,120,False
1733580000000,1733587200000,3994.24000000,4008.00000000,3976.20000000,4004.71000000,29689.94140000,120,120,False
1733587200000,1733594400000,4004.72000000,4006.51000000,3986.00000000,3991.37000000,20857.02900000,120,120,False
1733594400000,1733601600000,3991.37000000,4020.43000000,3991.36000000,4012.19000000,25434.39090000,120,120,False
1733601600000,1733608800000,4012.20000000,4024.01000000,3998.63000000,4005.36000000,19043.34970000,120,120,False
1733608800000,1733616000000,4005.37000000,4012.64000000,3993.02000000,3996.22000000,15796.41920000,120,120,False
1733616000000,1733623200000,3996.22000000,4008.99000000,3985.47000000,3993.20000000,14232.47490000,120,120,False
1733623200000,1733630400000,3993.21000000,4003.23000000,3988.15000000,3989.28000000,13069.75540000,120,120,False
1733630400000,1733637600000,3989.28000000,3995.85000000,3961.00000000,3970.82000000,23117.49590000,120,120,False
1733637600000,1733644800000,3970.82000000,3986.41000000,3958.87000000,3980.60000000,14144.93810000,120,120,False
1733644800000,1733652000000,3980.60000000,3981.79000000,3923.50000000,3936.16000000,36658.37380000,120,120,False
1733652000000,1733659200000,3936.16000000,3980.41000000,3936.16000000,3971.84000000,19201.90050000,120,120,False
1733659200000,1733666400000,3971.85000000,4003.40000000,3959.40000000,3997.17000000,31241.04330000,120,120,False
1733666400000,1733673600000,3997.17000000,4000.00000000,3956.16000000,3990.79000000,28882.18450000,120,120,False
1733673600000,1733680800000,3990.79000000,3999.89000000,3973.33000000,3985.17000000,20655.61690000,120,120,False
1733680800000,1733688000000,3985.18000000,3992.90000000,3964.40000000,3989.99000000,14975.21220000,120,120,False
1733688000000,1733695200000,3989.99000000,3992.71000000,3975.40000000,3991.01000000,10665.32040000,120,120,False
1733695200000,1733702400000,3991.00000000,4015.58000000,3987.80000000,4004.15000000,24517.85260000,120,120,False
1733702400000,1733709600000,4004.15000000,4006.17000000,3942.20000000,3945.00000000,43799.20060000,120,120,False
1733709600000,1733716800000,3945.00000000,3959.20000000,3905.21000000,3929.37000000,31106.51630000,120,120,False
1733716800000,1733724000000,3929.37000000,3948.91000000,3903.66000000,3943.38000000,29444.85100000,120,120,False
1733724000000,1733731200000,3943.39000000,3943.50000000,3880.44000000,3918.44000000,45746.85190000,120,120,False
1733731200000,1733738400000,3918.44000000,3920.00000000,3850.01000000,3873.53000000,61851.86060000,120,120,False
1733738400000,1733745600000,3873.53000000,3888.22000000,3841.24000000,3850.88000000,33483.87520000,120,120,False
1733745600000,1733752800000,3850.88000000,3903.00000000,3836.84000000,3897.01000000,44758.90430000,120,120,False
1733752800000,1733760000000,3897.00000000,3946.00000000,3804.32000000,3824.00000000,119253.67140000,120,120,False
1733760000000,1733767200000,3824.00000000,3866.35000000,3807.42000000,3827.41000000,48555.64670000,120,120,False
1733767200000,1733774400000,3827.41000000,3858.00000000,3786.87000000,3795.78000000,59918.10410000,120,120,False
1733774400000,1733781600000,3795.77000000,3804.19000000,3509.00000000,3698.36000000,245949.07720000,120,120,False
1733781600000,1733788800000,3698.36000000,3735.00000000,3513.41000000,3712.00000000,175773.64080000,120,120,False
1733788800000,1733796000000,3712.00000000,3780.76000000,3678.26000000,3757.89000000,82897.40660000,120,120,False
1733796000000,1733803200000,3757.89000000,3758.17000000,3615.11000000,3682.40000000,118750.14540000,120,120,False
1733803200000,1733810400000,3682.39000000,3713.40000000,3638.00000000,3702.82000000,53625.34730000,120,120,False
1733810400000,1733817600000,3702.82000000,3743.65000000,3691.50000000,3734.55000000,41515.47810000,120,120,False
1733817600000,1733824800000,3734.54000000,3766.00000000,3713.56000000,3751.89000000,35717.46680000,120,120,False
1733824800000,1733832000000,3751.89000000,3773.39000000,3738.20000000,3750.11000000,30751.92220000,120,120,False
1733832000000,1733839200000,3750.10000000,3754.50000000,3665.16000000,3693.66000000,84902.47790000,120,120,False
1733839200000,1733846400000,3693.67000000,3731.66000000,3555.41000000,3567.75000000,175129.74600000,120,120,False
1733846400000,1733853600000,3567.76000000,3618.89000000,3520.20000000,3527.51000000,168726.32780000,120,120,False
1733853600000,1733860800000,3527.52000000,3634.92000000,3515.89000000,3628.82000000,69659.00680000,120,120,False
1733860800000,1733868000000,3628.81000000,3673.20000000,3619.80000000,3639.13000000,46288.48370000,120,120,False
1733868000000,1733875200000,3639.14000000,3655.93000000,3613.30000000,3628.25000000,34242.22510000,120,120,False
1733875200000,1733882400000,3628.24000000,3638.31000000,3565.42000000,3567.19000000,46788.57540000,120,120,False
1733882400000,1733889600000,3567.19000000,3668.96000000,3562.34000000,3665.23000000,36889.87460000,120,120,False
1733889600000,1733896800000,3665.23000000,3681.50000000,3646.00000000,3659.19000000,24193.78480000,120,120,False
1733896800000,1733904000000,3659.20000000,3681.81000000,3650.61000000,3652.58000000,22894.92500000,120,120,False
1733904000000,1733911200000,3652.58000000,3707.00000000,3651.23000000,3699.70000000,33427.53290000,120,120,False
1733911200000,1733918400000,3699.69000000,3728.00000000,3694.60000000,3716.84000000,28706.84620000,120,120,False
1733918400000,1733925600000,3716.84000000,3749.79000000,3709.17000000,3743.78000000,46212.75530000,120,120,False
1733925600000,1733932800000,3743.77000000,3821.00000000,3716.79000000,3787.34000000,85603.47870000,120,120,False
1733932800000,1733940000000,3787.34000000,3814.20000000,3757.61000000,3762.35000000,51672.98450000,120,120,False
1733940000000,1733947200000,3762.35000000,3812.37000000,3753.50000000,3803.91000000,32171.07610000,120,120,False
1733947200000,1733954400000,3803.91000000,3840.00000000,3803.00000000,3828.67000000,31069.85670000,120,120,False
1733954400000,1733961600000,3828.66000000,3848.64000000,3823.00000000,3831.81000000,22187.08990000,120,120,False
1733961600000,1733968800000,3831.82000000,3837.33000000,3796.80000000,3804.23000000,24344.54300000,120,120,False
1733968800000,1733976000000,3804.23000000,3947.81000000,3801.01000000,3935.00000000,72648.43140000,120,120,False
1733976000000,1733983200000,3935.00000000,3945.67000000,3894.09000000,3925.40000000,45301.08000000,120,120,False
1733983200000,1733990400000,3925.40000000,3941.60000000,3902.74000000,3905.40000000,30340.46070000,120,120,False
1733990400000,1733997600000,3905.40000000,3937.00000000,3901.60000000,3922.31000000,23128.30420000,120,120,False
1733997600000,1734004800000,3922.31000000,3937.99000000,3891.32000000,3913.38000000,37104.27570000,120,120,False
1734004800000,1734012000000,3913.38000000,3979.20000000,3913.38000000,3942.60000000,83992.71710000,120,120,False
1734012000000,1734019200000,3942.60000000,3987.41000000,3931.00000000,3957.67000000,77325.37650000,120,120,False
1734019200000,1734026400000,3957.77000000,3985.56000000,3928.20000000,3961.79000000,48640.42670000,120,120,False
1734026400000,1734033600000,3961.79000000,3966.38000000,3853.83000000,3871.14000000,61110.04420000,120,120,False
1734033600000,1734040800000,3871.13000000,3902.04000000,3862.50000000,3865.69000000,34638.36070000,120,120,False
1734040800000,1734048000000,3865.68000000,3889.58000000,3836.07000000,3881.61000000,33524.61410000,120,120,False
1734048000000,1734055200000,3881.60000000,3906.00000000,3852.94000000,3884.00000000,27131.17800000,120,120,False
1734055200000,1734062400000,3884.00000000,3941.19000000,3878.50000000,3932.83000000,37410.84870000,120,120,False
1734062400000,1734069600000,3932.83000000,3936.26000000,3904.61000000,3908.99000000,20510.35700000,120,120,False
1734069600000,1734076800000,3909.00000000,3926.80000000,3871.00000000,3885.64000000,31465.85230000,120,120,False
1734076800000,1734084000000,3885.64000000,3904.20000000,3874.20000000,3889.61000000,26823.53960000,120,120,False
1734084000000,1734091200000,3889.61000000,3923.66000000,3872.20000000,3901.50000000,27409.56850000,120,120,False
1734091200000,1734098400000,3901.50000000,3936.43000000,3901.50000000,3924.53000000,38574.29650000,120,120,False
1734098400000,1734105600000,3924.54000000,3968.47000000,3879.00000000,3886.21000000,68689.66180000,120,120,False
1734105600000,1734112800000,3886.20000000,3946.37000000,3880.07000000,3939.49000000,44379.39390000,120,120,False
1734112800000,1734120000000,3939.48000000,3941.39000000,3911.00000000,3917.98000000,21962.92830000,120,120,False
1734120000000,1734127200000,3917.99000000,3936.00000000,3891.00000000,3902.00000000,27784.86960000,120,120,False
1734127200000,1734134400000,3902.00000000,3913.46000000,3892.36000000,3906.80000000,15623.19310000,120,120,False
1734134400000,1734141600000,3906.80000000,3945.00000000,3895.67000000,3925.21000000,30447.35110000,120,120,False
1734141600000,1734148800000,3925.20000000,3927.68000000,3902.61000000,3910.83000000,17629.89230000,120,120,False
1734148800000,1734156000000,3910.83000000,3921.49000000,3906.26000000,3920.60000000,11397.55290000,120,120,False
1734156000000,1734163200000,3920.59000000,3935.71000000,3918.21000000,3920.76000000,11893.23570000,120,120,False
1734163200000,1734170400000,3920.75000000,3931.38000000,3911.20000000,3911.79000000,12507.03540000,120,120,False
1734170400000,1734177600000,3911.79000000,3912.37000000,3886.20000000,3894.53000000,20092.28800000,120,120,False
1734177600000,1734184800000,3894.53000000,3898.80000000,3846.30000000,3863.59000000,37736.83310000,120,120,False
1734184800000,1734192000000,3863.58000000,3893.95000000,3863.00000000,3889.01000000,21363.06370000,120,120,False
1734192000000,1734199200000,3889.00000000,3898.23000000,3842.00000000,3859.21000000,36267.50100000,120,120,False
1734199200000,1734206400000,3859.21000000,3863.55000000,3827.00000000,3859.11000000,29597.08210000,120,120,False
1734206400000,1734213600000,3859.11000000,3865.80000000,3825.03000000,3848.11000000,17017.83580000,120,120,False
1734213600000,1734220800000,3848.10000000,3876.87000000,3839.00000000,3870.29000000,19589.27680000,120,120,False
1734220800000,1734228000000,3870.30000000,3895.53000000,3856.02000000,3890.11000000,14571.03780000,120,120,False
1734228000000,1734235200000,3890.11000000,3893.00000000,3872.61000000,3874.48000000,10212.80120000,120,120,False
1734235200000,1734242400000,3874.49000000,3911.50000000,3872.60000000,3892.84000000,17246.49210000,120,120,False
1734242400000,1734249600000,3892.84000000,3895.20000000,3831.50000000,3845.20000000,20809.56550000,120,120,False
1734249600000,1734256800000,3845.19000000,3868.00000000,3837.21000000,3863.38000000,14378.59910000,120,120,False
1734256800000,1734264000000,3863.39000000,3879.01000000,3859.36000000,3877.61000000,11211.78420000,120,120,False
1734264000000,1734271200000,3877.61000000,3893.53000000,3867.99000000,3884.03000000,22848.79600000,120,120,False
1734271200000,1734278400000,3884.02000000,3910.33000000,3883.23000000,3894.76000000,21765.65510000,120,120,False
1734278400000,1734285600000,3894.76000000,3919.60000000,3886.40000000,3910.41000000,17938.81790000,120,120,False
1734285600000,1734292800000,3910.41000000,3913.61000000,3890.79000000,3904.09000000,13872.82420000,120,120,False
1734292800000,1734300000000,3904.09000000,3911.13000000,3844.40000000,3856.23000000,30246.62920000,120,120,False
1734300000000,1734307200000,3856.23000000,3974.61000000,3850.00000000,3959.09000000,58730.21180000,120,120,False
1734307200000,1734314400000,3959.09000000,4025.18000000,3948.75000000,4009.59000000,104882.00840000,120,120,False
1734314400000,1734321600000,4009.60000000,4011.59000000,3928.88000000,3942.60000000,39748.73370000,120,120,False
1734321600000,1734328800000,3942.60000000,3972.20000000,3935.23000000,3966.86000000,19250.14050000,120,120,False
1734328800000,1734336000000,3966.86000000,3983.00000000,3950.40000000,3974.01000000,24558.24750000,120,120,False
1734336000000,1734343200000,3974.00000000,3975.91000000,3935.50000000,3942.28000000,24883.53670000,120,120,False
1734343200000,1734350400000,3942.29000000,3954.70000000,3902.39000000,3909.67000000,39026.75000000,120,120,False
1734350400000,1734357600000,3909.68000000,3926.15000000,3884.00000000,3898.75000000,52180.24100000,120,120,False
1734357600000,1734364800000,3898.75000000,3960.00000000,3898.51000000,3941.21000000,70103.98370000,120,120,False
1734364800000,1734372000000,3941.21000000,4042.11000000,3939.40000000,4033.70000000,98326.83900000,120,120,False
1734372000000,1734379200000,4033.70000000,4107.80000000,4031.71000000,4056.88000000,121955.43270000,120,120,False
1734379200000,1734386400000,4056.89000000,4071.99000000,4017.79000000,4047.31000000,43325.15390000,120,120,False
1734386400000,1734393600000,4047.31000000,4053.99000000,3980.00000000,3986.24000000,35110.00520000,120,120,False
1734393600000,1734400800000,3986.24000000,3993.04000000,3943.00000000,3987.23000000,45212.06710000,120,120,False
1734400800000,1734408000000,3987.23000000,4041.82000000,3987.23000000,4035.01000000,27822.82650000,120,120,False
1734408000000,1734415200000,4035.01000000,4035.02000000,3999.60000000,4024.53000000,22909.27880000,120,120,False
1734415200000,1734422400000,4024.53000000,4030.80000000,3982.77000000,3994.24000000,27051.96470000,120,120,False
1734422400000,1734429600000,3994.23000000,4031.38000000,3992.52000000,4027.00000000,28286.04230000,120,120,False
1734429600000,1734436800000,4027.00000000,4030.00000000,3990.00000000,3997.14000000,23556.48270000,120,120,False
1734436800000,1734444000000,3997.15000000,4019.12000000,3986.21000000,4007.60000000,26974.81690000,120,120,False
1734444000000,1734451200000,4007.61000000,4025.60000000,3916.57000000,3939.18000000,92016.03170000,120,120,False
1734451200000,1734458400000,3939.19000000,3984.46000000,3922.00000000,3974.52000000,37550.18820000,120,120,False
1734458400000,1734465600000,3974.52000000,3981.60000000,3917.20000000,3943.99000000,34143.39560000,120,120,False
1734465600000,1734472800000,3944.00000000,3952.00000000,3921.00000000,3932.01000000,20609.34050000,120,120,False
1734472800000,1734480000000,3932.01000000,3937.40000000,3847.96000000,3893.01000000,64693.55110000,120,120,False
1734480000000,1734487200000,3893.01000000,3903.20000000,3834.66000000,3845.06000000,45121.54710000,120,120,False
1734487200000,1734494400000,3845.06000000,3880.54000000,3838.00000000,3849.81000000,35443.19230000,120,120,False
1734494400000,1734501600000,3849.80000000,3861.70000000,3814.40000000,3836.48000000,41482.83960000,120,120,False
1734501600000,1734508800000,3836.48000000,3856.79000000,3803.63000000,3847.33000000,42422.08880000,120,120,False
1734508800000,1734516000000,3847.33000000,3878.01000000,3841.60000000,3869.81000000,23202.07560000,120,120,False
1734516000000,1734523200000,3869.81000000,3887.32000000,3859.99000000,3882.65000000,21552.73180000,120,120,False
1734523200000,1734530400000,3882.66000000,3891.09000000,3852.37000000,3855.71000000,34818.48240000,120,120,False
1734530400000,1734537600000,3855.72000000,3873.51000000,3825.00000000,3867.98000000,50532.43170000,120,120,False
1734537600000,1734544800000,3867.99000000,3892.00000000,3836.29000000,3879.54000000,31396.31480000,120,120,False
1734544800000,1734552000000,3879.55000000,3907.19000000,3770.00000000,3770.29000000,88710.20780000,120,120,False
1734552000000,1734559200000,3770.30000000,3786.23000000,3650.00000000,3692.80000000,237603.97460000,120,120,False
1734559200000,1734566400000,3692.74000000,3702.98000000,3617.42000000,3626.80000000,70219.17530000,120,120,False
1734566400000,1734573600000,3626.80000000,3664.92000000,3596.55000000,3609.79000000,65329.12660000,120,120,False
1734573600000,1734580800000,3609.78000000,3673.82000000,3542.22000000,3668.90000000,134558.99050000,120,120,False
1734580800000,1734588000000,3668.90000000,3680.08000000,3653.00000000,3671.11000000,26265.17740000,120,120,False
1734588000000,1734595200000,3671.11000000,3699.58000000,3664.40000000,3693.79000000,35863.95610000,120,120,False
1734595200000,1734602400000,3693.79000000,3693.79000000,3664.28000000,3680.00000000,26552.80300000,120,120,False
1734602400000,1734609600000,3680.00000000,3720.00000000,3671.61000000,3705.62000000,31745.85580000,120,120,False
1734609600000,1734616800000,3705.62000000,3710.20000000,3673.48000000,3678.39000000,38974.52960000,120,120,False
1734616800000,1734624000000,3678.39000000,3702.51000000,3572.73000000,3613.92000000,99245.68880000,120,120,False
1734624000000,1734631200000,3613.92000000,3637.10000000,3394.97000000,3479.84000000,175306.06990000,120,120,False
1734631200000,1734638400000,3479.83000000,3528.69000000,3376.20000000,3439.44000000,217232.56580000,120,120,False
1734638400000,1734645600000,3439.45000000,3453.77000000,3326.80000000,3419.07000000,176412.12450000,120,120,False
1734645600000,1734652800000,3419.01000000,3465.11000000,3404.07000000,3417.01000000,50666.59710000,120,120,False
1734652800000,1734660000000,3417.01000000,3438.64000000,3373.01000000,3379.49000000,76258.13340000,120,120,False
1734660000000,1734667200000,3379.50000000,3465.60000000,3370.47000000,3413.87000000,70760.50740000,120,120,False
1734667200000,1734674400000,3413.85000000,3431.16000000,3352.00000000,3356.85000000,57579.78990000,120,120,False
1734674400000,1734681600000,3356.84000000,3418.54000000,3328.44000000,3390.48000000,88256.61320000,120,120,False
1734681600000,1734688800000,3390.48000000,3390.79000000,3260.35000000,3265.59000000,183122.85410000,120,120,False
1734688800000,1734696000000,3265.60000000,3278.00000000,3103.00000000,3104.56000000,275399.66980000,120,120,False
1734696000000,1734703200000,3104.68000000,3313.67000000,3101.90000000,3296.63000000,184313.57270000,120,120,False
1734703200000,1734710400000,3296.62000000,3396.40000000,3273.37000000,3374.61000000,151160.74050000,120,120,False
1734710400000,1734717600000,3374.62000000,3452.21000000,3366.68000000,3437.81000000,102870.00500000,120,120,False
1734717600000,1734724800000,3437.81000000,3497.84000000,3413.06000000,3479.35000000,57796.97350000,120,120,False
1734724800000,1734732000000,3479.36000000,3480.45000000,3393.09000000,3440.31000000,51863.75430000,120,120,False
1734732000000,1734739200000,3440.31000000,3489.99000000,3434.03000000,3472.21000000,33401.11720000,120,120,False
1734739200000,1734746400000,3472.20000000,3483.30000000,3445.35000000,3473.03000000,34201.42760000,120,120,False
1734746400000,1734753600000,3473.03000000,3489.96000000,3455.00000000,3467.64000000,20373.75860000,120,120,False
1734753600000,1734760800000,3467.64000000,3532.99000000,3460.80000000,3532.59000000,34268.42690000,120,120,False
1734760800000,1734768000000,3532.59000000,3555.18000000,3504.83000000,3523.46000000,51247.49450000,120,120,False
1734768000000,1734775200000,3523.45000000,3527.49000000,3456.96000000,3482.76000000,38430.55480000,120,120,False
1734775200000,1734782400000,3482.76000000,3497.12000000,3423.91000000,3442.23000000,33413.07530000,120,120,False
1734782400000,1734789600000,3442.23000000,3444.24000000,3347.00000000,3390.56000000,84958.72110000,120,120,False
1734789600000,1734796800000,3390.56000000,3418.89000000,3372.50000000,3390.40000000,36899.36040000,120,120,False
1734796800000,1734804000000,3390.40000000,3401.33000000,3349.85000000,3382.18000000,42134.19930000,120,120,False
1734804000000,1734811200000,3382.18000000,3392.26000000,3326.59000000,3359.89000000,37356.48640000,120,120,False
1734811200000,1734818400000,3359.89000000,3388.88000000,3303.20000000,3318.00000000,35861.15700000,120,120,False
1734818400000,1734825600000,3318.00000000,3343.02000000,3293.11000000,3338.92000000,26131.15810000,120,120,False
1734825600000,1734832800000,3338.92000000,3374.48000000,3323.64000000,3356.32000000,23248.28540000,120,120,False
1734832800000,1734840000000,3356.31000000,3367.40000000,3318.71000000,3356.38000000,23364.84080000,120,120,False
1734840000000,1734847200000,3356.38000000,3361.75000000,3295.07000000,3330.35000000,25677.84560000,120,120,False
1734847200000,1734854400000,3330.35000000,3350.00000000,3322.63000000,3332.40000000,14903.68520000,120,120,False
1734854400000,1734861600000,3332.50000000,3401.69000000,3331.19000000,3383.51000000,26835.90320000,120,120,False
1734861600000,1734868800000,3383.52000000,3403.00000000,3374.47000000,3381.03000000,17434.96970000,120,120,False
1734868800000,1734876000000,3381.03000000,3397.88000000,3362.84000000,3370.97000000,25830.61510000,120,120,False
1734876000000,1734883200000,3370.97000000,3377.68000000,3275.00000000,3302.38000000,60598.90140000,120,120,False
1734883200000,1734890400000,3302.38000000,3337.29000000,3291.05000000,3315.27000000,32852.88430000,120,120,False
1734890400000,1734897600000,3315.27000000,3338.65000000,3238.00000000,3247.14000000,42724.99980000,120,120,False
1734897600000,1734904800000,3247.14000000,3310.93000000,3221.10000000,3283.51000000,38399.03450000,120,120,False
1734904800000,1734912000000,3283.51000000,3306.00000000,3235.00000000,3281.83000000,30048.28450000,120,120,False
1734912000000,1734919200000,3281.83000000,3297.60000000,3216.97000000,3261.33000000,43269.07810000,120,120,False
1734919200000,1734926400000,3261.33000000,3357.03000000,3230.00000000,3351.00000000,48803.84460000,120,120,False
1734926400000,1734933600000,3351.00000000,3363.12000000,3300.67000000,3319.39000000,27508.22410000,120,120,False
1734933600000,1734940800000,3319.40000000,3322.00000000,3260.48000000,3305.20000000,31980.82090000,120,120,False
1734940800000,1734948000000,3305.20000000,3344.00000000,3293.50000000,3336.91000000,29642.23780000,120,120,False
1734948000000,1734955200000,3336.91000000,3355.54000000,3332.10000000,3339.54000000,24900.76050000,120,120,False
1734955200000,1734962400000,3339.51000000,3361.78000000,3308.11000000,3317.60000000,36382.77570000,120,120,False
1734962400000,1734969600000,3317.60000000,3355.27000000,3269.35000000,3277.20000000,62741.97280000,120,120,False
1734969600000,1734976800000,3277.19000000,3384.60000000,3270.91000000,3336.02000000,66909.91670000,120,120,False
1734976800000,1734984000000,3336.02000000,3354.50000000,3297.52000000,3338.21000000,30730.76130000,120,120,False
1734984000000,1734991200000,3338.21000000,3459.88000000,3329.66000000,3423.01000000,55537.19380000,120,120,False
1734991200000,1734998400000,3423.00000000,3466.99000000,3415.61000000,3422.53000000,29845.82370000,120,120,False
1734998400000,1735005600000,3422.53000000,3426.40000000,3377.13000000,3383.34000000,29349.47330000,120,120,False
1735005600000,1735012800000,3383.34000000,3398.79000000,3358.19000000,3396.94000000,22712.22460000,120,120,False
1735012800000,1735020000000,3396.95000000,3434.97000000,3387.30000000,3423.98000000,18441.86330000,120,120,False
1735020000000,1735027200000,3423.99000000,3426.81000000,3385.02000000,3401.22000000,19246.19300000,120,120,False
1735027200000,1735034400000,3401.22000000,3416.65000000,3385.98000000,3399.51000000,19041.85440000,120,120,False
1735034400000,1735041600000,3399.50000000,3416.04000000,3389.93000000,3414.56000000,15668.12680000,120,120,False
1735041600000,1735048800000,3414.56000000,3456.26000000,3395.59000000,3452.96000000,28172.67430000,120,120,False
1735048800000,1735056000000,3452.95000000,3510.00000000,3430.73000000,3493.07000000,56554.46580000,120,120,False
1735056000000,1735063200000,3493.07000000,3519.00000000,3475.48000000,3501.75000000,38026.26940000,120,120,False
1735063200000,1735070400000,3501.76000000,3539.65000000,3465.02000000,3465.52000000,30615.86360000,120,120,False
1735070400000,1735077600000,3465.51000000,3493.20000000,3431.99000000,3489.24000000,25244.43480000,120,120,False
1735077600000,1735084800000,3489.25000000,3505.00000000,3478.00000000,3493.18000000,12650.23300000,120,120,False
1735084800000,1735092000000,3493.17000000,3495.88000000,3466.26000000,3473.31000000,17671.45120000,120,120,False
1735092000000,1735099200000,3473.30000000,3495.97000000,3458.00000000,3478.23000000,19781.03790000,120,120,False
1735099200000,1735106400000,3478.23000000,3499.00000000,3469.61000000,3492.20000000,9659.23920000,120,120,False
1735106400000,1735113600000,3492.19000000,3509.68000000,3480.00000000,3489.22000000,13810.81810000,120,120,False
1735113600000,1735120800000,3489.21000000,3502.40000000,3481.00000000,3494.99000000,15006.04090000,120,120,False
1735120800000,1735128000000,3494.99000000,3547.95000000,3465.43000000,3471.04000000,41683.03760000,120,120,False
1735128000000,1735135200000,3471.04000000,3492.67000000,3457.70000000,3482.57000000,24162.44730000,120,120,False
1735135200000,1735142400000,3482.57000000,3501.05000000,3458.70000000,3472.99000000,19101.35650000,120,120,False
1735142400000,1735149600000,3473.00000000,3478.80000000,3440.93000000,3471.00000000,18675.53590000,120,120,False
1735149600000,1735156800000,3471.00000000,3488.55000000,3465.77000000,3481.21000000,11607.56750000,120,120,False
1735156800000,1735164000000,3481.21000000,3488.39000000,3449.64000000,3467.59000000,13155.34640000,120,120,False
1735164000000,1735171200000,3467.59000000,3500.00000000,3460.94000000,3497.00000000,15532.16670000,120,120,False
1735171200000,1735178400000,3497.00000000,3514.94000000,3464.46000000,3476.49000000,23134.24490000,120,120,False
1735178400000,1735185600000,3476.37000000,3481.00000000,3450.45000000,3455.71000000,16355.86320000,120,120,False
1735185600000,1735192800000,3455.71000000,3455.71000000,3426.79000000,3441.97000000,18486.90580000,120,120,False
1735192800000,1735200000000,3441.97000000,3450.80000000,3417.95000000,3422.00000000,18523.91950000,120,120,False
1735200000000,1735207200000,3422.00000000,3426.00000000,3346.87000000,3372.42000000,58417.97540000,120,120,False
1735207200000,1735214400000,3372.42000000,3384.05000000,3358.40000000,3373.28000000,17287.18310000,120,120,False
1735214400000,1735221600000,3373.28000000,3373.28000000,3336.80000000,3354.19000000,24655.05190000,120,120,False
1735221600000,1735228800000,3354.19000000,3374.00000000,3328.21000000,3344.13000000,28191.57800000,120,120,False
1735228800000,1735236000000,3344.14000000,3365.01000000,3313.50000000,3327.70000000,31622.69130000,120,120,False
1735236000000,1735243200000,3327.71000000,3341.82000000,3314.01000000,3339.75000000,19389.21560000,120,120,False
1735243200000,1735250400000,3339.74000000,3344.09000000,3304.63000000,3337.04000000,21178.31960000,120,120,False
1735250400000,1735257600000,3337.05000000,3350.00000000,3310.68000000,3335.05000000,32927.22360000,120,120,False
1735257600000,1735264800000,3335.04000000,3374.72000000,3317.27000000,3364.20000000,22593.54900000,120,120,False
1735264800000,1735272000000,3364.20000000,3388.57000000,3352.01000000,3379.40000000,23037.04850000,120,120,False
1735272000000,1735279200000,3379.40000000,3392.45000000,3362.62000000,3383.93000000,15074.10780000,120,120,False
1735279200000,1735286400000,3383.94000000,3398.79000000,3317.25000000,3326.02000000,36515.28420000,120,120,False
1735286400000,1735293600000,3326.01000000,3444.16000000,3325.68000000,3423.09000000,61567.05910000,120,120,False
1735293600000,1735300800000,3423.08000000,3429.28000000,3385.01000000,3419.27000000,23173.55690000,120,120,False
1735300800000,1735308000000,3419.27000000,3423.00000000,3379.00000000,3387.87000000,19127.73140000,120,120,False
1735308000000,1735315200000,3387.87000000,3393.64000000,3307.83000000,3326.32000000,57357.57060000,120,120,False
1735315200000,1735322400000,3326.32000000,3352.94000000,3306.60000000,3351.05000000,33597.39780000,120,120,False
1735322400000,1735329600000,3350.43000000,3366.62000000,3342.20000000,3355.00000000,17984.72400000,120,120,False
1735329600000,1735336800000,3354.99000000,3355.54000000,3317.60000000,3319.17000000,16386.59680000,120,120,False
1735336800000,1735344000000,3319.17000000,3337.84000000,3310.00000000,3333.51000000,16114.97770000,120,120,False
1735344000000,1735351200000,3333.51000000,3347.80000000,3322.23000000,3334.01000000,14607.44160000,120,120,False
1735351200000,1735358400000,3334.01000000,3353.09000000,3326.92000000,3345.51000000,11631.31120000,120,120,False
1735358400000,1735365600000,3345.51000000,3361.14000000,3339.81000000,3348.02000000,9764.05760000,120,120,False
1735365600000,1735372800000,3348.02000000,3350.80000000,3332.71000000,3335.53000000,14203.58790000,120,120,False
1735372800000,1735380000000,3335.53000000,3359.26000000,3333.00000000,3351.61000000,13942.67660000,120,120,False
1735380000000,1735387200000,3351.61000000,3363.53000000,3337.36000000,3359.23000000,13016.90390000,120,120,False
1735387200000,1735394400000,3359.23000000,3370.06000000,3351.02000000,3366.01000000,14170.19970000,120,120,False
1735394400000,1735401600000,3366.00000000,3396.00000000,3364.19000000,3368.38000000,27093.17360000,120,120,False
1735401600000,1735408800000,3368.39000000,3413.00000000,3365.61000000,3394.50000000,20234.76860000,120,120,False
1735408800000,1735416000000,3394.50000000,3402.56000000,3384.13000000,3400.87000000,12930.04070000,120,120,False
1735416000000,1735423200000,3400.87000000,3405.53000000,3389.71000000,3403.89000000,9376.41010000,120,120,False
1735423200000,1735430400000,3403.89000000,3428.68000000,3397.04000000,3404.00000000,14993.04150000,120,120,False
1735430400000,1735437600000,3404.01000000,3406.60000000,3375.62000000,3378.57000000,12265.73920000,120,120,False
1735437600000,1735444800000,3378.57000000,3393.00000000,3376.69000000,3382.98000000,8493.60770000,120,120,False
1735444800000,1735452000000,3382.98000000,3392.58000000,3381.26000000,3387.77000000,5545.07640000,120,120,False
1735452000000,1735459200000,3387.76000000,3407.99000000,3380.00000000,3407.61000000,10084.49240000,120,120,False
1735459200000,1735466400000,3407.60000000,3409.81000000,3390.00000000,3405.87000000,12413.22260000,120,120,False
1735466400000,1735473600000,3405.88000000,3413.78000000,3397.84000000,3398.36000000,9200.58930000,120,120,False
1735473600000,1735480800000,3398.37000000,3404.50000000,3387.57000000,3399.39000000,9595.46540000,120,120,False
1735480800000,1735488000000,3399.38000000,3410.92000000,3354.68000000,3373.82000000,26049.78150000,120,120,False
1735488000000,1735495200000,3373.82000000,3376.21000000,3345.90000000,3361.08000000,15494.31440000,120,120,False
1735495200000,1735502400000,3361.08000000,3369.74000000,3350.70000000,3362.60000000,9680.45730000,120,120,False
1735502400000,1735509600000,3362.59000000,3368.35000000,3335.00000000,3350.27000000,14902.91250000,120,120,False
1735509600000,1735516800000,3350.27000000,3366.62000000,3326.17000000,3356.48000000,22531.22320000,120,120,False
1735516800000,1735524000000,3356.48000000,3437.59000000,3347.77000000,3421.02000000,42657.36760000,120,120,False
1735524000000,1735531200000,3421.01000000,3426.48000000,3403.52000000,3403.76000000,20974.85560000,120,120,False
1735531200000,1735538400000,3403.75000000,3417.68000000,3388.60000000,3408.56000000,18835.35440000,120,120,False
1735538400000,1735545600000,3408.55000000,3432.65000000,3407.08000000,3427.00000000,30589.24200000,120,120,False
1735545600000,1735552800000,3427.01000000,3434.35000000,3412.75000000,3421.60000000,24575.41460000,120,120,False
1735552800000,1735560000000,3421.60000000,3427.99000000,3395.05000000,3424.13000000,17198.36770000,120,120,False
1735560000000,1735567200000,3424.12000000,3430.20000000,3330.39000000,3336.84000000,39840.04930000,120,120,False
1735567200000,1735574400000,3336.89000000,3352.64000000,3305.00000000,3324.16000000,64164.12030000,120,120,False
1735574400000,1735581600000,3324.16000000,3408.56000000,3317.50000000,3391.27000000,41989.24870000,120,120,False
1735581600000,1735588800000,3391.24000000,3407.60000000,3382.67000000,3401.93000000,31985.65440000,120,120,False
1735588800000,1735596000000,3401.93000000,3419.00000000,3308.87000000,3319.26000000,47235.27810000,120,120,False
1735596000000,1735603200000,3319.26000000,3368.45000000,3317.63000000,3361.84000000,40749.69490000,120,120,False
1735603200000,1735610400000,3361.83000000,3365.04000000,3315.59000000,3340.60000000,29591.84710000,120,120,False
1735610400000,1735617600000,3340.60000000,3349.51000000,3332.50000000,3340.18000000,11770.67860000,120,120,False
1735617600000,1735624800000,3340.19000000,3354.04000000,3328.77000000,3344.32000000,9636.74750000,120,120,False
1735624800000,1735632000000,3344.33000000,3363.42000000,3339.85000000,3353.64000000,15217.83670000,120,120,False
1735632000000,1735639200000,3353.64000000,3410.00000000,3352.79000000,3389.23000000,28959.92660000,120,120,False
1735639200000,1735646400000,3389.22000000,3399.99000000,3379.57000000,3394.73000000,15577.39790000,120,120,False
1735646400000,1735653600000,3394.74000000,3442.00000000,3393.12000000,3428.37000000,37765.23640000,120,120,False
1735653600000,1735660800000,3428.37000000,3451.00000000,3404.66000000,3412.85000000,57558.77990000,120,120,False
1735660800000,1735668000000,3412.86000000,3416.35000000,3330.00000000,3363.42000000,47429.30800000,120,120,False
1735668000000,1735675200000,3363.42000000,3373.18000000,3343.77000000,3355.38000000,18539.11710000,120,120,False
1735675200000,1735682400000,3355.37000000,3364.64000000,3332.00000000,3352.75000000,15932.99790000,120,120,False
1735682400000,1735689600000,3352.64000000,3352.64000000,3328.47000000,3337.78000000,15073.29480000,120,120,False
1735689600000,1735696800000,3337.78000000,3366.40000000,3335.84000000,3346.54000000,15032.58200000,120,120,False
1735696800000,1735704000000,3346.54000000,3368.42000000,3346.35000000,3355.20000000,12801.27460000,120,120,False
1735704000000,1735711200000,3355.20000000,3356.61000000,3339.45000000,3345.41000000,7873.71270000,120,120,False
1735711200000,1735718400000,3345.41000000,3350.49000000,3336.88000000,3347.12000000,12194.57020000,120,120,False
1735718400000,1735725600000,3347.11000000,3348.84000000,3313.88000000,3334.64000000,27192.66750000,120,120,False
1735725600000,1735732800000,3334.83000000,3348.35000000,3323.71000000,3341.00000000,12427.53290000,120,120,False
1735732800000,1735740000000,3341.01000000,3353.50000000,3332.51000000,3343.37000000,12499.12700000,120,120,False
1735740000000,1735747200000,3343.37000000,3359.37000000,3328.20000000,3352.93000000,18400.61320000,120,120,False
1735747200000,1735754400000,3352.93000000,3357.19000000,3323.03000000,3343.70000000,16143.40890000,120,120,False
1735754400000,1735761600000,3343.71000000,3364.14000000,3333.26000000,3356.55000000,19821.45060000,120,120,False
1735761600000,1735768800000,3356.56000000,3371.39000000,3352.00000000,3368.39000000,17331.71340000,120,120,False
1735768800000,1735776000000,3368.39000000,3374.85000000,3352.66000000,3360.38000000,18519.93310000,120,120,False
